e1,e2,e3,e4,e5,e6
0.7737043872826832,-2.8842677446927141,0.36299496869353476,0.768990386496885,-0.43358811973731104,-1.0998097237116802
1.7370160972269164,-0.28273014851294387,1.1431795579622301,-0.73648856188144485,-1.6693092396601086,-1.2259025551071634
0.51406929356130926,-0.2545433750847082,-0.58224281528142263,-0.11853568632300861,-1.2109315279048867,0.24251353338796125
0.014784747094129646,-0.041186398687273314,-2.6971964556849803,1.5683294821787319,-0.46376483851626338,1.6211923343422587
0.58322097938322415,1.4609984723797258,0.40296585999368523,-0.46597384283097587,-2.4087998013411984,1.25671931881073
-1.8313416722620977,-0.49430139818973967,0.26991143524171457,0.48984526317250016,-0.064323589521349658,-0.93207781408473667
-0.13719949001934539,0.41784950505115342,0.41949492348131723,2.1552411436401449,-0.37425318448982786,-0.32437130234989858
0.47154753303147795,0.55303097448573191,1.0438985319998495,0.10482829844223074,0.1568031827779261,-0.41606038839139609
1.4712719467201616,-1.23464571521397,-1.3074784508692481,1.0578013100061741,-0.050060963396945588,1.0112831959619335
0.13267933559283782,-0.75482114243885035,1.550143030444183,2.9087596086722356,2.1972259745626865,0.52479242948420946
-1.610463462435598,0.88483610871096385,-0.73536357914482231,0.25536382959100218,-0.011884045816415984,0.7967597960543723
1.0832577467473992,-1.0198940063845283,0.29015661202812915,1.1142561959089652,-0.183776772611595,-0.91978531623545878
0.89319054120334307,1.5781803143331419,-1.2661553894377231,1.6935510837085002,-0.044251060901162299,-0.58507221118405439
0.66290168473577038,1.4158452634065546,-0.082538028384720644,0.92224912198116216,-0.87172069546350628,0.82729566184859749
-1.0781983056035289,0.62768912415891465,-0.83555683179110596,-1.4872153020237553,-0.40522034800576384,0.71142791418433149
-1.0956294361032579,0.6167154223140584,0.65572491470306049,-0.27975759791721216,-0.099950175256924137,0.3227234724422679
-1.6649976058121736,1.1458426785190179,0.076099886827745628,-0.73168748099151626,1.0907524260152406,-0.7364065219279714
-0.38179072295119965,-0.6380084314868395,1.215588955627916,-0.47079309960906102,-1.5337121699782688,-0.73199529980627787
-0.13228708466926051,-1.1011896232937171,-0.60926126196593822,-0.49039971479628242,-0.72493576869047349,1.6934214224691897
-1.0362981136096088,1.3667984228897243,-0.96035277380979422,0.17746330344425221,-0.34151914224671037,0.81559500371929916
-1.4135208608349303,0.65554091722794261,1.3239192903981338,0.16465420885989812,0.50690301860350373,-0.89258296342763388
1.0149245961367772,-1.5057403432553362,-0.32085840919522635,0.80468750858495586,-0.081502499548913795,0.93195458697484779
0.43123726233454512,-0.026107995940775144,0.36487793293714099,1.2127544981488674,1.1222327636397031,-0.33783117464189316
0.8305890842251672,0.65510243815666103,0.55871405189660361,-0.81850641700607363,-0.33270923648609901,-0.67612582785265263
0.28230257001284448,2.3206409961262389,-0.48103781906447868,0.59463965796668727,-0.96246652253846843,-1.3047032193291599
-0.7435456171379784,-1.1453622089482254,0.92805650413798835,0.16562424815397203,-0.24429272526985427,-0.67170883655637947
1.2791788023863435,0.082550863923975731,-0.78146542107236794,1.9869870937247833,1.1378751097016375,-0.39094299045159725
1.0921480077563679,-0.080219315690178081,-0.41982192285331482,-0.69429847901019826,-0.61394774578388933,2.0079325296097159
-1.3029191749771225,0.010020926978135955,1.1655550263645016,-0.63850674508929339,-0.61618670903120987,0.33684807670899952
-2.2925402765007945,-0.35694368482436839,1.8679029291180664,-0.74718362533199834,-0.79706613537558224,-0.46200923122600135
-1.3692589254639185,-0.95693459007542536,-0.89077149031637981,-0.41619064396492833,0.97494535582260089,0.83402772640235001
-0.97506928222614941,0.14737966033397398,1.7473118489464059,-2.1931204910057405,-0.4975254460919401,0.83665012357867341
1.4568836363141111,-0.10383796644677866,-0.27789146785992352,1.4085149037671163,-0.5117581980285707,1.5727862764456073
-0.21625637082961316,1.1225069594897983,0.14802093513942863,-0.38198447628487697,-1.0989859668435407,-0.7621294112699506
-0.077374151221296095,-0.76342644408027371,0.44146526993170615,-1.5746053616997053,-0.034401137844481913,-1.6346715627808608
-0.72333327317871421,0.71381729960544682,-0.7801351329611701,-0.89602197935595917,0.67234190316645848,-0.5340707720700455
0.61753762613001228,0.053072423283524725,0.27553624546990202,0.90896022239197538,0.039494212498966889,1.0975418846038583
-0.98103133269433773,0.88482083722847515,-1.006341639010228,-0.8578223022755469,-0.93836726182715025,0.4213970702644082
0.20333485297699866,0.61856357980047916,0.063075770616715987,-0.63775968985237663,-0.23423936993869091,-0.96779130297648552
0.46665140818135564,-0.17057640516684014,-0.19785623046801176,0.85100615566206694,0.16967122495831569,-0.74982757356636587
-0.1609378694584368,-0.4958581232916035,1.5138556861032622,-1.1214123392328939,0.35000700763214054,-0.41180811544461488
-1.2542102902399765,1.0952650996014623,-0.12375667718025819,-1.0523544478956319,0.053313386800205802,-0.42549054896603289
0.17372910517184811,0.48747862921038349,-0.85552042411124452,0.46115984078520522,-0.88544493276612746,-1.2313458919088545
0.47098934615292021,-0.54543660947088157,-0.79588403927496509,1.0387280758377917,-0.78008632269685174,-0.70336555621575636
-0.64590759985604695,-1.1819926464609667,-2.3659832004249468,-0.46973787283827156,1.1796132166400652,-1.3412944320217421
1.7610596818459308,1.4997745993851705,-0.68713891943366834,0.74946524102503453,-1.0468465419948656,-0.41847997332060594
-1.1192753862689868,-1.682663447195085,-0.15376743971077356,0.67245841303543441,0.36997965206938205,0.58017456686506941
-0.78536593853459202,-0.90197140150958977,1.1752160426226304,-0.48662229325195322,3.6601915164810364,-1.0871717212542149
0.16951148716007322,0.56047575048760068,1.1963516875063334,0.58460415433337298,-0.26107891744520362,0.021817768870051227
-0.016362425077633368,-0.23073314088660637,-1.2566109953181364,-0.7147049512644511,0.67004596579828379,-1.221075797450405
-0.28401691069693202,-0.33915207861766578,-0.864338055263833,-1.2162554752089529,-0.8438602884091132,0.41567504848361492
-1.6037896881194822,0.87758806757687036,-0.28523054154213467,0.25940671967461815,0.5307784138944226,0.82276639543070995
-1.3432684692685095,1.3960428452687756,-0.59675800305020554,0.74454168538653731,0.57605458990115821,0.90155726762234889
-0.31992528867112535,-0.85311810422355616,-0.3891683511137588,-0.099746008499375871,2.1862482589477081,0.16069407524950857
0.55482814853740026,-0.69775860575121296,0.040919605488219199,1.6500095247839421,-1.5945612820350752,0.34467795701939868
-2.6520950598406543,-1.4560478872537863,0.17637606556700958,-0.57894543080380667,1.2122399611007872,1.6496488187917546
1.5272446598082092,1.8546616445025481,1.4481093537788945,-0.14422917508094632,0.10077998849895767,-1.4559928509334166
-0.57902717272375637,-1.7902054109271248,0.22297230525835265,-0.041168264007409985,-0.27144839645453245,-1.4572633589608694
1.2193950278359431,-0.5341393442316571,-1.354464260422479,1.3039432775742874,0.47409204555357604,-0.87640045531384547
0.57552971820262677,0.27744280935064375,-0.069878635744872075,-0.14616064162237574,1.599158680945413,1.8279467197473607
0.12610293250735469,0.04646328253806236,-0.43221206874424095,-2.0841536510028495,-1.5225869683967623,-0.22926515562972224
-0.62362792367852005,0.60619656538534927,-1.0871303041864582,-0.40915761057615263,-0.18652918984943798,0.16969431308103189
-0.44821267208907312,-1.2233921937077195,-0.95995047741106398,-1.3053755613866878,-0.33391521055671652,0.36146719556612655
1.1531230065880833,-0.74240508463439026,0.11129509931939606,-1.3084319710816359,-1.803771118484119,-0.64814026649846157
-0.75804580569657909,0.49620474205178933,-0.5276874282667473,-0.53948317711794669,0.0026594703460683287,-1.5751683019923313
1.6925613378008031,-0.39270876215604922,0.62314299140910434,1.0417081567535904,0.86305880985895911,-1.732734428127561
0.20979887692337121,-1.140579689791055,-0.55080883326424834,0.48344511214234248,-1.5285442997979157,0.18942974283874625
0.92162943551706011,-1.4076054820589319,0.4265932030124332,-0.23134534716989175,0.087786272780444638,-1.381131110696157
0.34952557810881424,-0.27104284043206761,0.48476128899687493,-0.88385181284726666,1.3332794365290892,-0.73343457211075691
0.39438327193033496,1.5148304475808667,-2.4528858970676972,-0.42716558226253193,-0.25770674068374672,-2.0392560225158451
1.1422238851779503,0.28049282090149469,-0.16811661016648033,0.10431388830763295,2.7894092795593455,-0.80245123446780586
-3.2884595870374871,0.0052225465069938018,-1.4023652758681235,0.66938641440804547,-1.1852757567983572,1.7533265606053376
0.95965995082103728,-0.080397030817848159,-0.013028181600237951,-0.50517523312793833,-0.73287866409993907,1.751675774649184
2.0157623539786056,2.0698165186980644,0.81477761580444208,0.8189038411616415,0.66008083849349197,1.4551438624273771
-1.8959501872408904,-1.4695349290124757,-1.0260121973614673,1.722982843095378,-1.3624715660707249,2.7237472127554527
1.5735595567513365,1.4349388110269072,-0.71940177761974422,1.847217232915259,0.36900263875948341,-0.26336792666395042
-0.016575783474880375,0.80487640258854809,0.23244086816288764,0.24759608147532577,-1.122300747670161,0.94674430264412712
0.23272365777266693,-0.31631239205009176,-1.3616366899478238,0.039250434328158869,0.25921381791789599,2.1109088391530961
-0.065007072925789888,-2.4377911812099193,-0.46820963626857004,1.2076264696414389,0.72964824716447652,-1.4147280818407271
1.1828560706180344,0.42799490226499914,-0.67372357799390548,1.6474283059499781,1.9820237808196086,0.14906183279652757
0.17911743080508513,-0.83165314419426539,0.11202003612991347,0.09299536498356771,-0.076558118988576868,0.018553551739801458
-0.4317944890274994,-0.27492060097778487,-1.6954560820096896,0.0075388951623056623,1.2729396885325823,0.73513378705545551
-0.35455433602412278,1.1293022842352003,0.4756957410704391,0.090988552284189436,-0.24113957781139012,-0.24164415022872709
-1.3427313241389724,0.091200803727684049,-1.1824697713802219,0.21244834826048034,-0.69968657284595215,-0.034674574134034256
-0.015975549829362636,0.41837875384590062,-0.099315707817574178,-0.26020111354611508,2.5158288260620383,-1.1767746322870352
-0.73801785911648055,-0.030087424917410212,-1.1290156921565788,-0.0046202617329698841,0.34431735674904645,0.08387684040656293
-0.34618132164277676,0.68722053235553193,0.10677077458019171,0.81414021418068849,-0.37076882992732746,0.0016869159787359167
-1.062138810817908,0.28493159018224962,0.19327693303837265,0.18075011450057948,-0.041772019119682972,0.89645137364294525
-0.33849172974534764,-1.1695933395499081,-0.21194868389310315,0.11338840591400715,-1.0340860318062213,0.47147626177601809
-2.3470823664289266,-0.29382597766152518,1.4837058821628917,-0.5498819523151115,0.91819796973656631,1.2381257613616903
0.73989323620630809,0.99963825627140479,0.97463938224059421,0.15362383287716902,-2.3983953246240235,0.27874859939189717
-0.97962190720275877,0.26684724258996673,-0.7178258469747848,-1.2501847555170296,-0.12363692640744356,-0.13934699252403188
-0.71730076239715801,-0.096960245997394084,0.69631953259370394,-0.39748629249444217,0.73581767654220365,2.4247569363113102
1.6166347282892906,-0.42824074537260587,-0.3512265509430233,-0.93531091435419034,0.69967523892422367,-0.99307442225958975
-0.64926506346639301,-0.71324878784148082,-0.19380125114238791,0.45727027561674849,-0.85748117928994316,-0.85441766619430948
-0.88437080157929426,-0.39028461990852642,1.1041572898192529,-0.69669362377167265,-0.18353366990026004,0.97358029547645586
-1.4686145790031029,0.91584720518815887,-0.48411068271870222,0.71315056620365724,0.43895437130998705,1.1470037499992256
0.46771670187401043,0.56964690947039176,-1.1842648481917879,0.86805584440826045,-1.0970131569779318,2.0086861277386747
-1.9982404300660555,-1.5449390203972293,-0.12553226854592348,-0.6450854010329693,-0.79794852152853679,-0.31561864721077321
0.11007338758700483,-1.8893820585304451,0.53672445546859027,-1.404542255860677,-0.59588598383218749,-1.069268974823341
1.5222099477735906,0.35964646228166874,1.1721141552700958,0.50366334929239165,0.078226782997974864,-0.26184083544490783
-0.21575111742062592,-0.94896892846562142,-0.65090068947343893,0.23022985267126067,-0.7919494534428454,0.59368092800322536
0.39047423993345542,-1.102305175322251,-0.32794294854759953,-0.74356221240806919,-1.2656414406808123,-1.9927072011037941
1.665133513221897,2.1091150072335747,1.1780124022716245,-0.31762515358325349,-0.69375567785879966,-0.53948520240253617
1.2476418012178341,0.91670309953014573,-0.96146775436707832,1.5081900777205508,0.49401948809858476,-0.046833651127579042
0.14076143393332929,0.54538697033812766,1.5031354179283518,0.6127359251082285,-0.79369663292807635,-0.14764993670873378
0.0054273005574276304,-1.1402293660335048,-0.44175994673918562,-0.45601969184433672,1.3637987957203688,0.15858182650953387
-1.3874688436110931,-0.53347468711988033,1.0329632291470459,0.44341997388356785,1.9697785913441106,0.20455816872389665
-0.20213443370226999,0.12557922670745564,-0.84956999650078413,-0.17412140873370466,-0.27237885519799382,1.0528772094413785
-0.22384764468278281,-1.0046129730385274,0.19268638677323532,-0.30607713303818862,0.74542225682663199,-0.25996839648572967
1.996460803474378,-2.315380874743544,0.10660825882777988,0.37710232251575382,-0.88337205077765291,1.989341474492669
-1.1741550361639297,-1.1065109997157423,-0.51102742692919467,0.91285335912815635,-0.87218515501828764,0.7417133739145384
0.72621787236294433,1.2398570942470826,-0.91638229163137641,2.0822624801050273,-0.43772913746303782,0.49277387224119323
0.69099067602831388,0.52882921562435337,1.1445281755593422,0.10454920367911477,0.5669725292315051,0.18384669595729564
0.12522739897357318,0.22601792661938455,0.7536307557794959,-0.30302364802666409,0.34426367068949554,-0.1282631411795476
0.17480510869043558,-2.2201911208485665,0.068874707326781442,0.48701843593745475,-0.36168001000946687,1.2481672020812968
0.88191999489185602,-0.57676676810566474,-0.42076626768676834,1.1937760264950641,-1.9456550018717351,-0.23350439649393076
-0.37993873716668813,-2.0186163597868814,-0.19171583563715999,0.087134785848916249,1.5344826420612709,0.94779662093241601
-0.071956886649354443,-0.62071858771811517,-0.74389068710544393,0.67240643395484478,1.9598238576401108,-1.3905908874625554
-0.83221150049487369,2.3802331041871438,-0.45712979629699713,-0.54814529551233115,2.460877160477259,0.20797107724027905
0.79818406176064405,-0.11904742880145019,0.68550823777100012,-0.85973573900535216,-1.0240808978741027,0.37293896258678905
1.0713347888332709,-0.74598682514760706,1.0683492564035291,1.9313655796000559,2.5234872557879018,-1.0493084928653778
0.14326534139976402,-1.075649591591274,-0.41485549506835923,1.0996542360820685,0.51450078227283325,-1.6079789888861775
0.38945799995372932,1.4235992259339307,0.8324209244305002,1.5712980358810817,-0.023866627325571134,0.16871882038141606
-0.19747534653818605,-1.440002562514944,-0.9741298234734953,-1.4148305954807936,-0.49535574764319368,-0.27319400849956005
0.2626225010945713,-1.0917332785307488,0.49687604996887286,0.1380026560690186,1.4903677787533671,0.41198551790606525
-0.14717823145154932,0.21436880879803544,-0.096269326890031093,-0.13395944195802828,-2.6797471711375964,1.5059636392095843
0.69400116273020884,-2.200122408065349,-0.17498635042075855,0.78024970397055105,-0.76848471672441698,0.45184046350118762
-2.4349580870278431,0.33593515110056266,1.2411528309007926,-1.1622883726021656,-1.8199745146917738,0.93061502504162519
0.53183689026300551,-1.8671826217664893,-0.02826084809165727,2.4359239310139462,0.5103794049021334,-0.049190061312222914
-0.59049321863733584,-0.057347805014724341,1.3748890547688852,-0.77970442215669122,-0.77042926654683153,0.25389762645216429
-0.15716675552748974,0.66035022435921509,0.13488345439976565,-0.56873981475148239,1.7631524259424636,-0.023929766958420265
0.66776894321013647,0.40400368368250561,-2.3601472075879402,-1.4557577472013079,-0.7676747780812847,0.76989367209686077
1.0959047285415446,-0.19553480446847141,0.89868853253459235,0.69104136707686104,2.3356505053378411,-0.90939541682402425
-0.67695501618045906,-0.96866678309847853,1.6980025201556677,0.28879110411652215,1.6518019789839216,0.31115895626539558
0.47237597811996668,1.1823834142818528,0.24818249043315965,-0.77439975557941321,-0.31563120659100946,-0.19027357780921791
-1.0195360851125173,1.1552150673582533,0.091413964722971613,0.32954113289959808,-0.27686690178764162,0.38650705404307018
1.6592332298650638,0.0056062037338021958,0.16901006991304809,0.24057497024091029,0.34296923286615133,-0.57450518199929657
-0.015432970026142107,0.1527749152779013,-0.23263346700266196,1.7746170612206684,1.375575595763556,1.4128186675206635
0.16929707950350126,-1.1983070478729063,1.1109177863436714,0.34329524648926724,-0.0026227825983942909,-1.094681757220497
-0.47986003829440022,-0.33318021545134591,-2.009649994416201,-0.44732899189147973,1.6485519716616126,-1.1342511959920294
1.1540589984790608,1.6648405832377386,2.2343814736394534,2.2837473104343191,-0.40090087453918299,-0.50405862558655268
-0.0072008844317609025,-1.4311477413206715,0.72759118954659552,-0.71311785182229914,-1.4610016936928165,0.51423978801417369
-1.2695360217399034,0.033802055067399417,-0.077384222723871784,-0.046094185991989299,-0.74606973601028481,-0.35956230766562958
0.040693534778295286,-0.81114995804542822,1.4264361569865704,-0.31549688685232968,-0.1535499518799576,0.82304658853485924
-0.028590702662954014,0.771638918865723,0.29825813673819274,-1.5818292002608629,-2.8652619045377237,-1.0586798486161622
0.087398406694967776,1.0278132159455475,-2.5066179489768565,-0.038314745930174705,0.29631366276382987,0.27215368864212336
-0.25699177682738017,1.0445282157252727,1.6933974294057079,-1.1153958487438251,-0.83043554985191559,1.3092661723138315
-1.2609473526293755,1.0611132618723755,-1.7881868117877362,-0.73977743161517606,0.14695499460216727,2.2108058791004561
-0.29825744467284898,0.53186754235442391,-0.35703786952188121,-1.9649271328059936,-1.3734183376839035,0.44966533998301211
0.81650972784063325,-0.29619135304063993,-0.39860836173797498,-1.0386326595751239,-0.029270488350931788,-0.12333918957771368
1.8109623925382239,0.61032300525372307,-1.1693678457455949,-1.0057589502169599,-0.99137424574138289,0.24977122439949254
-0.87529549430258513,-1.0773003421905356,-1.0276392753385524,-1.010690792022914,-1.1665763135194671,0.19565746292933311
0.21103292899157744,-0.4923276562960055,1.4988712994757596,-0.038859960584794934,0.48093641197518949,0.24143136778176172
1.5208733799372411,0.27236082242882598,1.3839553605290567,-0.1788159726200777,-0.060853589603354227,-0.60409138853888533
-0.021826225015624916,-0.34247462678011387,-0.51053650077886792,-1.4788970955822112,-1.0608541436419614,0.40311324557641132
-0.84295466763637095,-0.30063851803924452,-1.0668380305325504,-0.72252404439784101,0.38226783844269879,0.10374776210873406
-1.1867336829023751,2.776062036664749,1.4557519055201391,-0.35691254662899297,0.45969812409062927,-0.26314183191886925
-0.36385988747236037,-0.39079366189716508,0.53816363577768389,1.1405873351423763,-0.28044582819575625,-0.56192050912193814
-0.45508694955500884,0.24838967523119762,-0.74243931233642024,-1.809240141086365,-0.33122850534348447,0.92301763367070111
0.69568147270423886,0.45797434721540992,-0.2465347328700942,-0.70976169840890302,0.39485174347545759,-0.30002813757543428
1.7949078335759392,1.5954242675201935,1.2530143574753561,-0.6824582108222107,0.8308931927140899,-0.87852029195300507
-1.9281904379507073,0.58602125996559051,0.12763610816101242,0.75905367675330615,0.42348309677815826,-0.24711295999847091
-0.10049438382033256,-0.35669444168558584,0.66157755515414585,-1.0439587045308765,0.095435204674371457,0.81707630250047791
1.0743632308218032,-0.60702136041831567,-0.34603372787920039,-0.18857632514530417,-0.49629401720119609,-0.19760626127414799
-0.99945838773205198,0.18220216767398076,1.7427353428307331,-0.68145176905442628,0.5146894576240848,-1.3279113149779989
-0.028905946878348219,-0.062834143456902705,0.64225514124839833,-0.32784417038207819,0.13425524495052468,-0.03598695430770503
0.10422641983526316,-0.010284496050458211,-0.34395544180369986,-1.3634862229803151,0.21298843200825229,-0.55210023405629238
-0.011216498552468751,0.52851489805610485,-0.12252771582131305,0.7122550102735713,-1.0544864527956033,0.25280835169736232
0.058236889929209272,-0.74097211561546716,0.54330317688649754,0.3005723800755406,-0.61318345584741862,1.8096228195417599
0.8390881906661638,-0.29327234412920189,-0.017147945503534889,-0.65766547637818773,-0.15766121590615842,-0.12159955916341582
-0.35905705229455603,-0.6375254517022314,-0.88772291975407591,-0.024026857871230125,-1.3548358695153091,-0.2853100993142198
1.2528261897853379,-2.1378474943972932,0.95990111393353528,-0.23954432145078472,0.48474946233576299,1.7832744948326946
-0.56600088534280069,0.71419731444155954,1.7184708034929386,0.080914340405850119,-0.312313369164258,-1.1931529301716632
-0.80243749543100762,1.0251360918002037,0.071103368981968354,-2.371391251677021,-0.23534312613891528,-1.0955654258846774
0.87818328644160515,0.39572086023131364,0.65954903354917016,0.93425344994874115,0.91193329709084259,-1.7497592793588146
1.3015046410037396,-0.84274664969730206,-0.60078465553064875,-1.2500936864379424,0.095548652263416287,-1.2539184880623511
0.4745542251854345,-1.0165590011330603,0.88886332531168433,0.1947586369171081,-1.7946163928254641,0.8625265527706234
0.029177461364836815,1.12009031712253,-0.37325567300486073,-0.81256903194952723,1.8721663723066726,1.015947308362793
0.64117231205196967,0.5714711762681306,0.18106134185026335,-0.68779468277236233,0.37034917668823669,-0.52758084524346749
-1.1273014499727096,0.83530654832535256,0.54939982417192579,-1.4358908982157499,0.45901978482723627,0.66512987976794891
0.17587633224264279,-0.069675762040369391,-1.1704921839905209,1.4470674025844845,0.014734601992696534,-0.5181446130224403
-0.47930172696797668,0.7712020737782006,0.48593287690498149,-0.26294165356811144,-0.73964658503098135,-0.8639607590199021
0.65297163043669337,0.38227048882155096,-0.018801241744348784,0.16239319058809401,1.3162284693264703,0.96133989032999034
1.4790369055872417,-0.078201066087384918,1.5376936622933122,-1.0442928495275272,0.64562588725558334,0.47444594589344835
-0.67088338069374287,0.28033075368188642,0.74761164487477905,0.28291933310175477,-0.62259958558881801,1.2815143186203424
1.2108685824442671,1.4037307892704391,-0.0045240223746351397,1.1030026826478077,-1.0099090300106557,-1.293109088810743
0.44199874306008741,-1.3302190930843605,0.20529725575541152,-0.63249730258818049,0.71567247900294517,-1.0344854369612586
-0.041134125562242954,-0.61194285632763645,0.64935351724763024,-0.74881489167592175,0.97543622277201736,0.56434014966136514
-0.93938060729716311,0.70562700733310268,1.8378034964846106,1.6334204520200928,0.23168969925778365,-2.4141208008092492
-1.1445157300657793,-0.99856431455026617,0.032110441801566816,-0.23925931741956785,0.98022135271331789,1.5521076851146296
-1.6543954136444463,0.38049127029191371,0.18240895788845338,-0.64080684532851528,-0.096782050636330941,-0.69618325738748688
-2.519691945543141,0.56329532991281139,-0.52238578472855368,0.4453452315240925,0.237350177190297,-0.24695129197416091
-0.50410535788197275,-0.30521678727900414,-1.8519157168598726,1.1625854178355153,0.75773605577012193,-0.31543138108640562
1.0306752021873562,0.52217173897825453,0.6715051210684706,-0.64296722521783212,-0.47767401920865443,-0.040299255764211707
-2.026874793979069,-0.49741108015843544,-1.222012740154345,0.86619909696995157,1.7303731806082836,0.24290504863557824
-0.77108372509738132,-0.98670543665064436,2.075597801411698,0.80871958799466359,0.47043551066069222,-1.3574936706167342
-1.4289248503738994,1.4841002863323214,-0.70533236562839874,1.9038029130908571,0.10610099650725313,-1.0355908739042265
0.38087083025456669,0.88766125888349257,-0.28156812170068179,-0.38891298131643176,2.9110565955028695,-0.41101426763346649
-0.37895171796991145,-1.2705224761131744,-0.30271321273501178,1.4140200338087472,-0.21641348454710685,-0.0072697768275660005
-1.0162792000733325,0.67107114741629148,-0.11402643095174694,-0.18827879437126227,-0.73042631067002572,0.25560952124534875
0.19082909818705102,1.4471769245858823,-0.83370973432802009,-0.79621074450900076,0.59940873947277706,0.69538448857035451
0.98454703928193621,1.1963813246677906,0.22811433986563373,0.71989910002370805,-1.6178911750883258,0.073119721330886456
1.0442612431336187,-0.43848625763937549,-0.26723307215941705,-0.52004534228915278,-0.51455055158411778,1.0508969984237002
0.7408747886737137,-0.11519129759573275,-3.1705647052907802,-1.7748558097330656,-1.9192863021078774,-0.45348051847953857
1.9786147207579876,2.1844769244019413,0.41966910299265558,1.1662779135854626,-0.59989663476552424,2.0171400732047009
1.0681973161510261,-0.26754677669040389,0.75482031870338906,-0.74973427284895389,-1.792506576189671,-1.2199224463461427
-0.39694792512136828,1.4286896297187035,-0.15175361655101924,0.71525827595926261,-0.30747156789278746,0.2934980024675663
-0.21275308250981614,1.7125007032435977,0.40559331674472238,1.4308496084896209,-0.8562762482220615,0.062536049263050328
-0.97243698118297195,0.89725064395698284,-1.3201512421592354,0.2982398124468546,0.3843731355298261,-1.0075091570976169
-0.097800856562277702,-1.6099855637437501,-1.9703238361280717,-0.36547636865154376,1.0105037390256855,-0.50197595925376004
-0.22289778613376277,0.24740771289461294,-0.22348430504412431,0.96789253627122729,2.062655618680449,-0.81101847033244867
-0.37392842613983213,0.031333651443608092,-1.4342062621436633,-0.92494187640505876,0.36361959463655119,2.8085549640816132
0.9790058986029323,-0.24382028278366297,-0.61250081893348529,0.19248564023666509,-0.11611609235809539,-1.6824511162619253
0.37363891589962078,-0.37544904089653269,0.71041686770626378,-0.80800158094584074,2.2915060278700627,-0.46901780023125139
0.021921114868039354,-0.20221176823000672,-0.21637410525469067,-0.52225641603448425,0.33668440085554063,-0.76604879921484814
0.42927187498333502,-0.99018694848951994,0.049371918045006839,0.28524167515475507,-0.44802271909191377,-2.5463283573338864
-0.25403249257797889,1.7513352839702554,-1.360273085228596,-0.10745764283438614,-1.7658318725704738,-0.87896560352944608
-0.41309288158592711,-0.65116306174851046,2.1301228740890399,-0.099016282174128958,1.8352633052626139,-0.73538438810785722
1.3330291080278793,-1.5741651361488882,-1.3286768970083334,-0.56383344148489511,-0.20585129392519491,-0.79447044355391894
1.0790229102634725,-0.50552955330883487,0.13956048374936111,0.13349715857679209,-1.1622236689739229,0.99791437924078163
0.1139505584481217,0.51371165221888504,-0.63992928480479394,0.33833614067373352,2.2260902474845845,-0.027410728892810675
-0.95186078136398322,-0.94624416940197198,-0.74614976868939209,0.57447331226735843,0.6983773575273704,0.23052088587751468
-1.4242858819247441,0.14312172872955686,-2.2088259922666209,0.02319230891149068,-0.56934435776293058,-0.17629469729842531
0.88401058498316465,0.93762146485141529,0.23907897441483034,0.36623179194226174,-0.58694682571881285,-0.89653570227722357
0.16554949594485563,0.18558132213711459,-0.21164990938236483,-0.84049765347656613,-0.95597555522428113,-2.1213121227505431
1.0253646986300187,-0.66044241013349769,-0.016180668582381683,-0.50111131054363012,1.2550320483034847,1.0239566298871094
-1.0434598424352326,-0.24539584362540651,-1.1467322950732735,3.1269860174397222,1.8550357604291206,0.90881261639324684
0.50306776186969471,0.49118025228377477,2.7195530179102252,-0.16845407133588328,-0.25447337574211748,-0.74243482368787694
-0.96067528279076575,-0.90369625736023396,-0.77476847140379579,0.50212080179529106,-0.71411406664667643,0.021025925331081784
0.42638787994106681,-1.354978510976089,1.181271944842692,-0.45452270041536197,-2.0812518762666619,0.51049860182827922
0.53976765152242312,0.91403317508311943,-0.94330016795412641,0.11435196021899187,0.51305424976332559,-0.67148025198621042
-0.54021518949518876,-0.69503120449271427,1.0152402552394972,1.3116330842612778,-1.6330791816218855,-0.56498145879382455
-1.2277053547944541,-0.77728296695464072,0.81994940331944444,0.37980481234228325,0.85858827490533096,0.67277684566352469
1.7048126722657462,-0.20285874740309878,0.18220476803068286,2.0694729164388512,-2.0652388533593751,0.81116396479732056
0.93572786679308451,1.4182197940300751,-0.15349992948505395,2.3098575285303751,0.041776198816734778,1.1093050378874154
-0.90744947746740234,0.57136296909688344,1.2348562904289191,0.11358715278689893,0.82975126267151977,0.22422589839956472
-0.74989845271673339,-0.54669073424968262,-0.18748475488800084,-2.518233582750268,-0.21090043624334098,1.4757264881361307
-1.329230332197517,-0.78386110144602772,-0.31121944137671748,0.26027298230335155,0.77040866131548869,-0.37707667058958078
-1.4603246234904115,-1.5197888998512208,0.57454394903351214,-0.72841718664543809,-2.4976852239121823,-0.69752390612849258
-0.79163587180926998,-0.3258524451848796,-0.91481260673545339,-0.97587599068115605,-1.3296137466739595,-0.07685847602917889
-1.5296546621690197,1.5177932808700703,-0.45790772645607208,-1.034724314020715,-0.64530548883353989,-1.1189898402721454
0.31134555902243555,-1.1412944923115522,-1.6131225849742319,-0.0099589482956604393,0.17696460571752537,-0.33949983650257287
-0.75475597152828389,-0.063096877616558314,-1.3823205722272791,0.86149823276442117,0.53476308901805347,-0.29221670280556816
0.29853050097753786,0.36771786837421944,-0.45404614230275675,0.40464176402034274,1.4441811000777429,1.293182893673078
0.36108969354344428,1.0869373432601679,-0.27112061471322929,-0.86982353855310468,-0.18708712859052545,-0.28299894855515473
-0.85735486019194485,-0.43808625898229925,-0.71920543996801534,-0.57019496426481153,0.67884106533509714,-1.0562150945554956
0.30413363461692261,0.60582234938791557,-0.34665908673853818,1.3992821540919482,-1.1407220442382113,0.45626229101238647
-0.93187805614338481,1.0129895173579944,1.2517140268624831,0.48549639356279084,-0.82334849663493415,-0.68294570966825519
-0.56451398334113279,1.355394837517331,-0.44814027757844666,-0.85012876167529317,0.21126947045857652,-1.690314416973925
1.0348147351182184,0.45861414970236369,0.30898078579825899,-0.052741104575178784,-0.68984812719475952,-1.8170193232326493
-0.15032264076168908,0.93887151938921909,1.1684469838162934,-0.46630030202370115,-0.0039698239756776115,0.57267244741399526
-0.81940129097162961,3.1202724729384839,0.13328242137040872,0.85306183338765673,-0.065554955411167765,2.4340490595945816
-0.60924787358904497,0.78462819624524849,2.1733358477136417,-1.2767582333671634,0.098840831402715226,-1.3632741161120063
-0.41965572443972721,1.5330282528765817,-0.64476538797440508,-0.96345802112931533,1.1858171254756567,-0.94961441417309977
-1.2409931631166737,0.018660085238030491,-0.1348727296861883,0.032001582997849623,-0.2499113309061276,-0.74352809939741471
0.87375364000074085,1.7085641770956841,2.7538039375685406,-0.1766145472099267,-0.27452492022381503,-0.13526454510333361
0.60879842823142882,0.71144901981263409,-2.8149299701281048,1.8816026517252371,-0.31148911029295018,0.74276656287183185
1.3568658379766343,0.11071051258385543,-1.1761660408441781,0.42799112821195423,-1.3109328039590371,-0.64124027161888519
-0.18609305473783061,1.1303012882663976,1.3146876271205459,0.54369040302876237,0.35855255768170541,-0.95941184317242445
-0.22800227571030038,-0.35941752351331996,-1.6526742974664339,0.25358433175057321,-0.44545615441557057,-0.44932059727024554
-0.19184882905060466,-1.0681264084635642,0.094035720852804552,-0.38970991676091882,-0.90077294526875973,1.3802349674793535
0.17174788962548454,-0.30484020038099729,-0.17354753195463729,0.0092260219441342335,1.2187264252260011,0.17820812776644068
-0.49963886054253842,-1.1090630730911144,0.12856143760255154,1.3149203110547452,0.073337214965447706,0.063921429125678872
-0.66681179518621148,-0.56130465885233893,-0.12135993506312084,-0.13000170929319665,1.3184600464886089,0.33430545389624022
-0.38341795676470514,-0.619609830591618,-2.0574066804711579,0.76561709547447931,-0.88560789460335421,-0.5296116703018513
-1.6924306759895684,-1.1887456307285538,-0.3731222717913586,-0.65872021662399205,-0.15088889010329734,0.53655995126846667
0.56526576384369487,0.30580449876024263,0.59294251878605331,-0.32472999469247649,-0.84801692694322162,0.039026960180414037
-0.73715864286832922,-1.6780584343498974,0.44089521176969659,-1.4286539259577571,-0.36670061761452366,0.18561249799475069
-0.11421474510038665,-0.88090901245418696,-0.83595159122256113,0.21943980571207036,1.4884927062319631,-0.44518765118412001
0.12227586780483354,-1.5352311403940084,-0.53730687801477917,-0.18357248659208708,-0.0074880499089600887,-0.75705166659776013
-1.5185446264364713,-0.60012059115714145,0.48396039792757173,-0.06387977424989888,0.10793227575055601,-0.70242157141515871
-0.095183628957191929,1.0522074655960294,-0.42228975648262396,0.42541126357545611,-0.96401307023855454,1.1203844429791965
-1.0477251825171339,-0.98157354482265413,-2.7042443889518584,-0.2244805096693239,0.46700046318994415,-0.54113466370852603
0.5042366234266874,-1.7368197274249966,0.029957977498543224,0.12189611140501092,-0.58338808485809168,-1.3784267766589824
-1.3656367721410672,-0.060541205475090197,-0.52873976829910507,0.15158019332242889,0.3902158495927967,0.98242994671021744
1.6520014132639376,1.5094972553893367,-0.43783327903501218,-0.45719472798420618,-0.269867716576626,1.0765735369625673
-0.79049683690127892,-0.38495410529658375,0.55733257508882783,2.3774619459140607,-0.76999230198719981,-0.251803115599396
0.94719344360814273,0.041429919911369434,0.27610813907338411,0.56868150627088376,-1.141531281554071,-1.2650375015655455
-0.73182660910067932,-1.3626366889070403,0.58938981593717132,0.19543148345747802,0.71012942192543305,-0.21103484354670737
-0.6985362896936167,-0.19483492576667286,-1.2056584556523608,1.3153381236319204,0.096592969227429243,-1.0157454824442045
-0.93072020874028083,0.17716700680183087,1.3682440734084838,-0.29193258920180948,0.086612059438791175,2.532658087125879
1.476559162375539,-1.4168153873477549,0.28895051777479458,0.72810433915275863,0.28463987046263445,1.4258176148522332
-0.021880398895602355,0.29088922636173187,-0.7156072746901716,-0.8508928963196688,1.7436886418726645,0.23853070296684767
0.24241430984570639,-1.2110866240415867,-0.029432763912884453,-0.29733248919194466,-0.46535914210491985,-1.6588419105421901
0.46004752407196181,-2.4154142829175718,0.94119769886933158,1.6011084937884348,0.062405240922759113,0.10361715156728218
1.4151483563679323,1.3674971141346306,1.3066464055478413,-0.72181573972887614,0.53456752237878091,0.81524704857418639
0.058046758918371334,-0.35375956222737354,0.82030356710150765,0.06646479462873911,0.808870488388853,-1.8918934376759893
1.134083087779612,1.3994243386319518,1.001096696945154,-0.35467167056713117,-1.7960109123337804,0.13403682269782055
1.4175145137522542,-1.0608543973503759,1.3979051114932988,1.2211988158797473,-0.0737918815992053,1.4870774891797505
0.90237591448921728,0.094377162767334627,1.0198114160938556,0.13251320140889941,0.30772696811155448,0.78174298591866587
0.078112345040608849,-0.86889806556926963,2.4644719119601217,0.1755058973121745,-1.4732587963461277,-1.0854359304280741
-0.62363432891132276,0.51803531234813782,-1.5992874636308161,-0.75128662032479432,0.60316316571433581,1.1493439325757184
0.41879924630963106,-0.15068529466399258,0.31958686690309868,-0.98592368599373725,-1.1565194248977988,0.51752272655131171
0.015613950758962606,-0.1259560254163444,-0.17635618449686785,0.69313335355095251,-0.35656767623846708,0.47791101392865692
-1.6374092717809017,-0.0026555546891782406,0.061193643557658883,-0.28059890465012166,0.0053765172810324975,-0.5620885138885805
0.222349061589831,0.75535532189370236,1.2636184278801448,-0.47656265941374598,1.4472801064888103,0.51260692326624957
-1.6079819586223276,-1.1472467264142481,0.85991508829728291,0.90856258260516587,-1.8007412644225007,-0.69970614125705211
0.44689395553867228,-0.63419147040120294,-1.6461949509321656,-0.67146072438126736,0.54536827409911626,-0.12226185478541031
0.80759129464599244,-0.10367506019409298,1.0372295902891899,1.8259395700790444,-0.227014223505802,0.2001251683975642
0.16270884950202372,0.9697277704017957,0.93894732944088632,-0.36352293117836665,1.8218952452238966,-0.72783276219182846
1.0416322574286301,-1.8862470077541997,0.50308467991084682,-1.0886395232560313,0.24515809041456754,-0.20817648548047482
1.2208592561662921,-0.25024508348024566,-0.059747649274722904,-0.6967696129717742,2.241207054538322,-0.00089115133780942645
0.28315822423081038,0.1801007335372164,1.8216845834732143,0.3172916891377715,0.33743606966751616,0.53177926289370991
-0.3721765816201672,-0.58682649525979125,-1.3302355448931169,-2.0344696257184403,1.2476473659146921,0.068599201372068083
0.13718867595231998,-0.11086880796721636,-0.1499324477261372,1.6902378691368165,1.2565070347355167,0.078579072695488208
-0.61655156172143666,-0.06129720107859777,-0.23941952916784703,-0.6340038005195594,-1.608904499683826,0.27509574494713862
-0.69876727481330414,-0.96768152209726332,-1.1467091401283187,-0.14939997587412254,0.35456923943895102,-0.51242530968289679
0.37878243633110797,-1.1233625579512225,0.74756319330265764,0.26477166602660152,-0.433740890476144,2.1206776954417594
-0.40146857570559169,0.77275373602750019,-0.19639122501020356,-0.54498444503713783,2.3021399477406699,-1.074453783395422
-1.0730317947407866,1.2787597399934649,0.80470344789999682,1.3714262569563023,-1.322842722186605,1.443906056479493
0.48726663238961354,0.73721961338662878,-0.54209040958841281,0.13309249599736375,-0.24006598921102865,-0.43829499009093692
-1.0759952869117082,-0.25484706847783373,-0.48782969733542414,1.8000539781156926,-0.1190766378581459,-0.28710779961037636
0.58217699279212398,-0.21021116036146431,0.274414262950336,0.30870714364153418,1.8051745906350622,-0.63155420737406498
0.34702505064021399,1.2210571027835477,1.1794983813622364,-0.45294075128661387,-0.86613551779146813,1.5541906709043714
0.65625971830192142,0.39440284332974124,1.3759595894154328,0.24443789602271271,-0.77274615048253725,-0.29921289085971597
-0.39492728795114074,0.80504489480530417,-0.35105397466379579,-1.0334878184388314,0.65685900239286965,0.79361994334552588
-2.1219658969480242,-0.14099539343278794,0.21538409956652338,-1.7164996175861671,-1.6269496259423926,-0.4872837902365475
1.3482423415482052,1.3329442727951166,0.050082397449601815,2.5271983782961498,-0.88110198481108037,-0.72452362980954343
0.96179726193577608,0.54365131942502931,-0.99934521437866342,-0.71673962772802013,1.2258923199594609,0.2165240487071024
-1.87298502173099,-1.1779461159371467,0.93589259760164867,0.52840340247109407,-0.66559484115943257,0.51458262907047947
1.3833676375085442,-0.41812589002876771,0.02797770088646406,-0.027494968074336521,-0.056930749098285577,0.20129381620843848
1.6265797196662959,0.17199294166497259,-1.3734442373173248,-0.52183940068871126,0.45295345185323854,2.3113799091302858
-1.2033588236948065,-2.0235206247011335,0.87073954261364572,-0.71320295292331581,0.22177719454469497,-0.78443405520951681
-0.25552169041586498,2.5263415972801551,0.58549492390851654,1.8427474838043854,-0.38122870718001678,1.5713119174629757
-1.1431537600752852,0.89901482685267242,0.41422040998609216,-0.67865214468582136,1.5054092742359331,0.36493847107654354
-1.564907162686598,-1.1815032335392806,-0.59298879943436211,0.44045455162914116,0.53324891649580652,-1.1867932232692759
0.51179712537635325,-1.0543686036198285,2.5443357349324427,0.25884600900018895,0.44037117152136263,-0.12707207632244394
0.19849513868526955,-0.69575569383121993,-1.4689050989998447,-0.32219048013622148,-1.4736569856012995,-0.21945667765595667
0.46093928480456264,1.6261928160442727,-0.63816647185409892,0.13559744793524356,-0.45215277894845124,2.5926793551539373
0.58264774952517073,1.6440901552670584,1.2577999629343892,-1.1884995713341668,-0.69066371205164856,-0.47521737294624394
-0.27130782433059775,-1.0953986311952726,-0.12608397064699872,0.2006628713638022,0.73942570746318725,0.5963051876324903
0.1665908968231995,-0.57909568073518514,0.4000229701827307,-1.6940783108628028,0.8336265138848461,-0.072008090377294331
2.5773939773201122,0.70612568404885001,-0.086083603838262038,-1.3980582523618941,-0.65998899711430503,0.068696628509913107
-0.1097272503608777,0.8209035075508534,0.8666361745296447,0.51855842982435973,0.87728833361550262,0.71856245400112617
-0.63001555863819092,-1.5174375906343094,-0.28616179204045261,-0.12730199720162105,-0.8778497164420922,1.5523722783492451
-0.71070569792846705,0.62351451199613417,-0.19890100695645477,-0.1637071381787277,0.7063072117625776,-2.3287707763867327
0.29371793444249766,0.9712701026507039,-0.25516791402591016,-0.86425471259698494,-0.1773987136867903,-0.88930445402152214
0.96421997217438316,-0.37922716274824747,-0.94966883088058518,-1.4792403674279171,0.24373398327168433,1.0065718038302702
0.85414541252609277,0.53264909143794292,0.7093735189658561,0.18665206688705435,-0.69149509582795465,0.61417584298928041
1.238793712933931,-2.2050263115869053,0.23048043252423581,-0.88736457595697138,-0.73730588236284145,0.80902261484355853
0.70079484390998548,0.79021831488775041,-1.1344030633092996,1.9054024882991434,0.99780824982864813,1.1806459683782746
0.96163649241295235,-1.6349549735761419,0.015673198287518741,-0.45561369036585514,1.1979824793993508,-0.51356946827754613
-1.0133468941002901,-0.19455410513973292,-0.67074161138847721,0.33033270470275256,-0.3111534713951436,0.59402391867389182
0.89165468721059205,0.01615015764364628,1.7420407795482027,0.97870559606920626,-0.15218341601344293,1.2169981164283112
0.84707133090939823,-0.86557394448157621,1.1689915094337098,1.650305985616171,-0.34383678572384402,-0.16453497482342008
0.32652776470244149,1.3208362614885816,-0.56617400575415266,0.059192087987741407,1.0729541821557036,-1.3905792304930762
2.1929990581773131,-1.2639591927325842,0.91895785294258925,1.8471894957020991,-1.2755371474550343,-1.305059076192812
1.6253036416604634,0.23789286961792994,-0.73952299903090568,0.79269779211314007,2.0233674792643015,-0.51490704107386431
1.0022528726229545,0.32545614108965876,-0.088814558558004658,1.8086827009711612,0.58580778552570434,-0.61703530080628854
-0.72882609682071853,0.35703285554969338,0.17525378791344753,0.057792506979378551,-1.4380386152463358,1.2179698191248767
0.011089806448557645,-0.79578884364136659,-0.6791840171671738,-1.384800538812714,-0.19691964612284571,-2.0262330902537937
0.19983671684120388,-0.22230407970327548,-0.96490188108633046,-0.087767998811467532,-1.2607190122327934,0.52861607476393979
-0.28927342086633723,1.5555500008368641,-1.5916806290308316,-0.017189235677577127,-0.59317326905788048,1.0878775261670601
-0.15090420450191844,-0.5543241709938338,0.91194363126860389,-1.2559194265885749,-1.1738826367908308,-1.33258067380658
1.5782382368279779,-1.1277500762521628,-0.43534542114228864,-1.1261822216200599,0.611549605644363,1.300560595350428
0.015441678053632783,-0.33367541372407611,1.1317397088686705,-0.02556801482484004,-1.2001355380339174,0.29005648186261451
0.4116133343240449,-0.80635888182519266,-0.84614998740701564,-1.3844813416167709,-0.810764971227109,-0.39286410291647289
0.93516377227036851,2.5791715221404861,-0.3102325301862468,1.2382733671369788,0.53923325791290455,-0.66488867721335021
-0.8225401574568576,-1.2993928614087322,0.77084714297675316,0.56937978384643517,0.23675724210816315,-1.0018573768201324
-0.8772700475681352,2.1080324320783035,1.1391629284395295,0.67801359467988831,-0.039332748149723797,-1.0815456207823828
0.092267016996864126,0.17945844148654694,-1.1285304242628555,-0.98953950743364849,-0.27901234734979025,0.1179361169462927
0.78204483610494868,-1.8365291611778862,2.1274594095258776,1.5244762051030181,0.40364891597845165,0.69674943712546722
-0.50633219362780846,-0.53938762885827729,1.2473629288135919,1.5329987556673332,0.10634692922351305,-1.4029260840282702
0.20850336038234774,-1.1499356877944515,0.386032073867214,1.589679537323621,0.55249501819326141,-0.90733324125433401
-0.30792812366797312,-1.6114397635612245,0.794713710303523,0.35715301962406143,-0.54234723923065509,0.23466927355556186
1.2406754796226656,-1.3457700483360546,1.7204795484164619,1.0422612348980056,1.2007520202479496,-0.23971064954831409
1.5407773725881055,-0.9152607210223942,2.2309988145439164,-1.4240062621903431,0.90756632042229946,-0.50353437361152653
-1.157907378633817,-0.051657741306925915,-0.041788853849355372,-2.8881369743746825,1.2034015590647194,-1.7903429456029736
0.53096551929267133,-0.47127706607977748,0.84112961484315529,-1.8806187649831105,1.2732972730748644,0.71351801181190633
-2.5541872486418709,0.84109922783044433,0.75431162398832252,0.82305265810240302,0.88766009914528099,-0.85683924737196726
-0.52078282058693548,-0.26856285858514817,1.3794715146911205,-0.53953915689172327,-0.32391143495331542,0.73665665845753003
-1.4747913431827457,0.24847452021947541,0.2152832541587886,-1.8546555459706706,0.8164295438152136,-2.3252371182306661
1.3216824793246866,0.026575380676063111,1.0146023908162878,0.74037752801970214,1.7780168984873923,1.544787930985873
0.81427415598509723,0.81378118037439351,0.9520090104331882,0.54224206892599047,0.75493124439444981,0.56433257417359994
1.0400777622278374,0.16369650926318521,-1.5249393751464533,0.089778282354693442,-0.5777175356103974,0.56121868106207973
0.39589649942812988,0.18808305910914819,1.3994603273619486,0.49509540861560442,-0.30649184410133923,1.4365460628856517
0.8168655254433681,0.47862966649981836,-0.52306244652779388,0.16037883960983176,-0.28607047523618306,0.55275058976792657
0.25707485018728299,-0.62167155356563175,-0.60949631623674738,-0.6971182124303128,0.13167485742262464,-0.6554564712650377
1.391752876427889,0.52619715319363491,1.5734093566149254,2.3181889951912811,-0.98890220394225836,-0.11112934922233295
-1.4238994441736736,-0.94101456686295304,0.10190537045391626,-0.24712663937611992,0.97298495905067017,2.4505372608029976
-2.036861258391744,1.4559015746407338,0.4772589922674268,0.00046348015017828138,-1.194671885380006,-0.34999587693202983
0.17664732122568361,0.26719859678208979,2.0912399738288587,-1.9486357416476054,1.7184238427200875,-0.50903961694184852
1.0817448308258579,-0.46529643226853312,0.7399373917704587,-1.4971229456266024,-0.29086903463300345,0.66399544742490801
0.7232586357465649,0.35120847414563394,-0.34591219931563061,0.026750264122577909,0.39510475294425895,-0.98806022151242401
-0.43584936845608097,-0.69093943501540478,0.6401520631272446,0.31289517352897672,-0.05646482629512195,0.75177891958175136
0.57680856929625546,-0.63270854329454429,-0.56670687801355313,-1.4126646114665036,0.052417286346805946,-1.565326800703253
-0.57400656964170771,-1.1934252612794862,-1.155129600390604,2.0128063683285635,-0.49653931208614754,1.3278652597201157
0.24268106163406888,0.4566676022258514,-1.9308462537631554,1.0557417938973483,1.1233943459223996,0.72024958476733103
-0.099684396429333313,0.17078825315735263,0.60116679800177775,-0.68199283024427615,-0.54074458280785331,0.23885613305319731
-0.2111513728989062,-0.029333080566878961,0.0010826731168061493,-0.23505189081395284,0.87854051386245902,-0.36314534071521348
0.55321369800235509,-0.58678181500440429,0.22176527804236532,0.10117155137818598,-0.62921820513501436,1.7201777939679836
0.47661317438979661,0.49963909225851311,2.448333753242828,-0.55857463271740593,0.62956846796729449,0.40312729033663625
-0.89071788349635805,0.63815927601612532,1.4023445393193457,-0.19620539515373153,1.894268112655676,1.6034949949301551
0.32405145298535359,-0.81753042643526641,-0.64744452493779914,-0.98096713721436002,-0.37144372213132015,1.2766775216968949
0.14269217554983207,-0.40650797992872495,0.26753036633889493,0.70639535019728772,-1.3443742701218662,0.081049489755261564
-0.38229887932496276,0.27884651055821785,1.8402306733226421,1.2774668729160936,-0.20176745390605547,-0.41992629742309162
1.9377874990940087,-0.5447133053980312,0.029521507029236494,-0.75224017611017346,-0.42175199605893926,-0.9255948782457305
0.90726672163425182,-0.47062129275289999,-0.18380572092741612,-0.68247962077827007,-0.75039430156264775,-1.8648750648480958
1.7548953775501328,-0.097590507797228498,1.5009234709869936,0.93922778610511137,-0.78137656874843353,0.26731095309041547
0.45875046365630501,1.871127623663996,0.37728562965405271,0.89383179229504806,-0.92420129137727025,-1.3922799883397012
-0.148122135921958,2.0353843957711417,0.35863823464828487,0.43281887294541171,0.086781343253903145,-0.58599490564587398
-0.2800336870271487,0.66698427504056157,-0.26993824000723632,1.0119047165976338,0.53078490310977644,-0.98816595047043143
0.049062216811809965,2.0510235360125364,-0.1611873582103821,-2.9837199822027003,-0.87620588402888078,0.42202985830455098
1.1875385195459049,2.0243512244297022,-0.059028030303775895,-0.37312440795940932,0.54126103164648398,0.056139133605611714
0.034005128170175189,-0.13464180685850494,0.22521553758118695,0.60023119727083263,2.6762387740941977,-0.5299768556236456
-2.4494893808573313,0.080524018459291302,-2.26312674736063,1.2418283244444992,0.41623313599866479,0.099248781821385343
-0.85080714057449247,-1.3186223792055094,0.96682453678391167,2.1900465948133951,0.5454285194175067,-0.037585675768491082
0.42041181080058965,-1.2348672386392638,-1.4692779072946376,0.88858693172034464,0.7372787040788652,-0.11938930746838369
0.6353762216656148,0.67825701570579955,-0.97704677701933673,0.42336513173530327,-1.1906808337804153,1.4104297476421055
-1.0100192138301689,1.8026840122905241,1.2997710489450245,0.9031227633641139,0.42460840878634154,-1.6519505979105551
1.3468271735084156,1.7009419561963277,0.61802991943848196,-0.97378289631634141,0.29824625514876185,-0.30588689780957967
0.0057586451909942887,0.26071491222948817,-0.63142043556712502,-2.1244383994662623,0.054855792676616423,0.77510402390148603
0.32590105594341656,-0.10538076313135311,-1.4511920498916895,-0.029025582317609232,-0.9298035973387021,-1.7510827947947634
-1.0428536691562029,-1.5967198709040524,0.66872856644400758,-1.2453051330839215,1.0855778181796065,1.178489339823438
-0.0025257975750303252,-0.24201100234684042,-2.1363852270318109,-0.83202353725187661,0.14472422220807069,0.88763766624619145
-0.99617107184753517,2.0330142373748035,-1.6824211476551711,-2.0392490552815121,-0.62847297389215595,-0.50400301628466371
-1.362690893299868,0.41313749911376113,-0.025496181739104184,-0.167673247777678,-0.37796830610600007,0.063595742639710989
-0.53791582886981637,0.18352694944836145,0.17956094089773203,-1.1759711486102991,-1.4983657441633473,-0.13051251777326831
0.12673631948872405,0.010952758903145733,-1.4071429398928663,0.68187604889131548,-0.55564246935163863,-0.20577010109573815
1.0857155305008264,1.2129676436665875,-0.43069321425184887,0.64900602515552186,-0.45686554768172283,-0.14337906278346546
0.37317109538532933,0.65346577947644269,1.1932181051980857,0.17215972107706182,0.53235922103791167,0.14978677766433413
1.5233327833740102,1.3705600633807928,-0.67111811532596222,0.57313920770614568,-1.464313969608283,0.019072999542730687
-0.4435808158830144,-1.2048494811401163,-0.85305444725074642,-1.8566689680460038,1.2453871614284309,-0.094318115671928271
-1.4844132081648285,0.60227996842236664,-1.4455894451653057,0.437021502111691,-1.896533536055738,-1.3544466312033701
-2.5931431146588388,-1.125973941238543,0.59250543303875969,-0.72752061089040243,1.1384562168834451,-2.0964002714887786
0.82468496728861918,-1.3638978487183915,-1.338423270187719,0.82529624639375543,0.82894216183574365,-0.83047812225064377
-2.1787743281120444,1.9464308689667573,-0.51229803063412116,0.099058746944256093,-2.1535209825745913,0.22799788324757919
-0.36113112864501551,1.9184810630671822,1.4676616217844156,-1.1537273657219931,-0.61225420446026868,0.15896834410936489
-0.38955239042517636,-0.38849411679356805,0.0046441340882129103,0.39367526297075717,-1.2160833783940901,-1.6420742733229339
-1.6560655557898445,-1.8326750847266944,0.27842903823068821,-0.11381901398472472,-0.18180592944114915,0.83291239732295785
-0.67996246923995851,-0.15014595912520901,-1.008409715115421,-1.7319764729012983,0.063656591774405052,0.9989507489060252
0.56167616212762783,-0.081269278883104243,0.080480993620846125,-2.3330308928215318,-1.8626363722748258,-0.36088490079679508
-0.64097665467968101,0.3061581557901128,-1.0232380950363089,-1.7577968624854694,0.80829664469914175,1.3881180670180697
-0.66262334995311389,-0.44738278410991128,0.40814109646805685,-0.10990918597716857,-1.5362116550762044,-1.5997746943818172
-0.084332505366680841,2.2984843210793926,0.60885814410344841,-1.0062279046517129,0.33737416402873971,-0.68599677630861888
-0.48540072661379863,0.69077136067385569,-0.88057270539211807,-0.60356448825517017,-0.69169019622287364,0.23357243610299827
-0.5792115685181608,0.84908281902602289,-0.33475351744680126,-0.056668839870595136,-0.55379238494232086,0.24961437896343183
0.32328954128929255,-1.7863050837113421,-0.71933054871270841,-0.082839151414495604,1.190431310454354,-0.80744469391972196
0.51813172091604831,-1.7255765254761224,0.95656623832129717,1.3326041448411452,-0.26028478611377476,-0.79334133536038975
-0.24069443353591399,-0.78690872165083348,-0.69172824271015265,0.096782298928647051,-1.0896109655400985,0.24678303244673283
1.2748369195050397,0.62688725329073414,2.1884495174782344,-0.81672744158884836,0.4505700272482151,-0.32628238953319505
-0.29194233735884001,0.28355728980949468,1.0890754022926445,-0.033142155282166602,1.5386144979404481,0.4195936164366097
-0.65347300390590679,1.2560949984441885,0.94333798056761253,-1.6994331667556155,0.89928757585641328,-1.1768451562560418
0.87027838666727575,-1.9673343305737321,-0.36916492426098968,0.074465186603098407,-0.73759700132682338,-1.2499978720032703
0.77606713489190182,-0.15514797962790397,-1.8518784757333686,-0.91799986619064067,0.22204565392711248,2.0898199062145317
1.1266848696785012,-0.19785651804666304,-0.81199416151590276,-0.88588283812695179,-1.0528301950572423,-0.54104051051347757
0.73989585120366419,1.1177812053048142,-0.15775164064642155,-0.97527059229734547,1.0800336886247939,1.2599253604354428
-1.4746621752725475,-0.026354257881032281,0.64940170450001544,-0.25721711604956854,0.68054563875102358,0.47324250937105389
1.6534630092897025,-1.3197614239255064,-0.61964757460301445,-0.29960847414154829,-1.0807306298463795,-0.39454030528983214
-0.89902673463250016,0.0045730865291081172,0.094282071149403818,1.3113614731479877,-1.2938770316288446,0.6508188716650376
-2.1942187075869191,0.31829575943380423,-0.61247208141290421,-0.35629902285203763,0.50545457458002041,1.4136792969964669
0.43479696479965857,-0.71900441818327943,0.015969677711851024,-0.89145910421515939,0.47059040394720031,0.2769900385644995
0.94860732954949212,1.956270108932368,-0.20106934344068683,2.2828841356213543,0.59109560812502637,-0.6827814851979318
-1.0584606417366746,1.7089825392794196,-0.3427945936020409,0.046937934818728218,-0.28473364470521306,2.4465849677432265
0.21518540357401114,0.54249614480724417,-0.9375015189700503,-0.055421828298515115,-1.8255098731195623,0.78595566862268929
-1.373897899154277,-1.5278528941030491,1.0128073139405591,0.0078484553206718127,0.079603822405829666,-1.1196007772611121
-0.54126690744953609,0.92257667105879826,0.20573281243139263,-0.31037034539444358,1.4187740437456926,0.28959256833583719
0.095729935270889549,-0.50570534966891978,0.054650310764251246,1.0894405594956009,0.2913207694358716,-0.81582750334799969
-1.5095699882984195,-1.1299179867309681,-0.5008306211353063,0.11380169345638691,-0.24867483486091868,0.060599974995934128
0.53658564302414136,2.0067204963329948,1.058700793384612,-0.73366385491443409,-0.023997300436568631,-1.4588268765054377
-0.39265869186469604,-0.29926029410450633,0.86222561474418247,-0.59629251845879783,0.51833777169030726,-0.71876140837838032
-0.11014416297430969,-1.8305518792019213,1.0936591654255945,0.10042413134201533,0.65126132067374776,1.039538329475358
2.2616303096352834,1.1172855621543474,1.5398660255658987,-1.1963646754752877,-0.99591297498004749,-0.40410503131099917
-0.24250029299251791,-0.49133798788749294,0.14769165335550047,-0.097732664541878053,0.28242297678197303,0.28654201036915827
1.1613162039852667,-0.26332363026187372,-0.15589942395766818,-0.16129609837898345,-1.7567937554516047,-1.4805317682550057
1.3064242889917845,-0.59845925619709617,0.45694700434789787,0.26348231717311776,0.58685904717802384,1.3396913108291963
-0.26013341929731315,-0.6197749390912235,-0.47374348147641182,1.5741297013325792,0.86540252049087329,0.44900709514130693
-0.36805093474604739,-0.057421361541373193,-0.46099991905371351,1.0677923486146514,0.54358350057594851,0.18796138738784829
0.95852868284240877,0.18714385928977961,0.6664712157085132,-1.3639436737194899,2.1788622605014174,0.25393340315029006
0.29315034300421927,1.4465040102123272,0.40363049381732513,-0.93352306238940153,1.1151985944535312,0.37263303776618539
-0.68897235738813456,1.0586027646858762,-1.5524831585014338,-0.34151622236604046,2.0861473046863184,1.8486435678915427
-0.46500262824605237,0.66896321319717156,0.37131262726032094,1.2644239183364012,-1.3310017040206406,0.48840141907102186
-0.27498383923130393,0.91781060811647175,0.31064991328696107,-2.0081022655135388,-0.59053481595284052,-1.2532411048515475
1.6541318969967194,0.28780530249865488,-1.241712515703816,-0.18672937497148889,0.87613007069311355,1.5154713961609907
0.28509144816571458,0.77485001569605727,-1.4510872984236194,1.094247590094664,-0.020812858093854088,0.84786256835920437
1.017109229137187,1.1732424198118034,-0.63702759592385649,-0.82469371140149983,-1.4440784823745401,0.091727128557008944
-0.60486325086252513,1.8098716356522664,0.29473147067062377,-0.91969217026561856,-0.6251291553072531,0.044304371147129748
-0.38870745829676606,-0.0023789122455955859,-0.54380212023610097,-1.0114434322776298,1.3080913283756073,-0.6266414751930689
-0.037006053451882751,0.610018072349086,1.6549093080283004,0.40942280482299492,1.3713983919911878,0.95943088873222127
0.44481227936147455,0.22460955717538589,1.1220586399486001,-0.79307334344450175,-2.0000583726934433,0.82718930148731362
0.41360047376860681,-0.7343032487173119,1.4041304507799142,-1.4750370845559799,-0.28192447314352587,-0.012777946214756227
0.21582214429581673,1.2156891890273216,0.19456039783352236,0.35298366475381682,0.7142870339465881,0.67162358426911528
1.2447805830838821,0.19860453910763484,-1.1583769828613089,-0.12015117273731891,-0.296419951977972,1.0955439940048599
-0.59469337837724967,-0.27851869498572346,0.55359735950332334,-1.1015592073548086,-0.28545867203983899,-0.026517317550084164
0.15679308122032978,-2.0528355643966663,0.19662597521010444,0.41975457054777332,1.0053698932299282,1.4523413485073924
0.27544791879704839,0.084354493511287099,1.7266567639393369,-1.4784003038641711,1.4665120047347182,2.541242732841293
0.26744530766795738,-0.80523149454366216,-0.31748695335761928,0.52191000505347929,0.88850500312069836,1.0899132756133003
-0.5958639545177693,1.4425617765632175,-1.8566527557101369,-0.91718024770909112,-1.0066906356420211,-0.54622538197118442
-0.46341494220770252,0.44333058278894721,-0.26126148632298662,-0.68257666002200812,-0.36405177708035474,0.43283180240369135
1.20782014141808,1.4353119982923437,-0.78511541938804019,0.92108780837785609,-0.80250564871832619,0.39772586135508864
-0.92072612105325125,0.57561351268402927,2.2201709730842949,-0.74258703172282292,0.38639335371699773,-1.6128735609596048
0.79741662231919397,-0.2568133165769505,0.56323722282945277,-1.3096746856474282,1.1315322633588598,-0.27396306612486998
-2.471095011853131,0.59120418470002456,0.15886347115435881,1.3930386344020738,0.037369383584611005,-1.3694705776383334
0.4884598388833315,-0.34653899066384769,-0.92223008555979391,-0.63291099521592975,-0.26939473493123761,-1.6141076184784435
-0.35095247232571308,0.69383542567414547,-1.2997622025318176,0.29447809967085481,-0.63486211563392381,0.12766427615829049
0.24509845504082214,-0.22284484176624134,-0.24685571740536388,1.7663410536691675,0.095363655839456316,1.137872387247244
1.3063558718019042,0.45130116509189094,1.218208213772942,-0.33517020421827137,-0.20312245322018083,1.5320492409211617
0.52874727719847525,-1.2147651318557691,1.6240539469745299,-0.68854541168572825,-0.26771672461620966,1.4747068066979274
-1.2466193008345621,-0.47810673913242413,-1.5871426912072506,2.2576105875861492,-1.6782671139382987,-0.24981659079947252
0.10165956684963083,-0.76152248926487542,-0.65137949862543698,0.053234249583231447,2.5776810820468778,0.53257476917102708
-0.25262586095743006,1.5958906618459272,0.19970471356124525,-0.47640196456431749,0.59536071312210737,0.35218001046983388
-0.30810787921272881,0.49331682696388784,-0.15133333228510731,0.61629196399787611,-0.78393777227360095,0.53094832611791942
-0.30809199713846014,0.18738566962624936,1.213494883284477,0.27182653166968879,0.17688482469999184,0.16266907953662668
-1.2564632169030183,-0.36587437458727584,-1.2154995775588171,-0.50937460759302822,-1.7859918454263226,0.0069996323021717533
0.59762613825504096,-1.2337849064190096,0.85455759843123424,-0.18915986260887147,-1.1725668753007725,-0.61063792242136328
-0.25782137624847057,2.149071333549132,-0.60844370317979746,-2.5270331551658933,0.63507703088213385,-2.4704189796378704
1.3255540555535748,-0.48607462608676577,-0.025979647801920306,0.65524098957960297,0.117484439676216,-1.7996667620243256
1.2122894533838959,1.985615672229162,-0.50152495009383791,0.67819617948680289,0.91271472010921284,0.45177263179868837
2.3075356425654241,-0.051786386010938198,0.38815822472805767,-0.90730738305248915,-0.026654417816414866,-0.35898067265280931
-0.51814869546206699,-0.16931814871464396,-0.18159929266592797,-0.3122995440330732,0.34643602400308876,0.4466326772178652
-0.24788122392939796,-1.3713614278140407,1.3225838391742462,-0.010532053913175231,-0.13652910439623481,0.6087634158194678
0.73695686771398283,0.42874485778216043,-0.32333741051332265,-2.4849639186731967,-1.713170678906486,0.55218057489846772
0.31473505403673596,-2.3244237501360634,-1.0903075457530891,1.3965215562057929,1.3949138855404659,0.1218058974162287
-1.1539771614286092,-1.5455816582747626,1.7779424055959623,1.1448468392557825,1.2723360277618287,-1.7497380326876246
1.2579151218486384,0.20449644299137276,-2.0292338506531444,-0.59772764956225544,1.698913106610235,0.31025420133810844
-0.45184260395524883,0.72729491673738034,-0.51238593511017749,-0.95379334472963617,-0.02776366790986189,-0.20841534812508861
0.43955632379808612,-0.44887373171524475,0.50008271504738411,-0.95924843219681655,-1.219482695696406,1.2634663684394527
0.93992878552292658,0.56519921201115186,0.63985954701494963,1.4879022084925233,-0.38979990317476793,-0.92268535723895539
0.8202122909680466,1.1262843756539094,2.1906982869081726,-0.079706022944394078,-0.79253359703510617,-0.62230797938533278
0.7519464653154101,0.96280855313133518,-0.24832832157270135,0.4523589805385953,-0.23824337989296163,0.70568519056060919
0.40283423910486876,2.0052860750619423,0.035361425054879797,-0.84378772679704295,0.52528543951494411,2.7041321284200475
0.40864441868871337,-0.64698332339300435,-1.9003071186322513,0.065917998682983273,1.2447797680977268,-1.6751262407503056
0.34485225836214056,0.13964582072624507,0.041553172068960677,0.30643685534330622,1.4805952049583893,-0.4570970732349115
0.07090891217777219,-1.1505051804459394,-1.3113754132846922,1.4385308512813673,-0.7710973718818156,0.55572141938825292
-0.38108651040265623,0.17903134274304627,-0.64045226345863049,-1.2141262176309962,0.078377792962197407,-2.1878516784919673
0.86312163516351137,1.1556575097962569,-0.58914649133625019,-1.1379872526124875,0.53557768317644339,-1.7838913494119211
2.2214269372388982,-2.1939721559158936,-0.3033057322112383,-0.36254516209046372,-2.1288774419475924,0.66837825633304715
-1.4022158438021373,0.21719581483402253,0.42183133824415009,-0.21989317650255777,1.3742224005356509,-0.67212531278767551
-1.4344270815537279,-0.53245598906229841,0.83745734830252849,1.8055563783431934,-0.86533139429003281,-1.299350798154782
-1.0462713251546993,0.10706522914704052,-1.056664364144186,-2.0662955261657237,-0.28846715352858265,-0.941215325533731
-1.0683071628483538,0.50841865507852413,0.21341263591750545,-0.1033340801439691,0.25643313262181716,0.76007294422792204
-0.25768848500982622,0.25642908861141145,0.5455857489615773,1.1508426715279017,0.75493183132093333,0.25450382387945547
-1.0877841847593621,-2.3622371416234236,-0.061753055992290258,0.46169385879677394,0.32686293873981898,-1.6187512691383055
-0.27031259993565016,-0.14410062724906647,1.1649654941380645,1.4867030735242743,-1.1789211768957755,-0.082603840498712902
-0.077540786265084136,-0.40471888460043792,0.0033435485509105745,-0.29621815026222276,-0.27206189213735338,0.038644925560318878
0.24209368349847185,1.1794856924631363,1.0598858576772241,-0.60160869514503978,-0.69520762882715248,0.3512651426191406
1.4598272288202294,1.0646505601995238,0.2082870840225434,-0.27472841745141591,-0.20944946856202193,0.29097254501127595
-0.24997063901251992,-0.069438178828626143,1.9562347738469574,-0.62218556137091752,1.4765279520082961,-0.69008027730630761
-1.8900159461026569,-0.14996808395458169,0.60170346752491921,0.197896108119923,-1.1133060789677245,1.6922507410954855
-0.74235173484657102,-1.5663276083926052,-2.4538829538133387,0.0046480345390099475,0.32099489269496595,-0.060611061281822601
-1.2850479501274301,-1.1010462045311533,-2.0787395935404915,-0.3045428616688754,-2.1565759397947413,0.75225048670420658
1.9429041556183844,1.2205934876388211,-1.5430799294978639,-0.047455153659905137,-0.54195799869031169,0.66606956921163563
-0.96981818425489363,-1.9968472126260843,-0.18105664944811453,-0.65633784819680197,-1.2260617661328879,0.67766312515382476
1.1638891990698848,0.77837272650796474,-0.74052020147180875,-0.82781902542634334,-1.0483301740603008,-0.15089052858015395
0.50622693089111837,-0.58496031475112609,-0.44758828619483282,0.59716140287266828,1.2891496011501899,-1.4045643625725506
-0.053038775853115012,1.9163773416452692,1.3329145993260054,0.69550802861142225,-0.66333880858896688,-0.20345006620352823
-0.57543056955105554,-0.2782425894425703,0.51229874766872752,0.74631252241303192,0.66087997483023542,1.765888996760594
-0.95157232036523209,-0.57873656299006015,-0.25954629848353777,-1.316908131607305,-1.582145615682959,-0.32781506920238185
-2.1808480228311513,-0.13685611272842724,0.20372041454461873,-0.06128216125506003,-1.7843336720597007,1.0271272445882651
-0.55120633801953001,0.37835508946558249,-1.4387735014210639,1.8779064795436291,1.4901187374686522,0.17530233341490808
-0.53569008701067555,-0.72385597297010884,-0.20940441142644575,-0.88337923811796493,0.038861467380960073,-2.1076709165312821
-0.47980538819215024,0.10905708934772572,1.185872811253466,0.33977952888749313,-0.20763754573333318,-0.64053642943291844
0.22720277002167127,0.12752572859550013,-0.38567527546926395,1.3399880697519009,0.28512056614061848,-0.69590603954684027
-0.29677906612782007,-0.936764225803705,0.25177123693834369,1.8761968831207205,-0.35027103480263866,0.14631830174006075
-1.0862280415915937,0.22889835059502522,-0.29752624457252819,-0.30017840352285546,0.38839791214369779,1.1764920946111865
-2.3340720811737099,-1.1385378172228118,1.7171852987363696,1.30806897853799,1.2566313599765961,-1.2893918195282614
0.74316806554937065,-1.4208468765447073,0.095217514414489765,1.0293160137621442,1.2354849919242528,-1.8379900985802895
-0.34933546631401302,0.0098034318864266261,-0.069295258488480158,0.27727197678260918,1.5480195782988591,0.78119434030694845
1.1809049363614381,-0.30009071667389936,0.73700708240360591,1.7036048241517288,-0.085914109073361486,-0.37920672498545605
0.49730485990994966,0.94901978541916232,-0.65243925542403569,-0.89190848888040364,-1.5974417312280822,-0.586676737196974
-1.035667591905741,-0.49612422239295628,-0.24225779006136958,0.99088634452950408,-0.32342254543185883,0.34668103401007971
1.2470680188951206,1.8744910085904654,0.74778687432685853,-0.20092730344402801,0.81398671451949367,1.1830078050096675
-0.44398353702437293,-0.74284756641979088,0.9523344739803814,-0.46071074739230744,0.29514452071906722,-1.3348035087828611
-1.744553401769867,-1.4335939823087842,-1.3593550824345892,-1.8283961594846816,0.73747931923589882,0.32107682362990247
0.83607850225018165,-0.47548274774925275,-1.3287114778792795,-0.10157795197826576,0.82126802698941259,0.30945258068260723
-0.022061588200026266,1.3781553795148556,-0.12967676149108467,-0.79581480323255727,-1.3685707735726274,-0.75704997298157706
1.1561567978770753,1.0673614177720645,0.7571738492359612,-1.5174501793487514,0.08334045678366038,-0.23706114182922786
-1.0877820407358869,-0.71986087976924673,0.33091475656788183,0.65450382082772396,1.3037970808360502,0.042821540379131343
-0.043991203464196056,1.705264027253274,0.22854657767660636,0.41036256787757702,-0.4255336528350957,-0.46704149033645959
-1.2483599202779323,-0.59718640480024532,-0.12735234047315866,1.2378553937766383,0.32361538164942233,1.3674598277562853
-1.101974351566835,0.49959366617423839,1.2703469809307724,-0.14608765146846167,0.84285596765071813,-1.1014276374711474
-1.3924487635693825,0.14865331736488488,-0.96768544382572086,0.87069059181094111,-0.98479995488354277,-0.28810127498948901
-3.1504575098356087,0.44725535596607308,-0.013935460825094259,2.2346800965414442,-0.84870859593851877,-0.34237396342559323
-1.4752973716881357,-0.50872598859202245,0.90944962693621989,-0.50422923684401022,0.096768152530950113,-0.71265632048646765
1.2079840740090086,-1.8472879042371322,-0.84454886572405374,-0.96078777662300829,-1.4355925339598823,-0.25816915550016106
0.58659706481032781,1.0600698972312106,-0.20325287856090465,0.53202054823554967,0.90521793937103978,-1.1717604899874148
-0.91733179203873794,0.54454558300545686,-0.44224353347983281,0.39821252550022401,-0.33326060240858035,-0.69561073568546083
-0.34971266050980526,-0.50712381994955535,1.8142177634116741,-0.13896580641303261,-0.25105997798744434,-0.84856475555914668
-0.43251039299919741,1.4991449105918522,0.50150765228233707,-0.8560609845175805,0.015637931610298066,1.1381689874530119
-0.82848551286067706,1.5863710887803235,-1.4426957513719962,0.59481891489991623,1.9456488899812461,-0.38643613326941451
-0.007835871826818783,0.80216054519274571,-0.57371558176205062,0.36198626473813783,-0.26441856425072829,-1.6800417354765731
0.19183421995808692,-0.28259853553181924,-0.33002187559104396,0.27950685229694749,0.51571481361818472,-0.10902463824260972
0.56382040222125707,1.162734521484043,2.1008007382366189,-1.1846320245563224,-0.36077031204362059,-1.3165852704092529
0.91934683980226117,0.70351218102242297,-0.080249250599847055,2.2403110866517348,-0.51405958843394839,0.34195382137804481
-0.25971850047148048,0.30965770147059102,-0.56939208697798516,0.99667297003631627,0.7962186967045024,1.2365856504786836
-0.60771688838441229,-0.10203207309552301,-1.2073116804139727,0.43436915654341512,-0.81979527110736117,1.5127109026772225
1.0275414282186852,1.60689459412821,-0.14984443267854428,0.38594613179645548,-0.46386741183911162,-0.017709066726540022
0.77992091291913179,-0.48765896255000907,1.3724256228482214,-2.0605153324690297,1.3710168285073376,0.081112406621449334
0.12607374178451902,0.083285810873823168,-1.8377432333819621,1.328492313784895,-0.24662356643477876,0.65808655620316336
0.85105657001908086,-1.0437293125515665,-0.18506380268003828,-1.0051085322335012,-0.79819519719524812,-1.143070880400034
-1.1755331777833975,-1.6472595466652793,0.73216958771959739,-0.96592343503548606,0.28550796600148259,1.8505939320402005
0.68474293658726215,0.27294086815782781,0.51059379409802519,2.9224479032898185,0.30028366078982505,-0.3233413960026662
0.89110115513428079,1.5531999137848955,1.8742357449338405,0.85803718596528911,-0.95781836127706854,1.1343623231607398
-0.19190317388107975,0.4656439370201953,-0.086891176229113604,-0.19756797199839385,-2.2362551685377645,-1.315322114671547
0.24927367502012307,-1.7915120674488394,-0.16700014962605594,-1.3534684944205138,0.4451861962032147,-2.1514177080540198
0.091177718139115654,0.55092273909735001,0.71094311252419995,0.43572530272928905,-1.8294632880921027,0.38130743487577434
0.35564654311697824,0.43293430713161196,-1.2101053959285242,-0.44134792886228458,-1.179802769041596,-1.0154887790400315
-1.2483880020700264,-0.43396874076911179,-0.54519136948047742,-0.53081003022561157,0.50006289793083658,-0.68181875678923443
0.21314370188981521,-0.54227824536126634,0.77328107497316223,-1.1287193623394769,0.63797497677855441,0.13788429084041245
-1.3741159722778529,0.87050684560128266,-0.69374629647542685,1.5794337595721639,-0.54681457704343617,1.4133196282466793
0.30427480674200785,0.42597091503720191,0.73006294932043347,-0.87337914157633523,1.0567166166787609,-1.212536704174952
-0.15502721303234795,-1.3042383086795111,-1.1167225092777682,0.97749725495513584,-0.68748985934357676,-0.70159051679198048
0.94900756910055661,-1.072502831580685,0.071461766505227828,1.3989015508961968,-0.95606519418441005,0.022630051439202582
-0.30215704821497791,-0.81095207043377571,1.6713564664640577,0.80964556946532507,-0.87140575861016178,0.11267698577905756
-0.88108958560066974,0.5337488327223664,-2.0634648618246154,-0.45169561649103468,-2.093651130722737,0.099688733404833682
-0.20157168534636422,0.12478435501802079,-0.34266117206322705,0.0097804942101614705,1.553944681846936,0.38290007483889388
-1.3014148831283419,2.0657996234000069,-0.32467357818973519,-0.80786652739584108,1.1961064370383048,0.25114556004163074
1.0703202192156818,3.0535074217087068,0.59395804952299214,0.70553752135769698,-0.062296064794512829,-0.41791502911405654
-1.1063290540004198,0.69201281598549735,0.27669152124847879,-1.6640116334746287,-0.45596963873814356,-1.9917334912256968
-1.5235573893447325,-0.57420471976580778,0.24897134640507443,-1.2154163229393271,-0.059027815128503754,1.1623318173207318
-0.82194498088837786,0.67927265232421064,0.99757350087140706,-0.34680593318680414,-0.90956291755739915,-0.53955361224371612
-0.35989576955858416,-0.59088094490431176,0.31826594483713827,1.4458078558531877,0.33061269093251017,-1.9791125648121302
-0.46761464241867573,0.13321582859435593,1.3818313368992592,0.47399325226153954,0.75333617386403195,0.57321861667699714
-0.74986488568693077,2.0728995350050128,-0.85249436684004931,-1.1033174233654612,1.4716604505668489,0.63296496966182747
-0.99492934376142628,-0.48795634309520236,-0.7583645330225316,0.80241559219761716,-0.36663677771811382,-0.43198179331102909
0.35920787086799882,0.97089825200086144,1.3552072597910947,0.37222360481111655,1.1050265894741509,-1.0113618711122463
0.15398526905893853,0.40701048550507907,1.7283305156119693,-1.7430810454665555,0.081362781528789049,1.207380968530632
-0.62992483308309311,0.015304170369022749,0.3733266044426462,-0.31719209579607527,0.54457155345018748,1.4632286649701032
-1.1049653477907149,0.093838176934438328,0.1320705340034955,-0.95783108281800033,0.25966773806042309,-0.3041754383275343
0.075580666848307318,0.32365161788011371,0.36719705045729567,1.5869778752971322,-0.48521956263160809,0.039708111879337649
1.1232789595068089,-1.4270353031300385,-0.5737043596471646,1.2679668031692859,1.7839681332827646,-1.599212234111564
0.7958201319268593,-1.4498749071378905,0.049609080743451793,-0.62778201916610255,-2.1976625488322892,0.1010249120235738
0.86642027006066125,0.56255713486507719,-0.60549160332805774,-1.6868102361539838,-1.0081310405294435,-0.15307937149727777
-1.7464695263148704,0.1897902936411523,-0.47711090879678925,0.018729313355159871,0.34171889982088621,-2.2786873255342939
-0.55306229544440111,0.26048954384183648,0.62485194149963597,0.048824497116223761,-0.18586365042373287,2.2342576526781639
-0.50337638964592835,1.2966107027026281,0.40265229535404401,-0.71379845078580639,1.452985675180104,-2.1206891990263226
-1.5338126117867681,-1.6464657327816365,0.6783343720052164,-1.1793291358034228,-1.3396868331938787,0.5257090234938091
-0.9524015231768741,0.21902312387700804,-0.31636972623052984,-0.16651556799644951,-0.90595989203660188,0.30435955635760087
0.086509374516874016,-1.1177678387271823,-0.59761035620990088,-0.69368740809601792,0.35843617954540052,0.095187093778564227
-1.853484513636011,-0.30073942334879744,-1.4228831247254896,-0.74687093585613584,2.3900520997771988,-1.8418300829883469
0.4783788154983114,0.28478416347733226,0.74353419030738754,1.4453285244337208,0.67644713548068247,-0.93729568423828991
-0.32281723148873898,0.033521539758005786,-0.22311654618390686,-1.0088726960453744,-1.609256518344907,-1.2154323007153269
-2.0786674910494298,0.026623900636143095,0.72675384868404347,-1.9908690203173709,0.84925934370046474,1.4300317807218215
0.54595196140035296,-0.77769156914958848,0.89930526601612082,-0.53312923799526157,0.55188023694838584,0.0081246572675756235
-1.7706196029167249,1.2719293997380989,-0.73161567452024079,-0.25084009130653834,1.9450809222290821,1.6922087980762499
0.089191087497872981,0.96622294513034201,-0.32794593650762915,0.98441857611245764,1.1958125063496456,-1.1216356798298455
-0.0012634594189646301,-0.33781514301987953,0.49416380669893151,1.0376243053279488,1.9884153434391272,-0.45100026620383732
-0.26340164507704378,1.1864333858986857,-0.46539547017899802,-1.9092001697043897,1.4167127010504097,0.41576278534807248
1.5878030942313375,2.1191017306834627,1.085168304434871,-0.19784471228825112,1.0124617814792243,0.39784159603592989
-0.86694228093529757,-0.97496446598030106,-1.2142975979028376,0.51695253907045657,-0.24275428880211208,1.317035966855804
2.2165033941186616,0.54628285057786863,-0.54270744239794,-1.1242893087834005,-1.5585903447262741,0.68775487604515062
0.43168586521305014,-0.30421402625089849,0.60724392200529986,0.19136712679233323,1.0403522774391276,-0.86476411931228248
0.58734194492574043,-1.6759377467987713,0.44993635990441244,0.13315913334765642,-0.67413458456165776,0.82479282928068365
-2.6567359449720676,0.021264994019527438,-2.9091081632591083,-1.0185461903809718,-0.41716758806398901,-0.32223684784578482
0.54448275636474264,1.2574523526059684,0.28159123520147505,1.2984932378367997,-1.8131131945479753,1.0424370870244777
0.35807202151826512,0.56281307065629316,-0.96864090082018239,0.23555441287746345,-0.6165418779161973,-0.084767413541256387
-1.2226733308181159,1.3763820327014693,0.65830272566005665,0.0297141499115872,-1.0250455255911917,0.43979591244767341
-0.52536739282708755,-0.45680027727786587,-0.032381699215064487,-0.43785214982116594,0.75323637511341279,-1.9516993109420553
-0.11773585945205377,0.32912321528329275,0.35066018412462813,2.6809042119078357,-0.0051849503772769048,-1.0958786687636222
0.42707288334614701,0.15741963495684616,-0.93868631972349303,-1.9715136022052313,-1.2808965843357145,-0.53765513971313283
0.13443736938266099,0.89277800857161727,-0.86461029318966676,0.77072200732852636,-1.1870617175887739,1.2878500107446089
-0.30198960860012969,-0.21838241846374029,0.94528417612119997,0.72747868883021105,1.4391027488726669,-1.3285427829194334
0.074432058819954211,-0.54465545935054116,-0.5959633868988915,-0.64875985947616144,-2.2875276346178213,0.9755846068683578
-1.0474301108621109,0.62153869152956864,0.65213330061594355,1.9692095382106851,-0.18936889894263789,0.46496451085312918
-1.9002904702976606,-1.1647830554831198,-2.4827972752749834,-0.015126133975326637,0.66110096113414651,1.3932064103557003
-0.24662576706726763,0.19228364220831035,-2.9993801932947401,-2.3178733792171711,-2.4510244979936968,0.29026852953347232
-0.072536477227887391,-0.47442901410596183,0.13782088335594267,0.88125418946117007,-0.35536785734825166,-0.23174064129641761
0.2204790637182619,0.22082329856921676,-0.27612974496475789,0.45551611777361134,0.088727902336001085,-1.2845297211053968
-1.4437965643150756,-1.7526131991304219,0.45734705863861852,1.4408761606423006,0.92180322989436903,0.71575719688748651
-0.48223547306858161,-1.5463195615342773,0.026419641618121905,0.67612782907292324,-0.76628750561900316,-0.32641638019307112
1.3508333698109629,-1.1135273643148151,-0.81548184598537976,0.46004140682393918,-1.1372586330324881,0.29855042701745277
-0.74882363423022558,-1.6486257159807729,0.39083577026877758,0.57325883357950957,-0.46788755540629584,0.96607026772288895
-0.014193218478670203,0.69791376456792864,0.17955114726219795,-0.19186457525000386,0.59629417264849294,-0.97487507162876086
-1.002343784030034,0.13391621686666574,-1.9540621802403868,-0.54529845584737779,-0.95276405440875334,1.5137712938707109
-0.74744060061661632,0.96616553564566288,1.2021980231972833,0.99897078342980683,-0.30680749991394612,-1.0115317806408402
-0.57364834366689599,-0.31833570727212562,-0.16139183891337164,0.90387146623035164,-1.739140592542459,-0.23611688606695416
-1.7658654339193107,0.3737090473016868,1.4264203103112734,-0.69993395703393513,-1.1582108235108606,-0.65804594779522407
-0.25879284723914586,0.36922705782640231,-0.62209634148388404,-1.298268085655981,1.1732885889930822,0.99496213312130632
0.30140097111687092,-1.2349706242409162,0.80944575902705951,-1.3997226935303835,0.96959322356731859,-1.3646791654335746
-1.2137258207371475,-2.4498101687122111,0.19801964701846742,-1.4491009816592186,-0.89592325184083588,0.42864175853711728
1.8779861434366516,0.13075202943591474,1.9658498699010414,-1.858124323210359,1.1873669727769944,-0.0012757900198622036
0.59524851989559535,0.48329639717281886,1.0787120422353613,1.1879346523084857,-0.11508613816379776,0.68103575240768721
-0.43317353732518116,0.36035465393226118,0.25772057191326264,0.88423097577712917,0.11108984357846836,0.37948171345842119
0.12700896944959839,-0.4934366170329389,0.048915078609149391,0.83525558248044762,1.0192154321059452,1.0327731554341328
-0.94416480181377382,0.14275751508375883,0.15438502359934028,0.94913720468899909,0.26307456155764053,0.020899750408180071
-1.8348386578615019,1.5442617861108496,0.92769930333616424,0.11443832412115922,-0.12782355132746023,0.34065337490535957
1.038984177672525,-0.012051411443167714,-0.15882038271936808,0.45055820804983593,-1.4280070050021525,0.2040401383106541
1.8961852529766157,-0.26750142133458626,0.65523625927626949,-1.4097017010478459,0.19643447956564886,0.3749755432735481
1.0467342168954727,0.509826177370862,-0.29398891262261417,-2.1947240252774085,-0.75061487140820427,-1.5135629293507618
1.491270341289743,0.11422403041920548,-1.4302940192776539,0.59906083091903706,1.5472689070791268,-0.27994620092297351
0.48031508480008578,-0.190706507281277,0.7482176295322982,-1.2943053820703854,-0.68899403789609504,-2.259213746663963
1.9513766951785294,-0.57006177192701313,1.269312263181094,0.27579629299489489,0.80931779686816363,0.044935899773950981
-0.30454817502251219,-2.0240000896017194,0.26225401346438215,0.44968625976285997,0.94273721646264252,-0.42944873457643457
0.28483202489302323,2.0636363036847878,0.32014326855088521,2.6773222815422058,0.19944465197033698,1.2638408613883194
0.70615239215693248,-1.3990870693711313,1.7063385679799943,-0.1183155043070951,0.96818768443465419,-1.6861313533189866
-0.74635698585722487,0.41358315734179651,1.3155276717280127,-2.4530389668952179,0.83570633105709446,-2.8322591387348504
1.0186479909360053,-0.28771960538142766,1.5659000917801094,-1.2646722887410295,0.55641912700046436,-0.77635252671391675
0.82057366545870314,0.3390377016831671,0.81517309238361269,1.9747450486178544,-1.1344487918671264,1.8663939837581549
-0.95237142538301078,0.070787456839611809,0.16739669447834563,1.1288563495040382,-0.69036593783244116,-0.29885995029364731
0.61841487272706064,1.7978856332250108,-0.37099084699004847,-0.96669535714438248,2.39467619368344,-0.13929118010655037
0.91582981995394819,-0.28743261013322341,-0.38735608190187026,0.88764432990374398,0.18526707093972503,0.30325960426736637
0.52502468819003756,-0.94751779218467702,0.88156420530500734,-0.64676419476643887,-1.0221046402011258,-1.2964952866391632
0.653780471330905,-1.3019973694968401,1.2782471510294675,-0.57457887261625418,-1.0306959776471694,-0.32886146299955799
1.4756690569913749,-0.38264048867382938,0.15047658400699473,0.56978497307126119,-0.87173174828507471,-1.8600012259887679
-1.710807692146282,0.65695140911204475,0.59072981720598605,-0.3965481230785744,-0.12531307028889332,-2.0630232485258362
-0.98597724120402574,-1.6232683505174403,0.36339035052554802,0.64450978529746539,0.29046151051276031,1.040254103009101
0.18107632416865763,0.45296041536510551,-1.315265905565391,-1.9680662568737635,-0.05421306040689975,1.8520270163267223
-0.037101820683274896,-1.0561443304551905,1.0354399642328216,0.64174346182290343,-0.36684091656859702,1.006406405504642
0.089130320191845747,2.1237731122876653,-0.87550030159570114,-0.74162028272294145,0.67201178434648368,0.14973060570010563
0.32392816911852668,-1.6631267398381424,-0.90832325810436132,-2.0193397892253286,0.41648837835850439,-0.39809941620845357
0.84418434641869244,0.75608511838659509,1.4287685072027148,-0.17230285530267198,0.099561129301035348,0.22372556137711083
1.1802689513618556,2.0873512516294483,-1.9311216788573788,0.034201384021227438,-1.1942388299290394,-0.40739614994661838
-1.7693328529757655,-0.50559144773149811,0.61330224972157099,0.029381903139309645,-0.66216670089770147,0.27647167056236277
-0.41145975716817718,-0.33693237070838705,-0.59828088228437282,0.083184461847533392,2.017101682904201,0.24734330041219871
1.1129088513981329,-0.83182204967931928,-0.42742107691508341,-0.10064352494742135,-2.0231668378384482,-0.15112897843986636
1.3598160112079454,0.66517085243268292,0.28438622416714848,-2.0925191687999787,-3.553829103425171,2.1106695190074913
-0.26431135522694349,-1.8926289954641773,-1.6637300061259988,-0.022208026882292203,-2.5039602686193891,-0.065242408947066857
0.59391727802403804,0.75728289600620435,-1.1289954417245442,1.2494633899727672,0.0016412648570191324,0.59382137753484321
-1.0894609676494342,0.36834824335518573,0.68061134898038156,0.47382668313837234,1.7661214022288785,-0.27873378208891875
1.1636397072544875,-0.55128104678265055,-0.16759840171010368,0.10413507868003186,-1.390147143660035,0.72451167795028415
-0.43320954806928835,-1.1861989306756771,-1.6852248190075536,-1.0925769802566103,0.74769918776210531,0.90876941175337622
-0.71013749893574207,-0.79932441030238044,-0.60367443613256511,-0.3838801946145321,-0.23773954751703635,0.28694030367286277
1.4041385364429844,0.61534919200164551,0.10796265573272142,-1.981402978228864,-1.1651226096091714,0.51553921302770545
-0.31209678402370911,2.1317809398717453,1.0736511790583332,0.10819473286494911,-0.86886723874782246,0.5531044261658562
1.3994180225181707,-0.039877102491427674,-1.6740433758689881,-1.0583785370203513,0.14325410679090497,-0.68306423503366709
1.1683078980357158,0.51987074530737709,1.2476958060384273,-0.11527651806033445,1.4227200849660024,1.0693125920879216
0.48061429593742022,0.90993455147296554,0.69564677283534315,-1.0020348489901587,-0.26604558597586675,-1.3579477063542253
0.35536345015342258,-0.15789457443830698,0.097188809695113551,-0.71515714745298664,0.18976591418944933,0.28612526987635423
-0.44297444271741099,-0.70883117582938515,1.1465865982872889,-1.6926973354924846,-1.3320949694387088,-0.87759073802707033
-0.44105957736346663,0.08460808218104203,-1.1448524868237269,-0.54470368903364508,0.58855572286100288,-1.579709951905504
1.8835013057310377,0.26851516041283208,-0.2432183459227151,-0.36164199146830067,-0.16315210086888876,0.77422951191246503
-1.003544596550981,1.0724383559080766,0.73351952093084627,-0.0010624304764195417,-0.141127105921658,-0.50270631305737068
-0.96973294636936747,-0.22714367909394564,-1.20145262825833,1.5542465118091275,-0.22474608645023672,-1.338774798046197
1.0840115171098701,0.62301070889542598,-0.45951780951320365,-1.1749678658175764,-0.080571610484903702,-1.8602474728353438
0.45097902976671439,-0.69785942523165345,-0.22704438724598983,0.38075855271176123,-0.62849239510587118,-0.80079294379903054
-1.3806807668062389,-1.9109487107711285,0.5028948410623274,-1.1355002905580935,-1.4523408623930625,-0.71376769316779753
-0.30588152611770669,-0.50726084419203588,0.89977717662740875,-0.81155119609476734,0.25899908341499672,0.52506153408790757
-1.7010123380016478,0.6007600005265149,-1.0303205205480623,-1.3261509990314309,-0.12046497135684575,0.6141164461260018
-0.35281325940810987,-0.40323225833592768,0.24549682302987652,0.20070867317053664,0.57235459453281012,-1.4267541854654378
-1.2373679060192926,-1.3542531374705409,-0.94217210653983396,-0.1597135747659261,0.32696555780162734,-1.0307850581301181
0.25120821502912249,2.537195270225006,1.0118871199712385,-0.32541077231105925,0.97070095275072132,-0.0052034217788343769
0.61822198105620607,-0.13863048214482016,1.3399341017007025,0.82295581144147434,0.58901133526935823,1.2385051205688784
-1.4653320186012431,0.64512660748152473,1.2010942840967411,0.80572339076202848,1.2110059033697766,0.40990021801532933
0.96349937183415846,0.96378171833875548,3.4232833648426597,-1.8710534513658117,-1.5373651832918223,-1.1879581989162886
-0.459505411710597,0.59027174741280786,0.66409114946769543,-0.88153023692729293,-1.0100658590384677,0.94971501380773415
0.26261303065258845,1.9930733185807668,-1.5703395963314062,-0.38317239112420154,-1.5242441062062271,1.1340913226225817
-0.032885104945575346,1.8800960576508063,0.72655139877128638,1.9554716063662536,0.74895096829500418,-0.14656205541453565
-0.052591672784310699,1.4259903750279497,-0.27132438554802446,-0.077905524762717893,0.76889658851281484,-0.62555201839681196
-1.7644752063486173,-1.2001940630872912,0.25089720775572877,1.3394167006463553,1.9348256879680967,0.20771255344907261
-0.15495868013132533,0.97749774635486086,1.0243506211534694,-0.15246218193833871,-0.096576866312887588,0.50575476467048386
-1.4624188333276911,0.27204999657624629,-1.0079012015736613,-0.66104515240127681,1.0228816155030356,1.7777702172204188
-0.88554835607779414,-0.59137466223607882,-0.21109260234455873,0.32497388484994771,-1.1704543861507646,-0.43884317025869279
-0.9316551898709986,-1.1466101754981943,0.46667772169895771,-1.8316428702985332,0.41336155868069052,-0.27086981427913498
-1.1951387011479828,0.18212742411953106,0.71001842002449056,-0.48681187376278556,0.77201204187316319,0.55599240925866245
2.4258384601939076,-0.68683997354103499,-1.5943586462677877,0.18554935587967289,0.78647711900222106,1.0637073888546031
-1.130517518758301,0.11365575980344872,-0.77081069148438774,0.22127379474432998,0.48541975761134432,-0.32150878063560073
0.45490027141405026,-0.64227860851340368,-0.92630884659750312,0.32168658332198102,0.38824206037680042,0.89911348551852888
1.2629930787309056,1.3713866803351735,0.6545742282711503,-0.11287901731103545,2.257612595402414,-0.4311865274825904
1.52665241530318,1.21041485531029,-0.56348843048572916,-1.8350291953537858,-1.2668053684964387,-0.67567731047019752
-0.49044914121290423,0.26452281662154448,1.039690226976935,0.61035486187315691,0.69064814911013106,1.4796433390529347
0.1253958981961453,-0.83289776821747319,0.13550400803047355,1.6180776867487556,-0.02236305765623265,-0.50498813242111784
-1.2624261746347845,-1.0680855260758211,1.5274986861040578,0.90466846182499017,0.39759668225785638,-0.186569236853285
0.15437898619967114,1.4440012865385945,-1.1402359762351755,0.21267448076431616,-0.37312326541999469,0.45398139191689135
0.28480171829195172,-0.12618354889849892,0.1288704987116438,0.52274477176161804,0.59603543587872443,0.20408846071699663
-1.2437898719884934,-0.13342021434999635,0.78734241421322471,-0.95945884635770706,-0.57637305997229671,-0.87202724125511966
-1.3797850737315853,-0.58878678851887212,2.0146889404470096,-0.63768655539580288,0.23333886698319062,0.047779311888600531
0.87025305662104657,-0.2618082507915146,-0.13100151247906477,0.34725465229182095,-1.8422225713763016,0.4213278228176176
0.92547181326389971,1.6880537609349677,0.25643330355277272,-0.071049523353777025,-1.1773167485841567,-0.15779001694246497
0.22499150613931113,2.3787999791638978,1.2321733372384271,1.0383374112762458,0.29541548431276149,0.97975182766391467
0.29878358346068945,-0.35060639510522756,1.431114718302047,-0.37367548620637853,0.34321899219455027,0.5072929377470945
0.086313386978817616,-0.31032164145825697,0.075594116615032791,1.3278063316794011,0.58113000972025219,-0.09464101911604661
-0.52299678249706816,-0.59795780147516364,0.19207404760041927,1.4093189054511182,0.59565661253551228,-1.9912849396857273
-0.050648051622589799,1.6269655857747087,-0.56302942333824013,-0.21439431572406811,0.78997273123124812,0.368343321602911
-0.2622030172113502,-0.24780460835027671,-0.91586234654174314,-0.62666180912334113,0.86183495653985343,0.70989648983958953
1.1337631389660132,0.28017845176561101,-0.72691177862432554,-1.5101294431833723,-0.63712799932216801,-0.61169048877329657
0.35789707966545165,0.2531073239074082,-0.20698548043207954,-0.035302616172939484,0.81067554103307871,-1.2733417571970949
0.64454735782862138,0.35667993189487573,-2.5565229878989322,-0.046106905620691717,-2.1061666098559173,-1.4123845558437145
-0.082741962025992488,-0.79718650650516698,-0.3084971853784742,0.78215159022850334,0.034584592024937147,-0.060534070319317207
1.9612861819962941,-1.9416654727204166,-0.74400049651164368,-0.17982035853212411,-0.023791021774451665,1.3717658637629659
0.059437481762865972,0.20163041645036309,-0.52814045374788487,-1.1923725956664355,0.40635641665344935,0.065649280741770316
0.71163701180553585,0.86923250146119901,1.5352339154283823,0.81134082179449929,-0.76707554928343225,2.3716582870189655
0.23230230208912803,0.012965182562015608,-1.2816297510782222,0.74732618551301222,-0.56681859859310413,-0.20208799447391701
-0.88550916171267435,0.37306125030510912,-1.6208961825705579,0.49609613289788856,-0.84004753806909027,-0.026632894471403545
-0.15315828933982481,-0.055186925549413179,0.18104276428019347,1.2122815260844071,-0.28557476861038339,0.49762768911877531
-1.0088131848493906,-1.2840859460319483,-0.62201390277811319,1.4022885767144631,-1.3146681271385945,-1.3096333035731984
-0.85999034126203189,-0.40795626476707875,-0.72792427941648097,-1.160185073295841,1.2712157697195106,0.38937181727076697
-0.91853293195991703,-0.85637081225307754,-0.93493276247216595,-0.92838995240410505,0.72454932660696603,1.146146339718114
0.33074276836373423,0.49609359419810534,-1.7063573944102353,-0.049246222613967494,1.8294825268842165,0.55558874543075132
-0.97490950860392656,-1.9546609482495689,-0.50159810700415453,-0.21509656500875951,-0.77889456871334228,0.0044689170091840487
-0.19733442572300081,-1.2993048425689386,1.5632796590135742,0.042254109141021456,-0.59250498379534977,0.8134182548176635
0.23032382279275168,-1.6482477234598321,0.45061612582705762,-0.14237748792921112,0.54538970792372199,-0.04818053712683764
-0.30331730593981404,2.2998848071954598,-1.5748680053469746,1.1948896369798774,-2.4861907749404475,-0.11576767239760316
0.06729569735490927,-0.21466844368368662,-1.2274041316420237,-1.8342079190454215,0.27101700194330086,-1.0424147403490363
-1.3219268522743024,-0.46159639752059539,-0.24980180184418566,-1.2484868278425245,1.0406421044626244,-1.7437902065124498
-0.43787283114779979,0.5313397535758988,-1.5472420593448002,2.1001259264381482,0.069227671742520286,0.53055394966479652
0.32619592477495218,0.072452833421579349,1.8142802500856157,-0.70715096442290959,0.48837858398726552,0.62956020101868237
0.10463958119517597,0.18428230527386955,1.196702433253978,1.0105102914369575,0.73023475866560894,1.2902512380985871
-1.6964726841679836,-1.3032875553781156,0.83332009270619034,1.9201859402818628,1.6565896388542376,-1.2683299527432457
0.043413874160940072,0.059879969131917857,1.4341168949711018,-0.34790182230102507,-0.41827307413465326,-0.90283438054794996
1.2527462908447584,1.4078687372660881,-1.5597969142984343,0.25166378802020989,-0.80135381223459257,-0.73170384295192015
0.90626501082238153,0.51803412539078864,-0.68500008535893087,1.058707135729694,0.83050465489935832,0.40607495511922076
0.39662215453610311,0.56369702979382419,-1.6056805343157239,-0.59610821119753765,1.0554937544443168,-0.56485235215113494
0.020092775124816799,-0.17775839397820653,0.21778202048265272,-0.091006596089637251,2.3766288767360866,0.35419468036792462
0.35204123042212632,-0.97207921507803141,-0.93313958820000653,0.18605697810871433,0.84871583171209797,-0.77790998249132104
-0.5356638876077966,1.3878997326162876,-0.080185850811800602,-1.1152195581064199,-0.47853271194971231,-0.43435169119122335
-0.43828689839986346,-0.36352443766774273,-1.8409305126517845,-1.0803897987976634,-0.79521113449821923,-0.17181637835859659
-0.81789718543197421,-1.331195707165828,-0.069211140297951931,-1.0617065820494445,1.333076017258916,-1.4587047649987956
0.25265387929541921,0.89950360565913512,-0.007512520908242973,2.345142136587449,-1.4260500318206102,-0.081145626824437725
-0.1325536617884038,1.8309840290636215,-0.25651244632395692,-0.13281899823392915,1.0236362934576664,2.2306238897821937
0.87184897822346996,-0.87449688841747475,-0.85176254936741214,0.87068842808325553,-1.6646717307202161,-0.55746787403001563
-1.0987043727785171,-2.0236204175244654,0.4484461348960917,-0.18331794309196495,-0.70843219813974767,-0.35707571481796979
0.66390585170069027,1.467942552167472,-0.87545940262584732,-0.26687804282649746,0.074007144433807917,-0.79230959205565321
0.68603131359886527,-0.17450978440515016,1.494358606689318,-0.02312398726796408,-2.0276905270311261,-0.017472759991829189
-0.84230506520155624,-0.070347858649999775,0.82392831237553399,0.43057129114916642,-0.82947153158923503,-0.72226678265447042
-1.0920468933672025,0.6274983526545892,0.29463339848852649,0.71983781184938656,0.2218597884384563,2.4027770142257801
1.3727530017395875,-0.1011984418742144,0.34575569600335443,-0.82767443225546744,1.5025032636569524,0.3256935338101053
-0.16144541208920393,0.24701607244033968,2.0829060845565612,0.30244715541693179,0.2275360690330811,-0.62736125327625469
1.3722472234835941,-0.87251459151159416,0.141241829782221,-0.060703236351457565,1.1173554751382246,0.0039894957484941981
1.2260862265838501,0.42785654094982561,-0.012706488621391336,-1.3255065110247377,0.25753286354753246,-0.96701359471548864
0.14656777342418711,-0.56644901506651746,-0.72228586519613358,1.0572641676393928,-0.35127825093888942,-1.7511067128598861
0.55369857508272124,-1.4797049159029414,-1.7241569694775596,-1.2119558790552207,-1.0719141802402776,-0.43024173608340299
0.44197435351762732,0.23687830161684506,-0.48379928123871219,-0.47808301996986058,-0.53680755891298371,0.60807286332203014
2.6651357933970923,-0.53646073214532941,-0.080435612290418526,-0.18142967683371847,1.1080859632343298,-1.1454989109576079
-0.41198997605531751,0.93317034449662006,-0.32775562692401122,-0.48113479327791181,0.34742942653263392,2.665771135497248
-1.6013081964264884,-1.4681399572737743,-0.14955054912503571,-1.5996777094436661,0.12310719495632071,2.1232913590017759
-0.48040084345007028,0.41561830798718258,-0.83487248904391043,1.9146897723665284,0.70564907499319396,-0.54509474112554357
-0.32001162387425386,-0.01624331510637235,-0.062472851638002445,2.0527333495560738,-0.4275554207121875,-1.1171245668991416
1.1033515132012968,-2.2041947177985666,-0.1868232887391042,0.73403160065441297,0.53994092076173816,1.1640255740978402
-0.47502370058098847,2.2021489880948049,0.30167861530470708,-0.17206382590989028,0.25923358255097817,-0.51576978780170679
-1.5315825957919884,0.059312192165565325,1.8832420625236648,-0.70052585663303257,2.1895291456055124,0.14996110819000807
0.32128037443833651,1.393750215925698,-1.7697031555823668,-0.14746643060036346,-1.7230918453157367,-0.49872173303948991
0.067899223841890372,-0.30687284663712211,-0.067122303646079351,1.9263352390047543,1.4564759127987061,-0.22663362005246157
-2.1793821057022509,0.72830478623182116,0.70231648992335138,0.052829828135322866,0.53821080690795986,-0.34994704474390942
0.56140583611066763,-0.014206707870533231,0.22848111497423232,0.93453131741013706,-0.77595558764942874,0.65813342933061492
0.89844835669062673,-1.021329934147861,2.4689440083375103,-0.00080920177700057852,-0.61467187439201176,-1.0400534401347232
-0.33935121706273624,-1.1610268848270693,0.96112739779973477,-0.30058002772556436,1.0812693271943266,0.78928231386485315
-0.15452870898851759,-1.6546807661455927,0.40160547825157233,0.3782270232968945,-0.53313406653671169,0.80057289196257553
1.5948542893965001,-0.41119099295484557,-0.84676995228554441,-0.88981414761369015,0.24949882724138797,0.69464138301632616
0.22918440213518615,-0.987486528196582,1.4074148886003039,0.80442027223112544,1.8755759534578573,0.75777131073996473
-0.028850393748591191,0.55427588756866997,0.58689556540198429,1.5037339445586544,-0.12363421878079403,-0.011136872424873144
-0.29006939199520992,-0.83442106536166738,-0.15063617903703941,0.24850030927274086,-1.2892923849180513,-0.51761909895874114
-0.99330636258215299,-0.52394876274451596,-0.26529232718712359,1.0908914122175306,0.16298925696719244,1.1904117461365866
-0.097058690941451184,-1.415883767068411,1.2524330912012789,-0.32256516876103131,-0.51477386295311323,1.1829642565279761
0.11095851325718412,-0.046493698782753584,-0.90744919837559856,-0.42180712283450045,1.5393834199044212,-0.040132453290986095
-0.74233875568584207,0.072532338636223076,1.6067582491386976,-0.61395218568359233,-0.21236514534590434,0.13117301541051371
-0.35547420147543723,0.92256297661287012,1.6288052002656861,0.38655155909108668,1.0461188766659859,-1.7445427280663179
-1.1217095256072096,-1.8591800583553482,0.32277291755812498,0.91358845092533336,0.74800481191569779,-0.56500204574844948
2.0421673892948919,-1.4515740488406423,-0.85420484973452426,-0.36837703293065416,1.1585922683086545,0.31697451131574894
0.75212682145766085,0.57717055243167859,1.1639757119480196,0.020373244971418215,-1.2040398339864353,0.35111080838662484
0.37416672372808663,0.88694560421133306,-0.16079409822739535,0.63266012607769273,0.57514019077455358,0.18410827296741863
1.9673111674388957,-1.0598767751521403,-0.32364519680127285,-0.99129805936581827,0.50108239534394838,-0.38491601789720237
0.81265793756975668,0.22744934890752627,-0.92649786107855292,0.49390141941934695,-0.49103713730559045,0.2490075509375945
-0.31493223058103914,0.057205852784518785,-1.0685594381622432,2.1892117491160823,1.5721009196043594,0.22294129269007404
1.1976462121399682,1.1335171147211525,-0.53928771552463095,0.88436823152937472,0.58357823109445994,0.65651658190046402
0.93744208386818151,-1.4700127067677797,0.94067838979951401,-0.57488393623005252,-1.0291558281472737,0.13398139603876108
-0.32599464140147721,-0.18084736697476061,0.3553226042775266,-0.90867624036499228,0.10901273693469604,0.31096284219284581
1.1733986062782435,0.83198969140501122,-1.0780783399327658,-0.9061902355554684,1.1287009957140985,-0.095788031611814595
0.30739557091075043,-1.011707993505494,-0.23345793358819764,1.3132933421736339,-1.33410921032151,0.68426838630224274
0.90596992393418307,0.43283754232303973,1.5151895993636539,-1.4345338164632422,-1.6124025511347222,-1.1479290594057383
0.68110378520861237,-0.63631488871934916,-1.4565373118290752,-0.98897670188349318,2.4253798096673496,-0.27821125337984959
-1.0369251265935797,-0.11308558847343218,-0.51132151292679595,-2.3788774282063461,0.71438347512234368,-0.48591854128443374
-1.4342272666459361,1.3879277397412526,-0.90377496285691283,-0.19749328345007497,1.499290876962736,0.22436912911748516
-0.7540464915014754,1.543773244771214,1.3270945975124964,-0.25114366879883504,0.41647128012355394,2.0243028196934616
-0.37067589696475017,-0.15520773850623248,0.40282201154186775,0.15019992190937179,0.41234284673755167,-0.018906545000139913
-0.048137777431544744,-0.1397315108133044,0.53777144805438226,1.2091776584833496,-0.20702933724582814,0.61981846096856985
-1.1508331902604774,-0.91149957520259062,0.41574312487205528,-0.56091225647884946,-1.0665940271145473,-0.51710513260361823
-0.25527307612546279,0.9160275417715138,0.67925246285796548,0.47761223861027308,-1.4352424192208482,1.4198652945256058
-3.4846674067575734,-0.85130828769547595,1.4902080710983381,0.40063590457266524,-0.81592046639850635,0.056640054083253406
-2.3184348899232479,1.0044208680931219,-0.68996611422730469,-0.51234538658008166,1.0787639634594874,0.010445435178128092
0.88549621392218958,1.0574369595953546,0.13828411698040294,-0.139928831924747,0.75348661492240765,-0.34894845143778069
-1.5313782386192194,2.024945069566511,1.900843656671686,-0.16302838530778205,0.75775887387113328,0.36207164380069801
-0.74503035357735747,0.96946938165803187,0.74502082320975338,-0.64887508806582939,-0.33104748579317189,1.7580411484729057
0.6651968665886826,-0.59891256269779436,-0.2020438099392782,0.99661967568260978,-0.82407835902862103,-1.0639167838552614
-1.692939237648335,1.1852390067302754,3.0174725181426676,1.5414967344981627,-0.94678040039950706,-0.8595684831730559
-0.7366996936466198,-0.22972969215866487,-0.45381756822353059,-0.52166787396125991,-0.21784659731421546,0.45615331839424694
-0.65094902387991915,-0.57564523118547628,-0.011093874239577599,-1.5230943742654184,-0.058102654511311635,-1.5660294822362795
1.2197982712503384,-0.80800514589257311,1.088340571369069,1.0444940688945241,-0.24531056454632197,0.14559115572828404
1.0311846361131614,0.4578082119836242,-0.31266450184996464,-0.066568609501712603,-0.63357816625377539,-1.9919176577584568
1.0147199524879902,1.000309083145891,0.28902253961860136,-0.23684761801923213,-0.49079813148773899,0.1619011295586916
0.89714247648274004,-0.53696076885899979,1.0841587713072725,0.26135455808731906,1.0598725853928523,1.025510189850334
-1.0687660059908992,1.1395954060740843,-0.30521073556870665,-1.5121577967822974,1.1439237839290683,1.4821315080416435
0.32860015959195166,0.35163859031718953,-0.036613601036320664,0.24413793263127836,-1.0209205497986942,0.91976649056114423
-0.10609156372404503,0.83792596156672017,-1.3088769102165341,-0.80208927461203572,-0.10341431066309881,-1.6651418790529369
-0.21480774935318805,0.75831391351888966,0.80418013504817676,-1.0082147094469134,0.28269113122036277,-0.4503352651615169
0.5767284482257613,0.26536214163777055,0.13060708812045457,-0.054912631184922178,1.0117174253444678,1.1386750115709767
0.13727798189008511,0.37812143340958626,-1.5930637436210124,0.44606894599126595,-2.5142612820118631,0.029486377053794012
-1.2560751728541262,0.47620636018606416,-0.90711970059371261,0.77485726469974003,-1.1468341693838053,0.23499184979659254
-0.10067125238523546,-0.66566380035810624,0.2643093920423184,-2.0423691560803507,-0.19444071926880971,0.051022841535598412
-0.13811435122912016,0.14285905855450792,-0.34933604764887827,0.28142801856143512,0.074300083778408521,1.0802759699535316
0.35305764210321167,-1.8087619165872406,0.88819256137118063,1.5196094185095008,1.8176995102768765,-0.48831096381596234
-0.73757386482620013,-0.23500891505713012,0.36264300864634497,-1.6950295225558591,-0.88700305853287897,0.81073084620243419
-0.47382121502048768,1.0051869818907937,-0.37547449001849625,-0.49326175881778017,-0.79044603622958109,-0.29916658175743832
1.4510059235141635,-1.1492183688258402,0.0032575953130241351,0.65186359515909853,-1.3271957447405225,0.54242128566366576
0.65081104829402836,-0.090108470645549263,-2.429115580402804,1.2203988587311461,-0.59545360250458357,-0.52173067853830579
-1.2450892588444913,-1.5584536057261784,0.73888740480278547,0.82855911668407634,0.2529394570260699,-0.36271862565601459
0.90797716658350791,-0.80376457520511813,-0.69986402766619016,1.4564256948250993,-1.0620320762371058,-1.4643060137571009
0.020489260023264778,1.1747427903633918,-0.22390651663779093,-0.69089402992063786,-1.1135038314042078,-0.25659803785485258
-0.15475201065921804,1.1492197179549828,-1.1505714192106498,1.8926233535261916,0.82670903354454117,-1.7042994950466619
-0.21489015933042144,-0.16910490301727688,0.64489995016531509,0.65327308144807972,-0.96307878130449076,-0.88167142444276814
0.054297918775520558,-1.0602384075405886,1.3135127028329114,0.59570570219190944,0.37567230258342982,-2.2748931572983779
-0.15534130438907143,1.0158496210708399,-0.2104578109434074,-1.1252588463288069,0.52670835892736456,-0.45209778850804133
-0.7399594823218284,-0.67174849958409855,-1.2288956008245298,-0.23909630293734818,-0.59497850662542295,-0.33633837828063157
0.45687170866115495,-1.5784254046646222,-0.064912086286496168,-0.66885468043076457,-0.15720513997577742,0.024853812603723876
-0.52265185863920671,-0.022801853150857025,0.94433554358813276,-0.82180785669289014,-0.30841496379650968,-1.6192793498029381
1.2594729078411111,-0.85714905061538293,-1.7494795909724374,-0.40540313365037234,0.28787810283965298,0.39215249508630395
0.46494589369875949,0.48387928822398363,1.0971841235050666,1.5810040301519142,-0.10646152294440835,0.34453608178403833
-1.9133843102896433,0.061883393660346599,-2.0257135117804599,-0.48813379990013306,0.57779414096090898,1.9495839812794955
-1.4201236563791331,-0.92168699256044673,1.6586745831168164,0.31392607832576935,-2.1541626585249305,1.5397870371800424
0.32620339631115924,-0.59301611544757915,-0.57321465804880034,-0.26039210332825347,1.3431339843956367,0.70141111285151869
-0.27460197316209584,1.4203284800826881,-0.23395027036682042,0.048603132020314063,0.28610053984036327,0.53335160166711504
1.3945716314458168,1.2178174419173953,-0.030915222961225088,-0.54064033916818377,-0.38303668681678232,1.2628765927216459
-1.0285186371552,-1.6173429361332325,0.62865721544975006,0.61358801094118309,0.86699702473828533,0.065119524871169149
0.14889083281406909,0.28074394151182624,-1.1230888164455637,0.19527370867891752,-0.028529918557145165,0.35571250228329127
-0.024756016177169216,0.9871397988450864,-1.3219555675771537,0.45017069656801345,-0.24456260976755234,0.20481673023048505
0.74826202438049327,1.2290512639115747,1.4416616406682858,0.11794345335178948,-0.92721468696750953,-1.8376484879399344
1.6833941735402873,0.25238538896965207,1.431990136460799,-0.57002798689949785,0.83668881463213607,-0.71807066537137421
0.11188435245569331,2.0470660713772206,-1.2733789840445542,1.0013341861954506,0.54485482034624177,-2.1802519472758828
-0.47335826483657995,0.84629031957072254,0.8245609494466617,-0.061814595193336562,1.6417859216158595,1.1206021752730067
-0.012462560386809006,1.702980748552418,-0.22161019662993847,0.10185431012267955,0.80653915065575399,0.09448253028935133
-0.32134363718155184,0.34122551975446597,1.8770610185392251,0.35337133002933069,0.83989067885115887,0.64324664713842028
1.0048421716891669,1.5681466979231649,0.72816337383149798,0.4440521163806681,-0.30051004486202698,-2.291239930864283
-1.4094440736385407,0.30804479784919908,1.3352063283176336,0.018169842973065255,-0.82761097461316147,0.73993629080333712
-0.22709850388880037,-0.4704205885664941,0.049798640107328408,-0.29753130936080979,0.023334166773970769,1.5656925093702601
-0.75541528647323519,1.4520448687775502,-1.4991732417646009,1.2152219707814333,1.37877661114186,0.16285294859986266
-1.6732529062938202,-0.31389811674491142,-0.62275506926451474,1.7695556215011434,-0.17207575502897307,-1.2331833161019814
-2.049697292126103,-0.25832608724981976,-0.14691844977513793,-0.88932331278528598,0.92627570309951701,-0.90840756705083747
0.30509780578882501,0.15019216629742582,-1.3734000378131961,-0.18931531009225336,-0.51705151421594786,-0.1426796335541155
-1.61477598549186,-2.3988990435540156,-0.40473640086308049,-0.93587874802298698,0.80898743742318624,1.0973658056479096
-0.57617072818673587,1.4652026059350662,0.88282363162024546,-1.8780390057093448,-0.84257203564421634,1.7306828314334581
-1.0885785335527842,0.5688824704186809,0.20977152862604359,0.40290903124995364,-0.14393079915343354,-0.36341896231541332
-1.4263139961394951,-1.0734816730085592,1.2694484166517086,-1.5286581047408929,0.77853835991440767,-0.98147207265444725
-1.5317659470961338,-0.93551243622930913,-0.656343802762688,0.53624542597023206,-0.63222296320449678,0.58514784462698299
0.45649493772774619,-0.97876919018982289,0.01830775541517287,0.26218793024141274,-1.8648176627318149,0.26118958378329238
0.1652412988799723,-1.3052813026894134,-0.065703722063115144,0.88590007481425903,0.75191932266249217,0.91802573184078928
-0.24994050448467414,1.0802743316535843,-1.000690506568255,0.58158012676036719,0.39380228407418666,0.26518897463374252
-0.30813229337902442,-2.0992905091643848,0.69743539519917097,-0.7240626953366478,-1.0713934525242093,-1.328572689888285
1.1373788928363922,-0.26451174916618164,-0.13617724209413989,1.1240782766887591,0.29178386612295348,0.15680139166381826
-0.76905809243087231,-1.2358668598395401,0.61034736437589188,-0.2479267047639909,-0.70355758450244466,-0.39968146688932332
-1.1277896383197596,0.38686934166932901,0.090346240638630282,-0.73985390895809389,-0.70296848543403589,-0.13113853119061369
1.1026358217173464,0.80447435944557766,1.3218412696773398,0.16421695651667059,0.20118237887374982,1.0460417810522178
2.4499347925087673,-1.992351718486397,-0.81687885257251625,-0.23946982982628537,-1.5322356432622335,-0.43432650314691368
0.79673370365482676,0.79618921196323789,1.4099325345412335,0.89055748297206005,-3.0454797528101127,-1.5318747319988375
-0.1817990073774218,0.37377930270807597,-0.59610332765129603,-0.82893482141766994,0.79133840159446678,-0.61182221491374122
-0.207720907678277,-0.81977863536724171,-0.37831993474315728,-0.72252224280403654,0.99785346857465884,0.58886980548252532
-0.37334976845756507,-0.43339187234890697,-0.35448684415434978,-2.110289200479563,-0.89668490825797642,-0.068716415254653038
-1.9048774416587451,1.0256941620325359,-0.4695482295506137,-0.50073049462534358,-0.95618204760709891,-1.5581220733793495
0.82438738189202254,-0.42131767286951821,-1.5427203829927576,0.44826147578603154,2.1945212766621816,-1.4708037337682123
0.69197248004296907,0.11595919088351203,-0.81097002698329279,0.66947209733605295,-0.83753484511945131,-0.22256756034792899
0.070823039609611643,-0.28936972530542543,1.4766498834653408,0.45768361226492055,1.5965832086590905,-1.8129405766655255
-1.6038836546068551,-0.26446420568868367,0.16539234273762907,-0.10572364800378155,-1.2302714793907519,-0.50057393812373518
-1.7158651396754301,-0.046531403076043983,-0.63254808456742695,-0.27914464867334449,1.2236627892537297,0.76596358678364873
-0.27690896614112837,-0.65425650310602768,-1.3585462398938282,0.76370488788649515,-0.35387586521022907,2.1974735132606114
0.29900811500093977,1.3182232189702878,-1.4413921609555733,-1.388286094326429,0.85495454437015206,-1.5488272702438648
-1.6692331411684735,0.86248861772213059,-0.18543517367152054,-1.0631165752069069,0.32918903499154911,1.0296656458367943
-1.1524608684675521,-0.29037133572913298,-0.72814660085810767,-0.3793291196380893,1.6935021806118151,-0.65787963857466281
-0.66027136666590169,1.2265002330072867,0.67476466256047229,-0.3428339557472514,-1.1071577495476941,0.39844850623939854
-1.0894231471374134,0.26249673737206902,3.0761819326921533,0.2117878434268512,0.34578234890470327,-2.1504103016282765
-1.5800471369536382,1.390562906567421,-2.923360714980046,1.4849179309985829,0.33666457732007327,0.58441493058892102
-1.1082075104629061,0.025169010620759536,2.3969005682309295,0.58538722396061083,1.0748561067669526,1.2264927014294174
1.4363215117322199,-0.17317922052779189,1.5985340076856862,1.0992634385898759,-0.014774212283452349,0.042430859469142539
0.35616045240290534,0.2180573260677468,-0.93176971719939006,0.3676719982939437,-2.0179783811251166,-0.79943290026206104
-1.4971784038649849,-0.61617663452797633,1.4642891900312995,-2.6137009333193526,-0.78162371288416055,0.90068821135244848
-0.15730413865259643,-0.64635121291411846,1.5345530968775751,-1.0380167865610079,-0.21088868847240155,-0.2866144932935879
-0.1675280506989916,0.55693744650760202,-0.43903498644942712,1.0194682992742079,0.21326744175297935,0.53844526281966043
-1.134683524055961,0.42432897097647027,1.3547944550511106,-1.1302060142406509,0.25148183044781314,1.0197901184699303
1.0131453177969143,-1.2406647739689847,-0.8569292503070175,-1.5848575335703956,-1.3717685071276613,-1.1368309263268386
-0.13376805621917642,0.19288214211956262,-0.42349099326793865,-1.7657886918922829,0.079737960184279574,-0.48369173712638308
0.11250859910592907,1.2519463987619102,1.1409908421921713,1.4185476047673236,0.79094770173317774,-0.020280201908145518
-1.1944665855482208,-2.0562833353037613,-0.029218060282568365,-1.5007179482193316,-0.50358618512923803,-0.69064674099043344
-1.3609637558699916,2.0647858460144519,-0.065567322720484905,0.45654288913335478,-0.94232310102532235,-0.34629176596183431
0.81147627867513605,2.2716275333620302,-0.023352916693014591,0.45090082307820362,0.69006505178548661,-1.4189039673143076
0.38742310439719768,0.49471049462647021,0.87381568182662861,0.029219014059502457,0.55064474508198913,-0.38726247678227121
-1.2684016408198975,1.6063222494986651,-0.88602237431236719,0.084268077593766352,-2.3166600729133067,-1.7307366949998075
0.4753288539454173,0.18966715048026239,-0.65598644942920314,-0.17946232488673958,-1.806122048004458,-1.4425937596792746
1.5466551547672349,0.52019802933480674,0.52230574986891809,-0.82045613007348706,-0.89562910532071982,0.76234586524279335
0.45663023334778519,0.1148485881976513,0.92826157675669041,-3.2130781137621027,-0.157857149902874,0.37175267542057011
-0.7096411479244622,-0.3250927083956357,-0.72556177774573749,0.21457487232646827,-0.60483276939966057,1.1080406288938607
-0.29114895483415659,-1.3157798246939372,-1.6262446605584244,0.37740646407733519,0.39994996203924954,-0.9286744245793187
0.90631700866485898,-0.87215802185972513,0.13180140696183229,-0.89336107003620913,0.65547637157592287,-0.82392294108874331
1.9738047734979458,-0.4707602276491929,1.0950591973698558,1.1578782982257636,2.5204954171058271,-0.63665680902934363
-1.5740992586118538,-0.83289838018701778,-0.019169997484306724,1.3036435526605199,-0.50191723240683261,-0.65045521028402231
-0.60796327744126832,-1.6618684007097773,-0.39799685944826479,0.16800421100073717,-0.5694173726295344,0.2066753878615922
0.86765355687419699,0.38464210200506149,-0.1623680225908157,0.69469805262133,0.82697233278570947,-0.23871658572625387
-1.5174084440507858,-2.4994259684637501,1.2761844790578203,-0.025786597286240918,-0.5458426789569546,0.42537713271196531
-0.77094048811663174,-0.37466128058389708,-0.45036621520455888,-0.3448660006328691,-0.33262508505755106,-2.2392208040650186
-0.69235555888062916,1.3247656802371188,1.0304593047725454,0.38298143787028377,0.51083150508071951,-0.52331571377690389
-0.95057628173015341,1.000991492081355,0.617307149699726,-1.6729939967123635,-0.16890912375084219,-0.35218748741191636
0.2594127355398268,0.89961281726638354,0.184081282356783,-0.38729355726159531,-0.1599972607734734,-0.22329686119827435
0.70121461915153938,0.1486464276956227,0.61439409884115215,-0.073046495453849461,0.060280704418579932,-0.51933243085572567
-1.7561107991167828,-2.1910372151489046,0.82923489896122249,-0.84336710151604033,0.69601328688708219,-1.6100312738549676
1.6871618553356038,-2.410962643791267,-1.5413145282635219,1.5009135634509374,-0.096586305950250376,0.93323600545738616
-1.2451093347592965,2.1550891146994586,0.6458127696365864,0.65792261259160445,-0.074014961079914607,-1.7051372769126771
0.11077641533338427,-0.15730001775032126,0.071468031111791994,0.079979156955983108,-1.7456852813375059,0.69449330285033528
0.23514176512912391,1.0027143808441363,-0.32653489748836667,-2.0172468303501345,-1.3731102347936064,0.43295394404288579
0.32306611549501574,-0.24064904804698939,0.8684636176042948,-0.94091454208450309,0.88809015561681026,0.16786510137515478
-1.7229095797066198,0.36754688465282198,0.66808851573809391,-0.17027633736504025,-0.32314866684469185,0.67590131004729714
0.02350116835965672,-0.18501343000976944,-0.39183246924642923,-0.080480134185566612,0.07167506569175848,-0.64338168757404157
-0.92938758004820166,-0.39061791171574284,-0.18395756460460169,-1.6862797673463008,-0.62052101293177941,1.0931898896506582
2.3566982293031411,-0.44706231360883958,0.58823905038266833,0.50312205841142721,-0.2141986066967155,-0.37864917757940286
-1.7335431866923197,0.62580047695815166,0.19835676575210526,0.010582743327543902,0.83345437239006637,-0.84926585649350261
-0.15407792863308664,0.32036156856849535,-0.49011679614261738,-0.49916581053042841,0.86074477329588694,-0.3653591797595398
-1.2628243925359113,2.0119609353089252,0.18234263111314392,-0.42951830480416281,-0.12484234662430171,1.0395481210794784
0.16077053975216221,-0.16109325165932675,-1.2065345314411904,-0.51852775227741921,0.047267743934850559,0.5472213672629439
0.43341367502284578,0.53209266606308514,1.0758571528657519,0.96984830905610098,1.981458350060054,-0.58061770188853035
1.988540731411766,-0.60292411578802974,-1.4238953465319881,-0.40757702466164725,-1.0565175388661276,1.1491308084271261
1.5626811781479528,0.70541258903215642,-0.16866858246928126,-0.96550082658749159,-1.0330000372307591,0.36459440315121583
-0.62418373085514056,0.075948176910969376,-0.75403502930877597,1.3848011523548116,-0.27229583518793354,-1.3121597214386624
0.7124423115325077,-1.3897755475837981,0.3673362979152397,-1.1300902530400248,0.52867863240212187,0.64058155276648987
-0.12702258479205572,0.45292195471304347,-0.1802165380319084,1.3923481608167236,-0.94975286308665352,0.094929610535895534
0.53871173346386902,1.85573427455448,-1.8151628757343685,0.00012093645766413464,-0.062597263083184945,-0.14119460248694921
0.71569544276185082,1.3789175560404199,0.84298370973619818,-0.1099346878849663,-0.0099542835884624363,0.79671482412671557
-0.62010413019156996,-0.48859803061378998,-1.2443595397754303,-0.69172162248119051,-1.5780353988039388,0.48052621179153326
0.9484285247694626,0.22835944277123804,-1.5587673506657285,0.70714434997530762,-0.38658223291196897,0.9882049378904787
-0.45365215285678073,-1.0231835877472952,-0.14528454285102479,-2.1981337845847984,-1.6710034593111109,0.55685372596536309
-0.91768650173974531,1.4201051658384753,1.3635453741564365,0.78966975643630088,0.53857545172553023,-0.29179372737482762
0.90587633915925669,0.81093871724004618,1.0805086279628773,-0.5805511562462915,-1.4652680031393202,-0.95458385656957079
-0.98440889831366718,0.65590415302985294,0.6624086914748103,-1.9459838585679086,0.051686896645566943,0.54080719635215591
-0.56363793183392363,-0.57614153767308462,0.80115069919537818,0.46575196103302652,0.71610433314394706,-0.68718253797276163
-1.2322434850757122,-0.34753359860913902,-1.2133370415934706,-0.66059094658833117,-0.027030115656461604,0.73312357505342718
0.51296550215328229,-0.02400606227724732,0.16804391310199771,0.77754042592565753,-0.064846464975353707,-1.1332411306107459
-2.0746191058402985,-0.065277056226825753,1.5578881017406301,-1.1738643893468335,-1.0478112947899183,1.9153196361840343
-0.75473040966050675,-0.75474417415789996,-0.11383084508015436,1.2673421087104912,0.32785943438556608,-0.12272049944439999
1.2701624093771777,0.56760299397916236,0.90288375926743425,0.41035350881156096,-1.1728004835876027,-1.1653703662723032
0.22601239383544669,-0.16364344127912608,0.072333945453629353,1.2325767919400581,-0.48015519138888491,-1.2384588810682249
-0.68954202167487022,-0.25010735760294561,0.77824306566766888,-0.30734146140530388,-1.2232673843634601,0.26810747189190437
-0.45951684032501888,-0.079176807469257038,0.10520576915348429,1.4075691210977974,-1.0010641057571688,-0.15720343865309855
0.068096507624680891,1.8830361882258631,0.64400853855039242,-2.4038764800889441,-1.7264329281940596,0.23906156249075061
0.69925987288282887,-1.1456582812394873,-1.3650000505492894,0.75914612281761085,-1.6789469346235293,0.73501935641502092
1.4762387360943445,-0.57545528062211082,1.2019398948707227,-0.41592608635721207,1.0129954863068344,0.31240985588999537
1.6672725982335797,-0.51389425221065599,-2.0628556605248467,-1.718793926221069,-0.65457174090767589,-1.3618689675099558
1.0857938112347454,-1.6671896792044627,-1.5902015847859952,1.0820755539859725,1.2602650335278687,-1.2364053797238055
0.13195007263977993,-1.0990369291927427,-1.7286501273302193,-0.1051875084886281,1.3228774259228162,-0.24234872987992501
-1.665418456680922,-2.9651501088208372,-0.28270697178665383,0.86161077008440234,-0.0011776082825543514,-1.2124156858512598
-0.028617135116883647,0.68971788406715384,-0.73392177534736081,1.3067248109889751,1.2698076589668967,-1.0636540229182632
0.74298302222171564,-2.0287877717890361,0.15630508606310367,1.7213570879933193,-2.3553947202627512,0.52028443161483096
-0.4185802140193875,-1.465846071897039,1.2489265038248329,-0.83808953143043763,1.3701521161797159,0.29599629262723931
1.0535616139841915,0.2298011620060402,-0.5041079777917914,-0.16470022333283646,0.91801011333342297,0.66225414825279272
-1.384653278136065,-1.1956703469255319,-0.11201471278648238,-0.82608624816152354,-0.2429015792398225,0.55390572731298238
-0.4069381400980156,0.68260680604213264,-0.47879316094528607,0.4877942968287855,-0.43658300537105232,2.1780437854260226
-0.74817252327558148,0.77715961436935754,-0.77398494139029184,0.52821432529630297,0.25390131303343372,0.73850712214458358
0.81159786643392029,-0.11799692625642559,0.13492656113220231,0.62474102549852617,-0.93970062228977602,-0.20883736181568183
-1.0324619675915501,0.32876670750341846,-1.9408160077616448,0.51368329834768789,-0.83652440781486226,-0.008930799886206528
1.1069359512382293,-0.30940770305360782,-1.9446264753886446,-1.7702702483324366,1.4638979386697855,-1.838963652102118
-0.98684525285990443,0.84309957939480118,-0.3845986333179387,-0.36521121186275934,-0.63640949079954134,-0.32247443803510478
-0.95957920078626779,-0.10234325233185645,-0.66134465645683027,-0.16151928406195337,0.22967808067001966,0.67024852976913785
0.97269032674174438,-0.76954066925312381,-0.43486408427193973,-0.01252664345974701,0.27247296661069548,-0.7229396448449863
1.4341440216020458,0.63848006780331612,-0.48723934944034553,0.14376518237934038,0.48479068084534827,1.6611214766366567
-0.9875055177841805,1.4427722473565967,-0.27717139822215231,0.26177203124483372,-0.87533368215232832,2.0625443917700008
1.6566101116981706,0.60261635507840561,-1.4645294683086367,-0.2896965211645266,0.61784069249816143,0.19934514769115283
-0.74581884015376909,-0.084241842172383133,-0.7252273049402731,0.70347955487353775,0.43365195592158801,0.98589835294859496
-1.1609485452519082,-1.3376083384933883,-0.50656322041125479,-0.74494713617328967,-1.2847310810536481,-0.39379751586254202
-0.99204314402472293,-0.57622391642141868,0.080276090355454438,1.8126311987780548,-0.78478159334677478,0.054005564693081369
0.86747182820408408,-0.33837451236296606,0.71146796213356966,-0.36906930544916983,-0.68426979427583412,0.59382554826626655
0.94233996750657323,1.0332136376368743,-2.4681923141333244,1.4251094891567209,0.58474687757418042,0.63738835518676717
-0.95597298299379541,-0.39950585222641927,0.6946629129156352,0.70639720734878442,-1.5032317407150386,-0.8907194815285493
2.6749097912569098,-1.4908875012241074,-0.98183000875145321,-0.26351279760376317,0.20671501936561387,-0.25757840055173514
-0.4874000379690861,-0.32674937555757039,0.85986849573416158,-0.33537492833359278,0.11300535818654447,0.11546002350781839
0.41358659135496001,1.2611596474636675,1.5752150092937949,0.73772194379203881,0.069428969589616238,0.42693217845025677
-0.86642047063282746,1.47880563717917,-0.4679498974518112,1.3334362815152359,-0.86771560754541288,-0.16558197342258207
-2.0741040815509146,0.29105587382817699,-0.57814116341250488,-1.2017269784134625,-0.17633170548890878,-1.4742554608319189
0.15965413806101955,0.82346057678688078,0.10579776913239985,-1.1855614308176015,2.7963444739492762,-0.10776788837147222
-1.7743386361386553,1.4815554810575668,0.65152466408477472,0.73037772133665946,-0.55906244462701882,-0.43832669832232268
0.2791693315867731,0.39575768908401016,-2.1555055404743269,2.1494565260863445,-0.84277322895198381,1.0123627832107489
0.96737061441869232,-1.3255806415711635,0.6865167389957223,0.82968526036617762,1.2021928476482897,-1.4784705380357313
-2.0238872340126512,-0.36144335915944392,-1.5407916958131311,0.88463879699713788,0.88571405172089102,1.0060259979254955
-0.058781819161458387,-0.63089127463694261,-1.1669860818041911,0.058469190785316753,0.15299190001453747,0.42257917623500374
1.0541588512152453,1.8229719252378591,-0.42670437308663839,-0.13673128151382549,-0.0059448334689788628,0.57120492902868347
-0.41594451518967707,-0.72789687978381468,-0.48878117037941654,0.30465880282678892,-1.3222272027663828,0.24825452237125906
0.19215489750308892,0.88998718828543499,-1.9115686364938884,-0.94812720143146867,-0.55969268783360027,0.14646281792825117
1.4496984068023901,-1.1320473891352001,0.014111275585550528,-0.9437886725928617,-1.9599549692592704,-0.76728386062731246
1.4313807426699749,1.1931939531499707,0.063002649802334387,-1.0630886982365186,-2.4363889877858433,-1.5242567859351679
1.1440716638018844,0.69338060058941609,-0.085744852639248012,0.2174358804139202,-1.0600091079454821,0.53598250334991637
-0.2501189605962002,-0.34564286065729777,0.66538018940106347,-0.12980792653338175,-0.2719308347618698,-0.5854797641107865
-0.62842273781334013,-0.33203535683588009,-0.57552041599401826,0.12437966868956182,-0.056523791884187602,1.5172978124548169
-0.24990652242671532,-0.5869025003738878,0.16922225173068603,0.98150976433989667,-2.1505574164512229,0.37721997736787172
1.0822864005053336,0.44375756881164063,1.3637884450352564,0.17676722818140175,-1.6414754135378211,-0.2136262019343772
-0.42839804058851638,-0.64111062706758326,0.77731948740913304,-0.46115550169154318,0.84978668727744999,1.159266531879096
1.1191451370079177,-1.8972167796964927,-0.084476371670858627,-0.87112980455113243,-0.1199196494906528,1.0570585945302817
-0.86956434863738774,-0.51386818276926494,0.0067938634160747448,0.21625841529302797,-1.2133965097140587,0.071339042504672712
-1.0270374637288842,-1.0522679541355218,-1.0205494937909538,0.094142674759626815,-0.55726655163233607,-0.34828552532317802
0.36253214021420299,0.20355222176692125,0.21587269607219528,1.2023118975594633,0.36119564451681424,0.27270025698156602
-1.4135381352741334,0.95578216000967986,0.51878041299124578,-0.26947540175420631,0.89027558188448319,-0.90582395701181595
-0.78541981077486434,0.58065328390370496,-0.43096326857684714,-0.75027537845471926,0.10612671761188212,-0.92475816824161783
1.9257303716699432,-1.2300695624231979,1.5780005716779422,3.0415821874492859,1.440424909482946,-2.5014628070314484
1.9051216206482802,1.13663551258342,-0.23816187418204032,-0.8221304523109465,-0.011205282283477048,-0.10378109342349644
-0.1330995693846791,0.24765572841626465,1.0324776765117203,0.90678973309404531,-0.24463902610235944,-0.90009870056269048
-1.2673428915446783,0.12126222433321225,-0.25538887281151379,0.90001154391714633,0.17862313225019807,-0.33399388039246775
1.054076848149774,-1.4344847785163761,0.12060065366004129,-0.71482814793260074,0.18281299177634713,1.5290060309371529
1.0836821763386044,0.26493079230992111,-1.6815776126119339,-1.7991988785762367,0.36570724325749165,0.3389571280798202
-0.88577940756614137,1.0894170523727864,1.3110132428750618,0.56680578528161651,-0.57806352003633554,2.4085154767694568
-1.3534111182239581,-0.015095543831059573,-0.49101329655312681,1.7686374259956754,1.749962553492074,-0.25888030603194606
0.17115962787508296,-0.88754009438266968,0.48797402592417211,-0.31560366906823401,-0.40265693687264981,-1.1706412693785955
-1.0991009532535987,-1.7392165745748283,0.19262377112821544,1.1834257858580026,-0.69843378133240275,1.8366743355700055
0.88349203492440687,-0.85397068973117041,0.85198023102311815,0.37880419951877398,0.31265742741773378,1.9630882978256625
0.99798357894578282,-1.042559778443273,-0.85845632509239822,1.2317202287093383,-0.16377856423392934,-0.08972849104661762
-1.3221754222109623,2.4423889736112572,-0.24705229187783478,0.90901701975579607,-0.070188039401834768,1.2242872770019526
0.65900728075773984,0.50668296774072363,-0.89758846264931169,0.35995915340791668,0.56188827557901311,1.191073215492167
0.64878979901006695,1.3444360039630125,0.98214469654728365,-0.29126035158359426,-1.8638506066427674,0.37188517388162173
0.56434470902422207,1.0279097830303345,0.25015148027203316,1.3383042384416814,0.44791564725368027,1.9664163945801665
-1.0364851372574457,1.6465735430226307,-0.27290111721252203,0.27544563799133942,0.22150145045526412,0.025432917563994527
-1.5174725735449224,-0.55861596614333076,1.4376258622869489,0.1068988836702274,0.74405339888366506,1.6009051092818893
1.5241979999251631,0.25065358873169985,-1.3614363763997774,-1.2253860670181862,-0.46851156088327889,-0.71690735359446933
-1.57808715122875,0.59655586189190812,0.48447261536286512,-0.22103664868118636,-0.31819955984692971,-0.93945008183145551
-1.5054137893273234,0.5606732307134662,1.133281964349699,-0.37313825757696323,-1.2425555678535622,-0.68398859060513739
1.2629296159404999,0.51585410098554063,-1.2771741106495902,-1.610644751681279,-0.60437810280201987,-0.79576260965007983
-2.1726594379347404,-1.4409323057038534,-1.1786501481196354,0.38953495981389563,-0.49801326279994951,1.4949679861194027
0.089393342471171353,1.8216880250399414,-2.2877787914458283,0.74262703908827155,-0.94126992881088722,-1.7911960202953257
1.4532648914979869,-1.3663726443041468,-0.51973974392373212,-0.41257795873399372,-0.39275289055300833,-1.78247426025516
1.8677033765916846,-1.1923020104658306,-2.4019237614138933,-0.10801001624987486,-0.727745611073504,-0.27864128571273028
0.71851260148465446,-0.31115798892507823,-1.0594520547108941,-1.0884566623306653,0.35346111507069,-2.0649883767847697
-0.044417030196376189,0.93929718256314487,-0.46396251064299254,0.55650009909470055,-0.24345169621713222,0.50490587473744974
-1.1064185287077164,-0.76111666935546418,0.33352766201080875,0.67431671886529676,-0.27489220653632557,-0.34020918076987577
2.0082093686392106,0.0072363215533758907,0.71659710675950983,-0.49895919385590359,-1.0302494904230015,1.4023921769276722
1.1296229401540616,0.75889728492046604,0.28172719226655607,-0.82136042218610061,0.35395425024334309,0.63301189637144339
0.60208569271591506,0.24574496211729149,1.2282351198919281,1.5986613456281098,0.027841282601023327,-0.53224201749387434
-0.25910770123085236,0.70368614021787035,0.071667859328356037,-1.7181537174966059,0.73601114580568106,-0.87384043580932336
-0.03820374010599796,-0.22990291818168385,-1.7361445790322116,-0.71360240918821316,-0.48313483741275387,1.0391858065215622
2.0401603466772369,0.26164208567869357,-0.22491944177821646,0.3755694015174928,-1.6264226219605593,-0.71564503026217607
0.788416655370486,2.2932369165607431,0.18964760158114138,-0.76527146792007272,0.14915118222900414,1.1241140938245822
-0.18999850910793559,1.4958792850236147,0.30830565236348456,1.4135651453036675,0.15153966523123111,-0.13781601173863089
-1.5073718044695366,-0.85140254785639191,-0.86807315402934337,-0.72591032641168973,-0.0082326105751976651,-0.079325764534333917
0.30614884521895908,-0.63583641824065107,0.91626851648261587,-0.14273168658661442,-0.57681827366813099,0.37313960595561535
-0.63408099733963197,-1.5066075965164263,0.63557997235331021,-0.27223168920967228,2.5964741146033523,-0.9213708110466986
-1.2993270262058667,-0.8584827682752787,-0.83865415558256273,1.883426372086497,0.22293299283155521,1.9258931788998948
0.25327029660777156,1.3491024839781365,1.9477995398338479,-1.1579975589974181,-0.75628460998642311,1.4960503906401394
0.83902210921714437,0.53154961071733398,1.2453062810686226,0.24529918237018938,1.4107627859530076,-1.2204227871822531
0.20239229245781964,-0.36771205375202626,-0.057019319586359377,-0.67757433255713806,-1.3962685000271327,0.83963382932055786
-2.0414628476846337,-0.32128090761329348,-0.69567249625931615,0.38350280324609576,-0.35729695720749283,-0.32218700536527833
0.49875258835730779,-0.55274686377362781,0.048906616230028094,0.22912475369949251,-1.7778872262009904,-0.77334436003064932
0.72257083256671228,0.70004896842661957,1.1066572524400646,-1.2108705691689925,0.31873380483035518,-0.35614811404382762
0.077770858571490922,0.92166458985923405,-2.1215866781956101,1.816115753566645,-0.50898407227253717,-1.2224903317236895
-1.2211190141085797,0.9147677744393784,2.0256322466127785,-1.0383265898429765,0.1212879073991158,-0.13417407823835023
0.35521599279987937,-0.17654253573760958,0.46933128274706926,-1.1683736951069399,-0.51689576627765887,-0.5706971209131424
2.0104562536294432,-0.62629419140268483,0.13013596085312618,-0.33244293816594545,-0.54326038587976178,-0.53568897841216967
1.0953464079113564,-0.57844860120593422,-0.98691627799142911,1.3108200754458512,-0.097211643377251966,0.78805145985225633
-0.37878478411827532,0.78350455082114079,0.30541726467311625,1.3934411406419143,2.133845556874133,0.66088777554980593
-0.14118092240889724,-1.2765674575426835,-2.5195389692655787,-0.11743555645720173,1.4969332733797376,0.081712925255628829
-0.061769274462976101,-0.3085933944919273,0.53528581001087405,-0.98392146440870654,-0.16258823435954678,-2.16991927711861
-0.80880400433775734,0.33217292274200111,0.21762154572856868,-0.89442829385387734,-0.031314157068878821,-0.56512322706786633
-0.00071058917781092893,0.17646275275805173,-0.36436949251776196,-0.78730967937277485,1.5099888090899791,0.75202891835076235
0.1915877302801702,-0.34649890846602766,-0.274385580927971,0.96330846557013761,0.75802553685235519,0.73844681801018219
-1.3493883412697822,-0.42384221255471233,0.94530779661550079,0.22539511538641718,1.1398216970588864,-1.3047087792200305
-0.63279343463693305,-0.53735213922994318,0.48595527260530208,1.9186585884832561,0.066961993568518993,0.055750307343373329
0.43546477535443084,0.17476790546160165,-0.11185406826637681,2.0827269392617143,0.11826426160451747,0.29473333463988294
1.9338861089612283,0.15249353525008369,-1.0160005744904534,0.42250553488982412,-0.060993913745865241,-0.6135965392911068
-1.8405606960357082,1.3593063711671425,1.1775812095477363,0.32570649546280206,1.5891049017004926,1.5180975541101827
-1.1488451143364038,0.91641480468142478,0.80876099879657259,0.54805934846714477,-1.1419373854800119,-0.22947659737779502
-2.4195974548603214,-0.42196407383440071,0.29333341173229477,-0.056729288737286096,-0.7369791034613612,-1.2559269586491075
-0.69254089185695999,1.0876017924488206,0.51795896163349553,-0.23446531249015495,-0.14162604447193761,1.4529815841655493
-1.7056162758322926,-0.089327815166586735,-0.36831848226212188,-1.136317734152928,-1.2407035778913205,1.4346932525006135
-0.80141617196171266,0.75665811978559161,1.6463793520539149,-0.027945737439483906,0.73289311526471357,-0.67636946852754265
1.8679510895925684,1.0799461497431861,0.51458016443410437,1.8453552973032277,-0.3289762490599239,-1.0845265442625629
-0.020513789773741669,-0.97748073129934765,-0.58670377134591944,-2.4267329539420772,0.24999058415652894,0.55794237657008006
-0.76099697266671495,0.75834123201802783,2.3115969950059809,-0.70816935607760267,-1.9428263191379662,-0.12365193186243026
0.38877138729219257,-0.54002099559220706,0.29284945699291492,0.19509632568472826,0.30164531205842876,-0.38326766313124067
-0.49128976299938487,-0.14780195471770194,-0.30624644281622004,0.98150236178503913,0.96172008732625036,1.1907324680503149
-1.7481324347413074,-0.32038184542598958,2.2006827358553731,-1.3096860049559507,0.016876988448016557,0.71187300160640277
0.92443562052533956,0.1294963000427016,1.5660021680235781,-0.71074420160775675,-0.70239529434544012,0.10743466354304702
-0.85487714825736449,-0.92522191752188221,0.63092940023356503,0.13821112117907403,-0.12410450845645579,0.71273735614347711
0.4097119718468164,-1.7789564518561287,1.3579042300153581,0.75233404510482071,0.30914090995185184,-0.26979909724187695
-0.65954061886430604,1.1995999013728791,0.72071312751466476,0.4389270825512801,-0.78941789514865579,-0.7617742824629119
-0.76952152671482188,-0.93727829725141598,-0.50742898724170571,2.3431386595957622,0.48778918611593625,-1.777550872102527
-0.41024058168673616,-0.47017987294857438,-0.98251992744658656,0.23201478642751605,-0.29653238809928661,-0.065229822341196342
-0.13019362039742521,0.13901408656280145,0.028026040506369011,0.02800757734731741,1.297068423616148,0.67399472888228973
-0.040785870981661095,0.84790735419787955,2.6010941116487998,-1.5165744029041819,-0.095015874382508844,0.93663632214273129
1.1103311263266691,0.63491979422810119,0.81395034059918447,-0.25263497581990263,0.42607542175450991,-0.14187974178821616
-0.94353558696972573,0.73475096608312984,1.1376366369815727,-0.427672604638478,0.69218357678881126,1.0515954564371681
0.48106981859650227,1.1342373971634854,-0.18485454652653086,-0.055000654765531169,-0.66660556097613022,-1.5273232720345686
0.23397059042528548,-0.93322227031773608,0.1922088326412314,-1.2188610801535043,0.4249675978504065,0.34562515496386254
-0.75460985890474241,-0.58652978612518636,1.100159487101972,0.13410264564678728,0.098167823992003453,-0.53923109876566211
-0.13500004339718935,-0.79619124759904691,-0.39498903640179267,-0.29003586516086793,0.47622231466262199,1.2567299095378592
-0.17985196890612631,-0.056603054740922684,-0.0037876043801549366,0.27289937203214287,-0.031394755879361573,1.4088814230181017
0.41698762137894246,0.042839995787088657,-0.41870200223087262,-1.058043414022257,1.4655816811836724,0.57511253035991527
-0.47832736148286042,-0.13637169250916262,-0.47057143509533922,1.7294529501147771,-0.80978914749890296,-0.16413550496932794
0.54755214634734839,-0.047640622274213638,1.3974701136858219,0.92587771082109582,-0.94700050652018652,1.0406040422838074
1.4230191455868597,-1.6574018911852857,0.051388669430001852,0.84519239230841436,-0.14387127913434267,-1.7465290614251503
0.62441818875131716,0.084648835077900456,-1.8567533287827189,-0.27725069096577071,1.3786013338029406,-0.93967524023568172
0.12803717782194135,0.88220463006711503,-0.2296806711280252,-1.1800664180936951,0.34544341495894565,-1.2576688518678214
-0.37061061914238197,-0.8838207887525773,0.5354642342003576,0.26395622004198432,-0.12299758380272914,-1.0989989334919594
-0.016763983668099398,-0.079033449067152678,0.92821427188293593,0.77624709859220076,-0.21084956776304573,0.79094146990268488
0.2281259783197834,1.7054375965877373,-1.1639971952533064,1.5038845791227669,-0.011135150581934471,-2.0911886306806053
-1.4643031270078266,0.0056729767403556871,-0.21399958045531961,-0.75229388365172323,1.1672513364460022,-1.8812954205034838
0.37513468849909382,1.0377763015448973,0.34504510861417209,0.079455337312282021,-0.29927930453590579,-0.61005471949247814
0.84310602580441441,1.1234207819463584,0.71811751081191433,-0.60359965596793119,1.755298308421825,-1.1596433859024791
0.4686383063279469,0.69715225154729987,-0.29139017823289459,-0.24772135603976658,-1.2029411458515487,0.48398758668991843
0.41292403307382186,-0.59492552825093004,-0.55344467012804177,0.90721619684946808,-2.3295570411052244,-0.2586806233560851
1.1789608518957426,1.7208854376007483,0.54912744648543732,1.6384418434547559,0.15412698629031507,1.5230837579136818
0.12705442167534822,-0.26614181530541481,0.98253914237282147,2.1401624963566377,1.2395080706063364,1.1699975304907468
1.0452993048795511,-1.129048212142318,1.2147714383755603,-0.74135313085444032,1.0314441312003746,-0.95804583020637768
-1.1861509024339925,0.53145214760244019,-1.1653440983311407,-0.7663873391300835,-0.68763469423617951,-0.46712585764398357
0.16713448250362184,-0.66369186659330082,-0.38452999580683689,1.0974288906988998,0.13516106861179689,-0.26012925913937063
-0.80773825042141911,-0.002068315339574159,-0.75790919051149552,1.7159489952821478,1.3094351030926592,-1.9210573412842187
-0.53265850887141852,0.82890358650427387,-0.29496877028575141,-0.74686435500200454,-0.82286567079464468,0.75803233811754134
1.1246399268697707,0.25664542995512218,-0.73432221535504805,0.52974035370878125,0.36848213583492595,-1.4652537663841709
-2.1791913938520193,-1.9642599760962569,1.5153259072929015,0.86938265292958217,-0.02220528179977423,-0.89340047874167017
1.4627027208049885,-0.11883304618216825,0.33062184880785228,1.7091204927484864,-0.80457414358870238,0.0077347507616533015
0.92869722844133062,-0.1051361203156604,0.048675254173149815,-0.29012796804891661,-0.89727206609683385,-1.3347953146103668
-1.1582008860920929,-0.56861560712781023,-0.16205352057977726,-0.88889936533770875,0.41609040293417338,0.32314812436716811
2.8606958709501136,-1.0046313428468896,-0.37969994575844063,1.3570719043304604,0.21821655347374611,-0.83849024736192967
-0.070775654204226074,1.6773779935687425,0.56151139358370539,-0.58977673550243537,0.8488578782890891,0.69533390086156699
1.0050537856968984,-0.31819053896746885,-0.77205314337933639,-0.95674766624441843,-1.3060361161329401,2.271152350723475
1.9830984511430945,-0.92249563102842913,-0.16520020010625891,0.16572390789082661,-1.0437998390738601,0.6586951840402725
0.29401054912021807,-0.85918523668411839,-1.6748895827223376,-0.16970292639389142,1.6038794199874986,-0.29396180937634442
1.3574995742410547,-0.28660321100286934,-0.9974611569868771,0.66838711522522731,0.27176072989573585,0.092816661312764656
1.0472752501089881,0.67211228030692349,0.76617502548762784,-1.0288610380816332,-0.46891122416034842,-0.5260854569586062
1.3882889867599351,0.45631914449816169,0.6847668987243426,0.39125451390030769,-0.72458717189630018,2.5484856756364516
-0.2260802130223272,0.3881722609403111,0.6574617102034257,-0.98843933755808622,-0.20310197492400867,-1.0664641625844944
1.2398502138311516,-0.079776435472853485,0.32321797443456524,-1.3997435118360946,-0.13386945124419747,0.84919324915035665
-0.016380552620700071,-0.25330080815258327,-0.72080401470933197,-1.9221079246657677,0.12469524717802989,0.38216137107667975
-0.81878036880594052,0.29343077088073344,0.54454869135393835,0.38608965272823481,-1.0235786524267261,-1.4863854052758367
-1.7573854520382091,0.087648923098627776,-0.48737542141540158,0.78586983156971868,-1.0920667675994307,-0.42287026045605502
0.59965227285329303,0.44898449971136234,0.58644220620432541,0.92437278335734308,0.94377309151453836,0.86153665756247322
1.8052452326226598,0.67302774319522296,0.89826519694669482,0.5560468247466468,1.0003735936924834,0.99798039311718034
-0.21390225623766246,0.86133920220288551,0.035786623057952771,-0.69511000890825636,-0.24932634083361888,-1.2827371006107207
0.16988140802044402,-1.390484049927007,1.4531242695552564,-0.89231281060867096,-1.713321145213998,-0.020782086244472024
0.060824796961240449,-0.8715327945617416,-0.50714218810787803,0.96298589111583466,-0.43743936340249467,0.71136597689337167
-1.3455211912079632,0.6085403629202657,-1.0462505642617725,-0.863541063904115,-0.90708547583392629,0.38697145003330558
-0.52698683908333654,-0.79835506957062574,-0.20222932062669743,0.19587130916328885,-1.1917688479619377,0.95408335098138297
-0.36863604295448998,-1.9838067670290576,0.69677303892327813,-0.27719745202211882,1.6238264705509671,1.306224921672142
0.30517995637929668,1.3861091898092421,0.47098944752803207,0.35540173230617894,1.5292267042268786,-0.73534570135559418
-0.91781680577479674,-0.67629862569864918,1.479805407001376,0.99289100232816152,-1.8669876522652078,0.38357213768467713
-0.66074445102327217,-0.24605403261552422,0.3492611187622095,1.8197965964956537,-0.60879900584621738,-3.6586296081363785
-1.21963125541164,-0.13200521686907957,-0.43835890053781007,0.53187785986031644,0.16713465445449807,1.343532441999828
-0.32633963912903735,0.20918141003405674,1.0921635371965466,-1.0926524297927458,-1.2956579225202931,0.35304832878752951
0.39766175645271062,-0.69133065982194997,0.81689821636547399,0.8433923939269018,0.77214425177957824,0.97908603340148659
0.35049925271276,1.0733988706047326,-3.6234585940867552,1.61598572858208,-0.72229288240922784,-0.64623637662221911
0.12334964125296259,-0.55181109280565432,-0.61403772023732373,-0.24040072149583031,-1.3027185720513823,-0.58458744421344666
-2.1696984063280942,0.6384798572243866,-0.2009843895989587,-0.62877654967709606,-0.61714377883686855,1.163481872327274
-1.1936797770127983,-0.15887315118501832,-2.4944416448762756,0.50248470860252281,-1.3182639057230754,0.61232244034504058
0.28540361769036005,0.57113005910568271,-0.41074566093294523,1.1347571088667141,-0.22417562225167342,0.45328413186586142
1.6160401502301192,0.49852170779736615,0.68483699580096236,-0.054040811573356953,-0.54853109075336459,-2.7704272184707945
-0.1291929121638104,-1.0674268628637427,-0.33915525669448382,-0.25682844352276391,0.62152245072513645,-0.19121195411500397
-1.4394229559563874,1.959409523005343,0.56681833362357492,-1.4123340160087028,-0.55884693443693612,1.3363605543947026
0.84593069202461579,-0.048538890275332605,-0.11898246283949922,-0.89940282005453898,0.62937104796005061,0.29039006440602644
1.6716207600623081,-1.2887650615092558,0.5829817764326084,1.7004344202027386,-1.5080652754237731,-0.1667782845944866
0.25854114904638664,-0.83310141836752238,-2.5108748732229884,-0.97462610165989705,2.035585897562493,-1.4287843710587154
-1.63780315910491,-0.2795789150432621,-0.99071669160168763,0.86259851388606623,-0.50871136936904326,-0.13088244754489006
-1.0323106429677569,-1.7344377209635142,0.45603507247578851,0.71096631443634994,1.7566728393122253,-0.63929252368399869
-0.34243144350780935,0.94650289605865634,0.18361883155949504,0.92021896082065491,-0.85191633265776456,-0.33899315296358468
-0.22550241978078508,-0.10187745927113352,-1.1502697722806272,0.44203969761554485,-0.61957047988039449,0.022994532132747301
-0.74654799790426551,-0.90491146692197133,-0.049535828211495402,0.60031564412156668,-0.043021274374222131,1.6545749193457733
0.89828921131152906,0.85729516381970161,-1.0135012570420863,0.54919326471087349,-1.0077941791880809,-0.76930469189082151
1.1892530969629536,0.17376175701573487,-0.92002160154561918,0.36385038024200739,-1.6880288709508602,0.48216122607118511
2.6556453152769839,2.2377711186052145,-0.99180374390321113,0.89838046021987683,0.927895554193234,-2.4675245168701623
-0.1502396141202722,-1.077374036072136,-0.011857593457530005,0.70155031859057337,-0.70141930035664302,-0.75436162437342613
-0.84909168392096257,-0.40063071552500862,-0.31489781771770098,1.2143199628831851,-0.6197340236909481,2.3046850863941337
-0.50675912821344415,0.1590895767509897,1.1303455516261731,0.11026621447796685,1.6583126146429867,-1.5371667139852887
1.5218354852125044,0.70826363250034174,0.72465783129035977,-1.0807362282520747,-0.54292457783117021,-2.1207632243137762
-0.53382427726021886,-0.29140136918376291,1.4824003048290717,0.73287343326993704,-0.64907795998124418,-1.1791678219531272
0.88286715677204353,-0.91939614116610968,0.67550724690159281,-1.1035277248016298,1.5038977757491121,-0.77346579596417386
-0.6122374914697214,0.87474274551051068,0.53702532653040214,-1.6887724374078279,0.72702911014287763,-0.70164185061011319
-0.95507326054899488,-0.12701666607972942,0.99352082260149244,-1.3180234589263136,0.31464700904425319,-0.92300828920687561
0.54830240720321799,1.5200904617914923,-0.493056039555618,1.6962683355304842,-0.20622111027015128,-0.16157340549789942
-1.5399663979038611,-0.020612450542238901,1.0647623010337723,-1.055420241284565,0.13818664206598444,0.17102683009024081
0.7408201153551206,-0.046155351537284312,0.19506286616178747,-0.14808195076368588,1.0638224380023644,-0.62360667397079173
0.16042009930010062,0.90914344111649437,0.28543494063426106,0.06509482636341056,0.46193881433346534,0.92315092126926823
0.68574171917915927,-1.3289403376258737,0.026306547443539365,0.018439602342030216,-0.22981659041201344,-0.53189227103735148
0.35178750497897326,0.027890666749109248,0.23401321214423534,0.57777289508630469,-1.0388222135103977,1.2922620338129684
-0.90223818309095505,0.33273680531522187,-1.8913138228648469,0.72085112324404943,0.14832135324596793,0.23033094458598388
1.1903812118160764,-0.23433971127753614,-0.59119001177960517,-0.61106535527639783,-0.91516315868879117,1.0741900203147652
0.19316814397210486,-0.65598872831058908,-1.464547007939311,-0.052051171630661835,1.2964633089715984,-0.091278711167759541
-0.093580226653551424,0.076850104787100706,1.4136672768475227,-0.017211887129302394,0.92425884602477293,0.81846155533564802
2.3136957763412886,0.73863246979545882,1.5529293576101839,-1.9912165964445521,0.49659978343018146,-0.24219290813571598
-0.30380726523939827,0.11645505149307926,-1.4629298896707539,-0.028034302539866759,0.020445088991792919,0.83763139603407877
-0.40924391186978215,-1.5669730280764353,0.096332872020077093,-0.93293471810231188,0.78484094512292557,-0.040819930811013011
0.59845438210190482,0.35179751032416096,-0.68724111526372544,-0.22589287607306202,0.55964976971298119,1.5510238375607841
0.77861218328276405,1.1545819632390668,0.90945746825421425,0.54970422629619919,0.24977482150284983,-0.63782284048655957
0.5833426159837829,-0.46052234253828728,0.40465656897408464,-0.13831292242608426,-0.067861364019583509,-0.81551670380095576
1.1547736207292754,0.58733736522940927,0.69193408357264741,-0.11935069507858115,0.64620631708779974,-0.3714237069511363
0.37150909373450941,1.5808670985691011,-0.79125371985118709,-0.87915844184230552,-1.1461496943181744,1.0643786688310544
0.86528391154922379,-0.068350446240967491,1.3149221495653141,0.34720917470352841,-1.0093807813179025,-1.0751015105949409
-0.11953318418881065,1.1456133408341402,0.77434550846312844,-0.98017241438585212,0.1562784129927034,-0.21991672364321693
0.77934205941654788,-0.29613596210557558,0.2955368782285191,1.7173503675868518,1.0750733648487316,-0.52275648622083459
-0.03805745888164954,-0.29817464063794763,0.18929260590559174,-0.21305740248896221,0.44325534141140621,-0.23944793056895128
0.4595007259400119,0.083664774115349519,0.38137921642041916,-0.8175915750860453,1.3419921925495839,0.035372385873336548
-1.1828592671739702,0.43904034890009491,-2.3768584311303282,-0.24570653754714311,-0.51700342831936774,0.098602652672795485
-0.6208843835533211,-0.64114611621331252,-0.67304380738252956,-0.49030854476158009,1.0246498287745307,0.87121788694318514
-0.99288888243455742,0.69612278043033582,-0.58203971560951617,0.028973979259452328,0.52029745702460861,1.2970302571944843
0.30013774012569844,-0.34004160047986054,-0.36549844583763874,0.37620197832811481,0.3749755962144411,0.62861780852760785
0.024610740848574685,-0.85029821865744248,0.86308273120691781,0.67256273373324427,0.61231121302183633,-0.84108380039275576
0.48497021161734932,0.71867355377987108,1.0213661289467666,-1.4250405283855274,-0.70165983997192127,-0.19076582625319852
-0.2952274485952604,-0.26283085743125734,0.35631161821994362,-0.34613763862265257,1.3732395791244079,0.078272738113913373
1.3113346079645001,0.064573410424128119,2.6365323331470631,2.0705282575848969,-1.0890974134481497,-0.47822416613537005
1.3314563206438017,-1.2383907281483502,-1.6205726768821875,-0.6090896833183187,0.66825410985944411,0.98376736201567827
-0.73792399245965501,0.47628376798213856,-0.84572544986816711,-1.7520305868930708,1.5116696188144083,-0.7862678367370004
-1.548648692628013,-0.5316359615660744,2.6022983046932104,-1.6411761466311914,-1.529073309674756,-0.015152603899618712
-0.52887845387640076,0.80433235850419116,-0.58161367414894782,-1.3090258499706127,-2.2840023630018313,-0.023778000142863982
-1.0945937445960821,0.52815091903102784,-0.65923069322948047,-0.37928438975403456,0.3914341228191065,-1.0870487738219714
-0.6884506959664134,-0.72086002668413252,-0.85024609622923442,2.7320009566621604,-0.50294196760032295,-0.67210143530017896
0.64310264609377454,0.048152851880606688,-0.60823372332082359,-1.7903218311205746,1.7361690191390629,0.37525058224366831
-0.24343073433990445,1.4630313295252151,-0.14998349390518576,1.2864660593954624,0.6514536524236465,1.1824948638438009
1.6224832538588319,0.55126212797134988,1.02130370331153,1.3114392848744745,-0.079173981755731107,-1.1496166437288713
-0.081769654238805695,-0.14356161413233934,0.89733404228220492,0.47979048029151433,1.6199328955373316,0.72587700422206269
1.3307015652381622,-0.26994390896407905,0.38654011168530605,1.3128505378317696,-0.14593656412383774,-0.30250745320226441
0.070894679247806736,-2.6203054816325539,-2.1612780974750461,1.0121371527778225,-0.56450534999167057,0.49775588566891571
-0.65114165132531499,-0.41642831553905896,-0.45036501053739797,-0.59657301591585543,0.70782827813879978,-1.2105251220539639
-1.6898970751935685,-0.52356186686953499,0.43044792257240849,-0.81597236373820903,-0.82022863796961298,0.66850157913736663
0.41759437252088144,0.038271113809454194,1.3164447762412992,-1.5830357417640673,-0.32934497861461021,0.70955220484306358
-0.92691805167180663,-1.1598410381220556,-0.24106139290831979,1.4001848596479056,0.65633279255376398,0.83062036641909542
1.0987146829477867,-1.1942886927322307,1.9340991038578514,0.97974903632748889,1.4655516619061832,-0.77047934680601282
0.95579509619646585,0.6542495636008,-0.96361897502054084,-0.72277195652215109,1.111340552521408,0.11483943013824308
-1.1268889404416378,2.0563371326969966,-1.8685720594160193,0.89227868953945455,0.41046528455573927,0.18626817654856256
-0.4540452432412872,0.40180089695729415,0.70892746143532492,-2.7220623816868295,-0.38516852086225262,0.93658271242072744
-1.1542371015337289,1.2821814543547554,0.42803825916930482,-0.99120750837637017,2.6346885188362879,-1.1073763901458897
-0.53402469247713513,-1.7269150921501042,-1.6738467793839737,0.78586416020204997,-1.439071924189125,0.82409830810466556
0.020450234829083858,0.039024266142896599,0.36250191184227259,1.2554374477510069,0.6064701842906447,-1.7459894834421781
-0.51125298335540237,0.81758605869568146,-0.043737072852377379,-0.085068553686447265,0.56767692357263355,-0.17642449138032354
-0.37123707262743638,-2.1748916943660719,1.2096967597365105,0.55193543898400088,-1.0550684529252072,-0.52197322694369663
-0.75355672511933447,2.4040224215145276,1.3278992748412322,0.43173853907888121,2.9880751491763373,-1.4159908299438153
0.32497172268272295,1.771045666301339,-0.020455997569807489,1.0546271880141229,-0.40488016224284906,-0.65037890638181595
-1.1624084849992944,-0.55894277936826853,0.28933034843049427,0.35273437374849664,1.7458391013853467,-1.4286473764281047
-1.7150966333733686,-0.28506573448106848,-0.31028800644335197,0.47803338037053245,-0.15028879128614619,0.45837034971774832
0.46193912072476601,-0.40610646381552401,-1.0161225601968644,-0.17451424304065738,-1.5196837006653552,0.97120462577767264
0.78893286381730943,0.24865267496387197,-0.85891408848532691,-0.35788458429372833,-0.34762428491465563,1.0577500098989057
1.8818388975355156,0.37353587897098317,1.3625318419074868,-0.22763251369446905,1.1184752522867811,1.2319619911397526
-0.36341150638726322,-1.0728547748908033,-1.8037229691701064,1.1294305928864046,1.0312002586953362,-0.1313626157939678
1.008529458718388,-0.29757172329797077,0.39273994719327365,-0.62066602544758764,-0.58752690667497653,0.99481910297776854
1.6381548712470315,-0.96911987752236073,0.41217486249470719,-0.35999893114334086,-0.48133744900433229,-1.1689957697863937
0.092358459283342173,-1.2393103587823362,-0.25940491199534316,-0.74994795633783073,-0.58997157790152055,-0.062089301734194857
1.1563856677585751,2.0940690848197039,1.0752712976798,0.24801091087595567,0.85268871368519472,-0.74912834623873426
1.9004225318650845,-0.72219591706061959,0.19053086874515401,-0.13258785444025192,-1.5351447246560102,-0.080335232945548105
-1.4533305903530844,-1.2066009303802867,0.67389119723114066,0.13706717532910515,0.93515219260952753,0.46608967986690419
-1.691861404819889,-0.2913130365707432,1.11456729451171,0.48657858254838227,-1.497668240032374,0.021597508670713344
0.41585916167865894,0.69727831607133861,-1.3835827368599434,0.75150547741679641,0.31544219152433001,0.50060786424321468
2.3626792357150768,0.06639603601884303,0.59264228161442201,0.018076469832046114,0.80741882447751456,1.4368518594176862
1.0500666511509664,-0.06011837010319112,0.51583210307118021,-0.79631598275319171,1.4758929627271657,-0.755256450676419
-0.61201599110054339,1.5474027228086669,1.6690679027601292,0.160465587331339,1.0820661246356746,-0.97729607465315915
-0.79832503632040774,-0.50841041901849848,1.7836317757162485,-1.4128404743843037,-1.2477532218903444,0.77928776015611889
-0.56583389407107598,1.0446645289212466,0.24719779851867699,1.3243720321621613,-1.3707000976035142,-1.7136206933396649
1.0889875506255335,2.2523932977471155,-0.031656445877162709,-0.32988627668758536,-1.4647617237411532,0.69704888454814251
1.5083401430023389,1.1164759105975421,-1.203590544237733,-0.85115769441267808,1.4447393081903059,0.093205417382984893
0.26266838940310838,-0.21169008613159263,0.39803455356408229,0.93316107829869122,-1.5347177014081754,-0.041197513582676731
0.86134943579519707,0.17899422877000315,-0.69552115010354687,2.1004805345271977,1.3040652021372285,-0.67669257115356696
-0.67234881556098913,-0.62924704885218274,-0.27311330785913118,2.3347882631939467,1.4340725102633842,0.014090558148987272
0.84036734931197876,0.86543777349486306,-0.058186577033120329,0.70524569107238211,-1.8316819040311825,0.42140204977403695
-1.1783511277393013,1.1587241015000482,0.73315537608298009,1.8325587199318558,1.3968188844849525,2.8160178423065498
-1.7190190589322825,-0.44131353935606971,1.5089777664057746,-1.4799246098177075,-0.62135111783410657,0.24615261567536853
0.0080194577534240859,-0.81213070108051666,-1.8430219420302325,-1.0111537371713766,-0.86692757339245274,0.53515879760592866
-0.87462054334673112,0.06726170969563984,0.34967272288775997,-0.47246355655378686,2.0567890587820816,0.4626686799352091
-0.16199085972687968,0.48772919739061654,0.51886959288252621,-1.4249407448732143,-0.38357815957735203,2.1914720764278894
-0.1160133099833878,0.25458694115744868,0.099243559196049561,0.93330312854683339,0.51137346452969923,-0.054442858528833252
-1.8494838048892139,0.58310724932228242,-1.5173493454307825,-1.4113945071851954,0.25970589177729947,-1.045927430629676
-2.6131110645734319,-0.031451231195597562,0.10387189113081546,-0.25656652646582367,0.013560615049221285,-0.99833980138584555
-0.98458753764936258,-0.24830702646463187,0.81026414414386416,-1.0365942117240583,1.5329090257161324,0.094490909466242098
0.10989255270313814,0.23422326335828464,-0.25085153723769898,1.1502769965562381,1.4454215406877911,0.34294618645655278
0.71928244746051118,-0.4368377106561776,-0.11296529947002583,-0.30193922705585108,-0.14028021934762036,-0.62606392001510247
0.49708504996491637,0.41450328790242619,0.60034342585472467,-0.30355377594578792,1.22350794810354,0.319182778574648
-1.0816616867982691,-0.48177124055099813,0.74077983707373651,-0.53182574620231304,0.69656247131621718,-1.1608823314195051
1.7021118707393326,0.35404971143761149,0.27348942076711286,-1.0505096059550292,0.016769297350746771,-0.47135343844548255
-1.2216704053172529,-0.27313060282949686,1.4995772845689201,-0.26204667826419986,-0.074371600143389949,-0.41718706316235743
0.34986953904307755,-0.19742235417437454,0.29829809713895217,-1.807961782332955,-1.132914327653685,-0.37900911716494318
-0.19121271371400492,0.76108984813758673,0.33987335614652264,0.68701485623024616,-0.7317212210977696,-1.3089647220550744
-0.30725442167485312,-1.7814727969657651,1.2654312898432607,1.5755452956447329,1.4234587205843641,-1.1937720765214879
0.67990431805721774,0.70322809498079775,1.3268831841709867,-0.058136984576201672,0.023041541581270485,1.0010189313183189
0.091242116302137743,-0.32961634001916323,0.19433455417112297,-0.30899781497170892,1.0178477139538347,1.0613609987742871
-0.60133496776890116,0.74815195391085587,1.2645306512217191,1.8787716679419639,0.70209498828529759,1.0233460256636548
2.1339906334100665,-1.025591836282747,-1.1257794882552596,1.5339408491873996,-0.28867544762127118,-0.63825380217747907
1.7700395109401281,1.9429741812139436,-0.50022239137573055,1.1905121988989982,-0.81264576782969122,0.28033333626292273
0.86095773825452115,-0.81419304634158518,-1.052169471634077,-0.34708437786629648,-0.3683594104154721,-1.2390529823624945
-0.1600132698151992,1.7314777647248163,0.64644031082792464,0.49427704586946902,-2.1781674323845981,-0.20313969139871899
-0.23767902570600799,-0.32145554022156936,-0.10797265072931635,-0.20540373648778437,0.27739891051242915,1.900927494190829
-0.2575867364930548,1.1410062923463342,0.74461861659215578,-0.85474191328985805,0.20382410093865916,0.041968230866579859
2.3093633104415314,0.013968967300706738,1.1400526810361922,-0.4583651189170499,1.04005187890856,1.748792563188005
-0.49356176383997324,-0.4392952461900545,0.10701301733155198,-0.24548322456796218,0.81761076026608437,0.89662704576785868
-0.62908088007400009,0.43700115045961208,1.2451439009986693,1.6042387287434841,-0.064221293869130364,-0.045556024933312317
1.1750627223341654,-0.1770217104099106,-1.4781707716722807,-0.66407533573481592,-0.30122055668630893,-1.4336643002931189
-1.4000489492964976,0.93191971825655506,0.95305681257207187,-0.16213554224685331,-0.23985429773259828,1.2892229020506671
0.090018195997396633,-0.44597950256482677,0.8990517746074933,-1.0856230087459366,-2.5125115956548223,-0.66693976091343388
-0.24219925490719085,0.5205440519665897,-1.2550134744154637,0.39050627019257989,0.24797822766360339,0.02480592100132396
-0.16750401197349687,0.23314210894693402,-0.37758226070920486,-2.2873389659309629,0.55419946388259844,1.2648554697592875
1.4850416011381542,1.1430842370161693,-0.39668304351315109,0.42171561274126779,0.33852887786164476,0.75605417992819979
-0.31824844182405404,-1.1596907223916058,-0.18139075949392286,-0.9711866248064519,-0.10592645237035131,-0.83252155665871541
-0.17215301957070764,-0.12706069358723571,1.23696647239248,1.1567910233390795,-0.24369815141149431,-0.88768092471988747
-0.21901781557532421,-0.54708832122211204,0.24807999459022517,0.66970077642348647,-1.5759020869355818,0.37590133855925389
1.0183054365567541,0.18846322793968454,-0.24048807106695896,-0.23315779253487218,0.61884091731073843,-1.0278816754536213
0.77651634586089913,-0.49119941446503701,0.51722047978672536,0.21473822709391013,1.2341855104183437,1.0986389624799018
0.084658136886827787,0.13023424152158294,0.93530453516751355,0.81247177087211719,-0.50161939643129005,0.3316052388809948
-0.047388080535624315,0.21070565871587391,0.39528247701359159,1.5113408703983149,1.2223106181565937,-0.37385711770269475
0.030501301178691362,-0.97612570108506092,-1.3451636361737447,-1.0568391370412551,-1.0259435274784414,0.083376619292588203
0.13743880526157423,-1.1347691709503853,0.76358105427465839,1.5565374764186839,-0.27951953211047065,0.072596052622288215
1.3984472308885552,-0.48340297775024743,-1.080311729956517,1.6655122683281463,1.3084369167594252,0.10708052404870312
-0.80502211923472644,1.2481517713582109,-0.97282477119372568,0.41757187777116561,0.9803075893490838,0.37817245550875384
-1.057283138934541,-0.23007634402990854,0.52694145643096524,0.77071073004260338,1.2456972611197212,0.20138665005886114
-0.70469299739158098,-1.2552141418801948,-1.4958421629532705,-1.3450930324991841,-0.61551194987528324,-2.0792445354916564
-0.51056486010764424,-1.885600296972904,0.71494300149964374,-0.25356005592019498,0.85977147154590461,0.38783442531734413
0.41953302931186248,-0.98103490955367489,0.26083334790575896,0.54546931451842895,-2.6670930527579362,-1.4626598185829998
-1.3479601259083109,1.0137565145755101,-0.77593576225375738,0.63456565484554417,-0.75321926351533997,-2.2369670156652672
-2.1822598110908054,-1.6266064335563819,1.0718887229064655,0.63396637499774589,0.82911301578685315,1.2683882058260092
0.085786666290991812,0.45995452630817441,0.61950667185534625,-1.8775605536390305,-0.34360570690000541,0.72649776915994668
0.29119589573573224,0.62966375269022068,0.28249932830315888,-0.37020200872266285,-0.19556348406766877,-0.12059654180827284
0.56663331237932635,-0.52962441981055508,0.2296044538166821,-1.3631171838255849,0.9640993776969824,-1.2906918427985914
0.45796154824873009,2.5139249933624308,-1.2926078636654048,0.41750925198034111,-1.1998870746491741,0.93645925684999154
0.63905703333580854,1.7179116423362577,-0.19568616639278177,0.78676113996657848,-0.32405574817538507,-0.9847555518552501
0.50581834903342171,-0.038552590773445354,-0.10814874757013418,-1.0414700288608214,1.0767551479921975,-1.0497824846589936
-1.0316598386115157,-0.28323277975032468,-0.047418993427091917,-0.27436339281862188,0.065598379420773179,-1.2811632365568502
1.6039126614605341,0.19306281809341694,-0.11332487908559219,1.5006736678848214,-0.50070309450212869,0.41973099430501065
0.26829104131635345,-0.73234379338109634,1.6725180869077678,1.5423737417902568,-0.61345132171936234,-2.4503833241645245
0.59901064882892818,0.68607124547069287,-0.086323063769338335,-1.0854039230269878,0.17958410843949299,-1.1083532661201172
1.0416301440599269,-1.1059252867022551,1.8179481260405832,-0.21670636367047511,0.6073377637228119,-0.98973077645427698
-0.76566980134979812,-0.54107733823498372,0.23031873450950591,0.74631110368611264,-1.4169001385944799,1.7744717649635968
0.13520310829047449,-1.3096745197306514,-0.51802909195263758,-0.95602501714637111,1.2475194577093978,0.86346063964870445
0.46068190727610692,1.5329219918493076,0.13201674483723441,-0.41087484229499305,-0.22183698687226289,0.87516306364406427
0.073714260267280618,-0.26575018418809049,0.079806821283490981,0.086912196466320174,0.29033758175939911,-2.1294907962154532
-1.5062277100826131,0.50878384634947893,0.48729424204803995,0.15116510589649576,-0.20052187047393105,0.36239923468356466
-1.3044581981357011,0.20620506360710947,2.6032549471780135,0.6147712894025279,-0.85545416345550318,0.42236809564333722
1.156607176878272,-1.8420707803613143,-0.27489894305964602,0.90263472657317523,-0.13810456481554328,0.36157913001326969
-0.39936238993135986,0.69924937263144205,0.82502705142207877,-1.0805883554900726,0.23661715854765192,-0.29889738430797352
0.18366047685308007,0.92692020808579179,0.16763801645656928,0.012064068016220487,-0.22897138488972546,0.32353481692150265
-1.3723841019545073,0.50076200370542789,0.85267307169503648,-0.61404342875030804,-1.7386676471766762,0.49340062932664308
1.3778813762878672,-1.2221367207229443,-0.66711677839020644,-0.26851869559186159,-0.61943012730700908,1.3083409383370732
-0.34819952603093673,-0.4971334088756007,-0.31010117966448542,-1.8615750070704395,-1.6017139775134126,-1.2196775415281278
1.3535728032048244,0.23122904563033608,0.55843901949286245,-0.013410212197100814,0.82446804690694764,-0.7227917875344676
-1.5975831478321445,0.46411185940255151,1.2099978099645952,-0.45624712649649579,-0.44015795081225184,0.43825760210206244
0.51859206389874313,1.5942252856916848,0.97156767967733804,0.2867742103873302,0.20375194403406266,-2.7266788628560148
1.4058808077958278,-0.8134091360918545,-0.19744833722464483,-1.4219240210594979,1.6375910193375094,-0.53103936018224307
0.17694601309361677,-0.4483125883896128,1.0022749602863543,1.1654818944714107,-1.3710639410350234,-1.1829323350884684
-0.093112466495988172,1.2002536995190369,-0.65791424434173251,-0.86974714854544477,-0.30548190597297237,0.24205214628919988
0.0046852730963810648,0.89157266307915528,1.3272038151524836,-0.42943600844925373,-0.33477545492733807,-0.40488669828737284
1.1883302119795265,-0.55755042815797784,0.4227738962434599,-0.74995904417404657,-0.46166543190261272,-0.15971840486540081
1.1142456095120987,0.92165462914846141,0.81438818635077681,-1.3724962471786597,-0.12924430702270526,1.2455145277861417
-0.19086436640088128,2.091455639444519,-0.39778012522964085,0.116913537369944,-1.4494972248410103,-0.39588730926191062
0.46752633097965129,-0.44867405933893906,-1.3191540053231818,-1.2840976093928829,-0.3844407093205493,0.092418160608928601
2.1210377354492422,1.5774292736800506,0.03524136364724214,-0.83912449135174394,0.56050647882459437,-0.60594684399754828
-0.10856756486801208,0.01093609405790655,0.93450279725430119,1.4355730631977188,1.1361559094894584,0.16352038581682948
-1.8861392441670537,-0.157852548136453,-0.011834615595494145,0.26426825796066494,-1.0674434886315733,-0.022120476812505792
0.4332631492406584,0.76015445741149246,-0.024052076901771507,-0.58385406495109549,-0.04863133076434363,0.34005958999378522
2.2973377286549721,-1.548431914644701,-0.84609672050896945,-0.067799336417512651,0.65360875472459468,0.060804676495917906
-0.88678881175578095,0.26408580434612494,-0.5071388408881673,-0.055203457357372011,0.0018367887077556692,-1.196144895941438
-0.16619771074544673,-2.4649876795161605,2.459499281853589,0.1010426985342444,-1.0182305338060138,-0.76995839911782382
-1.0381978752580157,-0.54500488488800192,-0.85844682760306001,-1.2158776980245842,1.505261347213215,0.37742040307121638
1.0868935466375602,-0.890401918021266,-0.90465529116808074,2.0965597492494568,-1.396212617650249,0.60231940922378857
-0.77058650093664227,0.6979128828094211,-0.4101127106612828,1.0806450167743338,-0.98381173692968393,-1.0805078843750167
0.15327693641087634,-0.1560576707736904,1.4374869031687663,1.8428807946865999,-0.16345732075017333,1.1464942188406919
0.54819281883605564,0.56723067254236414,-0.016346621781850874,-0.16091141462652753,1.2353312151580276,-0.10324262897899891
-0.68840800003666536,-1.1248371853077899,-0.017940309998720858,0.23029048953509981,-1.8966646125186644,-1.7087688780615673
-1.3041939915995873,-0.57135442044567886,0.0042235536522084649,0.88590077737190243,0.89599331327864273,-1.8387800953706204
0.84642969186472461,-0.36294834935367293,-0.0075799571499501608,-0.42609652283728866,-0.91526929285009839,-0.44066044979963509
-0.21507094640271252,0.85329814857881581,-0.44453273405410415,0.89521037784887714,0.71072917303006578,0.64341523884039942
-1.3626107559572973,0.7782545211253421,0.20391343422683023,0.74753011080284892,0.52404436333080473,-0.2101360430894966
1.7926340883798131,-0.3914757965941687,-1.4465272690887672,1.0085389189407319,0.31098955708254056,-0.16265085784649044
0.50207879394843014,0.11148353109407678,-0.71661027203510885,0.63199214519738312,-2.3354829946225024,-1.0665218426778598
1.0600496365560741,-0.28132733733397053,-2.3752623893777343,0.13752871220846316,0.47592718189394523,-1.8146648580104539
-0.74211455400572957,0.08729035776348798,-0.19979544360797358,0.017946419637468663,-0.77021026868809139,-1.4277976679433015
0.56215981040879703,0.65188521043737913,-0.87262299084793904,0.38851919472696583,-1.3108265477164345,0.1938905266995333
-0.51938379971530824,1.4274879805894312,-0.44673092471152515,-0.86990037676287812,1.0896665925281581,-0.59195202578079709
-0.46500361247650907,-0.32717489585703841,-0.12924313649581451,0.26974119911540412,-0.046135369915287619,-1.2352208054310581
0.65097793397335679,1.1033352025425922,0.78921782920925221,-0.55869658192766247,-0.044754330086197169,-1.3276375422719582
0.83153562749330057,-1.1375266845353085,-0.72474370333750349,0.31415367914787884,-1.3457400441460907,1.3503933841038553
-0.13029663462497176,-1.4129319242654972,0.67539961431091211,-0.18118605330415866,-1.2533658285103575,-0.21924866452329186
0.19342226450473357,0.31395345383354145,0.61785133541804627,0.53273179707387197,-0.073712103022509759,-1.0808504679695683
-2.0280414449806528,0.29767567125905914,-0.29472117941621689,-0.49135577603902703,-0.26395586884140837,-1.1450512313604513
-0.21490216935211068,-0.85339711232716364,1.7401532881817694,1.947528499540008,-1.268460130355697,0.063711493664516089
0.080595191465984609,0.31558453800342662,0.54070479659816495,0.37413271943514415,-0.2022476802849256,1.7722899732381683
-0.158195431129768,-0.860059701124952,-0.12300379724951811,-0.70537916879209284,-0.42611933222531884,-0.1512023529653535
-1.4927373866842302,1.7293738441427968,0.25100032862110888,-1.2979870308134198,-0.70332217599089741,-0.19905431732339546
1.1347267817544417,-0.71621734795451064,0.40958822011289359,1.1524561266539337,0.64292888500688627,-1.4236136528223831
1.5089535842069035,-1.0631070190207486,-0.78385703767451131,0.02537528041359545,0.22733217874959682,-0.44105478782989399
0.39637245362771706,-1.1230091882987223,-0.14825952088330954,0.053759111075691222,0.71723838763385794,2.2062853041581314
0.099852027348505845,-2.7032240079219956,0.2405353945673627,0.38895640523019992,-0.30462055820530515,0.64594300081568701
-0.35864234390060901,1.8419283176883272,-1.8641868628610025,-0.67962332372487522,1.5639844814202915,-0.33539312017004685
-2.2798047640134467,-0.34311186453203074,0.087411436587046684,2.0664639694335105,0.10303666783600228,0.21992590889448083
0.25369431055761499,-0.74303896310503814,-0.19815626758335722,0.23831332620217477,0.45461778828029126,0.53786829721126195
-0.26370567319583277,-0.63434784209170036,-0.046165513547045414,1.184659286220463,-0.10521844759308425,-0.14556241057089517
-0.50352666635569965,-0.44955726561939163,0.52343757135267799,0.39851303347505229,-1.7995950086989094,-0.34237766109283463
-0.11520490593417002,-0.52165524166917443,0.65148307063648403,-1.1926222190952935,-1.3890880452470744,0.74388413325576819
1.235208729149448,-0.92655741115410883,-0.84049569642715882,-0.36014979846457912,0.96927366195611375,0.020196155562837118
1.8767791032137218,1.5245016952922903,3.1622303068648794,-1.2285630728657295,0.58078468850381804,-1.9730154867243903
0.97977058433897646,-0.23886104855677084,0.067282206300561836,-0.49730884725476732,1.358133073327578,-0.36752613995439071
-0.79283529847632972,-0.51579963968319587,-0.9051371989166932,-0.1889799506230517,-0.52795448485063945,-0.41967251614115253
0.26632806250867325,-1.5151469697955515,-1.3376134820483991,-2.6193838351940171,-1.4841376312667995,2.6150423507421663
0.59002648439076721,0.90205161540091072,-0.071932158866231694,0.94353698082479709,0.50474354801837784,1.4381546217613976
-0.45828135829417255,-0.87784683396187524,0.18380486839602231,0.38257097772960263,-0.27457335756603518,0.47539584461059414
0.12072965715480055,1.0252593466717452,0.55632579902325097,1.6100933141841802,-0.36758450187130576,-0.27423000617404902
-0.82577775606252801,0.20206198512136345,0.43375236429456826,0.35087423308152438,-1.2397101556034276,0.62020601525505614
-0.058200371071558732,0.74574054354708519,2.0258805652705836,0.49980193661827937,0.51457346833906614,1.5907741535725792
-1.3799073559683415,-0.91901157394607402,-1.1307291632514791,1.071177566659349,0.54817434767931761,1.3349223611555223
-0.36145990470768352,-1.5852758826427098,-0.084691783008515889,-0.14936132364206819,-1.0999087337585542,0.7275241981662367
-0.0048123955945589452,0.11591204141768968,-0.93598533664968175,0.63013483615155452,1.4995333010724021,0.19024804461627587
0.97705551496486076,-0.59686355884356912,-1.9253489679571703,1.9096433358699452,-1.4456264196309021,-1.6672114940788658
-0.64572231562468863,1.3371574733860756,0.18105513971984788,0.06691930179975239,0.019957122748108121,0.47311857403713664
-0.50050614271550686,0.125630430426247,0.3855874725997937,-1.885909772314976,-0.91223733175580946,-0.16434020611281089
0.60480308766540358,0.022117096748318507,0.5346128942319488,-0.33559346463493417,-1.2140996321130424,-0.35243736378109991
-0.084835220029196107,-0.036508883373069512,-0.63934107960957642,0.6760695624755243,-0.90984244937862047,1.646415017218789
0.98151018146852165,1.1581817159213967,0.48548083242262952,-0.51403799458761112,0.090589902772054406,0.86221587978002401
-0.30895992050250798,-1.0993963384876206,1.1221147888099516,0.12858713996385771,-0.2951577168355502,-1.0538938472328518
0.19061651766269558,1.3663054190589494,0.29302543082570276,-0.57852630560197815,1.8168644920413255,-0.97420850881237264
-0.61277994665089175,-0.51829714415672901,1.1099843493082546,1.7848654850088166,-0.123333515467228,-1.1786122448171574
-1.2814623077195841,-1.1074148990525652,0.87133262014199808,0.40517961990368379,0.24882994797524202,-0.034926109069551424
-0.46829748036981383,-0.77574733570020049,0.57998308709262147,0.54867418943725654,-0.58292156511689031,0.26064491707233689
-1.4816798239942728,0.93077622263704574,-0.82325487492618044,1.0156375096889461,-0.31494742893701583,-0.59445637933179507
-1.2732082065159116,-1.1130823878861111,-0.23611144177213417,0.93538165722750966,0.62419781077599001,-1.3698378342724493
-0.88896310061004058,2.6612528866830778,1.1747624833365413,-0.048769630962844542,-1.1408493502176056,-1.2282280755345076
-0.99267612882626088,-0.16290295600023158,-0.22691800191569936,2.0950044299220916,0.93205120223847004,0.040883216309101071
0.040339566434059657,0.72185283603285311,-0.075667667226799407,0.52600715060374803,0.39180469803792856,1.3349415053196663
-0.83332116266826384,0.80354319025500887,1.3081110704189562,-0.51887270193840929,0.3521405626136424,-0.31954346762288172
-0.61759236576929843,0.64581343911170108,-1.7010441792098174,1.8103627615018063,-1.1234893646636279,0.15901652888576026
0.83448019744017288,1.3105025166738749,0.52067538019835669,0.81227529336599302,0.82251575800817933,-0.91651688940384979
-1.6469682743198499,-0.019189898041105685,2.4965308498561209,1.6944725723852712,-0.74249871607617968,-1.6988690758849816
0.63815408034130383,-0.40829706944196908,0.51374342796788108,1.582177504227368,-0.14185013823169393,-0.86484089309909551
1.3175237554720203,0.87883967996908219,-1.3385978221854011,-0.55514801715711826,-0.59246902537391233,0.37855048933621366
-1.0373318611273281,0.52812681815179729,-0.71677273789389107,0.60058720434391544,-1.187385661589232,0.45218359234129912
-1.4348089809414568,1.7603324279747912,-0.99027898546948434,-0.081045705895197967,-0.51114027721644684,-0.23772476752417751
0.15742554575382806,0.28940670466355684,-1.437374168888143,-0.28260022717628686,-0.34058748746389655,-0.12265878919983629
0.97706827493910964,1.5090779101322525,-0.02744851681739844,1.2821986490647597,1.8256514323339597,-0.060593739192311841
1.8333004593500111,-1.0478931518680412,-0.77301266822499792,-0.34299407384432218,0.16806887493777944,0.5886390466328455
-2.0754634251634001,1.0622214863777053,-0.71565246738316879,-1.3362067971704978,0.89795121773787301,0.11805031278674838
-0.6216513138640728,-1.5719814413428723,-2.0671648283302808,0.084377515541817716,-1.6620335000794502,-1.456639070418519
0.71038890550726486,1.8748085215697963,-1.2424937155500244,1.501650424691779,-1.2257874560120354,-1.2003714734162376
0.41561593353073339,-0.2123334132088007,1.417097719116885,-0.047040495753084326,1.9390879081101513,-1.2358666117684973
-0.83195969665446634,0.097873993211997079,-0.31718830031273154,0.5051525933829768,-1.5815530526763812,0.43695117861097749
0.93138851444050419,-0.29595521554163046,-1.4922286424697864,-0.074605983888313118,0.13389672568892691,-1.5881616874170932
1.2865442231737836,-0.12949654736857524,-1.2799004075137441,-0.83857483868812766,-0.87849792434573992,0.80329013875418465
0.22653717523811776,-0.21401998737274733,0.50639155388299495,-1.3686757748662686,-0.51729927555469679,0.6533013535737483
-2.5512518160187776,0.30167647950551452,-0.45390920672196483,-1.5716202924415688,-1.8433925457318492,-0.15336805057779024
-0.86769638822870399,-1.5335401327450968,-0.79340908728830573,-0.92077302722841203,-1.6198763869709543,-1.1199601814008373
-0.54494443867462494,-0.16429166164365369,0.60046584726441676,2.1253539970742552,-0.70892260269384022,-1.2302954457793456
-0.14671004205532365,1.8639801770078539,1.835870472711862,-0.05736162009972455,-1.4343315826336209,2.1316343566487599
-2.3231330722717867,0.19875780306736193,-0.55200958368812825,0.35061595656891287,-1.2194395464158785,-1.5913473407034295
2.6456125824701093,0.9381684704924742,2.4199278767612147,0.021938581067155381,-0.67258040513870854,-0.647558527127432
0.30939596256499358,0.63897177883511769,1.0523277268244686,-0.82546366214059841,-0.17733185858121794,0.61966093963040536
-1.0955034407732349,-1.9465682441403245,1.9962065699059672,0.68496528327217021,0.56963928144462206,1.164879233100818
-0.094246053961305157,-1.0424419158047189,-0.15313073776827993,-1.0651588303911701,1.5026613122677497,0.43039628736658908
-1.1206021003911659,1.9061234225815433,-0.5146643108145974,-0.36706093411508361,-1.1239499256449068,1.7945597995870144
0.70408652533507377,1.0330573116659967,-0.081244510178271862,-0.78815036750932854,-1.0893441201334377,-1.8545904974043821
1.5386835005967046,-1.2324972320685135,-0.36641274531089274,1.0501807230247093,0.70116564722447405,-0.11713912781288123
-1.3891668547974758,0.83652229192203797,-0.6996763455017011,-1.1317690599350294,-0.15996554877579197,-1.3965932888450301
-1.8445977678801853,-1.0226943704060985,0.86275556233753092,-0.028009646147694418,0.44501584196229466,-0.77562978895460066
-2.1707926300372953,1.2485811378326297,0.52120165921148609,-1.1047799941998278,0.62253952365982335,-0.25270206087824665
0.72523129047014034,-0.70937492709855043,1.8935940827904012,-1.7636269646412319,2.5349824182297431,0.91222705181969799
-0.50139538335544143,-0.51919126210441557,1.0063811848561792,1.1205141465927122,0.49794282036253734,0.594842588195445
0.83744928584080014,-1.2344031647959164,-0.51659479025684329,0.3693911938244121,0.94677122216772136,0.68986502854378828
-0.80636587916235891,-0.31563946268077808,0.14692061442384899,-0.50453691445441984,1.165071922679348,1.3440726465786805
-2.7047470005263561,-0.88488673191078893,0.71030322288459358,0.69135442699978411,1.9149268089615472,1.9948414966617314
0.3365306260340587,0.36851396079356635,0.40445621163905032,-1.9234728847975295,-1.1632070691226795,0.21106310421769339
-0.97685353133962582,0.63676606486873633,0.59353721056041409,-1.1106890846764075,0.40673259484661556,-0.78431057222260225
0.28447669268246883,-0.91019878335548254,0.84157807322662448,-0.85249208525592368,0.92219838403887644,0.26603466058780906
0.8049001693395339,0.3627587431443911,-0.0050092679268118664,0.067589694273981635,-1.2873724301873433,1.7877986470665812
0.5238613499009106,1.4717713977637179,0.53301949834813722,0.76313175548643941,0.60014084795567257,-0.5046376291556619
0.14962621768366605,0.99601774013522859,1.670717624427257,-0.60333823098118466,-0.56602695809180315,0.84578364744033352
0.15190596772601564,-0.7296680063981823,1.6109051952679561,1.2683476253519479,-2.0462380220581236,-0.14575615674169548
-0.39096496253759505,-0.50272897841315956,-0.48733123259028921,1.7768167681285096,0.43171906798077403,-1.5092849774359147
0.9206051303286712,0.25015462857626775,0.73000361109907042,-1.2388696623484994,-1.3678613749356798,-2.0933217096664034
-0.85638718774276668,0.3338472357312347,0.025189112210463733,0.64898326771221515,-0.72470658992279302,-0.38322058972713641
-0.26019924109862019,-1.2740137787174406,-0.50851922568752861,1.0988302137082444,0.46386765884859099,0.84838055944676727
-0.81391861028431389,0.15101445693334478,-1.5275695208703115,-1.4853533237843362,0.78224068662252022,0.027949088677589697
1.1624805294339551,-0.77162567635758983,1.2264415454351671,-2.3534225354155014,-2.2042748029511317,-1.5532913569905245
1.0313801702512606,-0.62998734679766,-0.12009650427202054,-1.4206683888991207,-1.4564614732692951,-0.13937937535493969
1.1001920923207074,-0.5524701446090482,0.086885479300226567,0.7632230828343084,-0.23261302419743787,0.35532414910249799
-0.17425714231356099,0.53589378385555386,2.3885669009900519,0.65715449705773787,-0.84658872731376145,0.43912567425778437
-1.0427911344773722,0.78888404660114608,0.50990086258111378,-0.29748442999206642,-0.60188665329520596,-0.89904557793891138
0.042428790129346611,0.22715565725069822,-0.97054541297375996,1.7955721064622865,-0.27804462909159949,-0.71207859053074962
0.65137927185162336,1.377379467349694,1.2519241566191435,2.3832536452057558,0.017835041430175568,-0.61749929464256481
-0.28390074890185585,-2.2207776987015269,-1.3154152537790238,-0.027801658428000559,0.22550471732200361,-0.52588279802197913
-0.51919048128119705,1.2137553086646091,-1.7917811613180299,-1.540256314268958,-0.32603591150226952,1.0606612236348265
-0.16996462961079012,-0.51848670819340881,0.53809902303832391,0.77818288778518829,-0.25769348442418544,0.36644749112774605
-0.074413683724517385,1.6043883752874237,0.23869917091176743,0.57751144062126958,-0.87846781480337244,0.30217178413905754
-1.4764485340451812,0.60737968211838178,1.1879436389426115,-1.461313764868643,0.39915405632758671,-1.8203806857001974
0.1907384733933295,-1.0614776902035061,1.1481024312734878,-1.5116860066059183,0.094397156256642009,1.3243726096182835
1.2971071000137329,1.8023983766830245,0.95891460286349806,0.98095508373410734,-0.60081017901880962,-1.8200729770150623
-0.21185304678647765,0.74336309400355238,0.46269025052994905,-0.7468313854463251,1.0842773552101901,-0.55236808654013236
-0.98108081679276204,1.4032455740295984,0.095566617581958932,1.5156435450641399,0.17392189462801752,-0.12199877507259285
0.95719762971190547,0.53719676299035557,0.13012377265515954,0.13558437957062275,0.18357728707468521,0.75693862846853932
0.31410679995087037,-0.54386025768774937,-0.15960515452238258,0.0049368424847303022,-0.29660980210420529,0.17974627248300959
-0.21803566620161685,-0.47473893201504469,-0.87311854048745907,-0.5211299455232733,-1.0812178035479696,0.16196705380840784
1.4542814537178415,1.3416955721062542,0.85723271982623683,-0.12288870224439555,-1.644350165158631,1.2585098428236245
-0.62277460880257229,0.086164947311087675,-1.5986531865096083,-0.22102665901263302,-0.011930200970548773,0.17059895650674065
-1.7925173010789119,-0.94372343143776261,-0.71958235713738494,-0.8910580366997104,-1.0590634066818247,1.3653585940866046
0.31831047341991653,1.941772592186862,0.56929726603371877,1.0967552474160622,0.62220683334459681,1.1783394032341505
-1.0296971779158115,0.97041171260951131,1.5948926072280802,0.12123475762417095,0.51457856605103536,0.16123470214322189
-0.72858807578026785,-0.048059536087156296,-0.77574809894882391,0.8200321351885218,-1.168743946358213,0.29939565875215096
0.11036408203854653,0.45580137933860215,0.84158931745046206,0.24979294811327171,-0.51182635957512168,0.79394927083046263
0.32466476757481488,0.40241632845637537,-0.033903115235396832,-1.5253642270331715,0.86288228935227362,0.74157295549666613
-1.3668161987085561,-1.5623017700502853,0.50980344952944756,-1.3764426862893757,-0.66510410577494972,1.2900468446412303
0.37689656931453069,0.48974862535721614,-0.742617519639868,0.47061879283504032,-0.13598774732504068,-0.11715856811299642
-0.079765815110848778,0.10673888963650714,-1.7293579450753487,-0.56367461200508229,-1.8822120593975302,0.12556083920764757
0.11669021145446976,-0.73106058068326674,-1.4689830154909509,0.70039516357279874,1.1227324880479419,0.49627068567200577
-1.1530721117915186,-0.41452753697017719,-0.52131108747143262,0.26828442850754769,1.0852196826812803,-1.9588877896803243
0.32180992435581202,-0.258770832568677,1.79980423096307,1.8130375834587635,0.6557937057525276,2.8209782263756527
0.24785779618221043,0.20768117020562701,-1.4876094742464259,-1.9098963066374428,1.1969121704482557,0.65708128325314918
-0.40639175260459232,-2.0588615460351063,2.3444311475276129,-0.36337609163863283,-0.76684816512401199,-0.55906299119627589
-1.2599069747037135,1.5165630165043509,-0.15753980275580998,-1.2305044232642866,0.086734618886864637,-0.16278272283447312
-0.92074323853707285,1.1538578005317066,0.0098249649221594723,-0.239520072517628,1.7727315623401461,-0.038988277040500403
0.13236148666636158,2.3548745942048801,0.74067302302294113,1.1633843820914667,-0.22166212069117139,1.7053277485896376
0.16426206148221065,0.6874257161026579,-0.4250883030213829,-0.58271509483445139,-0.23756520166172027,-1.4905213856794755
0.014806153569375842,0.17209544704287449,-0.85864380922710659,-1.0290539503108524,0.7791482115710533,2.4487773925983922
1.7109579005923974,-1.0242771422422929,0.46808925942350904,-0.52559444768393304,1.0634113490972914,2.5059222693205836
-0.43026184322622768,-1.0566273549164615,-1.3304853161221084,-0.27166728666766232,-0.4099592362353881,0.16705238657942884
0.47318549520530778,0.50440099713415332,2.0957954915809451,-0.33270186583356659,-0.21385644530335271,1.1479707176085692
-0.40969481247756651,-0.69451289645795589,0.74811694339999091,0.23457948155550892,1.4399961155012415,-0.16463752082820421
0.45413326471456877,1.2082180034799535,0.35980522806286597,0.92744812208171723,-0.19469187782277322,0.97938657725560718
-0.67818660746201354,-1.3683837876796701,1.609951192608476,-0.24594742477427678,1.4177847447508523,0.16021689214549889
-1.1602658249367956,-0.18109842817327035,0.26124546903377305,-2.7057643646171852,0.78494541329547596,0.19552021329474439
0.18395909228150162,-1.2201698350576178,-0.066671092359410863,0.55463875836065502,-0.075583847134975235,-0.59873859727117096
1.0776357497084688,0.39563608486936125,1.913842646699095,-0.124320556601653,-0.65984744938017059,-0.64995643527789149
-1.2471938644308795,0.69440233604780732,-1.1018791808009094,0.018668359483202807,0.28023895766664259,-1.4173787210935267
-0.19838122271275985,-0.46992227381003326,-1.4156555580356129,-0.041438386151126758,1.5124821864848521,-0.12221291659220759
1.0220057427128708,-0.26889795359766777,-1.0407360640200358,0.71367752927916295,-0.42568709266056026,0.99003176516077895
-0.020034278077891949,-1.2599390598230786,1.7139802297117315,1.2924175726004064,0.72001519531053548,0.73412181144112809
-1.3493660662327054,0.068181982904226751,0.81647702978068526,-0.48139754260149292,1.1231238705826807,-1.4344260976197505
-0.24293389026559556,-1.0006616489133249,1.1292828832268516,0.077783383583127003,-1.4843293785050782,0.12334793220844562
0.96758558156827057,-0.53991457744168547,-0.32540868816285057,0.50586075322659241,1.4025454702369926,0.09779947539922311
-0.057853658202765876,-0.58838232972145521,-1.5713601365795098,0.39348104122852695,-0.9537326598447905,0.73217007371434617
0.21139467417942667,1.1228323106900404,-1.5416084602317821,1.5321765630917064,1.7922852639739666,-0.13438784948462756
2.6846293801769745,-0.097145868633859253,-0.54672370403764092,1.9845021616183143,0.96014142860782847,-2.3638140069157059
-0.47112041759184753,1.3106344859440828,-0.54534941810922466,-0.27535451318719195,-0.023549565742530778,0.93415176891449925
-1.1927958454950627,0.70386203685758519,0.47578528212260468,0.054618247784447647,-2.2166504144024963,0.1750227097733815
-1.9003870790396766,0.35709450931623626,-1.061282819249828,-0.34075141074993137,-1.5360169305236142,-0.15968487869563913
-0.75256933906909851,1.2996162184059876,-1.1664781860130198,-1.2307746926857923,0.16944803895536056,1.3824728804852389
0.67257857805541554,-0.20950675110482425,-1.7891851638486902,1.3351751344815106,1.3700129281554929,-0.98003767275988674
0.011175662932175161,1.2054074485504507,0.0044990600557242083,-1.1354680528220826,-0.78429772911758622,-0.35455489852126271
-1.5543987709099178,-0.079469518655171892,0.28462239861106603,0.23578020587450316,-0.18660056692583021,0.31064509986972283
0.84045763183594424,0.96478244863276064,1.5157265091231484,-1.331998525251934,-1.1138981160224304,-1.840972638819478
0.13723613870356438,0.37652984164894909,-0.93526799981397346,-0.39863488513655371,0.38879757601625742,-0.36184289282200027
-0.46950917717693436,0.19252771006046299,0.43829787481782212,0.42923406157116606,-0.97674425079575666,0.16866708201121977
0.65215206367644418,-0.059116400698204633,-0.12471477253030121,1.1926014473499174,1.5235252471447296,-0.75688644402260608
-0.6770688889801858,0.52780992431188012,-1.1594959830420808,0.089509579066348821,0.99803081372806912,-0.12615577399794928
1.2471569765084882,-2.7483679751268193,0.021169922181493113,0.22096979979582296,-0.26221423091208562,-0.064259378183250337
-0.29955713649076754,0.51681052994611387,-1.2179623783869993,0.41760236345193025,-0.28841266906372798,0.41013553708448036
-1.3736190169490301,-1.0015050570364634,1.219552055061111,-0.38128755060746039,-2.0567118806796674,-1.3653684303889639
0.37718093246058904,-0.14084200219739582,-0.20972994876540416,1.2374554219717366,-1.0568301646628775,0.012747841837607131
0.56016411864811533,-0.21777566023389658,0.092574128382038573,1.3730017271551496,0.85669112808887127,-0.70988893006354614
0.26880545754404334,-0.15960813349405953,-0.20420592029799353,1.17651929874292,-2.2064101995630812,1.186111800911914
2.5227319029297814,-0.064773876277775852,0.13276434484452054,-0.68290263668838069,-1.2040883253101791,0.48560170444411671
-1.1467510635970506,-0.56313642711826828,1.2753302010208629,0.2305553265872671,2.0445269157480079,-1.8752670017574917
0.4835358488281018,0.77546927167960322,-0.7781648449920725,1.2325989688813603,-2.2844458713858109,0.98231515389616963
0.068590702832171405,-0.98494495759037692,-0.29986587780026636,1.3296631423208221,-0.033859213064623354,-0.63551595345902234
0.13240421462281549,1.4987688704232827,-0.56529495024546361,0.30321348908133455,0.73060456368376792,1.7574524625578296
0.0053688497682716201,0.31143513208507678,1.124411375841164,-0.99844195030439531,1.1345444157244329,-0.46232549494888014
1.7750819356576342,-0.28478240161963442,0.19383867055400134,0.48156278159769317,0.48369028309840179,0.43778246325279291
-1.0954233073263726,0.64676853297811421,0.13631146717175585,-0.0051141913281588279,-0.12995118050314153,-0.44708232370888157
0.50606199598328883,-2.2107715244385142,0.38484545089443362,-2.3280564943662538,0.31334019272366376,0.46410611680400343
-0.22243204837621736,1.2475816977058043,0.55961651663770129,1.6027629297564339,-0.022081824775319486,-0.13103070717173396
-0.63038685871956679,-0.78072878319893269,0.65054039222944815,0.033637831388293835,-0.31494823001936251,-0.35627253335475934
-0.7027635488780748,0.21760637153142101,0.44102698535294171,-0.95818123492606999,-0.45922770409404051,1.6077243823076821
-0.5484135905382217,1.5307561750896947,-0.82193792052873738,0.28211824396564567,0.98700208387010235,-1.0136671072289627
-0.50638679767428163,-0.59400702560189111,0.27788350878528684,-0.56305105338289552,-1.2339904190820412,-0.57119587056084065
1.8482108643840098,-1.9476514332600368,-0.025877521263296156,-0.43342209458866043,0.66788120654123484,-2.0146036724052441
-0.38703645571356726,0.97801126040649522,0.69295160825672908,0.31031839554023566,-0.5562437578483711,-0.69557778167779138
0.12630554473384203,0.16778632556853057,0.42142987568148188,-1.3315471998340438,0.4781267315990953,1.9917231801491573
0.6003646934280461,0.47253952063803889,0.41788225573697674,-0.31334610840745608,-2.5571948661890325,-0.66263151983505175
0.44443521434330158,1.2835280867167718,0.4685494235630483,0.34075966588767032,0.42674442802175994,0.66407975229939231
0.75270017733806927,0.00090373139121084829,1.4837356545350113,0.88878378539781167,-1.2478546812035511,1.0741604077447613
-1.6726456076213585,0.27412755184533433,-1.1543110651139776,-0.13252787060548399,-0.035206821598042955,0.84409228429753635
-0.40545306563026284,-3.5229434681167433,-0.26826493244633953,0.21921910606015399,-0.16391548799335559,0.14165737765271291
1.2665895634859445,-1.1131772235592741,-0.75995991392942708,-0.37013853228709714,1.0633351647913583,0.49795233468869032
0.58414995208061371,-0.67559678469019646,-0.78363032771161811,-1.0749743133981253,-0.31202137375730599,0.22538701661710306
0.59434152529458439,0.9185752047511212,-0.49001565409763942,0.46839308384189526,-0.40239476270666891,0.044711724134708357
-1.354640101839609,-0.53729497768278989,0.9071034204713716,-0.90231601362575631,0.68908468449656857,1.055800449688457
1.1081349618537808,-0.99754142766658727,1.249367400554215,1.0807429264629631,0.22330604701056186,-0.46960515288086113
-1.0669195197350285,-1.0591263633930701,1.1624073822694241,-1.3155420121070511,-0.18217426476145671,0.24909100925164193
-0.016682638765123433,-0.02777963615334391,-1.0315004248169279,-0.81958508260443486,0.41133262960692779,-0.78691204004879567
-0.96308116083390272,0.28070568598032675,-0.91297485081276508,-0.15576099684732037,0.80555416945722746,-0.1919582722396358
0.61076507409886283,0.21358849486015566,1.1188122968263412,-0.25189735102602334,-0.89091787002214695,0.18489039645984101
-0.11928778393260013,1.2289929091267366,0.2730383236126529,2.1174226974423069,-1.1154738035175276,0.14011379252050019
1.0083578077840907,-0.51686346803837169,-1.0233085141863723,2.057154738004153,-0.071890804570770434,0.035303785748357026
0.19640122389018244,1.085912693598394,1.8685159682862182,0.87301073846327704,0.21512124383880929,0.35591087643192831
0.02409678796621045,0.092222823822409025,-0.63194232866028988,1.4679809290081212,-0.64734039735274063,-0.34641238548568198
0.49406545840093524,1.3020372558169107,0.85147067475343996,0.80592090460269361,0.62592011704703865,0.28401861074134205
-0.79527820883974232,-0.61444868734255942,1.298286928858208,0.99225889093667341,0.59484812060494696,1.0370782045407971
-0.29210182071636887,-0.27897417702820038,-0.17799298794934718,0.63884014011947698,0.20067029834515057,-1.5045294072202888
-0.34573126402298021,0.22122650430268073,-0.54996480678036341,1.3049978050037423,-0.4109252702597192,0.27038761214164497
-0.11796020802728154,-1.3015945982507087,-0.054112262399234883,0.46737418002179304,0.5439714670733351,-1.4771449019565501
-2.6046586726291565,-0.79628737617698864,0.50479153379132913,-0.18828504791416253,-0.46768045221569371,-1.6525841798478766
0.28037511195389625,-1.160526525785899,-1.0459341571795391,-0.83557268922771855,-0.19826700564799279,0.045064805490229433
1.1758454359812152,0.33323236868930894,0.51237240669854611,-0.88116290240148032,0.64811690715628945,-0.88975737927063903
-0.25489601416182189,0.6549672160974197,-2.0336548634179237,1.3905268809531837,-0.32620586517736283,0.092976752886521366
0.0794126821973139,1.4623354414485921,0.22286901036749412,-0.20793866886811055,1.6021844822447648,0.22086357569784637
0.4801002009083562,-1.225015241145359,-0.6227650160906516,0.16745351502628697,-1.1321341455726317,-0.39841869368109001
0.53721307732375534,-1.8781010862790897,0.70359944369410277,0.67103083711945588,-0.062027069034940131,0.48157913532757951
0.37185699374163883,0.45427299794020032,0.12265841689083143,0.70818781493199423,-0.64035084244530327,-1.6846181855802196
-0.36167485187720994,1.0010179420248602,-1.1019614909618061,-0.81741287992257317,0.86870868983239058,0.25057570523789441
-1.0567943399316306,-0.70548714424108516,0.7864762447505621,-0.36166934779693177,-0.84049131482870887,-0.46008622017130624
1.4035749984405372,0.74103184459151772,0.27867342017478075,-0.29336744680181132,0.32695643864768947,-0.52461436451262422
-0.19565481292167422,-0.24518336025336535,-0.4245351249421333,0.018811992140694272,1.2347577397827081,-0.96556111912289555
0.79024670382731133,1.1081989338732037,-0.65467114484585021,-0.47215140497248165,0.77730013227272732,0.38026740680402793
0.094345908544367113,1.2817477767861951,0.0081635901211812717,-1.6059755972479026,1.5207849629429928,0.28440075175315066
0.80391398629379629,-1.3140849848190859,-0.82047607485400964,-1.6383915019084618,-1.2691066354283571,-0.10996632663977488
0.72681238733577525,0.87127911880677278,-0.72190526362299878,0.94518037578337588,0.13186423413211651,0.70219725977682601
-0.9000815845791883,0.089885697887320884,-0.41466102146503009,0.46473325518833775,0.76691795367100912,0.50635540938317003
0.87873984174119979,1.83802328358211,-0.38455191746525436,-0.96233895404790282,0.7297976594810448,0.63938450134399338
-1.1298788484043769,1.0746747472602676,0.26957884976857516,-0.039616754256318193,-0.41487941020630381,-3.0247099321781472
1.8801802603991207,2.1243712411979296,0.39872823444679945,0.61157411408888107,-0.87308172107359738,-2.0966851125451851
0.29859566161310708,0.28915652057690161,-0.74644380551187717,-0.89815990284765823,-2.0429975085324754,0.68347472759725514
-0.25701656553991836,-1.6350335456014324,1.2329800187130049,0.54723857695900691,1.669293695254821,-1.2023249636539783
-0.95348751496648632,0.39748178186449323,-1.9407998335174239,0.18722617783767939,0.91156624282895471,0.017888830212852615
-0.40580843086955287,-0.65014210399466765,-1.0270389189819806,1.2176348677902311,0.39839542751193729,0.38807057037013726
-0.85563824388307375,2.6141953721440467,0.18247620913468637,-0.5154730912467701,1.4956332137116057,1.5199523576216771
0.24876373161585891,0.55831155972288649,-0.30957249806204418,1.0810359537402261,0.90808998788047401,0.90922423541181541
0.20831214523049812,0.87046365180962515,-1.8817117117627984,0.34849508093380588,-0.61589586184396572,-0.75852903273876082
-0.65354210093158394,-0.11661155219693549,-2.539779540172534,-0.95194870752846827,0.31917521446246044,1.067910277330409
0.75728150255983395,-0.85319307949732037,1.8632922777267877,-0.77465452601394369,1.1542981822616709,-2.4540195908158413
-3.1981155145192877,-2.2794685547238043,-0.64817726339142334,0.046130036923286238,-0.48299302929332649,0.7717823643601136
0.73989099776437151,-0.29308127197898048,0.0032770476526879314,-1.1705773763940932,-0.74061682098391879,0.084928238833415881
-0.41047295553521768,-1.38240088502924,-0.047299405279852207,-0.69118763526263083,0.18085747925256496,1.4693339584643259
0.41165624382785809,-0.3937814809560109,0.88836516578656688,0.50510809028963877,-0.51603019375465375,-0.13757314479888569
-2.0393029900667878,0.49727173815593612,2.9402498009855242,0.63022143509274176,1.9175854590818693,-0.090358338430531024
1.1599514486221745,-1.16760790194428,-0.13101654975061922,0.5474959070810913,0.038250000495165797,-1.6292455547015625
0.35421379157822497,-0.97922258480345847,0.40156582025405868,0.62030227234504121,-0.26733503686023108,0.29930214060353544
-0.025016046728207019,-0.89757660455468069,1.7113358315437768,0.64986483151928864,-1.1049641918161297,1.5451675200364872
2.4382489063657791,-0.30909511792144301,0.023089883987807834,1.6565506315949456,-0.85393636700294073,-0.2493733107002894
-0.71328606641558678,1.3174744705289121,0.12745319179387676,0.010240407591009557,-0.1617405544410713,-0.29953211908569094
-0.23329662570412352,1.1718918190137937,1.286878477925147,0.097041359056845994,-1.0870563232811572,1.3085252924321968
-1.3656688138457342,0.058938327543904059,0.68497098395509592,1.8303546057666216,-0.83355072687248333,0.33905322335110422
-0.86997326991717283,-0.56960019981060361,2.2936236226845215,0.89172080553932009,-0.46259795955849536,-0.73094773640679722
-1.0889515533453322,0.72437173383809028,0.3096878143611021,0.22077541646774163,-2.0388520215320547,-1.5398481464776819
1.3070999088473017,3.2722066930690712,0.13287490552755241,-2.1766397225002807,-0.29734005763590421,-0.8654002448757796
0.73706596802419444,0.40017757940333093,0.82899221968217451,-1.2600571687641009,-0.27270618436501015,0.59622960556052551
-1.0204849743774103,-0.88411705007800989,1.5692677726668545,0.58106643302573513,0.90623028440286069,-0.92830261582503248
-0.72980398890559484,0.43834903436292788,-0.46566835319751254,2.2024843816455908,-0.18285451400612807,-1.1787569777304203
-0.41760165340186095,-0.01873080412805523,-0.55422263828738716,0.010328146736689039,1.39278280824328,-0.40664411680786328
-0.18341348999913401,-0.96239129022633074,0.41862135618768687,1.1952296041702761,0.87880703111929592,-0.63223324449991869
-0.37868116039417332,-0.49172437862504409,-0.64340667209446201,0.80381082180362506,0.1202641773591093,-1.0378998279392022
-0.11263674204078868,-1.1770256594536288,-1.2224533566751605,-0.98955139574150064,0.95446338760643623,-0.83664362460368302
-0.36086797602201076,0.64600294420751925,-0.020393502623036845,1.1503605909973005,-0.11201830604481176,0.35907030485932884
-0.21352002302343967,-0.20619782166309322,1.0520173380544156,-0.96173521265759909,-0.90342703087626541,-1.1954857607354719
0.74763774525398019,0.76169849724606331,-1.1013810010210281,0.64588574314272329,-0.64912784106374732,0.22007674191260149
-1.4130359575634504,0.75399568808676576,-0.3277045594147957,-0.63263120662459382,0.11548039079387076,1.3494149468156067
-0.20902344598084679,-0.43967599902851484,0.052603726305392999,0.4562047351277802,0.59799565913423536,0.34120050257572215
1.257638063260029,0.38073309434692604,0.2571252371284094,-1.3095011064825974,0.50879173857320348,0.43379592026324937
0.098568790084041055,0.43343694946584488,-0.060325422649829041,-0.55031446124373995,1.1580243576527731,-0.56205339667278398
-1.0607107382387522,0.38940155356215672,1.0543713021835384,0.61837783223507492,-2.0437292788461652,1.5855395222448019
1.0261336485615418,0.78682859729215815,0.92620618650388031,0.25791718582918854,0.28913735856133438,-1.1813252852201597
-0.94328195063136955,-1.08232711073374,0.38188186243766437,0.21511628045631331,1.6522295400433666,-0.91373556433747938
-2.9355185675240474,-0.32707178954741795,-0.25078114010530983,0.077219906169331609,0.28377679994242078,-0.82914194380772099
-0.71258578096990788,0.64016783144694644,-0.14135261522018022,1.1529549445413745,0.18600872957973469,-0.22571181664338058
0.92212384376765266,0.54873024501278433,-0.26003640996297084,0.34093851263375002,-0.48969324468457037,0.89826840752484471
1.5562492422657983,0.74038221414571481,0.69654299730320102,0.9315073100664808,1.5091422703692838,-2.0496438955856195
-1.1943672319881282,1.4932733791793624,0.81913087163184484,0.17275968553691018,0.031729777331899668,-0.46400307080472919
0.56640388798404118,0.39435317695582012,0.25082219157927971,1.1089083987059272,-0.37656529282223999,0.55397931190558825
0.6978791590340504,-1.4686769066289418,1.6077059580101207,-0.96982158211988045,0.27864766174414662,0.14200934414701713
-2.7363595372736378,-1.3591154808808155,1.7642139181988654,1.0745427858507919,0.15358869363467309,-0.47692080810635112
0.10591207944078708,0.68113681043772323,-0.75171519112874863,0.53341005302126332,1.4839939645838405,-0.15598074485664193
-1.1626878238676857,0.49936706439638084,0.083017103246551135,-0.43286893459520565,-0.17553625799510444,0.20711537944588418
2.551114979214153,0.0049529064528856664,0.40223025847330873,0.12214274175402791,-0.14224957177665598,-0.34284073506764728
-0.50049668812433168,0.64270411627159418,0.55818113943250958,0.17385904787927228,-0.54623857054531955,0.52059873203523033
0.32666683331515739,-1.6869359375252291,0.052600500849095747,0.75030233579100425,-2.5152281250095982,0.48321788717635861
-0.53717299941439522,1.4210279526373133,-0.72026119742646455,-1.2986539919728788,0.26613649964212205,-0.31724516009992199
0.28600399733613263,0.62878167433873022,1.7289543979144413,-0.58116835577046921,0.1390064762492223,0.74731195808366635
-0.16882149261018919,-0.49284483425575137,0.33862981784219992,0.41982954173496867,0.73157687319758002,-1.5217714266562639
-0.15289243590402388,-0.1717428884619511,0.16837840672513735,0.15028788987155217,1.7443098846773113,-0.32354438173880817
-0.99981165639225089,-2.9748438559233343,0.39800119360525071,1.4074407650560627,0.16485354491323889,1.1219189164983983
-0.039205114897483517,-0.45099813806575578,-1.7087454983847725,1.4463055990884981,1.451160253031861,-1.0552185988852989
-0.59277992247566624,-0.20971817644737525,-0.011295001670582743,-0.40972900228219877,0.9571457905949472,0.63132809102020049
0.1707411306948402,0.94184673796274621,0.050581999894682469,0.12465359314327135,-1.5977239527796583,-0.13740199047771923
-0.15617802422267207,1.0514458536060205,0.7491875150149957,-0.65780903388308765,-0.48367150743402515,-1.3132064641042445
-0.4799931325375883,2.0652039439018157,-1.8003634246374567,-0.45095714089289179,-2.4056312422859132,-0.67507357577824001
-0.59816927251126284,-1.3415917803515085,0.22879531743324069,-2.1228938437478515,1.9428254263316989,1.4021499801333779
-0.74427717995853726,0.28631433041335258,-0.66297840430835164,-1.7372079272364203,-1.3611711239375552,-0.26951977001444311
1.4009255678317425,0.81972926459727413,-0.99816915292812236,-1.2396742238946103,-0.26919589455681064,1.5929874031343716
0.12864452733947104,0.52982043138567292,-0.47650970642650459,0.52822278027320824,-0.96561761841281935,0.49256354599434649
-0.8040593143223641,0.4333027531902216,0.15531943161245484,1.8262081201110461,-0.38982075044465653,0.16416190973725903
1.3747196646719524,-0.27259701986796991,-0.060895732247660393,-2.0982364846445196,1.0906359431426369,0.96460964237581637
-1.4022828614277325,-0.0056269185734012525,-1.4758822504080682,0.23229638720446991,-1.303143001797074,1.4848682903989667
0.61863364124328635,0.85073572689768362,-1.2224465730799992,0.099686447788040963,1.3406378635137886,-0.24261919398322807
1.0736523710812131,0.20832210972157256,-1.2959774055508901,-0.58917332505143771,1.0737596314299245,0.20503142180094117
0.60730563653770897,0.97634353465695822,0.51259738400427191,-0.54618393595957371,-1.1562803091691303,-0.21233496290994106
0.42686161695660785,0.62101491017742882,0.050359746559960901,-1.4286266380611776,0.30850515349150109,0.056982168900706495
0.96636912169666978,1.5531386091930406,0.38323869090005447,-0.67792455459458345,-0.020041880228036383,2.1163780938945052
0.29597915212168513,1.137939605038623,0.57887369720616144,0.22965362410535378,1.0592351576253385,0.2630226092121265
0.53322680195467431,0.00093718141479822565,-1.0183877237374086,0.58204271778731032,-0.6881461302261398,0.92018573982740637
-0.50629965560485191,-0.34122779783432083,-0.75157450453728458,-0.78860436468884376,-1.4828252290035953,-1.9670984055030998
0.66748336478588599,0.13555658180222407,-0.13421417531766131,-1.571178554519765,-0.25552384618213847,1.0217829008999852
-0.1184208682858687,1.4087931209377407,-0.50444798670882418,2.7574081393644438,0.37171235188317225,-0.43590557482056075
-0.59921017233019902,-0.43589452895003228,-0.044445210630885287,-1.9356921369747355,-0.1076471856126868,0.48850164768808563
2.3170381019972193,-0.32382455818029721,1.5917500821560118,0.76899116931071543,-0.054251829934832518,-1.1744956964116799
-0.95238066201967053,-0.10369341450232056,-0.68604521372935567,0.54397894955337622,2.4642303708134512,-0.69383640989657913
-1.2022127894117116,0.32329583828351349,1.0545870341161341,1.2257156702554319,-0.13592379286645845,-1.4509856186387835
-0.60371989160763895,-0.67151643850461895,0.27888013914714038,1.2758948833768839,0.040154745219918103,-1.1349404812745896
0.11015222213164882,0.30193073370931678,-0.8148840245419352,1.5285919144074713,0.2947659943319012,1.2247830524317915
0.93102009450420242,-1.2188674177690439,1.0235564712392304,0.062215601779485354,1.3221918932271464,-0.27747200690558071
-0.35940176584756034,-0.52628718547885156,-1.1923252411151188,1.4061353113795019,0.014481919726787707,0.46279768611543515
-1.0469240186424926,0.78562798460323735,0.52205677195106515,-0.62810662991927757,0.73785192067787375,-0.10591891981579883
-0.255914886228019,0.89668719244486994,0.32390565188916071,-0.99830063339479436,0.88513641689033462,0.539095125876494
-0.18384739936906644,0.74261381369217594,0.37895873516727363,-1.6980273313941456,1.2483489598394655,-1.4115326840398388
-1.1626173026059952,0.73090732109481749,-0.48701143801683117,0.56129707100631798,-1.7413319458961374,-1.0354407656977629
-0.38955806498877649,0.3269311293791764,0.14602032889478156,-1.2711384165182233,-0.046740246365902169,-0.39675211129546267
-0.63628393534111438,1.322208848841508,-1.0527392002559732,0.46063091276399271,-0.60375300044717906,-0.376516584592818
-0.58397667219418403,-1.2487033479947485,-0.89379323010557188,0.69417810422058501,-1.1337980331930249,-0.99889503931318913
-2.1377684584365624,0.9866463523296739,0.75029797911863816,-0.80640844118628086,0.79116226195442696,1.2574387350396203
1.8138091651678045,-0.02686004105860464,0.010833677148049115,-1.6895296810112945,-1.1324143047181792,-0.23909069486858658
-0.65691301144742331,-2.2056233998214712,-1.3811177691973648,0.19496747574896314,-2.152198627791444,-0.077736873230205297
0.20361673152135271,0.48250443878232313,-0.46878894800007048,-0.0081312115903239991,-0.3269890216315659,-0.70013705242546276
1.0623452335123844,-0.49151570838265141,-0.10112684572719746,-0.59862646043533052,-0.49746775363538626,-0.95313864780798807
-0.27170447919865864,0.84775839701510713,-0.95726863800733875,-0.59183782413402741,0.77834613120700802,0.61550638293893301
1.3004657977146945,-0.42002625031393698,-0.1202965055905505,0.37073085002906903,1.5776985655440745,0.27776320063978921
0.41201106758196304,0.41878572314603785,-0.92682665968381439,0.66880019756930709,-0.4064150854406493,1.4983272137753649
-0.43915692713876386,-0.81288708986619196,0.15334108752557329,-0.41443626862334793,0.56281623517425639,0.38515747816678736
-0.96716632836542005,-0.27923988251023563,0.33696257492300519,0.36104896427106953,-0.51978915314759655,-0.023679862892590893
1.0437294725642066,1.2961505381775755,0.12448373911460783,-1.2387823486138008,-0.43028936626883851,0.76748855181036701
0.23088270514576856,-1.3559614735776042,-0.28671392823706965,0.12607641004774028,0.40662411315471947,0.60318126792837989
-0.38597074855320745,0.52697352135879116,0.41361567818660133,-1.3545895115909481,-0.079888813985948881,0.032089848384854867
1.3535664494438955,1.637528659140173,-0.70214609168192488,2.3721316695667176,0.43002815121847188,0.82571783778118024
-2.6096898193155726,1.223188409726554,0.67570144504909402,1.6628291241978921,0.37697877759333676,1.1556034379081157
0.010058543428554591,-1.8495335946590026,-0.92144115207652266,-2.4743262923992941,1.0715264542225007,0.52283430938295039
0.58201265223088028,1.0440517209532176,0.052267427669370634,-0.69444544957393073,-1.1010580461609407,0.81831826549067443
-0.36639363995767787,1.6267225674478212,-0.78452215809453685,0.15650823901638294,-0.18740490521823355,-0.77789500981519577
-0.75847797312687826,-2.5387664564740162,0.12259374240436596,0.52026713079244091,-0.30394735428116287,0.37345114752146541
1.9467239413425923,-0.77175229797288047,0.53141659821799059,-1.3188439725318788,0.10391480896200807,0.19518716991593757
-0.8491186071128729,1.3216644459337377,-0.22810517409465791,0.27402241351495715,-2.1570991415125271,1.3689772832267617
1.7941148346913482,2.5856642588588783,0.064488044228304078,1.1687518474972773,-1.2259354739394233,1.0230546607452793
-0.65528510252728067,0.15893986062883955,1.3375539642227283,-0.29249017428060425,-0.86498766541288608,-2.3205085142479964
1.4828241509305815,-1.6668463497200467,-0.13384772196686265,-0.7030596200091086,0.060364469296647974,-0.32551870507407965
-0.38535827399484401,-0.19813387815632896,1.7924002511106822,-2.5257299754782614,-0.63595308717435894,0.38959715091737196
-0.42542897794123108,0.51242266971561512,1.4462002045923017,-2.14776490582131,1.3168493681528444,-1.9409315712695192
-2.6969598380786737,-0.8860525214736098,-0.51539007461539277,-1.8325351410731356,0.099598742868990606,-0.1723772942297436
-1.2596722706262231,0.51818196808734029,-0.43112153631684513,1.5433809259389235,1.303141565772348,-0.10731251777808223
0.13873327648969375,0.70624162704657656,-0.99253299188277899,-0.37414195311855625,-0.10957705681330168,0.29820983742744595
2.0764240779685772,1.3158709961646942,0.78906224047618834,0.96130127509728613,-1.2515671603635137,-0.36111320161587651
0.70120063732310145,-0.87737511079982922,-1.0401457704704604,-1.2777152609317868,-1.2092581239483975,2.0343044941708506
1.4505638036515793,-2.1333428959474157,0.29250007148683971,-0.53330483612693835,0.33696353827596759,-1.4526353508089149
1.386500847168074,-0.016786316130294191,0.072303931682180023,0.10443460500036943,0.22192137610335094,1.2262046229798831
-1.69140030804851,-0.27885695703202168,-0.54719818658487696,-0.33672876915953287,0.59925854233519815,-0.93503877499221399
-0.15974495076532236,-0.44278662109451844,0.51974122295699476,1.588355124331132,-1.442597248508571,0.93759014578441735
0.50628673740159913,-0.35776999518871877,0.057408134282135488,-0.56699045840616769,1.18480776933341,0.3067384476586078
0.77425166665291933,-1.5245869284926981,-0.47825912824030736,1.4538209422740405,-1.0895760483190409,-0.8311109485922149
0.6332054391304025,-0.52665173939235832,0.061576304968046371,0.37238396988121159,0.60446972347346528,-0.37803515048621916
-1.0225603075465335,-1.1241212323313088,-0.34961092216110279,0.9982511458623623,0.65180280964580783,0.076813627258780257
1.7387030865595483,0.14678076321585562,1.1304364773624032,2.4564207951266503,1.4075726764914211,0.88627287138817368
2.1813701805621983,-0.090182973739065114,1.0664666705722048,-0.057827534646638638,-0.45522579179257966,-0.4008835717096369
-1.2320666653500882,0.68094082971178194,-0.023598368902127055,1.0559665129859102,-1.323910170883293,-0.19102040018876368
1.318089971465698,0.43285021514493727,-0.69910623244031567,0.59981375702951001,-0.3411312132010102,-0.6605593240433747
-0.083925055497092116,0.32852860246607823,0.51546275049684565,1.6491746623798673,-0.81274179993276763,1.0588234456476129
-1.4323047777002178,0.85592988158184946,-1.2869271142715812,-0.77636031151020868,0.0013240270727421048,-0.78177692549537936
-0.070301409600939571,1.6368816185965533,1.1384619255410631,0.29229505600097461,-0.68861936837339055,-0.26233518792863919
-0.46226242629043413,-0.39217801285794146,0.95728293452967439,0.097487279145951997,0.55929215522376774,0.66525552940925692
0.4694326345126158,-2.8325098384141594,-2.3156914296329623,1.7251746285890324,1.2422288454980184,-0.34800542496895509
0.89783163447547931,0.6182232101291667,0.62477582096490125,-0.53787050530273672,-1.4165024276318992,0.5538700165872088
-0.1382676455712471,0.31807619941198667,1.0176731045815961,2.2639630416005589,-0.77641945410166135,1.3950969310106409
-0.76125036457717454,-1.3204129546113836,-1.1242957896952341,-0.66306989786269455,-1.6604991493455163,0.43173977126126789
-0.43350181360944423,1.5910967045420803,1.1284485194017515,1.0636082220422847,-0.84788740813407026,-0.11480281367517856
-0.014364427634603749,1.3139196005390132,0.67069553404892557,-0.4028542488445363,1.0554861863367955,-0.4769358973690116
0.1036688662229719,-1.1774945426214458,0.39244363788632919,-0.24547191256691878,-0.62210745900079067,0.31871670467505259
0.42267067193276331,1.8555334919695039,0.66071679070401801,2.0295486058279986,-0.58783306277762182,-0.16242573220911113
-0.28904967522881581,-0.94385951160371684,1.7982533248942125,0.25213606354611351,-1.4833241653299063,0.96582563205901373
0.61928678710409957,-1.2054744886939357,1.7315325083698112,-0.7600526342869719,-1.5340035884184673,-0.2761684763579868
0.13234026611779276,0.31541201493618404,0.82678369724338974,-0.20709160683183453,-0.59487002200284611,1.0660808626675511
0.48264139853058596,-0.077218202195302357,0.97206315456559045,-1.545906036808441,0.56230734369203272,0.68404616643916305
0.073016064581930953,-0.44166039661096396,0.22200324894965134,-0.17664966872454613,-0.061561697100570648,-1.3401813202315116
0.91479231576828712,-0.44350452741294605,0.032511617027588723,-0.4756744797861453,0.89054934001459984,-0.70044373259240067
-0.58406741107750926,0.41724107988005327,-0.2540851800175683,0.16662166004917675,1.399546900764481,0.11385783137029802
-0.23282258217322938,-0.93386461100040796,-0.95352475320196506,1.6286529872384248,0.16320918747188154,0.29552225085620726
0.59202938600602817,1.6249106622190312,1.1730606956976866,0.30138820925230153,2.3624848360215855,0.54567458616267839
0.45077968874487134,0.11541774921440703,0.34083102890882072,-0.81327258219887577,-1.6518843368579095,1.5053929884625594
-0.61584951032385404,-0.068356894726224318,-0.66691788206396752,0.32729800214431698,-1.177805873790684,0.26956839098530838
0.26490485649981194,0.24577052493149187,-1.1709813582189796,-1.5399701369301222,-0.27062717617271487,0.85987951308979493
-0.2290140973881151,-1.6260531676475063,-0.32108276932468394,-1.5098605982410094,-0.98283626424638149,-0.71806057509543375
-0.2495838195636626,0.095588520730094731,-0.15600523355660226,1.1079820412575117,1.2466879857548061,-0.5248811979314576
1.007957529444534,-0.48938729875983039,0.063256470965188216,-1.207020728314383,0.84713667544350291,0.80981452577296431
-0.42193893674346222,0.35963710936566051,0.35091292408682484,-0.70393683987854183,1.1257540187073583,-2.3522014782552447
0.53107143347524721,-0.89682851058022417,-0.060048276105369808,0.92064644455079514,-0.67018198778668014,1.9082712217921651
0.064748738438139705,-1.2151501778938916,1.5410997696726159,-0.77723834934303315,-0.78640138682392013,-1.1758465806856797
-1.0075271530623287,0.35017346354861245,0.21060268667391027,0.81207110252813164,-0.75873241881626163,-1.3567099989748359
-0.64056276665785206,0.11250985806560045,-0.27133120715985587,0.72392852011419884,-0.82584969818734577,-0.075441372876977886
1.2092132557530035,-0.76152143561014285,-1.5875063338796049,0.51146679544185514,0.04495444986243205,0.16334383803721853
1.2053617769872997,0.06677117918764397,0.12984617349612448,-1.9701216303621611,0.27769079211445336,0.47602647459117686
0.095324702651620297,-0.87733510903166301,0.58441879804517349,0.56416699125052916,0.26571081999521845,-1.2710546491645309
-1.0450435875929875,0.64024940180790957,-0.90114978806122947,0.41501678600588199,0.62860922681370324,-0.11866379281025391
-0.27042990915012283,0.95012237883829287,1.1444307431247411,1.9546634752522678,0.15330174265397017,1.2604514752867291
-0.3736513545335528,0.092886151318594554,-0.10025715798907377,0.95575000796668053,0.6870981381075405,-0.47157449178820776
-3.2274466801091672,0.24206609121042613,1.0370564026097799,0.96642287524469783,-1.6916897869117888,1.0700666597955406
1.1579586897189418,0.2802711020363482,0.90716574693861507,-1.0178738875919822,0.3910711877159419,0.5639903678857543
0.30769676606794555,0.17404877124378626,0.61325501124141957,0.050720314163562041,-0.23982467331462456,0.17319346269765107
0.5069972557659842,1.1626554199282799,-0.93808113266127957,-0.3033283857036092,-0.76418347359407868,1.8450632466750483
0.24368799310408351,1.2395201508332399,-0.22146684799404157,1.3590056047268884,0.64669308801327419,0.044466223537240168
-0.8176980021236675,1.0359229893062278,1.1790427025845169,-0.98246991240575687,-0.50885608815849637,-0.023415216480886084
0.43143954640968668,0.58628745274378025,-0.48786119655686833,0.051911410270819275,0.84998860255098907,-2.010997005364894
-0.85225656603313549,0.87130440718421653,0.66393084269934022,-0.44994755015363086,-1.0638424192331548,-1.3364926452310157
-1.5212966684758911,-0.29064743817866667,-0.28649513462874787,0.61137953771528375,-0.99388266831874938,0.96428446680348157
0.14203981355909578,0.76263023782799511,-1.3854033359915745,1.7589225657195457,1.57086463408149,0.49254159197327285
1.608644667619239,-0.22959494394151492,0.26371461840459959,0.49183230736839301,1.0012862351262142,-0.37440321474865745
0.0454079511507351,0.1883777932826122,0.38376986983467137,-1.0168952153893915,0.39922301479996741,0.85601335464056727
1.8702436206681596,0.035948027945039381,0.7877236582641215,-0.49480997284335432,1.2658021614258967,-1.5478635016495097
1.0452095458160879,-0.39550911139900163,-0.59928216732894068,0.072956564304046331,-0.5764981977630288,-0.32037173651538026
-0.73300606670999013,1.4026971506106349,0.59513299612269643,-1.6660237060615359,-1.0057298897795477,-2.1172625437031187
-0.6023383562254192,1.3429285358944667,0.30637974111069805,0.21781196102096814,-0.079590460826594156,0.24266054198082754
-0.37467488819122891,0.89840704815172678,1.6820864842834256,0.37285849176776487,-0.35095870098902188,0.43894641332416456
0.50944095516842491,-1.3042252502239495,1.5959230277278482,1.3409870168310403,0.42872622798721743,0.79780894753049403
0.26916562909162467,-1.2193526049712236,0.23656009366165062,1.3925800728506177,-0.52528465615703701,2.4994120899937928
0.66438854809530057,-1.7187704517599394,2.7906022393714864,-0.41269635529881643,0.20094101568251813,2.8503136361395001
-2.4471461645680828,0.67208394194358245,0.97691641693690534,1.1222115043798919,-0.65244142187601373,0.20410603781355643
1.5829964459834927,0.67836603306776844,-1.0561543185197779,-0.96724342634314719,0.70720171528885989,-2.9736536205644266
-2.3228123546602735,-1.7391587802996056,0.039608443994361933,0.12119818251760917,-1.036110289608809,-1.9298611692295635
-0.38294711069054005,-0.16100243119384586,1.8962391305166832,0.88961872404843567,-2.2206999409491095,-0.76482848095423617
0.82010585893699406,-0.24476836877248345,-0.47515283702381439,-0.64432875878022311,-0.80644764106810607,-0.47602666800861582
0.73834598706999111,-1.8270185509737504,0.52519022050184483,0.39930633403200666,1.7085023980318055,-0.76182543544574843
0.65349516537414754,0.73973004375625639,0.68146492692744032,-0.10609604404459802,0.52286497300217205,1.168776210759936
-0.43720591209236548,-2.7250397319503308,-1.4119259698787168,-1.800946193262813,-0.85640801301516323,-2.034057645800968
0.84695858988202755,0.11733831042588064,0.49776103137254296,0.8475920045402261,1.5848982963462817,-0.041469045843295291
0.98118406591914209,-2.4520450632383604,-0.91304781577866279,-0.73035209069174223,-0.24481074027583147,-0.6190345181704896
-1.073091204031916,-2.5854269618071619,0.65948788654473278,-0.012062619216685814,0.1373308882917654,1.1785023124961835
-1.007710416868808,0.54141445856858228,0.484684757953882,0.29777428343043116,0.3052907508193099,-1.219857987099922
0.62020812877833542,1.5477926433932478,-0.62716935808724172,0.1123061462469743,1.0926304047548439,-1.3435788346099942
-1.0597273316688305,-0.31814758446485231,-1.7640007812995959,-0.72483366663314996,0.77847042437597846,0.30579390654818955
0.3383452210497887,-1.0311963692358164,-0.24165659844931686,0.23729613400644556,-0.095746866262529207,1.0618979110290101
-0.33779070235113884,0.97580202109924141,2.2165388143870373,1.9019728399895446,1.3469260563108478,1.066522377272431
0.14224385123404051,-1.6146063788941545,0.80007416122482489,1.2625408947160039,-1.185797261147979,-0.69717797455206221
0.46693670686028343,0.41596224830020878,-0.53247531828643968,0.36708123238916374,-0.15956548662682427,1.0748306531081839
1.3789455355243183,-2.8484172865785147,0.22478446038286107,-0.097639615156110304,0.38298193695253263,-0.46162761054114465
0.59952385587371448,0.18871413916602942,0.56643239662975975,-0.20090839090811954,-0.19897157592180525,-1.3115397900220438
0.88483748442017773,0.61343689593235451,1.6012382368371605,1.010478281118754,0.53024980347636053,0.044947188943836917
-0.74489486605995214,0.50197649751254148,-0.52465636632105761,0.25250626050091851,-0.14459246234682982,1.3216547105028773
-0.093741903605620763,0.4147681103268942,-1.3303251402864946,-0.24977747160655844,1.4366242317349123,0.12812198177655199
-1.2999304646362406,-0.66624620182905092,-0.49437323498428692,2.1158166673090086,-0.1002384463400072,1.8178878519486932
-0.13831414813324552,-0.32758647482497144,0.010890378415412943,0.32740306540329644,-0.67752554306509161,-1.3969532035379932
-0.20615987387878554,-0.10121669529295846,-0.3758356919983038,0.64516122088263361,1.7893858230805457,0.135116772358992
-2.3627788434340369,1.7616146846085374,-0.61106871696569331,0.82232478452423652,-0.15438532533062382,1.2587724661856254
1.0345046646442839,1.1119286503609511,-0.37930793667605434,0.35811904545351664,1.5239782763011531,-0.094493945241425278
1.0310819961018347,-1.2980994388992,1.025013325510215,1.3958291613130442,1.0159492714155072,0.18615300546874625
-1.3021024725878532,1.0841324500325731,0.91587885607413655,0.88307825794133421,0.41792404525524085,-0.48841079262572357
0.11457969989912084,-0.57373283206925574,-0.8671230229612743,-0.49900256619462374,1.0279274292439824,-1.3540081422803216
-0.36314152376174536,-0.2855428333205759,-0.66645047120533429,0.52876933553563399,0.30482880704535409,-0.74972807824185472
1.2838929432309552,2.2590987020513853,1.1713579922345514,-0.69033911561493044,0.93100022757757361,0.18050917478559009
-1.0653698124763002,1.1352223464434383,0.10282521462206658,0.57717373211813761,-1.1158256517296468,-1.1159959502297778
0.18519151972084702,-0.21169805037924788,0.66508416353000033,0.053402542346974988,0.9391960246045189,-0.57055521942913501
-3.5445689265955154,-0.78087263443600619,1.1468338570457055,-0.82315117535478999,1.1119493120238171,1.2483019084804023
-0.75285679422470642,1.6069955144836323,0.56709187530697414,0.74533390341410122,-0.18197821251124485,-0.39870455976389885
0.068958627307908346,0.83380495870198823,0.43749969953702628,-0.46114068083082721,-1.2232121419874893,2.0126237185697327
1.3711554148503926,-0.72144736469713677,-0.45406058482153872,0.034134360742432632,2.4705055727452012,-0.5244364816354451
-0.49582795292220777,3.1153475668506729,1.4894170643290578,-0.34390410925182779,-0.49145541182769448,-0.76824847999961277
-2.3066516882605805,-0.83969314571646947,-0.91892419489897048,0.24831941867263788,0.43652452937240366,-0.25328070013642462
0.46570621663442013,0.046229465728880613,1.747796104130837,-0.94713714224571732,-0.52926140533017429,-0.43557665889313696
0.36547691370452728,0.6904202609172122,0.80910584316808087,-0.95144321632687945,-0.71245478584905442,-1.2605079271181201
0.081923493554057217,-0.22660519818958635,-0.25479301959936274,1.3820564842739504,1.2460166084629756,0.67879116210528156
-0.95517058666405086,-1.5032457178884802,0.91681069192800402,0.57844096628784702,1.3401815325506896,-1.480122459154678
1.3249574971295237,-1.0668400992658613,-0.32527511936232117,2.8999301543418774,-0.48222415880623715,-0.0068903439809055592
1.6153142763421109,-0.19345746521661514,-1.3489956519620281,-0.92687459621494284,-0.93106609323127953,0.85983717122662084
-0.60933776226848579,2.7311643644107511,-0.64524955900300851,1.8223813228371899,0.76948590915143655,2.0347050206784494
2.2721685344436371,0.40059547265240741,-0.83496265982587248,-0.12773423920270308,0.68098819215406603,-0.32415069244314015
-0.25028508745557315,-0.35755335984471937,-1.1529673781204104,-0.91415306977894417,-0.3751266250603722,-0.70721379875692325
-1.0321183114913244,-0.52098341452391594,-0.19641928867635119,-0.69325235358823245,1.9821815308865092,0.157740637703919
1.7633294231684307,1.3253572776634339,-0.65985326761405683,-0.4985691741003595,0.17971163525427969,1.0225883131983773
-1.2650932155416861,-1.0880191423764052,-1.0218673238280458,1.050837523982677,1.6277861665419953,-0.31823136843788491
0.67911499637155182,-0.251369020225369,-0.0020131401272326004,-1.190695651739313,-1.1394737716037893,-1.1785073456203647
0.76944209916991124,0.16958846845123454,0.87298136526778647,0.41771602049699746,-0.84975089470085607,-0.12529994096857971
1.6636888549419244,-0.43965176806631995,0.75861776282982907,1.7814403858721226,-0.3626541824185015,0.43080117643830845
1.1070553727039949,-0.73882096731993141,-0.18498251042497588,-0.50758311275232282,1.4051237696802039,-0.30356302141375274
1.1857819733285295,-0.72903822654831618,0.11849906573690215,2.5352395124442264,0.032516631968173518,0.40184666011534903
0.22524288002431017,1.255363733974276,0.093998389876950694,0.61782642887589423,-0.49911564119334512,0.46804274371445143
-0.8833833441219382,1.1091429276287725,0.28356211530551872,0.465520980159984,0.6996909181028923,0.77171075806739553
-0.027423749350264419,-0.99501440244666473,0.8772153715250286,-0.61567224375927665,0.13472531714103941,-1.1126368598751386
0.054257142048581702,-0.00029886028755134295,-0.45099386528304958,0.74745301845674983,0.93236579812666243,0.42334004531775965
1.2833267446387953,-0.12937886824103512,-1.7696426112882431,1.3123882536364933,0.84435304720853188,1.6914963959364968
-0.10786833322830973,-0.62745259969069778,1.0527070414040574,-1.1725869298900184,-0.9218672166109465,-0.039129642569754056
0.46340320638685212,-1.2734743152849386,-0.25563999810694304,1.2909485321458603,0.49997065070975488,-0.76354985523526309
1.2709269728984052,-1.4938338337072932,-2.1024702157868234,-1.0935683168466339,-0.75310787802168377,1.4691208611951039
0.16548054115055372,-0.2542815083804999,0.44589624994208404,1.1144947267925223,0.16684702461424142,0.42945959457524441
-0.35224629043774403,-0.22072042458414684,-0.017460530177157287,-0.55803431125043701,0.094552580058327423,-0.32002627810580098
-1.1307123109043031,1.0775730247379105,0.59378615863888107,-1.0965595693778185,1.8326652615329204,1.5390940301691165
-0.2344220572689151,0.89075911699104493,-0.6944843409115532,0.29668930608369859,0.077601270086942647,0.76429562407613527
1.0774347487197684,0.88185668147914653,-0.22829463928775073,-1.1089922619075263,0.62073268520188096,-0.95514286247502367
-0.30481032753938708,-0.84328669881241303,-1.0045935409363733,0.02729959601805582,-0.70136044561960253,-0.081585837203781625
1.8596937362637149,-0.055729567188096657,0.061690428897298567,0.57741858330034657,-1.6044508925966492,1.7558759437807556
-0.08877705069449679,0.90297006368952426,0.44312612175137572,-0.8057850516143914,0.061980935411311125,-0.23945037962187637
-1.723923382760491,0.91993959216154209,-0.41782350188704331,0.94385780019881915,0.47460553502110353,-1.197085577175645
1.8004878973431482,1.2335172733246516,-0.95018259809096239,-0.39890357531524989,1.0536542279284238,-1.7966263549667878
0.48919629408308157,1.9561511473958124,-1.645627453018526,-1.3860167922846272,0.47594598315018266,2.1424069509111212
-1.5395538091873022,-0.08836175898412435,0.037742153904213725,0.30749533462687884,-0.54939023378682861,-1.0796015591527997
-0.46084013179762057,-0.34240205245003952,0.028623610915693473,0.87069881497866786,-1.4916176463183408,0.55453118317062544
2.6162284919148409,-0.15743523925048142,-1.2597281578618622,-1.098264972556414,0.93657956118396479,1.7798587490369469
-0.80496501469286197,-1.2015260327599522,-0.78916832470484422,-1.0285566379885569,-0.73097694980564043,1.2411905007292254
0.62238113515669391,0.48519897294854669,0.39874696792421704,1.8983790612018161,1.3558665654635131,1.2626835012961142
-0.89588899520866805,-0.46668317516695995,-0.1736652656318774,0.11291163692061232,-0.86724034600947575,0.66717668527042129
-0.17327263180229102,-0.84195032256463698,-0.15567916093783785,0.26152044096053673,0.010778063695499912,0.53037005575444418
-0.21762023548854217,-0.90570413515338111,0.91362853016318091,0.20825390544112476,0.19158651485817266,-0.71665572329990945
1.9203734167987252,0.60086982730750771,0.55326556197905075,-0.68579267403212707,-0.93538164015292835,0.64183385739148757
-0.85941923998400294,1.2611628987612931,1.7605341708176585,-0.06716508848853979,2.4153566289809474,-0.44517724010093351
-0.038983694975790878,0.78962775752622105,-0.64248941237706492,0.46989456436686611,-0.84104268008853733,1.5710040104401453
-0.15393210510637581,0.26444714542938363,0.69276583728835739,0.76141512068394968,-1.5720696754334793,0.1743261391471457
1.4366908080782033,-1.9858942134891358,0.10518221598446263,0.72279105289362056,-0.090124263169515134,1.0764483920247376
0.88315676519937614,0.86295996737489034,1.9574507365490763,-2.0765264043646638,-0.053545105456651879,1.3244663909928092
1.0336329912221665,1.5756967201031926,-0.69758035412807839,-1.0025714068098188,0.29246347736700423,-2.4301745087287072
0.94363722450470289,-0.9796774055409464,-1.5441559850112476,1.0145028521864581,0.29996440490221338,-0.59665441161219479
-0.11482973181819886,-2.1408030510898617,-0.0082378927492626191,1.0733128362685549,-0.76889768583412765,-0.28678774902857762
-0.37094806687983162,1.7461366785017474,0.1657406736778842,-0.3690065669552749,-1.195060759499261,-0.43351972731905675
3.0067114291033232,1.0871213704947718,0.50632295992624943,1.2709683171837525,1.27238457460799,-1.0851010098800264
-0.18340924451829427,-1.8889729384506044,-0.90854983222418539,-0.23169911580838104,0.59099146465907382,-0.18219563557013282
-1.0116335840267381,0.25063867993845462,-0.89444197517354518,-0.11304085803801095,1.3813142437036137,-0.64116584339181915
-0.051744720451068121,-1.4635135215610964,0.6975191383808822,-0.36193868874028817,-0.43716642939009076,0.61978526343528273
0.71519073000616806,1.5947986501597098,2.3594306184198364,-0.90253117165343943,-0.057480624570155833,1.8209371958206597
0.93996856363277215,1.5910029281364992,-1.3752479798634221,1.6047769613837517,-0.33947521798291175,2.3451789289584983
1.8900224160551065,0.17422829493480479,-0.18214611109976939,1.7633688816962143,-1.1570081795824401,-0.034419696403497547
-0.057616877701719894,0.19040034687916743,-0.47124337878414613,1.5649188249883448,0.43772905584701965,0.37824396220722201
-0.64751691807326883,0.17493844095234612,0.4788280212317147,1.4494157545245052,-0.93788262582454096,0.81828423641356007
0.78634437649548949,2.7597821968240397,0.29078984223714116,-1.5999393186857542,-0.78244597810551175,-0.91652624370086777
1.0330573815960753,0.82470262336371469,0.4686515667322298,0.38571660746183073,-0.81567558782081606,-0.97812735757241376
1.4973663484691784,-0.79888168016720806,0.46595567320782266,0.65085725318414622,0.94096163996594251,1.0223880701625778
1.4393440103955149,0.49924514822040222,-0.1472135709784477,0.041096403370957012,0.95701051412423688,-2.1348914855201748
-0.52100571815358809,0.41080300560978106,2.7372005247097944,0.33890685225200406,0.89472073081656145,-1.0117998108951691
-0.11562062422222605,0.35823700007439757,0.088994007442965803,1.774921761314858,-0.41617172053882723,-0.32167783458587779
0.60604081122673648,-0.16371340255945319,-2.1992621080523227,1.2168891634873231,-0.50967198552998016,-0.31673454809487345
-1.4279959305478835,0.47734110755742964,1.1814179553218502,-1.6334958500652352,-0.16073573685116038,-0.7524626454390817
0.44009076471940717,-1.1777596266904922,-0.071471455605304712,-1.0863793867832017,1.0707497114172362,0.21042785196091671
0.65078057161645919,0.0071448535903229481,-0.72769655592183191,-1.2696424717677839,0.2538201177072853,-0.35893642506201889
-0.16514524314298848,-0.3992342991717226,-0.16193229668973838,0.14727192988235452,-0.71806209547157174,-0.69323878463688127
1.0996586596309341,-1.2167725370972045,0.21618063737294496,2.5184353102174559,-0.3390171148166703,0.32152254425584331
2.4189620117333335,0.22135756393480391,-1.6605898429042174,-1.5650893596849205,-0.14910566899871353,-0.012725929348687283
0.63454914349451508,-0.76615253083454404,0.10559784512151338,-1.3137460155685678,-1.1817447620456216,-0.47736631554125603
-0.44240304857554458,0.16912276245091198,-1.5285093080577947,0.3749261857028337,0.62164239031509494,-0.9248534719827195
0.47708867635245461,-0.64939486542952096,-2.3534975957827262,0.88404060288327835,-0.15123866754211704,0.035832677380736477
1.5040422326335696,0.76688782355237639,-0.92717749955084094,-0.68492730090333653,1.1240676976851027,0.38892466011818771
2.1465730164330337,-0.05698062957875101,1.929572480055449,0.78010775881685901,0.14163999441438144,0.93499202793542069
-0.57498864626871105,0.58151126171820178,-1.4752793953944634,0.50782882158887999,-0.90983262476411242,-0.56012116084418073
0.0051958622973979473,0.019461085997752307,0.47041217394303547,1.3602285602108108,-0.26705965390909858,-0.6562302223426556
-0.069146411019381238,0.026806834982009139,-1.9204718290725811,0.037497680804494171,-1.1046850480052504,0.32664309857046692
-0.0080772397511881932,0.69596501740731742,-0.30916027178969735,-0.31057734897887002,0.34540367182390375,0.027130158504428299
0.67470455538845719,-1.6611394294950164,-1.486169068679007,0.51262951456474137,-0.70628946845430551,0.45317633752825232
-0.021345434514996042,0.59680628430033922,1.2499610199040683,0.47790428719861194,0.97428879004971325,0.43004524288913998
-0.59929981920856901,-1.1220033358058903,-1.1818009534664027,0.89363046030135296,-0.95911458212267631,0.48556111840996158
1.4450002832013784,-1.4718142420149682,0.48644108452163726,-1.0685440638649764,0.90389713479133238,-1.4026208161340616
-0.34140441067910243,-1.8931566855648847,-1.020276147936293,0.44489780808378382,-0.78929723828868081,-1.002192894520695
2.1742807363136252,0.36115573133866258,-0.78093540348923518,0.7503952617630153,0.50064306472933295,0.37525293098125523
-0.95139699397462041,0.72763743823647786,0.65647078940229808,1.0613135633362722,-2.0602868253909672,1.587521641327456
0.56631228672722267,0.40110162448741649,0.50071218855805621,-1.2264245217491323,-1.7438708157079748,1.0183650177720567
0.33895037620810847,0.3298508598896755,1.1090778357506035,0.91826875828557375,-0.34009250356393972,0.14799017077788226
0.27054223344101741,1.4940106450524375,-0.93941577332014015,0.79273153632810256,-0.12514795244077287,-0.89797417926259737
0.20058400735630388,-1.3275126709514824,-1.3961729536136249,0.36622567206061346,-0.55000612075238242,-0.61998987573807651
0.26064905692303614,-1.3978721053355996,0.87520571753843091,0.81786649205496764,-0.55510661467500466,-0.40691949858509802
-0.5538512906948182,1.6840097828385181,0.30347607185027131,0.49207148230639347,-1.9224391086766128,-0.72491361155860634
-0.62664703701169377,-0.31820344101537673,1.7475527283602668,-0.069259628339135557,-0.46893886923459749,-0.74059141305248144
0.11649644816869667,-0.89576377676029484,-0.22145344245918994,-0.60666948789173203,-1.3608934623122941,-0.59896498414479404
-0.39168606235990172,0.56360105146877304,-0.83003529802796117,-0.15921246118877846,0.05458750684126519,1.2789401598410874
-1.3880087547846109,2.0915460724488311,0.1793358317439927,0.31553842762890039,0.18571431847105238,1.6901097982211577
0.15497317621173545,0.31696100967431112,-0.66103036372196988,2.3139947333205368,-1.2366596603486391,-0.013964809534780033
-1.0544417071293379,-1.2866480082595515,0.30514891240094993,-0.33073105344391773,-1.5390829770640231,0.84803154613398213
1.0950638342628634,-0.4811453831051648,0.19746512120518264,-1.098693544258218,-0.38103575573318671,1.2400685624941772
-1.6052767124665661,2.2167721084436054,-0.27326733781748053,0.59169623519764136,0.89917193924355643,-0.26681319737366116
0.35579832475752138,-0.21762970977877255,0.87265107461313096,0.40648112813143161,0.21696806880743974,-0.2334316087846387
-1.2269033257752209,-0.43984880807236448,1.1393627182991828,2.006830976095801,0.70538705256404155,0.23938173726754827
-0.77008176311907361,-0.93372655785008019,3.4589007315129714,-0.5629300777641939,0.5580475632962969,-0.95520615252539609
-0.93928408152745024,1.288088905737538,1.5291394236312323,-0.7567804757875346,0.19247119367642723,1.4036569388157694
-0.23562581064314025,-0.55128684653039073,-1.672278581162608,-0.80233784518201479,-1.3107423840355947,-0.93384373444876689
-0.67664436304960929,-1.4373214097957943,-2.009352699308824,3.0657818209769063,-0.30130604495173924,-0.074343235161059729
0.11084455906152144,-0.29741150173034492,-1.2909904471974736,2.7121121455016848,0.43908428724413456,-0.16478037810304033
-0.40284409774198787,-0.48079562945954507,-0.41013435761648098,1.3820525118060505,-0.8898031601334,-2.8370669129338126
-1.1067014808043112,-0.85609518956130293,0.43215415928598272,0.60766805789023759,-0.72160339583958999,0.87887443836509471
-1.9198242726399799,0.82274699715100086,-3.0699153433090403,0.031879583242458515,-0.35827196257803112,-0.72111316317369056
-0.75859231422394069,-0.14526323857504964,1.2341349605544552,-2.1839983725426158,0.36336929900388848,0.64477519711320275
2.0709597249980729,-0.53472014105436683,-0.32113569139338322,-0.65880176214165054,-0.21972111012034867,-0.74610254246905383
-0.10342772636368285,-0.00041093567422390503,2.692745955774583,0.45942764660714763,-0.128635367194815,1.6044843459263902
0.43955635007843352,1.3492336884537923,1.7653951665905681,-0.15838568330003391,0.86657600915255262,0.56795127065962825
-1.7045506071860388,1.1720803486337017,-0.67314215838753688,-0.26990033044596418,1.1657863577632499,-1.8295762995819083
-0.80589639284972003,-0.25924348010890497,0.45312067642103082,-1.013986470068897,-0.13528680543802632,0.58072383415717732
0.04203704106217078,-1.9933871110322465,-0.41562013930429126,1.642904762987669,1.3926712458918573,0.47259260189208097
1.4029513724190739,0.40040405368432741,-0.37955591631395713,-0.47199446943592027,1.709476620620991,1.3771256414052153
-0.44877423337212929,0.4234873967680044,1.2187343521246448,1.0297027393090035,-1.1640211122506132,0.1982987530333235
1.5492171961750343,-1.0796715355123583,0.067643005773279405,-0.12799087972229584,-0.31672356379360306,1.3064672441682315
-0.15493279017424605,0.22091551554017391,1.1714755250442801,-0.034320905132602171,-0.14504005599025283,0.072539186770460173
0.52657281835529746,0.69493509344686843,1.7390290146657841,0.91629615728301095,1.0724086890128537,0.16929985867782357
0.1705123973905649,0.39917233879219977,-0.88430943396595707,1.341357317429928,-0.80694591694722639,0.56292280703970932
0.091220922303083082,0.26408735991636378,-0.68625311952049284,-0.70322996259865811,-1.6928583843430363,-0.12656976641987688
0.5370017963253606,0.26867716493509153,-2.7688106530842016,-0.099291826888111875,0.2865500516355996,-0.40218850181666238
1.4623151238925449,1.2870799587282,-0.49970139697542426,-0.060088865970769803,0.24602404480940743,0.35557048391942531
-0.71856690674753676,-0.56372591006194706,-0.49380921927042071,1.8840549677110572,1.0574461393127319,2.225930870733972
-0.90010062052361228,0.57685064156419252,-0.29633783719455931,-0.084033787049052455,1.2013642058413418,-0.81869427580880771
1.1555253006438522,0.59513954476460407,-0.17928632636424952,-0.4909759402221574,1.0716183935408079,-0.70833696881279429
0.046224334252464055,-0.54309455703964871,-0.49811214333891529,-0.94861570599420886,-0.99820051226933371,-0.35241498939623067
-0.47940608543681684,-0.12839815978861066,-0.25876291701200443,0.31677075835082874,-0.30923099798335146,-0.31306781128701738
