{"features":[{"geometry":{"coordinates":[-90.25214449731418,38.58331340563889],"type":"Point"},"id":"stl-city-public-streetlights:2:112406","properties":{"address":null,"attributes":{"Date_Installed":"2/19/20","LED_Powered":1,"LightID":"L005150","Light_Source":"LED","Light_Type":"Cobra","Lighting_Type":"LED-Powered Lamp","Verification_Date":null},"id":"stl-city-public-streetlights:2:112406","sourceLayerId":2,"sourceObjectId":112406,"sourceURL":"https://maps8.stlouis-mo.gov/arcgis/rest/services/STREETS/Streets_Permitting/MapServer/2","title":"Street light L005150"},"type":"Feature"},{"geometry":{"coordinates":[-90.25181522987381,38.58365434824893],"type":"Point"},"id":"stl-city-public-streetlights:2:112407","properties":{"address":null,"attributes":{"Date_Installed":"2/19/20","LED_Powered":1,"LightID":"L005151","Light_Source":"LED","Light_Type":"Cobra","Lighting_Type":"LED-Powered Lamp","Verification_Date":null},"id":"stl-city-public-streetlights:2:112407","sourceLayerId":2,"sourceObjectId":112407,"sourceURL":"https://maps8.stlouis-mo.gov/arcgis/rest/services/STREETS/Streets_Permitting/MapServer/2","title":"Street light L005151"},"type":"Feature"},{"geometry":{"coordinates":[-90.25136843850817,38.58385376781304],"type":"Point"},"id":"stl-city-public-streetlights:2:112408","properties":{"address":null,"attributes":{"Date_Installed":"2/19/20","LED_Powered":1,"LightID":"L005152","Light_Source":"LED","Light_Type":"Cobra","Lighting_Type":"LED-Powered Lamp","Verification_Date":null},"id":"stl-city-public-streetlights:2:112408","sourceLayerId":2,"sourceObjectId":112408,"sourceURL":"https://maps8.stlouis-mo.gov/arcgis/rest/services/STREETS/Streets_Permitting/MapServer/2","title":"Street light L005152"},"type":"Feature"},{"geometry":{"coordinates":[-90.251078786671,38.5841708898373],"type":"Point"},"id":"stl-city-public-streetlights:2:112409","properties":{"address":null,"attributes":{"Date_Installed":"2/19/20","LED_Powered":1,"LightID":"L005153","Light_Source":"LED","Light_Type":"Cobra","Lighting_Type":"LED-Powered Lamp","Verification_Date":null},"id":"stl-city-public-streetlights:2:112409","sourceLayerId":2,"sourceObjectId":112409,"sourceURL":"https://maps8.stlouis-mo.gov/arcgis/rest/services/STREETS/Streets_Permitting/MapServer/2","title":"Street light L005153"},"type":"Feature"},{"geometry":{"coordinates":[-90.25555714792429,38.5804662160826],"type":"Point"},"id":"stl-city-public-streetlights:2:112419","properties":{"address":null,"attributes":{"Date_Installed":"2/19/20","LED_Powered":1,"LightID":"L005163","Light_Source":"LED","Light_Type":"Cobra","Lighting_Type":"LED-Powered Lamp","Verification_Date":null},"id":"stl-city-public-streetlights:2:112419","sourceLayerId":2,"sourceObjectId":112419,"sourceURL":"https://maps8.stlouis-mo.gov/arcgis/rest/services/STREETS/Streets_Permitting/MapServer/2","title":"Street light L005163"},"type":"Feature"},{"geometry":{"coordinates":[-90.2554260547848,38.580887369023955],"type":"Point"},"id":"stl-city-public-streetlights:2:112420","properties":{"address":null,"attributes":{"Date_Installed":"2/19/20","LED_Powered":1,"LightID":"L005164","Light_Source":"LED","Light_Type":"Cobra","Lighting_Type":"LED-Powered Lamp","Verification_Date":null},"id":"stl-city-public-streetlights:2:112420","sourceLayerId":2,"sourceObjectId":112420,"sourceURL":"https://maps8.stlouis-mo.gov/arcgis/rest/services/STREETS/Streets_Permitting/MapServer/2","title":"Street light L005164"},"type":"Feature"},{"geometry":{"coordinates":[-90.25528964691604,38.581352940279665],"type":"Point"},"id":"stl-city-public-streetlights:2:112421","properties":{"address":null,"attributes":{"Date_Installed":"2/19/20","LED_Powered":1,"LightID":"L005165","Light_Source":"LED","Light_Type":"Cobra","Lighting_Type":"LED-Powered Lamp","Verification_Date":null},"id":"stl-city-public-streetlights:2:112421","sourceLayerId":2,"sourceObjectId":112421,"sourceURL":"https://maps8.stlouis-mo.gov/arcgis/rest/services/STREETS/Streets_Permitting/MapServer/2","title":"Street light L005165"},"type":"Feature"},{"geometry":{"coordinates":[-90.25510953398698,38.58191819979329],"type":"Point"},"id":"stl-city-public-streetlights:2:112422","properties":{"address":null,"attributes":{"Date_Installed":"2/19/20","LED_Powered":1,"LightID":"L005166","Light_Source":"LED","Light_Type":"Cobra","Lighting_Type":"LED-Powered Lamp","Verification_Date":null},"id":"stl-city-public-streetlights:2:112422","sourceLayerId":2,"sourceObjectId":112422,"sourceURL":"https://maps8.stlouis-mo.gov/arcgis/rest/services/STREETS/Streets_Permitting/MapServer/2","title":"Street light L005166"},"type":"Feature"},{"geometry":{"coordinates":[-90.25493464139745,38.58244771505465],"type":"Point"},"id":"stl-city-public-streetlights:2:112423","properties":{"address":null,"attributes":{"Date_Installed":"2/19/20","LED_Powered":1,"LightID":"L005167","Light_Source":"LED","Light_Type":"Cobra","Lighting_Type":"LED-Powered Lamp","Verification_Date":null},"id":"stl-city-public-streetlights:2:112423","sourceLayerId":2,"sourceObjectId":112423,"sourceURL":"https://maps8.stlouis-mo.gov/arcgis/rest/services/STREETS/Streets_Permitting/MapServer/2","title":"Street light L005167"},"type":"Feature"},{"geometry":{"coordinates":[-90.2547638289335,38.5829822439424],"type":"Point"},"id":"stl-city-public-streetlights:2:112424","properties":{"address":null,"attributes":{"Date_Installed":"2/19/20","LED_Powered":1,"LightID":"L005168","Light_Source":"LED","Light_Type":"Cobra","Lighting_Type":"LED-Powered Lamp","Verification_Date":null},"id":"stl-city-public-streetlights:2:112424","sourceLayerId":2,"sourceObjectId":112424,"sourceURL":"https://maps8.stlouis-mo.gov/arcgis/rest/services/STREETS/Streets_Permitting/MapServer/2","title":"Street light L005168"},"type":"Feature"},{"geometry":{"coordinates":[-90.2546095346646,38.58342742096002],"type":"Point"},"id":"stl-city-public-streetlights:2:112425","properties":{"address":null,"attributes":{"Date_Installed":"2/19/20","LED_Powered":1,"LightID":"L005169","Light_Source":"LED","Light_Type":"Cobra","Lighting_Type":"LED-Powered Lamp","Verification_Date":null},"id":"stl-city-public-streetlights:2:112425","sourceLayerId":2,"sourceObjectId":112425,"sourceURL":"https://maps8.stlouis-mo.gov/arcgis/rest/services/STREETS/Streets_Permitting/MapServer/2","title":"Street light L005169"},"type":"Feature"},{"geometry":{"coordinates":[-90.25440449604592,38.58380074465802],"type":"Point"},"id":"stl-city-public-streetlights:2:112426","properties":{"address":null,"attributes":{"Date_Installed":"2/19/20","LED_Powered":1,"LightID":"L005170","Light_Source":"LED","Light_Type":"Cobra","Lighting_Type":"LED-Powered Lamp","Verification_Date":null},"id":"stl-city-public-streetlights:2:112426","sourceLayerId":2,"sourceObjectId":112426,"sourceURL":"https://maps8.stlouis-mo.gov/arcgis/rest/services/STREETS/Streets_Permitting/MapServer/2","title":"Street light L005170"},"type":"Feature"},{"geometry":{"coordinates":[-90.25405846908966,38.5842319319668],"type":"Point"},"id":"stl-city-public-streetlights:2:112427","properties":{"address":null,"attributes":{"Date_Installed":"2/19/20","LED_Powered":1,"LightID":"L005171","Light_Source":"LED","Light_Type":"Cobra","Lighting_Type":"LED-Powered Lamp","Verification_Date":null},"id":"stl-city-public-streetlights:2:112427","sourceLayerId":2,"sourceObjectId":112427,"sourceURL":"https://maps8.stlouis-mo.gov/arcgis/rest/services/STREETS/Streets_Permitting/MapServer/2","title":"Street light L005171"},"type":"Feature"},{"geometry":{"coordinates":[-90.25441047350071,38.584096327404],"type":"Point"},"id":"stl-city-public-streetlights:2:112428","properties":{"address":null,"attributes":{"Date_Installed":"2/19/20","LED_Powered":1,"LightID":"L005172","Light_Source":"LED","Light_Type":"Cobra","Lighting_Type":"LED-Powered Lamp","Verification_Date":null},"id":"stl-city-public-streetlights:2:112428","sourceLayerId":2,"sourceObjectId":112428,"sourceURL":"https://maps8.stlouis-mo.gov/arcgis/rest/services/STREETS/Streets_Permitting/MapServer/2","title":"Street light L005172"},"type":"Feature"},{"geometry":{"coordinates":[-90.254697998468,38.5836678767982],"type":"Point"},"id":"stl-city-public-streetlights:2:112429","properties":{"address":null,"attributes":{"Date_Installed":"2/19/20","LED_Powered":1,"LightID":"L005173","Light_Source":"LED","Light_Type":"Cobra","Lighting_Type":"LED-Powered Lamp","Verification_Date":null},"id":"stl-city-public-streetlights:2:112429","sourceLayerId":2,"sourceObjectId":112429,"sourceURL":"https://maps8.stlouis-mo.gov/arcgis/rest/services/STREETS/Streets_Permitting/MapServer/2","title":"Street light L005173"},"type":"Feature"},{"geometry":{"coordinates":[-90.25488715746228,38.58323063844155],"type":"Point"},"id":"stl-city-public-streetlights:2:112430","properties":{"address":null,"attributes":{"Date_Installed":"2/19/20","LED_Powered":1,"LightID":"L005174","Light_Source":"LED","Light_Type":"Cobra","Lighting_Type":"LED-Powered Lamp","Verification_Date":null},"id":"stl-city-public-streetlights:2:112430","sourceLayerId":2,"sourceObjectId":112430,"sourceURL":"https://maps8.stlouis-mo.gov/arcgis/rest/services/STREETS/Streets_Permitting/MapServer/2","title":"Street light L005174"},"type":"Feature"},{"geometry":{"coordinates":[-90.2550393400838,38.58273611533055],"type":"Point"},"id":"stl-city-public-streetlights:2:112431","properties":{"address":null,"attributes":{"Date_Installed":"2/19/20","LED_Powered":1,"LightID":"L005175","Light_Source":"LED","Light_Type":"Cobra","Lighting_Type":"LED-Powered Lamp","Verification_Date":null},"id":"stl-city-public-streetlights:2:112431","sourceLayerId":2,"sourceObjectId":112431,"sourceURL":"https://maps8.stlouis-mo.gov/arcgis/rest/services/STREETS/Streets_Permitting/MapServer/2","title":"Street light L005175"},"type":"Feature"},{"geometry":{"coordinates":[-90.25520876227249,38.582208018223476],"type":"Point"},"id":"stl-city-public-streetlights:2:112432","properties":{"address":null,"attributes":{"Date_Installed":"2/19/20","LED_Powered":1,"LightID":"L005176","Light_Source":"LED","Light_Type":"Cobra","Lighting_Type":"LED-Powered Lamp","Verification_Date":null},"id":"stl-city-public-streetlights:2:112432","sourceLayerId":2,"sourceObjectId":112432,"sourceURL":"https://maps8.stlouis-mo.gov/arcgis/rest/services/STREETS/Streets_Permitting/MapServer/2","title":"Street light L005176"},"type":"Feature"},{"geometry":{"coordinates":[-90.2553796335665,38.58168135447558],"type":"Point"},"id":"stl-city-public-streetlights:2:112433","properties":{"address":null,"attributes":{"Date_Installed":"2/19/20","LED_Powered":1,"LightID":"L005177","Light_Source":"LED","Light_Type":"Cobra","Lighting_Type":"LED-Powered Lamp","Verification_Date":null},"id":"stl-city-public-streetlights:2:112433","sourceLayerId":2,"sourceObjectId":112433,"sourceURL":"https://maps8.stlouis-mo.gov/arcgis/rest/services/STREETS/Streets_Permitting/MapServer/2","title":"Street light L005177"},"type":"Feature"},{"geometry":{"coordinates":[-90.25553925934813,38.58117464256138],"type":"Point"},"id":"stl-city-public-streetlights:2:112434","properties":{"address":null,"attributes":{"Date_Installed":"2/19/20","LED_Powered":1,"LightID":"L005178","Light_Source":"LED","Light_Type":"Cobra","Lighting_Type":"LED-Powered Lamp","Verification_Date":null},"id":"stl-city-public-streetlights:2:112434","sourceLayerId":2,"sourceObjectId":112434,"sourceURL":"https://maps8.stlouis-mo.gov/arcgis/rest/services/STREETS/Streets_Permitting/MapServer/2","title":"Street light L005178"},"type":"Feature"},{"geometry":{"coordinates":[-90.25567374032961,38.58073962455111],"type":"Point"},"id":"stl-city-public-streetlights:2:112435","properties":{"address":null,"attributes":{"Date_Installed":"2/19/20","LED_Powered":1,"LightID":"L005179","Light_Source":"LED","Light_Type":"Cobra","Lighting_Type":"LED-Powered Lamp","Verification_Date":null},"id":"stl-city-public-streetlights:2:112435","sourceLayerId":2,"sourceObjectId":112435,"sourceURL":"https://maps8.stlouis-mo.gov/arcgis/rest/services/STREETS/Streets_Permitting/MapServer/2","title":"Street light L005179"},"type":"Feature"},{"geometry":{"coordinates":[-90.25583306119783,38.58023224304641],"type":"Point"},"id":"stl-city-public-streetlights:2:112436","properties":{"address":null,"attributes":{"Date_Installed":"2/19/20","LED_Powered":1,"LightID":"L005180","Light_Source":"LED","Light_Type":"Cobra","Lighting_Type":"LED-Powered Lamp","Verification_Date":null},"id":"stl-city-public-streetlights:2:112436","sourceLayerId":2,"sourceObjectId":112436,"sourceURL":"https://maps8.stlouis-mo.gov/arcgis/rest/services/STREETS/Streets_Permitting/MapServer/2","title":"Street light L005180"},"type":"Feature"},{"geometry":{"coordinates":[-90.25806795431016,38.58444662369528],"type":"Point"},"id":"stl-city-public-streetlights:2:112492","properties":{"address":null,"attributes":{"Date_Installed":"2/19/20","LED_Powered":1,"LightID":"L005236","Light_Source":"LED","Light_Type":"Cobra","Lighting_Type":"LED-Powered Lamp","Verification_Date":null},"id":"stl-city-public-streetlights:2:112492","sourceLayerId":2,"sourceObjectId":112492,"sourceURL":"https://maps8.stlouis-mo.gov/arcgis/rest/services/STREETS/Streets_Permitting/MapServer/2","title":"Street light L005236"},"type":"Feature"},{"geometry":{"coordinates":[-90.25785392644529,38.584697891973896],"type":"Point"},"id":"stl-city-public-streetlights:2:112493","properties":{"address":null,"attributes":{"Date_Installed":"2/19/20","LED_Powered":1,"LightID":"L005237","Light_Source":"LED","Light_Type":"Cobra","Lighting_Type":"LED-Powered Lamp","Verification_Date":null},"id":"stl-city-public-streetlights:2:112493","sourceLayerId":2,"sourceObjectId":112493,"sourceURL":"https://maps8.stlouis-mo.gov/arcgis/rest/services/STREETS/Streets_Permitting/MapServer/2","title":"Street light L005237"},"type":"Feature"},{"geometry":{"coordinates":[-90.25763257872855,38.58495772664402],"type":"Point"},"id":"stl-city-public-streetlights:2:112494","properties":{"address":null,"attributes":{"Date_Installed":"2/19/20","LED_Powered":1,"LightID":"L005238","Light_Source":"LED","Light_Type":"Cobra","Lighting_Type":"LED-Powered Lamp","Verification_Date":null},"id":"stl-city-public-streetlights:2:112494","sourceLayerId":2,"sourceObjectId":112494,"sourceURL":"https://maps8.stlouis-mo.gov/arcgis/rest/services/STREETS/Streets_Permitting/MapServer/2","title":"Street light L005238"},"type":"Feature"},{"geometry":{"coordinates":[-90.2573920023072,38.58524569480304],"type":"Point"},"id":"stl-city-public-streetlights:2:112495","properties":{"address":null,"attributes":{"Date_Installed":"2/19/20","LED_Powered":1,"LightID":"L005239","Light_Source":"LED","Light_Type":"Cobra","Lighting_Type":"LED-Powered Lamp","Verification_Date":null},"id":"stl-city-public-streetlights:2:112495","sourceLayerId":2,"sourceObjectId":112495,"sourceURL":"https://maps8.stlouis-mo.gov/arcgis/rest/services/STREETS/Streets_Permitting/MapServer/2","title":"Street light L005239"},"type":"Feature"},{"geometry":{"coordinates":[-90.25717432916404,38.58549552451811],"type":"Point"},"id":"stl-city-public-streetlights:2:112496","properties":{"address":null,"attributes":{"Date_Installed":"2/19/20","LED_Powered":1,"LightID":"L005240","Light_Source":"LED","Light_Type":"Cobra","Lighting_Type":"LED-Powered Lamp","Verification_Date":null},"id":"stl-city-public-streetlights:2:112496","sourceLayerId":2,"sourceObjectId":112496,"sourceURL":"https://maps8.stlouis-mo.gov/arcgis/rest/services/STREETS/Streets_Permitting/MapServer/2","title":"Street light L005240"},"type":"Feature"},{"geometry":{"coordinates":[-90.25794379568424,38.586318063217036],"type":"Point"},"id":"stl-city-public-streetlights:2:112497","properties":{"address":null,"attributes":{"Date_Installed":"2/19/20","LED_Powered":1,"LightID":"L005241","Light_Source":"LED","Light_Type":"Cobra","Lighting_Type":"LED-Powered Lamp","Verification_Date":null},"id":"stl-city-public-streetlights:2:112497","sourceLayerId":2,"sourceObjectId":112497,"sourceURL":"https://maps8.stlouis-mo.gov/arcgis/rest/services/STREETS/Streets_Permitting/MapServer/2","title":"Street light L005241"},"type":"Feature"},{"geometry":{"coordinates":[-90.2577067888766,38.58657773673567],"type":"Point"},"id":"stl-city-public-streetlights:2:112498","properties":{"address":null,"attributes":{"Date_Installed":"2/19/20","LED_Powered":1,"LightID":"L005242","Light_Source":"LED","Light_Type":"Cobra","Lighting_Type":"LED-Powered Lamp","Verification_Date":null},"id":"stl-city-public-streetlights:2:112498","sourceLayerId":2,"sourceObjectId":112498,"sourceURL":"https://maps8.stlouis-mo.gov/arcgis/rest/services/STREETS/Streets_Permitting/MapServer/2","title":"Street light L005242"},"type":"Feature"},{"geometry":{"coordinates":[-90.25747727897166,38.5868469775122],"type":"Point"},"id":"stl-city-public-streetlights:2:112499","properties":{"address":null,"attributes":{"Date_Installed":"2/19/20","LED_Powered":1,"LightID":"L005243","Light_Source":"LED","Light_Type":"Cobra","Lighting_Type":"LED-Powered Lamp","Verification_Date":null},"id":"stl-city-public-streetlights:2:112499","sourceLayerId":2,"sourceObjectId":112499,"sourceURL":"https://maps8.stlouis-mo.gov/arcgis/rest/services/STREETS/Streets_Permitting/MapServer/2","title":"Street light L005243"},"type":"Feature"},{"geometry":{"coordinates":[-90.25725272135293,38.58711109568244],"type":"Point"},"id":"stl-city-public-streetlights:2:112500","properties":{"address":null,"attributes":{"Date_Installed":"2/19/20","LED_Powered":1,"LightID":"L005244","Light_Source":"LED","Light_Type":"Cobra","Lighting_Type":"LED-Powered Lamp","Verification_Date":null},"id":"stl-city-public-streetlights:2:112500","sourceLayerId":2,"sourceObjectId":112500,"sourceURL":"https://maps8.stlouis-mo.gov/arcgis/rest/services/STREETS/Streets_Permitting/MapServer/2","title":"Street light L005244"},"type":"Feature"},{"geometry":{"coordinates":[-90.25702587289453,38.58737806810074],"type":"Point"},"id":"stl-city-public-streetlights:2:112501","properties":{"address":null,"attributes":{"Date_Installed":null,"LED_Powered":0,"LightID":"L005245","Light_Source":"LED","Light_Type":"Cobra","Lighting_Type":"LED-Powered Lamp","Verification_Date":null},"id":"stl-city-public-streetlights:2:112501","sourceLayerId":2,"sourceObjectId":112501,"sourceURL":"https://maps8.stlouis-mo.gov/arcgis/rest/services/STREETS/Streets_Permitting/MapServer/2","title":"Street light L005245"},"type":"Feature"},{"geometry":{"coordinates":[-90.25947615885256,38.58694003264615],"type":"Point"},"id":"stl-city-public-streetlights:2:112502","properties":{"address":null,"attributes":{"Date_Installed":"2/19/20","LED_Powered":1,"LightID":"L005246","Light_Source":"LED","Light_Type":"Cobra","Lighting_Type":"LED-Powered Lamp","Verification_Date":null},"id":"stl-city-public-streetlights:2:112502","sourceLayerId":2,"sourceObjectId":112502,"sourceURL":"https://maps8.stlouis-mo.gov/arcgis/rest/services/STREETS/Streets_Permitting/MapServer/2","title":"Street light L005246"},"type":"Feature"},{"geometry":{"coordinates":[-90.25911969995087,38.58673549941926],"type":"Point"},"id":"stl-city-public-streetlights:2:112503","properties":{"address":null,"attributes":{"Date_Installed":"2/19/20","LED_Powered":1,"LightID":"L005247","Light_Source":"LED","Light_Type":"Cobra","Lighting_Type":"LED-Powered Lamp","Verification_Date":null},"id":"stl-city-public-streetlights:2:112503","sourceLayerId":2,"sourceObjectId":112503,"sourceURL":"https://maps8.stlouis-mo.gov/arcgis/rest/services/STREETS/Streets_Permitting/MapServer/2","title":"Street light L005247"},"type":"Feature"},{"geometry":{"coordinates":[-90.25876213265914,38.58654448979519],"type":"Point"},"id":"stl-city-public-streetlights:2:112504","properties":{"address":null,"attributes":{"Date_Installed":"2/19/20","LED_Powered":1,"LightID":"L005248","Light_Source":"LED","Light_Type":"Cobra","Lighting_Type":"LED-Powered Lamp","Verification_Date":null},"id":"stl-city-public-streetlights:2:112504","sourceLayerId":2,"sourceObjectId":112504,"sourceURL":"https://maps8.stlouis-mo.gov/arcgis/rest/services/STREETS/Streets_Permitting/MapServer/2","title":"Street light L005248"},"type":"Feature"},{"geometry":{"coordinates":[-90.25836712547569,38.58633510725763],"type":"Point"},"id":"stl-city-public-streetlights:2:112505","properties":{"address":null,"attributes":{"Date_Installed":"2/19/20","LED_Powered":1,"LightID":"L005249","Light_Source":"LED","Light_Type":"Cobra","Lighting_Type":"LED-Powered Lamp","Verification_Date":null},"id":"stl-city-public-streetlights:2:112505","sourceLayerId":2,"sourceObjectId":112505,"sourceURL":"https://maps8.stlouis-mo.gov/arcgis/rest/services/STREETS/Streets_Permitting/MapServer/2","title":"Street light L005249"},"type":"Feature"},{"geometry":{"coordinates":[-90.25798031807281,38.58612609799436],"type":"Point"},"id":"stl-city-public-streetlights:2:112506","properties":{"address":null,"attributes":{"Date_Installed":"2/19/20","LED_Powered":1,"LightID":"L005250","Light_Source":"LED","Light_Type":"Cobra","Lighting_Type":"LED-Powered Lamp","Verification_Date":null},"id":"stl-city-public-streetlights:2:112506","sourceLayerId":2,"sourceObjectId":112506,"sourceURL":"https://maps8.stlouis-mo.gov/arcgis/rest/services/STREETS/Streets_Permitting/MapServer/2","title":"Street light L005250"},"type":"Feature"},{"geometry":{"coordinates":[-90.25763988083604,38.58594566715854],"type":"Point"},"id":"stl-city-public-streetlights:2:112507","properties":{"address":null,"attributes":{"Date_Installed":"2/19/20","LED_Powered":1,"LightID":"L005251","Light_Source":"LED","Light_Type":"Cobra","Lighting_Type":"LED-Powered Lamp","Verification_Date":null},"id":"stl-city-public-streetlights:2:112507","sourceLayerId":2,"sourceObjectId":112507,"sourceURL":"https://maps8.stlouis-mo.gov/arcgis/rest/services/STREETS/Streets_Permitting/MapServer/2","title":"Street light L005251"},"type":"Feature"},{"geometry":{"coordinates":[-90.25727762203272,38.58575303426454],"type":"Point"},"id":"stl-city-public-streetlights:2:112699","properties":{"address":null,"attributes":{"Date_Installed":"2/19/20","LED_Powered":1,"LightID":"L005443","Light_Source":"LED","Light_Type":"Cobra","Lighting_Type":"LED-Powered Lamp","Verification_Date":null},"id":"stl-city-public-streetlights:2:112699","sourceLayerId":2,"sourceObjectId":112699,"sourceURL":"https://maps8.stlouis-mo.gov/arcgis/rest/services/STREETS/Streets_Permitting/MapServer/2","title":"Street light L005443"},"type":"Feature"},{"geometry":{"coordinates":[-90.25695032177602,38.58555034315094],"type":"Point"},"id":"stl-city-public-streetlights:2:112700","properties":{"address":null,"attributes":{"Date_Installed":"2/19/20","LED_Powered":1,"LightID":"L005444","Light_Source":"LED","Light_Type":"Cobra","Lighting_Type":"LED-Powered Lamp","Verification_Date":null},"id":"stl-city-public-streetlights:2:112700","sourceLayerId":2,"sourceObjectId":112700,"sourceURL":"https://maps8.stlouis-mo.gov/arcgis/rest/services/STREETS/Streets_Permitting/MapServer/2","title":"Street light L005444"},"type":"Feature"},{"geometry":{"coordinates":[-90.2565865471456,38.58535770496178],"type":"Point"},"id":"stl-city-public-streetlights:2:112701","properties":{"address":null,"attributes":{"Date_Installed":"2/19/20","LED_Powered":1,"LightID":"L005445","Light_Source":"LED","Light_Type":"Cobra","Lighting_Type":"LED-Powered Lamp","Verification_Date":null},"id":"stl-city-public-streetlights:2:112701","sourceLayerId":2,"sourceObjectId":112701,"sourceURL":"https://maps8.stlouis-mo.gov/arcgis/rest/services/STREETS/Streets_Permitting/MapServer/2","title":"Street light L005445"},"type":"Feature"},{"geometry":{"coordinates":[-90.25619974129965,38.58515131140722],"type":"Point"},"id":"stl-city-public-streetlights:2:112702","properties":{"address":null,"attributes":{"Date_Installed":"2/19/20","LED_Powered":1,"LightID":"L005446","Light_Source":"LED","Light_Type":"Cobra","Lighting_Type":"LED-Powered Lamp","Verification_Date":null},"id":"stl-city-public-streetlights:2:112702","sourceLayerId":2,"sourceObjectId":112702,"sourceURL":"https://maps8.stlouis-mo.gov/arcgis/rest/services/STREETS/Streets_Permitting/MapServer/2","title":"Street light L005446"},"type":"Feature"},{"geometry":{"coordinates":[-90.25582081619075,38.584950296956606],"type":"Point"},"id":"stl-city-public-streetlights:2:112703","properties":{"address":null,"attributes":{"Date_Installed":"2/19/20","LED_Powered":1,"LightID":"L005447","Light_Source":"LED","Light_Type":"Cobra","Lighting_Type":"LED-Powered Lamp","Verification_Date":null},"id":"stl-city-public-streetlights:2:112703","sourceLayerId":2,"sourceObjectId":112703,"sourceURL":"https://maps8.stlouis-mo.gov/arcgis/rest/services/STREETS/Streets_Permitting/MapServer/2","title":"Street light L005447"},"type":"Feature"},{"geometry":{"coordinates":[-90.25546706072032,38.58476005905214],"type":"Point"},"id":"stl-city-public-streetlights:2:112704","properties":{"address":null,"attributes":{"Date_Installed":"2/19/20","LED_Powered":1,"LightID":"L005448","Light_Source":"LED","Light_Type":"Cobra","Lighting_Type":"LED-Powered Lamp","Verification_Date":null},"id":"stl-city-public-streetlights:2:112704","sourceLayerId":2,"sourceObjectId":112704,"sourceURL":"https://maps8.stlouis-mo.gov/arcgis/rest/services/STREETS/Streets_Permitting/MapServer/2","title":"Street light L005448"},"type":"Feature"},{"geometry":{"coordinates":[-90.25511087844009,38.58456981589779],"type":"Point"},"id":"stl-city-public-streetlights:2:112705","properties":{"address":null,"attributes":{"Date_Installed":"2/19/20","LED_Powered":1,"LightID":"L005449","Light_Source":"LED","Light_Type":"Cobra","Lighting_Type":"LED-Powered Lamp","Verification_Date":null},"id":"stl-city-public-streetlights:2:112705","sourceLayerId":2,"sourceObjectId":112705,"sourceURL":"https://maps8.stlouis-mo.gov/arcgis/rest/services/STREETS/Streets_Permitting/MapServer/2","title":"Street light L005449"},"type":"Feature"},{"geometry":{"coordinates":[-90.25476622348218,38.58438376696584],"type":"Point"},"id":"stl-city-public-streetlights:2:112706","properties":{"address":null,"attributes":{"Date_Installed":"2/19/20","LED_Powered":1,"LightID":"L005450","Light_Source":"LED","Light_Type":"Cobra","Lighting_Type":"LED-Powered Lamp","Verification_Date":null},"id":"stl-city-public-streetlights:2:112706","sourceLayerId":2,"sourceObjectId":112706,"sourceURL":"https://maps8.stlouis-mo.gov/arcgis/rest/services/STREETS/Streets_Permitting/MapServer/2","title":"Street light L005450"},"type":"Feature"},{"geometry":{"coordinates":[-90.25439791845228,38.58418753679377],"type":"Point"},"id":"stl-city-public-streetlights:2:112707","properties":{"address":null,"attributes":{"Date_Installed":"2/19/20","LED_Powered":1,"LightID":"L005451","Light_Source":"LED","Light_Type":"Cobra","Lighting_Type":"LED-Powered Lamp","Verification_Date":null},"id":"stl-city-public-streetlights:2:112707","sourceLayerId":2,"sourceObjectId":112707,"sourceURL":"https://maps8.stlouis-mo.gov/arcgis/rest/services/STREETS/Streets_Permitting/MapServer/2","title":"Street light L005451"},"type":"Feature"},{"geometry":{"coordinates":[-90.25376584534935,38.58440292154798],"type":"Point"},"id":"stl-city-public-streetlights:2:112708","properties":{"address":null,"attributes":{"Date_Installed":"2/19/20","LED_Powered":1,"LightID":"L005452","Light_Source":"LED","Light_Type":"Cobra","Lighting_Type":"LED-Powered Lamp","Verification_Date":null},"id":"stl-city-public-streetlights:2:112708","sourceLayerId":2,"sourceObjectId":112708,"sourceURL":"https://maps8.stlouis-mo.gov/arcgis/rest/services/STREETS/Streets_Permitting/MapServer/2","title":"Street light L005452"},"type":"Feature"},{"geometry":{"coordinates":[-90.25341373745148,38.5842128890029],"type":"Point"},"id":"stl-city-public-streetlights:2:112709","properties":{"address":null,"attributes":{"Date_Installed":"2/19/20","LED_Powered":1,"LightID":"L005453","Light_Source":"LED","Light_Type":"Cobra","Lighting_Type":"LED-Powered Lamp","Verification_Date":null},"id":"stl-city-public-streetlights:2:112709","sourceLayerId":2,"sourceObjectId":112709,"sourceURL":"https://maps8.stlouis-mo.gov/arcgis/rest/services/STREETS/Streets_Permitting/MapServer/2","title":"Street light L005453"},"type":"Feature"},{"geometry":{"coordinates":[-90.25300754248906,38.58399750531708],"type":"Point"},"id":"stl-city-public-streetlights:2:112710","properties":{"address":null,"attributes":{"Date_Installed":"2/19/20","LED_Powered":1,"LightID":"L005454","Light_Source":"LED","Light_Type":"Cobra","Lighting_Type":"LED-Powered Lamp","Verification_Date":null},"id":"stl-city-public-streetlights:2:112710","sourceLayerId":2,"sourceObjectId":112710,"sourceURL":"https://maps8.stlouis-mo.gov/arcgis/rest/services/STREETS/Streets_Permitting/MapServer/2","title":"Street light L005454"},"type":"Feature"},{"geometry":{"coordinates":[-90.2526410447425,38.58380136892079],"type":"Point"},"id":"stl-city-public-streetlights:2:112711","properties":{"address":null,"attributes":{"Date_Installed":"2/19/20","LED_Powered":1,"LightID":"L005455","Light_Source":"LED","Light_Type":"Cobra","Lighting_Type":"LED-Powered Lamp","Verification_Date":null},"id":"stl-city-public-streetlights:2:112711","sourceLayerId":2,"sourceObjectId":112711,"sourceURL":"https://maps8.stlouis-mo.gov/arcgis/rest/services/STREETS/Streets_Permitting/MapServer/2","title":"Street light L005455"},"type":"Feature"},{"geometry":{"coordinates":[-90.25226276022946,38.58359557672687],"type":"Point"},"id":"stl-city-public-streetlights:2:112712","properties":{"address":null,"attributes":{"Date_Installed":"2/19/20","LED_Powered":1,"LightID":"L005456","Light_Source":"LED","Light_Type":"Cobra","Lighting_Type":"LED-Powered Lamp","Verification_Date":null},"id":"stl-city-public-streetlights:2:112712","sourceLayerId":2,"sourceObjectId":112712,"sourceURL":"https://maps8.stlouis-mo.gov/arcgis/rest/services/STREETS/Streets_Permitting/MapServer/2","title":"Street light L005456"},"type":"Feature"},{"geometry":{"coordinates":[-90.25129459573681,38.583674123231944],"type":"Point"},"id":"stl-city-public-streetlights:2:112713","properties":{"address":null,"attributes":{"Date_Installed":"2/19/20","LED_Powered":1,"LightID":"L005457","Light_Source":"LED","Light_Type":"Cobra","Lighting_Type":"LED-Powered Lamp","Verification_Date":null},"id":"stl-city-public-streetlights:2:112713","sourceLayerId":2,"sourceObjectId":112713,"sourceURL":"https://maps8.stlouis-mo.gov/arcgis/rest/services/STREETS/Streets_Permitting/MapServer/2","title":"Street light L005457"},"type":"Feature"},{"geometry":{"coordinates":[-90.2509453922107,38.583489841654675],"type":"Point"},"id":"stl-city-public-streetlights:2:112714","properties":{"address":null,"attributes":{"Date_Installed":"2/19/20","LED_Powered":1,"LightID":"L005458","Light_Source":"LED","Light_Type":"Cobra","Lighting_Type":"LED-Powered Lamp","Verification_Date":null},"id":"stl-city-public-streetlights:2:112714","sourceLayerId":2,"sourceObjectId":112714,"sourceURL":"https://maps8.stlouis-mo.gov/arcgis/rest/services/STREETS/Streets_Permitting/MapServer/2","title":"Street light L005458"},"type":"Feature"},{"geometry":{"coordinates":[-90.25059164345535,38.583304118720655],"type":"Point"},"id":"stl-city-public-streetlights:2:112715","properties":{"address":null,"attributes":{"Date_Installed":"2/19/20","LED_Powered":1,"LightID":"L005459","Light_Source":"LED","Light_Type":"Cobra","Lighting_Type":"LED-Powered Lamp","Verification_Date":null},"id":"stl-city-public-streetlights:2:112715","sourceLayerId":2,"sourceObjectId":112715,"sourceURL":"https://maps8.stlouis-mo.gov/arcgis/rest/services/STREETS/Streets_Permitting/MapServer/2","title":"Street light L005459"},"type":"Feature"},{"geometry":{"coordinates":[-90.25024678786032,38.58312842446935],"type":"Point"},"id":"stl-city-public-streetlights:2:112716","properties":{"address":null,"attributes":{"Date_Installed":"2/19/20","LED_Powered":1,"LightID":"L005460","Light_Source":"LED","Light_Type":"Cobra","Lighting_Type":"LED-Powered Lamp","Verification_Date":null},"id":"stl-city-public-streetlights:2:112716","sourceLayerId":2,"sourceObjectId":112716,"sourceURL":"https://maps8.stlouis-mo.gov/arcgis/rest/services/STREETS/Streets_Permitting/MapServer/2","title":"Street light L005460"},"type":"Feature"},{"geometry":{"coordinates":[-90.25402288554059,38.58400559397526],"type":"Point"},"id":"stl-city-public-streetlights:2:112719","properties":{"address":null,"attributes":{"Date_Installed":"2/19/20","LED_Powered":1,"LightID":"L005463","Light_Source":"LED","Light_Type":"Cobra","Lighting_Type":"LED-Powered Lamp","Verification_Date":null},"id":"stl-city-public-streetlights:2:112719","sourceLayerId":2,"sourceObjectId":112719,"sourceURL":"https://maps8.stlouis-mo.gov/arcgis/rest/services/STREETS/Streets_Permitting/MapServer/2","title":"Street light L005463"},"type":"Feature"},{"geometry":{"coordinates":[-90.25368036377657,38.58381894992308],"type":"Point"},"id":"stl-city-public-streetlights:2:112720","properties":{"address":null,"attributes":{"Date_Installed":"2/19/20","LED_Powered":1,"LightID":"L005464","Light_Source":"LED","Light_Type":"Cobra","Lighting_Type":"LED-Powered Lamp","Verification_Date":null},"id":"stl-city-public-streetlights:2:112720","sourceLayerId":2,"sourceObjectId":112720,"sourceURL":"https://maps8.stlouis-mo.gov/arcgis/rest/services/STREETS/Streets_Permitting/MapServer/2","title":"Street light L005464"},"type":"Feature"},{"geometry":{"coordinates":[-90.25340997219548,38.58367536301875],"type":"Point"},"id":"stl-city-public-streetlights:2:112721","properties":{"address":null,"attributes":{"Date_Installed":"2/19/20","LED_Powered":1,"LightID":"L005465","Light_Source":"LED","Light_Type":"Cobra","Lighting_Type":"LED-Powered Lamp","Verification_Date":null},"id":"stl-city-public-streetlights:2:112721","sourceLayerId":2,"sourceObjectId":112721,"sourceURL":"https://maps8.stlouis-mo.gov/arcgis/rest/services/STREETS/Streets_Permitting/MapServer/2","title":"Street light L005465"},"type":"Feature"},{"geometry":{"coordinates":[-90.25297952258587,38.583449202025605],"type":"Point"},"id":"stl-city-public-streetlights:2:112722","properties":{"address":null,"attributes":{"Date_Installed":"2/19/20","LED_Powered":1,"LightID":"L005466","Light_Source":"LED","Light_Type":"Cobra","Lighting_Type":"LED-Powered Lamp","Verification_Date":null},"id":"stl-city-public-streetlights:2:112722","sourceLayerId":2,"sourceObjectId":112722,"sourceURL":"https://maps8.stlouis-mo.gov/arcgis/rest/services/STREETS/Streets_Permitting/MapServer/2","title":"Street light L005466"},"type":"Feature"},{"geometry":{"coordinates":[-90.25261544983908,38.58326131837361],"type":"Point"},"id":"stl-city-public-streetlights:2:112723","properties":{"address":null,"attributes":{"Date_Installed":"2/19/20","LED_Powered":1,"LightID":"L005467","Light_Source":"LED","Light_Type":"Cobra","Lighting_Type":"LED-Powered Lamp","Verification_Date":null},"id":"stl-city-public-streetlights:2:112723","sourceLayerId":2,"sourceObjectId":112723,"sourceURL":"https://maps8.stlouis-mo.gov/arcgis/rest/services/STREETS/Streets_Permitting/MapServer/2","title":"Street light L005467"},"type":"Feature"},{"geometry":{"coordinates":[-90.25226290538704,38.58307691383171],"type":"Point"},"id":"stl-city-public-streetlights:2:112724","properties":{"address":null,"attributes":{"Date_Installed":"2/19/20","LED_Powered":1,"LightID":"L005468","Light_Source":"LED","Light_Type":"Cobra","Lighting_Type":"LED-Powered Lamp","Verification_Date":null},"id":"stl-city-public-streetlights:2:112724","sourceLayerId":2,"sourceObjectId":112724,"sourceURL":"https://maps8.stlouis-mo.gov/arcgis/rest/services/STREETS/Streets_Permitting/MapServer/2","title":"Street light L005468"},"type":"Feature"},{"geometry":{"coordinates":[-90.25191154367302,38.58290288006806],"type":"Point"},"id":"stl-city-public-streetlights:2:112725","properties":{"address":null,"attributes":{"Date_Installed":"2/19/20","LED_Powered":1,"LightID":"L005469","Light_Source":"LED","Light_Type":"Cobra","Lighting_Type":"LED-Powered Lamp","Verification_Date":null},"id":"stl-city-public-streetlights:2:112725","sourceLayerId":2,"sourceObjectId":112725,"sourceURL":"https://maps8.stlouis-mo.gov/arcgis/rest/services/STREETS/Streets_Permitting/MapServer/2","title":"Street light L005469"},"type":"Feature"},{"geometry":{"coordinates":[-90.25155992303426,38.582716210502056],"type":"Point"},"id":"stl-city-public-streetlights:2:112726","properties":{"address":null,"attributes":{"Date_Installed":"2/19/20","LED_Powered":1,"LightID":"L005470","Light_Source":"LED","Light_Type":"Cobra","Lighting_Type":"LED-Powered Lamp","Verification_Date":null},"id":"stl-city-public-streetlights:2:112726","sourceLayerId":2,"sourceObjectId":112726,"sourceURL":"https://maps8.stlouis-mo.gov/arcgis/rest/services/STREETS/Streets_Permitting/MapServer/2","title":"Street light L005470"},"type":"Feature"},{"geometry":{"coordinates":[-90.25116100845192,38.582506795264],"type":"Point"},"id":"stl-city-public-streetlights:2:112727","properties":{"address":null,"attributes":{"Date_Installed":"2/19/20","LED_Powered":1,"LightID":"L005471","Light_Source":"LED","Light_Type":"Cobra","Lighting_Type":"LED-Powered Lamp","Verification_Date":null},"id":"stl-city-public-streetlights:2:112727","sourceLayerId":2,"sourceObjectId":112727,"sourceURL":"https://maps8.stlouis-mo.gov/arcgis/rest/services/STREETS/Streets_Permitting/MapServer/2","title":"Street light L005471"},"type":"Feature"},{"geometry":{"coordinates":[-90.25076513093751,38.582298339179964],"type":"Point"},"id":"stl-city-public-streetlights:2:112728","properties":{"address":null,"attributes":{"Date_Installed":"2/19/20","LED_Powered":1,"LightID":"L005472","Light_Source":"LED","Light_Type":"Cobra","Lighting_Type":"LED-Powered Lamp","Verification_Date":null},"id":"stl-city-public-streetlights:2:112728","sourceLayerId":2,"sourceObjectId":112728,"sourceURL":"https://maps8.stlouis-mo.gov/arcgis/rest/services/STREETS/Streets_Permitting/MapServer/2","title":"Street light L005472"},"type":"Feature"},{"geometry":{"coordinates":[-90.25041864240367,38.58212216625881],"type":"Point"},"id":"stl-city-public-streetlights:2:112729","properties":{"address":null,"attributes":{"Date_Installed":"2/19/20","LED_Powered":1,"LightID":"L005473","Light_Source":"LED","Light_Type":"Cobra","Lighting_Type":"LED-Powered Lamp","Verification_Date":null},"id":"stl-city-public-streetlights:2:112729","sourceLayerId":2,"sourceObjectId":112729,"sourceURL":"https://maps8.stlouis-mo.gov/arcgis/rest/services/STREETS/Streets_Permitting/MapServer/2","title":"Street light L005473"},"type":"Feature"},{"geometry":{"coordinates":[-90.25008270838146,38.581945833764706],"type":"Point"},"id":"stl-city-public-streetlights:2:112730","properties":{"address":null,"attributes":{"Date_Installed":"2/19/20","LED_Powered":1,"LightID":"L005474","Light_Source":"LED","Light_Type":"Cobra","Lighting_Type":"LED-Powered Lamp","Verification_Date":null},"id":"stl-city-public-streetlights:2:112730","sourceLayerId":2,"sourceObjectId":112730,"sourceURL":"https://maps8.stlouis-mo.gov/arcgis/rest/services/STREETS/Streets_Permitting/MapServer/2","title":"Street light L005474"},"type":"Feature"},{"geometry":{"coordinates":[-90.25332745565319,38.58193979541814],"type":"Point"},"id":"stl-city-public-streetlights:2:112741","properties":{"address":null,"attributes":{"Date_Installed":"2/19/20","LED_Powered":1,"LightID":"L005485","Light_Source":"LED","Light_Type":"Cobra","Lighting_Type":"LED-Powered Lamp","Verification_Date":null},"id":"stl-city-public-streetlights:2:112741","sourceLayerId":2,"sourceObjectId":112741,"sourceURL":"https://maps8.stlouis-mo.gov/arcgis/rest/services/STREETS/Streets_Permitting/MapServer/2","title":"Street light L005485"},"type":"Feature"},{"geometry":{"coordinates":[-90.2528548352131,38.58162523087297],"type":"Point"},"id":"stl-city-public-streetlights:2:112742","properties":{"address":null,"attributes":{"Date_Installed":"2/19/20","LED_Powered":1,"LightID":"L005486","Light_Source":"LED","Light_Type":"Cobra","Lighting_Type":"LED-Powered Lamp","Verification_Date":null},"id":"stl-city-public-streetlights:2:112742","sourceLayerId":2,"sourceObjectId":112742,"sourceURL":"https://maps8.stlouis-mo.gov/arcgis/rest/services/STREETS/Streets_Permitting/MapServer/2","title":"Street light L005486"},"type":"Feature"},{"geometry":{"coordinates":[-90.25209978728724,38.581833107398964],"type":"Point"},"id":"stl-city-public-streetlights:2:112746","properties":{"address":null,"attributes":{"Date_Installed":"2/19/20","LED_Powered":1,"LightID":"L005490","Light_Source":"LED","Light_Type":"Cobra","Lighting_Type":"LED-Powered Lamp","Verification_Date":null},"id":"stl-city-public-streetlights:2:112746","sourceLayerId":2,"sourceObjectId":112746,"sourceURL":"https://maps8.stlouis-mo.gov/arcgis/rest/services/STREETS/Streets_Permitting/MapServer/2","title":"Street light L005490"},"type":"Feature"},{"geometry":{"coordinates":[-90.25173357560732,38.58165212902686],"type":"Point"},"id":"stl-city-public-streetlights:2:112747","properties":{"address":null,"attributes":{"Date_Installed":"2/19/20","LED_Powered":1,"LightID":"L005491","Light_Source":"LED","Light_Type":"Cobra","Lighting_Type":"LED-Powered Lamp","Verification_Date":null},"id":"stl-city-public-streetlights:2:112747","sourceLayerId":2,"sourceObjectId":112747,"sourceURL":"https://maps8.stlouis-mo.gov/arcgis/rest/services/STREETS/Streets_Permitting/MapServer/2","title":"Street light L005491"},"type":"Feature"},{"geometry":{"coordinates":[-90.25134244844375,38.58147586322966],"type":"Point"},"id":"stl-city-public-streetlights:2:112748","properties":{"address":null,"attributes":{"Date_Installed":"2/19/20","LED_Powered":1,"LightID":"L005492","Light_Source":"LED","Light_Type":"Cobra","Lighting_Type":"LED-Powered Lamp","Verification_Date":null},"id":"stl-city-public-streetlights:2:112748","sourceLayerId":2,"sourceObjectId":112748,"sourceURL":"https://maps8.stlouis-mo.gov/arcgis/rest/services/STREETS/Streets_Permitting/MapServer/2","title":"Street light L005492"},"type":"Feature"},{"geometry":{"coordinates":[-90.2510135554202,38.5812758925588],"type":"Point"},"id":"stl-city-public-streetlights:2:112749","properties":{"address":null,"attributes":{"Date_Installed":"2/19/20","LED_Powered":1,"LightID":"L005493","Light_Source":"LED","Light_Type":"Cobra","Lighting_Type":"LED-Powered Lamp","Verification_Date":null},"id":"stl-city-public-streetlights:2:112749","sourceLayerId":2,"sourceObjectId":112749,"sourceURL":"https://maps8.stlouis-mo.gov/arcgis/rest/services/STREETS/Streets_Permitting/MapServer/2","title":"Street light L005493"},"type":"Feature"},{"geometry":{"coordinates":[-90.25063933566761,38.581085358609194],"type":"Point"},"id":"stl-city-public-streetlights:2:112750","properties":{"address":null,"attributes":{"Date_Installed":"2/19/20","LED_Powered":1,"LightID":"L005494","Light_Source":"LED","Light_Type":"Cobra","Lighting_Type":"LED-Powered Lamp","Verification_Date":null},"id":"stl-city-public-streetlights:2:112750","sourceLayerId":2,"sourceObjectId":112750,"sourceURL":"https://maps8.stlouis-mo.gov/arcgis/rest/services/STREETS/Streets_Permitting/MapServer/2","title":"Street light L005494"},"type":"Feature"},{"geometry":{"coordinates":[-90.25026784613931,38.580895783336],"type":"Point"},"id":"stl-city-public-streetlights:2:112751","properties":{"address":null,"attributes":{"Date_Installed":"2/19/20","LED_Powered":1,"LightID":"L005495","Light_Source":"LED","Light_Type":"Cobra","Lighting_Type":"LED-Powered Lamp","Verification_Date":null},"id":"stl-city-public-streetlights:2:112751","sourceLayerId":2,"sourceObjectId":112751,"sourceURL":"https://maps8.stlouis-mo.gov/arcgis/rest/services/STREETS/Streets_Permitting/MapServer/2","title":"Street light L005495"},"type":"Feature"},{"geometry":{"coordinates":[-90.25370145587502,38.58000185507052],"type":"Point"},"id":"stl-city-public-streetlights:2:112781","properties":{"address":null,"attributes":{"Date_Installed":"2/19/20","LED_Powered":1,"LightID":"L005525","Light_Source":"LED","Light_Type":"Cobra","Lighting_Type":"LED-Powered Lamp","Verification_Date":null},"id":"stl-city-public-streetlights:2:112781","sourceLayerId":2,"sourceObjectId":112781,"sourceURL":"https://maps8.stlouis-mo.gov/arcgis/rest/services/STREETS/Streets_Permitting/MapServer/2","title":"Street light L005525"},"type":"Feature"},{"geometry":{"coordinates":[-90.25399633529993,38.58015560002593],"type":"Point"},"id":"stl-city-public-streetlights:2:112782","properties":{"address":null,"attributes":{"Date_Installed":"2/19/20","LED_Powered":1,"LightID":"L005526","Light_Source":"LED","Light_Type":"Cobra","Lighting_Type":"LED-Powered Lamp","Verification_Date":null},"id":"stl-city-public-streetlights:2:112782","sourceLayerId":2,"sourceObjectId":112782,"sourceURL":"https://maps8.stlouis-mo.gov/arcgis/rest/services/STREETS/Streets_Permitting/MapServer/2","title":"Street light L005526"},"type":"Feature"},{"geometry":{"coordinates":[-90.25013692903873,38.58382683816704],"type":"Point"},"id":"stl-city-public-streetlights:2:113832","properties":{"address":null,"attributes":{"Date_Installed":null,"LED_Powered":1,"LightID":"L006576","Light_Source":"LED","Light_Type":"Cobra","Lighting_Type":"LED-Powered Lamp","Verification_Date":null},"id":"stl-city-public-streetlights:2:113832","sourceLayerId":2,"sourceObjectId":113832,"sourceURL":"https://maps8.stlouis-mo.gov/arcgis/rest/services/STREETS/Streets_Permitting/MapServer/2","title":"Street light L006576"},"type":"Feature"},{"geometry":{"coordinates":[-90.25054565149667,38.584043077734485],"type":"Point"},"id":"stl-city-public-streetlights:2:113833","properties":{"address":null,"attributes":{"Date_Installed":"2020-03-23","LED_Powered":1,"LightID":"L006577","Light_Source":"LED","Light_Type":"Cobra","Lighting_Type":"5G Pole - 5G Pole -5G Pole - 1A","Verification_Date":null},"id":"stl-city-public-streetlights:2:113833","sourceLayerId":2,"sourceObjectId":113833,"sourceURL":"https://maps8.stlouis-mo.gov/arcgis/rest/services/STREETS/Streets_Permitting/MapServer/2","title":"Street light L006577"},"type":"Feature"},{"geometry":{"coordinates":[-90.25094028810024,38.58425183817438],"type":"Point"},"id":"stl-city-public-streetlights:2:113834","properties":{"address":null,"attributes":{"Date_Installed":null,"LED_Powered":1,"LightID":"L006578","Light_Source":"LED","Light_Type":"Cobra","Lighting_Type":"LED-Powered Lamp","Verification_Date":null},"id":"stl-city-public-streetlights:2:113834","sourceLayerId":2,"sourceObjectId":113834,"sourceURL":"https://maps8.stlouis-mo.gov/arcgis/rest/services/STREETS/Streets_Permitting/MapServer/2","title":"Street light L006578"},"type":"Feature"},{"geometry":{"coordinates":[-90.25145042872747,38.584505192014404],"type":"Point"},"id":"stl-city-public-streetlights:2:113835","properties":{"address":null,"attributes":{"Date_Installed":null,"LED_Powered":1,"LightID":"L006579","Light_Source":"LED","Light_Type":"Cobra","Lighting_Type":"LED-Powered Lamp","Verification_Date":null},"id":"stl-city-public-streetlights:2:113835","sourceLayerId":2,"sourceObjectId":113835,"sourceURL":"https://maps8.stlouis-mo.gov/arcgis/rest/services/STREETS/Streets_Permitting/MapServer/2","title":"Street light L006579"},"type":"Feature"},{"geometry":{"coordinates":[-90.25192693920782,38.58476065522548],"type":"Point"},"id":"stl-city-public-streetlights:2:113836","properties":{"address":null,"attributes":{"Date_Installed":null,"LED_Powered":1,"LightID":"L006580","Light_Source":"LED","Light_Type":"Cobra","Lighting_Type":"LED-Powered Lamp","Verification_Date":null},"id":"stl-city-public-streetlights:2:113836","sourceLayerId":2,"sourceObjectId":113836,"sourceURL":"https://maps8.stlouis-mo.gov/arcgis/rest/services/STREETS/Streets_Permitting/MapServer/2","title":"Street light L006580"},"type":"Feature"},{"geometry":{"coordinates":[-90.25236809848005,38.58499990932495],"type":"Point"},"id":"stl-city-public-streetlights:2:113837","properties":{"address":null,"attributes":{"Date_Installed":null,"LED_Powered":1,"LightID":"L006581","Light_Source":"LED","Light_Type":"Cobra","Lighting_Type":"LED-Powered Lamp","Verification_Date":null},"id":"stl-city-public-streetlights:2:113837","sourceLayerId":2,"sourceObjectId":113837,"sourceURL":"https://maps8.stlouis-mo.gov/arcgis/rest/services/STREETS/Streets_Permitting/MapServer/2","title":"Street light L006581"},"type":"Feature"},{"geometry":{"coordinates":[-90.25281658563692,38.58523755201188],"type":"Point"},"id":"stl-city-public-streetlights:2:113838","properties":{"address":null,"attributes":{"Date_Installed":null,"LED_Powered":1,"LightID":"L006582","Light_Source":"LED","Light_Type":"Cobra","Lighting_Type":"LED-Powered Lamp","Verification_Date":null},"id":"stl-city-public-streetlights:2:113838","sourceLayerId":2,"sourceObjectId":113838,"sourceURL":"https://maps8.stlouis-mo.gov/arcgis/rest/services/STREETS/Streets_Permitting/MapServer/2","title":"Street light L006582"},"type":"Feature"},{"geometry":{"coordinates":[-90.25214494713424,38.58680119888309],"type":"Point"},"id":"stl-city-public-streetlights:2:113839","properties":{"address":null,"attributes":{"Date_Installed":null,"LED_Powered":1,"LightID":"L006583","Light_Source":"LED","Light_Type":"Cobra","Lighting_Type":"LED-Powered Lamp (Twin Lights)","Verification_Date":null},"id":"stl-city-public-streetlights:2:113839","sourceLayerId":2,"sourceObjectId":113839,"sourceURL":"https://maps8.stlouis-mo.gov/arcgis/rest/services/STREETS/Streets_Permitting/MapServer/2","title":"Street light L006583"},"type":"Feature"},{"geometry":{"coordinates":[-90.25230132896391,38.58645789340066],"type":"Point"},"id":"stl-city-public-streetlights:2:113840","properties":{"address":null,"attributes":{"Date_Installed":null,"LED_Powered":1,"LightID":"L006584","Light_Source":"LED","Light_Type":"Cobra","Lighting_Type":"LED-Powered Lamp (Twin Lights)","Verification_Date":null},"id":"stl-city-public-streetlights:2:113840","sourceLayerId":2,"sourceObjectId":113840,"sourceURL":"https://maps8.stlouis-mo.gov/arcgis/rest/services/STREETS/Streets_Permitting/MapServer/2","title":"Street light L006584"},"type":"Feature"},{"geometry":{"coordinates":[-90.25223238424685,38.586173481860165],"type":"Point"},"id":"stl-city-public-streetlights:2:113841","properties":{"address":null,"attributes":{"Date_Installed":null,"LED_Powered":1,"LightID":"L006585","Light_Source":"LED","Light_Type":"Cobra","Lighting_Type":"LED-Powered Lamp","Verification_Date":null},"id":"stl-city-public-streetlights:2:113841","sourceLayerId":2,"sourceObjectId":113841,"sourceURL":"https://maps8.stlouis-mo.gov/arcgis/rest/services/STREETS/Streets_Permitting/MapServer/2","title":"Street light L006585"},"type":"Feature"},{"geometry":{"coordinates":[-90.25184032306665,38.586040359840034],"type":"Point"},"id":"stl-city-public-streetlights:2:113842","properties":{"address":null,"attributes":{"Date_Installed":null,"LED_Powered":1,"LightID":"L006586","Light_Source":"LED","Light_Type":"Cobra","Lighting_Type":"LED-Powered Lamp","Verification_Date":null},"id":"stl-city-public-streetlights:2:113842","sourceLayerId":2,"sourceObjectId":113842,"sourceURL":"https://maps8.stlouis-mo.gov/arcgis/rest/services/STREETS/Streets_Permitting/MapServer/2","title":"Street light L006586"},"type":"Feature"},{"geometry":{"coordinates":[-90.25143509145668,38.58598408122693],"type":"Point"},"id":"stl-city-public-streetlights:2:113843","properties":{"address":null,"attributes":{"Date_Installed":null,"LED_Powered":1,"LightID":"L006587","Light_Source":"LED","Light_Type":"Cobra","Lighting_Type":"LED-Powered Lamp","Verification_Date":null},"id":"stl-city-public-streetlights:2:113843","sourceLayerId":2,"sourceObjectId":113843,"sourceURL":"https://maps8.stlouis-mo.gov/arcgis/rest/services/STREETS/Streets_Permitting/MapServer/2","title":"Street light L006587"},"type":"Feature"},{"geometry":{"coordinates":[-90.25100188306322,38.585939062375125],"type":"Point"},"id":"stl-city-public-streetlights:2:113844","properties":{"address":null,"attributes":{"Date_Installed":null,"LED_Powered":1,"LightID":"L006588","Light_Source":"LED","Light_Type":"Cobra","Lighting_Type":"LED-Powered Lamp","Verification_Date":null},"id":"stl-city-public-streetlights:2:113844","sourceLayerId":2,"sourceObjectId":113844,"sourceURL":"https://maps8.stlouis-mo.gov/arcgis/rest/services/STREETS/Streets_Permitting/MapServer/2","title":"Street light L006588"},"type":"Feature"},{"geometry":{"coordinates":[-90.25054800359123,38.5858999582042],"type":"Point"},"id":"stl-city-public-streetlights:2:113845","properties":{"address":null,"attributes":{"Date_Installed":null,"LED_Powered":1,"LightID":"L006589","Light_Source":"LED","Light_Type":"Cobra","Lighting_Type":"LED-Powered Lamp","Verification_Date":null},"id":"stl-city-public-streetlights:2:113845","sourceLayerId":2,"sourceObjectId":113845,"sourceURL":"https://maps8.stlouis-mo.gov/arcgis/rest/services/STREETS/Streets_Permitting/MapServer/2","title":"Street light L006589"},"type":"Feature"},{"geometry":{"coordinates":[-90.25010265336525,38.58585371915956],"type":"Point"},"id":"stl-city-public-streetlights:2:113846","properties":{"address":null,"attributes":{"Date_Installed":null,"LED_Powered":1,"LightID":"L006590","Light_Source":"LED","Light_Type":"Cobra","Lighting_Type":"LED-Powered Lamp","Verification_Date":null},"id":"stl-city-public-streetlights:2:113846","sourceLayerId":2,"sourceObjectId":113846,"sourceURL":"https://maps8.stlouis-mo.gov/arcgis/rest/services/STREETS/Streets_Permitting/MapServer/2","title":"Street light L006590"},"type":"Feature"},{"geometry":{"coordinates":[-90.2518008615425,38.58709376138684],"type":"Point"},"id":"stl-city-public-streetlights:2:113858","properties":{"address":null,"attributes":{"Date_Installed":null,"LED_Powered":1,"LightID":"L006602","Light_Source":"LED","Light_Type":"Cobra","Lighting_Type":"LED-Powered Lamp","Verification_Date":null},"id":"stl-city-public-streetlights:2:113858","sourceLayerId":2,"sourceObjectId":113858,"sourceURL":"https://maps8.stlouis-mo.gov/arcgis/rest/services/STREETS/Streets_Permitting/MapServer/2","title":"Street light L006602"},"type":"Feature"},{"geometry":{"coordinates":[-90.25132788266879,38.58704270086159],"type":"Point"},"id":"stl-city-public-streetlights:2:113859","properties":{"address":null,"attributes":{"Date_Installed":null,"LED_Powered":1,"LightID":"L006603","Light_Source":"LED","Light_Type":"Cobra","Lighting_Type":"LED-Powered Lamp","Verification_Date":null},"id":"stl-city-public-streetlights:2:113859","sourceLayerId":2,"sourceObjectId":113859,"sourceURL":"https://maps8.stlouis-mo.gov/arcgis/rest/services/STREETS/Streets_Permitting/MapServer/2","title":"Street light L006603"},"type":"Feature"},{"geometry":{"coordinates":[-90.25092326684351,38.58700036497748],"type":"Point"},"id":"stl-city-public-streetlights:2:113860","properties":{"address":null,"attributes":{"Date_Installed":null,"LED_Powered":1,"LightID":"L006604","Light_Source":"LED","Light_Type":"Cobra","Lighting_Type":"LED-Powered Lamp","Verification_Date":null},"id":"stl-city-public-streetlights:2:113860","sourceLayerId":2,"sourceObjectId":113860,"sourceURL":"https://maps8.stlouis-mo.gov/arcgis/rest/services/STREETS/Streets_Permitting/MapServer/2","title":"Street light L006604"},"type":"Feature"},{"geometry":{"coordinates":[-90.2504909703066,38.586953202039936],"type":"Point"},"id":"stl-city-public-streetlights:2:113861","properties":{"address":null,"attributes":{"Date_Installed":null,"LED_Powered":1,"LightID":"L006605","Light_Source":"LED","Light_Type":"Cobra","Lighting_Type":"LED-Powered Lamp","Verification_Date":null},"id":"stl-city-public-streetlights:2:113861","sourceLayerId":2,"sourceObjectId":113861,"sourceURL":"https://maps8.stlouis-mo.gov/arcgis/rest/services/STREETS/Streets_Permitting/MapServer/2","title":"Street light L006605"},"type":"Feature"},{"geometry":{"coordinates":[-90.25007989101549,38.58691847736025],"type":"Point"},"id":"stl-city-public-streetlights:2:113862","properties":{"address":null,"attributes":{"Date_Installed":null,"LED_Powered":1,"LightID":"L006606","Light_Source":"LED","Light_Type":"Cobra","Lighting_Type":"LED-Powered Lamp","Verification_Date":null},"id":"stl-city-public-streetlights:2:113862","sourceLayerId":2,"sourceObjectId":113862,"sourceURL":"https://maps8.stlouis-mo.gov/arcgis/rest/services/STREETS/Streets_Permitting/MapServer/2","title":"Street light L006606"},"type":"Feature"},{"geometry":{"coordinates":[-90.25156588422871,38.587252959533366],"type":"Point"},"id":"stl-city-public-streetlights:2:113874","properties":{"address":null,"attributes":{"Date_Installed":null,"LED_Powered":1,"LightID":"L006618","Light_Source":"LED","Light_Type":"Cobra","Lighting_Type":"LED-Powered Lamp (Twin Lights)","Verification_Date":null},"id":"stl-city-public-streetlights:2:113874","sourceLayerId":2,"sourceObjectId":113874,"sourceURL":"https://maps8.stlouis-mo.gov/arcgis/rest/services/STREETS/Streets_Permitting/MapServer/2","title":"Street light L006618"},"type":"Feature"},{"geometry":{"coordinates":[-90.25094334788115,38.587183782676455],"type":"Point"},"id":"stl-city-public-streetlights:2:113875","properties":{"address":null,"attributes":{"Date_Installed":null,"LED_Powered":1,"LightID":"L006619","Light_Source":"LED","Light_Type":"Cobra","Lighting_Type":"LED-Powered Lamp","Verification_Date":null},"id":"stl-city-public-streetlights:2:113875","sourceLayerId":2,"sourceObjectId":113875,"sourceURL":"https://maps8.stlouis-mo.gov/arcgis/rest/services/STREETS/Streets_Permitting/MapServer/2","title":"Street light L006619"},"type":"Feature"},{"geometry":{"coordinates":[-90.25067514940743,38.58745780607892],"type":"Point"},"id":"stl-city-public-streetlights:2:113876","properties":{"address":null,"attributes":{"Date_Installed":null,"LED_Powered":1,"LightID":"L006620","Light_Source":"LED","Light_Type":"Cobra","Lighting_Type":"LED-Powered Lamp","Verification_Date":null},"id":"stl-city-public-streetlights:2:113876","sourceLayerId":2,"sourceObjectId":113876,"sourceURL":"https://maps8.stlouis-mo.gov/arcgis/rest/services/STREETS/Streets_Permitting/MapServer/2","title":"Street light L006620"},"type":"Feature"},{"geometry":{"coordinates":[-90.25061579540726,38.58778306031722],"type":"Point"},"id":"stl-city-public-streetlights:2:113877","properties":{"address":null,"attributes":{"Date_Installed":null,"LED_Powered":1,"LightID":"L006621","Light_Source":"LED","Light_Type":"Cobra","Lighting_Type":"LED-Powered Lamp","Verification_Date":null},"id":"stl-city-public-streetlights:2:113877","sourceLayerId":2,"sourceObjectId":113877,"sourceURL":"https://maps8.stlouis-mo.gov/arcgis/rest/services/STREETS/Streets_Permitting/MapServer/2","title":"Street light L006621"},"type":"Feature"},{"geometry":{"coordinates":[-90.25071613461778,38.586767951911106],"type":"Point"},"id":"stl-city-public-streetlights:2:113878","properties":{"address":null,"attributes":{"Date_Installed":null,"LED_Powered":1,"LightID":"L006622","Light_Source":"LED","Light_Type":"Cobra","Lighting_Type":"LED-Powered Lamp","Verification_Date":null},"id":"stl-city-public-streetlights:2:113878","sourceLayerId":2,"sourceObjectId":113878,"sourceURL":"https://maps8.stlouis-mo.gov/arcgis/rest/services/STREETS/Streets_Permitting/MapServer/2","title":"Street light L006622"},"type":"Feature"},{"geometry":{"coordinates":[-90.25078067091613,38.58637192958531],"type":"Point"},"id":"stl-city-public-streetlights:2:113879","properties":{"address":null,"attributes":{"Date_Installed":null,"LED_Powered":1,"LightID":"L006623","Light_Source":"LED","Light_Type":"Cobra","Lighting_Type":"LED-Powered Lamp","Verification_Date":null},"id":"stl-city-public-streetlights:2:113879","sourceLayerId":2,"sourceObjectId":113879,"sourceURL":"https://maps8.stlouis-mo.gov/arcgis/rest/services/STREETS/Streets_Permitting/MapServer/2","title":"Street light L006623"},"type":"Feature"},{"geometry":{"coordinates":[-90.25083409537898,38.586027847313744],"type":"Point"},"id":"stl-city-public-streetlights:2:113880","properties":{"address":null,"attributes":{"Date_Installed":null,"LED_Powered":1,"LightID":"L006624","Light_Source":"LED","Light_Type":"Cobra","Lighting_Type":"LED-Powered Lamp","Verification_Date":null},"id":"stl-city-public-streetlights:2:113880","sourceLayerId":2,"sourceObjectId":113880,"sourceURL":"https://maps8.stlouis-mo.gov/arcgis/rest/services/STREETS/Streets_Permitting/MapServer/2","title":"Street light L006624"},"type":"Feature"},{"geometry":{"coordinates":[-90.25090698271516,38.585675383927985],"type":"Point"},"id":"stl-city-public-streetlights:2:113881","properties":{"address":null,"attributes":{"Date_Installed":null,"LED_Powered":1,"LightID":"L006625","Light_Source":"LED","Light_Type":"Cobra","Lighting_Type":"LED-Powered Lamp","Verification_Date":null},"id":"stl-city-public-streetlights:2:113881","sourceLayerId":2,"sourceObjectId":113881,"sourceURL":"https://maps8.stlouis-mo.gov/arcgis/rest/services/STREETS/Streets_Permitting/MapServer/2","title":"Street light L006625"},"type":"Feature"},{"geometry":{"coordinates":[-90.25096441630262,38.58534263256893],"type":"Point"},"id":"stl-city-public-streetlights:2:113882","properties":{"address":null,"attributes":{"Date_Installed":null,"LED_Powered":1,"LightID":"L006626","Light_Source":"LED","Light_Type":"Cobra","Lighting_Type":"LED-Powered Lamp","Verification_Date":null},"id":"stl-city-public-streetlights:2:113882","sourceLayerId":2,"sourceObjectId":113882,"sourceURL":"https://maps8.stlouis-mo.gov/arcgis/rest/services/STREETS/Streets_Permitting/MapServer/2","title":"Street light L006626"},"type":"Feature"},{"geometry":{"coordinates":[-90.25102098408212,38.58501083247008],"type":"Point"},"id":"stl-city-public-streetlights:2:113883","properties":{"address":null,"attributes":{"Date_Installed":null,"LED_Powered":1,"LightID":"L006627","Light_Source":"LED","Light_Type":"Cobra","Lighting_Type":"LED-Powered Lamp","Verification_Date":null},"id":"stl-city-public-streetlights:2:113883","sourceLayerId":2,"sourceObjectId":113883,"sourceURL":"https://maps8.stlouis-mo.gov/arcgis/rest/services/STREETS/Streets_Permitting/MapServer/2","title":"Street light L006627"},"type":"Feature"},{"geometry":{"coordinates":[-90.25108029704342,38.584646382419635],"type":"Point"},"id":"stl-city-public-streetlights:2:113884","properties":{"address":null,"attributes":{"Date_Installed":null,"LED_Powered":1,"LightID":"L006628","Light_Source":"LED","Light_Type":"Cobra","Lighting_Type":"LED-Powered Lamp","Verification_Date":null},"id":"stl-city-public-streetlights:2:113884","sourceLayerId":2,"sourceObjectId":113884,"sourceURL":"https://maps8.stlouis-mo.gov/arcgis/rest/services/STREETS/Streets_Permitting/MapServer/2","title":"Street light L006628"},"type":"Feature"},{"geometry":{"coordinates":[-90.25028606421783,38.58421746684411],"type":"Point"},"id":"stl-city-public-streetlights:2:113885","properties":{"address":null,"attributes":{"Date_Installed":null,"LED_Powered":1,"LightID":"L006629","Light_Source":"LED","Light_Type":"Cobra","Lighting_Type":"LED-Powered Lamp","Verification_Date":null},"id":"stl-city-public-streetlights:2:113885","sourceLayerId":2,"sourceObjectId":113885,"sourceURL":"https://maps8.stlouis-mo.gov/arcgis/rest/services/STREETS/Streets_Permitting/MapServer/2","title":"Street light L006629"},"type":"Feature"},{"geometry":{"coordinates":[-90.25008343778583,38.58450068564629],"type":"Point"},"id":"stl-city-public-streetlights:2:113886","properties":{"address":null,"attributes":{"Date_Installed":null,"LED_Powered":1,"LightID":"L006630","Light_Source":"LED","Light_Type":"Cobra","Lighting_Type":"LED-Powered Lamp","Verification_Date":null},"id":"stl-city-public-streetlights:2:113886","sourceLayerId":2,"sourceObjectId":113886,"sourceURL":"https://maps8.stlouis-mo.gov/arcgis/rest/services/STREETS/Streets_Permitting/MapServer/2","title":"Street light L006630"},"type":"Feature"},{"geometry":{"coordinates":[-90.25000782343255,38.58485032205101],"type":"Point"},"id":"stl-city-public-streetlights:2:113887","properties":{"address":null,"attributes":{"Date_Installed":null,"LED_Powered":1,"LightID":"L006631","Light_Source":"LED","Light_Type":"Cobra","Lighting_Type":"LED-Powered Lamp","Verification_Date":null},"id":"stl-city-public-streetlights:2:113887","sourceLayerId":2,"sourceObjectId":113887,"sourceURL":"https://maps8.stlouis-mo.gov/arcgis/rest/services/STREETS/Streets_Permitting/MapServer/2","title":"Street light L006631"},"type":"Feature"},{"geometry":{"coordinates":[-90.25999183470935,38.58370104555195],"type":"Point"},"id":"stl-city-public-streetlights:2:114103","properties":{"address":null,"attributes":{"Date_Installed":"5/9/2018","LED_Powered":1,"LightID":"L006847","Light_Source":"LED","Light_Type":"Cobra","Lighting_Type":"LED-Powered Lamp","Verification_Date":null},"id":"stl-city-public-streetlights:2:114103","sourceLayerId":2,"sourceObjectId":114103,"sourceURL":"https://maps8.stlouis-mo.gov/arcgis/rest/services/STREETS/Streets_Permitting/MapServer/2","title":"Street light L006847"},"type":"Feature"},{"geometry":{"coordinates":[-90.25989715924469,38.58193059089973],"type":"Point"},"id":"stl-city-public-streetlights:2:114107","properties":{"address":null,"attributes":{"Date_Installed":"5/9/2018","LED_Powered":1,"LightID":"L006851","Light_Source":"LED","Light_Type":"Cobra","Lighting_Type":"LED-Powered Lamp","Verification_Date":null},"id":"stl-city-public-streetlights:2:114107","sourceLayerId":2,"sourceObjectId":114107,"sourceURL":"https://maps8.stlouis-mo.gov/arcgis/rest/services/STREETS/Streets_Permitting/MapServer/2","title":"Street light L006851"},"type":"Feature"},{"geometry":{"coordinates":[-90.25951695040753,38.581706583941894],"type":"Point"},"id":"stl-city-public-streetlights:2:114108","properties":{"address":null,"attributes":{"Date_Installed":"5/9/2018","LED_Powered":1,"LightID":"L006852","Light_Source":"LED","Light_Type":"Cobra","Lighting_Type":"LED-Powered Lamp","Verification_Date":null},"id":"stl-city-public-streetlights:2:114108","sourceLayerId":2,"sourceObjectId":114108,"sourceURL":"https://maps8.stlouis-mo.gov/arcgis/rest/services/STREETS/Streets_Permitting/MapServer/2","title":"Street light L006852"},"type":"Feature"},{"geometry":{"coordinates":[-90.25912182718616,38.58149315132764],"type":"Point"},"id":"stl-city-public-streetlights:2:114109","properties":{"address":null,"attributes":{"Date_Installed":"5/9/2018","LED_Powered":1,"LightID":"L006853","Light_Source":"LED","Light_Type":"Cobra","Lighting_Type":"LED-Powered Lamp","Verification_Date":null},"id":"stl-city-public-streetlights:2:114109","sourceLayerId":2,"sourceObjectId":114109,"sourceURL":"https://maps8.stlouis-mo.gov/arcgis/rest/services/STREETS/Streets_Permitting/MapServer/2","title":"Street light L006853"},"type":"Feature"},{"geometry":{"coordinates":[-90.25875822934591,38.58129765888247],"type":"Point"},"id":"stl-city-public-streetlights:2:114110","properties":{"address":null,"attributes":{"Date_Installed":"5/9/2018","LED_Powered":1,"LightID":"L006854","Light_Source":"LED","Light_Type":"Cobra","Lighting_Type":"LED-Powered Lamp","Verification_Date":null},"id":"stl-city-public-streetlights:2:114110","sourceLayerId":2,"sourceObjectId":114110,"sourceURL":"https://maps8.stlouis-mo.gov/arcgis/rest/services/STREETS/Streets_Permitting/MapServer/2","title":"Street light L006854"},"type":"Feature"},{"geometry":{"coordinates":[-90.25838972396005,38.581099296622654],"type":"Point"},"id":"stl-city-public-streetlights:2:114111","properties":{"address":null,"attributes":{"Date_Installed":"5/9/2018","LED_Powered":1,"LightID":"L006855","Light_Source":"LED","Light_Type":"Cobra","Lighting_Type":"LED-Powered Lamp","Verification_Date":null},"id":"stl-city-public-streetlights:2:114111","sourceLayerId":2,"sourceObjectId":114111,"sourceURL":"https://maps8.stlouis-mo.gov/arcgis/rest/services/STREETS/Streets_Permitting/MapServer/2","title":"Street light L006855"},"type":"Feature"},{"geometry":{"coordinates":[-90.25802573813276,38.58090261010485],"type":"Point"},"id":"stl-city-public-streetlights:2:114112","properties":{"address":null,"attributes":{"Date_Installed":"5/9/2018","LED_Powered":1,"LightID":"L006856","Light_Source":"LED","Light_Type":"Cobra","Lighting_Type":"LED-Powered Lamp","Verification_Date":null},"id":"stl-city-public-streetlights:2:114112","sourceLayerId":2,"sourceObjectId":114112,"sourceURL":"https://maps8.stlouis-mo.gov/arcgis/rest/services/STREETS/Streets_Permitting/MapServer/2","title":"Street light L006856"},"type":"Feature"},{"geometry":{"coordinates":[-90.25765742794503,38.580710203576224],"type":"Point"},"id":"stl-city-public-streetlights:2:114113","properties":{"address":null,"attributes":{"Date_Installed":"5/9/2018","LED_Powered":1,"LightID":"L006857","Light_Source":"LED","Light_Type":"Cobra","Lighting_Type":"LED-Powered Lamp","Verification_Date":null},"id":"stl-city-public-streetlights:2:114113","sourceLayerId":2,"sourceObjectId":114113,"sourceURL":"https://maps8.stlouis-mo.gov/arcgis/rest/services/STREETS/Streets_Permitting/MapServer/2","title":"Street light L006857"},"type":"Feature"},{"geometry":{"coordinates":[-90.2578019359869,38.58042641244562],"type":"Point"},"id":"stl-city-public-streetlights:2:114114","properties":{"address":null,"attributes":{"Date_Installed":"5/9/2018","LED_Powered":1,"LightID":"L006858","Light_Source":"LED","Light_Type":"Cobra","Lighting_Type":"LED-Powered Lamp","Verification_Date":null},"id":"stl-city-public-streetlights:2:114114","sourceLayerId":2,"sourceObjectId":114114,"sourceURL":"https://maps8.stlouis-mo.gov/arcgis/rest/services/STREETS/Streets_Permitting/MapServer/2","title":"Street light L006858"},"type":"Feature"},{"geometry":{"coordinates":[-90.25804448846928,38.58013253557376],"type":"Point"},"id":"stl-city-public-streetlights:2:114115","properties":{"address":null,"attributes":{"Date_Installed":"5/9/2018","LED_Powered":1,"LightID":"L006859","Light_Source":"LED","Light_Type":"Cobra","Lighting_Type":"LED-Powered Lamp","Verification_Date":null},"id":"stl-city-public-streetlights:2:114115","sourceLayerId":2,"sourceObjectId":114115,"sourceURL":"https://maps8.stlouis-mo.gov/arcgis/rest/services/STREETS/Streets_Permitting/MapServer/2","title":"Street light L006859"},"type":"Feature"},{"geometry":{"coordinates":[-90.25763643887827,38.58166770433263],"type":"Point"},"id":"stl-city-public-streetlights:2:114908","properties":{"address":null,"attributes":{"Date_Installed":"5/9/2018","LED_Powered":1,"LightID":"L007652","Light_Source":"LED","Light_Type":"Cobra","Lighting_Type":"LED-Powered Lamp","Verification_Date":null},"id":"stl-city-public-streetlights:2:114908","sourceLayerId":2,"sourceObjectId":114908,"sourceURL":"https://maps8.stlouis-mo.gov/arcgis/rest/services/STREETS/Streets_Permitting/MapServer/2","title":"Street light L007652"},"type":"Feature"},{"geometry":{"coordinates":[-90.25782363223962,38.58188205515326],"type":"Point"},"id":"stl-city-public-streetlights:2:114909","properties":{"address":null,"attributes":{"Date_Installed":"5/9/2018","LED_Powered":1,"LightID":"L007653","Light_Source":"LED","Light_Type":"Cobra","Lighting_Type":"LED-Powered Lamp","Verification_Date":null},"id":"stl-city-public-streetlights:2:114909","sourceLayerId":2,"sourceObjectId":114909,"sourceURL":"https://maps8.stlouis-mo.gov/arcgis/rest/services/STREETS/Streets_Permitting/MapServer/2","title":"Street light L007653"},"type":"Feature"},{"geometry":{"coordinates":[-90.25806845100561,38.581881932617634],"type":"Point"},"id":"stl-city-public-streetlights:2:114910","properties":{"address":null,"attributes":{"Date_Installed":"5/9/2018","LED_Powered":1,"LightID":"L007654","Light_Source":"LED","Light_Type":"Cobra","Lighting_Type":"LED-Powered Lamp","Verification_Date":null},"id":"stl-city-public-streetlights:2:114910","sourceLayerId":2,"sourceObjectId":114910,"sourceURL":"https://maps8.stlouis-mo.gov/arcgis/rest/services/STREETS/Streets_Permitting/MapServer/2","title":"Street light L007654"},"type":"Feature"},{"geometry":{"coordinates":[-90.2584379550656,38.58208220602983],"type":"Point"},"id":"stl-city-public-streetlights:2:114911","properties":{"address":null,"attributes":{"Date_Installed":"5/9/2018","LED_Powered":1,"LightID":"L007655","Light_Source":"LED","Light_Type":"Cobra","Lighting_Type":"LED-Powered Lamp","Verification_Date":null},"id":"stl-city-public-streetlights:2:114911","sourceLayerId":2,"sourceObjectId":114911,"sourceURL":"https://maps8.stlouis-mo.gov/arcgis/rest/services/STREETS/Streets_Permitting/MapServer/2","title":"Street light L007655"},"type":"Feature"},{"geometry":{"coordinates":[-90.25870954706869,38.582231504541305],"type":"Point"},"id":"stl-city-public-streetlights:2:114912","properties":{"address":null,"attributes":{"Date_Installed":"5/9/2018","LED_Powered":1,"LightID":"L007656","Light_Source":"LED","Light_Type":"Cobra","Lighting_Type":"LED-Powered Lamp","Verification_Date":null},"id":"stl-city-public-streetlights:2:114912","sourceLayerId":2,"sourceObjectId":114912,"sourceURL":"https://maps8.stlouis-mo.gov/arcgis/rest/services/STREETS/Streets_Permitting/MapServer/2","title":"Street light L007656"},"type":"Feature"},{"geometry":{"coordinates":[-90.25897258103096,38.58200320300831],"type":"Point"},"id":"stl-city-public-streetlights:2:114913","properties":{"address":null,"attributes":{"Date_Installed":"5/9/2018","LED_Powered":1,"LightID":"L007657","Light_Source":"LED","Light_Type":"Cobra","Lighting_Type":"LED-Powered Lamp","Verification_Date":null},"id":"stl-city-public-streetlights:2:114913","sourceLayerId":2,"sourceObjectId":114913,"sourceURL":"https://maps8.stlouis-mo.gov/arcgis/rest/services/STREETS/Streets_Permitting/MapServer/2","title":"Street light L007657"},"type":"Feature"},{"geometry":{"coordinates":[-90.25923992984441,38.581695517179526],"type":"Point"},"id":"stl-city-public-streetlights:2:114914","properties":{"address":null,"attributes":{"Date_Installed":"5/9/2018","LED_Powered":1,"LightID":"L007658","Light_Source":"LED","Light_Type":"Cobra","Lighting_Type":"LED-Powered Lamp","Verification_Date":null},"id":"stl-city-public-streetlights:2:114914","sourceLayerId":2,"sourceObjectId":114914,"sourceURL":"https://maps8.stlouis-mo.gov/arcgis/rest/services/STREETS/Streets_Permitting/MapServer/2","title":"Street light L007658"},"type":"Feature"},{"geometry":{"coordinates":[-90.25893128311347,38.5832928060117],"type":"Point"},"id":"stl-city-public-streetlights:2:114915","properties":{"address":null,"attributes":{"Date_Installed":"5/9/2018","LED_Powered":1,"LightID":"L007659","Light_Source":"LED","Light_Type":"Cobra","Lighting_Type":"LED-Powered Lamp","Verification_Date":null},"id":"stl-city-public-streetlights:2:114915","sourceLayerId":2,"sourceObjectId":114915,"sourceURL":"https://maps8.stlouis-mo.gov/arcgis/rest/services/STREETS/Streets_Permitting/MapServer/2","title":"Street light L007659"},"type":"Feature"},{"geometry":{"coordinates":[-90.25931911517208,38.58349715848429],"type":"Point"},"id":"stl-city-public-streetlights:2:114916","properties":{"address":null,"attributes":{"Date_Installed":"5/9/2018","LED_Powered":1,"LightID":"L007660","Light_Source":"LED","Light_Type":"Cobra","Lighting_Type":"LED-Powered Lamp","Verification_Date":null},"id":"stl-city-public-streetlights:2:114916","sourceLayerId":2,"sourceObjectId":114916,"sourceURL":"https://maps8.stlouis-mo.gov/arcgis/rest/services/STREETS/Streets_Permitting/MapServer/2","title":"Street light L007660"},"type":"Feature"},{"geometry":{"coordinates":[-90.25969521132876,38.58370252520909],"type":"Point"},"id":"stl-city-public-streetlights:2:114917","properties":{"address":null,"attributes":{"Date_Installed":"5/9/2018","LED_Powered":1,"LightID":"L007661","Light_Source":"LED","Light_Type":"Cobra","Lighting_Type":"LED-Powered Lamp","Verification_Date":null},"id":"stl-city-public-streetlights:2:114917","sourceLayerId":2,"sourceObjectId":114917,"sourceURL":"https://maps8.stlouis-mo.gov/arcgis/rest/services/STREETS/Streets_Permitting/MapServer/2","title":"Street light L007661"},"type":"Feature"},{"geometry":{"coordinates":[-90.25909819872764,38.58329182986141],"type":"Point"},"id":"stl-city-public-streetlights:2:114960","properties":{"address":null,"attributes":{"Date_Installed":"5/9/2018","LED_Powered":1,"LightID":"L007704","Light_Source":"LED","Light_Type":"Cobra","Lighting_Type":"LED-Powered Lamp","Verification_Date":null},"id":"stl-city-public-streetlights:2:114960","sourceLayerId":2,"sourceObjectId":114960,"sourceURL":"https://maps8.stlouis-mo.gov/arcgis/rest/services/STREETS/Streets_Permitting/MapServer/2","title":"Street light L007704"},"type":"Feature"},{"geometry":{"coordinates":[-90.2593431724244,38.583010445483055],"type":"Point"},"id":"stl-city-public-streetlights:2:114961","properties":{"address":null,"attributes":{"Date_Installed":"5/9/2018","LED_Powered":1,"LightID":"L007705","Light_Source":"LED","Light_Type":"Cobra","Lighting_Type":"LED-Powered Lamp","Verification_Date":null},"id":"stl-city-public-streetlights:2:114961","sourceLayerId":2,"sourceObjectId":114961,"sourceURL":"https://maps8.stlouis-mo.gov/arcgis/rest/services/STREETS/Streets_Permitting/MapServer/2","title":"Street light L007705"},"type":"Feature"},{"geometry":{"coordinates":[-90.25957921816324,38.58274696740946],"type":"Point"},"id":"stl-city-public-streetlights:2:114962","properties":{"address":null,"attributes":{"Date_Installed":"5/9/2018","LED_Powered":1,"LightID":"L007706","Light_Source":"LED","Light_Type":"Cobra","Lighting_Type":"LED-Powered Lamp","Verification_Date":null},"id":"stl-city-public-streetlights:2:114962","sourceLayerId":2,"sourceObjectId":114962,"sourceURL":"https://maps8.stlouis-mo.gov/arcgis/rest/services/STREETS/Streets_Permitting/MapServer/2","title":"Street light L007706"},"type":"Feature"},{"geometry":{"coordinates":[-90.25984551264071,38.582436449250515],"type":"Point"},"id":"stl-city-public-streetlights:2:114963","properties":{"address":null,"attributes":{"Date_Installed":"5/9/2018","LED_Powered":1,"LightID":"L007707","Light_Source":"LED","Light_Type":"Cobra","Lighting_Type":"LED-Powered Lamp","Verification_Date":null},"id":"stl-city-public-streetlights:2:114963","sourceLayerId":2,"sourceObjectId":114963,"sourceURL":"https://maps8.stlouis-mo.gov/arcgis/rest/services/STREETS/Streets_Permitting/MapServer/2","title":"Street light L007707"},"type":"Feature"},{"geometry":{"coordinates":[-90.25372064739166,38.58462499687241],"type":"Point"},"id":"stl-city-public-streetlights:2:115524","properties":{"address":null,"attributes":{"Date_Installed":"2/19/20","LED_Powered":1,"LightID":"L008261","Light_Source":"LED","Light_Type":"Cobra","Lighting_Type":"LED-Powered Lamp","Verification_Date":null},"id":"stl-city-public-streetlights:2:115524","sourceLayerId":2,"sourceObjectId":115524,"sourceURL":"https://maps8.stlouis-mo.gov/arcgis/rest/services/STREETS/Streets_Permitting/MapServer/2","title":"Street light L008261"},"type":"Feature"},{"geometry":{"coordinates":[-90.25332555767228,38.58506847414907],"type":"Point"},"id":"stl-city-public-streetlights:2:115525","properties":{"address":null,"attributes":{"Date_Installed":"2/19/20","LED_Powered":1,"LightID":"L008262","Light_Source":"LED","Light_Type":"Cobra","Lighting_Type":"LED-Powered Lamp","Verification_Date":null},"id":"stl-city-public-streetlights:2:115525","sourceLayerId":2,"sourceObjectId":115525,"sourceURL":"https://maps8.stlouis-mo.gov/arcgis/rest/services/STREETS/Streets_Permitting/MapServer/2","title":"Street light L008262"},"type":"Feature"},{"geometry":{"coordinates":[-90.25328240358769,38.585482006060076],"type":"Point"},"id":"stl-city-public-streetlights:2:115526","properties":{"address":null,"attributes":{"Date_Installed":null,"LED_Powered":1,"LightID":"L008263","Light_Source":"LED","Light_Type":"Cobra","Lighting_Type":"LED-Powered Lamp","Verification_Date":null},"id":"stl-city-public-streetlights:2:115526","sourceLayerId":2,"sourceObjectId":115526,"sourceURL":"https://maps8.stlouis-mo.gov/arcgis/rest/services/STREETS/Streets_Permitting/MapServer/2","title":"Street light L008263"},"type":"Feature"},{"geometry":{"coordinates":[-90.2537365637466,38.58572257607611],"type":"Point"},"id":"stl-city-public-streetlights:2:115527","properties":{"address":null,"attributes":{"Date_Installed":null,"LED_Powered":1,"LightID":"L008264","Light_Source":"LED","Light_Type":"Cobra","Lighting_Type":"LED-Powered Lamp","Verification_Date":null},"id":"stl-city-public-streetlights:2:115527","sourceLayerId":2,"sourceObjectId":115527,"sourceURL":"https://maps8.stlouis-mo.gov/arcgis/rest/services/STREETS/Streets_Permitting/MapServer/2","title":"Street light L008264"},"type":"Feature"},{"geometry":{"coordinates":[-90.2542284178587,38.5859804567524],"type":"Point"},"id":"stl-city-public-streetlights:2:115528","properties":{"address":null,"attributes":{"Date_Installed":null,"LED_Powered":1,"LightID":"L008265","Light_Source":"LED","Light_Type":"Cobra","Lighting_Type":"LED-Powered Lamp","Verification_Date":null},"id":"stl-city-public-streetlights:2:115528","sourceLayerId":2,"sourceObjectId":115528,"sourceURL":"https://maps8.stlouis-mo.gov/arcgis/rest/services/STREETS/Streets_Permitting/MapServer/2","title":"Street light L008265"},"type":"Feature"},{"geometry":{"coordinates":[-90.25466346206206,38.58620951819354],"type":"Point"},"id":"stl-city-public-streetlights:2:115529","properties":{"address":null,"attributes":{"Date_Installed":null,"LED_Powered":1,"LightID":"L008266","Light_Source":"LED","Light_Type":"Cobra","Lighting_Type":"LED-Powered Lamp","Verification_Date":null},"id":"stl-city-public-streetlights:2:115529","sourceLayerId":2,"sourceObjectId":115529,"sourceURL":"https://maps8.stlouis-mo.gov/arcgis/rest/services/STREETS/Streets_Permitting/MapServer/2","title":"Street light L008266"},"type":"Feature"},{"geometry":{"coordinates":[-90.25511098366538,38.58644525454529],"type":"Point"},"id":"stl-city-public-streetlights:2:115530","properties":{"address":null,"attributes":{"Date_Installed":null,"LED_Powered":1,"LightID":"L008267","Light_Source":"LED","Light_Type":"Cobra","Lighting_Type":"LED-Powered Lamp","Verification_Date":null},"id":"stl-city-public-streetlights:2:115530","sourceLayerId":2,"sourceObjectId":115530,"sourceURL":"https://maps8.stlouis-mo.gov/arcgis/rest/services/STREETS/Streets_Permitting/MapServer/2","title":"Street light L008267"},"type":"Feature"},{"geometry":{"coordinates":[-90.2555473242773,38.58667445864484],"type":"Point"},"id":"stl-city-public-streetlights:2:115531","properties":{"address":null,"attributes":{"Date_Installed":null,"LED_Powered":1,"LightID":"L008268","Light_Source":"LED","Light_Type":"Cobra","Lighting_Type":"LED-Powered Lamp","Verification_Date":null},"id":"stl-city-public-streetlights:2:115531","sourceLayerId":2,"sourceObjectId":115531,"sourceURL":"https://maps8.stlouis-mo.gov/arcgis/rest/services/STREETS/Streets_Permitting/MapServer/2","title":"Street light L008268"},"type":"Feature"},{"geometry":{"coordinates":[-90.25815679536446,38.58805387447511],"type":"Point"},"id":"stl-city-public-streetlights:2:115532","properties":{"address":null,"attributes":{"Date_Installed":null,"LED_Powered":1,"LightID":"L008269","Light_Source":"LED","Light_Type":"Cobra","Lighting_Type":"LED-Powered Lamp","Verification_Date":null},"id":"stl-city-public-streetlights:2:115532","sourceLayerId":2,"sourceObjectId":115532,"sourceURL":"https://maps8.stlouis-mo.gov/arcgis/rest/services/STREETS/Streets_Permitting/MapServer/2","title":"Street light L008269"},"type":"Feature"},{"geometry":{"coordinates":[-90.25773971289001,38.58783205060405],"type":"Point"},"id":"stl-city-public-streetlights:2:115533","properties":{"address":null,"attributes":{"Date_Installed":null,"LED_Powered":1,"LightID":"L008270","Light_Source":"LED","Light_Type":"Cobra","Lighting_Type":"LED-Powered Lamp","Verification_Date":null},"id":"stl-city-public-streetlights:2:115533","sourceLayerId":2,"sourceObjectId":115533,"sourceURL":"https://maps8.stlouis-mo.gov/arcgis/rest/services/STREETS/Streets_Permitting/MapServer/2","title":"Street light L008270"},"type":"Feature"},{"geometry":{"coordinates":[-90.25732286589843,38.587613323014956],"type":"Point"},"id":"stl-city-public-streetlights:2:115534","properties":{"address":null,"attributes":{"Date_Installed":null,"LED_Powered":1,"LightID":"L008271","Light_Source":"LED","Light_Type":"Cobra","Lighting_Type":"LED-Powered Lamp","Verification_Date":null},"id":"stl-city-public-streetlights:2:115534","sourceLayerId":2,"sourceObjectId":115534,"sourceURL":"https://maps8.stlouis-mo.gov/arcgis/rest/services/STREETS/Streets_Permitting/MapServer/2","title":"Street light L008271"},"type":"Feature"},{"geometry":{"coordinates":[-90.25683900158624,38.587357080089795],"type":"Point"},"id":"stl-city-public-streetlights:2:115535","properties":{"address":null,"attributes":{"Date_Installed":null,"LED_Powered":1,"LightID":"L008272","Light_Source":"LED","Light_Type":"Cobra","Lighting_Type":"LED-Powered Lamp","Verification_Date":null},"id":"stl-city-public-streetlights:2:115535","sourceLayerId":2,"sourceObjectId":115535,"sourceURL":"https://maps8.stlouis-mo.gov/arcgis/rest/services/STREETS/Streets_Permitting/MapServer/2","title":"Street light L008272"},"type":"Feature"},{"geometry":{"coordinates":[-90.25640427782204,38.58712794274613],"type":"Point"},"id":"stl-city-public-streetlights:2:115536","properties":{"address":null,"attributes":{"Date_Installed":null,"LED_Powered":1,"LightID":"L008273","Light_Source":"LED","Light_Type":"Cobra","Lighting_Type":"LED-Powered Lamp","Verification_Date":null},"id":"stl-city-public-streetlights:2:115536","sourceLayerId":2,"sourceObjectId":115536,"sourceURL":"https://maps8.stlouis-mo.gov/arcgis/rest/services/STREETS/Streets_Permitting/MapServer/2","title":"Street light L008273"},"type":"Feature"},{"geometry":{"coordinates":[-90.25599598548688,38.58691161289465],"type":"Point"},"id":"stl-city-public-streetlights:2:115537","properties":{"address":null,"attributes":{"Date_Installed":null,"LED_Powered":1,"LightID":"L008274","Light_Source":"LED","Light_Type":"Cobra","Lighting_Type":"LED-Powered Lamp","Verification_Date":null},"id":"stl-city-public-streetlights:2:115537","sourceLayerId":2,"sourceObjectId":115537,"sourceURL":"https://maps8.stlouis-mo.gov/arcgis/rest/services/STREETS/Streets_Permitting/MapServer/2","title":"Street light L008274"},"type":"Feature"},{"geometry":{"coordinates":[-90.25572796076116,38.58701868404346],"type":"Point"},"id":"stl-city-public-streetlights:2:115538","properties":{"address":null,"attributes":{"Date_Installed":null,"LED_Powered":1,"LightID":"L008275","Light_Source":"LED","Light_Type":"Cobra","Lighting_Type":"LED-Powered Lamp","Verification_Date":null},"id":"stl-city-public-streetlights:2:115538","sourceLayerId":2,"sourceObjectId":115538,"sourceURL":"https://maps8.stlouis-mo.gov/arcgis/rest/services/STREETS/Streets_Permitting/MapServer/2","title":"Street light L008275"},"type":"Feature"},{"geometry":{"coordinates":[-90.25548647318197,38.58730230844389],"type":"Point"},"id":"stl-city-public-streetlights:2:115539","properties":{"address":null,"attributes":{"Date_Installed":null,"LED_Powered":1,"LightID":"L008276","Light_Source":"LED","Light_Type":"Cobra","Lighting_Type":"LED-Powered Lamp","Verification_Date":null},"id":"stl-city-public-streetlights:2:115539","sourceLayerId":2,"sourceObjectId":115539,"sourceURL":"https://maps8.stlouis-mo.gov/arcgis/rest/services/STREETS/Streets_Permitting/MapServer/2","title":"Street light L008276"},"type":"Feature"},{"geometry":{"coordinates":[-90.25845365020638,38.58839396994413],"type":"Point"},"id":"stl-city-public-streetlights:2:115540","properties":{"address":null,"attributes":{"Date_Installed":"6/9/2017","LED_Powered":1,"LightID":"L008277","Light_Source":"LED","Light_Type":"Cobra","Lighting_Type":"LED-Powered Lamp","Verification_Date":null},"id":"stl-city-public-streetlights:2:115540","sourceLayerId":2,"sourceObjectId":115540,"sourceURL":"https://maps8.stlouis-mo.gov/arcgis/rest/services/STREETS/Streets_Permitting/MapServer/2","title":"Street light L008277"},"type":"Feature"},{"geometry":{"coordinates":[-90.25888644077723,38.588472265630976],"type":"Point"},"id":"stl-city-public-streetlights:2:115541","properties":{"address":null,"attributes":{"Date_Installed":"9/11/17","LED_Powered":1,"LightID":"L008278","Light_Source":"LED","Light_Type":"Cobra","Lighting_Type":"LED-Powered Lamp","Verification_Date":null},"id":"stl-city-public-streetlights:2:115541","sourceLayerId":2,"sourceObjectId":115541,"sourceURL":"https://maps8.stlouis-mo.gov/arcgis/rest/services/STREETS/Streets_Permitting/MapServer/2","title":"Street light L008278"},"type":"Feature"},{"geometry":{"coordinates":[-90.25939931800112,38.58875011187209],"type":"Point"},"id":"stl-city-public-streetlights:2:115542","properties":{"address":null,"attributes":{"Date_Installed":"9/11/17","LED_Powered":1,"LightID":"L008279","Light_Source":"LED","Light_Type":"Cobra","Lighting_Type":"LED-Powered Lamp","Verification_Date":null},"id":"stl-city-public-streetlights:2:115542","sourceLayerId":2,"sourceObjectId":115542,"sourceURL":"https://maps8.stlouis-mo.gov/arcgis/rest/services/STREETS/Streets_Permitting/MapServer/2","title":"Street light L008279"},"type":"Feature"},{"geometry":{"coordinates":[-90.25955082700855,38.58134198788468],"type":"Point"},"id":"stl-city-public-streetlights:2:115543","properties":{"address":null,"attributes":{"Date_Installed":"5/9/2018","LED_Powered":1,"LightID":"L008280","Light_Source":"LED","Light_Type":"Cobra","Lighting_Type":"LED-Powered Lamp","Verification_Date":null},"id":"stl-city-public-streetlights:2:115543","sourceLayerId":2,"sourceObjectId":115543,"sourceURL":"https://maps8.stlouis-mo.gov/arcgis/rest/services/STREETS/Streets_Permitting/MapServer/2","title":"Street light L008280"},"type":"Feature"},{"geometry":{"coordinates":[-90.25980718306411,38.58105071052493],"type":"Point"},"id":"stl-city-public-streetlights:2:115544","properties":{"address":null,"attributes":{"Date_Installed":"5/9/2018","LED_Powered":1,"LightID":"L008281","Light_Source":"LED","Light_Type":"Cobra","Lighting_Type":"LED-Powered Lamp","Verification_Date":null},"id":"stl-city-public-streetlights:2:115544","sourceLayerId":2,"sourceObjectId":115544,"sourceURL":"https://maps8.stlouis-mo.gov/arcgis/rest/services/STREETS/Streets_Permitting/MapServer/2","title":"Street light L008281"},"type":"Feature"},{"geometry":{"coordinates":[-90.25879014792156,38.580818856591435],"type":"Point"},"id":"stl-city-public-streetlights:2:115551","properties":{"address":null,"attributes":{"Date_Installed":"5/9/2018","LED_Powered":1,"LightID":"L008288","Light_Source":"LED","Light_Type":"Cobra","Lighting_Type":"LED-Powered Lamp","Verification_Date":null},"id":"stl-city-public-streetlights:2:115551","sourceLayerId":2,"sourceObjectId":115551,"sourceURL":"https://maps8.stlouis-mo.gov/arcgis/rest/services/STREETS/Streets_Permitting/MapServer/2","title":"Street light L008288"},"type":"Feature"},{"geometry":{"coordinates":[-90.25898740335066,38.580584713998675],"type":"Point"},"id":"stl-city-public-streetlights:2:115552","properties":{"address":null,"attributes":{"Date_Installed":"5/9/2018","LED_Powered":1,"LightID":"L008289","Light_Source":"LED","Light_Type":"Cobra","Lighting_Type":"LED-Powered Lamp","Verification_Date":null},"id":"stl-city-public-streetlights:2:115552","sourceLayerId":2,"sourceObjectId":115552,"sourceURL":"https://maps8.stlouis-mo.gov/arcgis/rest/services/STREETS/Streets_Permitting/MapServer/2","title":"Street light L008289"},"type":"Feature"},{"geometry":{"coordinates":[-90.25919580053883,38.580332715653014],"type":"Point"},"id":"stl-city-public-streetlights:2:115553","properties":{"address":null,"attributes":{"Date_Installed":"5/9/2018","LED_Powered":1,"LightID":"L008290","Light_Source":"LED","Light_Type":"Cobra","Lighting_Type":"LED-Powered Lamp","Verification_Date":null},"id":"stl-city-public-streetlights:2:115553","sourceLayerId":2,"sourceObjectId":115553,"sourceURL":"https://maps8.stlouis-mo.gov/arcgis/rest/services/STREETS/Streets_Permitting/MapServer/2","title":"Street light L008290"},"type":"Feature"},{"geometry":{"coordinates":[-90.2594364267778,38.58004989225433],"type":"Point"},"id":"stl-city-public-streetlights:2:115554","properties":{"address":null,"attributes":{"Date_Installed":"5/9/2018","LED_Powered":1,"LightID":"L008291","Light_Source":"LED","Light_Type":"Cobra","Lighting_Type":"LED-Powered Lamp","Verification_Date":null},"id":"stl-city-public-streetlights:2:115554","sourceLayerId":2,"sourceObjectId":115554,"sourceURL":"https://maps8.stlouis-mo.gov/arcgis/rest/services/STREETS/Streets_Permitting/MapServer/2","title":"Street light L008291"},"type":"Feature"},{"geometry":{"coordinates":[-90.25996941315168,38.58905119384371],"type":"Point"},"id":"stl-city-public-streetlights:2:116468","properties":{"address":null,"attributes":{"Date_Installed":"9/11/17","LED_Powered":1,"LightID":"L009193","Light_Source":"LED","Light_Type":"Cobra","Lighting_Type":"LED-Powered Lamp","Verification_Date":null},"id":"stl-city-public-streetlights:2:116468","sourceLayerId":2,"sourceObjectId":116468,"sourceURL":"https://maps8.stlouis-mo.gov/arcgis/rest/services/STREETS/Streets_Permitting/MapServer/2","title":"Street light L009193"},"type":"Feature"},{"geometry":{"coordinates":[-90.2525400345788,38.58614689768987],"type":"Point"},"id":"stl-city-public-streetlights:2:116574","properties":{"address":null,"attributes":{"Date_Installed":null,"LED_Powered":1,"LightID":"L009299","Light_Source":"LED","Light_Type":"Cobra","Lighting_Type":"LED-Powered Lamp (Twin Lights)","Verification_Date":null},"id":"stl-city-public-streetlights:2:116574","sourceLayerId":2,"sourceObjectId":116574,"sourceURL":"https://maps8.stlouis-mo.gov/arcgis/rest/services/STREETS/Streets_Permitting/MapServer/2","title":"Street light L009299"},"type":"Feature"},{"geometry":{"coordinates":[-90.252773599531,38.58587303552509],"type":"Point"},"id":"stl-city-public-streetlights:2:116575","properties":{"address":null,"attributes":{"Date_Installed":null,"LED_Powered":1,"LightID":"L009300","Light_Source":"LED","Light_Type":"Cobra","Lighting_Type":"LED-Powered Lamp (Twin Lights)","Verification_Date":null},"id":"stl-city-public-streetlights:2:116575","sourceLayerId":2,"sourceObjectId":116575,"sourceURL":"https://maps8.stlouis-mo.gov/arcgis/rest/services/STREETS/Streets_Permitting/MapServer/2","title":"Street light L009300"},"type":"Feature"},{"geometry":{"coordinates":[-90.25293369232075,38.58552654329334],"type":"Point"},"id":"stl-city-public-streetlights:2:116576","properties":{"address":null,"attributes":{"Date_Installed":null,"LED_Powered":1,"LightID":"L009301","Light_Source":"LED","Light_Type":"Cobra","Lighting_Type":"LED-Powered Lamp","Verification_Date":null},"id":"stl-city-public-streetlights:2:116576","sourceLayerId":2,"sourceObjectId":116576,"sourceURL":"https://maps8.stlouis-mo.gov/arcgis/rest/services/STREETS/Streets_Permitting/MapServer/2","title":"Street light L009301"},"type":"Feature"},{"geometry":{"coordinates":[-90.25396380230814,38.5861260633298],"type":"Point"},"id":"stl-city-public-streetlights:2:116577","properties":{"address":null,"attributes":{"Date_Installed":null,"LED_Powered":1,"LightID":"L009302","Light_Source":"LED","Light_Type":"Cobra","Lighting_Type":"LED-Powered Lamp","Verification_Date":null},"id":"stl-city-public-streetlights:2:116577","sourceLayerId":2,"sourceObjectId":116577,"sourceURL":"https://maps8.stlouis-mo.gov/arcgis/rest/services/STREETS/Streets_Permitting/MapServer/2","title":"Street light L009302"},"type":"Feature"},{"geometry":{"coordinates":[-90.25368818090013,38.586443936496856],"type":"Point"},"id":"stl-city-public-streetlights:2:116578","properties":{"address":null,"attributes":{"Date_Installed":null,"LED_Powered":1,"LightID":"L009303","Light_Source":"LED","Light_Type":"Cobra","Lighting_Type":"LED-Powered Lamp","Verification_Date":null},"id":"stl-city-public-streetlights:2:116578","sourceLayerId":2,"sourceObjectId":116578,"sourceURL":"https://maps8.stlouis-mo.gov/arcgis/rest/services/STREETS/Streets_Permitting/MapServer/2","title":"Street light L009303"},"type":"Feature"},{"geometry":{"coordinates":[-90.25355841921035,38.58673541991077],"type":"Point"},"id":"stl-city-public-streetlights:2:116579","properties":{"address":null,"attributes":{"Date_Installed":null,"LED_Powered":1,"LightID":"L009304","Light_Source":"LED","Light_Type":"Cobra","Lighting_Type":"LED-Powered Lamp","Verification_Date":null},"id":"stl-city-public-streetlights:2:116579","sourceLayerId":2,"sourceObjectId":116579,"sourceURL":"https://maps8.stlouis-mo.gov/arcgis/rest/services/STREETS/Streets_Permitting/MapServer/2","title":"Street light L009304"},"type":"Feature"},{"geometry":{"coordinates":[-90.25350861743298,38.58708980828694],"type":"Point"},"id":"stl-city-public-streetlights:2:116580","properties":{"address":null,"attributes":{"Date_Installed":null,"LED_Powered":1,"LightID":"L009305","Light_Source":"LED","Light_Type":"Cobra","Lighting_Type":"LED-Powered Lamp","Verification_Date":null},"id":"stl-city-public-streetlights:2:116580","sourceLayerId":2,"sourceObjectId":116580,"sourceURL":"https://maps8.stlouis-mo.gov/arcgis/rest/services/STREETS/Streets_Permitting/MapServer/2","title":"Street light L009305"},"type":"Feature"},{"geometry":{"coordinates":[-90.2568206115521,38.58761630214782],"type":"Point"},"id":"stl-city-public-streetlights:2:116581","properties":{"address":null,"attributes":{"Date_Installed":null,"LED_Powered":1,"LightID":"L009306","Light_Source":"LED","Light_Type":"Cobra","Lighting_Type":"LED-Powered Lamp","Verification_Date":null},"id":"stl-city-public-streetlights:2:116581","sourceLayerId":2,"sourceObjectId":116581,"sourceURL":"https://maps8.stlouis-mo.gov/arcgis/rest/services/STREETS/Streets_Permitting/MapServer/2","title":"Street light L009306"},"type":"Feature"},{"geometry":{"coordinates":[-90.25634701954253,38.58756526062807],"type":"Point"},"id":"stl-city-public-streetlights:2:116582","properties":{"address":null,"attributes":{"Date_Installed":null,"LED_Powered":1,"LightID":"L009307","Light_Source":"LED","Light_Type":"Cobra","Lighting_Type":"LED-Powered Lamp","Verification_Date":null},"id":"stl-city-public-streetlights:2:116582","sourceLayerId":2,"sourceObjectId":116582,"sourceURL":"https://maps8.stlouis-mo.gov/arcgis/rest/services/STREETS/Streets_Permitting/MapServer/2","title":"Street light L009307"},"type":"Feature"},{"geometry":{"coordinates":[-90.25588058756266,38.58751613932652],"type":"Point"},"id":"stl-city-public-streetlights:2:116583","properties":{"address":null,"attributes":{"Date_Installed":null,"LED_Powered":1,"LightID":"L009308","Light_Source":"LED","Light_Type":"Cobra","Lighting_Type":"LED-Powered Lamp","Verification_Date":null},"id":"stl-city-public-streetlights:2:116583","sourceLayerId":2,"sourceObjectId":116583,"sourceURL":"https://maps8.stlouis-mo.gov/arcgis/rest/services/STREETS/Streets_Permitting/MapServer/2","title":"Street light L009308"},"type":"Feature"},{"geometry":{"coordinates":[-90.25544554195062,38.58747184840018],"type":"Point"},"id":"stl-city-public-streetlights:2:116584","properties":{"address":null,"attributes":{"Date_Installed":null,"LED_Powered":1,"LightID":"L009309","Light_Source":"LED","Light_Type":"Cobra","Lighting_Type":"LED-Powered Lamp","Verification_Date":null},"id":"stl-city-public-streetlights:2:116584","sourceLayerId":2,"sourceObjectId":116584,"sourceURL":"https://maps8.stlouis-mo.gov/arcgis/rest/services/STREETS/Streets_Permitting/MapServer/2","title":"Street light L009309"},"type":"Feature"},{"geometry":{"coordinates":[-90.25500236212214,38.58742658658163],"type":"Point"},"id":"stl-city-public-streetlights:2:116585","properties":{"address":null,"attributes":{"Date_Installed":null,"LED_Powered":1,"LightID":"L009310","Light_Source":"LED","Light_Type":"Cobra","Lighting_Type":"LED-Powered Lamp","Verification_Date":null},"id":"stl-city-public-streetlights:2:116585","sourceLayerId":2,"sourceObjectId":116585,"sourceURL":"https://maps8.stlouis-mo.gov/arcgis/rest/services/STREETS/Streets_Permitting/MapServer/2","title":"Street light L009310"},"type":"Feature"},{"geometry":{"coordinates":[-90.25456618729102,38.58737984769055],"type":"Point"},"id":"stl-city-public-streetlights:2:116586","properties":{"address":null,"attributes":{"Date_Installed":null,"LED_Powered":1,"LightID":"L009311","Light_Source":"LED","Light_Type":"Cobra","Lighting_Type":"LED-Powered Lamp","Verification_Date":null},"id":"stl-city-public-streetlights:2:116586","sourceLayerId":2,"sourceObjectId":116586,"sourceURL":"https://maps8.stlouis-mo.gov/arcgis/rest/services/STREETS/Streets_Permitting/MapServer/2","title":"Street light L009311"},"type":"Feature"},{"geometry":{"coordinates":[-90.25411832752378,38.587331294345525],"type":"Point"},"id":"stl-city-public-streetlights:2:116587","properties":{"address":null,"attributes":{"Date_Installed":null,"LED_Powered":1,"LightID":"L009312","Light_Source":"LED","Light_Type":"Cobra","Lighting_Type":"LED-Powered Lamp","Verification_Date":null},"id":"stl-city-public-streetlights:2:116587","sourceLayerId":2,"sourceObjectId":116587,"sourceURL":"https://maps8.stlouis-mo.gov/arcgis/rest/services/STREETS/Streets_Permitting/MapServer/2","title":"Street light L009312"},"type":"Feature"},{"geometry":{"coordinates":[-90.25364811799471,38.587286447187104],"type":"Point"},"id":"stl-city-public-streetlights:2:116588","properties":{"address":null,"attributes":{"Date_Installed":null,"LED_Powered":1,"LightID":"L009313","Light_Source":"LED","Light_Type":"Cobra","Lighting_Type":"LED-Powered Lamp","Verification_Date":null},"id":"stl-city-public-streetlights:2:116588","sourceLayerId":2,"sourceObjectId":116588,"sourceURL":"https://maps8.stlouis-mo.gov/arcgis/rest/services/STREETS/Streets_Permitting/MapServer/2","title":"Street light L009313"},"type":"Feature"},{"geometry":{"coordinates":[-90.25324252883252,38.587243640695874],"type":"Point"},"id":"stl-city-public-streetlights:2:116589","properties":{"address":null,"attributes":{"Date_Installed":null,"LED_Powered":1,"LightID":"L009314","Light_Source":"LED","Light_Type":"Cobra","Lighting_Type":"LED-Powered Lamp","Verification_Date":null},"id":"stl-city-public-streetlights:2:116589","sourceLayerId":2,"sourceObjectId":116589,"sourceURL":"https://maps8.stlouis-mo.gov/arcgis/rest/services/STREETS/Streets_Permitting/MapServer/2","title":"Street light L009314"},"type":"Feature"},{"geometry":{"coordinates":[-90.25276165050684,38.58719304678459],"type":"Point"},"id":"stl-city-public-streetlights:2:116590","properties":{"address":null,"attributes":{"Date_Installed":null,"LED_Powered":1,"LightID":"L009315","Light_Source":"LED","Light_Type":"Cobra","Lighting_Type":"LED-Powered Lamp","Verification_Date":null},"id":"stl-city-public-streetlights:2:116590","sourceLayerId":2,"sourceObjectId":116590,"sourceURL":"https://maps8.stlouis-mo.gov/arcgis/rest/services/STREETS/Streets_Permitting/MapServer/2","title":"Street light L009315"},"type":"Feature"},{"geometry":{"coordinates":[-90.25230117435048,38.58714440037658],"type":"Point"},"id":"stl-city-public-streetlights:2:116591","properties":{"address":null,"attributes":{"Date_Installed":null,"LED_Powered":1,"LightID":"L009316","Light_Source":"LED","Light_Type":"Cobra","Lighting_Type":"LED-Powered Lamp","Verification_Date":null},"id":"stl-city-public-streetlights:2:116591","sourceLayerId":2,"sourceObjectId":116591,"sourceURL":"https://maps8.stlouis-mo.gov/arcgis/rest/services/STREETS/Streets_Permitting/MapServer/2","title":"Street light L009316"},"type":"Feature"},{"geometry":{"coordinates":[-90.2544845840419,38.587477292379376],"type":"Point"},"id":"stl-city-public-streetlights:2:116592","properties":{"address":null,"attributes":{"Date_Installed":null,"LED_Powered":1,"LightID":"L009317","Light_Source":"LED","Light_Type":"Cobra","Lighting_Type":"LED-Powered Lamp","Verification_Date":null},"id":"stl-city-public-streetlights:2:116592","sourceLayerId":2,"sourceObjectId":116592,"sourceURL":"https://maps8.stlouis-mo.gov/arcgis/rest/services/STREETS/Streets_Permitting/MapServer/2","title":"Street light L009317"},"type":"Feature"},{"geometry":{"coordinates":[-90.25442131262768,38.587864165332384],"type":"Point"},"id":"stl-city-public-streetlights:2:116593","properties":{"address":null,"attributes":{"Date_Installed":null,"LED_Powered":1,"LightID":"L009318","Light_Source":"LED","Light_Type":"Cobra","Lighting_Type":"LED-Powered Lamp","Verification_Date":null},"id":"stl-city-public-streetlights:2:116593","sourceLayerId":2,"sourceObjectId":116593,"sourceURL":"https://maps8.stlouis-mo.gov/arcgis/rest/services/STREETS/Streets_Permitting/MapServer/2","title":"Street light L009318"},"type":"Feature"},{"geometry":{"coordinates":[-90.25436738761823,38.58818155181245],"type":"Point"},"id":"stl-city-public-streetlights:2:116594","properties":{"address":null,"attributes":{"Date_Installed":null,"LED_Powered":1,"LightID":"L009319","Light_Source":"LED","Light_Type":"Cobra","Lighting_Type":"LED-Powered Lamp","Verification_Date":null},"id":"stl-city-public-streetlights:2:116594","sourceLayerId":2,"sourceObjectId":116594,"sourceURL":"https://maps8.stlouis-mo.gov/arcgis/rest/services/STREETS/Streets_Permitting/MapServer/2","title":"Street light L009319"},"type":"Feature"},{"geometry":{"coordinates":[-90.25431155685733,38.58852348550118],"type":"Point"},"id":"stl-city-public-streetlights:2:116595","properties":{"address":null,"attributes":{"Date_Installed":null,"LED_Powered":1,"LightID":"L009320","Light_Source":"LED","Light_Type":"Cobra","Lighting_Type":"LED-Powered Lamp","Verification_Date":null},"id":"stl-city-public-streetlights:2:116595","sourceLayerId":2,"sourceObjectId":116595,"sourceURL":"https://maps8.stlouis-mo.gov/arcgis/rest/services/STREETS/Streets_Permitting/MapServer/2","title":"Street light L009320"},"type":"Feature"},{"geometry":{"coordinates":[-90.25425501874516,38.588894640960454],"type":"Point"},"id":"stl-city-public-streetlights:2:116596","properties":{"address":null,"attributes":{"Date_Installed":null,"LED_Powered":1,"LightID":"L009321","Light_Source":"LED","Light_Type":"Cobra","Lighting_Type":"LED-Powered Lamp","Verification_Date":null},"id":"stl-city-public-streetlights:2:116596","sourceLayerId":2,"sourceObjectId":116596,"sourceURL":"https://maps8.stlouis-mo.gov/arcgis/rest/services/STREETS/Streets_Permitting/MapServer/2","title":"Street light L009321"},"type":"Feature"},{"geometry":{"coordinates":[-90.25420302777846,38.58917894592048],"type":"Point"},"id":"stl-city-public-streetlights:2:116597","properties":{"address":null,"attributes":{"Date_Installed":null,"LED_Powered":1,"LightID":"L009322","Light_Source":"LED","Light_Type":"Cobra","Lighting_Type":"LED-Powered Lamp","Verification_Date":null},"id":"stl-city-public-streetlights:2:116597","sourceLayerId":2,"sourceObjectId":116597,"sourceURL":"https://maps8.stlouis-mo.gov/arcgis/rest/services/STREETS/Streets_Permitting/MapServer/2","title":"Street light L009322"},"type":"Feature"},{"geometry":{"coordinates":[-90.25707712237795,38.588618674121726],"type":"Point"},"id":"stl-city-public-streetlights:2:116598","properties":{"address":null,"attributes":{"Date_Installed":null,"LED_Powered":1,"LightID":"L009323","Light_Source":"LED","Light_Type":"Cobra","Lighting_Type":"LED-Powered Lamp","Verification_Date":null},"id":"stl-city-public-streetlights:2:116598","sourceLayerId":2,"sourceObjectId":116598,"sourceURL":"https://maps8.stlouis-mo.gov/arcgis/rest/services/STREETS/Streets_Permitting/MapServer/2","title":"Street light L009323"},"type":"Feature"},{"geometry":{"coordinates":[-90.25659623855009,38.588566188752324],"type":"Point"},"id":"stl-city-public-streetlights:2:116599","properties":{"address":null,"attributes":{"Date_Installed":null,"LED_Powered":1,"LightID":"L009324","Light_Source":"LED","Light_Type":"Cobra","Lighting_Type":"LED-Powered Lamp","Verification_Date":null},"id":"stl-city-public-streetlights:2:116599","sourceLayerId":2,"sourceObjectId":116599,"sourceURL":"https://maps8.stlouis-mo.gov/arcgis/rest/services/STREETS/Streets_Permitting/MapServer/2","title":"Street light L009324"},"type":"Feature"},{"geometry":{"coordinates":[-90.25627321408938,38.588533098635985],"type":"Point"},"id":"stl-city-public-streetlights:2:116600","properties":{"address":null,"attributes":{"Date_Installed":null,"LED_Powered":1,"LightID":"L009325","Light_Source":"LED","Light_Type":"Cobra","Lighting_Type":"LED-Powered Lamp","Verification_Date":null},"id":"stl-city-public-streetlights:2:116600","sourceLayerId":2,"sourceObjectId":116600,"sourceURL":"https://maps8.stlouis-mo.gov/arcgis/rest/services/STREETS/Streets_Permitting/MapServer/2","title":"Street light L009325"},"type":"Feature"},{"geometry":{"coordinates":[-90.25572139396961,38.58847855473208],"type":"Point"},"id":"stl-city-public-streetlights:2:116601","properties":{"address":null,"attributes":{"Date_Installed":null,"LED_Powered":1,"LightID":"L009326","Light_Source":"LED","Light_Type":"Cobra","Lighting_Type":"LED-Powered Lamp","Verification_Date":null},"id":"stl-city-public-streetlights:2:116601","sourceLayerId":2,"sourceObjectId":116601,"sourceURL":"https://maps8.stlouis-mo.gov/arcgis/rest/services/STREETS/Streets_Permitting/MapServer/2","title":"Street light L009326"},"type":"Feature"},{"geometry":{"coordinates":[-90.25527208395735,38.588429944216756],"type":"Point"},"id":"stl-city-public-streetlights:2:116602","properties":{"address":null,"attributes":{"Date_Installed":null,"LED_Powered":1,"LightID":"L009327","Light_Source":"LED","Light_Type":"Cobra","Lighting_Type":"LED-Powered Lamp","Verification_Date":null},"id":"stl-city-public-streetlights:2:116602","sourceLayerId":2,"sourceObjectId":116602,"sourceURL":"https://maps8.stlouis-mo.gov/arcgis/rest/services/STREETS/Streets_Permitting/MapServer/2","title":"Street light L009327"},"type":"Feature"},{"geometry":{"coordinates":[-90.25481500680777,38.58837940760547],"type":"Point"},"id":"stl-city-public-streetlights:2:116603","properties":{"address":null,"attributes":{"Date_Installed":null,"LED_Powered":1,"LightID":"L009328","Light_Source":"LED","Light_Type":"Cobra","Lighting_Type":"LED-Powered Lamp","Verification_Date":null},"id":"stl-city-public-streetlights:2:116603","sourceLayerId":2,"sourceObjectId":116603,"sourceURL":"https://maps8.stlouis-mo.gov/arcgis/rest/services/STREETS/Streets_Permitting/MapServer/2","title":"Street light L009328"},"type":"Feature"},{"geometry":{"coordinates":[-90.25439725568235,38.58833848683658],"type":"Point"},"id":"stl-city-public-streetlights:2:116604","properties":{"address":null,"attributes":{"Date_Installed":null,"LED_Powered":1,"LightID":"L009329","Light_Source":"LED","Light_Type":"Cobra","Lighting_Type":"LED-Powered Lamp","Verification_Date":null},"id":"stl-city-public-streetlights:2:116604","sourceLayerId":2,"sourceObjectId":116604,"sourceURL":"https://maps8.stlouis-mo.gov/arcgis/rest/services/STREETS/Streets_Permitting/MapServer/2","title":"Street light L009329"},"type":"Feature"},{"geometry":{"coordinates":[-90.25389937604157,38.58828404752278],"type":"Point"},"id":"stl-city-public-streetlights:2:116605","properties":{"address":null,"attributes":{"Date_Installed":null,"LED_Powered":1,"LightID":"L009330","Light_Source":"LED","Light_Type":"Cobra","Lighting_Type":"LED-Powered Lamp","Verification_Date":null},"id":"stl-city-public-streetlights:2:116605","sourceLayerId":2,"sourceObjectId":116605,"sourceURL":"https://maps8.stlouis-mo.gov/arcgis/rest/services/STREETS/Streets_Permitting/MapServer/2","title":"Street light L009330"},"type":"Feature"},{"geometry":{"coordinates":[-90.25342431474095,38.588235374864155],"type":"Point"},"id":"stl-city-public-streetlights:2:116606","properties":{"address":null,"attributes":{"Date_Installed":null,"LED_Powered":1,"LightID":"L009331","Light_Source":"LED","Light_Type":"Cobra","Lighting_Type":"LED-Powered Lamp","Verification_Date":null},"id":"stl-city-public-streetlights:2:116606","sourceLayerId":2,"sourceObjectId":116606,"sourceURL":"https://maps8.stlouis-mo.gov/arcgis/rest/services/STREETS/Streets_Permitting/MapServer/2","title":"Street light L009331"},"type":"Feature"},{"geometry":{"coordinates":[-90.25295958525095,38.58818952297541],"type":"Point"},"id":"stl-city-public-streetlights:2:116607","properties":{"address":null,"attributes":{"Date_Installed":null,"LED_Powered":1,"LightID":"L009332","Light_Source":"LED","Light_Type":"Cobra","Lighting_Type":"LED-Powered Lamp","Verification_Date":null},"id":"stl-city-public-streetlights:2:116607","sourceLayerId":2,"sourceObjectId":116607,"sourceURL":"https://maps8.stlouis-mo.gov/arcgis/rest/services/STREETS/Streets_Permitting/MapServer/2","title":"Street light L009332"},"type":"Feature"},{"geometry":{"coordinates":[-90.25251475470093,38.58814180502168],"type":"Point"},"id":"stl-city-public-streetlights:2:116608","properties":{"address":null,"attributes":{"Date_Installed":null,"LED_Powered":1,"LightID":"L009333","Light_Source":"LED","Light_Type":"Cobra","Lighting_Type":"LED-Powered Lamp","Verification_Date":null},"id":"stl-city-public-streetlights:2:116608","sourceLayerId":2,"sourceObjectId":116608,"sourceURL":"https://maps8.stlouis-mo.gov/arcgis/rest/services/STREETS/Streets_Permitting/MapServer/2","title":"Street light L009333"},"type":"Feature"},{"geometry":{"coordinates":[-90.25207099378797,38.588097304747656],"type":"Point"},"id":"stl-city-public-streetlights:2:116609","properties":{"address":null,"attributes":{"Date_Installed":null,"LED_Powered":1,"LightID":"L009334","Light_Source":"LED","Light_Type":"Cobra","Lighting_Type":"LED-Powered Lamp","Verification_Date":null},"id":"stl-city-public-streetlights:2:116609","sourceLayerId":2,"sourceObjectId":116609,"sourceURL":"https://maps8.stlouis-mo.gov/arcgis/rest/services/STREETS/Streets_Permitting/MapServer/2","title":"Street light L009334"},"type":"Feature"},{"geometry":{"coordinates":[-90.25206708516897,38.587223841357826],"type":"Point"},"id":"stl-city-public-streetlights:2:116610","properties":{"address":null,"attributes":{"Date_Installed":null,"LED_Powered":1,"LightID":"L009335","Light_Source":"LED","Light_Type":"Cobra","Lighting_Type":"LED-Powered Lamp (Twin Lights)","Verification_Date":null},"id":"stl-city-public-streetlights:2:116610","sourceLayerId":2,"sourceObjectId":116610,"sourceURL":"https://maps8.stlouis-mo.gov/arcgis/rest/services/STREETS/Streets_Permitting/MapServer/2","title":"Street light L009335"},"type":"Feature"},{"geometry":{"coordinates":[-90.25200247660285,38.58760699216852],"type":"Point"},"id":"stl-city-public-streetlights:2:116611","properties":{"address":null,"attributes":{"Date_Installed":null,"LED_Powered":1,"LightID":"L009336","Light_Source":"LED","Light_Type":"Cobra","Lighting_Type":"LED-Powered Lamp (Twin Lights)","Verification_Date":null},"id":"stl-city-public-streetlights:2:116611","sourceLayerId":2,"sourceObjectId":116611,"sourceURL":"https://maps8.stlouis-mo.gov/arcgis/rest/services/STREETS/Streets_Permitting/MapServer/2","title":"Street light L009336"},"type":"Feature"},{"geometry":{"coordinates":[-90.25194557762889,38.58793867297705],"type":"Point"},"id":"stl-city-public-streetlights:2:116612","properties":{"address":null,"attributes":{"Date_Installed":null,"LED_Powered":1,"LightID":"L009337","Light_Source":"LED","Light_Type":"Cobra","Lighting_Type":"LED-Powered Lamp (Twin Lights)","Verification_Date":null},"id":"stl-city-public-streetlights:2:116612","sourceLayerId":2,"sourceObjectId":116612,"sourceURL":"https://maps8.stlouis-mo.gov/arcgis/rest/services/STREETS/Streets_Permitting/MapServer/2","title":"Street light L009337"},"type":"Feature"},{"geometry":{"coordinates":[-90.25189883800797,38.58828324639367],"type":"Point"},"id":"stl-city-public-streetlights:2:116613","properties":{"address":null,"attributes":{"Date_Installed":null,"LED_Powered":1,"LightID":"L009338","Light_Source":"LED","Light_Type":"Cobra","Lighting_Type":"LED-Powered Lamp (Twin Lights)","Verification_Date":null},"id":"stl-city-public-streetlights:2:116613","sourceLayerId":2,"sourceObjectId":116613,"sourceURL":"https://maps8.stlouis-mo.gov/arcgis/rest/services/STREETS/Streets_Permitting/MapServer/2","title":"Street light L009338"},"type":"Feature"},{"geometry":{"coordinates":[-90.25184115875993,38.588629227200784],"type":"Point"},"id":"stl-city-public-streetlights:2:116614","properties":{"address":null,"attributes":{"Date_Installed":null,"LED_Powered":1,"LightID":"L009339","Light_Source":"LED","Light_Type":"Cobra","Lighting_Type":"LED-Powered Lamp (Twin Lights)","Verification_Date":null},"id":"stl-city-public-streetlights:2:116614","sourceLayerId":2,"sourceObjectId":116614,"sourceURL":"https://maps8.stlouis-mo.gov/arcgis/rest/services/STREETS/Streets_Permitting/MapServer/2","title":"Street light L009339"},"type":"Feature"},{"geometry":{"coordinates":[-90.25178034479904,38.58898169677853],"type":"Point"},"id":"stl-city-public-streetlights:2:116615","properties":{"address":null,"attributes":{"Date_Installed":null,"LED_Powered":1,"LightID":"L009340","Light_Source":"LED","Light_Type":"Cobra","Lighting_Type":"LED-Powered Lamp (Twin Lights)","Verification_Date":null},"id":"stl-city-public-streetlights:2:116615","sourceLayerId":2,"sourceObjectId":116615,"sourceURL":"https://maps8.stlouis-mo.gov/arcgis/rest/services/STREETS/Streets_Permitting/MapServer/2","title":"Street light L009340"},"type":"Feature"},{"geometry":{"coordinates":[-90.25161881024884,38.588046587644946],"type":"Point"},"id":"stl-city-public-streetlights:2:116616","properties":{"address":null,"attributes":{"Date_Installed":null,"LED_Powered":1,"LightID":"L009341","Light_Source":"LED","Light_Type":"Cobra","Lighting_Type":"LED-Powered Lamp","Verification_Date":null},"id":"stl-city-public-streetlights:2:116616","sourceLayerId":2,"sourceObjectId":116616,"sourceURL":"https://maps8.stlouis-mo.gov/arcgis/rest/services/STREETS/Streets_Permitting/MapServer/2","title":"Street light L009341"},"type":"Feature"},{"geometry":{"coordinates":[-90.25162725461736,38.58790504306969],"type":"Point"},"id":"stl-city-public-streetlights:2:116617","properties":{"address":null,"attributes":{"Date_Installed":null,"LED_Powered":1,"LightID":"L009342","Light_Source":"LED","Light_Type":"Cobra","Lighting_Type":"LED-Powered Lamp","Verification_Date":null},"id":"stl-city-public-streetlights:2:116617","sourceLayerId":2,"sourceObjectId":116617,"sourceURL":"https://maps8.stlouis-mo.gov/arcgis/rest/services/STREETS/Streets_Permitting/MapServer/2","title":"Street light L009342"},"type":"Feature"},{"geometry":{"coordinates":[-90.25109967762246,38.58799161474418],"type":"Point"},"id":"stl-city-public-streetlights:2:116618","properties":{"address":null,"attributes":{"Date_Installed":null,"LED_Powered":1,"LightID":"L009343","Light_Source":"LED","Light_Type":"Cobra","Lighting_Type":"LED-Powered Lamp","Verification_Date":null},"id":"stl-city-public-streetlights:2:116618","sourceLayerId":2,"sourceObjectId":116618,"sourceURL":"https://maps8.stlouis-mo.gov/arcgis/rest/services/STREETS/Streets_Permitting/MapServer/2","title":"Street light L009343"},"type":"Feature"},{"geometry":{"coordinates":[-90.25063700927547,38.58794343460405],"type":"Point"},"id":"stl-city-public-streetlights:2:116619","properties":{"address":null,"attributes":{"Date_Installed":null,"LED_Powered":1,"LightID":"L009344","Light_Source":"LED","Light_Type":"Cobra","Lighting_Type":"LED-Powered Lamp","Verification_Date":null},"id":"stl-city-public-streetlights:2:116619","sourceLayerId":2,"sourceObjectId":116619,"sourceURL":"https://maps8.stlouis-mo.gov/arcgis/rest/services/STREETS/Streets_Permitting/MapServer/2","title":"Street light L009344"},"type":"Feature"},{"geometry":{"coordinates":[-90.2508308298013,38.58784801264146],"type":"Point"},"id":"stl-city-public-streetlights:2:116620","properties":{"address":null,"attributes":{"Date_Installed":null,"LED_Powered":1,"LightID":"L009345","Light_Source":"LED","Light_Type":"Cobra","Lighting_Type":"LED-Powered Lamp","Verification_Date":null},"id":"stl-city-public-streetlights:2:116620","sourceLayerId":2,"sourceObjectId":116620,"sourceURL":"https://maps8.stlouis-mo.gov/arcgis/rest/services/STREETS/Streets_Permitting/MapServer/2","title":"Street light L009345"},"type":"Feature"},{"geometry":{"coordinates":[-90.25017050426885,38.587898593080986],"type":"Point"},"id":"stl-city-public-streetlights:2:116621","properties":{"address":null,"attributes":{"Date_Installed":null,"LED_Powered":1,"LightID":"L009346","Light_Source":"LED","Light_Type":"Cobra","Lighting_Type":"LED-Powered Lamp","Verification_Date":null},"id":"stl-city-public-streetlights:2:116621","sourceLayerId":2,"sourceObjectId":116621,"sourceURL":"https://maps8.stlouis-mo.gov/arcgis/rest/services/STREETS/Streets_Permitting/MapServer/2","title":"Street light L009346"},"type":"Feature"},{"geometry":{"coordinates":[-90.2505680854326,38.58913522786611],"type":"Point"},"id":"stl-city-public-streetlights:2:116641","properties":{"address":null,"attributes":{"Date_Installed":"1/2020","LED_Powered":1,"LightID":"L009366","Light_Source":"LED","Light_Type":"Cobra","Lighting_Type":"LED-Powered Lamp","Verification_Date":null},"id":"stl-city-public-streetlights:2:116641","sourceLayerId":2,"sourceObjectId":116641,"sourceURL":"https://maps8.stlouis-mo.gov/arcgis/rest/services/STREETS/Streets_Permitting/MapServer/2","title":"Street light L009366"},"type":"Feature"},{"geometry":{"coordinates":[-90.25124221448192,38.58920543079448],"type":"Point"},"id":"stl-city-public-streetlights:2:116642","properties":{"address":null,"attributes":{"Date_Installed":"2020-10-02","LED_Powered":1,"LightID":"L009367","Light_Source":"LED","Light_Type":"Cobra","Lighting_Type":"5G Pole - 5G Pole -5G Pole - 1A","Verification_Date":null},"id":"stl-city-public-streetlights:2:116642","sourceLayerId":2,"sourceObjectId":116642,"sourceURL":"https://maps8.stlouis-mo.gov/arcgis/rest/services/STREETS/Streets_Permitting/MapServer/2","title":"Street light L009367"},"type":"Feature"},{"geometry":{"coordinates":[-90.25192088384001,38.58928052502944],"type":"Point"},"id":"stl-city-public-streetlights:2:116643","properties":{"address":null,"attributes":{"Date_Installed":"1/2020","LED_Powered":1,"LightID":"L009368","Light_Source":"LED","Light_Type":"Cobra","Lighting_Type":"LED-Powered Lamp","Verification_Date":null},"id":"stl-city-public-streetlights:2:116643","sourceLayerId":2,"sourceObjectId":116643,"sourceURL":"https://maps8.stlouis-mo.gov/arcgis/rest/services/STREETS/Streets_Permitting/MapServer/2","title":"Street light L009368"},"type":"Feature"},{"geometry":{"coordinates":[-90.25255224518824,38.58934412167365],"type":"Point"},"id":"stl-city-public-streetlights:2:116644","properties":{"address":null,"attributes":{"Date_Installed":"1/2020","LED_Powered":1,"LightID":"L009369","Light_Source":"LED","Light_Type":"Cobra","Lighting_Type":"LED-Powered Lamp","Verification_Date":null},"id":"stl-city-public-streetlights:2:116644","sourceLayerId":2,"sourceObjectId":116644,"sourceURL":"https://maps8.stlouis-mo.gov/arcgis/rest/services/STREETS/Streets_Permitting/MapServer/2","title":"Street light L009369"},"type":"Feature"},{"geometry":{"coordinates":[-90.25321274252346,38.589414070019174],"type":"Point"},"id":"stl-city-public-streetlights:2:116645","properties":{"address":null,"attributes":{"Date_Installed":"1/2020","LED_Powered":1,"LightID":"L009370","Light_Source":"LED","Light_Type":"Cobra","Lighting_Type":"LED-Powered Lamp","Verification_Date":null},"id":"stl-city-public-streetlights:2:116645","sourceLayerId":2,"sourceObjectId":116645,"sourceURL":"https://maps8.stlouis-mo.gov/arcgis/rest/services/STREETS/Streets_Permitting/MapServer/2","title":"Street light L009370"},"type":"Feature"},{"geometry":{"coordinates":[-90.25386671627555,38.5894824747993],"type":"Point"},"id":"stl-city-public-streetlights:2:116646","properties":{"address":null,"attributes":{"Date_Installed":"1/2020","LED_Powered":1,"LightID":"L009371","Light_Source":"LED","Light_Type":"Cobra","Lighting_Type":"LED-Powered Lamp","Verification_Date":null},"id":"stl-city-public-streetlights:2:116646","sourceLayerId":2,"sourceObjectId":116646,"sourceURL":"https://maps8.stlouis-mo.gov/arcgis/rest/services/STREETS/Streets_Permitting/MapServer/2","title":"Street light L009371"},"type":"Feature"},{"geometry":{"coordinates":[-90.25461961817938,38.58956263648194],"type":"Point"},"id":"stl-city-public-streetlights:2:116647","properties":{"address":null,"attributes":{"Date_Installed":"1/2020","LED_Powered":1,"LightID":"L009372","Light_Source":"LED","Light_Type":"Cobra","Lighting_Type":"LED-Powered Lamp","Verification_Date":null},"id":"stl-city-public-streetlights:2:116647","sourceLayerId":2,"sourceObjectId":116647,"sourceURL":"https://maps8.stlouis-mo.gov/arcgis/rest/services/STREETS/Streets_Permitting/MapServer/2","title":"Street light L009372"},"type":"Feature"},{"geometry":{"coordinates":[-90.25511788248762,38.58961168527061],"type":"Point"},"id":"stl-city-public-streetlights:2:116648","properties":{"address":null,"attributes":{"Date_Installed":"1/2020","LED_Powered":1,"LightID":"L009373","Light_Source":"LED","Light_Type":"Cobra","Lighting_Type":"LED-Powered Lamp","Verification_Date":null},"id":"stl-city-public-streetlights:2:116648","sourceLayerId":2,"sourceObjectId":116648,"sourceURL":"https://maps8.stlouis-mo.gov/arcgis/rest/services/STREETS/Streets_Permitting/MapServer/2","title":"Street light L009373"},"type":"Feature"},{"geometry":{"coordinates":[-90.25591296581372,38.58969165571391],"type":"Point"},"id":"stl-city-public-streetlights:2:116649","properties":{"address":null,"attributes":{"Date_Installed":null,"LED_Powered":0,"LightID":"L009374","Light_Source":"LED","Light_Type":"Cobra","Lighting_Type":"LED-Powered Lamp","Verification_Date":null},"id":"stl-city-public-streetlights:2:116649","sourceLayerId":2,"sourceObjectId":116649,"sourceURL":"https://maps8.stlouis-mo.gov/arcgis/rest/services/STREETS/Streets_Permitting/MapServer/2","title":"Street light L009374"},"type":"Feature"},{"geometry":{"coordinates":[-90.25647440563685,38.58975117636764],"type":"Point"},"id":"stl-city-public-streetlights:2:116650","properties":{"address":null,"attributes":{"Date_Installed":null,"LED_Powered":0,"LightID":"L009375","Light_Source":"LED","Light_Type":"Cobra","Lighting_Type":"LED-Powered Lamp","Verification_Date":null},"id":"stl-city-public-streetlights:2:116650","sourceLayerId":2,"sourceObjectId":116650,"sourceURL":"https://maps8.stlouis-mo.gov/arcgis/rest/services/STREETS/Streets_Permitting/MapServer/2","title":"Street light L009375"},"type":"Feature"},{"geometry":{"coordinates":[-90.25711013179938,38.58981768993079],"type":"Point"},"id":"stl-city-public-streetlights:2:116651","properties":{"address":null,"attributes":{"Date_Installed":null,"LED_Powered":0,"LightID":"L009376","Light_Source":"LED","Light_Type":"Cobra","Lighting_Type":"LED-Powered Lamp","Verification_Date":null},"id":"stl-city-public-streetlights:2:116651","sourceLayerId":2,"sourceObjectId":116651,"sourceURL":"https://maps8.stlouis-mo.gov/arcgis/rest/services/STREETS/Streets_Permitting/MapServer/2","title":"Street light L009376"},"type":"Feature"},{"geometry":{"coordinates":[-90.25808774268472,38.58970831604943],"type":"Point"},"id":"stl-city-public-streetlights:2:116652","properties":{"address":null,"attributes":{"Date_Installed":null,"LED_Powered":1,"LightID":"L009377","Light_Source":"LED","Light_Type":"Cobra","Lighting_Type":"LED-Powered Lamp","Verification_Date":null},"id":"stl-city-public-streetlights:2:116652","sourceLayerId":2,"sourceObjectId":116652,"sourceURL":"https://maps8.stlouis-mo.gov/arcgis/rest/services/STREETS/Streets_Permitting/MapServer/2","title":"Street light L009377"},"type":"Feature"},{"geometry":{"coordinates":[-90.25741917002387,38.58965290724125],"type":"Point"},"id":"stl-city-public-streetlights:2:116653","properties":{"address":null,"attributes":{"Date_Installed":null,"LED_Powered":1,"LightID":"L009378","Light_Source":"LED","Light_Type":"Cobra","Lighting_Type":"LED-Powered Lamp","Verification_Date":null},"id":"stl-city-public-streetlights:2:116653","sourceLayerId":2,"sourceObjectId":116653,"sourceURL":"https://maps8.stlouis-mo.gov/arcgis/rest/services/STREETS/Streets_Permitting/MapServer/2","title":"Street light L009378"},"type":"Feature"},{"geometry":{"coordinates":[-90.25681843324118,38.58959171218403],"type":"Point"},"id":"stl-city-public-streetlights:2:116654","properties":{"address":null,"attributes":{"Date_Installed":null,"LED_Powered":1,"LightID":"L009379","Light_Source":"LED","Light_Type":"Cobra","Lighting_Type":"LED-Powered Lamp","Verification_Date":null},"id":"stl-city-public-streetlights:2:116654","sourceLayerId":2,"sourceObjectId":116654,"sourceURL":"https://maps8.stlouis-mo.gov/arcgis/rest/services/STREETS/Streets_Permitting/MapServer/2","title":"Street light L009379"},"type":"Feature"},{"geometry":{"coordinates":[-90.25619856343168,38.589522846293924],"type":"Point"},"id":"stl-city-public-streetlights:2:117116","properties":{"address":null,"attributes":{"Date_Installed":null,"LED_Powered":1,"LightID":"L009841","Light_Source":"LED","Light_Type":"Cobra","Lighting_Type":"LED-Powered Lamp","Verification_Date":null},"id":"stl-city-public-streetlights:2:117116","sourceLayerId":2,"sourceObjectId":117116,"sourceURL":"https://maps8.stlouis-mo.gov/arcgis/rest/services/STREETS/Streets_Permitting/MapServer/2","title":"Street light L009841"},"type":"Feature"},{"geometry":{"coordinates":[-90.25488105798901,38.58936657343309],"type":"Point"},"id":"stl-city-public-streetlights:2:117117","properties":{"address":null,"attributes":{"Date_Installed":null,"LED_Powered":1,"LightID":"L009842","Light_Source":"LED","Light_Type":"Cobra","Lighting_Type":"LED-Powered Lamp","Verification_Date":null},"id":"stl-city-public-streetlights:2:117117","sourceLayerId":2,"sourceObjectId":117117,"sourceURL":"https://maps8.stlouis-mo.gov/arcgis/rest/services/STREETS/Streets_Permitting/MapServer/2","title":"Street light L009842"},"type":"Feature"},{"geometry":{"coordinates":[-90.25423051271567,38.58930732742668],"type":"Point"},"id":"stl-city-public-streetlights:2:117118","properties":{"address":null,"attributes":{"Date_Installed":null,"LED_Powered":1,"LightID":"L009843","Light_Source":"LED","Light_Type":"Cobra","Lighting_Type":"LED-Powered Lamp","Verification_Date":null},"id":"stl-city-public-streetlights:2:117118","sourceLayerId":2,"sourceObjectId":117118,"sourceURL":"https://maps8.stlouis-mo.gov/arcgis/rest/services/STREETS/Streets_Permitting/MapServer/2","title":"Street light L009843"},"type":"Feature"},{"geometry":{"coordinates":[-90.25357766254751,38.58923463066608],"type":"Point"},"id":"stl-city-public-streetlights:2:117119","properties":{"address":null,"attributes":{"Date_Installed":null,"LED_Powered":1,"LightID":"L009844","Light_Source":"LED","Light_Type":"Cobra","Lighting_Type":"LED-Powered Lamp","Verification_Date":null},"id":"stl-city-public-streetlights:2:117119","sourceLayerId":2,"sourceObjectId":117119,"sourceURL":"https://maps8.stlouis-mo.gov/arcgis/rest/services/STREETS/Streets_Permitting/MapServer/2","title":"Street light L009844"},"type":"Feature"},{"geometry":{"coordinates":[-90.25288833825459,38.5891643523489],"type":"Point"},"id":"stl-city-public-streetlights:2:117120","properties":{"address":null,"attributes":{"Date_Installed":null,"LED_Powered":1,"LightID":"L009845","Light_Source":"LED","Light_Type":"Cobra","Lighting_Type":"LED-Powered Lamp","Verification_Date":null},"id":"stl-city-public-streetlights:2:117120","sourceLayerId":2,"sourceObjectId":117120,"sourceURL":"https://maps8.stlouis-mo.gov/arcgis/rest/services/STREETS/Streets_Permitting/MapServer/2","title":"Street light L009845"},"type":"Feature"},{"geometry":{"coordinates":[-90.25225102317752,38.589098407987514],"type":"Point"},"id":"stl-city-public-streetlights:2:117121","properties":{"address":null,"attributes":{"Date_Installed":null,"LED_Powered":1,"LightID":"L009846","Light_Source":"LED","Light_Type":"Cobra","Lighting_Type":"LED-Powered Lamp","Verification_Date":null},"id":"stl-city-public-streetlights:2:117121","sourceLayerId":2,"sourceObjectId":117121,"sourceURL":"https://maps8.stlouis-mo.gov/arcgis/rest/services/STREETS/Streets_Permitting/MapServer/2","title":"Street light L009846"},"type":"Feature"},{"geometry":{"coordinates":[-90.25162623123562,38.58903343357573],"type":"Point"},"id":"stl-city-public-streetlights:2:117122","properties":{"address":null,"attributes":{"Date_Installed":null,"LED_Powered":1,"LightID":"L009847","Light_Source":"LED","Light_Type":"Cobra","Lighting_Type":"LED-Powered Lamp","Verification_Date":null},"id":"stl-city-public-streetlights:2:117122","sourceLayerId":2,"sourceObjectId":117122,"sourceURL":"https://maps8.stlouis-mo.gov/arcgis/rest/services/STREETS/Streets_Permitting/MapServer/2","title":"Street light L009847"},"type":"Feature"},{"geometry":{"coordinates":[-90.25093256033523,38.58895887057142],"type":"Point"},"id":"stl-city-public-streetlights:2:117123","properties":{"address":null,"attributes":{"Date_Installed":null,"LED_Powered":1,"LightID":"L009848","Light_Source":"LED","Light_Type":"Cobra","Lighting_Type":"LED-Powered Lamp","Verification_Date":null},"id":"stl-city-public-streetlights:2:117123","sourceLayerId":2,"sourceObjectId":117123,"sourceURL":"https://maps8.stlouis-mo.gov/arcgis/rest/services/STREETS/Streets_Permitting/MapServer/2","title":"Street light L009848"},"type":"Feature"},{"geometry":{"coordinates":[-90.25026142596666,38.58888678306851],"type":"Point"},"id":"stl-city-public-streetlights:2:117124","properties":{"address":null,"attributes":{"Date_Installed":null,"LED_Powered":1,"LightID":"L009849","Light_Source":"LED","Light_Type":"Cobra","Lighting_Type":"LED-Powered Lamp","Verification_Date":null},"id":"stl-city-public-streetlights:2:117124","sourceLayerId":2,"sourceObjectId":117124,"sourceURL":"https://maps8.stlouis-mo.gov/arcgis/rest/services/STREETS/Streets_Permitting/MapServer/2","title":"Street light L009849"},"type":"Feature"},{"geometry":{"coordinates":[-90.25509592706625,38.58990374709676],"type":"Point"},"id":"stl-city-public-streetlights:2:117177","properties":{"address":null,"attributes":{"Date_Installed":"6/9/2017","LED_Powered":1,"LightID":"L009902","Light_Source":"LED","Light_Type":"Cobra","Lighting_Type":"LED-Powered Lamp","Verification_Date":null},"id":"stl-city-public-streetlights:2:117177","sourceLayerId":2,"sourceObjectId":117177,"sourceURL":"https://maps8.stlouis-mo.gov/arcgis/rest/services/STREETS/Streets_Permitting/MapServer/2","title":"Street light L009902"},"type":"Feature"},{"geometry":{"coordinates":[-90.25561731584607,38.58970175222383],"type":"Point"},"id":"stl-city-public-streetlights:2:117178","properties":{"address":null,"attributes":{"Date_Installed":"6/9/2017","LED_Powered":1,"LightID":"L009903","Light_Source":"LED","Light_Type":"Cobra","Lighting_Type":"LED-Powered Lamp","Verification_Date":null},"id":"stl-city-public-streetlights:2:117178","sourceLayerId":2,"sourceObjectId":117178,"sourceURL":"https://maps8.stlouis-mo.gov/arcgis/rest/services/STREETS/Streets_Permitting/MapServer/2","title":"Street light L009903"},"type":"Feature"},{"geometry":{"coordinates":[-90.25605355798494,38.58948599024547],"type":"Point"},"id":"stl-city-public-streetlights:2:117179","properties":{"address":null,"attributes":{"Date_Installed":"6/9/2017","LED_Powered":1,"LightID":"L009904","Light_Source":"LED","Light_Type":"Cobra","Lighting_Type":"LED-Powered Lamp","Verification_Date":null},"id":"stl-city-public-streetlights:2:117179","sourceLayerId":2,"sourceObjectId":117179,"sourceURL":"https://maps8.stlouis-mo.gov/arcgis/rest/services/STREETS/Streets_Permitting/MapServer/2","title":"Street light L009904"},"type":"Feature"},{"geometry":{"coordinates":[-90.25641274429468,38.58933418673748],"type":"Point"},"id":"stl-city-public-streetlights:2:117180","properties":{"address":null,"attributes":{"Date_Installed":"6/9/2017","LED_Powered":1,"LightID":"L009905","Light_Source":"LED","Light_Type":"Cobra","Lighting_Type":"LED-Powered Lamp","Verification_Date":null},"id":"stl-city-public-streetlights:2:117180","sourceLayerId":2,"sourceObjectId":117180,"sourceURL":"https://maps8.stlouis-mo.gov/arcgis/rest/services/STREETS/Streets_Permitting/MapServer/2","title":"Street light L009905"},"type":"Feature"},{"geometry":{"coordinates":[-90.25706397502279,38.589036990177846],"type":"Point"},"id":"stl-city-public-streetlights:2:117181","properties":{"address":null,"attributes":{"Date_Installed":"6/9/2017","LED_Powered":1,"LightID":"L009906","Light_Source":"LED","Light_Type":"Cobra","Lighting_Type":"LED-Powered Lamp","Verification_Date":null},"id":"stl-city-public-streetlights:2:117181","sourceLayerId":2,"sourceObjectId":117181,"sourceURL":"https://maps8.stlouis-mo.gov/arcgis/rest/services/STREETS/Streets_Permitting/MapServer/2","title":"Street light L009906"},"type":"Feature"},{"geometry":{"coordinates":[-90.25758653241793,38.58879971067842],"type":"Point"},"id":"stl-city-public-streetlights:2:117182","properties":{"address":null,"attributes":{"Date_Installed":"6/9/2017","LED_Powered":1,"LightID":"L009907","Light_Source":"LED","Light_Type":"Cobra","Lighting_Type":"LED-Powered Lamp","Verification_Date":null},"id":"stl-city-public-streetlights:2:117182","sourceLayerId":2,"sourceObjectId":117182,"sourceURL":"https://maps8.stlouis-mo.gov/arcgis/rest/services/STREETS/Streets_Permitting/MapServer/2","title":"Street light L009907"},"type":"Feature"},{"geometry":{"coordinates":[-90.25808030087231,38.588542585624644],"type":"Point"},"id":"stl-city-public-streetlights:2:117183","properties":{"address":null,"attributes":{"Date_Installed":"6/9/2017","LED_Powered":1,"LightID":"L009908","Light_Source":"LED","Light_Type":"Cobra","Lighting_Type":"LED-Powered Lamp","Verification_Date":null},"id":"stl-city-public-streetlights:2:117183","sourceLayerId":2,"sourceObjectId":117183,"sourceURL":"https://maps8.stlouis-mo.gov/arcgis/rest/services/STREETS/Streets_Permitting/MapServer/2","title":"Street light L009908"},"type":"Feature"},{"geometry":{"coordinates":[-90.25815952117371,38.58828460262346],"type":"Point"},"id":"stl-city-public-streetlights:2:117184","properties":{"address":null,"attributes":{"Date_Installed":"6/9/2017","LED_Powered":1,"LightID":"L009909","Light_Source":"LED","Light_Type":"Cobra","Lighting_Type":"LED-Powered Lamp","Verification_Date":null},"id":"stl-city-public-streetlights:2:117184","sourceLayerId":2,"sourceObjectId":117184,"sourceURL":"https://maps8.stlouis-mo.gov/arcgis/rest/services/STREETS/Streets_Permitting/MapServer/2","title":"Street light L009909"},"type":"Feature"},{"geometry":{"coordinates":[-90.25771129352586,38.58854635112059],"type":"Point"},"id":"stl-city-public-streetlights:2:117185","properties":{"address":null,"attributes":{"Date_Installed":"6/9/2017","LED_Powered":1,"LightID":"L009910","Light_Source":"LED","Light_Type":"Cobra","Lighting_Type":"LED-Powered Lamp","Verification_Date":null},"id":"stl-city-public-streetlights:2:117185","sourceLayerId":2,"sourceObjectId":117185,"sourceURL":"https://maps8.stlouis-mo.gov/arcgis/rest/services/STREETS/Streets_Permitting/MapServer/2","title":"Street light L009910"},"type":"Feature"},{"geometry":{"coordinates":[-90.25720908283903,38.588784626548964],"type":"Point"},"id":"stl-city-public-streetlights:2:117186","properties":{"address":null,"attributes":{"Date_Installed":"6/9/2017","LED_Powered":1,"LightID":"L009911","Light_Source":"LED","Light_Type":"Cobra","Lighting_Type":"LED-Powered Lamp","Verification_Date":null},"id":"stl-city-public-streetlights:2:117186","sourceLayerId":2,"sourceObjectId":117186,"sourceURL":"https://maps8.stlouis-mo.gov/arcgis/rest/services/STREETS/Streets_Permitting/MapServer/2","title":"Street light L009911"},"type":"Feature"},{"geometry":{"coordinates":[-90.2566904878236,38.58901714595262],"type":"Point"},"id":"stl-city-public-streetlights:2:117187","properties":{"address":null,"attributes":{"Date_Installed":"6/9/2017","LED_Powered":1,"LightID":"L009912","Light_Source":"LED","Light_Type":"Cobra","Lighting_Type":"LED-Powered Lamp","Verification_Date":null},"id":"stl-city-public-streetlights:2:117187","sourceLayerId":2,"sourceObjectId":117187,"sourceURL":"https://maps8.stlouis-mo.gov/arcgis/rest/services/STREETS/Streets_Permitting/MapServer/2","title":"Street light L009912"},"type":"Feature"},{"geometry":{"coordinates":[-90.25613207502673,38.58925851788655],"type":"Point"},"id":"stl-city-public-streetlights:2:117188","properties":{"address":null,"attributes":{"Date_Installed":"6/9/2017","LED_Powered":1,"LightID":"L009913","Light_Source":"LED","Light_Type":"Cobra","Lighting_Type":"LED-Powered Lamp","Verification_Date":null},"id":"stl-city-public-streetlights:2:117188","sourceLayerId":2,"sourceObjectId":117188,"sourceURL":"https://maps8.stlouis-mo.gov/arcgis/rest/services/STREETS/Streets_Permitting/MapServer/2","title":"Street light L009913"},"type":"Feature"},{"geometry":{"coordinates":[-90.25567250921824,38.58945659191469],"type":"Point"},"id":"stl-city-public-streetlights:2:117189","properties":{"address":null,"attributes":{"Date_Installed":"6/9/2017","LED_Powered":1,"LightID":"L009914","Light_Source":"LED","Light_Type":"Cobra","Lighting_Type":"LED-Powered Lamp","Verification_Date":null},"id":"stl-city-public-streetlights:2:117189","sourceLayerId":2,"sourceObjectId":117189,"sourceURL":"https://maps8.stlouis-mo.gov/arcgis/rest/services/STREETS/Streets_Permitting/MapServer/2","title":"Street light L009914"},"type":"Feature"},{"geometry":{"coordinates":[-90.25473872258979,38.5898732037308],"type":"Point"},"id":"stl-city-public-streetlights:2:117190","properties":{"address":null,"attributes":{"Date_Installed":"6/9/2017","LED_Powered":1,"LightID":"L009915","Light_Source":"LED","Light_Type":"Cobra","Lighting_Type":"LED-Powered Lamp","Verification_Date":null},"id":"stl-city-public-streetlights:2:117190","sourceLayerId":2,"sourceObjectId":117190,"sourceURL":"https://maps8.stlouis-mo.gov/arcgis/rest/services/STREETS/Streets_Permitting/MapServer/2","title":"Street light L009915"},"type":"Feature"},{"geometry":{"coordinates":[-90.25070979138869,38.58921571412696],"type":"Point"},"id":"stl-city-public-streetlights:2:117360","properties":{"address":null,"attributes":{"Date_Installed":"1/2017","LED_Powered":1,"LightID":"L010085","Light_Source":"LED","Light_Type":"Cobra","Lighting_Type":"LED-Powered Lamp","Verification_Date":null},"id":"stl-city-public-streetlights:2:117360","sourceLayerId":2,"sourceObjectId":117360,"sourceURL":"https://maps8.stlouis-mo.gov/arcgis/rest/services/STREETS/Streets_Permitting/MapServer/2","title":"Street light L010085"},"type":"Feature"},{"geometry":{"coordinates":[-90.25065335758899,38.589568776187235],"type":"Point"},"id":"stl-city-public-streetlights:2:117361","properties":{"address":null,"attributes":{"Date_Installed":"1/2017","LED_Powered":1,"LightID":"L010086","Light_Source":"LED","Light_Type":"Cobra","Lighting_Type":"LED-Powered Lamp","Verification_Date":null},"id":"stl-city-public-streetlights:2:117361","sourceLayerId":2,"sourceObjectId":117361,"sourceURL":"https://maps8.stlouis-mo.gov/arcgis/rest/services/STREETS/Streets_Permitting/MapServer/2","title":"Street light L010086"},"type":"Feature"},{"geometry":{"coordinates":[-90.25059010875393,38.589942632593846],"type":"Point"},"id":"stl-city-public-streetlights:2:117362","properties":{"address":null,"attributes":{"Date_Installed":"1/2017","LED_Powered":1,"LightID":"L010087","Light_Source":"LED","Light_Type":"Cobra","Lighting_Type":"LED-Powered Lamp","Verification_Date":null},"id":"stl-city-public-streetlights:2:117362","sourceLayerId":2,"sourceObjectId":117362,"sourceURL":"https://maps8.stlouis-mo.gov/arcgis/rest/services/STREETS/Streets_Permitting/MapServer/2","title":"Street light L010087"},"type":"Feature"},{"geometry":{"coordinates":[-90.25171316287911,38.58941889027181],"type":"Point"},"id":"stl-city-public-streetlights:2:117367","properties":{"address":null,"attributes":{"Date_Installed":"1/2020","LED_Powered":1,"LightID":"L010092","Light_Source":"LED","Light_Type":"Cobra","Lighting_Type":"LED-Powered Lamp (Twin Lights)","Verification_Date":null},"id":"stl-city-public-streetlights:2:117367","sourceLayerId":2,"sourceObjectId":117367,"sourceURL":"https://maps8.stlouis-mo.gov/arcgis/rest/services/STREETS/Streets_Permitting/MapServer/2","title":"Street light L010092"},"type":"Feature"},{"geometry":{"coordinates":[-90.25166395039933,38.58971364045557],"type":"Point"},"id":"stl-city-public-streetlights:2:117368","properties":{"address":null,"attributes":{"Date_Installed":"1/2020","LED_Powered":1,"LightID":"L010093","Light_Source":"LED","Light_Type":"Cobra","Lighting_Type":"LED-Powered Lamp (Twin Lights)","Verification_Date":null},"id":"stl-city-public-streetlights:2:117368","sourceLayerId":2,"sourceObjectId":117368,"sourceURL":"https://maps8.stlouis-mo.gov/arcgis/rest/services/STREETS/Streets_Permitting/MapServer/2","title":"Street light L010093"},"type":"Feature"},{"geometry":{"coordinates":[-90.25551528437705,38.58946197437749],"type":"Point"},"id":"stl-city-public-streetlights:2:117374","properties":{"address":null,"attributes":{"Date_Installed":null,"LED_Powered":1,"LightID":"L010099","Light_Source":"LED","Light_Type":"Cobra","Lighting_Type":"LED-Powered Lamp","Verification_Date":null},"id":"stl-city-public-streetlights:2:117374","sourceLayerId":2,"sourceObjectId":117374,"sourceURL":"https://maps8.stlouis-mo.gov/arcgis/rest/services/STREETS/Streets_Permitting/MapServer/2","title":"Street light L010099"},"type":"Feature"},{"geometry":{"coordinates":[-90.2571907698097,38.58988968036984],"type":"Point"},"id":"stl-city-public-streetlights:2:117375","properties":{"address":null,"attributes":{"Date_Installed":null,"LED_Powered":0,"LightID":"L010100","Light_Source":"LED","Light_Type":"Cobra","Lighting_Type":"LED-Powered Lamp","Verification_Date":null},"id":"stl-city-public-streetlights:2:117375","sourceLayerId":2,"sourceObjectId":117375,"sourceURL":"https://maps8.stlouis-mo.gov/arcgis/rest/services/STREETS/Streets_Permitting/MapServer/2","title":"Street light L010100"},"type":"Feature"},{"geometry":{"coordinates":[-90.25991346760314,38.589961012270564],"type":"Point"},"id":"stl-city-public-streetlights:2:117824","properties":{"address":null,"attributes":{"Date_Installed":null,"LED_Powered":0,"LightID":"L010549","Light_Source":"LED","Light_Type":"Cobra","Lighting_Type":"LED-Powered Lamp","Verification_Date":null},"id":"stl-city-public-streetlights:2:117824","sourceLayerId":2,"sourceObjectId":117824,"sourceURL":"https://maps8.stlouis-mo.gov/arcgis/rest/services/STREETS/Streets_Permitting/MapServer/2","title":"Street light L010549"},"type":"Feature"},{"geometry":{"coordinates":[-90.2595684635974,38.58992085825975],"type":"Point"},"id":"stl-city-public-streetlights:2:117825","properties":{"address":null,"attributes":{"Date_Installed":null,"LED_Powered":0,"LightID":"L010550","Light_Source":"LED","Light_Type":"Cobra","Lighting_Type":"LED-Powered Lamp","Verification_Date":null},"id":"stl-city-public-streetlights:2:117825","sourceLayerId":2,"sourceObjectId":117825,"sourceURL":"https://maps8.stlouis-mo.gov/arcgis/rest/services/STREETS/Streets_Permitting/MapServer/2","title":"Street light L010550"},"type":"Feature"},{"geometry":{"coordinates":[-90.25905257150661,38.58980674194907],"type":"Point"},"id":"stl-city-public-streetlights:2:117826","properties":{"address":null,"attributes":{"Date_Installed":null,"LED_Powered":1,"LightID":"L010551","Light_Source":"LED","Light_Type":"Cobra","Lighting_Type":"LED-Powered Lamp","Verification_Date":null},"id":"stl-city-public-streetlights:2:117826","sourceLayerId":2,"sourceObjectId":117826,"sourceURL":"https://maps8.stlouis-mo.gov/arcgis/rest/services/STREETS/Streets_Permitting/MapServer/2","title":"Street light L010551"},"type":"Feature"},{"geometry":{"coordinates":[-90.25865280112627,38.58976653374016],"type":"Point"},"id":"stl-city-public-streetlights:2:117827","properties":{"address":null,"attributes":{"Date_Installed":null,"LED_Powered":1,"LightID":"L010552","Light_Source":"LED","Light_Type":"Cobra","Lighting_Type":"LED-Powered Lamp (Twin Lights)","Verification_Date":null},"id":"stl-city-public-streetlights:2:117827","sourceLayerId":2,"sourceObjectId":117827,"sourceURL":"https://maps8.stlouis-mo.gov/arcgis/rest/services/STREETS/Streets_Permitting/MapServer/2","title":"Street light L010552"},"type":"Feature"},{"geometry":{"coordinates":[-90.25207837165216,38.58024297552499],"type":"Point"},"id":"stl-city-public-streetlights:2:125890","properties":{"address":null,"attributes":{"Date_Installed":"2/19/20","LED_Powered":1,"LightID":"L018618","Light_Source":"LED","Light_Type":"Cobra","Lighting_Type":"LED-Powered Lamp","Verification_Date":null},"id":"stl-city-public-streetlights:2:125890","sourceLayerId":2,"sourceObjectId":125890,"sourceURL":"https://maps8.stlouis-mo.gov/arcgis/rest/services/STREETS/Streets_Permitting/MapServer/2","title":"Street light L018618"},"type":"Feature"},{"geometry":{"coordinates":[-90.25182530601211,38.580540393373255],"type":"Point"},"id":"stl-city-public-streetlights:2:125891","properties":{"address":null,"attributes":{"Date_Installed":"2/19/20","LED_Powered":1,"LightID":"L018619","Light_Source":"LED","Light_Type":"Cobra","Lighting_Type":"LED-Powered Lamp","Verification_Date":null},"id":"stl-city-public-streetlights:2:125891","sourceLayerId":2,"sourceObjectId":125891,"sourceURL":"https://maps8.stlouis-mo.gov/arcgis/rest/services/STREETS/Streets_Permitting/MapServer/2","title":"Street light L018619"},"type":"Feature"},{"geometry":{"coordinates":[-90.25156230788338,38.58085590483963],"type":"Point"},"id":"stl-city-public-streetlights:2:125892","properties":{"address":null,"attributes":{"Date_Installed":"2/19/20","LED_Powered":1,"LightID":"L018620","Light_Source":"LED","Light_Type":"Cobra","Lighting_Type":"LED-Powered Lamp","Verification_Date":null},"id":"stl-city-public-streetlights:2:125892","sourceLayerId":2,"sourceObjectId":125892,"sourceURL":"https://maps8.stlouis-mo.gov/arcgis/rest/services/STREETS/Streets_Permitting/MapServer/2","title":"Street light L018620"},"type":"Feature"},{"geometry":{"coordinates":[-90.25130695349698,38.58115546171168],"type":"Point"},"id":"stl-city-public-streetlights:2:125893","properties":{"address":null,"attributes":{"Date_Installed":"2/19/20","LED_Powered":1,"LightID":"L018621","Light_Source":"LED","Light_Type":"Cobra","Lighting_Type":"LED-Powered Lamp","Verification_Date":null},"id":"stl-city-public-streetlights:2:125893","sourceLayerId":2,"sourceObjectId":125893,"sourceURL":"https://maps8.stlouis-mo.gov/arcgis/rest/services/STREETS/Streets_Permitting/MapServer/2","title":"Street light L018621"},"type":"Feature"},{"geometry":{"coordinates":[-90.2510752354273,38.58142479629464],"type":"Point"},"id":"stl-city-public-streetlights:2:125894","properties":{"address":null,"attributes":{"Date_Installed":"2/19/20","LED_Powered":1,"LightID":"L018622","Light_Source":"LED","Light_Type":"Cobra","Lighting_Type":"LED-Powered Lamp","Verification_Date":null},"id":"stl-city-public-streetlights:2:125894","sourceLayerId":2,"sourceObjectId":125894,"sourceURL":"https://maps8.stlouis-mo.gov/arcgis/rest/services/STREETS/Streets_Permitting/MapServer/2","title":"Street light L018622"},"type":"Feature"},{"geometry":{"coordinates":[-90.25084435988389,38.58171320151094],"type":"Point"},"id":"stl-city-public-streetlights:2:125895","properties":{"address":null,"attributes":{"Date_Installed":"2/19/20","LED_Powered":1,"LightID":"L018623","Light_Source":"LED","Light_Type":"Cobra","Lighting_Type":"LED-Powered Lamp","Verification_Date":null},"id":"stl-city-public-streetlights:2:125895","sourceLayerId":2,"sourceObjectId":125895,"sourceURL":"https://maps8.stlouis-mo.gov/arcgis/rest/services/STREETS/Streets_Permitting/MapServer/2","title":"Street light L018623"},"type":"Feature"},{"geometry":{"coordinates":[-90.25061598623613,38.581980873810444],"type":"Point"},"id":"stl-city-public-streetlights:2:125896","properties":{"address":null,"attributes":{"Date_Installed":"2/19/20","LED_Powered":1,"LightID":"L018624","Light_Source":"LED","Light_Type":"Cobra","Lighting_Type":"LED-Powered Lamp","Verification_Date":null},"id":"stl-city-public-streetlights:2:125896","sourceLayerId":2,"sourceObjectId":125896,"sourceURL":"https://maps8.stlouis-mo.gov/arcgis/rest/services/STREETS/Streets_Permitting/MapServer/2","title":"Street light L018624"},"type":"Feature"},{"geometry":{"coordinates":[-90.25037629425411,38.582271404324906],"type":"Point"},"id":"stl-city-public-streetlights:2:125897","properties":{"address":null,"attributes":{"Date_Installed":"2/19/20","LED_Powered":1,"LightID":"L018625","Light_Source":"LED","Light_Type":"Cobra","Lighting_Type":"LED-Powered Lamp","Verification_Date":null},"id":"stl-city-public-streetlights:2:125897","sourceLayerId":2,"sourceObjectId":125897,"sourceURL":"https://maps8.stlouis-mo.gov/arcgis/rest/services/STREETS/Streets_Permitting/MapServer/2","title":"Street light L018625"},"type":"Feature"},{"geometry":{"coordinates":[-90.25020043768679,38.582542762539376],"type":"Point"},"id":"stl-city-public-streetlights:2:125898","properties":{"address":null,"attributes":{"Date_Installed":"2/19/20","LED_Powered":1,"LightID":"L018626","Light_Source":"LED","Light_Type":"Cobra","Lighting_Type":"LED-Powered Lamp","Verification_Date":null},"id":"stl-city-public-streetlights:2:125898","sourceLayerId":2,"sourceObjectId":125898,"sourceURL":"https://maps8.stlouis-mo.gov/arcgis/rest/services/STREETS/Streets_Permitting/MapServer/2","title":"Street light L018626"},"type":"Feature"},{"geometry":{"coordinates":[-90.2500230327491,38.58284024231127],"type":"Point"},"id":"stl-city-public-streetlights:2:125899","properties":{"address":null,"attributes":{"Date_Installed":"2/19/20","LED_Powered":1,"LightID":"L018627","Light_Source":"LED","Light_Type":"Cobra","Lighting_Type":"LED-Powered Lamp","Verification_Date":null},"id":"stl-city-public-streetlights:2:125899","sourceLayerId":2,"sourceObjectId":125899,"sourceURL":"https://maps8.stlouis-mo.gov/arcgis/rest/services/STREETS/Streets_Permitting/MapServer/2","title":"Street light L018627"},"type":"Feature"},{"geometry":{"coordinates":[-90.25235990769822,38.58167816029598],"type":"Point"},"id":"stl-city-public-streetlights:2:125902","properties":{"address":null,"attributes":{"Date_Installed":"2/19/20","LED_Powered":1,"LightID":"L018630","Light_Source":"LED","Light_Type":"Cobra","Lighting_Type":"LED-Powered Lamp","Verification_Date":null},"id":"stl-city-public-streetlights:2:125902","sourceLayerId":2,"sourceObjectId":125902,"sourceURL":"https://maps8.stlouis-mo.gov/arcgis/rest/services/STREETS/Streets_Permitting/MapServer/2","title":"Street light L018630"},"type":"Feature"},{"geometry":{"coordinates":[-90.25262630085925,38.581368851536055],"type":"Point"},"id":"stl-city-public-streetlights:2:125903","properties":{"address":null,"attributes":{"Date_Installed":"2/19/20","LED_Powered":1,"LightID":"L018631","Light_Source":"LED","Light_Type":"Cobra","Lighting_Type":"LED-Powered Lamp","Verification_Date":null},"id":"stl-city-public-streetlights:2:125903","sourceLayerId":2,"sourceObjectId":125903,"sourceURL":"https://maps8.stlouis-mo.gov/arcgis/rest/services/STREETS/Streets_Permitting/MapServer/2","title":"Street light L018631"},"type":"Feature"},{"geometry":{"coordinates":[-90.25288090088709,38.581066668583844],"type":"Point"},"id":"stl-city-public-streetlights:2:125904","properties":{"address":null,"attributes":{"Date_Installed":"2/19/20","LED_Powered":1,"LightID":"L018632","Light_Source":"LED","Light_Type":"Cobra","Lighting_Type":"LED-Powered Lamp","Verification_Date":null},"id":"stl-city-public-streetlights:2:125904","sourceLayerId":2,"sourceObjectId":125904,"sourceURL":"https://maps8.stlouis-mo.gov/arcgis/rest/services/STREETS/Streets_Permitting/MapServer/2","title":"Street light L018632"},"type":"Feature"},{"geometry":{"coordinates":[-90.25311570224926,38.58078112793919],"type":"Point"},"id":"stl-city-public-streetlights:2:125905","properties":{"address":null,"attributes":{"Date_Installed":"2/19/20","LED_Powered":1,"LightID":"L018633","Light_Source":"LED","Light_Type":"Cobra","Lighting_Type":"LED-Powered Lamp","Verification_Date":null},"id":"stl-city-public-streetlights:2:125905","sourceLayerId":2,"sourceObjectId":125905,"sourceURL":"https://maps8.stlouis-mo.gov/arcgis/rest/services/STREETS/Streets_Permitting/MapServer/2","title":"Street light L018633"},"type":"Feature"},{"geometry":{"coordinates":[-90.25336002572767,38.580485774466645],"type":"Point"},"id":"stl-city-public-streetlights:2:125906","properties":{"address":null,"attributes":{"Date_Installed":"2/19/20","LED_Powered":1,"LightID":"L018634","Light_Source":"LED","Light_Type":"Cobra","Lighting_Type":"LED-Powered Lamp","Verification_Date":null},"id":"stl-city-public-streetlights:2:125906","sourceLayerId":2,"sourceObjectId":125906,"sourceURL":"https://maps8.stlouis-mo.gov/arcgis/rest/services/STREETS/Streets_Permitting/MapServer/2","title":"Street light L018634"},"type":"Feature"},{"geometry":{"coordinates":[-90.25360201926902,38.58020531372077],"type":"Point"},"id":"stl-city-public-streetlights:2:125907","properties":{"address":null,"attributes":{"Date_Installed":"2/19/20","LED_Powered":1,"LightID":"L018635","Light_Source":"LED","Light_Type":"Cobra","Lighting_Type":"LED-Powered Lamp","Verification_Date":null},"id":"stl-city-public-streetlights:2:125907","sourceLayerId":2,"sourceObjectId":125907,"sourceURL":"https://maps8.stlouis-mo.gov/arcgis/rest/services/STREETS/Streets_Permitting/MapServer/2","title":"Street light L018635"},"type":"Feature"},{"geometry":{"coordinates":[-90.25089839196593,38.58001183300156],"type":"Point"},"id":"stl-city-public-streetlights:2:125918","properties":{"address":null,"attributes":{"Date_Installed":"2/19/20","LED_Powered":1,"LightID":"L018646","Light_Source":"LED","Light_Type":"Cobra","Lighting_Type":"LED-Powered Lamp","Verification_Date":null},"id":"stl-city-public-streetlights:2:125918","sourceLayerId":2,"sourceObjectId":125918,"sourceURL":"https://maps8.stlouis-mo.gov/arcgis/rest/services/STREETS/Streets_Permitting/MapServer/2","title":"Street light L018646"},"type":"Feature"},{"geometry":{"coordinates":[-90.25064865706312,38.58031104278355],"type":"Point"},"id":"stl-city-public-streetlights:2:125919","properties":{"address":null,"attributes":{"Date_Installed":"2/19/20","LED_Powered":1,"LightID":"L018647","Light_Source":"LED","Light_Type":"Cobra","Lighting_Type":"LED-Powered Lamp","Verification_Date":null},"id":"stl-city-public-streetlights:2:125919","sourceLayerId":2,"sourceObjectId":125919,"sourceURL":"https://maps8.stlouis-mo.gov/arcgis/rest/services/STREETS/Streets_Permitting/MapServer/2","title":"Street light L018647"},"type":"Feature"},{"geometry":{"coordinates":[-90.25037731599689,38.58062272031777],"type":"Point"},"id":"stl-city-public-streetlights:2:125920","properties":{"address":null,"attributes":{"Date_Installed":"2/19/20","LED_Powered":1,"LightID":"L018648","Light_Source":"LED","Light_Type":"Cobra","Lighting_Type":"LED-Powered Lamp","Verification_Date":null},"id":"stl-city-public-streetlights:2:125920","sourceLayerId":2,"sourceObjectId":125920,"sourceURL":"https://maps8.stlouis-mo.gov/arcgis/rest/services/STREETS/Streets_Permitting/MapServer/2","title":"Street light L018648"},"type":"Feature"},{"geometry":{"coordinates":[-90.25772216915287,38.58986281686243],"type":"Point"},"id":"stl-city-public-streetlights:2:126021","properties":{"address":null,"attributes":{"Date_Installed":null,"LED_Powered":0,"LightID":"L018749","Light_Source":"LED","Light_Type":"Cobra","Lighting_Type":"LED-Powered Lamp","Verification_Date":null},"id":"stl-city-public-streetlights:2:126021","sourceLayerId":2,"sourceObjectId":126021,"sourceURL":"https://maps8.stlouis-mo.gov/arcgis/rest/services/STREETS/Streets_Permitting/MapServer/2","title":"Street light L018749"},"type":"Feature"},{"geometry":{"coordinates":[-90.25827932345364,38.58992403619695],"type":"Point"},"id":"stl-city-public-streetlights:2:126022","properties":{"address":null,"attributes":{"Date_Installed":null,"LED_Powered":0,"LightID":"L018750","Light_Source":"LED","Light_Type":"Cobra","Lighting_Type":"LED-Powered Lamp","Verification_Date":null},"id":"stl-city-public-streetlights:2:126022","sourceLayerId":2,"sourceObjectId":126022,"sourceURL":"https://maps8.stlouis-mo.gov/arcgis/rest/services/STREETS/Streets_Permitting/MapServer/2","title":"Street light L018750"},"type":"Feature"},{"geometry":{"coordinates":[-90.25902029338732,38.58994488662342],"type":"Point"},"id":"stl-city-public-streetlights:2:126023","properties":{"address":null,"attributes":{"Date_Installed":null,"LED_Powered":0,"LightID":"L018751","Light_Source":"LED","Light_Type":"Cobra","Lighting_Type":"LED-Powered Lamp","Verification_Date":null},"id":"stl-city-public-streetlights:2:126023","sourceLayerId":2,"sourceObjectId":126023,"sourceURL":"https://maps8.stlouis-mo.gov/arcgis/rest/services/STREETS/Streets_Permitting/MapServer/2","title":"Street light L018751"},"type":"Feature"},{"geometry":{"coordinates":[-90.25967180804605,38.58714568513704],"type":"Point"},"id":"stl-city-public-streetlights:2:151536","properties":{"address":null,"attributes":{"Date_Installed":"6/9/2017","LED_Powered":1,"LightID":"L044401","Light_Source":"LED","Light_Type":"Cobra","Lighting_Type":"LED-Powered Lamp","Verification_Date":null},"id":"stl-city-public-streetlights:2:151536","sourceLayerId":2,"sourceObjectId":151536,"sourceURL":"https://maps8.stlouis-mo.gov/arcgis/rest/services/STREETS/Streets_Permitting/MapServer/2","title":"Street light L044401"},"type":"Feature"},{"geometry":{"coordinates":[-90.2595137907668,38.58727358891155],"type":"Point"},"id":"stl-city-public-streetlights:2:151537","properties":{"address":null,"attributes":{"Date_Installed":"6/9/2017","LED_Powered":1,"LightID":"L044402","Light_Source":"LED","Light_Type":"Cobra","Lighting_Type":"LED-Powered Lamp","Verification_Date":null},"id":"stl-city-public-streetlights:2:151537","sourceLayerId":2,"sourceObjectId":151537,"sourceURL":"https://maps8.stlouis-mo.gov/arcgis/rest/services/STREETS/Streets_Permitting/MapServer/2","title":"Street light L044402"},"type":"Feature"},{"geometry":{"coordinates":[-90.25901840229109,38.58772008449369],"type":"Point"},"id":"stl-city-public-streetlights:2:151538","properties":{"address":null,"attributes":{"Date_Installed":"6/9/2017","LED_Powered":1,"LightID":"L044403","Light_Source":"LED","Light_Type":"Cobra","Lighting_Type":"LED-Powered Lamp","Verification_Date":null},"id":"stl-city-public-streetlights:2:151538","sourceLayerId":2,"sourceObjectId":151538,"sourceURL":"https://maps8.stlouis-mo.gov/arcgis/rest/services/STREETS/Streets_Permitting/MapServer/2","title":"Street light L044403"},"type":"Feature"},{"geometry":{"coordinates":[-90.25851471277434,38.58807561612198],"type":"Point"},"id":"stl-city-public-streetlights:2:151539","properties":{"address":null,"attributes":{"Date_Installed":"6/9/2017","LED_Powered":1,"LightID":"L044404","Light_Source":"LED","Light_Type":"Cobra","Lighting_Type":"LED-Powered Lamp","Verification_Date":null},"id":"stl-city-public-streetlights:2:151539","sourceLayerId":2,"sourceObjectId":151539,"sourceURL":"https://maps8.stlouis-mo.gov/arcgis/rest/services/STREETS/Streets_Permitting/MapServer/2","title":"Street light L044404"},"type":"Feature"},{"geometry":{"coordinates":[-90.25884263925698,38.5880151735819],"type":"Point"},"id":"stl-city-public-streetlights:2:151540","properties":{"address":null,"attributes":{"Date_Installed":"6/9/2017","LED_Powered":1,"LightID":"L044405","Light_Source":"LED","Light_Type":"Cobra","Lighting_Type":"LED-Powered Lamp","Verification_Date":null},"id":"stl-city-public-streetlights:2:151540","sourceLayerId":2,"sourceObjectId":151540,"sourceURL":"https://maps8.stlouis-mo.gov/arcgis/rest/services/STREETS/Streets_Permitting/MapServer/2","title":"Street light L044405"},"type":"Feature"},{"geometry":{"coordinates":[-90.25938779986488,38.5875984449529],"type":"Point"},"id":"stl-city-public-streetlights:2:151541","properties":{"address":null,"attributes":{"Date_Installed":"6/9/2017","LED_Powered":1,"LightID":"L044406","Light_Source":"LED","Light_Type":"Cobra","Lighting_Type":"LED-Powered Lamp","Verification_Date":null},"id":"stl-city-public-streetlights:2:151541","sourceLayerId":2,"sourceObjectId":151541,"sourceURL":"https://maps8.stlouis-mo.gov/arcgis/rest/services/STREETS/Streets_Permitting/MapServer/2","title":"Street light L044406"},"type":"Feature"},{"geometry":{"coordinates":[-90.25955113732243,38.587446034361484],"type":"Point"},"id":"stl-city-public-streetlights:2:151542","properties":{"address":null,"attributes":{"Date_Installed":"6/9/2017","LED_Powered":1,"LightID":"L044407","Light_Source":"LED","Light_Type":"Cobra","Lighting_Type":"LED-Powered Lamp","Verification_Date":null},"id":"stl-city-public-streetlights:2:151542","sourceLayerId":2,"sourceObjectId":151542,"sourceURL":"https://maps8.stlouis-mo.gov/arcgis/rest/services/STREETS/Streets_Permitting/MapServer/2","title":"Street light L044407"},"type":"Feature"},{"geometry":{"coordinates":[-90.25967794483334,38.58734146276966],"type":"Point"},"id":"stl-city-public-streetlights:2:151543","properties":{"address":null,"attributes":{"Date_Installed":"6/9/2017","LED_Powered":1,"LightID":"L044408","Light_Source":"LED","Light_Type":"Cobra","Lighting_Type":"LED-Powered Lamp","Verification_Date":null},"id":"stl-city-public-streetlights:2:151543","sourceLayerId":2,"sourceObjectId":151543,"sourceURL":"https://maps8.stlouis-mo.gov/arcgis/rest/services/STREETS/Streets_Permitting/MapServer/2","title":"Street light L044408"},"type":"Feature"},{"geometry":{"coordinates":[-90.2597848441796,38.587062229210325],"type":"Point"},"id":"stl-city-public-streetlights:2:151552","properties":{"address":null,"attributes":{"Date_Installed":"5/9/2018","LED_Powered":1,"LightID":"L044417","Light_Source":"LED","Light_Type":"Cobra","Lighting_Type":"LED-Powered Lamp","Verification_Date":null},"id":"stl-city-public-streetlights:2:151552","sourceLayerId":2,"sourceObjectId":151552,"sourceURL":"https://maps8.stlouis-mo.gov/arcgis/rest/services/STREETS/Streets_Permitting/MapServer/2","title":"Street light L044417"},"type":"Feature"},{"geometry":{"coordinates":[-90.25404505188615,38.58451519831848],"type":"Point"},"id":"stl-city-public-streetlights:2:151554","properties":{"address":null,"attributes":{"Date_Installed":"2/19/20","LED_Powered":1,"LightID":"L044419","Light_Source":"LED","Light_Type":"Cobra","Lighting_Type":"LED-Powered Lamp","Verification_Date":null},"id":"stl-city-public-streetlights:2:151554","sourceLayerId":2,"sourceObjectId":151554,"sourceURL":"https://maps8.stlouis-mo.gov/arcgis/rest/services/STREETS/Streets_Permitting/MapServer/2","title":"Street light L044419"},"type":"Feature"},{"geometry":{"coordinates":[-90.25368585721992,38.5849418270807],"type":"Point"},"id":"stl-city-public-streetlights:2:151555","properties":{"address":null,"attributes":{"Date_Installed":"2/19/20","LED_Powered":1,"LightID":"L044420","Light_Source":"LED","Light_Type":"Cobra","Lighting_Type":"LED-Powered Lamp","Verification_Date":null},"id":"stl-city-public-streetlights:2:151555","sourceLayerId":2,"sourceObjectId":151555,"sourceURL":"https://maps8.stlouis-mo.gov/arcgis/rest/services/STREETS/Streets_Permitting/MapServer/2","title":"Street light L044420"},"type":"Feature"},{"geometry":{"coordinates":[-90.2533196672669,38.585369752569115],"type":"Point"},"id":"stl-city-public-streetlights:2:151556","properties":{"address":null,"attributes":{"Date_Installed":"2/19/20","LED_Powered":1,"LightID":"L044421","Light_Source":"LED","Light_Type":"Cobra","Lighting_Type":"LED-Powered Lamp","Verification_Date":null},"id":"stl-city-public-streetlights:2:151556","sourceLayerId":2,"sourceObjectId":151556,"sourceURL":"https://maps8.stlouis-mo.gov/arcgis/rest/services/STREETS/Streets_Permitting/MapServer/2","title":"Street light L044421"},"type":"Feature"},{"geometry":{"coordinates":[-90.25312158469575,38.58561936376045],"type":"Point"},"id":"stl-city-public-streetlights:2:159624","properties":{"address":null,"attributes":{"Date_Installed":null,"LED_Powered":1,"LightID":"L052555","Light_Source":"LED","Light_Type":"Cobra","Lighting_Type":"LED-Powered Lamp","Verification_Date":null},"id":"stl-city-public-streetlights:2:159624","sourceLayerId":2,"sourceObjectId":159624,"sourceURL":"https://maps8.stlouis-mo.gov/arcgis/rest/services/STREETS/Streets_Permitting/MapServer/2","title":"Street light L052555"},"type":"Feature"}],"layerId":"city-streetlights","retrievedAt":"2026-09-13T21:56:18.173251+00:00","schema":"property-infrastructure-geojson-v1","sourceId":"stl-city-public-streetlights","tileId":"-9026_3858","type":"FeatureCollection"}