{"features":[{"geometry":{"coordinates":[-90.20602819024617,38.64897346908827],"type":"Point"},"id":"stl-city-public-streetlights:2:138176","properties":{"address":null,"attributes":{"Date_Installed":null,"LED_Powered":1,"LightID":"L030932","Light_Source":"LED","Light_Type":"Cobra","Lighting_Type":"LED-Powered Lamp","Verification_Date":null},"id":"stl-city-public-streetlights:2:138176","sourceLayerId":2,"sourceObjectId":138176,"sourceURL":"https://maps8.stlouis-mo.gov/arcgis/rest/services/STREETS/Streets_Permitting/MapServer/2","title":"Street light L030932"},"type":"Feature"},{"geometry":{"coordinates":[-90.20562946757691,38.6488830804314],"type":"Point"},"id":"stl-city-public-streetlights:2:138177","properties":{"address":null,"attributes":{"Date_Installed":null,"LED_Powered":1,"LightID":"L030933","Light_Source":"LED","Light_Type":"Cobra","Lighting_Type":"LED-Powered Lamp","Verification_Date":null},"id":"stl-city-public-streetlights:2:138177","sourceLayerId":2,"sourceObjectId":138177,"sourceURL":"https://maps8.stlouis-mo.gov/arcgis/rest/services/STREETS/Streets_Permitting/MapServer/2","title":"Street light L030933"},"type":"Feature"},{"geometry":{"coordinates":[-90.20553115786275,38.64801329577906],"type":"Point"},"id":"stl-city-public-streetlights:2:138178","properties":{"address":null,"attributes":{"Date_Installed":null,"LED_Powered":1,"LightID":"L030934","Light_Source":"LED","Light_Type":"Cobra","Lighting_Type":"LED-Powered Lamp","Verification_Date":null},"id":"stl-city-public-streetlights:2:138178","sourceLayerId":2,"sourceObjectId":138178,"sourceURL":"https://maps8.stlouis-mo.gov/arcgis/rest/services/STREETS/Streets_Permitting/MapServer/2","title":"Street light L030934"},"type":"Feature"},{"geometry":{"coordinates":[-90.20609560149818,38.64812293068381],"type":"Point"},"id":"stl-city-public-streetlights:2:138179","properties":{"address":null,"attributes":{"Date_Installed":null,"LED_Powered":1,"LightID":"L030935","Light_Source":"LED","Light_Type":"Cobra","Lighting_Type":"LED-Powered Lamp","Verification_Date":null},"id":"stl-city-public-streetlights:2:138179","sourceLayerId":2,"sourceObjectId":138179,"sourceURL":"https://maps8.stlouis-mo.gov/arcgis/rest/services/STREETS/Streets_Permitting/MapServer/2","title":"Street light L030935"},"type":"Feature"},{"geometry":{"coordinates":[-90.20664218492661,38.64825242138189],"type":"Point"},"id":"stl-city-public-streetlights:2:138180","properties":{"address":null,"attributes":{"Date_Installed":null,"LED_Powered":0,"LightID":"L030936","Light_Source":"LED","Light_Type":"Cobra","Lighting_Type":"LED-Powered Lamp","Verification_Date":null},"id":"stl-city-public-streetlights:2:138180","sourceLayerId":2,"sourceObjectId":138180,"sourceURL":"https://maps8.stlouis-mo.gov/arcgis/rest/services/STREETS/Streets_Permitting/MapServer/2","title":"Street light L030936"},"type":"Feature"},{"geometry":{"coordinates":[-90.20487162046162,38.646391193213034],"type":"Point"},"id":"stl-city-public-streetlights:2:138182","properties":{"address":null,"attributes":{"Date_Installed":null,"LED_Powered":0,"LightID":"L030960","Light_Source":"High Pressure Sodium","Light_Type":"Decorative","Lighting_Type":"150-W High Pressure Sodium Vapor Lamp (decorative)","Verification_Date":null},"id":"stl-city-public-streetlights:2:138182","sourceLayerId":2,"sourceObjectId":138182,"sourceURL":"https://maps8.stlouis-mo.gov/arcgis/rest/services/STREETS/Streets_Permitting/MapServer/2","title":"Street light L030960"},"type":"Feature"},{"geometry":{"coordinates":[-90.20511369740782,38.64644308668391],"type":"Point"},"id":"stl-city-public-streetlights:2:138183","properties":{"address":null,"attributes":{"Date_Installed":null,"LED_Powered":1,"LightID":"L030961","Light_Source":"LED","Light_Type":"Cobra","Lighting_Type":"LED-Powered Lamp","Verification_Date":null},"id":"stl-city-public-streetlights:2:138183","sourceLayerId":2,"sourceObjectId":138183,"sourceURL":"https://maps8.stlouis-mo.gov/arcgis/rest/services/STREETS/Streets_Permitting/MapServer/2","title":"Street light L030961"},"type":"Feature"},{"geometry":{"coordinates":[-90.20527613792217,38.6464826422969],"type":"Point"},"id":"stl-city-public-streetlights:2:138184","properties":{"address":null,"attributes":{"Date_Installed":null,"LED_Powered":1,"LightID":"L030962","Light_Source":"LED","Light_Type":"Cobra","Lighting_Type":"LED-Powered Lamp","Verification_Date":null},"id":"stl-city-public-streetlights:2:138184","sourceLayerId":2,"sourceObjectId":138184,"sourceURL":"https://maps8.stlouis-mo.gov/arcgis/rest/services/STREETS/Streets_Permitting/MapServer/2","title":"Street light L030962"},"type":"Feature"},{"geometry":{"coordinates":[-90.20553943477552,38.646536936957844],"type":"Point"},"id":"stl-city-public-streetlights:2:138185","properties":{"address":null,"attributes":{"Date_Installed":null,"LED_Powered":1,"LightID":"L030963","Light_Source":"LED","Light_Type":"Cobra","Lighting_Type":"LED-Powered Lamp","Verification_Date":null},"id":"stl-city-public-streetlights:2:138185","sourceLayerId":2,"sourceObjectId":138185,"sourceURL":"https://maps8.stlouis-mo.gov/arcgis/rest/services/STREETS/Streets_Permitting/MapServer/2","title":"Street light L030963"},"type":"Feature"},{"geometry":{"coordinates":[-90.20593681515685,38.64661778667088],"type":"Point"},"id":"stl-city-public-streetlights:2:138186","properties":{"address":null,"attributes":{"Date_Installed":null,"LED_Powered":1,"LightID":"L030964","Light_Source":"LED","Light_Type":"Cobra","Lighting_Type":"LED-Powered Lamp","Verification_Date":null},"id":"stl-city-public-streetlights:2:138186","sourceLayerId":2,"sourceObjectId":138186,"sourceURL":"https://maps8.stlouis-mo.gov/arcgis/rest/services/STREETS/Streets_Permitting/MapServer/2","title":"Street light L030964"},"type":"Feature"},{"geometry":{"coordinates":[-90.20638246255243,38.64671365416314],"type":"Point"},"id":"stl-city-public-streetlights:2:138187","properties":{"address":null,"attributes":{"Date_Installed":null,"LED_Powered":1,"LightID":"L030965","Light_Source":"LED","Light_Type":"Cobra","Lighting_Type":"LED-Powered Lamp","Verification_Date":null},"id":"stl-city-public-streetlights:2:138187","sourceLayerId":2,"sourceObjectId":138187,"sourceURL":"https://maps8.stlouis-mo.gov/arcgis/rest/services/STREETS/Streets_Permitting/MapServer/2","title":"Street light L030965"},"type":"Feature"},{"geometry":{"coordinates":[-90.20683948238371,38.646816104215226],"type":"Point"},"id":"stl-city-public-streetlights:2:138188","properties":{"address":null,"attributes":{"Date_Installed":null,"LED_Powered":1,"LightID":"L030966","Light_Source":"LED","Light_Type":"Cobra","Lighting_Type":"LED-Powered Lamp","Verification_Date":null},"id":"stl-city-public-streetlights:2:138188","sourceLayerId":2,"sourceObjectId":138188,"sourceURL":"https://maps8.stlouis-mo.gov/arcgis/rest/services/STREETS/Streets_Permitting/MapServer/2","title":"Street light L030966"},"type":"Feature"},{"geometry":{"coordinates":[-90.20461329219968,38.64621762397859],"type":"Point"},"id":"stl-city-public-streetlights:2:138189","properties":{"address":null,"attributes":{"Date_Installed":null,"LED_Powered":0,"LightID":"L030972","Light_Source":"High Pressure Sodium","Light_Type":"Decorative","Lighting_Type":"150-W High Pressure Sodium Vapor Lamp (decorative)","Verification_Date":null},"id":"stl-city-public-streetlights:2:138189","sourceLayerId":2,"sourceObjectId":138189,"sourceURL":"https://maps8.stlouis-mo.gov/arcgis/rest/services/STREETS/Streets_Permitting/MapServer/2","title":"Street light L030972"},"type":"Feature"},{"geometry":{"coordinates":[-90.20480459241917,38.646262441324],"type":"Point"},"id":"stl-city-public-streetlights:2:138810","properties":{"address":null,"attributes":{"Date_Installed":null,"LED_Powered":0,"LightID":"L031593","Light_Source":"High Pressure Sodium","Light_Type":"Decorative","Lighting_Type":"150-W High Pressure Sodium Vapor Lamp (decorative)","Verification_Date":null},"id":"stl-city-public-streetlights:2:138810","sourceLayerId":2,"sourceObjectId":138810,"sourceURL":"https://maps8.stlouis-mo.gov/arcgis/rest/services/STREETS/Streets_Permitting/MapServer/2","title":"Street light L031593"},"type":"Feature"},{"geometry":{"coordinates":[-90.20495036004793,38.646292842840175],"type":"Point"},"id":"stl-city-public-streetlights:2:138811","properties":{"address":null,"attributes":{"Date_Installed":null,"LED_Powered":0,"LightID":"L031594","Light_Source":"High Pressure Sodium","Light_Type":"Decorative","Lighting_Type":"150-W High Pressure Sodium Vapor Lamp (decorative)","Verification_Date":null},"id":"stl-city-public-streetlights:2:138811","sourceLayerId":2,"sourceObjectId":138811,"sourceURL":"https://maps8.stlouis-mo.gov/arcgis/rest/services/STREETS/Streets_Permitting/MapServer/2","title":"Street light L031594"},"type":"Feature"},{"geometry":{"coordinates":[-90.20510523483419,38.64632612744987],"type":"Point"},"id":"stl-city-public-streetlights:2:138812","properties":{"address":null,"attributes":{"Date_Installed":null,"LED_Powered":0,"LightID":"L031595","Light_Source":"High Pressure Sodium","Light_Type":"Decorative","Lighting_Type":"150-W High Pressure Sodium Vapor Lamp (decorative)","Verification_Date":null},"id":"stl-city-public-streetlights:2:138812","sourceLayerId":2,"sourceObjectId":138812,"sourceURL":"https://maps8.stlouis-mo.gov/arcgis/rest/services/STREETS/Streets_Permitting/MapServer/2","title":"Street light L031595"},"type":"Feature"},{"geometry":{"coordinates":[-90.20524187925177,38.64635793531364],"type":"Point"},"id":"stl-city-public-streetlights:2:138813","properties":{"address":null,"attributes":{"Date_Installed":null,"LED_Powered":0,"LightID":"L031596","Light_Source":"High Pressure Sodium","Light_Type":"Decorative","Lighting_Type":"150-W High Pressure Sodium Vapor Lamp (decorative)","Verification_Date":null},"id":"stl-city-public-streetlights:2:138813","sourceLayerId":2,"sourceObjectId":138813,"sourceURL":"https://maps8.stlouis-mo.gov/arcgis/rest/services/STREETS/Streets_Permitting/MapServer/2","title":"Street light L031596"},"type":"Feature"},{"geometry":{"coordinates":[-90.20538958428227,38.64638996816686],"type":"Point"},"id":"stl-city-public-streetlights:2:138814","properties":{"address":null,"attributes":{"Date_Installed":null,"LED_Powered":0,"LightID":"L031597","Light_Source":"LED","Light_Type":"Cobra","Lighting_Type":"LED-Powered Lamp","Verification_Date":null},"id":"stl-city-public-streetlights:2:138814","sourceLayerId":2,"sourceObjectId":138814,"sourceURL":"https://maps8.stlouis-mo.gov/arcgis/rest/services/STREETS/Streets_Permitting/MapServer/2","title":"Street light L031597"},"type":"Feature"},{"geometry":{"coordinates":[-90.20709537124242,38.645898223647606],"type":"Point"},"id":"stl-city-public-streetlights:2:138817","properties":{"address":null,"attributes":{"Date_Installed":null,"LED_Powered":1,"LightID":"L031619","Light_Source":"LED","Light_Type":"Cobra","Lighting_Type":"LED-Powered Lamp","Verification_Date":null},"id":"stl-city-public-streetlights:2:138817","sourceLayerId":2,"sourceObjectId":138817,"sourceURL":"https://maps8.stlouis-mo.gov/arcgis/rest/services/STREETS/Streets_Permitting/MapServer/2","title":"Street light L031619"},"type":"Feature"},{"geometry":{"coordinates":[-90.20681341334044,38.64583649663825],"type":"Point"},"id":"stl-city-public-streetlights:2:138818","properties":{"address":null,"attributes":{"Date_Installed":null,"LED_Powered":0,"LightID":"L031620","Light_Source":"LED","Light_Type":"Cobra","Lighting_Type":"LED-Powered Lamp","Verification_Date":null},"id":"stl-city-public-streetlights:2:138818","sourceLayerId":2,"sourceObjectId":138818,"sourceURL":"https://maps8.stlouis-mo.gov/arcgis/rest/services/STREETS/Streets_Permitting/MapServer/2","title":"Street light L031620"},"type":"Feature"},{"geometry":{"coordinates":[-90.20648012070093,38.64576713216478],"type":"Point"},"id":"stl-city-public-streetlights:2:138819","properties":{"address":null,"attributes":{"Date_Installed":null,"LED_Powered":1,"LightID":"L031621","Light_Source":"LED","Light_Type":"Cobra","Lighting_Type":"LED-Powered Lamp","Verification_Date":null},"id":"stl-city-public-streetlights:2:138819","sourceLayerId":2,"sourceObjectId":138819,"sourceURL":"https://maps8.stlouis-mo.gov/arcgis/rest/services/STREETS/Streets_Permitting/MapServer/2","title":"Street light L031621"},"type":"Feature"},{"geometry":{"coordinates":[-90.20614424148005,38.64569895211911],"type":"Point"},"id":"stl-city-public-streetlights:2:138820","properties":{"address":null,"attributes":{"Date_Installed":null,"LED_Powered":1,"LightID":"L031622","Light_Source":"LED","Light_Type":"Cobra","Lighting_Type":"LED-Powered Lamp","Verification_Date":null},"id":"stl-city-public-streetlights:2:138820","sourceLayerId":2,"sourceObjectId":138820,"sourceURL":"https://maps8.stlouis-mo.gov/arcgis/rest/services/STREETS/Streets_Permitting/MapServer/2","title":"Street light L031622"},"type":"Feature"},{"geometry":{"coordinates":[-90.20582306289236,38.64562556491029],"type":"Point"},"id":"stl-city-public-streetlights:2:138821","properties":{"address":null,"attributes":{"Date_Installed":null,"LED_Powered":1,"LightID":"L031623","Light_Source":"LED","Light_Type":"Cobra","Lighting_Type":"LED-Powered Lamp","Verification_Date":null},"id":"stl-city-public-streetlights:2:138821","sourceLayerId":2,"sourceObjectId":138821,"sourceURL":"https://maps8.stlouis-mo.gov/arcgis/rest/services/STREETS/Streets_Permitting/MapServer/2","title":"Street light L031623"},"type":"Feature"},{"geometry":{"coordinates":[-90.20542660070042,38.64554459729913],"type":"Point"},"id":"stl-city-public-streetlights:2:138822","properties":{"address":null,"attributes":{"Date_Installed":null,"LED_Powered":1,"LightID":"L031624","Light_Source":"LED","Light_Type":"Cobra","Lighting_Type":"LED-Powered Lamp","Verification_Date":null},"id":"stl-city-public-streetlights:2:138822","sourceLayerId":2,"sourceObjectId":138822,"sourceURL":"https://maps8.stlouis-mo.gov/arcgis/rest/services/STREETS/Streets_Permitting/MapServer/2","title":"Street light L031624"},"type":"Feature"},{"geometry":{"coordinates":[-90.2050056847455,38.645460587449335],"type":"Point"},"id":"stl-city-public-streetlights:2:138823","properties":{"address":null,"attributes":{"Date_Installed":null,"LED_Powered":1,"LightID":"L031625","Light_Source":"LED","Light_Type":"Cobra","Lighting_Type":"LED-Powered Lamp","Verification_Date":null},"id":"stl-city-public-streetlights:2:138823","sourceLayerId":2,"sourceObjectId":138823,"sourceURL":"https://maps8.stlouis-mo.gov/arcgis/rest/services/STREETS/Streets_Permitting/MapServer/2","title":"Street light L031625"},"type":"Feature"},{"geometry":{"coordinates":[-90.20526963832529,38.6445540686976],"type":"Point"},"id":"stl-city-public-streetlights:2:138824","properties":{"address":null,"attributes":{"Date_Installed":null,"LED_Powered":1,"LightID":"L031626","Light_Source":"LED","Light_Type":"Cobra","Lighting_Type":"LED-Powered Lamp","Verification_Date":null},"id":"stl-city-public-streetlights:2:138824","sourceLayerId":2,"sourceObjectId":138824,"sourceURL":"https://maps8.stlouis-mo.gov/arcgis/rest/services/STREETS/Streets_Permitting/MapServer/2","title":"Street light L031626"},"type":"Feature"},{"geometry":{"coordinates":[-90.20567414922802,38.644635176013196],"type":"Point"},"id":"stl-city-public-streetlights:2:138825","properties":{"address":null,"attributes":{"Date_Installed":null,"LED_Powered":1,"LightID":"L031627","Light_Source":"LED","Light_Type":"Cobra","Lighting_Type":"LED-Powered Lamp","Verification_Date":null},"id":"stl-city-public-streetlights:2:138825","sourceLayerId":2,"sourceObjectId":138825,"sourceURL":"https://maps8.stlouis-mo.gov/arcgis/rest/services/STREETS/Streets_Permitting/MapServer/2","title":"Street light L031627"},"type":"Feature"},{"geometry":{"coordinates":[-90.20607500801533,38.64471770336443],"type":"Point"},"id":"stl-city-public-streetlights:2:138826","properties":{"address":null,"attributes":{"Date_Installed":null,"LED_Powered":1,"LightID":"L031628","Light_Source":"LED","Light_Type":"Cobra","Lighting_Type":"LED-Powered Lamp","Verification_Date":null},"id":"stl-city-public-streetlights:2:138826","sourceLayerId":2,"sourceObjectId":138826,"sourceURL":"https://maps8.stlouis-mo.gov/arcgis/rest/services/STREETS/Streets_Permitting/MapServer/2","title":"Street light L031628"},"type":"Feature"},{"geometry":{"coordinates":[-90.20647239036397,38.6448030809385],"type":"Point"},"id":"stl-city-public-streetlights:2:138827","properties":{"address":null,"attributes":{"Date_Installed":null,"LED_Powered":1,"LightID":"L031629","Light_Source":"LED","Light_Type":"Cobra","Lighting_Type":"LED-Powered Lamp","Verification_Date":null},"id":"stl-city-public-streetlights:2:138827","sourceLayerId":2,"sourceObjectId":138827,"sourceURL":"https://maps8.stlouis-mo.gov/arcgis/rest/services/STREETS/Streets_Permitting/MapServer/2","title":"Street light L031629"},"type":"Feature"},{"geometry":{"coordinates":[-90.2068914695458,38.64488994123418],"type":"Point"},"id":"stl-city-public-streetlights:2:138828","properties":{"address":null,"attributes":{"Date_Installed":null,"LED_Powered":1,"LightID":"L031630","Light_Source":"LED","Light_Type":"Cobra","Lighting_Type":"LED-Powered Lamp","Verification_Date":null},"id":"stl-city-public-streetlights:2:138828","sourceLayerId":2,"sourceObjectId":138828,"sourceURL":"https://maps8.stlouis-mo.gov/arcgis/rest/services/STREETS/Streets_Permitting/MapServer/2","title":"Street light L031630"},"type":"Feature"},{"geometry":{"coordinates":[-90.20734517435771,38.64498260728998],"type":"Point"},"id":"stl-city-public-streetlights:2:138829","properties":{"address":null,"attributes":{"Date_Installed":null,"LED_Powered":1,"LightID":"L031631","Light_Source":"LED","Light_Type":"Cobra","Lighting_Type":"LED-Powered Lamp","Verification_Date":null},"id":"stl-city-public-streetlights:2:138829","sourceLayerId":2,"sourceObjectId":138829,"sourceURL":"https://maps8.stlouis-mo.gov/arcgis/rest/services/STREETS/Streets_Permitting/MapServer/2","title":"Street light L031631"},"type":"Feature"},{"geometry":{"coordinates":[-90.20970546274887,38.644500394097],"type":"Point"},"id":"stl-city-public-streetlights:2:138836","properties":{"address":null,"attributes":{"Date_Installed":null,"LED_Powered":1,"LightID":"L031651","Light_Source":"LED","Light_Type":"Cobra","Lighting_Type":"LED-Powered Lamp","Verification_Date":1659312000000},"id":"stl-city-public-streetlights:2:138836","sourceLayerId":2,"sourceObjectId":138836,"sourceURL":"https://maps8.stlouis-mo.gov/arcgis/rest/services/STREETS/Streets_Permitting/MapServer/2","title":"Street light L031651"},"type":"Feature"},{"geometry":{"coordinates":[-90.20917397667651,38.644401107910994],"type":"Point"},"id":"stl-city-public-streetlights:2:138837","properties":{"address":null,"attributes":{"Date_Installed":null,"LED_Powered":1,"LightID":"L031652","Light_Source":"LED","Light_Type":"Cobra","Lighting_Type":"LED-Powered Lamp","Verification_Date":1659312000000},"id":"stl-city-public-streetlights:2:138837","sourceLayerId":2,"sourceObjectId":138837,"sourceURL":"https://maps8.stlouis-mo.gov/arcgis/rest/services/STREETS/Streets_Permitting/MapServer/2","title":"Street light L031652"},"type":"Feature"},{"geometry":{"coordinates":[-90.20860106366034,38.64427335167505],"type":"Point"},"id":"stl-city-public-streetlights:2:138838","properties":{"address":null,"attributes":{"Date_Installed":null,"LED_Powered":1,"LightID":"L031653","Light_Source":"LED","Light_Type":"Cobra","Lighting_Type":"LED-Powered Lamp","Verification_Date":1659312000000},"id":"stl-city-public-streetlights:2:138838","sourceLayerId":2,"sourceObjectId":138838,"sourceURL":"https://maps8.stlouis-mo.gov/arcgis/rest/services/STREETS/Streets_Permitting/MapServer/2","title":"Street light L031653"},"type":"Feature"},{"geometry":{"coordinates":[-90.20805898822015,38.64416306934064],"type":"Point"},"id":"stl-city-public-streetlights:2:138839","properties":{"address":null,"attributes":{"Date_Installed":null,"LED_Powered":1,"LightID":"L031654","Light_Source":"LED","Light_Type":"Cobra","Lighting_Type":"LED-Powered Lamp","Verification_Date":1659312000000},"id":"stl-city-public-streetlights:2:138839","sourceLayerId":2,"sourceObjectId":138839,"sourceURL":"https://maps8.stlouis-mo.gov/arcgis/rest/services/STREETS/Streets_Permitting/MapServer/2","title":"Street light L031654"},"type":"Feature"},{"geometry":{"coordinates":[-90.20750452505405,38.64404441130149],"type":"Point"},"id":"stl-city-public-streetlights:2:138840","properties":{"address":null,"attributes":{"Date_Installed":null,"LED_Powered":1,"LightID":"L031655","Light_Source":"LED","Light_Type":"Cobra","Lighting_Type":"LED-Powered Lamp","Verification_Date":1659312000000},"id":"stl-city-public-streetlights:2:138840","sourceLayerId":2,"sourceObjectId":138840,"sourceURL":"https://maps8.stlouis-mo.gov/arcgis/rest/services/STREETS/Streets_Permitting/MapServer/2","title":"Street light L031655"},"type":"Feature"},{"geometry":{"coordinates":[-90.20688504301833,38.643911285251704],"type":"Point"},"id":"stl-city-public-streetlights:2:138841","properties":{"address":null,"attributes":{"Date_Installed":null,"LED_Powered":1,"LightID":"L031656","Light_Source":"LED","Light_Type":"Cobra","Lighting_Type":"LED-Powered Lamp","Verification_Date":1659312000000},"id":"stl-city-public-streetlights:2:138841","sourceLayerId":2,"sourceObjectId":138841,"sourceURL":"https://maps8.stlouis-mo.gov/arcgis/rest/services/STREETS/Streets_Permitting/MapServer/2","title":"Street light L031656"},"type":"Feature"},{"geometry":{"coordinates":[-90.20627935693554,38.64378551477857],"type":"Point"},"id":"stl-city-public-streetlights:2:138842","properties":{"address":null,"attributes":{"Date_Installed":null,"LED_Powered":1,"LightID":"L031657","Light_Source":"LED","Light_Type":"Cobra","Lighting_Type":"LED-Powered Lamp","Verification_Date":1659312000000},"id":"stl-city-public-streetlights:2:138842","sourceLayerId":2,"sourceObjectId":138842,"sourceURL":"https://maps8.stlouis-mo.gov/arcgis/rest/services/STREETS/Streets_Permitting/MapServer/2","title":"Street light L031657"},"type":"Feature"},{"geometry":{"coordinates":[-90.20559793274036,38.64364757329508],"type":"Point"},"id":"stl-city-public-streetlights:2:138843","properties":{"address":null,"attributes":{"Date_Installed":null,"LED_Powered":1,"LightID":"L031658","Light_Source":"LED","Light_Type":"Cobra","Lighting_Type":"LED-Powered Lamp","Verification_Date":1646092800000},"id":"stl-city-public-streetlights:2:138843","sourceLayerId":2,"sourceObjectId":138843,"sourceURL":"https://maps8.stlouis-mo.gov/arcgis/rest/services/STREETS/Streets_Permitting/MapServer/2","title":"Street light L031658"},"type":"Feature"},{"geometry":{"coordinates":[-90.20972413309188,38.64457157272948],"type":"Point"},"id":"stl-city-public-streetlights:2:139460","properties":{"address":null,"attributes":{"Date_Installed":null,"LED_Powered":0,"LightID":"L032317","Light_Source":"High Pressure Sodium","Light_Type":"Cobra","Lighting_Type":"150-W High Pressure Sodium Vapor Lamp","Verification_Date":null},"id":"stl-city-public-streetlights:2:139460","sourceLayerId":2,"sourceObjectId":139460,"sourceURL":"https://maps8.stlouis-mo.gov/arcgis/rest/services/STREETS/Streets_Permitting/MapServer/2","title":"Street light L032317"},"type":"Feature"},{"geometry":{"coordinates":[-90.2079225795016,38.644286155905974],"type":"Point"},"id":"stl-city-public-streetlights:2:139461","properties":{"address":null,"attributes":{"Date_Installed":null,"LED_Powered":1,"LightID":"L032318","Light_Source":"LED","Light_Type":"Cobra","Lighting_Type":"LED-Powered Lamp","Verification_Date":null},"id":"stl-city-public-streetlights:2:139461","sourceLayerId":2,"sourceObjectId":139461,"sourceURL":"https://maps8.stlouis-mo.gov/arcgis/rest/services/STREETS/Streets_Permitting/MapServer/2","title":"Street light L032318"},"type":"Feature"},{"geometry":{"coordinates":[-90.209444114324,38.64430345533675],"type":"Point"},"id":"stl-city-public-streetlights:2:141342","properties":{"address":null,"attributes":{"Date_Installed":null,"LED_Powered":1,"LightID":"L034199","Light_Source":"LED","Light_Type":"Cobra","Lighting_Type":"LED-Powered Lamp","Verification_Date":1659312000000},"id":"stl-city-public-streetlights:2:141342","sourceLayerId":2,"sourceObjectId":141342,"sourceURL":"https://maps8.stlouis-mo.gov/arcgis/rest/services/STREETS/Streets_Permitting/MapServer/2","title":"Street light L034199"},"type":"Feature"},{"geometry":{"coordinates":[-90.20894508338259,38.64418810029587],"type":"Point"},"id":"stl-city-public-streetlights:2:141343","properties":{"address":null,"attributes":{"Date_Installed":null,"LED_Powered":1,"LightID":"L034200","Light_Source":"LED","Light_Type":"Cobra","Lighting_Type":"LED-Powered Lamp","Verification_Date":1659312000000},"id":"stl-city-public-streetlights:2:141343","sourceLayerId":2,"sourceObjectId":141343,"sourceURL":"https://maps8.stlouis-mo.gov/arcgis/rest/services/STREETS/Streets_Permitting/MapServer/2","title":"Street light L034200"},"type":"Feature"},{"geometry":{"coordinates":[-90.2084256070908,38.6440698309515],"type":"Point"},"id":"stl-city-public-streetlights:2:141344","properties":{"address":null,"attributes":{"Date_Installed":null,"LED_Powered":1,"LightID":"L034201","Light_Source":"LED","Light_Type":"Cobra","Lighting_Type":"LED-Powered Lamp","Verification_Date":1659312000000},"id":"stl-city-public-streetlights:2:141344","sourceLayerId":2,"sourceObjectId":141344,"sourceURL":"https://maps8.stlouis-mo.gov/arcgis/rest/services/STREETS/Streets_Permitting/MapServer/2","title":"Street light L034201"},"type":"Feature"},{"geometry":{"coordinates":[-90.20777910441657,38.64393831163198],"type":"Point"},"id":"stl-city-public-streetlights:2:141345","properties":{"address":null,"attributes":{"Date_Installed":null,"LED_Powered":1,"LightID":"L034202","Light_Source":"LED","Light_Type":"Cobra","Lighting_Type":"LED-Powered Lamp","Verification_Date":1659312000000},"id":"stl-city-public-streetlights:2:141345","sourceLayerId":2,"sourceObjectId":141345,"sourceURL":"https://maps8.stlouis-mo.gov/arcgis/rest/services/STREETS/Streets_Permitting/MapServer/2","title":"Street light L034202"},"type":"Feature"},{"geometry":{"coordinates":[-90.20720395739463,38.64381483300086],"type":"Point"},"id":"stl-city-public-streetlights:2:141346","properties":{"address":null,"attributes":{"Date_Installed":null,"LED_Powered":1,"LightID":"L034203","Light_Source":"LED","Light_Type":"Cobra","Lighting_Type":"LED-Powered Lamp","Verification_Date":1659312000000},"id":"stl-city-public-streetlights:2:141346","sourceLayerId":2,"sourceObjectId":141346,"sourceURL":"https://maps8.stlouis-mo.gov/arcgis/rest/services/STREETS/Streets_Permitting/MapServer/2","title":"Street light L034203"},"type":"Feature"},{"geometry":{"coordinates":[-90.20660692035736,38.64369382634056],"type":"Point"},"id":"stl-city-public-streetlights:2:141347","properties":{"address":null,"attributes":{"Date_Installed":null,"LED_Powered":1,"LightID":"L034204","Light_Source":"LED","Light_Type":"Cobra","Lighting_Type":"LED-Powered Lamp","Verification_Date":1659312000000},"id":"stl-city-public-streetlights:2:141347","sourceLayerId":2,"sourceObjectId":141347,"sourceURL":"https://maps8.stlouis-mo.gov/arcgis/rest/services/STREETS/Streets_Permitting/MapServer/2","title":"Street light L034204"},"type":"Feature"},{"geometry":{"coordinates":[-90.20599095888205,38.64356275210241],"type":"Point"},"id":"stl-city-public-streetlights:2:141348","properties":{"address":null,"attributes":{"Date_Installed":null,"LED_Powered":1,"LightID":"L034205","Light_Source":"LED","Light_Type":"Cobra","Lighting_Type":"LED-Powered Lamp","Verification_Date":1659312000000},"id":"stl-city-public-streetlights:2:141348","sourceLayerId":2,"sourceObjectId":141348,"sourceURL":"https://maps8.stlouis-mo.gov/arcgis/rest/services/STREETS/Streets_Permitting/MapServer/2","title":"Street light L034205"},"type":"Feature"},{"geometry":{"coordinates":[-90.2054018137175,38.64344495007079],"type":"Point"},"id":"stl-city-public-streetlights:2:141349","properties":{"address":null,"attributes":{"Date_Installed":null,"LED_Powered":1,"LightID":"L034206","Light_Source":"LED","Light_Type":"Cobra","Lighting_Type":"LED-Powered Lamp","Verification_Date":1646092800000},"id":"stl-city-public-streetlights:2:141349","sourceLayerId":2,"sourceObjectId":141349,"sourceURL":"https://maps8.stlouis-mo.gov/arcgis/rest/services/STREETS/Streets_Permitting/MapServer/2","title":"Street light L034206"},"type":"Feature"},{"geometry":{"coordinates":[-90.20533209806578,38.64326099604804],"type":"Point"},"id":"stl-city-public-streetlights:2:141350","properties":{"address":null,"attributes":{"Date_Installed":null,"LED_Powered":0,"LightID":"L034207","Light_Source":"LED","Light_Type":"Cobra","Lighting_Type":"LED-Powered Lamp","Verification_Date":null},"id":"stl-city-public-streetlights:2:141350","sourceLayerId":2,"sourceObjectId":141350,"sourceURL":"https://maps8.stlouis-mo.gov/arcgis/rest/services/STREETS/Streets_Permitting/MapServer/2","title":"Street light L034207"},"type":"Feature"},{"geometry":{"coordinates":[-90.20546318116475,38.642868031757786],"type":"Point"},"id":"stl-city-public-streetlights:2:141351","properties":{"address":null,"attributes":{"Date_Installed":null,"LED_Powered":0,"LightID":"L034208","Light_Source":"LED","Light_Type":"Cobra","Lighting_Type":"LED-Powered Lamp","Verification_Date":null},"id":"stl-city-public-streetlights:2:141351","sourceLayerId":2,"sourceObjectId":141351,"sourceURL":"https://maps8.stlouis-mo.gov/arcgis/rest/services/STREETS/Streets_Permitting/MapServer/2","title":"Street light L034208"},"type":"Feature"},{"geometry":{"coordinates":[-90.20559787113402,38.642484551009204],"type":"Point"},"id":"stl-city-public-streetlights:2:141352","properties":{"address":null,"attributes":{"Date_Installed":null,"LED_Powered":0,"LightID":"L034209","Light_Source":"LED","Light_Type":"Cobra","Lighting_Type":"LED-Powered Lamp","Verification_Date":null},"id":"stl-city-public-streetlights:2:141352","sourceLayerId":2,"sourceObjectId":141352,"sourceURL":"https://maps8.stlouis-mo.gov/arcgis/rest/services/STREETS/Streets_Permitting/MapServer/2","title":"Street light L034209"},"type":"Feature"},{"geometry":{"coordinates":[-90.20572592558446,38.642088240955964],"type":"Point"},"id":"stl-city-public-streetlights:2:141353","properties":{"address":null,"attributes":{"Date_Installed":null,"LED_Powered":0,"LightID":"L034210","Light_Source":"LED","Light_Type":"Cobra","Lighting_Type":"LED-Powered Lamp","Verification_Date":null},"id":"stl-city-public-streetlights:2:141353","sourceLayerId":2,"sourceObjectId":141353,"sourceURL":"https://maps8.stlouis-mo.gov/arcgis/rest/services/STREETS/Streets_Permitting/MapServer/2","title":"Street light L034210"},"type":"Feature"},{"geometry":{"coordinates":[-90.20586367755656,38.64169824872074],"type":"Point"},"id":"stl-city-public-streetlights:2:141354","properties":{"address":null,"attributes":{"Date_Installed":null,"LED_Powered":0,"LightID":"L034211","Light_Source":"LED","Light_Type":"Cobra","Lighting_Type":"LED-Powered Lamp","Verification_Date":null},"id":"stl-city-public-streetlights:2:141354","sourceLayerId":2,"sourceObjectId":141354,"sourceURL":"https://maps8.stlouis-mo.gov/arcgis/rest/services/STREETS/Streets_Permitting/MapServer/2","title":"Street light L034211"},"type":"Feature"},{"geometry":{"coordinates":[-90.2059694963906,38.641387692949515],"type":"Point"},"id":"stl-city-public-streetlights:2:141355","properties":{"address":null,"attributes":{"Date_Installed":null,"LED_Powered":0,"LightID":"L034212","Light_Source":"LED","Light_Type":"Cobra","Lighting_Type":"LED-Powered Lamp","Verification_Date":null},"id":"stl-city-public-streetlights:2:141355","sourceLayerId":2,"sourceObjectId":141355,"sourceURL":"https://maps8.stlouis-mo.gov/arcgis/rest/services/STREETS/Streets_Permitting/MapServer/2","title":"Street light L034212"},"type":"Feature"},{"geometry":{"coordinates":[-90.20609744322626,38.64101674394831],"type":"Point"},"id":"stl-city-public-streetlights:2:141356","properties":{"address":null,"attributes":{"Date_Installed":null,"LED_Powered":0,"LightID":"L034213","Light_Source":"LED","Light_Type":"Cobra","Lighting_Type":"LED-Powered Lamp","Verification_Date":null},"id":"stl-city-public-streetlights:2:141356","sourceLayerId":2,"sourceObjectId":141356,"sourceURL":"https://maps8.stlouis-mo.gov/arcgis/rest/services/STREETS/Streets_Permitting/MapServer/2","title":"Street light L034213"},"type":"Feature"},{"geometry":{"coordinates":[-90.2059725638083,38.6406369597587],"type":"Point"},"id":"stl-city-public-streetlights:2:141357","properties":{"address":null,"attributes":{"Date_Installed":null,"LED_Powered":0,"LightID":"L034214","Light_Source":"LED","Light_Type":"Cobra","Lighting_Type":"LED-Powered Lamp","Verification_Date":null},"id":"stl-city-public-streetlights:2:141357","sourceLayerId":2,"sourceObjectId":141357,"sourceURL":"https://maps8.stlouis-mo.gov/arcgis/rest/services/STREETS/Streets_Permitting/MapServer/2","title":"Street light L034214"},"type":"Feature"},{"geometry":{"coordinates":[-90.20583062519353,38.64026743057615],"type":"Point"},"id":"stl-city-public-streetlights:2:141358","properties":{"address":null,"attributes":{"Date_Installed":null,"LED_Powered":0,"LightID":"L034215","Light_Source":"LED","Light_Type":"Cobra","Lighting_Type":"LED-Powered Lamp","Verification_Date":null},"id":"stl-city-public-streetlights:2:141358","sourceLayerId":2,"sourceObjectId":141358,"sourceURL":"https://maps8.stlouis-mo.gov/arcgis/rest/services/STREETS/Streets_Permitting/MapServer/2","title":"Street light L034215"},"type":"Feature"},{"geometry":{"coordinates":[-90.2070176315932,38.64060959461133],"type":"Point"},"id":"stl-city-public-streetlights:2:141366","properties":{"address":null,"attributes":{"Date_Installed":null,"LED_Powered":0,"LightID":"L034223","Light_Source":"LED","Light_Type":"Cobra","Lighting_Type":"LED-Powered Lamp","Verification_Date":null},"id":"stl-city-public-streetlights:2:141366","sourceLayerId":2,"sourceObjectId":141366,"sourceURL":"https://maps8.stlouis-mo.gov/arcgis/rest/services/STREETS/Streets_Permitting/MapServer/2","title":"Street light L034223"},"type":"Feature"},{"geometry":{"coordinates":[-90.2071912329401,38.64011196222366],"type":"Point"},"id":"stl-city-public-streetlights:2:141367","properties":{"address":null,"attributes":{"Date_Installed":null,"LED_Powered":0,"LightID":"L034224","Light_Source":"LED","Light_Type":"Cobra","Lighting_Type":"LED-Powered Lamp","Verification_Date":null},"id":"stl-city-public-streetlights:2:141367","sourceLayerId":2,"sourceObjectId":141367,"sourceURL":"https://maps8.stlouis-mo.gov/arcgis/rest/services/STREETS/Streets_Permitting/MapServer/2","title":"Street light L034224"},"type":"Feature"},{"geometry":{"coordinates":[-90.20791240634918,38.640092491372016],"type":"Point"},"id":"stl-city-public-streetlights:2:141371","properties":{"address":null,"attributes":{"Date_Installed":null,"LED_Powered":0,"LightID":"L034228","Light_Source":"LED","Light_Type":"Cobra","Lighting_Type":"LED-Powered Lamp","Verification_Date":null},"id":"stl-city-public-streetlights:2:141371","sourceLayerId":2,"sourceObjectId":141371,"sourceURL":"https://maps8.stlouis-mo.gov/arcgis/rest/services/STREETS/Streets_Permitting/MapServer/2","title":"Street light L034228"},"type":"Feature"},{"geometry":{"coordinates":[-90.208450773348,38.64013518952799],"type":"Point"},"id":"stl-city-public-streetlights:2:141372","properties":{"address":null,"attributes":{"Date_Installed":null,"LED_Powered":0,"LightID":"L034229","Light_Source":"LED","Light_Type":"Cobra","Lighting_Type":"LED-Powered Lamp","Verification_Date":null},"id":"stl-city-public-streetlights:2:141372","sourceLayerId":2,"sourceObjectId":141372,"sourceURL":"https://maps8.stlouis-mo.gov/arcgis/rest/services/STREETS/Streets_Permitting/MapServer/2","title":"Street light L034229"},"type":"Feature"},{"geometry":{"coordinates":[-90.20073174726025,38.64410402048602],"type":"Point"},"id":"stl-city-public-streetlights:2:141405","properties":{"address":null,"attributes":{"Date_Installed":null,"LED_Powered":0,"LightID":"L034262","Light_Source":"LED","Light_Type":"Cobra","Lighting_Type":"LED-Powered Lamp","Verification_Date":null},"id":"stl-city-public-streetlights:2:141405","sourceLayerId":2,"sourceObjectId":141405,"sourceURL":"https://maps8.stlouis-mo.gov/arcgis/rest/services/STREETS/Streets_Permitting/MapServer/2","title":"Street light L034262"},"type":"Feature"},{"geometry":{"coordinates":[-90.20029001207001,38.64400869012245],"type":"Point"},"id":"stl-city-public-streetlights:2:141406","properties":{"address":null,"attributes":{"Date_Installed":null,"LED_Powered":0,"LightID":"L034263","Light_Source":"LED","Light_Type":"Cobra","Lighting_Type":"LED-Powered Lamp","Verification_Date":null},"id":"stl-city-public-streetlights:2:141406","sourceLayerId":2,"sourceObjectId":141406,"sourceURL":"https://maps8.stlouis-mo.gov/arcgis/rest/services/STREETS/Streets_Permitting/MapServer/2","title":"Street light L034263"},"type":"Feature"},{"geometry":{"coordinates":[-90.20502706227852,38.643520281267236],"type":"Point"},"id":"stl-city-public-streetlights:2:141415","properties":{"address":null,"attributes":{"Date_Installed":null,"LED_Powered":0,"LightID":"L034272","Light_Source":"LED","Light_Type":"Cobra","Lighting_Type":"LED-Powered Lamp","Verification_Date":1661990400000},"id":"stl-city-public-streetlights:2:141415","sourceLayerId":2,"sourceObjectId":141415,"sourceURL":"https://maps8.stlouis-mo.gov/arcgis/rest/services/STREETS/Streets_Permitting/MapServer/2","title":"Street light L034272"},"type":"Feature"},{"geometry":{"coordinates":[-90.20438837692906,38.643388047618146],"type":"Point"},"id":"stl-city-public-streetlights:2:141416","properties":{"address":null,"attributes":{"Date_Installed":null,"LED_Powered":1,"LightID":"L034273","Light_Source":"LED","Light_Type":"Cobra","Lighting_Type":"LED-Powered Lamp","Verification_Date":1661990400000},"id":"stl-city-public-streetlights:2:141416","sourceLayerId":2,"sourceObjectId":141416,"sourceURL":"https://maps8.stlouis-mo.gov/arcgis/rest/services/STREETS/Streets_Permitting/MapServer/2","title":"Street light L034273"},"type":"Feature"},{"geometry":{"coordinates":[-90.20378287543984,38.64325780078765],"type":"Point"},"id":"stl-city-public-streetlights:2:141417","properties":{"address":null,"attributes":{"Date_Installed":null,"LED_Powered":1,"LightID":"L034274","Light_Source":"LED","Light_Type":"Cobra","Lighting_Type":"LED-Powered Lamp","Verification_Date":1661990400000},"id":"stl-city-public-streetlights:2:141417","sourceLayerId":2,"sourceObjectId":141417,"sourceURL":"https://maps8.stlouis-mo.gov/arcgis/rest/services/STREETS/Streets_Permitting/MapServer/2","title":"Street light L034274"},"type":"Feature"},{"geometry":{"coordinates":[-90.2032154930018,38.643141377965414],"type":"Point"},"id":"stl-city-public-streetlights:2:141418","properties":{"address":null,"attributes":{"Date_Installed":null,"LED_Powered":0,"LightID":"L034275","Light_Source":"LED","Light_Type":"Cobra","Lighting_Type":"LED-Powered Lamp","Verification_Date":null},"id":"stl-city-public-streetlights:2:141418","sourceLayerId":2,"sourceObjectId":141418,"sourceURL":"https://maps8.stlouis-mo.gov/arcgis/rest/services/STREETS/Streets_Permitting/MapServer/2","title":"Street light L034275"},"type":"Feature"},{"geometry":{"coordinates":[-90.20261697372756,38.64301400403383],"type":"Point"},"id":"stl-city-public-streetlights:2:141419","properties":{"address":null,"attributes":{"Date_Installed":null,"LED_Powered":0,"LightID":"L034276","Light_Source":"LED","Light_Type":"Cobra","Lighting_Type":"LED-Powered Lamp","Verification_Date":null},"id":"stl-city-public-streetlights:2:141419","sourceLayerId":2,"sourceObjectId":141419,"sourceURL":"https://maps8.stlouis-mo.gov/arcgis/rest/services/STREETS/Streets_Permitting/MapServer/2","title":"Street light L034276"},"type":"Feature"},{"geometry":{"coordinates":[-90.20198292136745,38.642880815890955],"type":"Point"},"id":"stl-city-public-streetlights:2:141420","properties":{"address":null,"attributes":{"Date_Installed":null,"LED_Powered":0,"LightID":"L034277","Light_Source":"LED","Light_Type":"Cobra","Lighting_Type":"LED-Powered Lamp","Verification_Date":null},"id":"stl-city-public-streetlights:2:141420","sourceLayerId":2,"sourceObjectId":141420,"sourceURL":"https://maps8.stlouis-mo.gov/arcgis/rest/services/STREETS/Streets_Permitting/MapServer/2","title":"Street light L034277"},"type":"Feature"},{"geometry":{"coordinates":[-90.20139404603955,38.64275960973122],"type":"Point"},"id":"stl-city-public-streetlights:2:141421","properties":{"address":null,"attributes":{"Date_Installed":null,"LED_Powered":0,"LightID":"L034278","Light_Source":"LED","Light_Type":"Cobra","Lighting_Type":"LED-Powered Lamp","Verification_Date":1648771200000},"id":"stl-city-public-streetlights:2:141421","sourceLayerId":2,"sourceObjectId":141421,"sourceURL":"https://maps8.stlouis-mo.gov/arcgis/rest/services/STREETS/Streets_Permitting/MapServer/2","title":"Street light L034278"},"type":"Feature"},{"geometry":{"coordinates":[-90.20075743874605,38.64262783813521],"type":"Point"},"id":"stl-city-public-streetlights:2:141422","properties":{"address":null,"attributes":{"Date_Installed":null,"LED_Powered":1,"LightID":"L034279","Light_Source":"LED","Light_Type":"Cobra","Lighting_Type":"LED-Powered Lamp","Verification_Date":1646092800000},"id":"stl-city-public-streetlights:2:141422","sourceLayerId":2,"sourceObjectId":141422,"sourceURL":"https://maps8.stlouis-mo.gov/arcgis/rest/services/STREETS/Streets_Permitting/MapServer/2","title":"Street light L034279"},"type":"Feature"},{"geometry":{"coordinates":[-90.20010646985723,38.642486015594],"type":"Point"},"id":"stl-city-public-streetlights:2:141423","properties":{"address":null,"attributes":{"Date_Installed":null,"LED_Powered":1,"LightID":"L034280","Light_Source":"LED","Light_Type":"Cobra","Lighting_Type":"LED-Powered Lamp","Verification_Date":1646092800000},"id":"stl-city-public-streetlights:2:141423","sourceLayerId":2,"sourceObjectId":141423,"sourceURL":"https://maps8.stlouis-mo.gov/arcgis/rest/services/STREETS/Streets_Permitting/MapServer/2","title":"Street light L034280"},"type":"Feature"},{"geometry":{"coordinates":[-90.20053587128659,38.642409886008096],"type":"Point"},"id":"stl-city-public-streetlights:2:141435","properties":{"address":null,"attributes":{"Date_Installed":"2021-05-12","LED_Powered":1,"LightID":"L034292","Light_Source":"LED","Light_Type":"Cobra","Lighting_Type":"5G Pole - 5G Pole -5G Pole - 1A","Verification_Date":1648771200000},"id":"stl-city-public-streetlights:2:141435","sourceLayerId":2,"sourceObjectId":141435,"sourceURL":"https://maps8.stlouis-mo.gov/arcgis/rest/services/STREETS/Streets_Permitting/MapServer/2","title":"Street light L034292"},"type":"Feature"},{"geometry":{"coordinates":[-90.20108803433403,38.64252145057797],"type":"Point"},"id":"stl-city-public-streetlights:2:141436","properties":{"address":null,"attributes":{"Date_Installed":null,"LED_Powered":1,"LightID":"L034293","Light_Source":"LED","Light_Type":"Cobra","Lighting_Type":"LED-Powered Lamp","Verification_Date":1648771200000},"id":"stl-city-public-streetlights:2:141436","sourceLayerId":2,"sourceObjectId":141436,"sourceURL":"https://maps8.stlouis-mo.gov/arcgis/rest/services/STREETS/Streets_Permitting/MapServer/2","title":"Street light L034293"},"type":"Feature"},{"geometry":{"coordinates":[-90.2017190521364,38.642660326744895],"type":"Point"},"id":"stl-city-public-streetlights:2:141437","properties":{"address":null,"attributes":{"Date_Installed":null,"LED_Powered":1,"LightID":"L034294","Light_Source":"LED","Light_Type":"Cobra","Lighting_Type":"LED-Powered Lamp","Verification_Date":1648771200000},"id":"stl-city-public-streetlights:2:141437","sourceLayerId":2,"sourceObjectId":141437,"sourceURL":"https://maps8.stlouis-mo.gov/arcgis/rest/services/STREETS/Streets_Permitting/MapServer/2","title":"Street light L034294"},"type":"Feature"},{"geometry":{"coordinates":[-90.20231151513816,38.64279584199675],"type":"Point"},"id":"stl-city-public-streetlights:2:141438","properties":{"address":null,"attributes":{"Date_Installed":null,"LED_Powered":1,"LightID":"L034295","Light_Source":"LED","Light_Type":"Cobra","Lighting_Type":"LED-Powered Lamp","Verification_Date":1648771200000},"id":"stl-city-public-streetlights:2:141438","sourceLayerId":2,"sourceObjectId":141438,"sourceURL":"https://maps8.stlouis-mo.gov/arcgis/rest/services/STREETS/Streets_Permitting/MapServer/2","title":"Street light L034295"},"type":"Feature"},{"geometry":{"coordinates":[-90.20291548555808,38.64292752226482],"type":"Point"},"id":"stl-city-public-streetlights:2:141439","properties":{"address":null,"attributes":{"Date_Installed":null,"LED_Powered":0,"LightID":"L034296","Light_Source":"LED","Light_Type":"Cobra","Lighting_Type":"LED-Powered Lamp","Verification_Date":1648771200000},"id":"stl-city-public-streetlights:2:141439","sourceLayerId":2,"sourceObjectId":141439,"sourceURL":"https://maps8.stlouis-mo.gov/arcgis/rest/services/STREETS/Streets_Permitting/MapServer/2","title":"Street light L034296"},"type":"Feature"},{"geometry":{"coordinates":[-90.20552933368626,38.64197741541439],"type":"Point"},"id":"stl-city-public-streetlights:2:141440","properties":{"address":null,"attributes":{"Date_Installed":null,"LED_Powered":0,"LightID":"L034297","Light_Source":"High Pressure Sodium","Light_Type":"Cobra","Lighting_Type":"250-W High Pressure Sodium Vapor Lamp","Verification_Date":null},"id":"stl-city-public-streetlights:2:141440","sourceLayerId":2,"sourceObjectId":141440,"sourceURL":"https://maps8.stlouis-mo.gov/arcgis/rest/services/STREETS/Streets_Permitting/MapServer/2","title":"Street light L034297"},"type":"Feature"},{"geometry":{"coordinates":[-90.20524389609191,38.64191591458157],"type":"Point"},"id":"stl-city-public-streetlights:2:141441","properties":{"address":null,"attributes":{"Date_Installed":null,"LED_Powered":0,"LightID":"L034298","Light_Source":"High Pressure Sodium","Light_Type":"Cobra","Lighting_Type":"250-W High Pressure Sodium Vapor Lamp","Verification_Date":null},"id":"stl-city-public-streetlights:2:141441","sourceLayerId":2,"sourceObjectId":141441,"sourceURL":"https://maps8.stlouis-mo.gov/arcgis/rest/services/STREETS/Streets_Permitting/MapServer/2","title":"Street light L034298"},"type":"Feature"},{"geometry":{"coordinates":[-90.20491442050384,38.6418471516341],"type":"Point"},"id":"stl-city-public-streetlights:2:141442","properties":{"address":null,"attributes":{"Date_Installed":null,"LED_Powered":0,"LightID":"L034299","Light_Source":"High Pressure Sodium","Light_Type":"Cobra","Lighting_Type":"250-W High Pressure Sodium Vapor Lamp","Verification_Date":null},"id":"stl-city-public-streetlights:2:141442","sourceLayerId":2,"sourceObjectId":141442,"sourceURL":"https://maps8.stlouis-mo.gov/arcgis/rest/services/STREETS/Streets_Permitting/MapServer/2","title":"Street light L034299"},"type":"Feature"},{"geometry":{"coordinates":[-90.20460893558477,38.641783214935025],"type":"Point"},"id":"stl-city-public-streetlights:2:141443","properties":{"address":null,"attributes":{"Date_Installed":null,"LED_Powered":0,"LightID":"L034300","Light_Source":"High Pressure Sodium","Light_Type":"Cobra","Lighting_Type":"250-W High Pressure Sodium Vapor Lamp","Verification_Date":null},"id":"stl-city-public-streetlights:2:141443","sourceLayerId":2,"sourceObjectId":141443,"sourceURL":"https://maps8.stlouis-mo.gov/arcgis/rest/services/STREETS/Streets_Permitting/MapServer/2","title":"Street light L034300"},"type":"Feature"},{"geometry":{"coordinates":[-90.20429009679178,38.64171447708585],"type":"Point"},"id":"stl-city-public-streetlights:2:141444","properties":{"address":null,"attributes":{"Date_Installed":null,"LED_Powered":0,"LightID":"L034301","Light_Source":"High Pressure Sodium","Light_Type":"Cobra","Lighting_Type":"250-W High Pressure Sodium Vapor Lamp","Verification_Date":null},"id":"stl-city-public-streetlights:2:141444","sourceLayerId":2,"sourceObjectId":141444,"sourceURL":"https://maps8.stlouis-mo.gov/arcgis/rest/services/STREETS/Streets_Permitting/MapServer/2","title":"Street light L034301"},"type":"Feature"},{"geometry":{"coordinates":[-90.20404232356933,38.64174366453908],"type":"Point"},"id":"stl-city-public-streetlights:2:141445","properties":{"address":null,"attributes":{"Date_Installed":null,"LED_Powered":0,"LightID":"L034302","Light_Source":"High Pressure Sodium","Light_Type":"Cobra","Lighting_Type":"250-W High Pressure Sodium Vapor Lamp","Verification_Date":null},"id":"stl-city-public-streetlights:2:141445","sourceLayerId":2,"sourceObjectId":141445,"sourceURL":"https://maps8.stlouis-mo.gov/arcgis/rest/services/STREETS/Streets_Permitting/MapServer/2","title":"Street light L034302"},"type":"Feature"},{"geometry":{"coordinates":[-90.20398141731552,38.641920851188225],"type":"Point"},"id":"stl-city-public-streetlights:2:141904","properties":{"address":null,"attributes":{"Date_Installed":null,"LED_Powered":0,"LightID":"L034761","Light_Source":"High Pressure Sodium","Light_Type":"Cobra","Lighting_Type":"250-W High Pressure Sodium Vapor Lamp","Verification_Date":null},"id":"stl-city-public-streetlights:2:141904","sourceLayerId":2,"sourceObjectId":141904,"sourceURL":"https://maps8.stlouis-mo.gov/arcgis/rest/services/STREETS/Streets_Permitting/MapServer/2","title":"Street light L034761"},"type":"Feature"},{"geometry":{"coordinates":[-90.20389807309284,38.64215923870333],"type":"Point"},"id":"stl-city-public-streetlights:2:141905","properties":{"address":null,"attributes":{"Date_Installed":null,"LED_Powered":0,"LightID":"L034762","Light_Source":"High Pressure Sodium","Light_Type":"Cobra","Lighting_Type":"250-W High Pressure Sodium Vapor Lamp","Verification_Date":null},"id":"stl-city-public-streetlights:2:141905","sourceLayerId":2,"sourceObjectId":141905,"sourceURL":"https://maps8.stlouis-mo.gov/arcgis/rest/services/STREETS/Streets_Permitting/MapServer/2","title":"Street light L034762"},"type":"Feature"},{"geometry":{"coordinates":[-90.20381928727254,38.64239739985451],"type":"Point"},"id":"stl-city-public-streetlights:2:141906","properties":{"address":null,"attributes":{"Date_Installed":null,"LED_Powered":0,"LightID":"L034763","Light_Source":"High Pressure Sodium","Light_Type":"Cobra","Lighting_Type":"250-W High Pressure Sodium Vapor Lamp","Verification_Date":null},"id":"stl-city-public-streetlights:2:141906","sourceLayerId":2,"sourceObjectId":141906,"sourceURL":"https://maps8.stlouis-mo.gov/arcgis/rest/services/STREETS/Streets_Permitting/MapServer/2","title":"Street light L034763"},"type":"Feature"},{"geometry":{"coordinates":[-90.20373840728791,38.64262764133735],"type":"Point"},"id":"stl-city-public-streetlights:2:141907","properties":{"address":null,"attributes":{"Date_Installed":null,"LED_Powered":0,"LightID":"L034764","Light_Source":"High Pressure Sodium","Light_Type":"Cobra","Lighting_Type":"250-W High Pressure Sodium Vapor Lamp","Verification_Date":null},"id":"stl-city-public-streetlights:2:141907","sourceLayerId":2,"sourceObjectId":141907,"sourceURL":"https://maps8.stlouis-mo.gov/arcgis/rest/services/STREETS/Streets_Permitting/MapServer/2","title":"Street light L034764"},"type":"Feature"},{"geometry":{"coordinates":[-90.20362153160714,38.642963434203885],"type":"Point"},"id":"stl-city-public-streetlights:2:141908","properties":{"address":null,"attributes":{"Date_Installed":null,"LED_Powered":0,"LightID":"L034765","Light_Source":"High Pressure Sodium","Light_Type":"Cobra","Lighting_Type":"250-W High Pressure Sodium Vapor Lamp","Verification_Date":null},"id":"stl-city-public-streetlights:2:141908","sourceLayerId":2,"sourceObjectId":141908,"sourceURL":"https://maps8.stlouis-mo.gov/arcgis/rest/services/STREETS/Streets_Permitting/MapServer/2","title":"Street light L034765"},"type":"Feature"},{"geometry":{"coordinates":[-90.20145945567873,38.642916262711594],"type":"Point"},"id":"stl-city-public-streetlights:2:141909","properties":{"address":null,"attributes":{"Date_Installed":null,"LED_Powered":0,"LightID":"L034766","Light_Source":"LED","Light_Type":"Cobra","Lighting_Type":"LED-Powered Lamp","Verification_Date":null},"id":"stl-city-public-streetlights:2:141909","sourceLayerId":2,"sourceObjectId":141909,"sourceURL":"https://maps8.stlouis-mo.gov/arcgis/rest/services/STREETS/Streets_Permitting/MapServer/2","title":"Street light L034766"},"type":"Feature"},{"geometry":{"coordinates":[-90.2013265601559,38.64330111436681],"type":"Point"},"id":"stl-city-public-streetlights:2:141910","properties":{"address":null,"attributes":{"Date_Installed":null,"LED_Powered":0,"LightID":"L034767","Light_Source":"LED","Light_Type":"Cobra","Lighting_Type":"LED-Powered Lamp","Verification_Date":null},"id":"stl-city-public-streetlights:2:141910","sourceLayerId":2,"sourceObjectId":141910,"sourceURL":"https://maps8.stlouis-mo.gov/arcgis/rest/services/STREETS/Streets_Permitting/MapServer/2","title":"Street light L034767"},"type":"Feature"},{"geometry":{"coordinates":[-90.20122804790404,38.64360348548327],"type":"Point"},"id":"stl-city-public-streetlights:2:141911","properties":{"address":null,"attributes":{"Date_Installed":null,"LED_Powered":0,"LightID":"L034768","Light_Source":"LED","Light_Type":"Cobra","Lighting_Type":"LED-Powered Lamp","Verification_Date":null},"id":"stl-city-public-streetlights:2:141911","sourceLayerId":2,"sourceObjectId":141911,"sourceURL":"https://maps8.stlouis-mo.gov/arcgis/rest/services/STREETS/Streets_Permitting/MapServer/2","title":"Street light L034768"},"type":"Feature"},{"geometry":{"coordinates":[-90.20111734960388,38.6439121171683],"type":"Point"},"id":"stl-city-public-streetlights:2:141912","properties":{"address":null,"attributes":{"Date_Installed":null,"LED_Powered":0,"LightID":"L034769","Light_Source":"LED","Light_Type":"Cobra","Lighting_Type":"LED-Powered Lamp","Verification_Date":null},"id":"stl-city-public-streetlights:2:141912","sourceLayerId":2,"sourceObjectId":141912,"sourceURL":"https://maps8.stlouis-mo.gov/arcgis/rest/services/STREETS/Streets_Permitting/MapServer/2","title":"Street light L034769"},"type":"Feature"},{"geometry":{"coordinates":[-90.20062101531475,38.642665748918716],"type":"Point"},"id":"stl-city-public-streetlights:2:141913","properties":{"address":null,"attributes":{"Date_Installed":null,"LED_Powered":0,"LightID":"L034770","Light_Source":"LED","Light_Type":"Cobra","Lighting_Type":"LED-Powered Lamp","Verification_Date":null},"id":"stl-city-public-streetlights:2:141913","sourceLayerId":2,"sourceObjectId":141913,"sourceURL":"https://maps8.stlouis-mo.gov/arcgis/rest/services/STREETS/Streets_Permitting/MapServer/2","title":"Street light L034770"},"type":"Feature"},{"geometry":{"coordinates":[-90.20051944874996,38.642971186382766],"type":"Point"},"id":"stl-city-public-streetlights:2:141914","properties":{"address":null,"attributes":{"Date_Installed":null,"LED_Powered":0,"LightID":"L034771","Light_Source":"LED","Light_Type":"Cobra","Lighting_Type":"LED-Powered Lamp","Verification_Date":null},"id":"stl-city-public-streetlights:2:141914","sourceLayerId":2,"sourceObjectId":141914,"sourceURL":"https://maps8.stlouis-mo.gov/arcgis/rest/services/STREETS/Streets_Permitting/MapServer/2","title":"Street light L034771"},"type":"Feature"},{"geometry":{"coordinates":[-90.20045142479063,38.64321316279944],"type":"Point"},"id":"stl-city-public-streetlights:2:141915","properties":{"address":null,"attributes":{"Date_Installed":null,"LED_Powered":0,"LightID":"L034772","Light_Source":"LED","Light_Type":"Cobra","Lighting_Type":"LED-Powered Lamp","Verification_Date":null},"id":"stl-city-public-streetlights:2:141915","sourceLayerId":2,"sourceObjectId":141915,"sourceURL":"https://maps8.stlouis-mo.gov/arcgis/rest/services/STREETS/Streets_Permitting/MapServer/2","title":"Street light L034772"},"type":"Feature"},{"geometry":{"coordinates":[-90.20030635865776,38.64359988838296],"type":"Point"},"id":"stl-city-public-streetlights:2:141916","properties":{"address":null,"attributes":{"Date_Installed":null,"LED_Powered":0,"LightID":"L034773","Light_Source":"LED","Light_Type":"Cobra","Lighting_Type":"LED-Powered Lamp","Verification_Date":null},"id":"stl-city-public-streetlights:2:141916","sourceLayerId":2,"sourceObjectId":141916,"sourceURL":"https://maps8.stlouis-mo.gov/arcgis/rest/services/STREETS/Streets_Permitting/MapServer/2","title":"Street light L034773"},"type":"Feature"},{"geometry":{"coordinates":[-90.20022322881978,38.643827261287555],"type":"Point"},"id":"stl-city-public-streetlights:2:141917","properties":{"address":null,"attributes":{"Date_Installed":null,"LED_Powered":0,"LightID":"L034774","Light_Source":"LED","Light_Type":"Cobra","Lighting_Type":"LED-Powered Lamp","Verification_Date":null},"id":"stl-city-public-streetlights:2:141917","sourceLayerId":2,"sourceObjectId":141917,"sourceURL":"https://maps8.stlouis-mo.gov/arcgis/rest/services/STREETS/Streets_Permitting/MapServer/2","title":"Street light L034774"},"type":"Feature"},{"geometry":{"coordinates":[-90.20198268344909,38.6425482957131],"type":"Point"},"id":"stl-city-public-streetlights:2:141937","properties":{"address":null,"attributes":{"Date_Installed":null,"LED_Powered":0,"LightID":"L034794","Light_Source":"LED","Light_Type":"Cobra","Lighting_Type":"LED-Powered Lamp","Verification_Date":null},"id":"stl-city-public-streetlights:2:141937","sourceLayerId":2,"sourceObjectId":141937,"sourceURL":"https://maps8.stlouis-mo.gov/arcgis/rest/services/STREETS/Streets_Permitting/MapServer/2","title":"Street light L034794"},"type":"Feature"},{"geometry":{"coordinates":[-90.20209336883927,38.64224109280536],"type":"Point"},"id":"stl-city-public-streetlights:2:141938","properties":{"address":null,"attributes":{"Date_Installed":null,"LED_Powered":0,"LightID":"L034795","Light_Source":"LED","Light_Type":"Cobra","Lighting_Type":"LED-Powered Lamp","Verification_Date":null},"id":"stl-city-public-streetlights:2:141938","sourceLayerId":2,"sourceObjectId":141938,"sourceURL":"https://maps8.stlouis-mo.gov/arcgis/rest/services/STREETS/Streets_Permitting/MapServer/2","title":"Street light L034795"},"type":"Feature"},{"geometry":{"coordinates":[-90.20220574576176,38.641892418992356],"type":"Point"},"id":"stl-city-public-streetlights:2:141939","properties":{"address":null,"attributes":{"Date_Installed":null,"LED_Powered":0,"LightID":"L034796","Light_Source":"LED","Light_Type":"Cobra","Lighting_Type":"LED-Powered Lamp","Verification_Date":null},"id":"stl-city-public-streetlights:2:141939","sourceLayerId":2,"sourceObjectId":141939,"sourceURL":"https://maps8.stlouis-mo.gov/arcgis/rest/services/STREETS/Streets_Permitting/MapServer/2","title":"Street light L034796"},"type":"Feature"},{"geometry":{"coordinates":[-90.20232264828424,38.64155102763301],"type":"Point"},"id":"stl-city-public-streetlights:2:141940","properties":{"address":null,"attributes":{"Date_Installed":null,"LED_Powered":0,"LightID":"L034797","Light_Source":"LED","Light_Type":"Cobra","Lighting_Type":"LED-Powered Lamp","Verification_Date":null},"id":"stl-city-public-streetlights:2:141940","sourceLayerId":2,"sourceObjectId":141940,"sourceURL":"https://maps8.stlouis-mo.gov/arcgis/rest/services/STREETS/Streets_Permitting/MapServer/2","title":"Street light L034797"},"type":"Feature"},{"geometry":{"coordinates":[-90.20243889835282,38.64122047846786],"type":"Point"},"id":"stl-city-public-streetlights:2:141941","properties":{"address":null,"attributes":{"Date_Installed":null,"LED_Powered":0,"LightID":"L034798","Light_Source":"LED","Light_Type":"Cobra","Lighting_Type":"LED-Powered Lamp","Verification_Date":null},"id":"stl-city-public-streetlights:2:141941","sourceLayerId":2,"sourceObjectId":141941,"sourceURL":"https://maps8.stlouis-mo.gov/arcgis/rest/services/STREETS/Streets_Permitting/MapServer/2","title":"Street light L034798"},"type":"Feature"},{"geometry":{"coordinates":[-90.20255824285537,38.64087635073765],"type":"Point"},"id":"stl-city-public-streetlights:2:141942","properties":{"address":null,"attributes":{"Date_Installed":null,"LED_Powered":0,"LightID":"L034799","Light_Source":"LED","Light_Type":"Cobra","Lighting_Type":"LED-Powered Lamp","Verification_Date":null},"id":"stl-city-public-streetlights:2:141942","sourceLayerId":2,"sourceObjectId":141942,"sourceURL":"https://maps8.stlouis-mo.gov/arcgis/rest/services/STREETS/Streets_Permitting/MapServer/2","title":"Street light L034799"},"type":"Feature"},{"geometry":{"coordinates":[-90.20268300386596,38.64051540893517],"type":"Point"},"id":"stl-city-public-streetlights:2:141943","properties":{"address":null,"attributes":{"Date_Installed":null,"LED_Powered":0,"LightID":"L034800","Light_Source":"LED","Light_Type":"Cobra","Lighting_Type":"LED-Powered Lamp","Verification_Date":null},"id":"stl-city-public-streetlights:2:141943","sourceLayerId":2,"sourceObjectId":141943,"sourceURL":"https://maps8.stlouis-mo.gov/arcgis/rest/services/STREETS/Streets_Permitting/MapServer/2","title":"Street light L034800"},"type":"Feature"},{"geometry":{"coordinates":[-90.20306635170141,38.64133804582575],"type":"Point"},"id":"stl-city-public-streetlights:2:141944","properties":{"address":null,"attributes":{"Date_Installed":null,"LED_Powered":0,"LightID":"L034801","Light_Source":"LED","Light_Type":"Cobra","Lighting_Type":"LED-Powered Lamp","Verification_Date":null},"id":"stl-city-public-streetlights:2:141944","sourceLayerId":2,"sourceObjectId":141944,"sourceURL":"https://maps8.stlouis-mo.gov/arcgis/rest/services/STREETS/Streets_Permitting/MapServer/2","title":"Street light L034801"},"type":"Feature"},{"geometry":{"coordinates":[-90.20304137413075,38.64165581399434],"type":"Point"},"id":"stl-city-public-streetlights:2:141945","properties":{"address":null,"attributes":{"Date_Installed":null,"LED_Powered":0,"LightID":"L034802","Light_Source":"LED","Light_Type":"Cobra","Lighting_Type":"LED-Powered Lamp","Verification_Date":null},"id":"stl-city-public-streetlights:2:141945","sourceLayerId":2,"sourceObjectId":141945,"sourceURL":"https://maps8.stlouis-mo.gov/arcgis/rest/services/STREETS/Streets_Permitting/MapServer/2","title":"Street light L034802"},"type":"Feature"},{"geometry":{"coordinates":[-90.2030191259783,38.64174442744077],"type":"Point"},"id":"stl-city-public-streetlights:2:141946","properties":{"address":null,"attributes":{"Date_Installed":null,"LED_Powered":0,"LightID":"L034803","Light_Source":"LED","Light_Type":"Cobra","Lighting_Type":"LED-Powered Lamp","Verification_Date":null},"id":"stl-city-public-streetlights:2:141946","sourceLayerId":2,"sourceObjectId":141946,"sourceURL":"https://maps8.stlouis-mo.gov/arcgis/rest/services/STREETS/Streets_Permitting/MapServer/2","title":"Street light L034803"},"type":"Feature"},{"geometry":{"coordinates":[-90.20302949755026,38.64188246443278],"type":"Point"},"id":"stl-city-public-streetlights:2:141947","properties":{"address":null,"attributes":{"Date_Installed":null,"LED_Powered":0,"LightID":"L034804","Light_Source":"LED","Light_Type":"Cobra","Lighting_Type":"LED-Powered Lamp","Verification_Date":null},"id":"stl-city-public-streetlights:2:141947","sourceLayerId":2,"sourceObjectId":141947,"sourceURL":"https://maps8.stlouis-mo.gov/arcgis/rest/services/STREETS/Streets_Permitting/MapServer/2","title":"Street light L034804"},"type":"Feature"},{"geometry":{"coordinates":[-90.20279759052347,38.64195910416586],"type":"Point"},"id":"stl-city-public-streetlights:2:141948","properties":{"address":null,"attributes":{"Date_Installed":null,"LED_Powered":0,"LightID":"L034805","Light_Source":"LED","Light_Type":"Cobra","Lighting_Type":"LED-Powered Lamp","Verification_Date":null},"id":"stl-city-public-streetlights:2:141948","sourceLayerId":2,"sourceObjectId":141948,"sourceURL":"https://maps8.stlouis-mo.gov/arcgis/rest/services/STREETS/Streets_Permitting/MapServer/2","title":"Street light L034805"},"type":"Feature"},{"geometry":{"coordinates":[-90.20263573056316,38.641853575433636],"type":"Point"},"id":"stl-city-public-streetlights:2:141949","properties":{"address":null,"attributes":{"Date_Installed":null,"LED_Powered":0,"LightID":"L034806","Light_Source":"LED","Light_Type":"Cobra","Lighting_Type":"LED-Powered Lamp","Verification_Date":null},"id":"stl-city-public-streetlights:2:141949","sourceLayerId":2,"sourceObjectId":141949,"sourceURL":"https://maps8.stlouis-mo.gov/arcgis/rest/services/STREETS/Streets_Permitting/MapServer/2","title":"Street light L034806"},"type":"Feature"},{"geometry":{"coordinates":[-90.20249363769217,38.64181889034016],"type":"Point"},"id":"stl-city-public-streetlights:2:141950","properties":{"address":null,"attributes":{"Date_Installed":null,"LED_Powered":0,"LightID":"L034807","Light_Source":"LED","Light_Type":"Cobra","Lighting_Type":"LED-Powered Lamp","Verification_Date":null},"id":"stl-city-public-streetlights:2:141950","sourceLayerId":2,"sourceObjectId":141950,"sourceURL":"https://maps8.stlouis-mo.gov/arcgis/rest/services/STREETS/Streets_Permitting/MapServer/2","title":"Street light L034807"},"type":"Feature"},{"geometry":{"coordinates":[-90.20233494838273,38.64166349338042],"type":"Point"},"id":"stl-city-public-streetlights:2:141951","properties":{"address":null,"attributes":{"Date_Installed":null,"LED_Powered":0,"LightID":"L034808","Light_Source":"LED","Light_Type":"Cobra","Lighting_Type":"LED-Powered Lamp","Verification_Date":null},"id":"stl-city-public-streetlights:2:141951","sourceLayerId":2,"sourceObjectId":141951,"sourceURL":"https://maps8.stlouis-mo.gov/arcgis/rest/services/STREETS/Streets_Permitting/MapServer/2","title":"Street light L034808"},"type":"Feature"},{"geometry":{"coordinates":[-90.20247140370293,38.64146272350279],"type":"Point"},"id":"stl-city-public-streetlights:2:141952","properties":{"address":null,"attributes":{"Date_Installed":null,"LED_Powered":0,"LightID":"L034809","Light_Source":"LED","Light_Type":"Cobra","Lighting_Type":"LED-Powered Lamp","Verification_Date":null},"id":"stl-city-public-streetlights:2:141952","sourceLayerId":2,"sourceObjectId":141952,"sourceURL":"https://maps8.stlouis-mo.gov/arcgis/rest/services/STREETS/Streets_Permitting/MapServer/2","title":"Street light L034809"},"type":"Feature"},{"geometry":{"coordinates":[-90.20242909508652,38.64138642417579],"type":"Point"},"id":"stl-city-public-streetlights:2:141953","properties":{"address":null,"attributes":{"Date_Installed":null,"LED_Powered":0,"LightID":"L034810","Light_Source":"LED","Light_Type":"Cobra","Lighting_Type":"LED-Powered Lamp","Verification_Date":null},"id":"stl-city-public-streetlights:2:141953","sourceLayerId":2,"sourceObjectId":141953,"sourceURL":"https://maps8.stlouis-mo.gov/arcgis/rest/services/STREETS/Streets_Permitting/MapServer/2","title":"Street light L034810"},"type":"Feature"},{"geometry":{"coordinates":[-90.2024651065074,38.64127689388274],"type":"Point"},"id":"stl-city-public-streetlights:2:141954","properties":{"address":null,"attributes":{"Date_Installed":null,"LED_Powered":0,"LightID":"L034811","Light_Source":"LED","Light_Type":"Cobra","Lighting_Type":"LED-Powered Lamp","Verification_Date":null},"id":"stl-city-public-streetlights:2:141954","sourceLayerId":2,"sourceObjectId":141954,"sourceURL":"https://maps8.stlouis-mo.gov/arcgis/rest/services/STREETS/Streets_Permitting/MapServer/2","title":"Street light L034811"},"type":"Feature"},{"geometry":{"coordinates":[-90.20274040531253,38.641345120684534],"type":"Point"},"id":"stl-city-public-streetlights:2:141955","properties":{"address":null,"attributes":{"Date_Installed":null,"LED_Powered":0,"LightID":"L034812","Light_Source":"LED","Light_Type":"Cobra","Lighting_Type":"LED-Powered Lamp","Verification_Date":null},"id":"stl-city-public-streetlights:2:141955","sourceLayerId":2,"sourceObjectId":141955,"sourceURL":"https://maps8.stlouis-mo.gov/arcgis/rest/services/STREETS/Streets_Permitting/MapServer/2","title":"Street light L034812"},"type":"Feature"},{"geometry":{"coordinates":[-90.20270417252375,38.641440206558016],"type":"Point"},"id":"stl-city-public-streetlights:2:141956","properties":{"address":null,"attributes":{"Date_Installed":null,"LED_Powered":0,"LightID":"L034813","Light_Source":"LED","Light_Type":"Cobra","Lighting_Type":"LED-Powered Lamp","Verification_Date":null},"id":"stl-city-public-streetlights:2:141956","sourceLayerId":2,"sourceObjectId":141956,"sourceURL":"https://maps8.stlouis-mo.gov/arcgis/rest/services/STREETS/Streets_Permitting/MapServer/2","title":"Street light L034813"},"type":"Feature"},{"geometry":{"coordinates":[-90.20273559505416,38.641516311460876],"type":"Point"},"id":"stl-city-public-streetlights:2:141957","properties":{"address":null,"attributes":{"Date_Installed":null,"LED_Powered":0,"LightID":"L034814","Light_Source":"LED","Light_Type":"Cobra","Lighting_Type":"LED-Powered Lamp","Verification_Date":null},"id":"stl-city-public-streetlights:2:141957","sourceLayerId":2,"sourceObjectId":141957,"sourceURL":"https://maps8.stlouis-mo.gov/arcgis/rest/services/STREETS/Streets_Permitting/MapServer/2","title":"Street light L034814"},"type":"Feature"},{"geometry":{"coordinates":[-90.20261867146864,38.64156892978093],"type":"Point"},"id":"stl-city-public-streetlights:2:141958","properties":{"address":null,"attributes":{"Date_Installed":null,"LED_Powered":0,"LightID":"L034815","Light_Source":"LED","Light_Type":"Cobra","Lighting_Type":"LED-Powered Lamp","Verification_Date":null},"id":"stl-city-public-streetlights:2:141958","sourceLayerId":2,"sourceObjectId":141958,"sourceURL":"https://maps8.stlouis-mo.gov/arcgis/rest/services/STREETS/Streets_Permitting/MapServer/2","title":"Street light L034815"},"type":"Feature"},{"geometry":{"coordinates":[-90.20263825201982,38.64168482296381],"type":"Point"},"id":"stl-city-public-streetlights:2:141959","properties":{"address":null,"attributes":{"Date_Installed":null,"LED_Powered":0,"LightID":"L034816","Light_Source":"LED","Light_Type":"Cobra","Lighting_Type":"LED-Powered Lamp","Verification_Date":null},"id":"stl-city-public-streetlights:2:141959","sourceLayerId":2,"sourceObjectId":141959,"sourceURL":"https://maps8.stlouis-mo.gov/arcgis/rest/services/STREETS/Streets_Permitting/MapServer/2","title":"Street light L034816"},"type":"Feature"},{"geometry":{"coordinates":[-90.20278084088261,38.64159937570049],"type":"Point"},"id":"stl-city-public-streetlights:2:141960","properties":{"address":null,"attributes":{"Date_Installed":null,"LED_Powered":0,"LightID":"L034817","Light_Source":"LED","Light_Type":"Cobra","Lighting_Type":"LED-Powered Lamp","Verification_Date":null},"id":"stl-city-public-streetlights:2:141960","sourceLayerId":2,"sourceObjectId":141960,"sourceURL":"https://maps8.stlouis-mo.gov/arcgis/rest/services/STREETS/Streets_Permitting/MapServer/2","title":"Street light L034817"},"type":"Feature"},{"geometry":{"coordinates":[-90.2029065696161,38.64162257761091],"type":"Point"},"id":"stl-city-public-streetlights:2:141961","properties":{"address":null,"attributes":{"Date_Installed":null,"LED_Powered":0,"LightID":"L034818","Light_Source":"LED","Light_Type":"Cobra","Lighting_Type":"LED-Powered Lamp","Verification_Date":null},"id":"stl-city-public-streetlights:2:141961","sourceLayerId":2,"sourceObjectId":141961,"sourceURL":"https://maps8.stlouis-mo.gov/arcgis/rest/services/STREETS/Streets_Permitting/MapServer/2","title":"Street light L034818"},"type":"Feature"},{"geometry":{"coordinates":[-90.20299429322273,38.64157560461629],"type":"Point"},"id":"stl-city-public-streetlights:2:141962","properties":{"address":null,"attributes":{"Date_Installed":null,"LED_Powered":0,"LightID":"L034819","Light_Source":"LED","Light_Type":"Cobra","Lighting_Type":"LED-Powered Lamp","Verification_Date":null},"id":"stl-city-public-streetlights:2:141962","sourceLayerId":2,"sourceObjectId":141962,"sourceURL":"https://maps8.stlouis-mo.gov/arcgis/rest/services/STREETS/Streets_Permitting/MapServer/2","title":"Street light L034819"},"type":"Feature"},{"geometry":{"coordinates":[-90.20361770505025,38.64045538416647],"type":"Point"},"id":"stl-city-public-streetlights:2:141963","properties":{"address":null,"attributes":{"Date_Installed":null,"LED_Powered":0,"LightID":"L034820","Light_Source":"High Pressure Sodium","Light_Type":"Cobra","Lighting_Type":"250-W High Pressure Sodium Vapor Lamp","Verification_Date":null},"id":"stl-city-public-streetlights:2:141963","sourceLayerId":2,"sourceObjectId":141963,"sourceURL":"https://maps8.stlouis-mo.gov/arcgis/rest/services/STREETS/Streets_Permitting/MapServer/2","title":"Street light L034820"},"type":"Feature"},{"geometry":{"coordinates":[-90.20324572865962,38.64037697383412],"type":"Point"},"id":"stl-city-public-streetlights:2:141964","properties":{"address":null,"attributes":{"Date_Installed":null,"LED_Powered":0,"LightID":"L034821","Light_Source":"High Pressure Sodium","Light_Type":"Cobra","Lighting_Type":"250-W High Pressure Sodium Vapor Lamp","Verification_Date":null},"id":"stl-city-public-streetlights:2:141964","sourceLayerId":2,"sourceObjectId":141964,"sourceURL":"https://maps8.stlouis-mo.gov/arcgis/rest/services/STREETS/Streets_Permitting/MapServer/2","title":"Street light L034821"},"type":"Feature"},{"geometry":{"coordinates":[-90.20293066271594,38.64031658407092],"type":"Point"},"id":"stl-city-public-streetlights:2:141965","properties":{"address":null,"attributes":{"Date_Installed":null,"LED_Powered":0,"LightID":"L034822","Light_Source":"High Pressure Sodium","Light_Type":"Cobra","Lighting_Type":"250-W High Pressure Sodium Vapor Lamp","Verification_Date":null},"id":"stl-city-public-streetlights:2:141965","sourceLayerId":2,"sourceObjectId":141965,"sourceURL":"https://maps8.stlouis-mo.gov/arcgis/rest/services/STREETS/Streets_Permitting/MapServer/2","title":"Street light L034822"},"type":"Feature"},{"geometry":{"coordinates":[-90.2026346048463,38.640253262536724],"type":"Point"},"id":"stl-city-public-streetlights:2:141966","properties":{"address":null,"attributes":{"Date_Installed":null,"LED_Powered":0,"LightID":"L034823","Light_Source":"LED","Light_Type":"Cobra","Lighting_Type":"LED-Powered Lamp","Verification_Date":null},"id":"stl-city-public-streetlights:2:141966","sourceLayerId":2,"sourceObjectId":141966,"sourceURL":"https://maps8.stlouis-mo.gov/arcgis/rest/services/STREETS/Streets_Permitting/MapServer/2","title":"Street light L034823"},"type":"Feature"},{"geometry":{"coordinates":[-90.20218971604494,38.640168704122296],"type":"Point"},"id":"stl-city-public-streetlights:2:141967","properties":{"address":null,"attributes":{"Date_Installed":null,"LED_Powered":0,"LightID":"L034824","Light_Source":"LED","Light_Type":"Cobra","Lighting_Type":"LED-Powered Lamp","Verification_Date":null},"id":"stl-city-public-streetlights:2:141967","sourceLayerId":2,"sourceObjectId":141967,"sourceURL":"https://maps8.stlouis-mo.gov/arcgis/rest/services/STREETS/Streets_Permitting/MapServer/2","title":"Street light L034824"},"type":"Feature"},{"geometry":{"coordinates":[-90.20180635818345,38.64008728100321],"type":"Point"},"id":"stl-city-public-streetlights:2:141968","properties":{"address":null,"attributes":{"Date_Installed":null,"LED_Powered":0,"LightID":"L034825","Light_Source":"LED","Light_Type":"Cobra","Lighting_Type":"LED-Powered Lamp","Verification_Date":null},"id":"stl-city-public-streetlights:2:141968","sourceLayerId":2,"sourceObjectId":141968,"sourceURL":"https://maps8.stlouis-mo.gov/arcgis/rest/services/STREETS/Streets_Permitting/MapServer/2","title":"Street light L034825"},"type":"Feature"},{"geometry":{"coordinates":[-90.20143943613101,38.64000005901399],"type":"Point"},"id":"stl-city-public-streetlights:2:141969","properties":{"address":null,"attributes":{"Date_Installed":null,"LED_Powered":0,"LightID":"L034826","Light_Source":"LED","Light_Type":"Cobra","Lighting_Type":"LED-Powered Lamp","Verification_Date":null},"id":"stl-city-public-streetlights:2:141969","sourceLayerId":2,"sourceObjectId":141969,"sourceURL":"https://maps8.stlouis-mo.gov/arcgis/rest/services/STREETS/Streets_Permitting/MapServer/2","title":"Street light L034826"},"type":"Feature"},{"geometry":{"coordinates":[-90.20509835288166,38.649678211624135],"type":"Point"},"id":"stl-city-public-streetlights:2:142612","properties":{"address":null,"attributes":{"Date_Installed":null,"LED_Powered":1,"LightID":"L035466","Light_Source":"LED","Light_Type":"Cobra","Lighting_Type":"LED-Powered Lamp","Verification_Date":null},"id":"stl-city-public-streetlights:2:142612","sourceLayerId":2,"sourceObjectId":142612,"sourceURL":"https://maps8.stlouis-mo.gov/arcgis/rest/services/STREETS/Streets_Permitting/MapServer/2","title":"Street light L035466"},"type":"Feature"},{"geometry":{"coordinates":[-90.2052128517687,38.649329970433854],"type":"Point"},"id":"stl-city-public-streetlights:2:142613","properties":{"address":null,"attributes":{"Date_Installed":null,"LED_Powered":1,"LightID":"L035467","Light_Source":"LED","Light_Type":"Cobra","Lighting_Type":"LED-Powered Lamp","Verification_Date":null},"id":"stl-city-public-streetlights:2:142613","sourceLayerId":2,"sourceObjectId":142613,"sourceURL":"https://maps8.stlouis-mo.gov/arcgis/rest/services/STREETS/Streets_Permitting/MapServer/2","title":"Street light L035467"},"type":"Feature"},{"geometry":{"coordinates":[-90.20533188155329,38.64898846204077],"type":"Point"},"id":"stl-city-public-streetlights:2:142614","properties":{"address":null,"attributes":{"Date_Installed":null,"LED_Powered":1,"LightID":"L035468","Light_Source":"LED","Light_Type":"Cobra","Lighting_Type":"LED-Powered Lamp","Verification_Date":null},"id":"stl-city-public-streetlights:2:142614","sourceLayerId":2,"sourceObjectId":142614,"sourceURL":"https://maps8.stlouis-mo.gov/arcgis/rest/services/STREETS/Streets_Permitting/MapServer/2","title":"Street light L035468"},"type":"Feature"},{"geometry":{"coordinates":[-90.20424331757482,38.649849032369914],"type":"Point"},"id":"stl-city-public-streetlights:2:142629","properties":{"address":null,"attributes":{"Date_Installed":null,"LED_Powered":1,"LightID":"L035483","Light_Source":"LED","Light_Type":"Cobra","Lighting_Type":"LED-Powered Lamp","Verification_Date":null},"id":"stl-city-public-streetlights:2:142629","sourceLayerId":2,"sourceObjectId":142629,"sourceURL":"https://maps8.stlouis-mo.gov/arcgis/rest/services/STREETS/Streets_Permitting/MapServer/2","title":"Street light L035483"},"type":"Feature"},{"geometry":{"coordinates":[-90.20435812788348,38.64949988562683],"type":"Point"},"id":"stl-city-public-streetlights:2:142630","properties":{"address":null,"attributes":{"Date_Installed":null,"LED_Powered":1,"LightID":"L035484","Light_Source":"LED","Light_Type":"Cobra","Lighting_Type":"LED-Powered Lamp","Verification_Date":null},"id":"stl-city-public-streetlights:2:142630","sourceLayerId":2,"sourceObjectId":142630,"sourceURL":"https://maps8.stlouis-mo.gov/arcgis/rest/services/STREETS/Streets_Permitting/MapServer/2","title":"Street light L035484"},"type":"Feature"},{"geometry":{"coordinates":[-90.20447499488559,38.649168002237985],"type":"Point"},"id":"stl-city-public-streetlights:2:142631","properties":{"address":null,"attributes":{"Date_Installed":null,"LED_Powered":1,"LightID":"L035485","Light_Source":"LED","Light_Type":"Cobra","Lighting_Type":"LED-Powered Lamp","Verification_Date":null},"id":"stl-city-public-streetlights:2:142631","sourceLayerId":2,"sourceObjectId":142631,"sourceURL":"https://maps8.stlouis-mo.gov/arcgis/rest/services/STREETS/Streets_Permitting/MapServer/2","title":"Street light L035485"},"type":"Feature"},{"geometry":{"coordinates":[-90.20459064381838,38.648836496711375],"type":"Point"},"id":"stl-city-public-streetlights:2:142632","properties":{"address":null,"attributes":{"Date_Installed":null,"LED_Powered":1,"LightID":"L035486","Light_Source":"LED","Light_Type":"Cobra","Lighting_Type":"LED-Powered Lamp","Verification_Date":null},"id":"stl-city-public-streetlights:2:142632","sourceLayerId":2,"sourceObjectId":142632,"sourceURL":"https://maps8.stlouis-mo.gov/arcgis/rest/services/STREETS/Streets_Permitting/MapServer/2","title":"Street light L035486"},"type":"Feature"},{"geometry":{"coordinates":[-90.20474165072739,38.64841002228279],"type":"Point"},"id":"stl-city-public-streetlights:2:142633","properties":{"address":null,"attributes":{"Date_Installed":null,"LED_Powered":1,"LightID":"L035487","Light_Source":"LED","Light_Type":"Cobra","Lighting_Type":"LED-Powered Lamp","Verification_Date":null},"id":"stl-city-public-streetlights:2:142633","sourceLayerId":2,"sourceObjectId":142633,"sourceURL":"https://maps8.stlouis-mo.gov/arcgis/rest/services/STREETS/Streets_Permitting/MapServer/2","title":"Street light L035487"},"type":"Feature"},{"geometry":{"coordinates":[-90.20485794481293,38.648068507414614],"type":"Point"},"id":"stl-city-public-streetlights:2:142634","properties":{"address":null,"attributes":{"Date_Installed":null,"LED_Powered":1,"LightID":"L035488","Light_Source":"LED","Light_Type":"Cobra","Lighting_Type":"LED-Powered Lamp","Verification_Date":null},"id":"stl-city-public-streetlights:2:142634","sourceLayerId":2,"sourceObjectId":142634,"sourceURL":"https://maps8.stlouis-mo.gov/arcgis/rest/services/STREETS/Streets_Permitting/MapServer/2","title":"Street light L035488"},"type":"Feature"},{"geometry":{"coordinates":[-90.20413999983312,38.647744216807126],"type":"Point"},"id":"stl-city-public-streetlights:2:142635","properties":{"address":null,"attributes":{"Date_Installed":null,"LED_Powered":1,"LightID":"L035489","Light_Source":"LED","Light_Type":"Cobra","Lighting_Type":"LED-Powered Lamp","Verification_Date":null},"id":"stl-city-public-streetlights:2:142635","sourceLayerId":2,"sourceObjectId":142635,"sourceURL":"https://maps8.stlouis-mo.gov/arcgis/rest/services/STREETS/Streets_Permitting/MapServer/2","title":"Street light L035489"},"type":"Feature"},{"geometry":{"coordinates":[-90.20398133690367,38.64818787987966],"type":"Point"},"id":"stl-city-public-streetlights:2:142636","properties":{"address":null,"attributes":{"Date_Installed":null,"LED_Powered":1,"LightID":"L035490","Light_Source":"LED","Light_Type":"Cobra","Lighting_Type":"LED-Powered Lamp","Verification_Date":null},"id":"stl-city-public-streetlights:2:142636","sourceLayerId":2,"sourceObjectId":142636,"sourceURL":"https://maps8.stlouis-mo.gov/arcgis/rest/services/STREETS/Streets_Permitting/MapServer/2","title":"Street light L035490"},"type":"Feature"},{"geometry":{"coordinates":[-90.20382689275714,38.64863124437711],"type":"Point"},"id":"stl-city-public-streetlights:2:142637","properties":{"address":null,"attributes":{"Date_Installed":null,"LED_Powered":1,"LightID":"L035491","Light_Source":"LED","Light_Type":"Cobra","Lighting_Type":"LED-Powered Lamp","Verification_Date":null},"id":"stl-city-public-streetlights:2:142637","sourceLayerId":2,"sourceObjectId":142637,"sourceURL":"https://maps8.stlouis-mo.gov/arcgis/rest/services/STREETS/Streets_Permitting/MapServer/2","title":"Street light L035491"},"type":"Feature"},{"geometry":{"coordinates":[-90.20367984889474,38.649057203322414],"type":"Point"},"id":"stl-city-public-streetlights:2:142638","properties":{"address":null,"attributes":{"Date_Installed":null,"LED_Powered":1,"LightID":"L035492","Light_Source":"LED","Light_Type":"Cobra","Lighting_Type":"LED-Powered Lamp","Verification_Date":null},"id":"stl-city-public-streetlights:2:142638","sourceLayerId":2,"sourceObjectId":142638,"sourceURL":"https://maps8.stlouis-mo.gov/arcgis/rest/services/STREETS/Streets_Permitting/MapServer/2","title":"Street light L035492"},"type":"Feature"},{"geometry":{"coordinates":[-90.20353962273917,38.64945107171381],"type":"Point"},"id":"stl-city-public-streetlights:2:142639","properties":{"address":null,"attributes":{"Date_Installed":null,"LED_Powered":1,"LightID":"L035493","Light_Source":"LED","Light_Type":"Cobra","Lighting_Type":"LED-Powered Lamp","Verification_Date":null},"id":"stl-city-public-streetlights:2:142639","sourceLayerId":2,"sourceObjectId":142639,"sourceURL":"https://maps8.stlouis-mo.gov/arcgis/rest/services/STREETS/Streets_Permitting/MapServer/2","title":"Street light L035493"},"type":"Feature"},{"geometry":{"coordinates":[-90.20339476261144,38.64986259094886],"type":"Point"},"id":"stl-city-public-streetlights:2:142640","properties":{"address":null,"attributes":{"Date_Installed":null,"LED_Powered":1,"LightID":"L035494","Light_Source":"LED","Light_Type":"Cobra","Lighting_Type":"LED-Powered Lamp","Verification_Date":null},"id":"stl-city-public-streetlights:2:142640","sourceLayerId":2,"sourceObjectId":142640,"sourceURL":"https://maps8.stlouis-mo.gov/arcgis/rest/services/STREETS/Streets_Permitting/MapServer/2","title":"Street light L035494"},"type":"Feature"},{"geometry":{"coordinates":[-90.20338232891336,38.64322418999132],"type":"Point"},"id":"stl-city-public-streetlights:2:142651","properties":{"address":null,"attributes":{"Date_Installed":null,"LED_Powered":1,"LightID":"L035505","Light_Source":"LED","Light_Type":"Cobra","Lighting_Type":"LED-Powered Lamp","Verification_Date":1646092800000},"id":"stl-city-public-streetlights:2:142651","sourceLayerId":2,"sourceObjectId":142651,"sourceURL":"https://maps8.stlouis-mo.gov/arcgis/rest/services/STREETS/Streets_Permitting/MapServer/2","title":"Street light L035505"},"type":"Feature"},{"geometry":{"coordinates":[-90.20328265495456,38.64351511773165],"type":"Point"},"id":"stl-city-public-streetlights:2:142652","properties":{"address":null,"attributes":{"Date_Installed":null,"LED_Powered":0,"LightID":"L035506","Light_Source":"LED","Light_Type":"Cobra","Lighting_Type":"LED-Powered Lamp","Verification_Date":null},"id":"stl-city-public-streetlights:2:142652","sourceLayerId":2,"sourceObjectId":142652,"sourceURL":"https://maps8.stlouis-mo.gov/arcgis/rest/services/STREETS/Streets_Permitting/MapServer/2","title":"Street light L035506"},"type":"Feature"},{"geometry":{"coordinates":[-90.20318844435819,38.64380806280723],"type":"Point"},"id":"stl-city-public-streetlights:2:142653","properties":{"address":null,"attributes":{"Date_Installed":null,"LED_Powered":0,"LightID":"L035507","Light_Source":"LED","Light_Type":"Cobra","Lighting_Type":"LED-Powered Lamp","Verification_Date":null},"id":"stl-city-public-streetlights:2:142653","sourceLayerId":2,"sourceObjectId":142653,"sourceURL":"https://maps8.stlouis-mo.gov/arcgis/rest/services/STREETS/Streets_Permitting/MapServer/2","title":"Street light L035507"},"type":"Feature"},{"geometry":{"coordinates":[-90.20308598590758,38.64411056780072],"type":"Point"},"id":"stl-city-public-streetlights:2:142654","properties":{"address":null,"attributes":{"Date_Installed":null,"LED_Powered":0,"LightID":"L035508","Light_Source":"LED","Light_Type":"Cobra","Lighting_Type":"LED-Powered Lamp","Verification_Date":null},"id":"stl-city-public-streetlights:2:142654","sourceLayerId":2,"sourceObjectId":142654,"sourceURL":"https://maps8.stlouis-mo.gov/arcgis/rest/services/STREETS/Streets_Permitting/MapServer/2","title":"Street light L035508"},"type":"Feature"},{"geometry":{"coordinates":[-90.20297893128458,38.64442207169809],"type":"Point"},"id":"stl-city-public-streetlights:2:142655","properties":{"address":null,"attributes":{"Date_Installed":null,"LED_Powered":0,"LightID":"L035509","Light_Source":"LED","Light_Type":"Cobra","Lighting_Type":"LED-Powered Lamp","Verification_Date":null},"id":"stl-city-public-streetlights:2:142655","sourceLayerId":2,"sourceObjectId":142655,"sourceURL":"https://maps8.stlouis-mo.gov/arcgis/rest/services/STREETS/Streets_Permitting/MapServer/2","title":"Street light L035509"},"type":"Feature"},{"geometry":{"coordinates":[-90.2028847359945,38.64471043910842],"type":"Point"},"id":"stl-city-public-streetlights:2:142656","properties":{"address":null,"attributes":{"Date_Installed":null,"LED_Powered":0,"LightID":"L035510","Light_Source":"LED","Light_Type":"Cobra","Lighting_Type":"LED-Powered Lamp","Verification_Date":null},"id":"stl-city-public-streetlights:2:142656","sourceLayerId":2,"sourceObjectId":142656,"sourceURL":"https://maps8.stlouis-mo.gov/arcgis/rest/services/STREETS/Streets_Permitting/MapServer/2","title":"Street light L035510"},"type":"Feature"},{"geometry":{"coordinates":[-90.20276667298776,38.64503764611915],"type":"Point"},"id":"stl-city-public-streetlights:2:142657","properties":{"address":null,"attributes":{"Date_Installed":null,"LED_Powered":0,"LightID":"L035511","Light_Source":"LED","Light_Type":"Cobra","Lighting_Type":"LED-Powered Lamp","Verification_Date":null},"id":"stl-city-public-streetlights:2:142657","sourceLayerId":2,"sourceObjectId":142657,"sourceURL":"https://maps8.stlouis-mo.gov/arcgis/rest/services/STREETS/Streets_Permitting/MapServer/2","title":"Street light L035511"},"type":"Feature"},{"geometry":{"coordinates":[-90.20264854033799,38.64538144265952],"type":"Point"},"id":"stl-city-public-streetlights:2:142658","properties":{"address":null,"attributes":{"Date_Installed":null,"LED_Powered":0,"LightID":"L035512","Light_Source":"LED","Light_Type":"Cobra","Lighting_Type":"LED-Powered Lamp","Verification_Date":null},"id":"stl-city-public-streetlights:2:142658","sourceLayerId":2,"sourceObjectId":142658,"sourceURL":"https://maps8.stlouis-mo.gov/arcgis/rest/services/STREETS/Streets_Permitting/MapServer/2","title":"Street light L035512"},"type":"Feature"},{"geometry":{"coordinates":[-90.20253414011505,38.645704368678096],"type":"Point"},"id":"stl-city-public-streetlights:2:142659","properties":{"address":null,"attributes":{"Date_Installed":null,"LED_Powered":0,"LightID":"L035513","Light_Source":"LED","Light_Type":"Cobra","Lighting_Type":"LED-Powered Lamp","Verification_Date":null},"id":"stl-city-public-streetlights:2:142659","sourceLayerId":2,"sourceObjectId":142659,"sourceURL":"https://maps8.stlouis-mo.gov/arcgis/rest/services/STREETS/Streets_Permitting/MapServer/2","title":"Street light L035513"},"type":"Feature"},{"geometry":{"coordinates":[-90.20247846563547,38.646070038794335],"type":"Point"},"id":"stl-city-public-streetlights:2:142660","properties":{"address":null,"attributes":{"Date_Installed":"4/16/20","LED_Powered":1,"LightID":"L035514","Light_Source":"LED","Light_Type":"Cobra","Lighting_Type":"LED-Powered Lamp","Verification_Date":null},"id":"stl-city-public-streetlights:2:142660","sourceLayerId":2,"sourceObjectId":142660,"sourceURL":"https://maps8.stlouis-mo.gov/arcgis/rest/services/STREETS/Streets_Permitting/MapServer/2","title":"Street light L035514"},"type":"Feature"},{"geometry":{"coordinates":[-90.2023819621779,38.64636440696006],"type":"Point"},"id":"stl-city-public-streetlights:2:142661","properties":{"address":null,"attributes":{"Date_Installed":"4/16/20","LED_Powered":1,"LightID":"L035515","Light_Source":"LED","Light_Type":"Cobra","Lighting_Type":"LED-Powered Lamp","Verification_Date":null},"id":"stl-city-public-streetlights:2:142661","sourceLayerId":2,"sourceObjectId":142661,"sourceURL":"https://maps8.stlouis-mo.gov/arcgis/rest/services/STREETS/Streets_Permitting/MapServer/2","title":"Street light L035515"},"type":"Feature"},{"geometry":{"coordinates":[-90.20227858286272,38.64666009174618],"type":"Point"},"id":"stl-city-public-streetlights:2:142662","properties":{"address":null,"attributes":{"Date_Installed":"4/16/20","LED_Powered":1,"LightID":"L035516","Light_Source":"LED","Light_Type":"Cobra","Lighting_Type":"LED-Powered Lamp","Verification_Date":null},"id":"stl-city-public-streetlights:2:142662","sourceLayerId":2,"sourceObjectId":142662,"sourceURL":"https://maps8.stlouis-mo.gov/arcgis/rest/services/STREETS/Streets_Permitting/MapServer/2","title":"Street light L035516"},"type":"Feature"},{"geometry":{"coordinates":[-90.2021658687425,38.64698607202427],"type":"Point"},"id":"stl-city-public-streetlights:2:142663","properties":{"address":null,"attributes":{"Date_Installed":"4/16/20","LED_Powered":1,"LightID":"L035517","Light_Source":"LED","Light_Type":"Cobra","Lighting_Type":"LED-Powered Lamp","Verification_Date":null},"id":"stl-city-public-streetlights:2:142663","sourceLayerId":2,"sourceObjectId":142663,"sourceURL":"https://maps8.stlouis-mo.gov/arcgis/rest/services/STREETS/Streets_Permitting/MapServer/2","title":"Street light L035517"},"type":"Feature"},{"geometry":{"coordinates":[-90.20205511502697,38.64730805362372],"type":"Point"},"id":"stl-city-public-streetlights:2:142664","properties":{"address":null,"attributes":{"Date_Installed":"4/16/20","LED_Powered":1,"LightID":"L035518","Light_Source":"LED","Light_Type":"Cobra","Lighting_Type":"LED-Powered Lamp","Verification_Date":null},"id":"stl-city-public-streetlights:2:142664","sourceLayerId":2,"sourceObjectId":142664,"sourceURL":"https://maps8.stlouis-mo.gov/arcgis/rest/services/STREETS/Streets_Permitting/MapServer/2","title":"Street light L035518"},"type":"Feature"},{"geometry":{"coordinates":[-90.20196154634685,38.64759003354182],"type":"Point"},"id":"stl-city-public-streetlights:2:142665","properties":{"address":null,"attributes":{"Date_Installed":"4/16/20","LED_Powered":1,"LightID":"L035519","Light_Source":"LED","Light_Type":"Cobra","Lighting_Type":"LED-Powered Lamp","Verification_Date":null},"id":"stl-city-public-streetlights:2:142665","sourceLayerId":2,"sourceObjectId":142665,"sourceURL":"https://maps8.stlouis-mo.gov/arcgis/rest/services/STREETS/Streets_Permitting/MapServer/2","title":"Street light L035519"},"type":"Feature"},{"geometry":{"coordinates":[-90.20185575783754,38.647886855876195],"type":"Point"},"id":"stl-city-public-streetlights:2:142666","properties":{"address":null,"attributes":{"Date_Installed":"4/16/20","LED_Powered":1,"LightID":"L035520","Light_Source":"LED","Light_Type":"Cobra","Lighting_Type":"LED-Powered Lamp","Verification_Date":null},"id":"stl-city-public-streetlights:2:142666","sourceLayerId":2,"sourceObjectId":142666,"sourceURL":"https://maps8.stlouis-mo.gov/arcgis/rest/services/STREETS/Streets_Permitting/MapServer/2","title":"Street light L035520"},"type":"Feature"},{"geometry":{"coordinates":[-90.20176463537757,38.64816502838554],"type":"Point"},"id":"stl-city-public-streetlights:2:142667","properties":{"address":null,"attributes":{"Date_Installed":"4/16/20","LED_Powered":1,"LightID":"L035521","Light_Source":"LED","Light_Type":"Cobra","Lighting_Type":"LED-Powered Lamp","Verification_Date":null},"id":"stl-city-public-streetlights:2:142667","sourceLayerId":2,"sourceObjectId":142667,"sourceURL":"https://maps8.stlouis-mo.gov/arcgis/rest/services/STREETS/Streets_Permitting/MapServer/2","title":"Street light L035521"},"type":"Feature"},{"geometry":{"coordinates":[-90.20164675483483,38.64850434424713],"type":"Point"},"id":"stl-city-public-streetlights:2:142668","properties":{"address":null,"attributes":{"Date_Installed":"4/16/20","LED_Powered":1,"LightID":"L035522","Light_Source":"LED","Light_Type":"Cobra","Lighting_Type":"LED-Powered Lamp","Verification_Date":null},"id":"stl-city-public-streetlights:2:142668","sourceLayerId":2,"sourceObjectId":142668,"sourceURL":"https://maps8.stlouis-mo.gov/arcgis/rest/services/STREETS/Streets_Permitting/MapServer/2","title":"Street light L035522"},"type":"Feature"},{"geometry":{"coordinates":[-90.20155212972078,38.648747229788796],"type":"Point"},"id":"stl-city-public-streetlights:2:142669","properties":{"address":null,"attributes":{"Date_Installed":"4/16/20","LED_Powered":1,"LightID":"L035523","Light_Source":"LED","Light_Type":"Cobra","Lighting_Type":"LED-Powered Lamp","Verification_Date":null},"id":"stl-city-public-streetlights:2:142669","sourceLayerId":2,"sourceObjectId":142669,"sourceURL":"https://maps8.stlouis-mo.gov/arcgis/rest/services/STREETS/Streets_Permitting/MapServer/2","title":"Street light L035523"},"type":"Feature"},{"geometry":{"coordinates":[-90.20145601554044,38.649055898719205],"type":"Point"},"id":"stl-city-public-streetlights:2:142670","properties":{"address":null,"attributes":{"Date_Installed":null,"LED_Powered":0,"LightID":"L035524","Light_Source":"LED","Light_Type":"Cobra","Lighting_Type":"LED-Powered Lamp","Verification_Date":null},"id":"stl-city-public-streetlights:2:142670","sourceLayerId":2,"sourceObjectId":142670,"sourceURL":"https://maps8.stlouis-mo.gov/arcgis/rest/services/STREETS/Streets_Permitting/MapServer/2","title":"Street light L035524"},"type":"Feature"},{"geometry":{"coordinates":[-90.20134520157676,38.649390845835995],"type":"Point"},"id":"stl-city-public-streetlights:2:142671","properties":{"address":null,"attributes":{"Date_Installed":null,"LED_Powered":0,"LightID":"L035525","Light_Source":"LED","Light_Type":"Cobra","Lighting_Type":"LED-Powered Lamp","Verification_Date":null},"id":"stl-city-public-streetlights:2:142671","sourceLayerId":2,"sourceObjectId":142671,"sourceURL":"https://maps8.stlouis-mo.gov/arcgis/rest/services/STREETS/Streets_Permitting/MapServer/2","title":"Street light L035525"},"type":"Feature"},{"geometry":{"coordinates":[-90.20124185409318,38.64968424226977],"type":"Point"},"id":"stl-city-public-streetlights:2:142672","properties":{"address":null,"attributes":{"Date_Installed":null,"LED_Powered":0,"LightID":"L035526","Light_Source":"LED","Light_Type":"Cobra","Lighting_Type":"LED-Powered Lamp","Verification_Date":null},"id":"stl-city-public-streetlights:2:142672","sourceLayerId":2,"sourceObjectId":142672,"sourceURL":"https://maps8.stlouis-mo.gov/arcgis/rest/services/STREETS/Streets_Permitting/MapServer/2","title":"Street light L035526"},"type":"Feature"},{"geometry":{"coordinates":[-90.20114391638981,38.649962777873206],"type":"Point"},"id":"stl-city-public-streetlights:2:142673","properties":{"address":null,"attributes":{"Date_Installed":null,"LED_Powered":0,"LightID":"L035527","Light_Source":"LED","Light_Type":"Cobra","Lighting_Type":"LED-Powered Lamp","Verification_Date":null},"id":"stl-city-public-streetlights:2:142673","sourceLayerId":2,"sourceObjectId":142673,"sourceURL":"https://maps8.stlouis-mo.gov/arcgis/rest/services/STREETS/Streets_Permitting/MapServer/2","title":"Street light L035527"},"type":"Feature"},{"geometry":{"coordinates":[-90.20392577154017,38.64505817244838],"type":"Point"},"id":"stl-city-public-streetlights:2:142678","properties":{"address":null,"attributes":{"Date_Installed":null,"LED_Powered":0,"LightID":"L035532","Light_Source":"LED","Light_Type":"Cobra","Lighting_Type":"LED-Powered Lamp","Verification_Date":null},"id":"stl-city-public-streetlights:2:142678","sourceLayerId":2,"sourceObjectId":142678,"sourceURL":"https://maps8.stlouis-mo.gov/arcgis/rest/services/STREETS/Streets_Permitting/MapServer/2","title":"Street light L035532"},"type":"Feature"},{"geometry":{"coordinates":[-90.20381513076285,38.64535536549542],"type":"Point"},"id":"stl-city-public-streetlights:2:142679","properties":{"address":null,"attributes":{"Date_Installed":null,"LED_Powered":0,"LightID":"L035533","Light_Source":"LED","Light_Type":"Cobra","Lighting_Type":"LED-Powered Lamp","Verification_Date":null},"id":"stl-city-public-streetlights:2:142679","sourceLayerId":2,"sourceObjectId":142679,"sourceURL":"https://maps8.stlouis-mo.gov/arcgis/rest/services/STREETS/Streets_Permitting/MapServer/2","title":"Street light L035533"},"type":"Feature"},{"geometry":{"coordinates":[-90.20371179139116,38.645650670635355],"type":"Point"},"id":"stl-city-public-streetlights:2:142680","properties":{"address":null,"attributes":{"Date_Installed":null,"LED_Powered":0,"LightID":"L035534","Light_Source":"LED","Light_Type":"Cobra","Lighting_Type":"LED-Powered Lamp","Verification_Date":null},"id":"stl-city-public-streetlights:2:142680","sourceLayerId":2,"sourceObjectId":142680,"sourceURL":"https://maps8.stlouis-mo.gov/arcgis/rest/services/STREETS/Streets_Permitting/MapServer/2","title":"Street light L035534"},"type":"Feature"},{"geometry":{"coordinates":[-90.203608435451,38.64594978998382],"type":"Point"},"id":"stl-city-public-streetlights:2:142681","properties":{"address":null,"attributes":{"Date_Installed":null,"LED_Powered":0,"LightID":"L035535","Light_Source":"LED","Light_Type":"Cobra","Lighting_Type":"LED-Powered Lamp","Verification_Date":null},"id":"stl-city-public-streetlights:2:142681","sourceLayerId":2,"sourceObjectId":142681,"sourceURL":"https://maps8.stlouis-mo.gov/arcgis/rest/services/STREETS/Streets_Permitting/MapServer/2","title":"Street light L035535"},"type":"Feature"},{"geometry":{"coordinates":[-90.20205508408684,38.64454090451858],"type":"Point"},"id":"stl-city-public-streetlights:2:142682","properties":{"address":null,"attributes":{"Date_Installed":null,"LED_Powered":0,"LightID":"L035536","Light_Source":"LED","Light_Type":"Cobra","Lighting_Type":"LED-Powered Lamp","Verification_Date":null},"id":"stl-city-public-streetlights:2:142682","sourceLayerId":2,"sourceObjectId":142682,"sourceURL":"https://maps8.stlouis-mo.gov/arcgis/rest/services/STREETS/Streets_Permitting/MapServer/2","title":"Street light L035536"},"type":"Feature"},{"geometry":{"coordinates":[-90.20193663139084,38.644888131932504],"type":"Point"},"id":"stl-city-public-streetlights:2:142683","properties":{"address":null,"attributes":{"Date_Installed":null,"LED_Powered":0,"LightID":"L035537","Light_Source":"LED","Light_Type":"Cobra","Lighting_Type":"LED-Powered Lamp","Verification_Date":null},"id":"stl-city-public-streetlights:2:142683","sourceLayerId":2,"sourceObjectId":142683,"sourceURL":"https://maps8.stlouis-mo.gov/arcgis/rest/services/STREETS/Streets_Permitting/MapServer/2","title":"Street light L035537"},"type":"Feature"},{"geometry":{"coordinates":[-90.20181764131549,38.64521783917358],"type":"Point"},"id":"stl-city-public-streetlights:2:142684","properties":{"address":null,"attributes":{"Date_Installed":null,"LED_Powered":0,"LightID":"L035538","Light_Source":"LED","Light_Type":"Cobra","Lighting_Type":"LED-Powered Lamp","Verification_Date":null},"id":"stl-city-public-streetlights:2:142684","sourceLayerId":2,"sourceObjectId":142684,"sourceURL":"https://maps8.stlouis-mo.gov/arcgis/rest/services/STREETS/Streets_Permitting/MapServer/2","title":"Street light L035538"},"type":"Feature"},{"geometry":{"coordinates":[-90.2017120695087,38.645560085707906],"type":"Point"},"id":"stl-city-public-streetlights:2:142685","properties":{"address":null,"attributes":{"Date_Installed":null,"LED_Powered":0,"LightID":"L035539","Light_Source":"LED","Light_Type":"Cobra","Lighting_Type":"LED-Powered Lamp","Verification_Date":null},"id":"stl-city-public-streetlights:2:142685","sourceLayerId":2,"sourceObjectId":142685,"sourceURL":"https://maps8.stlouis-mo.gov/arcgis/rest/services/STREETS/Streets_Permitting/MapServer/2","title":"Street light L035539"},"type":"Feature"},{"geometry":{"coordinates":[-90.20100899615869,38.64424173099468],"type":"Point"},"id":"stl-city-public-streetlights:2:142686","properties":{"address":null,"attributes":{"Date_Installed":null,"LED_Powered":0,"LightID":"L035540","Light_Source":"LED","Light_Type":"Cobra","Lighting_Type":"LED-Powered Lamp","Verification_Date":null},"id":"stl-city-public-streetlights:2:142686","sourceLayerId":2,"sourceObjectId":142686,"sourceURL":"https://maps8.stlouis-mo.gov/arcgis/rest/services/STREETS/Streets_Permitting/MapServer/2","title":"Street light L035540"},"type":"Feature"},{"geometry":{"coordinates":[-90.20089577961953,38.644570951191824],"type":"Point"},"id":"stl-city-public-streetlights:2:142687","properties":{"address":null,"attributes":{"Date_Installed":null,"LED_Powered":0,"LightID":"L035541","Light_Source":"LED","Light_Type":"Cobra","Lighting_Type":"LED-Powered Lamp","Verification_Date":null},"id":"stl-city-public-streetlights:2:142687","sourceLayerId":2,"sourceObjectId":142687,"sourceURL":"https://maps8.stlouis-mo.gov/arcgis/rest/services/STREETS/Streets_Permitting/MapServer/2","title":"Street light L035541"},"type":"Feature"},{"geometry":{"coordinates":[-90.20078267939766,38.64487194944884],"type":"Point"},"id":"stl-city-public-streetlights:2:142688","properties":{"address":null,"attributes":{"Date_Installed":null,"LED_Powered":0,"LightID":"L035542","Light_Source":"LED","Light_Type":"Cobra","Lighting_Type":"LED-Powered Lamp","Verification_Date":null},"id":"stl-city-public-streetlights:2:142688","sourceLayerId":2,"sourceObjectId":142688,"sourceURL":"https://maps8.stlouis-mo.gov/arcgis/rest/services/STREETS/Streets_Permitting/MapServer/2","title":"Street light L035542"},"type":"Feature"},{"geometry":{"coordinates":[-90.2006546831418,38.64524651558684],"type":"Point"},"id":"stl-city-public-streetlights:2:142689","properties":{"address":null,"attributes":{"Date_Installed":null,"LED_Powered":0,"LightID":"L035543","Light_Source":"LED","Light_Type":"Cobra","Lighting_Type":"LED-Powered Lamp","Verification_Date":null},"id":"stl-city-public-streetlights:2:142689","sourceLayerId":2,"sourceObjectId":142689,"sourceURL":"https://maps8.stlouis-mo.gov/arcgis/rest/services/STREETS/Streets_Permitting/MapServer/2","title":"Street light L035543"},"type":"Feature"},{"geometry":{"coordinates":[-90.20054631759669,38.64557803515057],"type":"Point"},"id":"stl-city-public-streetlights:2:142690","properties":{"address":null,"attributes":{"Date_Installed":null,"LED_Powered":0,"LightID":"L035544","Light_Source":"LED","Light_Type":"Cobra","Lighting_Type":"LED-Powered Lamp","Verification_Date":null},"id":"stl-city-public-streetlights:2:142690","sourceLayerId":2,"sourceObjectId":142690,"sourceURL":"https://maps8.stlouis-mo.gov/arcgis/rest/services/STREETS/Streets_Permitting/MapServer/2","title":"Street light L035544"},"type":"Feature"},{"geometry":{"coordinates":[-90.20043919939815,38.6459013588105],"type":"Point"},"id":"stl-city-public-streetlights:2:142691","properties":{"address":null,"attributes":{"Date_Installed":null,"LED_Powered":0,"LightID":"L035545","Light_Source":"LED","Light_Type":"Cobra","Lighting_Type":"LED-Powered Lamp","Verification_Date":null},"id":"stl-city-public-streetlights:2:142691","sourceLayerId":2,"sourceObjectId":142691,"sourceURL":"https://maps8.stlouis-mo.gov/arcgis/rest/services/STREETS/Streets_Permitting/MapServer/2","title":"Street light L035545"},"type":"Feature"},{"geometry":{"coordinates":[-90.20035056151445,38.64616618912192],"type":"Point"},"id":"stl-city-public-streetlights:2:142692","properties":{"address":null,"attributes":{"Date_Installed":null,"LED_Powered":0,"LightID":"L035546","Light_Source":"LED","Light_Type":"Cobra","Lighting_Type":"LED-Powered Lamp","Verification_Date":null},"id":"stl-city-public-streetlights:2:142692","sourceLayerId":2,"sourceObjectId":142692,"sourceURL":"https://maps8.stlouis-mo.gov/arcgis/rest/services/STREETS/Streets_Permitting/MapServer/2","title":"Street light L035546"},"type":"Feature"},{"geometry":{"coordinates":[-90.20023885013761,38.64649746194029],"type":"Point"},"id":"stl-city-public-streetlights:2:142693","properties":{"address":null,"attributes":{"Date_Installed":null,"LED_Powered":0,"LightID":"L035547","Light_Source":"LED","Light_Type":"Cobra","Lighting_Type":"LED-Powered Lamp","Verification_Date":null},"id":"stl-city-public-streetlights:2:142693","sourceLayerId":2,"sourceObjectId":142693,"sourceURL":"https://maps8.stlouis-mo.gov/arcgis/rest/services/STREETS/Streets_Permitting/MapServer/2","title":"Street light L035547"},"type":"Feature"},{"geometry":{"coordinates":[-90.20012392139893,38.64681297076558],"type":"Point"},"id":"stl-city-public-streetlights:2:142694","properties":{"address":null,"attributes":{"Date_Installed":null,"LED_Powered":0,"LightID":"L035548","Light_Source":"LED","Light_Type":"Cobra","Lighting_Type":"LED-Powered Lamp","Verification_Date":null},"id":"stl-city-public-streetlights:2:142694","sourceLayerId":2,"sourceObjectId":142694,"sourceURL":"https://maps8.stlouis-mo.gov/arcgis/rest/services/STREETS/Streets_Permitting/MapServer/2","title":"Street light L035548"},"type":"Feature"},{"geometry":{"coordinates":[-90.20008973356157,38.6442084865583],"type":"Point"},"id":"stl-city-public-streetlights:2:142695","properties":{"address":null,"attributes":{"Date_Installed":null,"LED_Powered":0,"LightID":"L035549","Light_Source":"LED","Light_Type":"Cobra","Lighting_Type":"LED-Powered Lamp","Verification_Date":null},"id":"stl-city-public-streetlights:2:142695","sourceLayerId":2,"sourceObjectId":142695,"sourceURL":"https://maps8.stlouis-mo.gov/arcgis/rest/services/STREETS/Streets_Permitting/MapServer/2","title":"Street light L035549"},"type":"Feature"},{"geometry":{"coordinates":[-90.20126864899862,38.64421337040652],"type":"Point"},"id":"stl-city-public-streetlights:2:142712","properties":{"address":null,"attributes":{"Date_Installed":null,"LED_Powered":0,"LightID":"L035566","Light_Source":"LED","Light_Type":"Cobra","Lighting_Type":"LED-Powered Lamp","Verification_Date":null},"id":"stl-city-public-streetlights:2:142712","sourceLayerId":2,"sourceObjectId":142712,"sourceURL":"https://maps8.stlouis-mo.gov/arcgis/rest/services/STREETS/Streets_Permitting/MapServer/2","title":"Street light L035566"},"type":"Feature"},{"geometry":{"coordinates":[-90.20170421606228,38.644308634501755],"type":"Point"},"id":"stl-city-public-streetlights:2:142713","properties":{"address":null,"attributes":{"Date_Installed":null,"LED_Powered":0,"LightID":"L035567","Light_Source":"LED","Light_Type":"Cobra","Lighting_Type":"LED-Powered Lamp","Verification_Date":null},"id":"stl-city-public-streetlights:2:142713","sourceLayerId":2,"sourceObjectId":142713,"sourceURL":"https://maps8.stlouis-mo.gov/arcgis/rest/services/STREETS/Streets_Permitting/MapServer/2","title":"Street light L035567"},"type":"Feature"},{"geometry":{"coordinates":[-90.20213664407004,38.64439935931944],"type":"Point"},"id":"stl-city-public-streetlights:2:142714","properties":{"address":null,"attributes":{"Date_Installed":null,"LED_Powered":0,"LightID":"L035568","Light_Source":"LED","Light_Type":"Cobra","Lighting_Type":"LED-Powered Lamp","Verification_Date":null},"id":"stl-city-public-streetlights:2:142714","sourceLayerId":2,"sourceObjectId":142714,"sourceURL":"https://maps8.stlouis-mo.gov/arcgis/rest/services/STREETS/Streets_Permitting/MapServer/2","title":"Street light L035568"},"type":"Feature"},{"geometry":{"coordinates":[-90.20248407406248,38.644465077581756],"type":"Point"},"id":"stl-city-public-streetlights:2:142715","properties":{"address":null,"attributes":{"Date_Installed":null,"LED_Powered":0,"LightID":"L035569","Light_Source":"LED","Light_Type":"Cobra","Lighting_Type":"LED-Powered Lamp","Verification_Date":null},"id":"stl-city-public-streetlights:2:142715","sourceLayerId":2,"sourceObjectId":142715,"sourceURL":"https://maps8.stlouis-mo.gov/arcgis/rest/services/STREETS/Streets_Permitting/MapServer/2","title":"Street light L035569"},"type":"Feature"},{"geometry":{"coordinates":[-90.20287517638087,38.644553788287745],"type":"Point"},"id":"stl-city-public-streetlights:2:142716","properties":{"address":null,"attributes":{"Date_Installed":null,"LED_Powered":0,"LightID":"L035570","Light_Source":"LED","Light_Type":"Cobra","Lighting_Type":"LED-Powered Lamp","Verification_Date":null},"id":"stl-city-public-streetlights:2:142716","sourceLayerId":2,"sourceObjectId":142716,"sourceURL":"https://maps8.stlouis-mo.gov/arcgis/rest/services/STREETS/Streets_Permitting/MapServer/2","title":"Street light L035570"},"type":"Feature"},{"geometry":{"coordinates":[-90.2032144508867,38.64480409358344],"type":"Point"},"id":"stl-city-public-streetlights:2:142717","properties":{"address":null,"attributes":{"Date_Installed":null,"LED_Powered":0,"LightID":"L035571","Light_Source":"LED","Light_Type":"Cobra","Lighting_Type":"LED-Powered Lamp","Verification_Date":null},"id":"stl-city-public-streetlights:2:142717","sourceLayerId":2,"sourceObjectId":142717,"sourceURL":"https://maps8.stlouis-mo.gov/arcgis/rest/services/STREETS/Streets_Permitting/MapServer/2","title":"Street light L035571"},"type":"Feature"},{"geometry":{"coordinates":[-90.20360814729874,38.644890901239414],"type":"Point"},"id":"stl-city-public-streetlights:2:142718","properties":{"address":null,"attributes":{"Date_Installed":null,"LED_Powered":0,"LightID":"L035572","Light_Source":"LED","Light_Type":"Cobra","Lighting_Type":"LED-Powered Lamp","Verification_Date":null},"id":"stl-city-public-streetlights:2:142718","sourceLayerId":2,"sourceObjectId":142718,"sourceURL":"https://maps8.stlouis-mo.gov/arcgis/rest/services/STREETS/Streets_Permitting/MapServer/2","title":"Street light L035572"},"type":"Feature"},{"geometry":{"coordinates":[-90.20399229945532,38.64497053307589],"type":"Point"},"id":"stl-city-public-streetlights:2:142719","properties":{"address":null,"attributes":{"Date_Installed":null,"LED_Powered":0,"LightID":"L035573","Light_Source":"LED","Light_Type":"Cobra","Lighting_Type":"LED-Powered Lamp","Verification_Date":null},"id":"stl-city-public-streetlights:2:142719","sourceLayerId":2,"sourceObjectId":142719,"sourceURL":"https://maps8.stlouis-mo.gov/arcgis/rest/services/STREETS/Streets_Permitting/MapServer/2","title":"Street light L035573"},"type":"Feature"},{"geometry":{"coordinates":[-90.20430282736514,38.64503090849245],"type":"Point"},"id":"stl-city-public-streetlights:2:142720","properties":{"address":null,"attributes":{"Date_Installed":null,"LED_Powered":0,"LightID":"L035574","Light_Source":"LED","Light_Type":"Cobra","Lighting_Type":"LED-Powered Lamp","Verification_Date":null},"id":"stl-city-public-streetlights:2:142720","sourceLayerId":2,"sourceObjectId":142720,"sourceURL":"https://maps8.stlouis-mo.gov/arcgis/rest/services/STREETS/Streets_Permitting/MapServer/2","title":"Street light L035574"},"type":"Feature"},{"geometry":{"coordinates":[-90.20470822355486,38.645118933892675],"type":"Point"},"id":"stl-city-public-streetlights:2:142721","properties":{"address":null,"attributes":{"Date_Installed":null,"LED_Powered":0,"LightID":"L035575","Light_Source":"LED","Light_Type":"Cobra","Lighting_Type":"LED-Powered Lamp","Verification_Date":null},"id":"stl-city-public-streetlights:2:142721","sourceLayerId":2,"sourceObjectId":142721,"sourceURL":"https://maps8.stlouis-mo.gov/arcgis/rest/services/STREETS/Streets_Permitting/MapServer/2","title":"Street light L035575"},"type":"Feature"},{"geometry":{"coordinates":[-90.20413416802621,38.64611854441235],"type":"Point"},"id":"stl-city-public-streetlights:2:142722","properties":{"address":null,"attributes":{"Date_Installed":null,"LED_Powered":0,"LightID":"L035576","Light_Source":"LED","Light_Type":"Cobra","Lighting_Type":"LED-Powered Lamp","Verification_Date":null},"id":"stl-city-public-streetlights:2:142722","sourceLayerId":2,"sourceObjectId":142722,"sourceURL":"https://maps8.stlouis-mo.gov/arcgis/rest/services/STREETS/Streets_Permitting/MapServer/2","title":"Street light L035576"},"type":"Feature"},{"geometry":{"coordinates":[-90.20375758185281,38.64604513031392],"type":"Point"},"id":"stl-city-public-streetlights:2:142723","properties":{"address":null,"attributes":{"Date_Installed":null,"LED_Powered":0,"LightID":"L035577","Light_Source":"LED","Light_Type":"Cobra","Lighting_Type":"LED-Powered Lamp","Verification_Date":null},"id":"stl-city-public-streetlights:2:142723","sourceLayerId":2,"sourceObjectId":142723,"sourceURL":"https://maps8.stlouis-mo.gov/arcgis/rest/services/STREETS/Streets_Permitting/MapServer/2","title":"Street light L035577"},"type":"Feature"},{"geometry":{"coordinates":[-90.20437092728311,38.646387898417146],"type":"Point"},"id":"stl-city-public-streetlights:2:142724","properties":{"address":null,"attributes":{"Date_Installed":"4/16/20","LED_Powered":1,"LightID":"L035578","Light_Source":"LED","Light_Type":"Cobra","Lighting_Type":"LED-Powered Lamp","Verification_Date":null},"id":"stl-city-public-streetlights:2:142724","sourceLayerId":2,"sourceObjectId":142724,"sourceURL":"https://maps8.stlouis-mo.gov/arcgis/rest/services/STREETS/Streets_Permitting/MapServer/2","title":"Street light L035578"},"type":"Feature"},{"geometry":{"coordinates":[-90.20422753860117,38.646259179331054],"type":"Point"},"id":"stl-city-public-streetlights:2:142725","properties":{"address":null,"attributes":{"Date_Installed":"4/16/20","LED_Powered":1,"LightID":"L035579","Light_Source":"LED","Light_Type":"Cobra","Lighting_Type":"LED-Powered Lamp","Verification_Date":null},"id":"stl-city-public-streetlights:2:142725","sourceLayerId":2,"sourceObjectId":142725,"sourceURL":"https://maps8.stlouis-mo.gov/arcgis/rest/services/STREETS/Streets_Permitting/MapServer/2","title":"Street light L035579"},"type":"Feature"},{"geometry":{"coordinates":[-90.20377566075318,38.6461645986457],"type":"Point"},"id":"stl-city-public-streetlights:2:142726","properties":{"address":null,"attributes":{"Date_Installed":"4/16/20","LED_Powered":1,"LightID":"L035580","Light_Source":"LED","Light_Type":"Cobra","Lighting_Type":"LED-Powered Lamp","Verification_Date":null},"id":"stl-city-public-streetlights:2:142726","sourceLayerId":2,"sourceObjectId":142726,"sourceURL":"https://maps8.stlouis-mo.gov/arcgis/rest/services/STREETS/Streets_Permitting/MapServer/2","title":"Street light L035580"},"type":"Feature"},{"geometry":{"coordinates":[-90.20336160274123,38.64607547510258],"type":"Point"},"id":"stl-city-public-streetlights:2:142727","properties":{"address":null,"attributes":{"Date_Installed":"4/16/20","LED_Powered":1,"LightID":"L035581","Light_Source":"LED","Light_Type":"Cobra","Lighting_Type":"LED-Powered Lamp","Verification_Date":null},"id":"stl-city-public-streetlights:2:142727","sourceLayerId":2,"sourceObjectId":142727,"sourceURL":"https://maps8.stlouis-mo.gov/arcgis/rest/services/STREETS/Streets_Permitting/MapServer/2","title":"Street light L035581"},"type":"Feature"},{"geometry":{"coordinates":[-90.20291808397322,38.64598126995274],"type":"Point"},"id":"stl-city-public-streetlights:2:142728","properties":{"address":null,"attributes":{"Date_Installed":"4/16/20","LED_Powered":1,"LightID":"L035582","Light_Source":"LED","Light_Type":"Cobra","Lighting_Type":"LED-Powered Lamp","Verification_Date":null},"id":"stl-city-public-streetlights:2:142728","sourceLayerId":2,"sourceObjectId":142728,"sourceURL":"https://maps8.stlouis-mo.gov/arcgis/rest/services/STREETS/Streets_Permitting/MapServer/2","title":"Street light L035582"},"type":"Feature"},{"geometry":{"coordinates":[-90.20247762818614,38.64588919250155],"type":"Point"},"id":"stl-city-public-streetlights:2:142729","properties":{"address":null,"attributes":{"Date_Installed":"4/16/20","LED_Powered":1,"LightID":"L035583","Light_Source":"LED","Light_Type":"Cobra","Lighting_Type":"LED-Powered Lamp","Verification_Date":null},"id":"stl-city-public-streetlights:2:142729","sourceLayerId":2,"sourceObjectId":142729,"sourceURL":"https://maps8.stlouis-mo.gov/arcgis/rest/services/STREETS/Streets_Permitting/MapServer/2","title":"Street light L035583"},"type":"Feature"},{"geometry":{"coordinates":[-90.20203305738767,38.64579271739071],"type":"Point"},"id":"stl-city-public-streetlights:2:142730","properties":{"address":null,"attributes":{"Date_Installed":"4/16/20","LED_Powered":1,"LightID":"L035584","Light_Source":"LED","Light_Type":"Cobra","Lighting_Type":"LED-Powered Lamp","Verification_Date":null},"id":"stl-city-public-streetlights:2:142730","sourceLayerId":2,"sourceObjectId":142730,"sourceURL":"https://maps8.stlouis-mo.gov/arcgis/rest/services/STREETS/Streets_Permitting/MapServer/2","title":"Street light L035584"},"type":"Feature"},{"geometry":{"coordinates":[-90.2016001352382,38.64570199003847],"type":"Point"},"id":"stl-city-public-streetlights:2:142731","properties":{"address":null,"attributes":{"Date_Installed":"4/16/20","LED_Powered":1,"LightID":"L035585","Light_Source":"LED","Light_Type":"Cobra","Lighting_Type":"LED-Powered Lamp","Verification_Date":null},"id":"stl-city-public-streetlights:2:142731","sourceLayerId":2,"sourceObjectId":142731,"sourceURL":"https://maps8.stlouis-mo.gov/arcgis/rest/services/STREETS/Streets_Permitting/MapServer/2","title":"Street light L035585"},"type":"Feature"},{"geometry":{"coordinates":[-90.20118470507964,38.645615120122486],"type":"Point"},"id":"stl-city-public-streetlights:2:142732","properties":{"address":null,"attributes":{"Date_Installed":"4/16/20","LED_Powered":1,"LightID":"L035586","Light_Source":"LED","Light_Type":"Cobra","Lighting_Type":"LED-Powered Lamp","Verification_Date":null},"id":"stl-city-public-streetlights:2:142732","sourceLayerId":2,"sourceObjectId":142732,"sourceURL":"https://maps8.stlouis-mo.gov/arcgis/rest/services/STREETS/Streets_Permitting/MapServer/2","title":"Street light L035586"},"type":"Feature"},{"geometry":{"coordinates":[-90.20077169194427,38.64553206837075],"type":"Point"},"id":"stl-city-public-streetlights:2:142733","properties":{"address":null,"attributes":{"Date_Installed":"4/16/20","LED_Powered":1,"LightID":"L035587","Light_Source":"LED","Light_Type":"Cobra","Lighting_Type":"LED-Powered Lamp","Verification_Date":null},"id":"stl-city-public-streetlights:2:142733","sourceLayerId":2,"sourceObjectId":142733,"sourceURL":"https://maps8.stlouis-mo.gov/arcgis/rest/services/STREETS/Streets_Permitting/MapServer/2","title":"Street light L035587"},"type":"Feature"},{"geometry":{"coordinates":[-90.20042430604008,38.6454549038704],"type":"Point"},"id":"stl-city-public-streetlights:2:142734","properties":{"address":null,"attributes":{"Date_Installed":"4/16/20","LED_Powered":1,"LightID":"L035588","Light_Source":"LED","Light_Type":"Cobra","Lighting_Type":"LED-Powered Lamp","Verification_Date":null},"id":"stl-city-public-streetlights:2:142734","sourceLayerId":2,"sourceObjectId":142734,"sourceURL":"https://maps8.stlouis-mo.gov/arcgis/rest/services/STREETS/Streets_Permitting/MapServer/2","title":"Street light L035588"},"type":"Feature"},{"geometry":{"coordinates":[-90.20002052716455,38.645373780292275],"type":"Point"},"id":"stl-city-public-streetlights:2:142735","properties":{"address":null,"attributes":{"Date_Installed":"4/16/20","LED_Powered":1,"LightID":"L035589","Light_Source":"LED","Light_Type":"Cobra","Lighting_Type":"LED-Powered Lamp","Verification_Date":null},"id":"stl-city-public-streetlights:2:142735","sourceLayerId":2,"sourceObjectId":142735,"sourceURL":"https://maps8.stlouis-mo.gov/arcgis/rest/services/STREETS/Streets_Permitting/MapServer/2","title":"Street light L035589"},"type":"Feature"},{"geometry":{"coordinates":[-90.2001517198472,38.647022592019056],"type":"Point"},"id":"stl-city-public-streetlights:2:142744","properties":{"address":null,"attributes":{"Date_Installed":null,"LED_Powered":0,"LightID":"L035598","Light_Source":"LED","Light_Type":"Cobra","Lighting_Type":"LED-Powered Lamp","Verification_Date":null},"id":"stl-city-public-streetlights:2:142744","sourceLayerId":2,"sourceObjectId":142744,"sourceURL":"https://maps8.stlouis-mo.gov/arcgis/rest/services/STREETS/Streets_Permitting/MapServer/2","title":"Street light L035598"},"type":"Feature"},{"geometry":{"coordinates":[-90.20069379369295,38.64698941851583],"type":"Point"},"id":"stl-city-public-streetlights:2:142745","properties":{"address":null,"attributes":{"Date_Installed":null,"LED_Powered":0,"LightID":"L035599","Light_Source":"LED","Light_Type":"Cobra","Lighting_Type":"LED-Powered Lamp","Verification_Date":null},"id":"stl-city-public-streetlights:2:142745","sourceLayerId":2,"sourceObjectId":142745,"sourceURL":"https://maps8.stlouis-mo.gov/arcgis/rest/services/STREETS/Streets_Permitting/MapServer/2","title":"Street light L035599"},"type":"Feature"},{"geometry":{"coordinates":[-90.20121612945363,38.64709801608258],"type":"Point"},"id":"stl-city-public-streetlights:2:142746","properties":{"address":null,"attributes":{"Date_Installed":null,"LED_Powered":0,"LightID":"L035600","Light_Source":"LED","Light_Type":"Cobra","Lighting_Type":"LED-Powered Lamp","Verification_Date":null},"id":"stl-city-public-streetlights:2:142746","sourceLayerId":2,"sourceObjectId":142746,"sourceURL":"https://maps8.stlouis-mo.gov/arcgis/rest/services/STREETS/Streets_Permitting/MapServer/2","title":"Street light L035600"},"type":"Feature"},{"geometry":{"coordinates":[-90.20175666501507,38.64721619180782],"type":"Point"},"id":"stl-city-public-streetlights:2:142747","properties":{"address":null,"attributes":{"Date_Installed":null,"LED_Powered":0,"LightID":"L035601","Light_Source":"LED","Light_Type":"Cobra","Lighting_Type":"LED-Powered Lamp","Verification_Date":null},"id":"stl-city-public-streetlights:2:142747","sourceLayerId":2,"sourceObjectId":142747,"sourceURL":"https://maps8.stlouis-mo.gov/arcgis/rest/services/STREETS/Streets_Permitting/MapServer/2","title":"Street light L035601"},"type":"Feature"},{"geometry":{"coordinates":[-90.20229784836845,38.64732483169275],"type":"Point"},"id":"stl-city-public-streetlights:2:142748","properties":{"address":null,"attributes":{"Date_Installed":null,"LED_Powered":0,"LightID":"L035602","Light_Source":"LED","Light_Type":"Cobra","Lighting_Type":"LED-Powered Lamp","Verification_Date":null},"id":"stl-city-public-streetlights:2:142748","sourceLayerId":2,"sourceObjectId":142748,"sourceURL":"https://maps8.stlouis-mo.gov/arcgis/rest/services/STREETS/Streets_Permitting/MapServer/2","title":"Street light L035602"},"type":"Feature"},{"geometry":{"coordinates":[-90.20282318927957,38.647442963822556],"type":"Point"},"id":"stl-city-public-streetlights:2:142749","properties":{"address":null,"attributes":{"Date_Installed":null,"LED_Powered":0,"LightID":"L035603","Light_Source":"LED","Light_Type":"Cobra","Lighting_Type":"LED-Powered Lamp","Verification_Date":null},"id":"stl-city-public-streetlights:2:142749","sourceLayerId":2,"sourceObjectId":142749,"sourceURL":"https://maps8.stlouis-mo.gov/arcgis/rest/services/STREETS/Streets_Permitting/MapServer/2","title":"Street light L035603"},"type":"Feature"},{"geometry":{"coordinates":[-90.20335158139234,38.647558718483566],"type":"Point"},"id":"stl-city-public-streetlights:2:142750","properties":{"address":null,"attributes":{"Date_Installed":null,"LED_Powered":0,"LightID":"L035604","Light_Source":"LED","Light_Type":"Cobra","Lighting_Type":"LED-Powered Lamp","Verification_Date":null},"id":"stl-city-public-streetlights:2:142750","sourceLayerId":2,"sourceObjectId":142750,"sourceURL":"https://maps8.stlouis-mo.gov/arcgis/rest/services/STREETS/Streets_Permitting/MapServer/2","title":"Street light L035604"},"type":"Feature"},{"geometry":{"coordinates":[-90.20386846867126,38.64766395260508],"type":"Point"},"id":"stl-city-public-streetlights:2:142751","properties":{"address":null,"attributes":{"Date_Installed":null,"LED_Powered":0,"LightID":"L035605","Light_Source":"LED","Light_Type":"Cobra","Lighting_Type":"LED-Powered Lamp","Verification_Date":null},"id":"stl-city-public-streetlights:2:142751","sourceLayerId":2,"sourceObjectId":142751,"sourceURL":"https://maps8.stlouis-mo.gov/arcgis/rest/services/STREETS/Streets_Permitting/MapServer/2","title":"Street light L035605"},"type":"Feature"},{"geometry":{"coordinates":[-90.20440901176585,38.647782116094916],"type":"Point"},"id":"stl-city-public-streetlights:2:142752","properties":{"address":null,"attributes":{"Date_Installed":null,"LED_Powered":1,"LightID":"L035606","Light_Source":"LED","Light_Type":"Cobra","Lighting_Type":"LED-Powered Lamp","Verification_Date":null},"id":"stl-city-public-streetlights:2:142752","sourceLayerId":2,"sourceObjectId":142752,"sourceURL":"https://maps8.stlouis-mo.gov/arcgis/rest/services/STREETS/Streets_Permitting/MapServer/2","title":"Street light L035606"},"type":"Feature"},{"geometry":{"coordinates":[-90.20498603799616,38.647898462818695],"type":"Point"},"id":"stl-city-public-streetlights:2:142753","properties":{"address":null,"attributes":{"Date_Installed":null,"LED_Powered":1,"LightID":"L035607","Light_Source":"LED","Light_Type":"Cobra","Lighting_Type":"LED-Powered Lamp","Verification_Date":null},"id":"stl-city-public-streetlights:2:142753","sourceLayerId":2,"sourceObjectId":142753,"sourceURL":"https://maps8.stlouis-mo.gov/arcgis/rest/services/STREETS/Streets_Permitting/MapServer/2","title":"Street light L035607"},"type":"Feature"},{"geometry":{"coordinates":[-90.20520407201698,38.64879351778504],"type":"Point"},"id":"stl-city-public-streetlights:2:142754","properties":{"address":null,"attributes":{"Date_Installed":null,"LED_Powered":1,"LightID":"L035608","Light_Source":"LED","Light_Type":"Cobra","Lighting_Type":"LED-Powered Lamp","Verification_Date":null},"id":"stl-city-public-streetlights:2:142754","sourceLayerId":2,"sourceObjectId":142754,"sourceURL":"https://maps8.stlouis-mo.gov/arcgis/rest/services/STREETS/Streets_Permitting/MapServer/2","title":"Street light L035608"},"type":"Feature"},{"geometry":{"coordinates":[-90.20479818232559,38.64870942615576],"type":"Point"},"id":"stl-city-public-streetlights:2:142755","properties":{"address":null,"attributes":{"Date_Installed":null,"LED_Powered":1,"LightID":"L035609","Light_Source":"LED","Light_Type":"Cobra","Lighting_Type":"LED-Powered Lamp","Verification_Date":null},"id":"stl-city-public-streetlights:2:142755","sourceLayerId":2,"sourceObjectId":142755,"sourceURL":"https://maps8.stlouis-mo.gov/arcgis/rest/services/STREETS/Streets_Permitting/MapServer/2","title":"Street light L035609"},"type":"Feature"},{"geometry":{"coordinates":[-90.20440036012927,38.648622612104134],"type":"Point"},"id":"stl-city-public-streetlights:2:142756","properties":{"address":null,"attributes":{"Date_Installed":null,"LED_Powered":1,"LightID":"L035610","Light_Source":"LED","Light_Type":"Cobra","Lighting_Type":"LED-Powered Lamp","Verification_Date":null},"id":"stl-city-public-streetlights:2:142756","sourceLayerId":2,"sourceObjectId":142756,"sourceURL":"https://maps8.stlouis-mo.gov/arcgis/rest/services/STREETS/Streets_Permitting/MapServer/2","title":"Street light L035610"},"type":"Feature"},{"geometry":{"coordinates":[-90.20400470712822,38.648544621873555],"type":"Point"},"id":"stl-city-public-streetlights:2:142757","properties":{"address":null,"attributes":{"Date_Installed":null,"LED_Powered":1,"LightID":"L035611","Light_Source":"LED","Light_Type":"Cobra","Lighting_Type":"LED-Powered Lamp","Verification_Date":null},"id":"stl-city-public-streetlights:2:142757","sourceLayerId":2,"sourceObjectId":142757,"sourceURL":"https://maps8.stlouis-mo.gov/arcgis/rest/services/STREETS/Streets_Permitting/MapServer/2","title":"Street light L035611"},"type":"Feature"},{"geometry":{"coordinates":[-90.20356438522329,38.648445183215024],"type":"Point"},"id":"stl-city-public-streetlights:2:142758","properties":{"address":null,"attributes":{"Date_Installed":null,"LED_Powered":0,"LightID":"L035612","Light_Source":"LED","Light_Type":"Cobra","Lighting_Type":"LED-Powered Lamp","Verification_Date":null},"id":"stl-city-public-streetlights:2:142758","sourceLayerId":2,"sourceObjectId":142758,"sourceURL":"https://maps8.stlouis-mo.gov/arcgis/rest/services/STREETS/Streets_Permitting/MapServer/2","title":"Street light L035612"},"type":"Feature"},{"geometry":{"coordinates":[-90.20312026668053,38.648345733264314],"type":"Point"},"id":"stl-city-public-streetlights:2:142759","properties":{"address":null,"attributes":{"Date_Installed":null,"LED_Powered":0,"LightID":"L035613","Light_Source":"LED","Light_Type":"Cobra","Lighting_Type":"LED-Powered Lamp","Verification_Date":null},"id":"stl-city-public-streetlights:2:142759","sourceLayerId":2,"sourceObjectId":142759,"sourceURL":"https://maps8.stlouis-mo.gov/arcgis/rest/services/STREETS/Streets_Permitting/MapServer/2","title":"Street light L035613"},"type":"Feature"},{"geometry":{"coordinates":[-90.20274442532386,38.64827327094576],"type":"Point"},"id":"stl-city-public-streetlights:2:142760","properties":{"address":null,"attributes":{"Date_Installed":null,"LED_Powered":0,"LightID":"L035614","Light_Source":"LED","Light_Type":"Cobra","Lighting_Type":"LED-Powered Lamp","Verification_Date":null},"id":"stl-city-public-streetlights:2:142760","sourceLayerId":2,"sourceObjectId":142760,"sourceURL":"https://maps8.stlouis-mo.gov/arcgis/rest/services/STREETS/Streets_Permitting/MapServer/2","title":"Street light L035614"},"type":"Feature"},{"geometry":{"coordinates":[-90.20238000755069,38.64819487711429],"type":"Point"},"id":"stl-city-public-streetlights:2:142761","properties":{"address":null,"attributes":{"Date_Installed":null,"LED_Powered":0,"LightID":"L035615","Light_Source":"LED","Light_Type":"Cobra","Lighting_Type":"LED-Powered Lamp","Verification_Date":null},"id":"stl-city-public-streetlights:2:142761","sourceLayerId":2,"sourceObjectId":142761,"sourceURL":"https://maps8.stlouis-mo.gov/arcgis/rest/services/STREETS/Streets_Permitting/MapServer/2","title":"Street light L035615"},"type":"Feature"},{"geometry":{"coordinates":[-90.202018242505,38.64811857445856],"type":"Point"},"id":"stl-city-public-streetlights:2:142762","properties":{"address":null,"attributes":{"Date_Installed":null,"LED_Powered":0,"LightID":"L035616","Light_Source":"LED","Light_Type":"Cobra","Lighting_Type":"LED-Powered Lamp","Verification_Date":null},"id":"stl-city-public-streetlights:2:142762","sourceLayerId":2,"sourceObjectId":142762,"sourceURL":"https://maps8.stlouis-mo.gov/arcgis/rest/services/STREETS/Streets_Permitting/MapServer/2","title":"Street light L035616"},"type":"Feature"},{"geometry":{"coordinates":[-90.20161758303293,38.648028597819135],"type":"Point"},"id":"stl-city-public-streetlights:2:142763","properties":{"address":null,"attributes":{"Date_Installed":"4/16/20","LED_Powered":1,"LightID":"L035617","Light_Source":"LED","Light_Type":"Cobra","Lighting_Type":"LED-Powered Lamp","Verification_Date":null},"id":"stl-city-public-streetlights:2:142763","sourceLayerId":2,"sourceObjectId":142763,"sourceURL":"https://maps8.stlouis-mo.gov/arcgis/rest/services/STREETS/Streets_Permitting/MapServer/2","title":"Street light L035617"},"type":"Feature"},{"geometry":{"coordinates":[-90.2012005927617,38.64794099697934],"type":"Point"},"id":"stl-city-public-streetlights:2:142764","properties":{"address":null,"attributes":{"Date_Installed":"4/16/20","LED_Powered":1,"LightID":"L035618","Light_Source":"LED","Light_Type":"Cobra","Lighting_Type":"LED-Powered Lamp","Verification_Date":null},"id":"stl-city-public-streetlights:2:142764","sourceLayerId":2,"sourceObjectId":142764,"sourceURL":"https://maps8.stlouis-mo.gov/arcgis/rest/services/STREETS/Streets_Permitting/MapServer/2","title":"Street light L035618"},"type":"Feature"},{"geometry":{"coordinates":[-90.2007655489724,38.64785318091099],"type":"Point"},"id":"stl-city-public-streetlights:2:142765","properties":{"address":null,"attributes":{"Date_Installed":"4/16/20","LED_Powered":1,"LightID":"L035619","Light_Source":"LED","Light_Type":"Cobra","Lighting_Type":"LED-Powered Lamp","Verification_Date":null},"id":"stl-city-public-streetlights:2:142765","sourceLayerId":2,"sourceObjectId":142765,"sourceURL":"https://maps8.stlouis-mo.gov/arcgis/rest/services/STREETS/Streets_Permitting/MapServer/2","title":"Street light L035619"},"type":"Feature"},{"geometry":{"coordinates":[-90.20035148420293,38.64783734289697],"type":"Point"},"id":"stl-city-public-streetlights:2:142766","properties":{"address":null,"attributes":{"Date_Installed":"4/16/20","LED_Powered":1,"LightID":"L035620","Light_Source":"LED","Light_Type":"Cobra","Lighting_Type":"LED-Powered Lamp","Verification_Date":null},"id":"stl-city-public-streetlights:2:142766","sourceLayerId":2,"sourceObjectId":142766,"sourceURL":"https://maps8.stlouis-mo.gov/arcgis/rest/services/STREETS/Streets_Permitting/MapServer/2","title":"Street light L035620"},"type":"Feature"},{"geometry":{"coordinates":[-90.20014715213965,38.64867889836593],"type":"Point"},"id":"stl-city-public-streetlights:2:142772","properties":{"address":null,"attributes":{"Date_Installed":null,"LED_Powered":0,"LightID":"L035626","Light_Source":"LED","Light_Type":"Cobra","Lighting_Type":"LED-Powered Lamp","Verification_Date":null},"id":"stl-city-public-streetlights:2:142772","sourceLayerId":2,"sourceObjectId":142772,"sourceURL":"https://maps8.stlouis-mo.gov/arcgis/rest/services/STREETS/Streets_Permitting/MapServer/2","title":"Street light L035626"},"type":"Feature"},{"geometry":{"coordinates":[-90.20053063534435,38.64855831677238],"type":"Point"},"id":"stl-city-public-streetlights:2:142773","properties":{"address":null,"attributes":{"Date_Installed":null,"LED_Powered":0,"LightID":"L035627","Light_Source":"LED","Light_Type":"Cobra","Lighting_Type":"LED-Powered Lamp","Verification_Date":null},"id":"stl-city-public-streetlights:2:142773","sourceLayerId":2,"sourceObjectId":142773,"sourceURL":"https://maps8.stlouis-mo.gov/arcgis/rest/services/STREETS/Streets_Permitting/MapServer/2","title":"Street light L035627"},"type":"Feature"},{"geometry":{"coordinates":[-90.20086149564362,38.64862947931392],"type":"Point"},"id":"stl-city-public-streetlights:2:142774","properties":{"address":null,"attributes":{"Date_Installed":null,"LED_Powered":0,"LightID":"L035628","Light_Source":"LED","Light_Type":"Cobra","Lighting_Type":"LED-Powered Lamp","Verification_Date":null},"id":"stl-city-public-streetlights:2:142774","sourceLayerId":2,"sourceObjectId":142774,"sourceURL":"https://maps8.stlouis-mo.gov/arcgis/rest/services/STREETS/Streets_Permitting/MapServer/2","title":"Street light L035628"},"type":"Feature"},{"geometry":{"coordinates":[-90.20127221562277,38.64871991395088],"type":"Point"},"id":"stl-city-public-streetlights:2:142775","properties":{"address":null,"attributes":{"Date_Installed":null,"LED_Powered":0,"LightID":"L035629","Light_Source":"LED","Light_Type":"Cobra","Lighting_Type":"LED-Powered Lamp","Verification_Date":null},"id":"stl-city-public-streetlights:2:142775","sourceLayerId":2,"sourceObjectId":142775,"sourceURL":"https://maps8.stlouis-mo.gov/arcgis/rest/services/STREETS/Streets_Permitting/MapServer/2","title":"Street light L035629"},"type":"Feature"},{"geometry":{"coordinates":[-90.20176724942648,38.64881890523574],"type":"Point"},"id":"stl-city-public-streetlights:2:142776","properties":{"address":null,"attributes":{"Date_Installed":null,"LED_Powered":0,"LightID":"L035630","Light_Source":"LED","Light_Type":"Cobra","Lighting_Type":"LED-Powered Lamp","Verification_Date":null},"id":"stl-city-public-streetlights:2:142776","sourceLayerId":2,"sourceObjectId":142776,"sourceURL":"https://maps8.stlouis-mo.gov/arcgis/rest/services/STREETS/Streets_Permitting/MapServer/2","title":"Street light L035630"},"type":"Feature"},{"geometry":{"coordinates":[-90.20217343052383,38.64890515312961],"type":"Point"},"id":"stl-city-public-streetlights:2:142777","properties":{"address":null,"attributes":{"Date_Installed":null,"LED_Powered":0,"LightID":"L035631","Light_Source":"LED","Light_Type":"Cobra","Lighting_Type":"LED-Powered Lamp","Verification_Date":null},"id":"stl-city-public-streetlights:2:142777","sourceLayerId":2,"sourceObjectId":142777,"sourceURL":"https://maps8.stlouis-mo.gov/arcgis/rest/services/STREETS/Streets_Permitting/MapServer/2","title":"Street light L035631"},"type":"Feature"},{"geometry":{"coordinates":[-90.2025880883433,38.64899976518016],"type":"Point"},"id":"stl-city-public-streetlights:2:142778","properties":{"address":null,"attributes":{"Date_Installed":null,"LED_Powered":0,"LightID":"L035632","Light_Source":"LED","Light_Type":"Cobra","Lighting_Type":"LED-Powered Lamp","Verification_Date":null},"id":"stl-city-public-streetlights:2:142778","sourceLayerId":2,"sourceObjectId":142778,"sourceURL":"https://maps8.stlouis-mo.gov/arcgis/rest/services/STREETS/Streets_Permitting/MapServer/2","title":"Street light L035632"},"type":"Feature"},{"geometry":{"coordinates":[-90.2029829002181,38.64907942650459],"type":"Point"},"id":"stl-city-public-streetlights:2:142779","properties":{"address":null,"attributes":{"Date_Installed":null,"LED_Powered":0,"LightID":"L035633","Light_Source":"LED","Light_Type":"Cobra","Lighting_Type":"LED-Powered Lamp","Verification_Date":null},"id":"stl-city-public-streetlights:2:142779","sourceLayerId":2,"sourceObjectId":142779,"sourceURL":"https://maps8.stlouis-mo.gov/arcgis/rest/services/STREETS/Streets_Permitting/MapServer/2","title":"Street light L035633"},"type":"Feature"},{"geometry":{"coordinates":[-90.2033777031432,38.64916147112205],"type":"Point"},"id":"stl-city-public-streetlights:2:142780","properties":{"address":null,"attributes":{"Date_Installed":null,"LED_Powered":0,"LightID":"L035634","Light_Source":"LED","Light_Type":"Cobra","Lighting_Type":"LED-Powered Lamp","Verification_Date":null},"id":"stl-city-public-streetlights:2:142780","sourceLayerId":2,"sourceObjectId":142780,"sourceURL":"https://maps8.stlouis-mo.gov/arcgis/rest/services/STREETS/Streets_Permitting/MapServer/2","title":"Street light L035634"},"type":"Feature"},{"geometry":{"coordinates":[-90.20004515365424,38.64959536958283],"type":"Point"},"id":"stl-city-public-streetlights:2:142782","properties":{"address":null,"attributes":{"Date_Installed":null,"LED_Powered":0,"LightID":"L035636","Light_Source":"LED","Light_Type":"Cobra","Lighting_Type":"LED-Powered Lamp","Verification_Date":null},"id":"stl-city-public-streetlights:2:142782","sourceLayerId":2,"sourceObjectId":142782,"sourceURL":"https://maps8.stlouis-mo.gov/arcgis/rest/services/STREETS/Streets_Permitting/MapServer/2","title":"Street light L035636"},"type":"Feature"},{"geometry":{"coordinates":[-90.20039514776484,38.649489005067814],"type":"Point"},"id":"stl-city-public-streetlights:2:142783","properties":{"address":null,"attributes":{"Date_Installed":null,"LED_Powered":0,"LightID":"L035637","Light_Source":"LED","Light_Type":"Cobra","Lighting_Type":"LED-Powered Lamp","Verification_Date":null},"id":"stl-city-public-streetlights:2:142783","sourceLayerId":2,"sourceObjectId":142783,"sourceURL":"https://maps8.stlouis-mo.gov/arcgis/rest/services/STREETS/Streets_Permitting/MapServer/2","title":"Street light L035637"},"type":"Feature"},{"geometry":{"coordinates":[-90.2007603470358,38.64938029374948],"type":"Point"},"id":"stl-city-public-streetlights:2:142784","properties":{"address":null,"attributes":{"Date_Installed":null,"LED_Powered":0,"LightID":"L035638","Light_Source":"LED","Light_Type":"Cobra","Lighting_Type":"LED-Powered Lamp","Verification_Date":null},"id":"stl-city-public-streetlights:2:142784","sourceLayerId":2,"sourceObjectId":142784,"sourceURL":"https://maps8.stlouis-mo.gov/arcgis/rest/services/STREETS/Streets_Permitting/MapServer/2","title":"Street light L035638"},"type":"Feature"},{"geometry":{"coordinates":[-90.20075354510601,38.64962715811462],"type":"Point"},"id":"stl-city-public-streetlights:2:142785","properties":{"address":null,"attributes":{"Date_Installed":null,"LED_Powered":0,"LightID":"L035639","Light_Source":"LED","Light_Type":"Cobra","Lighting_Type":"LED-Powered Lamp","Verification_Date":null},"id":"stl-city-public-streetlights:2:142785","sourceLayerId":2,"sourceObjectId":142785,"sourceURL":"https://maps8.stlouis-mo.gov/arcgis/rest/services/STREETS/Streets_Permitting/MapServer/2","title":"Street light L035639"},"type":"Feature"},{"geometry":{"coordinates":[-90.2011474862894,38.64971182962851],"type":"Point"},"id":"stl-city-public-streetlights:2:142786","properties":{"address":null,"attributes":{"Date_Installed":null,"LED_Powered":0,"LightID":"L035640","Light_Source":"LED","Light_Type":"Cobra","Lighting_Type":"LED-Powered Lamp","Verification_Date":null},"id":"stl-city-public-streetlights:2:142786","sourceLayerId":2,"sourceObjectId":142786,"sourceURL":"https://maps8.stlouis-mo.gov/arcgis/rest/services/STREETS/Streets_Permitting/MapServer/2","title":"Street light L035640"},"type":"Feature"},{"geometry":{"coordinates":[-90.20149005634707,38.64978278156562],"type":"Point"},"id":"stl-city-public-streetlights:2:142787","properties":{"address":null,"attributes":{"Date_Installed":null,"LED_Powered":0,"LightID":"L035641","Light_Source":"LED","Light_Type":"Cobra","Lighting_Type":"LED-Powered Lamp","Verification_Date":null},"id":"stl-city-public-streetlights:2:142787","sourceLayerId":2,"sourceObjectId":142787,"sourceURL":"https://maps8.stlouis-mo.gov/arcgis/rest/services/STREETS/Streets_Permitting/MapServer/2","title":"Street light L035641"},"type":"Feature"},{"geometry":{"coordinates":[-90.2018472050317,38.64985663087354],"type":"Point"},"id":"stl-city-public-streetlights:2:142788","properties":{"address":null,"attributes":{"Date_Installed":null,"LED_Powered":0,"LightID":"L035642","Light_Source":"LED","Light_Type":"Cobra","Lighting_Type":"LED-Powered Lamp","Verification_Date":null},"id":"stl-city-public-streetlights:2:142788","sourceLayerId":2,"sourceObjectId":142788,"sourceURL":"https://maps8.stlouis-mo.gov/arcgis/rest/services/STREETS/Streets_Permitting/MapServer/2","title":"Street light L035642"},"type":"Feature"},{"geometry":{"coordinates":[-90.20224661642925,38.64994202793228],"type":"Point"},"id":"stl-city-public-streetlights:2:142789","properties":{"address":null,"attributes":{"Date_Installed":null,"LED_Powered":0,"LightID":"L035643","Light_Source":"LED","Light_Type":"Cobra","Lighting_Type":"LED-Powered Lamp","Verification_Date":null},"id":"stl-city-public-streetlights:2:142789","sourceLayerId":2,"sourceObjectId":142789,"sourceURL":"https://maps8.stlouis-mo.gov/arcgis/rest/services/STREETS/Streets_Permitting/MapServer/2","title":"Street light L035643"},"type":"Feature"},{"geometry":{"coordinates":[-90.20470031556948,38.64983524023886],"type":"Point"},"id":"stl-city-public-streetlights:2:142824","properties":{"address":null,"attributes":{"Date_Installed":null,"LED_Powered":1,"LightID":"L035678","Light_Source":"LED","Light_Type":"Cobra","Lighting_Type":"LED-Powered Lamp","Verification_Date":null},"id":"stl-city-public-streetlights:2:142824","sourceLayerId":2,"sourceObjectId":142824,"sourceURL":"https://maps8.stlouis-mo.gov/arcgis/rest/services/STREETS/Streets_Permitting/MapServer/2","title":"Street light L035678"},"type":"Feature"},{"geometry":{"coordinates":[-90.20480647169532,38.6495208724718],"type":"Point"},"id":"stl-city-public-streetlights:2:142825","properties":{"address":null,"attributes":{"Date_Installed":null,"LED_Powered":1,"LightID":"L035679","Light_Source":"LED","Light_Type":"Cobra","Lighting_Type":"LED-Powered Lamp","Verification_Date":null},"id":"stl-city-public-streetlights:2:142825","sourceLayerId":2,"sourceObjectId":142825,"sourceURL":"https://maps8.stlouis-mo.gov/arcgis/rest/services/STREETS/Streets_Permitting/MapServer/2","title":"Street light L035679"},"type":"Feature"},{"geometry":{"coordinates":[-90.20476447034642,38.649015801261136],"type":"Point"},"id":"stl-city-public-streetlights:2:142826","properties":{"address":null,"attributes":{"Date_Installed":null,"LED_Powered":1,"LightID":"L035680","Light_Source":"LED","Light_Type":"Cobra","Lighting_Type":"LED-Powered Lamp","Verification_Date":null},"id":"stl-city-public-streetlights:2:142826","sourceLayerId":2,"sourceObjectId":142826,"sourceURL":"https://maps8.stlouis-mo.gov/arcgis/rest/services/STREETS/Streets_Permitting/MapServer/2","title":"Street light L035680"},"type":"Feature"},{"geometry":{"coordinates":[-90.20582474944541,38.64090818080002],"type":"Point"},"id":"stl-city-public-streetlights:2:149342","properties":{"address":null,"attributes":{"Date_Installed":null,"LED_Powered":0,"LightID":"L042198","Light_Source":"High Pressure Sodium","Light_Type":"Decorative","Lighting_Type":"GE Americana Series (Historic Light Fixture)","Verification_Date":null},"id":"stl-city-public-streetlights:2:149342","sourceLayerId":2,"sourceObjectId":149342,"sourceURL":"https://maps8.stlouis-mo.gov/arcgis/rest/services/STREETS/Streets_Permitting/MapServer/2","title":"Street light L042198"},"type":"Feature"},{"geometry":{"coordinates":[-90.20563888006483,38.64087624975815],"type":"Point"},"id":"stl-city-public-streetlights:2:149343","properties":{"address":null,"attributes":{"Date_Installed":null,"LED_Powered":0,"LightID":"L042199","Light_Source":"High Pressure Sodium","Light_Type":"Decorative","Lighting_Type":"GE Americana Series (Historic Light Fixture)","Verification_Date":null},"id":"stl-city-public-streetlights:2:149343","sourceLayerId":2,"sourceObjectId":149343,"sourceURL":"https://maps8.stlouis-mo.gov/arcgis/rest/services/STREETS/Streets_Permitting/MapServer/2","title":"Street light L042199"},"type":"Feature"},{"geometry":{"coordinates":[-90.2054639881102,38.64083576419539],"type":"Point"},"id":"stl-city-public-streetlights:2:149344","properties":{"address":null,"attributes":{"Date_Installed":null,"LED_Powered":0,"LightID":"L042200","Light_Source":"High Pressure Sodium","Light_Type":"Decorative","Lighting_Type":"GE Americana Series (Historic Light Fixture)","Verification_Date":null},"id":"stl-city-public-streetlights:2:149344","sourceLayerId":2,"sourceObjectId":149344,"sourceURL":"https://maps8.stlouis-mo.gov/arcgis/rest/services/STREETS/Streets_Permitting/MapServer/2","title":"Street light L042200"},"type":"Feature"},{"geometry":{"coordinates":[-90.20542230123752,38.6407786248955],"type":"Point"},"id":"stl-city-public-streetlights:2:149345","properties":{"address":null,"attributes":{"Date_Installed":null,"LED_Powered":0,"LightID":"L042201","Light_Source":"High Pressure Sodium","Light_Type":"Decorative","Lighting_Type":"GE Americana Series (Historic Light Fixture)","Verification_Date":null},"id":"stl-city-public-streetlights:2:149345","sourceLayerId":2,"sourceObjectId":149345,"sourceURL":"https://maps8.stlouis-mo.gov/arcgis/rest/services/STREETS/Streets_Permitting/MapServer/2","title":"Street light L042201"},"type":"Feature"},{"geometry":{"coordinates":[-90.2055208653452,38.64060231422041],"type":"Point"},"id":"stl-city-public-streetlights:2:149346","properties":{"address":null,"attributes":{"Date_Installed":null,"LED_Powered":0,"LightID":"L042202","Light_Source":"High Pressure Sodium","Light_Type":"Decorative","Lighting_Type":"GE Americana Series (Historic Light Fixture)","Verification_Date":null},"id":"stl-city-public-streetlights:2:149346","sourceLayerId":2,"sourceObjectId":149346,"sourceURL":"https://maps8.stlouis-mo.gov/arcgis/rest/services/STREETS/Streets_Permitting/MapServer/2","title":"Street light L042202"},"type":"Feature"},{"geometry":{"coordinates":[-90.20457070030238,38.64077792614987],"type":"Point"},"id":"stl-city-public-streetlights:2:149347","properties":{"address":null,"attributes":{"Date_Installed":null,"LED_Powered":0,"LightID":"L042203","Light_Source":"High Pressure Sodium","Light_Type":"Decorative","Lighting_Type":"GE Americana Series (Historic Light Fixture)","Verification_Date":null},"id":"stl-city-public-streetlights:2:149347","sourceLayerId":2,"sourceObjectId":149347,"sourceURL":"https://maps8.stlouis-mo.gov/arcgis/rest/services/STREETS/Streets_Permitting/MapServer/2","title":"Street light L042203"},"type":"Feature"},{"geometry":{"coordinates":[-90.20472984426324,38.640805025740875],"type":"Point"},"id":"stl-city-public-streetlights:2:149348","properties":{"address":null,"attributes":{"Date_Installed":null,"LED_Powered":0,"LightID":"L042204","Light_Source":"High Pressure Sodium","Light_Type":"Decorative","Lighting_Type":"GE Americana Series (Historic Light Fixture)","Verification_Date":null},"id":"stl-city-public-streetlights:2:149348","sourceLayerId":2,"sourceObjectId":149348,"sourceURL":"https://maps8.stlouis-mo.gov/arcgis/rest/services/STREETS/Streets_Permitting/MapServer/2","title":"Street light L042204"},"type":"Feature"},{"geometry":{"coordinates":[-90.20490191705186,38.640821381300945],"type":"Point"},"id":"stl-city-public-streetlights:2:149349","properties":{"address":null,"attributes":{"Date_Installed":null,"LED_Powered":0,"LightID":"L042205","Light_Source":"High Pressure Sodium","Light_Type":"Decorative","Lighting_Type":"GE Americana Series (Historic Light Fixture)","Verification_Date":null},"id":"stl-city-public-streetlights:2:149349","sourceLayerId":2,"sourceObjectId":149349,"sourceURL":"https://maps8.stlouis-mo.gov/arcgis/rest/services/STREETS/Streets_Permitting/MapServer/2","title":"Street light L042205"},"type":"Feature"},{"geometry":{"coordinates":[-90.2050925271076,38.64088288270987],"type":"Point"},"id":"stl-city-public-streetlights:2:149350","properties":{"address":null,"attributes":{"Date_Installed":null,"LED_Powered":0,"LightID":"L042206","Light_Source":"High Pressure Sodium","Light_Type":"Decorative","Lighting_Type":"GE Americana Series (Historic Light Fixture)","Verification_Date":null},"id":"stl-city-public-streetlights:2:149350","sourceLayerId":2,"sourceObjectId":149350,"sourceURL":"https://maps8.stlouis-mo.gov/arcgis/rest/services/STREETS/Streets_Permitting/MapServer/2","title":"Street light L042206"},"type":"Feature"},{"geometry":{"coordinates":[-90.20531728785443,38.64091681976743],"type":"Point"},"id":"stl-city-public-streetlights:2:149351","properties":{"address":null,"attributes":{"Date_Installed":null,"LED_Powered":0,"LightID":"L042207","Light_Source":"High Pressure Sodium","Light_Type":"Decorative","Lighting_Type":"GE Americana Series (Historic Light Fixture)","Verification_Date":null},"id":"stl-city-public-streetlights:2:149351","sourceLayerId":2,"sourceObjectId":149351,"sourceURL":"https://maps8.stlouis-mo.gov/arcgis/rest/services/STREETS/Streets_Permitting/MapServer/2","title":"Street light L042207"},"type":"Feature"},{"geometry":{"coordinates":[-90.20534671938444,38.64097511470791],"type":"Point"},"id":"stl-city-public-streetlights:2:149352","properties":{"address":null,"attributes":{"Date_Installed":null,"LED_Powered":0,"LightID":"L042208","Light_Source":"High Pressure Sodium","Light_Type":"Decorative","Lighting_Type":"GE Americana Series (Historic Light Fixture)","Verification_Date":null},"id":"stl-city-public-streetlights:2:149352","sourceLayerId":2,"sourceObjectId":149352,"sourceURL":"https://maps8.stlouis-mo.gov/arcgis/rest/services/STREETS/Streets_Permitting/MapServer/2","title":"Street light L042208"},"type":"Feature"},{"geometry":{"coordinates":[-90.20533564224677,38.641184782983444],"type":"Point"},"id":"stl-city-public-streetlights:2:149353","properties":{"address":null,"attributes":{"Date_Installed":null,"LED_Powered":0,"LightID":"L042209","Light_Source":"High Pressure Sodium","Light_Type":"Decorative","Lighting_Type":"GE Americana Series (Historic Light Fixture)","Verification_Date":null},"id":"stl-city-public-streetlights:2:149353","sourceLayerId":2,"sourceObjectId":149353,"sourceURL":"https://maps8.stlouis-mo.gov/arcgis/rest/services/STREETS/Streets_Permitting/MapServer/2","title":"Street light L042209"},"type":"Feature"},{"geometry":{"coordinates":[-90.20521712072077,38.64133112379699],"type":"Point"},"id":"stl-city-public-streetlights:2:149354","properties":{"address":null,"attributes":{"Date_Installed":null,"LED_Powered":0,"LightID":"L042210","Light_Source":"High Pressure Sodium","Light_Type":"Decorative","Lighting_Type":"GE Americana Series (Historic Light Fixture)","Verification_Date":null},"id":"stl-city-public-streetlights:2:149354","sourceLayerId":2,"sourceObjectId":149354,"sourceURL":"https://maps8.stlouis-mo.gov/arcgis/rest/services/STREETS/Streets_Permitting/MapServer/2","title":"Street light L042210"},"type":"Feature"},{"geometry":{"coordinates":[-90.20533861854621,38.64134859179384],"type":"Point"},"id":"stl-city-public-streetlights:2:149355","properties":{"address":null,"attributes":{"Date_Installed":null,"LED_Powered":0,"LightID":"L042211","Light_Source":"High Pressure Sodium","Light_Type":"Decorative","Lighting_Type":"GE Americana Series (Historic Light Fixture)","Verification_Date":null},"id":"stl-city-public-streetlights:2:149355","sourceLayerId":2,"sourceObjectId":149355,"sourceURL":"https://maps8.stlouis-mo.gov/arcgis/rest/services/STREETS/Streets_Permitting/MapServer/2","title":"Street light L042211"},"type":"Feature"},{"geometry":{"coordinates":[-90.20530660458661,38.64144766832749],"type":"Point"},"id":"stl-city-public-streetlights:2:149356","properties":{"address":null,"attributes":{"Date_Installed":null,"LED_Powered":0,"LightID":"L042212","Light_Source":"High Pressure Sodium","Light_Type":"Decorative","Lighting_Type":"GE Americana Series (Historic Light Fixture)","Verification_Date":null},"id":"stl-city-public-streetlights:2:149356","sourceLayerId":2,"sourceObjectId":149356,"sourceURL":"https://maps8.stlouis-mo.gov/arcgis/rest/services/STREETS/Streets_Permitting/MapServer/2","title":"Street light L042212"},"type":"Feature"},{"geometry":{"coordinates":[-90.2052125335683,38.64156089190218],"type":"Point"},"id":"stl-city-public-streetlights:2:149357","properties":{"address":null,"attributes":{"Date_Installed":null,"LED_Powered":0,"LightID":"L042213","Light_Source":"High Pressure Sodium","Light_Type":"Decorative","Lighting_Type":"GE Americana Series (Historic Light Fixture)","Verification_Date":null},"id":"stl-city-public-streetlights:2:149357","sourceLayerId":2,"sourceObjectId":149357,"sourceURL":"https://maps8.stlouis-mo.gov/arcgis/rest/services/STREETS/Streets_Permitting/MapServer/2","title":"Street light L042213"},"type":"Feature"},{"geometry":{"coordinates":[-90.20507556809153,38.64175790879633],"type":"Point"},"id":"stl-city-public-streetlights:2:149358","properties":{"address":null,"attributes":{"Date_Installed":null,"LED_Powered":0,"LightID":"L042214","Light_Source":"High Pressure Sodium","Light_Type":"Decorative","Lighting_Type":"GE Americana Series (Historic Light Fixture)","Verification_Date":null},"id":"stl-city-public-streetlights:2:149358","sourceLayerId":2,"sourceObjectId":149358,"sourceURL":"https://maps8.stlouis-mo.gov/arcgis/rest/services/STREETS/Streets_Permitting/MapServer/2","title":"Street light L042214"},"type":"Feature"},{"geometry":{"coordinates":[-90.20503435587712,38.641906065872014],"type":"Point"},"id":"stl-city-public-streetlights:2:149359","properties":{"address":null,"attributes":{"Date_Installed":null,"LED_Powered":0,"LightID":"L042215","Light_Source":"High Pressure Sodium","Light_Type":"Decorative","Lighting_Type":"GE Americana Series (Historic Light Fixture)","Verification_Date":null},"id":"stl-city-public-streetlights:2:149359","sourceLayerId":2,"sourceObjectId":149359,"sourceURL":"https://maps8.stlouis-mo.gov/arcgis/rest/services/STREETS/Streets_Permitting/MapServer/2","title":"Street light L042215"},"type":"Feature"},{"geometry":{"coordinates":[-90.20502636452507,38.642076424400805],"type":"Point"},"id":"stl-city-public-streetlights:2:149360","properties":{"address":null,"attributes":{"Date_Installed":null,"LED_Powered":0,"LightID":"L042216","Light_Source":"High Pressure Sodium","Light_Type":"Decorative","Lighting_Type":"GE Americana Series (Historic Light Fixture)","Verification_Date":null},"id":"stl-city-public-streetlights:2:149360","sourceLayerId":2,"sourceObjectId":149360,"sourceURL":"https://maps8.stlouis-mo.gov/arcgis/rest/services/STREETS/Streets_Permitting/MapServer/2","title":"Street light L042216"},"type":"Feature"},{"geometry":{"coordinates":[-90.20490403273548,38.64226203759173],"type":"Point"},"id":"stl-city-public-streetlights:2:149361","properties":{"address":null,"attributes":{"Date_Installed":null,"LED_Powered":0,"LightID":"L042217","Light_Source":"High Pressure Sodium","Light_Type":"Decorative","Lighting_Type":"GE Americana Series (Historic Light Fixture)","Verification_Date":null},"id":"stl-city-public-streetlights:2:149361","sourceLayerId":2,"sourceObjectId":149361,"sourceURL":"https://maps8.stlouis-mo.gov/arcgis/rest/services/STREETS/Streets_Permitting/MapServer/2","title":"Street light L042217"},"type":"Feature"},{"geometry":{"coordinates":[-90.2048995919344,38.64245557589929],"type":"Point"},"id":"stl-city-public-streetlights:2:149362","properties":{"address":null,"attributes":{"Date_Installed":null,"LED_Powered":0,"LightID":"L042218","Light_Source":"High Pressure Sodium","Light_Type":"Decorative","Lighting_Type":"GE Americana Series (Historic Light Fixture)","Verification_Date":null},"id":"stl-city-public-streetlights:2:149362","sourceLayerId":2,"sourceObjectId":149362,"sourceURL":"https://maps8.stlouis-mo.gov/arcgis/rest/services/STREETS/Streets_Permitting/MapServer/2","title":"Street light L042218"},"type":"Feature"},{"geometry":{"coordinates":[-90.20480526826388,38.642629627351866],"type":"Point"},"id":"stl-city-public-streetlights:2:149363","properties":{"address":null,"attributes":{"Date_Installed":null,"LED_Powered":0,"LightID":"L042219","Light_Source":"High Pressure Sodium","Light_Type":"Decorative","Lighting_Type":"GE Americana Series (Historic Light Fixture)","Verification_Date":null},"id":"stl-city-public-streetlights:2:149363","sourceLayerId":2,"sourceObjectId":149363,"sourceURL":"https://maps8.stlouis-mo.gov/arcgis/rest/services/STREETS/Streets_Permitting/MapServer/2","title":"Street light L042219"},"type":"Feature"},{"geometry":{"coordinates":[-90.2048628160664,38.64282618055946],"type":"Point"},"id":"stl-city-public-streetlights:2:149364","properties":{"address":null,"attributes":{"Date_Installed":null,"LED_Powered":0,"LightID":"L042220","Light_Source":"High Pressure Sodium","Light_Type":"Decorative","Lighting_Type":"GE Americana Series (Historic Light Fixture)","Verification_Date":null},"id":"stl-city-public-streetlights:2:149364","sourceLayerId":2,"sourceObjectId":149364,"sourceURL":"https://maps8.stlouis-mo.gov/arcgis/rest/services/STREETS/Streets_Permitting/MapServer/2","title":"Street light L042220"},"type":"Feature"},{"geometry":{"coordinates":[-90.20486927732608,38.64302927954688],"type":"Point"},"id":"stl-city-public-streetlights:2:149365","properties":{"address":null,"attributes":{"Date_Installed":null,"LED_Powered":0,"LightID":"L042221","Light_Source":"High Pressure Sodium","Light_Type":"Decorative","Lighting_Type":"GE Americana Series (Historic Light Fixture)","Verification_Date":null},"id":"stl-city-public-streetlights:2:149365","sourceLayerId":2,"sourceObjectId":149365,"sourceURL":"https://maps8.stlouis-mo.gov/arcgis/rest/services/STREETS/Streets_Permitting/MapServer/2","title":"Street light L042221"},"type":"Feature"},{"geometry":{"coordinates":[-90.20496347698828,38.64318197262454],"type":"Point"},"id":"stl-city-public-streetlights:2:149366","properties":{"address":null,"attributes":{"Date_Installed":null,"LED_Powered":0,"LightID":"L042222","Light_Source":"High Pressure Sodium","Light_Type":"Decorative","Lighting_Type":"GE Americana Series (Historic Light Fixture)","Verification_Date":null},"id":"stl-city-public-streetlights:2:149366","sourceLayerId":2,"sourceObjectId":149366,"sourceURL":"https://maps8.stlouis-mo.gov/arcgis/rest/services/STREETS/Streets_Permitting/MapServer/2","title":"Street light L042222"},"type":"Feature"},{"geometry":{"coordinates":[-90.20500731270509,38.64316492215005],"type":"Point"},"id":"stl-city-public-streetlights:2:149367","properties":{"address":null,"attributes":{"Date_Installed":null,"LED_Powered":0,"LightID":"L042223","Light_Source":"High Pressure Sodium","Light_Type":"Decorative","Lighting_Type":"GE Americana Series (Historic Light Fixture)","Verification_Date":null},"id":"stl-city-public-streetlights:2:149367","sourceLayerId":2,"sourceObjectId":149367,"sourceURL":"https://maps8.stlouis-mo.gov/arcgis/rest/services/STREETS/Streets_Permitting/MapServer/2","title":"Street light L042223"},"type":"Feature"},{"geometry":{"coordinates":[-90.20513598668381,38.64321196478463],"type":"Point"},"id":"stl-city-public-streetlights:2:149368","properties":{"address":null,"attributes":{"Date_Installed":null,"LED_Powered":0,"LightID":"L042224","Light_Source":"High Pressure Sodium","Light_Type":"Decorative","Lighting_Type":"GE Americana Series (Historic Light Fixture)","Verification_Date":null},"id":"stl-city-public-streetlights:2:149368","sourceLayerId":2,"sourceObjectId":149368,"sourceURL":"https://maps8.stlouis-mo.gov/arcgis/rest/services/STREETS/Streets_Permitting/MapServer/2","title":"Street light L042224"},"type":"Feature"},{"geometry":{"coordinates":[-90.20513468540874,38.64323293688024],"type":"Point"},"id":"stl-city-public-streetlights:2:149369","properties":{"address":null,"attributes":{"Date_Installed":null,"LED_Powered":0,"LightID":"L042225","Light_Source":"High Pressure Sodium","Light_Type":"Decorative","Lighting_Type":"GE Americana Series (Historic Light Fixture)","Verification_Date":null},"id":"stl-city-public-streetlights:2:149369","sourceLayerId":2,"sourceObjectId":149369,"sourceURL":"https://maps8.stlouis-mo.gov/arcgis/rest/services/STREETS/Streets_Permitting/MapServer/2","title":"Street light L042225"},"type":"Feature"},{"geometry":{"coordinates":[-90.20497756507847,38.643304048746884],"type":"Point"},"id":"stl-city-public-streetlights:2:149370","properties":{"address":null,"attributes":{"Date_Installed":null,"LED_Powered":0,"LightID":"L042226","Light_Source":"High Pressure Sodium","Light_Type":"Decorative","Lighting_Type":"GE Americana Series (Historic Light Fixture)","Verification_Date":null},"id":"stl-city-public-streetlights:2:149370","sourceLayerId":2,"sourceObjectId":149370,"sourceURL":"https://maps8.stlouis-mo.gov/arcgis/rest/services/STREETS/Streets_Permitting/MapServer/2","title":"Street light L042226"},"type":"Feature"},{"geometry":{"coordinates":[-90.20495691446803,38.6433001832098],"type":"Point"},"id":"stl-city-public-streetlights:2:149371","properties":{"address":null,"attributes":{"Date_Installed":null,"LED_Powered":0,"LightID":"L042227","Light_Source":"High Pressure Sodium","Light_Type":"Decorative","Lighting_Type":"GE Americana Series (Historic Light Fixture)","Verification_Date":null},"id":"stl-city-public-streetlights:2:149371","sourceLayerId":2,"sourceObjectId":149371,"sourceURL":"https://maps8.stlouis-mo.gov/arcgis/rest/services/STREETS/Streets_Permitting/MapServer/2","title":"Street light L042227"},"type":"Feature"},{"geometry":{"coordinates":[-90.20544234185739,38.64095632063193],"type":"Point"},"id":"stl-city-public-streetlights:2:149372","properties":{"address":null,"attributes":{"Date_Installed":null,"LED_Powered":0,"LightID":"L042228","Light_Source":"High Pressure Sodium","Light_Type":"Decorative","Lighting_Type":"GE Americana Series (Historic Light Fixture)","Verification_Date":null},"id":"stl-city-public-streetlights:2:149372","sourceLayerId":2,"sourceObjectId":149372,"sourceURL":"https://maps8.stlouis-mo.gov/arcgis/rest/services/STREETS/Streets_Permitting/MapServer/2","title":"Street light L042228"},"type":"Feature"},{"geometry":{"coordinates":[-90.20565975944663,38.64100263386597],"type":"Point"},"id":"stl-city-public-streetlights:2:149373","properties":{"address":null,"attributes":{"Date_Installed":null,"LED_Powered":0,"LightID":"L042229","Light_Source":"High Pressure Sodium","Light_Type":"Decorative","Lighting_Type":"GE Americana Series (Historic Light Fixture)","Verification_Date":null},"id":"stl-city-public-streetlights:2:149373","sourceLayerId":2,"sourceObjectId":149373,"sourceURL":"https://maps8.stlouis-mo.gov/arcgis/rest/services/STREETS/Streets_Permitting/MapServer/2","title":"Street light L042229"},"type":"Feature"},{"geometry":{"coordinates":[-90.20586481647464,38.641039379717036],"type":"Point"},"id":"stl-city-public-streetlights:2:149374","properties":{"address":null,"attributes":{"Date_Installed":null,"LED_Powered":0,"LightID":"L042230","Light_Source":"High Pressure Sodium","Light_Type":"Decorative","Lighting_Type":"GE Americana Series (Historic Light Fixture)","Verification_Date":null},"id":"stl-city-public-streetlights:2:149374","sourceLayerId":2,"sourceObjectId":149374,"sourceURL":"https://maps8.stlouis-mo.gov/arcgis/rest/services/STREETS/Streets_Permitting/MapServer/2","title":"Street light L042230"},"type":"Feature"},{"geometry":{"coordinates":[-90.20486925063979,38.64333237874455],"type":"Point"},"id":"stl-city-public-streetlights:2:149375","properties":{"address":null,"attributes":{"Date_Installed":null,"LED_Powered":0,"LightID":"L042231","Light_Source":"High Pressure Sodium","Light_Type":"Decorative","Lighting_Type":"GE Americana Series (Historic Light Fixture)","Verification_Date":1661990400000},"id":"stl-city-public-streetlights:2:149375","sourceLayerId":2,"sourceObjectId":149375,"sourceURL":"https://maps8.stlouis-mo.gov/arcgis/rest/services/STREETS/Streets_Permitting/MapServer/2","title":"Street light L042231"},"type":"Feature"},{"geometry":{"coordinates":[-90.20468157478207,38.643294720990646],"type":"Point"},"id":"stl-city-public-streetlights:2:149376","properties":{"address":null,"attributes":{"Date_Installed":null,"LED_Powered":0,"LightID":"L042232","Light_Source":"High Pressure Sodium","Light_Type":"Decorative","Lighting_Type":"GE Americana Series (Historic Light Fixture)","Verification_Date":1661990400000},"id":"stl-city-public-streetlights:2:149376","sourceLayerId":2,"sourceObjectId":149376,"sourceURL":"https://maps8.stlouis-mo.gov/arcgis/rest/services/STREETS/Streets_Permitting/MapServer/2","title":"Street light L042232"},"type":"Feature"},{"geometry":{"coordinates":[-90.20449513240357,38.643253252592494],"type":"Point"},"id":"stl-city-public-streetlights:2:149377","properties":{"address":null,"attributes":{"Date_Installed":null,"LED_Powered":0,"LightID":"L042233","Light_Source":"High Pressure Sodium","Light_Type":"Decorative","Lighting_Type":"GE Americana Series (Historic Light Fixture)","Verification_Date":1661990400000},"id":"stl-city-public-streetlights:2:149377","sourceLayerId":2,"sourceObjectId":149377,"sourceURL":"https://maps8.stlouis-mo.gov/arcgis/rest/services/STREETS/Streets_Permitting/MapServer/2","title":"Street light L042233"},"type":"Feature"},{"geometry":{"coordinates":[-90.20431511173787,38.64321704419692],"type":"Point"},"id":"stl-city-public-streetlights:2:149378","properties":{"address":null,"attributes":{"Date_Installed":null,"LED_Powered":0,"LightID":"L042234","Light_Source":"High Pressure Sodium","Light_Type":"Decorative","Lighting_Type":"GE Americana Series (Historic Light Fixture)","Verification_Date":1661990400000},"id":"stl-city-public-streetlights:2:149378","sourceLayerId":2,"sourceObjectId":149378,"sourceURL":"https://maps8.stlouis-mo.gov/arcgis/rest/services/STREETS/Streets_Permitting/MapServer/2","title":"Street light L042234"},"type":"Feature"},{"geometry":{"coordinates":[-90.20408433090117,38.643166881213695],"type":"Point"},"id":"stl-city-public-streetlights:2:149379","properties":{"address":null,"attributes":{"Date_Installed":null,"LED_Powered":0,"LightID":"L042235","Light_Source":"High Pressure Sodium","Light_Type":"Decorative","Lighting_Type":"GE Americana Series (Historic Light Fixture)","Verification_Date":1661990400000},"id":"stl-city-public-streetlights:2:149379","sourceLayerId":2,"sourceObjectId":149379,"sourceURL":"https://maps8.stlouis-mo.gov/arcgis/rest/services/STREETS/Streets_Permitting/MapServer/2","title":"Street light L042235"},"type":"Feature"},{"geometry":{"coordinates":[-90.2038911908728,38.643128255231154],"type":"Point"},"id":"stl-city-public-streetlights:2:149380","properties":{"address":null,"attributes":{"Date_Installed":null,"LED_Powered":0,"LightID":"L042236","Light_Source":"High Pressure Sodium","Light_Type":"Decorative","Lighting_Type":"GE Americana Series (Historic Light Fixture)","Verification_Date":1661990400000},"id":"stl-city-public-streetlights:2:149380","sourceLayerId":2,"sourceObjectId":149380,"sourceURL":"https://maps8.stlouis-mo.gov/arcgis/rest/services/STREETS/Streets_Permitting/MapServer/2","title":"Street light L042236"},"type":"Feature"},{"geometry":{"coordinates":[-90.20365493218367,38.64307982615963],"type":"Point"},"id":"stl-city-public-streetlights:2:149381","properties":{"address":null,"attributes":{"Date_Installed":null,"LED_Powered":0,"LightID":"L042237","Light_Source":"High Pressure Sodium","Light_Type":"Decorative","Lighting_Type":"GE Americana Series (Historic Light Fixture)","Verification_Date":1646092800000},"id":"stl-city-public-streetlights:2:149381","sourceLayerId":2,"sourceObjectId":149381,"sourceURL":"https://maps8.stlouis-mo.gov/arcgis/rest/services/STREETS/Streets_Permitting/MapServer/2","title":"Street light L042237"},"type":"Feature"},{"geometry":{"coordinates":[-90.20380333267818,38.64305970227017],"type":"Point"},"id":"stl-city-public-streetlights:2:149382","properties":{"address":null,"attributes":{"Date_Installed":null,"LED_Powered":0,"LightID":"L042238","Light_Source":"High Pressure Sodium","Light_Type":"Decorative","Lighting_Type":"GE Americana Series (Historic Light Fixture)","Verification_Date":null},"id":"stl-city-public-streetlights:2:149382","sourceLayerId":2,"sourceObjectId":149382,"sourceURL":"https://maps8.stlouis-mo.gov/arcgis/rest/services/STREETS/Streets_Permitting/MapServer/2","title":"Street light L042238"},"type":"Feature"},{"geometry":{"coordinates":[-90.20378268416403,38.64305535996142],"type":"Point"},"id":"stl-city-public-streetlights:2:149383","properties":{"address":null,"attributes":{"Date_Installed":null,"LED_Powered":0,"LightID":"L042239","Light_Source":"High Pressure Sodium","Light_Type":"Decorative","Lighting_Type":"GE Americana Series (Historic Light Fixture)","Verification_Date":null},"id":"stl-city-public-streetlights:2:149383","sourceLayerId":2,"sourceObjectId":149383,"sourceURL":"https://maps8.stlouis-mo.gov/arcgis/rest/services/STREETS/Streets_Permitting/MapServer/2","title":"Street light L042239"},"type":"Feature"},{"geometry":{"coordinates":[-90.20368229014416,38.642931063351725],"type":"Point"},"id":"stl-city-public-streetlights:2:149384","properties":{"address":null,"attributes":{"Date_Installed":null,"LED_Powered":0,"LightID":"L042240","Light_Source":"High Pressure Sodium","Light_Type":"Decorative","Lighting_Type":"GE Americana Series (Historic Light Fixture)","Verification_Date":null},"id":"stl-city-public-streetlights:2:149384","sourceLayerId":2,"sourceObjectId":149384,"sourceURL":"https://maps8.stlouis-mo.gov/arcgis/rest/services/STREETS/Streets_Permitting/MapServer/2","title":"Street light L042240"},"type":"Feature"},{"geometry":{"coordinates":[-90.20369087933433,38.6429120160097],"type":"Point"},"id":"stl-city-public-streetlights:2:149385","properties":{"address":null,"attributes":{"Date_Installed":null,"LED_Powered":0,"LightID":"L042241","Light_Source":"High Pressure Sodium","Light_Type":"Decorative","Lighting_Type":"GE Americana Series (Historic Light Fixture)","Verification_Date":null},"id":"stl-city-public-streetlights:2:149385","sourceLayerId":2,"sourceObjectId":149385,"sourceURL":"https://maps8.stlouis-mo.gov/arcgis/rest/services/STREETS/Streets_Permitting/MapServer/2","title":"Street light L042241"},"type":"Feature"},{"geometry":{"coordinates":[-90.20341929651063,38.64302802886925],"type":"Point"},"id":"stl-city-public-streetlights:2:149386","properties":{"address":null,"attributes":{"Date_Installed":null,"LED_Powered":0,"LightID":"L042242","Light_Source":"High Pressure Sodium","Light_Type":"Decorative","Lighting_Type":"GE Americana Series (Historic Light Fixture)","Verification_Date":1646092800000},"id":"stl-city-public-streetlights:2:149386","sourceLayerId":2,"sourceObjectId":149386,"sourceURL":"https://maps8.stlouis-mo.gov/arcgis/rest/services/STREETS/Streets_Permitting/MapServer/2","title":"Street light L042242"},"type":"Feature"},{"geometry":{"coordinates":[-90.20317303627142,38.64297329608166],"type":"Point"},"id":"stl-city-public-streetlights:2:149387","properties":{"address":null,"attributes":{"Date_Installed":null,"LED_Powered":0,"LightID":"L042243","Light_Source":"High Pressure Sodium","Light_Type":"Decorative","Lighting_Type":"GE Americana Series (Historic Light Fixture)","Verification_Date":1648771200000},"id":"stl-city-public-streetlights:2:149387","sourceLayerId":2,"sourceObjectId":149387,"sourceURL":"https://maps8.stlouis-mo.gov/arcgis/rest/services/STREETS/Streets_Permitting/MapServer/2","title":"Street light L042243"},"type":"Feature"},{"geometry":{"coordinates":[-90.20293570006899,38.642928453763474],"type":"Point"},"id":"stl-city-public-streetlights:2:149388","properties":{"address":null,"attributes":{"Date_Installed":null,"LED_Powered":0,"LightID":"L042244","Light_Source":"High Pressure Sodium","Light_Type":"Decorative","Lighting_Type":"GE Americana Series (Historic Light Fixture)","Verification_Date":1648771200000},"id":"stl-city-public-streetlights:2:149388","sourceLayerId":2,"sourceObjectId":149388,"sourceURL":"https://maps8.stlouis-mo.gov/arcgis/rest/services/STREETS/Streets_Permitting/MapServer/2","title":"Street light L042244"},"type":"Feature"},{"geometry":{"coordinates":[-90.20269095336687,38.64287539314985],"type":"Point"},"id":"stl-city-public-streetlights:2:149389","properties":{"address":null,"attributes":{"Date_Installed":null,"LED_Powered":0,"LightID":"L042245","Light_Source":"High Pressure Sodium","Light_Type":"Decorative","Lighting_Type":"GE Americana Series (Historic Light Fixture)","Verification_Date":1648771200000},"id":"stl-city-public-streetlights:2:149389","sourceLayerId":2,"sourceObjectId":149389,"sourceURL":"https://maps8.stlouis-mo.gov/arcgis/rest/services/STREETS/Streets_Permitting/MapServer/2","title":"Street light L042245"},"type":"Feature"},{"geometry":{"coordinates":[-90.20244954479172,38.64282353238927],"type":"Point"},"id":"stl-city-public-streetlights:2:149390","properties":{"address":null,"attributes":{"Date_Installed":null,"LED_Powered":0,"LightID":"L042246","Light_Source":"High Pressure Sodium","Light_Type":"Decorative","Lighting_Type":"GE Americana Series (Historic Light Fixture)","Verification_Date":1648771200000},"id":"stl-city-public-streetlights:2:149390","sourceLayerId":2,"sourceObjectId":149390,"sourceURL":"https://maps8.stlouis-mo.gov/arcgis/rest/services/STREETS/Streets_Permitting/MapServer/2","title":"Street light L042246"},"type":"Feature"},{"geometry":{"coordinates":[-90.2022142006437,38.64277526129077],"type":"Point"},"id":"stl-city-public-streetlights:2:149391","properties":{"address":null,"attributes":{"Date_Installed":null,"LED_Powered":0,"LightID":"L042247","Light_Source":"High Pressure Sodium","Light_Type":"Decorative","Lighting_Type":"GE Americana Series (Historic Light Fixture)","Verification_Date":1648771200000},"id":"stl-city-public-streetlights:2:149391","sourceLayerId":2,"sourceObjectId":149391,"sourceURL":"https://maps8.stlouis-mo.gov/arcgis/rest/services/STREETS/Streets_Permitting/MapServer/2","title":"Street light L042247"},"type":"Feature"},{"geometry":{"coordinates":[-90.20199858615051,38.64273299935094],"type":"Point"},"id":"stl-city-public-streetlights:2:149392","properties":{"address":null,"attributes":{"Date_Installed":null,"LED_Powered":0,"LightID":"L042248","Light_Source":"High Pressure Sodium","Light_Type":"Decorative","Lighting_Type":"GE Americana Series (Historic Light Fixture)","Verification_Date":1648771200000},"id":"stl-city-public-streetlights:2:149392","sourceLayerId":2,"sourceObjectId":149392,"sourceURL":"https://maps8.stlouis-mo.gov/arcgis/rest/services/STREETS/Streets_Permitting/MapServer/2","title":"Street light L042248"},"type":"Feature"},{"geometry":{"coordinates":[-90.20012703705578,38.64152020636202],"type":"Point"},"id":"stl-city-public-streetlights:2:149521","properties":{"address":null,"attributes":{"Date_Installed":null,"LED_Powered":0,"LightID":"L042377","Light_Source":"High Pressure Sodium","Light_Type":"Decorative","Lighting_Type":"GE Americana Series (Historic Light Fixture)","Verification_Date":null},"id":"stl-city-public-streetlights:2:149521","sourceLayerId":2,"sourceObjectId":149521,"sourceURL":"https://maps8.stlouis-mo.gov/arcgis/rest/services/STREETS/Streets_Permitting/MapServer/2","title":"Street light L042377"},"type":"Feature"},{"geometry":{"coordinates":[-90.20050385341635,38.64160459656269],"type":"Point"},"id":"stl-city-public-streetlights:2:149522","properties":{"address":null,"attributes":{"Date_Installed":null,"LED_Powered":0,"LightID":"L042378","Light_Source":"High Pressure Sodium","Light_Type":"Decorative","Lighting_Type":"GE Americana Series (Historic Light Fixture)","Verification_Date":null},"id":"stl-city-public-streetlights:2:149522","sourceLayerId":2,"sourceObjectId":149522,"sourceURL":"https://maps8.stlouis-mo.gov/arcgis/rest/services/STREETS/Streets_Permitting/MapServer/2","title":"Street light L042378"},"type":"Feature"},{"geometry":{"coordinates":[-90.20088951530148,38.64168185871695],"type":"Point"},"id":"stl-city-public-streetlights:2:149523","properties":{"address":null,"attributes":{"Date_Installed":null,"LED_Powered":0,"LightID":"L042379","Light_Source":"High Pressure Sodium","Light_Type":"Decorative","Lighting_Type":"GE Americana Series (Historic Light Fixture)","Verification_Date":null},"id":"stl-city-public-streetlights:2:149523","sourceLayerId":2,"sourceObjectId":149523,"sourceURL":"https://maps8.stlouis-mo.gov/arcgis/rest/services/STREETS/Streets_Permitting/MapServer/2","title":"Street light L042379"},"type":"Feature"},{"geometry":{"coordinates":[-90.20124937897499,38.64175071149961],"type":"Point"},"id":"stl-city-public-streetlights:2:149524","properties":{"address":null,"attributes":{"Date_Installed":null,"LED_Powered":0,"LightID":"L042380","Light_Source":"High Pressure Sodium","Light_Type":"Decorative","Lighting_Type":"GE Americana Series (Historic Light Fixture)","Verification_Date":null},"id":"stl-city-public-streetlights:2:149524","sourceLayerId":2,"sourceObjectId":149524,"sourceURL":"https://maps8.stlouis-mo.gov/arcgis/rest/services/STREETS/Streets_Permitting/MapServer/2","title":"Street light L042380"},"type":"Feature"},{"geometry":{"coordinates":[-90.20149501552726,38.641844775921626],"type":"Point"},"id":"stl-city-public-streetlights:2:149525","properties":{"address":null,"attributes":{"Date_Installed":null,"LED_Powered":0,"LightID":"L042381","Light_Source":"High Pressure Sodium","Light_Type":"Decorative","Lighting_Type":"GE Americana Series (Historic Light Fixture)","Verification_Date":null},"id":"stl-city-public-streetlights:2:149525","sourceLayerId":2,"sourceObjectId":149525,"sourceURL":"https://maps8.stlouis-mo.gov/arcgis/rest/services/STREETS/Streets_Permitting/MapServer/2","title":"Street light L042381"},"type":"Feature"},{"geometry":{"coordinates":[-90.201425279447,38.641657724033195],"type":"Point"},"id":"stl-city-public-streetlights:2:149526","properties":{"address":null,"attributes":{"Date_Installed":null,"LED_Powered":0,"LightID":"L042382","Light_Source":"High Pressure Sodium","Light_Type":"Decorative","Lighting_Type":"GE Americana Series (Historic Light Fixture)","Verification_Date":null},"id":"stl-city-public-streetlights:2:149526","sourceLayerId":2,"sourceObjectId":149526,"sourceURL":"https://maps8.stlouis-mo.gov/arcgis/rest/services/STREETS/Streets_Permitting/MapServer/2","title":"Street light L042382"},"type":"Feature"},{"geometry":{"coordinates":[-90.20108002613298,38.64158390378757],"type":"Point"},"id":"stl-city-public-streetlights:2:149527","properties":{"address":null,"attributes":{"Date_Installed":null,"LED_Powered":0,"LightID":"L042383","Light_Source":"High Pressure Sodium","Light_Type":"Decorative","Lighting_Type":"GE Americana Series (Historic Light Fixture)","Verification_Date":null},"id":"stl-city-public-streetlights:2:149527","sourceLayerId":2,"sourceObjectId":149527,"sourceURL":"https://maps8.stlouis-mo.gov/arcgis/rest/services/STREETS/Streets_Permitting/MapServer/2","title":"Street light L042383"},"type":"Feature"},{"geometry":{"coordinates":[-90.20071017308233,38.64150572866357],"type":"Point"},"id":"stl-city-public-streetlights:2:149528","properties":{"address":null,"attributes":{"Date_Installed":null,"LED_Powered":0,"LightID":"L042384","Light_Source":"High Pressure Sodium","Light_Type":"Decorative","Lighting_Type":"GE Americana Series (Historic Light Fixture)","Verification_Date":null},"id":"stl-city-public-streetlights:2:149528","sourceLayerId":2,"sourceObjectId":149528,"sourceURL":"https://maps8.stlouis-mo.gov/arcgis/rest/services/STREETS/Streets_Permitting/MapServer/2","title":"Street light L042384"},"type":"Feature"},{"geometry":{"coordinates":[-90.20033485568685,38.64142610866447],"type":"Point"},"id":"stl-city-public-streetlights:2:149529","properties":{"address":null,"attributes":{"Date_Installed":null,"LED_Powered":0,"LightID":"L042385","Light_Source":"High Pressure Sodium","Light_Type":"Decorative","Lighting_Type":"GE Americana Series (Historic Light Fixture)","Verification_Date":null},"id":"stl-city-public-streetlights:2:149529","sourceLayerId":2,"sourceObjectId":149529,"sourceURL":"https://maps8.stlouis-mo.gov/arcgis/rest/services/STREETS/Streets_Permitting/MapServer/2","title":"Street light L042385"},"type":"Feature"},{"geometry":{"coordinates":[-90.20013546375625,38.64078888959744],"type":"Point"},"id":"stl-city-public-streetlights:2:149538","properties":{"address":null,"attributes":{"Date_Installed":null,"LED_Powered":0,"LightID":"L042394","Light_Source":"High Pressure Sodium","Light_Type":"Decorative","Lighting_Type":"GE Americana Series (Historic Light Fixture)","Verification_Date":null},"id":"stl-city-public-streetlights:2:149538","sourceLayerId":2,"sourceObjectId":149538,"sourceURL":"https://maps8.stlouis-mo.gov/arcgis/rest/services/STREETS/Streets_Permitting/MapServer/2","title":"Street light L042394"},"type":"Feature"},{"geometry":{"coordinates":[-90.20046158427432,38.64085837271793],"type":"Point"},"id":"stl-city-public-streetlights:2:149539","properties":{"address":null,"attributes":{"Date_Installed":null,"LED_Powered":0,"LightID":"L042395","Light_Source":"High Pressure Sodium","Light_Type":"Decorative","Lighting_Type":"GE Americana Series (Historic Light Fixture)","Verification_Date":null},"id":"stl-city-public-streetlights:2:149539","sourceLayerId":2,"sourceObjectId":149539,"sourceURL":"https://maps8.stlouis-mo.gov/arcgis/rest/services/STREETS/Streets_Permitting/MapServer/2","title":"Street light L042395"},"type":"Feature"},{"geometry":{"coordinates":[-90.20083142183609,38.64093940891187],"type":"Point"},"id":"stl-city-public-streetlights:2:149540","properties":{"address":null,"attributes":{"Date_Installed":null,"LED_Powered":0,"LightID":"L042396","Light_Source":"High Pressure Sodium","Light_Type":"Decorative","Lighting_Type":"GE Americana Series (Historic Light Fixture)","Verification_Date":null},"id":"stl-city-public-streetlights:2:149540","sourceLayerId":2,"sourceObjectId":149540,"sourceURL":"https://maps8.stlouis-mo.gov/arcgis/rest/services/STREETS/Streets_Permitting/MapServer/2","title":"Street light L042396"},"type":"Feature"},{"geometry":{"coordinates":[-90.20120857799968,38.64101474108696],"type":"Point"},"id":"stl-city-public-streetlights:2:149541","properties":{"address":null,"attributes":{"Date_Installed":null,"LED_Powered":0,"LightID":"L042397","Light_Source":"High Pressure Sodium","Light_Type":"Decorative","Lighting_Type":"GE Americana Series (Historic Light Fixture)","Verification_Date":null},"id":"stl-city-public-streetlights:2:149541","sourceLayerId":2,"sourceObjectId":149541,"sourceURL":"https://maps8.stlouis-mo.gov/arcgis/rest/services/STREETS/Streets_Permitting/MapServer/2","title":"Street light L042397"},"type":"Feature"},{"geometry":{"coordinates":[-90.20158736216705,38.64109350858321],"type":"Point"},"id":"stl-city-public-streetlights:2:149542","properties":{"address":null,"attributes":{"Date_Installed":null,"LED_Powered":0,"LightID":"L042398","Light_Source":"High Pressure Sodium","Light_Type":"Decorative","Lighting_Type":"GE Americana Series (Historic Light Fixture)","Verification_Date":null},"id":"stl-city-public-streetlights:2:149542","sourceLayerId":2,"sourceObjectId":149542,"sourceURL":"https://maps8.stlouis-mo.gov/arcgis/rest/services/STREETS/Streets_Permitting/MapServer/2","title":"Street light L042398"},"type":"Feature"},{"geometry":{"coordinates":[-90.20192076470177,38.64116658183618],"type":"Point"},"id":"stl-city-public-streetlights:2:149543","properties":{"address":null,"attributes":{"Date_Installed":null,"LED_Powered":0,"LightID":"L042399","Light_Source":"High Pressure Sodium","Light_Type":"Decorative","Lighting_Type":"GE Americana Series (Historic Light Fixture)","Verification_Date":null},"id":"stl-city-public-streetlights:2:149543","sourceLayerId":2,"sourceObjectId":149543,"sourceURL":"https://maps8.stlouis-mo.gov/arcgis/rest/services/STREETS/Streets_Permitting/MapServer/2","title":"Street light L042399"},"type":"Feature"},{"geometry":{"coordinates":[-90.2014430980405,38.64092342757951],"type":"Point"},"id":"stl-city-public-streetlights:2:149544","properties":{"address":null,"attributes":{"Date_Installed":null,"LED_Powered":0,"LightID":"L042400","Light_Source":"High Pressure Sodium","Light_Type":"Decorative","Lighting_Type":"GE Americana Series (Historic Light Fixture)","Verification_Date":null},"id":"stl-city-public-streetlights:2:149544","sourceLayerId":2,"sourceObjectId":149544,"sourceURL":"https://maps8.stlouis-mo.gov/arcgis/rest/services/STREETS/Streets_Permitting/MapServer/2","title":"Street light L042400"},"type":"Feature"},{"geometry":{"coordinates":[-90.20106124466233,38.64084462744899],"type":"Point"},"id":"stl-city-public-streetlights:2:149545","properties":{"address":null,"attributes":{"Date_Installed":null,"LED_Powered":0,"LightID":"L042401","Light_Source":"High Pressure Sodium","Light_Type":"Decorative","Lighting_Type":"GE Americana Series (Historic Light Fixture)","Verification_Date":null},"id":"stl-city-public-streetlights:2:149545","sourceLayerId":2,"sourceObjectId":149545,"sourceURL":"https://maps8.stlouis-mo.gov/arcgis/rest/services/STREETS/Streets_Permitting/MapServer/2","title":"Street light L042401"},"type":"Feature"},{"geometry":{"coordinates":[-90.20071203829012,38.64077222662299],"type":"Point"},"id":"stl-city-public-streetlights:2:149546","properties":{"address":null,"attributes":{"Date_Installed":null,"LED_Powered":0,"LightID":"L042402","Light_Source":"High Pressure Sodium","Light_Type":"Decorative","Lighting_Type":"GE Americana Series (Historic Light Fixture)","Verification_Date":null},"id":"stl-city-public-streetlights:2:149546","sourceLayerId":2,"sourceObjectId":149546,"sourceURL":"https://maps8.stlouis-mo.gov/arcgis/rest/services/STREETS/Streets_Permitting/MapServer/2","title":"Street light L042402"},"type":"Feature"},{"geometry":{"coordinates":[-90.20032488279274,38.64069019345317],"type":"Point"},"id":"stl-city-public-streetlights:2:149547","properties":{"address":null,"attributes":{"Date_Installed":null,"LED_Powered":0,"LightID":"L042403","Light_Source":"High Pressure Sodium","Light_Type":"Decorative","Lighting_Type":"GE Americana Series (Historic Light Fixture)","Verification_Date":null},"id":"stl-city-public-streetlights:2:149547","sourceLayerId":2,"sourceObjectId":149547,"sourceURL":"https://maps8.stlouis-mo.gov/arcgis/rest/services/STREETS/Streets_Permitting/MapServer/2","title":"Street light L042403"},"type":"Feature"},{"geometry":{"coordinates":[-90.20216816867561,38.64002623502532],"type":"Point"},"id":"stl-city-public-streetlights:2:155355","properties":{"address":null,"attributes":{"Date_Installed":null,"LED_Powered":0,"LightID":"L048087","Light_Source":"LED","Light_Type":"Cobra","Lighting_Type":"LED-Powered Lamp","Verification_Date":null},"id":"stl-city-public-streetlights:2:155355","sourceLayerId":2,"sourceObjectId":155355,"sourceURL":"https://maps8.stlouis-mo.gov/arcgis/rest/services/STREETS/Streets_Permitting/MapServer/2","title":"Street light L048087"},"type":"Feature"},{"geometry":{"coordinates":[-90.20280359226368,38.64019549004216],"type":"Point"},"id":"stl-city-public-streetlights:2:155356","properties":{"address":null,"attributes":{"Date_Installed":null,"LED_Powered":0,"LightID":"L048088","Light_Source":"High Pressure Sodium","Light_Type":"Cobra","Lighting_Type":"250-W High Pressure Sodium Vapor Lamp","Verification_Date":null},"id":"stl-city-public-streetlights:2:155356","sourceLayerId":2,"sourceObjectId":155356,"sourceURL":"https://maps8.stlouis-mo.gov/arcgis/rest/services/STREETS/Streets_Permitting/MapServer/2","title":"Street light L048088"},"type":"Feature"},{"geometry":{"coordinates":[-90.20268123140502,38.64001998427024],"type":"Point"},"id":"stl-city-public-streetlights:2:155363","properties":{"address":null,"attributes":{"Date_Installed":"2021-05-14","LED_Powered":1,"LightID":"L048095","Light_Source":"LED","Light_Type":"Cobra","Lighting_Type":"5G Pole - 5G Pole -5G Pole - 250-W High Pressure Sodium Vapor Lamp","Verification_Date":null},"id":"stl-city-public-streetlights:2:155363","sourceLayerId":2,"sourceObjectId":155363,"sourceURL":"https://maps8.stlouis-mo.gov/arcgis/rest/services/STREETS/Streets_Permitting/MapServer/2","title":"Street light L048095"},"type":"Feature"},{"geometry":{"coordinates":[-90.20386723151826,38.640097636313335],"type":"Point"},"id":"stl-city-public-streetlights:2:155378","properties":{"address":null,"attributes":{"Date_Installed":null,"LED_Powered":0,"LightID":"L048110","Light_Source":"High Pressure Sodium","Light_Type":"Cobra","Lighting_Type":"250-W High Pressure Sodium Vapor Lamp","Verification_Date":null},"id":"stl-city-public-streetlights:2:155378","sourceLayerId":2,"sourceObjectId":155378,"sourceURL":"https://maps8.stlouis-mo.gov/arcgis/rest/services/STREETS/Streets_Permitting/MapServer/2","title":"Street light L048110"},"type":"Feature"},{"geometry":{"coordinates":[-90.20377647231669,38.64036556229771],"type":"Point"},"id":"stl-city-public-streetlights:2:155379","properties":{"address":null,"attributes":{"Date_Installed":null,"LED_Powered":0,"LightID":"L048111","Light_Source":"High Pressure Sodium","Light_Type":"Cobra","Lighting_Type":"250-W High Pressure Sodium Vapor Lamp","Verification_Date":null},"id":"stl-city-public-streetlights:2:155379","sourceLayerId":2,"sourceObjectId":155379,"sourceURL":"https://maps8.stlouis-mo.gov/arcgis/rest/services/STREETS/Streets_Permitting/MapServer/2","title":"Street light L048111"},"type":"Feature"},{"geometry":{"coordinates":[-90.20067351444249,38.64596666391409],"type":"Point"},"id":"stl-city-public-streetlights:2:159019","properties":{"address":null,"attributes":{"Date_Installed":null,"LED_Powered":0,"LightID":"L051616","Light_Source":"LED","Light_Type":"Cobra","Lighting_Type":"LED-Powered Lamp","Verification_Date":null},"id":"stl-city-public-streetlights:2:159019","sourceLayerId":2,"sourceObjectId":159019,"sourceURL":"https://maps8.stlouis-mo.gov/arcgis/rest/services/STREETS/Streets_Permitting/MapServer/2","title":"Street light L051616"},"type":"Feature"},{"geometry":{"coordinates":[-90.20121863792822,38.646090097939364],"type":"Point"},"id":"stl-city-public-streetlights:2:159020","properties":{"address":null,"attributes":{"Date_Installed":null,"LED_Powered":0,"LightID":"L051617","Light_Source":"LED","Light_Type":"Cobra","Lighting_Type":"LED-Powered Lamp","Verification_Date":null},"id":"stl-city-public-streetlights:2:159020","sourceLayerId":2,"sourceObjectId":159020,"sourceURL":"https://maps8.stlouis-mo.gov/arcgis/rest/services/STREETS/Streets_Permitting/MapServer/2","title":"Street light L051617"},"type":"Feature"},{"geometry":{"coordinates":[-90.20173126724639,38.646192470318034],"type":"Point"},"id":"stl-city-public-streetlights:2:159021","properties":{"address":null,"attributes":{"Date_Installed":null,"LED_Powered":0,"LightID":"L051618","Light_Source":"LED","Light_Type":"Cobra","Lighting_Type":"LED-Powered Lamp","Verification_Date":null},"id":"stl-city-public-streetlights:2:159021","sourceLayerId":2,"sourceObjectId":159021,"sourceURL":"https://maps8.stlouis-mo.gov/arcgis/rest/services/STREETS/Streets_Permitting/MapServer/2","title":"Street light L051618"},"type":"Feature"},{"geometry":{"coordinates":[-90.2022462825814,38.64630628869546],"type":"Point"},"id":"stl-city-public-streetlights:2:159022","properties":{"address":null,"attributes":{"Date_Installed":null,"LED_Powered":0,"LightID":"L051619","Light_Source":"LED","Light_Type":"Cobra","Lighting_Type":"LED-Powered Lamp","Verification_Date":null},"id":"stl-city-public-streetlights:2:159022","sourceLayerId":2,"sourceObjectId":159022,"sourceURL":"https://maps8.stlouis-mo.gov/arcgis/rest/services/STREETS/Streets_Permitting/MapServer/2","title":"Street light L051619"},"type":"Feature"},{"geometry":{"coordinates":[-90.20260248902139,38.64637677661255],"type":"Point"},"id":"stl-city-public-streetlights:2:159023","properties":{"address":null,"attributes":{"Date_Installed":null,"LED_Powered":0,"LightID":"L051620","Light_Source":"LED","Light_Type":"Cobra","Lighting_Type":"LED-Powered Lamp","Verification_Date":null},"id":"stl-city-public-streetlights:2:159023","sourceLayerId":2,"sourceObjectId":159023,"sourceURL":"https://maps8.stlouis-mo.gov/arcgis/rest/services/STREETS/Streets_Permitting/MapServer/2","title":"Street light L051620"},"type":"Feature"},{"geometry":{"coordinates":[-90.20314965968967,38.64649116824057],"type":"Point"},"id":"stl-city-public-streetlights:2:159024","properties":{"address":null,"attributes":{"Date_Installed":null,"LED_Powered":0,"LightID":"L051621","Light_Source":"LED","Light_Type":"Cobra","Lighting_Type":"LED-Powered Lamp","Verification_Date":null},"id":"stl-city-public-streetlights:2:159024","sourceLayerId":2,"sourceObjectId":159024,"sourceURL":"https://maps8.stlouis-mo.gov/arcgis/rest/services/STREETS/Streets_Permitting/MapServer/2","title":"Street light L051621"},"type":"Feature"},{"geometry":{"coordinates":[-90.20363067383073,38.646596313288704],"type":"Point"},"id":"stl-city-public-streetlights:2:159025","properties":{"address":null,"attributes":{"Date_Installed":null,"LED_Powered":0,"LightID":"L051622","Light_Source":"High Pressure Sodium","Light_Type":"Cobra","Lighting_Type":"150-W High Pressure Sodium Vapor Lamp","Verification_Date":null},"id":"stl-city-public-streetlights:2:159025","sourceLayerId":2,"sourceObjectId":159025,"sourceURL":"https://maps8.stlouis-mo.gov/arcgis/rest/services/STREETS/Streets_Permitting/MapServer/2","title":"Street light L051622"},"type":"Feature"},{"geometry":{"coordinates":[-90.20413783677988,38.64669913784409],"type":"Point"},"id":"stl-city-public-streetlights:2:159026","properties":{"address":null,"attributes":{"Date_Installed":null,"LED_Powered":0,"LightID":"L051623","Light_Source":"High Pressure Sodium","Light_Type":"Cobra","Lighting_Type":"150-W High Pressure Sodium Vapor Lamp","Verification_Date":null},"id":"stl-city-public-streetlights:2:159026","sourceLayerId":2,"sourceObjectId":159026,"sourceURL":"https://maps8.stlouis-mo.gov/arcgis/rest/services/STREETS/Streets_Permitting/MapServer/2","title":"Street light L051623"},"type":"Feature"},{"geometry":{"coordinates":[-90.20782290531523,38.644581854984004],"type":"Point"},"id":"stl-city-public-streetlights:2:159200","properties":{"address":null,"attributes":{"Date_Installed":null,"LED_Powered":1,"LightID":"L051797","Light_Source":"LED","Light_Type":"Cobra","Lighting_Type":"LED-Powered Lamp","Verification_Date":null},"id":"stl-city-public-streetlights:2:159200","sourceLayerId":2,"sourceObjectId":159200,"sourceURL":"https://maps8.stlouis-mo.gov/arcgis/rest/services/STREETS/Streets_Permitting/MapServer/2","title":"Street light L051797"},"type":"Feature"},{"geometry":{"coordinates":[-90.20770909010992,38.64491610996132],"type":"Point"},"id":"stl-city-public-streetlights:2:159201","properties":{"address":null,"attributes":{"Date_Installed":null,"LED_Powered":1,"LightID":"L051798","Light_Source":"LED","Light_Type":"Cobra","Lighting_Type":"LED-Powered Lamp","Verification_Date":null},"id":"stl-city-public-streetlights:2:159201","sourceLayerId":2,"sourceObjectId":159201,"sourceURL":"https://maps8.stlouis-mo.gov/arcgis/rest/services/STREETS/Streets_Permitting/MapServer/2","title":"Street light L051798"},"type":"Feature"},{"geometry":{"coordinates":[-90.20761406395016,38.645189271219714],"type":"Point"},"id":"stl-city-public-streetlights:2:159202","properties":{"address":null,"attributes":{"Date_Installed":null,"LED_Powered":1,"LightID":"L051799","Light_Source":"LED","Light_Type":"Cobra","Lighting_Type":"LED-Powered Lamp","Verification_Date":null},"id":"stl-city-public-streetlights:2:159202","sourceLayerId":2,"sourceObjectId":159202,"sourceURL":"https://maps8.stlouis-mo.gov/arcgis/rest/services/STREETS/Streets_Permitting/MapServer/2","title":"Street light L051799"},"type":"Feature"},{"geometry":{"coordinates":[-90.20751131318988,38.645493162173516],"type":"Point"},"id":"stl-city-public-streetlights:2:159203","properties":{"address":null,"attributes":{"Date_Installed":null,"LED_Powered":1,"LightID":"L051800","Light_Source":"LED","Light_Type":"Cobra","Lighting_Type":"LED-Powered Lamp","Verification_Date":null},"id":"stl-city-public-streetlights:2:159203","sourceLayerId":2,"sourceObjectId":159203,"sourceURL":"https://maps8.stlouis-mo.gov/arcgis/rest/services/STREETS/Streets_Permitting/MapServer/2","title":"Street light L051800"},"type":"Feature"},{"geometry":{"coordinates":[-90.20742743648559,38.64578947330871],"type":"Point"},"id":"stl-city-public-streetlights:2:159204","properties":{"address":null,"attributes":{"Date_Installed":null,"LED_Powered":1,"LightID":"L051801","Light_Source":"LED","Light_Type":"Cobra","Lighting_Type":"LED-Powered Lamp","Verification_Date":null},"id":"stl-city-public-streetlights:2:159204","sourceLayerId":2,"sourceObjectId":159204,"sourceURL":"https://maps8.stlouis-mo.gov/arcgis/rest/services/STREETS/Streets_Permitting/MapServer/2","title":"Street light L051801"},"type":"Feature"},{"geometry":{"coordinates":[-90.20730980387151,38.64609034669687],"type":"Point"},"id":"stl-city-public-streetlights:2:159205","properties":{"address":null,"attributes":{"Date_Installed":null,"LED_Powered":1,"LightID":"L051802","Light_Source":"LED","Light_Type":"Cobra","Lighting_Type":"LED-Powered Lamp","Verification_Date":null},"id":"stl-city-public-streetlights:2:159205","sourceLayerId":2,"sourceObjectId":159205,"sourceURL":"https://maps8.stlouis-mo.gov/arcgis/rest/services/STREETS/Streets_Permitting/MapServer/2","title":"Street light L051802"},"type":"Feature"},{"geometry":{"coordinates":[-90.20720226511355,38.64641222147923],"type":"Point"},"id":"stl-city-public-streetlights:2:159206","properties":{"address":null,"attributes":{"Date_Installed":null,"LED_Powered":1,"LightID":"L051803","Light_Source":"LED","Light_Type":"Cobra","Lighting_Type":"LED-Powered Lamp","Verification_Date":null},"id":"stl-city-public-streetlights:2:159206","sourceLayerId":2,"sourceObjectId":159206,"sourceURL":"https://maps8.stlouis-mo.gov/arcgis/rest/services/STREETS/Streets_Permitting/MapServer/2","title":"Street light L051803"},"type":"Feature"},{"geometry":{"coordinates":[-90.20710077479151,38.646704465782314],"type":"Point"},"id":"stl-city-public-streetlights:2:159207","properties":{"address":null,"attributes":{"Date_Installed":null,"LED_Powered":1,"LightID":"L051804","Light_Source":"LED","Light_Type":"Cobra","Lighting_Type":"LED-Powered Lamp","Verification_Date":null},"id":"stl-city-public-streetlights:2:159207","sourceLayerId":2,"sourceObjectId":159207,"sourceURL":"https://maps8.stlouis-mo.gov/arcgis/rest/services/STREETS/Streets_Permitting/MapServer/2","title":"Street light L051804"},"type":"Feature"},{"geometry":{"coordinates":[-90.20699176958124,38.64705029216134],"type":"Point"},"id":"stl-city-public-streetlights:2:159208","properties":{"address":null,"attributes":{"Date_Installed":null,"LED_Powered":1,"LightID":"L051805","Light_Source":"LED","Light_Type":"Cobra","Lighting_Type":"LED-Powered Lamp","Verification_Date":null},"id":"stl-city-public-streetlights:2:159208","sourceLayerId":2,"sourceObjectId":159208,"sourceURL":"https://maps8.stlouis-mo.gov/arcgis/rest/services/STREETS/Streets_Permitting/MapServer/2","title":"Street light L051805"},"type":"Feature"},{"geometry":{"coordinates":[-90.20686533727326,38.64738377403411],"type":"Point"},"id":"stl-city-public-streetlights:2:159209","properties":{"address":null,"attributes":{"Date_Installed":null,"LED_Powered":1,"LightID":"L051806","Light_Source":"LED","Light_Type":"Cobra","Lighting_Type":"LED-Powered Lamp","Verification_Date":null},"id":"stl-city-public-streetlights:2:159209","sourceLayerId":2,"sourceObjectId":159209,"sourceURL":"https://maps8.stlouis-mo.gov/arcgis/rest/services/STREETS/Streets_Permitting/MapServer/2","title":"Street light L051806"},"type":"Feature"},{"geometry":{"coordinates":[-90.20675517763426,38.64771410379625],"type":"Point"},"id":"stl-city-public-streetlights:2:159210","properties":{"address":null,"attributes":{"Date_Installed":null,"LED_Powered":1,"LightID":"L051807","Light_Source":"LED","Light_Type":"Cobra","Lighting_Type":"LED-Powered Lamp","Verification_Date":null},"id":"stl-city-public-streetlights:2:159210","sourceLayerId":2,"sourceObjectId":159210,"sourceURL":"https://maps8.stlouis-mo.gov/arcgis/rest/services/STREETS/Streets_Permitting/MapServer/2","title":"Street light L051807"},"type":"Feature"},{"geometry":{"coordinates":[-90.20663778730453,38.64805945201219],"type":"Point"},"id":"stl-city-public-streetlights:2:159211","properties":{"address":null,"attributes":{"Date_Installed":null,"LED_Powered":1,"LightID":"L051808","Light_Source":"LED","Light_Type":"Cobra","Lighting_Type":"LED-Powered Lamp","Verification_Date":null},"id":"stl-city-public-streetlights:2:159211","sourceLayerId":2,"sourceObjectId":159211,"sourceURL":"https://maps8.stlouis-mo.gov/arcgis/rest/services/STREETS/Streets_Permitting/MapServer/2","title":"Street light L051808"},"type":"Feature"},{"geometry":{"coordinates":[-90.20651006160595,38.6484483734978],"type":"Point"},"id":"stl-city-public-streetlights:2:159212","properties":{"address":null,"attributes":{"Date_Installed":null,"LED_Powered":1,"LightID":"L051809","Light_Source":"LED","Light_Type":"Cobra","Lighting_Type":"LED-Powered Lamp","Verification_Date":null},"id":"stl-city-public-streetlights:2:159212","sourceLayerId":2,"sourceObjectId":159212,"sourceURL":"https://maps8.stlouis-mo.gov/arcgis/rest/services/STREETS/Streets_Permitting/MapServer/2","title":"Street light L051809"},"type":"Feature"},{"geometry":{"coordinates":[-90.20640837678941,38.64878658977572],"type":"Point"},"id":"stl-city-public-streetlights:2:159213","properties":{"address":null,"attributes":{"Date_Installed":null,"LED_Powered":1,"LightID":"L051810","Light_Source":"LED","Light_Type":"Cobra","Lighting_Type":"LED-Powered Lamp","Verification_Date":null},"id":"stl-city-public-streetlights:2:159213","sourceLayerId":2,"sourceObjectId":159213,"sourceURL":"https://maps8.stlouis-mo.gov/arcgis/rest/services/STREETS/Streets_Permitting/MapServer/2","title":"Street light L051810"},"type":"Feature"},{"geometry":{"coordinates":[-90.2062947863496,38.64906280222744],"type":"Point"},"id":"stl-city-public-streetlights:2:159214","properties":{"address":null,"attributes":{"Date_Installed":null,"LED_Powered":1,"LightID":"L051811","Light_Source":"LED","Light_Type":"Cobra","Lighting_Type":"LED-Powered Lamp","Verification_Date":null},"id":"stl-city-public-streetlights:2:159214","sourceLayerId":2,"sourceObjectId":159214,"sourceURL":"https://maps8.stlouis-mo.gov/arcgis/rest/services/STREETS/Streets_Permitting/MapServer/2","title":"Street light L051811"},"type":"Feature"},{"geometry":{"coordinates":[-90.20619634669485,38.64935025603821],"type":"Point"},"id":"stl-city-public-streetlights:2:159215","properties":{"address":null,"attributes":{"Date_Installed":null,"LED_Powered":1,"LightID":"L051812","Light_Source":"LED","Light_Type":"Cobra","Lighting_Type":"LED-Powered Lamp","Verification_Date":null},"id":"stl-city-public-streetlights:2:159215","sourceLayerId":2,"sourceObjectId":159215,"sourceURL":"https://maps8.stlouis-mo.gov/arcgis/rest/services/STREETS/Streets_Permitting/MapServer/2","title":"Street light L051812"},"type":"Feature"},{"geometry":{"coordinates":[-90.2060855215902,38.64969321651743],"type":"Point"},"id":"stl-city-public-streetlights:2:159216","properties":{"address":null,"attributes":{"Date_Installed":null,"LED_Powered":1,"LightID":"L051813","Light_Source":"LED","Light_Type":"Cobra","Lighting_Type":"LED-Powered Lamp","Verification_Date":null},"id":"stl-city-public-streetlights:2:159216","sourceLayerId":2,"sourceObjectId":159216,"sourceURL":"https://maps8.stlouis-mo.gov/arcgis/rest/services/STREETS/Streets_Permitting/MapServer/2","title":"Street light L051813"},"type":"Feature"},{"geometry":{"coordinates":[-90.20597796897214,38.64997897787131],"type":"Point"},"id":"stl-city-public-streetlights:2:159217","properties":{"address":null,"attributes":{"Date_Installed":null,"LED_Powered":1,"LightID":"L051814","Light_Source":"LED","Light_Type":"Cobra","Lighting_Type":"LED-Powered Lamp","Verification_Date":null},"id":"stl-city-public-streetlights:2:159217","sourceLayerId":2,"sourceObjectId":159217,"sourceURL":"https://maps8.stlouis-mo.gov/arcgis/rest/services/STREETS/Streets_Permitting/MapServer/2","title":"Street light L051814"},"type":"Feature"},{"geometry":{"coordinates":[-90.20524297134357,38.643709252473684],"type":"Point"},"id":"stl-city-public-streetlights:2:159234","properties":{"address":null,"attributes":{"Date_Installed":null,"LED_Powered":1,"LightID":"L051831","Light_Source":"LED","Light_Type":"Cobra","Lighting_Type":"LED-Powered Lamp","Verification_Date":null},"id":"stl-city-public-streetlights:2:159234","sourceLayerId":2,"sourceObjectId":159234,"sourceURL":"https://maps8.stlouis-mo.gov/arcgis/rest/services/STREETS/Streets_Permitting/MapServer/2","title":"Street light L051831"},"type":"Feature"},{"geometry":{"coordinates":[-90.20541472063219,38.643702533825625],"type":"Point"},"id":"stl-city-public-streetlights:2:159235","properties":{"address":null,"attributes":{"Date_Installed":null,"LED_Powered":0,"LightID":"L051832","Light_Source":"LED","Light_Type":"Cobra","Lighting_Type":"LED-Powered Lamp","Verification_Date":1646092800000},"id":"stl-city-public-streetlights:2:159235","sourceLayerId":2,"sourceObjectId":159235,"sourceURL":"https://maps8.stlouis-mo.gov/arcgis/rest/services/STREETS/Streets_Permitting/MapServer/2","title":"Street light L051832"},"type":"Feature"},{"geometry":{"coordinates":[-90.20525941347091,38.644147161452516],"type":"Point"},"id":"stl-city-public-streetlights:2:159236","properties":{"address":null,"attributes":{"Date_Installed":null,"LED_Powered":1,"LightID":"L051833","Light_Source":"LED","Light_Type":"Cobra","Lighting_Type":"LED-Powered Lamp","Verification_Date":null},"id":"stl-city-public-streetlights:2:159236","sourceLayerId":2,"sourceObjectId":159236,"sourceURL":"https://maps8.stlouis-mo.gov/arcgis/rest/services/STREETS/Streets_Permitting/MapServer/2","title":"Street light L051833"},"type":"Feature"},{"geometry":{"coordinates":[-90.20512161887176,38.644545591310084],"type":"Point"},"id":"stl-city-public-streetlights:2:159237","properties":{"address":null,"attributes":{"Date_Installed":null,"LED_Powered":1,"LightID":"L051834","Light_Source":"LED","Light_Type":"Cobra","Lighting_Type":"LED-Powered Lamp","Verification_Date":null},"id":"stl-city-public-streetlights:2:159237","sourceLayerId":2,"sourceObjectId":159237,"sourceURL":"https://maps8.stlouis-mo.gov/arcgis/rest/services/STREETS/Streets_Permitting/MapServer/2","title":"Street light L051834"},"type":"Feature"},{"geometry":{"coordinates":[-90.20498627298353,38.644939259653164],"type":"Point"},"id":"stl-city-public-streetlights:2:159238","properties":{"address":null,"attributes":{"Date_Installed":null,"LED_Powered":1,"LightID":"L051835","Light_Source":"LED","Light_Type":"Cobra","Lighting_Type":"LED-Powered Lamp","Verification_Date":null},"id":"stl-city-public-streetlights:2:159238","sourceLayerId":2,"sourceObjectId":159238,"sourceURL":"https://maps8.stlouis-mo.gov/arcgis/rest/services/STREETS/Streets_Permitting/MapServer/2","title":"Street light L051835"},"type":"Feature"},{"geometry":{"coordinates":[-90.20487141613944,38.64527737851544],"type":"Point"},"id":"stl-city-public-streetlights:2:159239","properties":{"address":null,"attributes":{"Date_Installed":null,"LED_Powered":1,"LightID":"L051836","Light_Source":"LED","Light_Type":"Cobra","Lighting_Type":"LED-Powered Lamp","Verification_Date":null},"id":"stl-city-public-streetlights:2:159239","sourceLayerId":2,"sourceObjectId":159239,"sourceURL":"https://maps8.stlouis-mo.gov/arcgis/rest/services/STREETS/Streets_Permitting/MapServer/2","title":"Street light L051836"},"type":"Feature"},{"geometry":{"coordinates":[-90.20476433899503,38.64558238493296],"type":"Point"},"id":"stl-city-public-streetlights:2:159240","properties":{"address":null,"attributes":{"Date_Installed":null,"LED_Powered":1,"LightID":"L051837","Light_Source":"LED","Light_Type":"Cobra","Lighting_Type":"LED-Powered Lamp","Verification_Date":null},"id":"stl-city-public-streetlights:2:159240","sourceLayerId":2,"sourceObjectId":159240,"sourceURL":"https://maps8.stlouis-mo.gov/arcgis/rest/services/STREETS/Streets_Permitting/MapServer/2","title":"Street light L051837"},"type":"Feature"},{"geometry":{"coordinates":[-90.20472761386657,38.64568699520733],"type":"Point"},"id":"stl-city-public-streetlights:2:159241","properties":{"address":null,"attributes":{"Date_Installed":null,"LED_Powered":1,"LightID":"L051838","Light_Source":"LED","Light_Type":"Cobra","Lighting_Type":"LED-Powered Lamp","Verification_Date":null},"id":"stl-city-public-streetlights:2:159241","sourceLayerId":2,"sourceObjectId":159241,"sourceURL":"https://maps8.stlouis-mo.gov/arcgis/rest/services/STREETS/Streets_Permitting/MapServer/2","title":"Street light L051838"},"type":"Feature"},{"geometry":{"coordinates":[-90.2046903158255,38.645795421082674],"type":"Point"},"id":"stl-city-public-streetlights:2:159242","properties":{"address":null,"attributes":{"Date_Installed":null,"LED_Powered":1,"LightID":"L051839","Light_Source":"LED","Light_Type":"Cobra","Lighting_Type":"LED-Powered Lamp","Verification_Date":null},"id":"stl-city-public-streetlights:2:159242","sourceLayerId":2,"sourceObjectId":159242,"sourceURL":"https://maps8.stlouis-mo.gov/arcgis/rest/services/STREETS/Streets_Permitting/MapServer/2","title":"Street light L051839"},"type":"Feature"},{"geometry":{"coordinates":[-90.20463811745202,38.645947160035824],"type":"Point"},"id":"stl-city-public-streetlights:2:159243","properties":{"address":null,"attributes":{"Date_Installed":null,"LED_Powered":1,"LightID":"L051840","Light_Source":"LED","Light_Type":"Cobra","Lighting_Type":"LED-Powered Lamp","Verification_Date":null},"id":"stl-city-public-streetlights:2:159243","sourceLayerId":2,"sourceObjectId":159243,"sourceURL":"https://maps8.stlouis-mo.gov/arcgis/rest/services/STREETS/Streets_Permitting/MapServer/2","title":"Street light L051840"},"type":"Feature"},{"geometry":{"coordinates":[-90.20458921840267,38.646089308335874],"type":"Point"},"id":"stl-city-public-streetlights:2:159244","properties":{"address":null,"attributes":{"Date_Installed":null,"LED_Powered":1,"LightID":"L051841","Light_Source":"LED","Light_Type":"Cobra","Lighting_Type":"LED-Powered Lamp","Verification_Date":null},"id":"stl-city-public-streetlights:2:159244","sourceLayerId":2,"sourceObjectId":159244,"sourceURL":"https://maps8.stlouis-mo.gov/arcgis/rest/services/STREETS/Streets_Permitting/MapServer/2","title":"Street light L051841"},"type":"Feature"},{"geometry":{"coordinates":[-90.20452741018967,38.64644246141234],"type":"Point"},"id":"stl-city-public-streetlights:2:159245","properties":{"address":null,"attributes":{"Date_Installed":null,"LED_Powered":1,"LightID":"L051842","Light_Source":"LED","Light_Type":"Cobra","Lighting_Type":"LED-Powered Lamp","Verification_Date":null},"id":"stl-city-public-streetlights:2:159245","sourceLayerId":2,"sourceObjectId":159245,"sourceURL":"https://maps8.stlouis-mo.gov/arcgis/rest/services/STREETS/Streets_Permitting/MapServer/2","title":"Street light L051842"},"type":"Feature"},{"geometry":{"coordinates":[-90.20453895086158,38.64653723869906],"type":"Point"},"id":"stl-city-public-streetlights:2:159246","properties":{"address":null,"attributes":{"Date_Installed":null,"LED_Powered":1,"LightID":"L051843","Light_Source":"LED","Light_Type":"Cobra","Lighting_Type":"LED-Powered Lamp","Verification_Date":null},"id":"stl-city-public-streetlights:2:159246","sourceLayerId":2,"sourceObjectId":159246,"sourceURL":"https://maps8.stlouis-mo.gov/arcgis/rest/services/STREETS/Streets_Permitting/MapServer/2","title":"Street light L051843"},"type":"Feature"},{"geometry":{"coordinates":[-90.20442614028393,38.64690014290355],"type":"Point"},"id":"stl-city-public-streetlights:2:159247","properties":{"address":null,"attributes":{"Date_Installed":null,"LED_Powered":1,"LightID":"L051844","Light_Source":"LED","Light_Type":"Cobra","Lighting_Type":"LED-Powered Lamp","Verification_Date":null},"id":"stl-city-public-streetlights:2:159247","sourceLayerId":2,"sourceObjectId":159247,"sourceURL":"https://maps8.stlouis-mo.gov/arcgis/rest/services/STREETS/Streets_Permitting/MapServer/2","title":"Street light L051844"},"type":"Feature"},{"geometry":{"coordinates":[-90.20427391056627,38.64733238232749],"type":"Point"},"id":"stl-city-public-streetlights:2:159248","properties":{"address":null,"attributes":{"Date_Installed":null,"LED_Powered":1,"LightID":"L051845","Light_Source":"LED","Light_Type":"Cobra","Lighting_Type":"LED-Powered Lamp","Verification_Date":null},"id":"stl-city-public-streetlights:2:159248","sourceLayerId":2,"sourceObjectId":159248,"sourceURL":"https://maps8.stlouis-mo.gov/arcgis/rest/services/STREETS/Streets_Permitting/MapServer/2","title":"Street light L051845"},"type":"Feature"},{"geometry":{"coordinates":[-90.2056629989311,38.646732706260266],"type":"Point"},"id":"stl-city-public-streetlights:2:159249","properties":{"address":null,"attributes":{"Date_Installed":null,"LED_Powered":0,"LightID":"L051846","Light_Source":"LED","Light_Type":"Cobra","Lighting_Type":"LED-Powered Lamp","Verification_Date":null},"id":"stl-city-public-streetlights:2:159249","sourceLayerId":2,"sourceObjectId":159249,"sourceURL":"https://maps8.stlouis-mo.gov/arcgis/rest/services/STREETS/Streets_Permitting/MapServer/2","title":"Street light L051846"},"type":"Feature"},{"geometry":{"coordinates":[-90.20521249510104,38.64702466845082],"type":"Point"},"id":"stl-city-public-streetlights:2:159250","properties":{"address":null,"attributes":{"Date_Installed":null,"LED_Powered":1,"LightID":"L051847","Light_Source":"LED","Light_Type":"Cobra","Lighting_Type":"LED-Powered Lamp","Verification_Date":null},"id":"stl-city-public-streetlights:2:159250","sourceLayerId":2,"sourceObjectId":159250,"sourceURL":"https://maps8.stlouis-mo.gov/arcgis/rest/services/STREETS/Streets_Permitting/MapServer/2","title":"Street light L051847"},"type":"Feature"},{"geometry":{"coordinates":[-90.20511168640613,38.6473336872253],"type":"Point"},"id":"stl-city-public-streetlights:2:159251","properties":{"address":null,"attributes":{"Date_Installed":null,"LED_Powered":1,"LightID":"L051848","Light_Source":"LED","Light_Type":"Cobra","Lighting_Type":"LED-Powered Lamp","Verification_Date":null},"id":"stl-city-public-streetlights:2:159251","sourceLayerId":2,"sourceObjectId":159251,"sourceURL":"https://maps8.stlouis-mo.gov/arcgis/rest/services/STREETS/Streets_Permitting/MapServer/2","title":"Street light L051848"},"type":"Feature"},{"geometry":{"coordinates":[-90.20500836394574,38.64762517909997],"type":"Point"},"id":"stl-city-public-streetlights:2:159252","properties":{"address":null,"attributes":{"Date_Installed":null,"LED_Powered":1,"LightID":"L051849","Light_Source":"LED","Light_Type":"Cobra","Lighting_Type":"LED-Powered Lamp","Verification_Date":null},"id":"stl-city-public-streetlights:2:159252","sourceLayerId":2,"sourceObjectId":159252,"sourceURL":"https://maps8.stlouis-mo.gov/arcgis/rest/services/STREETS/Streets_Permitting/MapServer/2","title":"Street light L051849"},"type":"Feature"},{"geometry":{"coordinates":[-90.20595043814542,38.64719516544721],"type":"Point"},"id":"stl-city-public-streetlights:2:159253","properties":{"address":null,"attributes":{"Date_Installed":null,"LED_Powered":1,"LightID":"L051850","Light_Source":"LED","Light_Type":"Cobra","Lighting_Type":"LED-Powered Lamp","Verification_Date":null},"id":"stl-city-public-streetlights:2:159253","sourceLayerId":2,"sourceObjectId":159253,"sourceURL":"https://maps8.stlouis-mo.gov/arcgis/rest/services/STREETS/Streets_Permitting/MapServer/2","title":"Street light L051850"},"type":"Feature"},{"geometry":{"coordinates":[-90.20585257915577,38.647489533030424],"type":"Point"},"id":"stl-city-public-streetlights:2:159254","properties":{"address":null,"attributes":{"Date_Installed":null,"LED_Powered":1,"LightID":"L051851","Light_Source":"LED","Light_Type":"Cobra","Lighting_Type":"LED-Powered Lamp","Verification_Date":null},"id":"stl-city-public-streetlights:2:159254","sourceLayerId":2,"sourceObjectId":159254,"sourceURL":"https://maps8.stlouis-mo.gov/arcgis/rest/services/STREETS/Streets_Permitting/MapServer/2","title":"Street light L051851"},"type":"Feature"},{"geometry":{"coordinates":[-90.20575472520913,38.64778246991945],"type":"Point"},"id":"stl-city-public-streetlights:2:159255","properties":{"address":null,"attributes":{"Date_Installed":null,"LED_Powered":1,"LightID":"L051852","Light_Source":"LED","Light_Type":"Cobra","Lighting_Type":"LED-Powered Lamp","Verification_Date":null},"id":"stl-city-public-streetlights:2:159255","sourceLayerId":2,"sourceObjectId":159255,"sourceURL":"https://maps8.stlouis-mo.gov/arcgis/rest/services/STREETS/Streets_Permitting/MapServer/2","title":"Street light L051852"},"type":"Feature"},{"geometry":{"coordinates":[-90.20560215310539,38.648213398462396],"type":"Point"},"id":"stl-city-public-streetlights:2:159256","properties":{"address":null,"attributes":{"Date_Installed":null,"LED_Powered":1,"LightID":"L051853","Light_Source":"LED","Light_Type":"Cobra","Lighting_Type":"LED-Powered Lamp","Verification_Date":null},"id":"stl-city-public-streetlights:2:159256","sourceLayerId":2,"sourceObjectId":159256,"sourceURL":"https://maps8.stlouis-mo.gov/arcgis/rest/services/STREETS/Streets_Permitting/MapServer/2","title":"Street light L051853"},"type":"Feature"},{"geometry":{"coordinates":[-90.20548492968143,38.64855991795714],"type":"Point"},"id":"stl-city-public-streetlights:2:159257","properties":{"address":null,"attributes":{"Date_Installed":null,"LED_Powered":1,"LightID":"L051854","Light_Source":"LED","Light_Type":"Cobra","Lighting_Type":"LED-Powered Lamp","Verification_Date":null},"id":"stl-city-public-streetlights:2:159257","sourceLayerId":2,"sourceObjectId":159257,"sourceURL":"https://maps8.stlouis-mo.gov/arcgis/rest/services/STREETS/Streets_Permitting/MapServer/2","title":"Street light L051854"},"type":"Feature"},{"geometry":{"coordinates":[-90.2046874294094,38.646353122652584],"type":"Point"},"id":"stl-city-public-streetlights:2:159543","properties":{"address":null,"attributes":{"Date_Installed":null,"LED_Powered":1,"LightID":"L052409","Light_Source":"LED","Light_Type":"Cobra","Lighting_Type":"LED-Powered Lamp","Verification_Date":null},"id":"stl-city-public-streetlights:2:159543","sourceLayerId":2,"sourceObjectId":159543,"sourceURL":"https://maps8.stlouis-mo.gov/arcgis/rest/services/STREETS/Streets_Permitting/MapServer/2","title":"Street light L052409"},"type":"Feature"},{"geometry":{"coordinates":[-90.20562404614081,38.64643688652335],"type":"Point"},"id":"stl-city-public-streetlights:2:159544","properties":{"address":null,"attributes":{"Date_Installed":null,"LED_Powered":0,"LightID":"L052410","Light_Source":"High Pressure Sodium","Light_Type":"Decorative","Lighting_Type":"150-W High Pressure Sodium Vapor Lamp (decorative)","Verification_Date":null},"id":"stl-city-public-streetlights:2:159544","sourceLayerId":2,"sourceObjectId":159544,"sourceURL":"https://maps8.stlouis-mo.gov/arcgis/rest/services/STREETS/Streets_Permitting/MapServer/2","title":"Street light L052410"},"type":"Feature"},{"geometry":{"coordinates":[-90.20229039691723,38.64202298484392],"type":"Point"},"id":"stl-city-public-streetlights:2:159569","properties":{"address":null,"attributes":{"Date_Installed":null,"LED_Powered":0,"LightID":"L052495","Light_Source":"LED","Light_Type":"Cobra","Lighting_Type":"LED-Powered Lamp","Verification_Date":null},"id":"stl-city-public-streetlights:2:159569","sourceLayerId":2,"sourceObjectId":159569,"sourceURL":"https://maps8.stlouis-mo.gov/arcgis/rest/services/STREETS/Streets_Permitting/MapServer/2","title":"Street light L052495"},"type":"Feature"},{"geometry":{"coordinates":[-90.20262563548104,38.64209439141024],"type":"Point"},"id":"stl-city-public-streetlights:2:159570","properties":{"address":null,"attributes":{"Date_Installed":null,"LED_Powered":0,"LightID":"L052496","Light_Source":"LED","Light_Type":"Cobra","Lighting_Type":"LED-Powered Lamp","Verification_Date":null},"id":"stl-city-public-streetlights:2:159570","sourceLayerId":2,"sourceObjectId":159570,"sourceURL":"https://maps8.stlouis-mo.gov/arcgis/rest/services/STREETS/Streets_Permitting/MapServer/2","title":"Street light L052496"},"type":"Feature"},{"geometry":{"coordinates":[-90.2029681688353,38.64216581643816],"type":"Point"},"id":"stl-city-public-streetlights:2:159571","properties":{"address":null,"attributes":{"Date_Installed":null,"LED_Powered":0,"LightID":"L052497","Light_Source":"LED","Light_Type":"Cobra","Lighting_Type":"LED-Powered Lamp","Verification_Date":null},"id":"stl-city-public-streetlights:2:159571","sourceLayerId":2,"sourceObjectId":159571,"sourceURL":"https://maps8.stlouis-mo.gov/arcgis/rest/services/STREETS/Streets_Permitting/MapServer/2","title":"Street light L052497"},"type":"Feature"},{"geometry":{"coordinates":[-90.2033009679731,38.64223912295696],"type":"Point"},"id":"stl-city-public-streetlights:2:159572","properties":{"address":null,"attributes":{"Date_Installed":null,"LED_Powered":0,"LightID":"L052498","Light_Source":"LED","Light_Type":"Cobra","Lighting_Type":"LED-Powered Lamp","Verification_Date":null},"id":"stl-city-public-streetlights:2:159572","sourceLayerId":2,"sourceObjectId":159572,"sourceURL":"https://maps8.stlouis-mo.gov/arcgis/rest/services/STREETS/Streets_Permitting/MapServer/2","title":"Street light L052498"},"type":"Feature"},{"geometry":{"coordinates":[-90.20363136974902,38.642304793735356],"type":"Point"},"id":"stl-city-public-streetlights:2:159573","properties":{"address":null,"attributes":{"Date_Installed":null,"LED_Powered":0,"LightID":"L052499","Light_Source":"LED","Light_Type":"Cobra","Lighting_Type":"LED-Powered Lamp","Verification_Date":null},"id":"stl-city-public-streetlights:2:159573","sourceLayerId":2,"sourceObjectId":159573,"sourceURL":"https://maps8.stlouis-mo.gov/arcgis/rest/services/STREETS/Streets_Permitting/MapServer/2","title":"Street light L052499"},"type":"Feature"},{"geometry":{"coordinates":[-90.20000940136832,38.642292882094196],"type":"Point"},"id":"stl-city-public-streetlights:2:160516","properties":{"address":null,"attributes":{"Date_Installed":null,"LED_Powered":0,"LightID":null,"Light_Source":null,"Light_Type":"Decorative","Lighting_Type":null,"Verification_Date":1646092800000},"id":"stl-city-public-streetlights:2:160516","sourceLayerId":2,"sourceObjectId":160516,"sourceURL":"https://maps8.stlouis-mo.gov/arcgis/rest/services/STREETS/Streets_Permitting/MapServer/2","title":"Street light 160516"},"type":"Feature"},{"geometry":{"coordinates":[-90.20033019356987,38.64236164741528],"type":"Point"},"id":"stl-city-public-streetlights:2:160517","properties":{"address":null,"attributes":{"Date_Installed":null,"LED_Powered":0,"LightID":null,"Light_Source":null,"Light_Type":"Decorative","Lighting_Type":null,"Verification_Date":1648771200000},"id":"stl-city-public-streetlights:2:160517","sourceLayerId":2,"sourceObjectId":160517,"sourceURL":"https://maps8.stlouis-mo.gov/arcgis/rest/services/STREETS/Streets_Permitting/MapServer/2","title":"Street light 160517"},"type":"Feature"},{"geometry":{"coordinates":[-90.20060595262687,38.64242053189402],"type":"Point"},"id":"stl-city-public-streetlights:2:160518","properties":{"address":null,"attributes":{"Date_Installed":null,"LED_Powered":0,"LightID":null,"Light_Source":null,"Light_Type":"Decorative","Lighting_Type":null,"Verification_Date":1648771200000},"id":"stl-city-public-streetlights:2:160518","sourceLayerId":2,"sourceObjectId":160518,"sourceURL":"https://maps8.stlouis-mo.gov/arcgis/rest/services/STREETS/Streets_Permitting/MapServer/2","title":"Street light 160518"},"type":"Feature"},{"geometry":{"coordinates":[-90.20096772902845,38.64249680564375],"type":"Point"},"id":"stl-city-public-streetlights:2:160519","properties":{"address":null,"attributes":{"Date_Installed":null,"LED_Powered":0,"LightID":null,"Light_Source":null,"Light_Type":"Decorative","Lighting_Type":null,"Verification_Date":1648771200000},"id":"stl-city-public-streetlights:2:160519","sourceLayerId":2,"sourceObjectId":160519,"sourceURL":"https://maps8.stlouis-mo.gov/arcgis/rest/services/STREETS/Streets_Permitting/MapServer/2","title":"Street light 160519"},"type":"Feature"},{"geometry":{"coordinates":[-90.20122982715523,38.64254778627811],"type":"Point"},"id":"stl-city-public-streetlights:2:160520","properties":{"address":null,"attributes":{"Date_Installed":null,"LED_Powered":0,"LightID":null,"Light_Source":null,"Light_Type":"Decorative","Lighting_Type":null,"Verification_Date":1648771200000},"id":"stl-city-public-streetlights:2:160520","sourceLayerId":2,"sourceObjectId":160520,"sourceURL":"https://maps8.stlouis-mo.gov/arcgis/rest/services/STREETS/Streets_Permitting/MapServer/2","title":"Street light 160520"},"type":"Feature"},{"geometry":{"coordinates":[-90.20151975491193,38.64260825251199],"type":"Point"},"id":"stl-city-public-streetlights:2:160521","properties":{"address":null,"attributes":{"Date_Installed":null,"LED_Powered":0,"LightID":null,"Light_Source":null,"Light_Type":"Decorative","Lighting_Type":null,"Verification_Date":1648771200000},"id":"stl-city-public-streetlights:2:160521","sourceLayerId":2,"sourceObjectId":160521,"sourceURL":"https://maps8.stlouis-mo.gov/arcgis/rest/services/STREETS/Streets_Permitting/MapServer/2","title":"Street light 160521"},"type":"Feature"},{"geometry":{"coordinates":[-90.2012229862631,38.642720235711714],"type":"Point"},"id":"stl-city-public-streetlights:2:160522","properties":{"address":null,"attributes":{"Date_Installed":null,"LED_Powered":0,"LightID":null,"Light_Source":null,"Light_Type":"Decorative","Lighting_Type":null,"Verification_Date":1648771200000},"id":"stl-city-public-streetlights:2:160522","sourceLayerId":2,"sourceObjectId":160522,"sourceURL":"https://maps8.stlouis-mo.gov/arcgis/rest/services/STREETS/Streets_Permitting/MapServer/2","title":"Street light 160522"},"type":"Feature"},{"geometry":{"coordinates":[-90.20091275952734,38.64265675112692],"type":"Point"},"id":"stl-city-public-streetlights:2:160523","properties":{"address":null,"attributes":{"Date_Installed":null,"LED_Powered":0,"LightID":null,"Light_Source":null,"Light_Type":"Decorative","Lighting_Type":null,"Verification_Date":1648771200000},"id":"stl-city-public-streetlights:2:160523","sourceLayerId":2,"sourceObjectId":160523,"sourceURL":"https://maps8.stlouis-mo.gov/arcgis/rest/services/STREETS/Streets_Permitting/MapServer/2","title":"Street light 160523"},"type":"Feature"},{"geometry":{"coordinates":[-90.20034132528677,38.64253632568673],"type":"Point"},"id":"stl-city-public-streetlights:2:160524","properties":{"address":null,"attributes":{"Date_Installed":null,"LED_Powered":0,"LightID":null,"Light_Source":null,"Light_Type":"Decorative","Lighting_Type":null,"Verification_Date":1648771200000},"id":"stl-city-public-streetlights:2:160524","sourceLayerId":2,"sourceObjectId":160524,"sourceURL":"https://maps8.stlouis-mo.gov/arcgis/rest/services/STREETS/Streets_Permitting/MapServer/2","title":"Street light 160524"},"type":"Feature"},{"geometry":{"coordinates":[-90.20212996770712,38.642912555697194],"type":"Point"},"id":"stl-city-public-streetlights:2:160527","properties":{"address":null,"attributes":{"Date_Installed":null,"LED_Powered":0,"LightID":null,"Light_Source":null,"Light_Type":"Decorative","Lighting_Type":null,"Verification_Date":1648771200000},"id":"stl-city-public-streetlights:2:160527","sourceLayerId":2,"sourceObjectId":160527,"sourceURL":"https://maps8.stlouis-mo.gov/arcgis/rest/services/STREETS/Streets_Permitting/MapServer/2","title":"Street light 160527"},"type":"Feature"},{"geometry":{"coordinates":[-90.20326387100185,38.643151649185974],"type":"Point"},"id":"stl-city-public-streetlights:2:160528","properties":{"address":null,"attributes":{"Date_Installed":null,"LED_Powered":0,"LightID":null,"Light_Source":null,"Light_Type":"Decorative","Lighting_Type":null,"Verification_Date":1648771200000},"id":"stl-city-public-streetlights:2:160528","sourceLayerId":2,"sourceObjectId":160528,"sourceURL":"https://maps8.stlouis-mo.gov/arcgis/rest/services/STREETS/Streets_Permitting/MapServer/2","title":"Street light 160528"},"type":"Feature"},{"geometry":{"coordinates":[-90.20548844630855,38.64361837561589],"type":"Point"},"id":"stl-city-public-streetlights:2:160529","properties":{"address":null,"attributes":{"Date_Installed":null,"LED_Powered":0,"LightID":null,"Light_Source":null,"Light_Type":"Decorative","Lighting_Type":null,"Verification_Date":1646092800000},"id":"stl-city-public-streetlights:2:160529","sourceLayerId":2,"sourceObjectId":160529,"sourceURL":"https://maps8.stlouis-mo.gov/arcgis/rest/services/STREETS/Streets_Permitting/MapServer/2","title":"Street light 160529"},"type":"Feature"},{"geometry":{"coordinates":[-90.20581907420086,38.64368753442482],"type":"Point"},"id":"stl-city-public-streetlights:2:160530","properties":{"address":null,"attributes":{"Date_Installed":null,"LED_Powered":0,"LightID":null,"Light_Source":null,"Light_Type":"Decorative","Lighting_Type":null,"Verification_Date":1659312000000},"id":"stl-city-public-streetlights:2:160530","sourceLayerId":2,"sourceObjectId":160530,"sourceURL":"https://maps8.stlouis-mo.gov/arcgis/rest/services/STREETS/Streets_Permitting/MapServer/2","title":"Street light 160530"},"type":"Feature"},{"geometry":{"coordinates":[-90.20614644453033,38.643755112067694],"type":"Point"},"id":"stl-city-public-streetlights:2:160531","properties":{"address":null,"attributes":{"Date_Installed":null,"LED_Powered":0,"LightID":null,"Light_Source":null,"Light_Type":"Decorative","Lighting_Type":null,"Verification_Date":1659312000000},"id":"stl-city-public-streetlights:2:160531","sourceLayerId":2,"sourceObjectId":160531,"sourceURL":"https://maps8.stlouis-mo.gov/arcgis/rest/services/STREETS/Streets_Permitting/MapServer/2","title":"Street light 160531"},"type":"Feature"}],"layerId":"city-streetlights","retrievedAt":"2026-09-13T21:56:18.173251+00:00","schema":"property-infrastructure-geojson-v1","sourceId":"stl-city-public-streetlights","tileId":"-9021_3864","type":"FeatureCollection"}