{"features":[{"geometry":{"coordinates":[-90.26899671694808,38.669852102194035],"type":"Point"},"id":"stl-city-public-streetlights:2:129701","properties":{"address":null,"attributes":{"Date_Installed":"12/23/2018","LED_Powered":1,"LightID":"L022417","Light_Source":"LED","Light_Type":"Cobra","Lighting_Type":"LED-Powered Lamp","Verification_Date":null},"id":"stl-city-public-streetlights:2:129701","sourceLayerId":2,"sourceObjectId":129701,"sourceURL":"https://maps8.stlouis-mo.gov/arcgis/rest/services/STREETS/Streets_Permitting/MapServer/2","title":"Street light L022417"},"type":"Feature"},{"geometry":{"coordinates":[-90.26918569363056,38.66958759887312],"type":"Point"},"id":"stl-city-public-streetlights:2:129702","properties":{"address":null,"attributes":{"Date_Installed":"12/23/2018","LED_Powered":1,"LightID":"L022418","Light_Source":"LED","Light_Type":"Cobra","Lighting_Type":"LED-Powered Lamp","Verification_Date":null},"id":"stl-city-public-streetlights:2:129702","sourceLayerId":2,"sourceObjectId":129702,"sourceURL":"https://maps8.stlouis-mo.gov/arcgis/rest/services/STREETS/Streets_Permitting/MapServer/2","title":"Street light L022418"},"type":"Feature"},{"geometry":{"coordinates":[-90.26938626347147,38.669309887693984],"type":"Point"},"id":"stl-city-public-streetlights:2:129703","properties":{"address":null,"attributes":{"Date_Installed":"12/23/2018","LED_Powered":1,"LightID":"L022419","Light_Source":"LED","Light_Type":"Cobra","Lighting_Type":"LED-Powered Lamp","Verification_Date":null},"id":"stl-city-public-streetlights:2:129703","sourceLayerId":2,"sourceObjectId":129703,"sourceURL":"https://maps8.stlouis-mo.gov/arcgis/rest/services/STREETS/Streets_Permitting/MapServer/2","title":"Street light L022419"},"type":"Feature"},{"geometry":{"coordinates":[-90.2695936049595,38.66902026087623],"type":"Point"},"id":"stl-city-public-streetlights:2:129704","properties":{"address":null,"attributes":{"Date_Installed":"12/23/2018","LED_Powered":1,"LightID":"L022420","Light_Source":"LED","Light_Type":"Cobra","Lighting_Type":"LED-Powered Lamp","Verification_Date":null},"id":"stl-city-public-streetlights:2:129704","sourceLayerId":2,"sourceObjectId":129704,"sourceURL":"https://maps8.stlouis-mo.gov/arcgis/rest/services/STREETS/Streets_Permitting/MapServer/2","title":"Street light L022420"},"type":"Feature"},{"geometry":{"coordinates":[-90.2698068913582,38.66872492385321],"type":"Point"},"id":"stl-city-public-streetlights:2:129705","properties":{"address":null,"attributes":{"Date_Installed":"12/23/2018","LED_Powered":1,"LightID":"L022421","Light_Source":"LED","Light_Type":"Cobra","Lighting_Type":"LED-Powered Lamp","Verification_Date":null},"id":"stl-city-public-streetlights:2:129705","sourceLayerId":2,"sourceObjectId":129705,"sourceURL":"https://maps8.stlouis-mo.gov/arcgis/rest/services/STREETS/Streets_Permitting/MapServer/2","title":"Street light L022421"},"type":"Feature"},{"geometry":{"coordinates":[-90.26488568226505,38.66998886858559],"type":"Point"},"id":"stl-city-public-streetlights:2:129721","properties":{"address":null,"attributes":{"Date_Installed":"6/15/2017","LED_Powered":1,"LightID":"L022437","Light_Source":"LED","Light_Type":"Cobra","Lighting_Type":"LED-Powered Lamp","Verification_Date":null},"id":"stl-city-public-streetlights:2:129721","sourceLayerId":2,"sourceObjectId":129721,"sourceURL":"https://maps8.stlouis-mo.gov/arcgis/rest/services/STREETS/Streets_Permitting/MapServer/2","title":"Street light L022437"},"type":"Feature"},{"geometry":{"coordinates":[-90.26517173638186,38.6695856621295],"type":"Point"},"id":"stl-city-public-streetlights:2:129722","properties":{"address":null,"attributes":{"Date_Installed":"6/15/2017","LED_Powered":1,"LightID":"L022438","Light_Source":"LED","Light_Type":"Cobra","Lighting_Type":"LED-Powered Lamp","Verification_Date":null},"id":"stl-city-public-streetlights:2:129722","sourceLayerId":2,"sourceObjectId":129722,"sourceURL":"https://maps8.stlouis-mo.gov/arcgis/rest/services/STREETS/Streets_Permitting/MapServer/2","title":"Street light L022438"},"type":"Feature"},{"geometry":{"coordinates":[-90.26550241121744,38.66911060784094],"type":"Point"},"id":"stl-city-public-streetlights:2:129723","properties":{"address":null,"attributes":{"Date_Installed":"6/15/2017","LED_Powered":1,"LightID":"L022439","Light_Source":"LED","Light_Type":"Cobra","Lighting_Type":"LED-Powered Lamp","Verification_Date":null},"id":"stl-city-public-streetlights:2:129723","sourceLayerId":2,"sourceObjectId":129723,"sourceURL":"https://maps8.stlouis-mo.gov/arcgis/rest/services/STREETS/Streets_Permitting/MapServer/2","title":"Street light L022439"},"type":"Feature"},{"geometry":{"coordinates":[-90.26581137351523,38.668673002138135],"type":"Point"},"id":"stl-city-public-streetlights:2:129724","properties":{"address":null,"attributes":{"Date_Installed":"6/15/2017","LED_Powered":1,"LightID":"L022440","Light_Source":"LED","Light_Type":"Cobra","Lighting_Type":"LED-Powered Lamp","Verification_Date":null},"id":"stl-city-public-streetlights:2:129724","sourceLayerId":2,"sourceObjectId":129724,"sourceURL":"https://maps8.stlouis-mo.gov/arcgis/rest/services/STREETS/Streets_Permitting/MapServer/2","title":"Street light L022440"},"type":"Feature"},{"geometry":{"coordinates":[-90.2660853031442,38.668275829323406],"type":"Point"},"id":"stl-city-public-streetlights:2:129725","properties":{"address":null,"attributes":{"Date_Installed":"6/15/2017","LED_Powered":1,"LightID":"L022441","Light_Source":"LED","Light_Type":"Cobra","Lighting_Type":"LED-Powered Lamp","Verification_Date":null},"id":"stl-city-public-streetlights:2:129725","sourceLayerId":2,"sourceObjectId":129725,"sourceURL":"https://maps8.stlouis-mo.gov/arcgis/rest/services/STREETS/Streets_Permitting/MapServer/2","title":"Street light L022441"},"type":"Feature"},{"geometry":{"coordinates":[-90.26642645072059,38.6678024139379],"type":"Point"},"id":"stl-city-public-streetlights:2:130142","properties":{"address":null,"attributes":{"Date_Installed":"6/15/2017","LED_Powered":1,"LightID":"L022858","Light_Source":"LED","Light_Type":"Cobra","Lighting_Type":"LED-Powered Lamp","Verification_Date":null},"id":"stl-city-public-streetlights:2:130142","sourceLayerId":2,"sourceObjectId":130142,"sourceURL":"https://maps8.stlouis-mo.gov/arcgis/rest/services/STREETS/Streets_Permitting/MapServer/2","title":"Street light L022858"},"type":"Feature"},{"geometry":{"coordinates":[-90.26673100854266,38.667359910498035],"type":"Point"},"id":"stl-city-public-streetlights:2:130143","properties":{"address":null,"attributes":{"Date_Installed":"6/15/2017","LED_Powered":1,"LightID":"L022859","Light_Source":"LED","Light_Type":"Cobra","Lighting_Type":"LED-Powered Lamp","Verification_Date":null},"id":"stl-city-public-streetlights:2:130143","sourceLayerId":2,"sourceObjectId":130143,"sourceURL":"https://maps8.stlouis-mo.gov/arcgis/rest/services/STREETS/Streets_Permitting/MapServer/2","title":"Street light L022859"},"type":"Feature"},{"geometry":{"coordinates":[-90.26703002464528,38.666937418267615],"type":"Point"},"id":"stl-city-public-streetlights:2:130144","properties":{"address":null,"attributes":{"Date_Installed":"6/15/2017","LED_Powered":1,"LightID":"L022860","Light_Source":"LED","Light_Type":"Cobra","Lighting_Type":"LED-Powered Lamp","Verification_Date":null},"id":"stl-city-public-streetlights:2:130144","sourceLayerId":2,"sourceObjectId":130144,"sourceURL":"https://maps8.stlouis-mo.gov/arcgis/rest/services/STREETS/Streets_Permitting/MapServer/2","title":"Street light L022860"},"type":"Feature"},{"geometry":{"coordinates":[-90.26732050874378,38.66652024691331],"type":"Point"},"id":"stl-city-public-streetlights:2:130145","properties":{"address":null,"attributes":{"Date_Installed":"6/15/2017","LED_Powered":1,"LightID":"L022861","Light_Source":"LED","Light_Type":"Cobra","Lighting_Type":"LED-Powered Lamp","Verification_Date":null},"id":"stl-city-public-streetlights:2:130145","sourceLayerId":2,"sourceObjectId":130145,"sourceURL":"https://maps8.stlouis-mo.gov/arcgis/rest/services/STREETS/Streets_Permitting/MapServer/2","title":"Street light L022861"},"type":"Feature"},{"geometry":{"coordinates":[-90.26764276223531,38.66614904704163],"type":"Point"},"id":"stl-city-public-streetlights:2:130146","properties":{"address":null,"attributes":{"Date_Installed":"6/15/2017","LED_Powered":1,"LightID":"L022862","Light_Source":"LED","Light_Type":"Cobra","Lighting_Type":"LED-Powered Lamp","Verification_Date":null},"id":"stl-city-public-streetlights:2:130146","sourceLayerId":2,"sourceObjectId":130146,"sourceURL":"https://maps8.stlouis-mo.gov/arcgis/rest/services/STREETS/Streets_Permitting/MapServer/2","title":"Street light L022862"},"type":"Feature"},{"geometry":{"coordinates":[-90.26792906410617,38.665725388437046],"type":"Point"},"id":"stl-city-public-streetlights:2:130147","properties":{"address":null,"attributes":{"Date_Installed":"6/15/2017","LED_Powered":1,"LightID":"L022863","Light_Source":"LED","Light_Type":"Cobra","Lighting_Type":"LED-Powered Lamp","Verification_Date":1656633600000},"id":"stl-city-public-streetlights:2:130147","sourceLayerId":2,"sourceObjectId":130147,"sourceURL":"https://maps8.stlouis-mo.gov/arcgis/rest/services/STREETS/Streets_Permitting/MapServer/2","title":"Street light L022863"},"type":"Feature"},{"geometry":{"coordinates":[-90.26750511201463,38.66584414899992],"type":"Point"},"id":"stl-city-public-streetlights:2:130148","properties":{"address":null,"attributes":{"Date_Installed":"6/15/2017","LED_Powered":1,"LightID":"L022864","Light_Source":"LED","Light_Type":"Cobra","Lighting_Type":"LED-Powered Lamp","Verification_Date":null},"id":"stl-city-public-streetlights:2:130148","sourceLayerId":2,"sourceObjectId":130148,"sourceURL":"https://maps8.stlouis-mo.gov/arcgis/rest/services/STREETS/Streets_Permitting/MapServer/2","title":"Street light L022864"},"type":"Feature"},{"geometry":{"coordinates":[-90.26724292129401,38.66625694391243],"type":"Point"},"id":"stl-city-public-streetlights:2:130149","properties":{"address":null,"attributes":{"Date_Installed":"6/15/2017","LED_Powered":1,"LightID":"L022865","Light_Source":"LED","Light_Type":"Cobra","Lighting_Type":"LED-Powered Lamp","Verification_Date":null},"id":"stl-city-public-streetlights:2:130149","sourceLayerId":2,"sourceObjectId":130149,"sourceURL":"https://maps8.stlouis-mo.gov/arcgis/rest/services/STREETS/Streets_Permitting/MapServer/2","title":"Street light L022865"},"type":"Feature"},{"geometry":{"coordinates":[-90.26698067526556,38.66663907195583],"type":"Point"},"id":"stl-city-public-streetlights:2:130150","properties":{"address":null,"attributes":{"Date_Installed":"6/15/2017","LED_Powered":1,"LightID":"L022866","Light_Source":"LED","Light_Type":"Cobra","Lighting_Type":"LED-Powered Lamp","Verification_Date":null},"id":"stl-city-public-streetlights:2:130150","sourceLayerId":2,"sourceObjectId":130150,"sourceURL":"https://maps8.stlouis-mo.gov/arcgis/rest/services/STREETS/Streets_Permitting/MapServer/2","title":"Street light L022866"},"type":"Feature"},{"geometry":{"coordinates":[-90.26667967383392,38.66706459970963],"type":"Point"},"id":"stl-city-public-streetlights:2:130151","properties":{"address":null,"attributes":{"Date_Installed":"6/15/2017","LED_Powered":1,"LightID":"L022867","Light_Source":"LED","Light_Type":"Cobra","Lighting_Type":"LED-Powered Lamp","Verification_Date":null},"id":"stl-city-public-streetlights:2:130151","sourceLayerId":2,"sourceObjectId":130151,"sourceURL":"https://maps8.stlouis-mo.gov/arcgis/rest/services/STREETS/Streets_Permitting/MapServer/2","title":"Street light L022867"},"type":"Feature"},{"geometry":{"coordinates":[-90.26636279089998,38.66751089186842],"type":"Point"},"id":"stl-city-public-streetlights:2:130152","properties":{"address":null,"attributes":{"Date_Installed":"6/15/2017","LED_Powered":1,"LightID":"L022868","Light_Source":"LED","Light_Type":"Cobra","Lighting_Type":"LED-Powered Lamp","Verification_Date":null},"id":"stl-city-public-streetlights:2:130152","sourceLayerId":2,"sourceObjectId":130152,"sourceURL":"https://maps8.stlouis-mo.gov/arcgis/rest/services/STREETS/Streets_Permitting/MapServer/2","title":"Street light L022868"},"type":"Feature"},{"geometry":{"coordinates":[-90.26605354603184,38.667944684211314],"type":"Point"},"id":"stl-city-public-streetlights:2:130153","properties":{"address":null,"attributes":{"Date_Installed":"6/15/2017","LED_Powered":1,"LightID":"L022869","Light_Source":"LED","Light_Type":"Cobra","Lighting_Type":"LED-Powered Lamp","Verification_Date":null},"id":"stl-city-public-streetlights:2:130153","sourceLayerId":2,"sourceObjectId":130153,"sourceURL":"https://maps8.stlouis-mo.gov/arcgis/rest/services/STREETS/Streets_Permitting/MapServer/2","title":"Street light L022869"},"type":"Feature"},{"geometry":{"coordinates":[-90.26575853901687,38.66838145371193],"type":"Point"},"id":"stl-city-public-streetlights:2:130154","properties":{"address":null,"attributes":{"Date_Installed":"6/15/2017","LED_Powered":1,"LightID":"L022870","Light_Source":"LED","Light_Type":"Cobra","Lighting_Type":"LED-Powered Lamp","Verification_Date":null},"id":"stl-city-public-streetlights:2:130154","sourceLayerId":2,"sourceObjectId":130154,"sourceURL":"https://maps8.stlouis-mo.gov/arcgis/rest/services/STREETS/Streets_Permitting/MapServer/2","title":"Street light L022870"},"type":"Feature"},{"geometry":{"coordinates":[-90.26546390332962,38.668798755050766],"type":"Point"},"id":"stl-city-public-streetlights:2:130155","properties":{"address":null,"attributes":{"Date_Installed":"6/15/2017","LED_Powered":1,"LightID":"L022871","Light_Source":"LED","Light_Type":"Cobra","Lighting_Type":"LED-Powered Lamp","Verification_Date":null},"id":"stl-city-public-streetlights:2:130155","sourceLayerId":2,"sourceObjectId":130155,"sourceURL":"https://maps8.stlouis-mo.gov/arcgis/rest/services/STREETS/Streets_Permitting/MapServer/2","title":"Street light L022871"},"type":"Feature"},{"geometry":{"coordinates":[-90.26513644161889,38.66926814373733],"type":"Point"},"id":"stl-city-public-streetlights:2:130156","properties":{"address":null,"attributes":{"Date_Installed":"6/15/2017","LED_Powered":1,"LightID":"L022872","Light_Source":"LED","Light_Type":"Cobra","Lighting_Type":"LED-Powered Lamp","Verification_Date":null},"id":"stl-city-public-streetlights:2:130156","sourceLayerId":2,"sourceObjectId":130156,"sourceURL":"https://maps8.stlouis-mo.gov/arcgis/rest/services/STREETS/Streets_Permitting/MapServer/2","title":"Street light L022872"},"type":"Feature"},{"geometry":{"coordinates":[-90.2648239647044,38.669709148586065],"type":"Point"},"id":"stl-city-public-streetlights:2:130157","properties":{"address":null,"attributes":{"Date_Installed":"6/15/2017","LED_Powered":1,"LightID":"L022873","Light_Source":"LED","Light_Type":"Cobra","Lighting_Type":"LED-Powered Lamp","Verification_Date":null},"id":"stl-city-public-streetlights:2:130157","sourceLayerId":2,"sourceObjectId":130157,"sourceURL":"https://maps8.stlouis-mo.gov/arcgis/rest/services/STREETS/Streets_Permitting/MapServer/2","title":"Street light L022873"},"type":"Feature"},{"geometry":{"coordinates":[-90.26005265127313,38.66910311625761],"type":"Point"},"id":"stl-city-public-streetlights:2:130218","properties":{"address":null,"attributes":{"Date_Installed":null,"LED_Powered":0,"LightID":"L022934","Light_Source":"LED","Light_Type":"Cobra","Lighting_Type":"LED-Powered Lamp","Verification_Date":null},"id":"stl-city-public-streetlights:2:130218","sourceLayerId":2,"sourceObjectId":130218,"sourceURL":"https://maps8.stlouis-mo.gov/arcgis/rest/services/STREETS/Streets_Permitting/MapServer/2","title":"Street light L022934"},"type":"Feature"},{"geometry":{"coordinates":[-90.26041567096844,38.66926350170915],"type":"Point"},"id":"stl-city-public-streetlights:2:130219","properties":{"address":null,"attributes":{"Date_Installed":null,"LED_Powered":0,"LightID":"L022935","Light_Source":"LED","Light_Type":"Cobra","Lighting_Type":"LED-Powered Lamp","Verification_Date":null},"id":"stl-city-public-streetlights:2:130219","sourceLayerId":2,"sourceObjectId":130219,"sourceURL":"https://maps8.stlouis-mo.gov/arcgis/rest/services/STREETS/Streets_Permitting/MapServer/2","title":"Street light L022935"},"type":"Feature"},{"geometry":{"coordinates":[-90.26079228174754,38.669429455170246],"type":"Point"},"id":"stl-city-public-streetlights:2:130220","properties":{"address":null,"attributes":{"Date_Installed":null,"LED_Powered":0,"LightID":"L022936","Light_Source":"LED","Light_Type":"Cobra","Lighting_Type":"LED-Powered Lamp","Verification_Date":null},"id":"stl-city-public-streetlights:2:130220","sourceLayerId":2,"sourceObjectId":130220,"sourceURL":"https://maps8.stlouis-mo.gov/arcgis/rest/services/STREETS/Streets_Permitting/MapServer/2","title":"Street light L022936"},"type":"Feature"},{"geometry":{"coordinates":[-90.26118011295601,38.66960448872347],"type":"Point"},"id":"stl-city-public-streetlights:2:130221","properties":{"address":null,"attributes":{"Date_Installed":null,"LED_Powered":0,"LightID":"L022937","Light_Source":"LED","Light_Type":"Cobra","Lighting_Type":"LED-Powered Lamp","Verification_Date":null},"id":"stl-city-public-streetlights:2:130221","sourceLayerId":2,"sourceObjectId":130221,"sourceURL":"https://maps8.stlouis-mo.gov/arcgis/rest/services/STREETS/Streets_Permitting/MapServer/2","title":"Street light L022937"},"type":"Feature"},{"geometry":{"coordinates":[-90.26155582911724,38.66976614788028],"type":"Point"},"id":"stl-city-public-streetlights:2:130222","properties":{"address":null,"attributes":{"Date_Installed":null,"LED_Powered":0,"LightID":"L022938","Light_Source":"LED","Light_Type":"Cobra","Lighting_Type":"LED-Powered Lamp","Verification_Date":null},"id":"stl-city-public-streetlights:2:130222","sourceLayerId":2,"sourceObjectId":130222,"sourceURL":"https://maps8.stlouis-mo.gov/arcgis/rest/services/STREETS/Streets_Permitting/MapServer/2","title":"Street light L022938"},"type":"Feature"},{"geometry":{"coordinates":[-90.26193152608825,38.66993376514164],"type":"Point"},"id":"stl-city-public-streetlights:2:130223","properties":{"address":null,"attributes":{"Date_Installed":null,"LED_Powered":0,"LightID":"L022939","Light_Source":"LED","Light_Type":"Cobra","Lighting_Type":"LED-Powered Lamp","Verification_Date":null},"id":"stl-city-public-streetlights:2:130223","sourceLayerId":2,"sourceObjectId":130223,"sourceURL":"https://maps8.stlouis-mo.gov/arcgis/rest/services/STREETS/Streets_Permitting/MapServer/2","title":"Street light L022939"},"type":"Feature"},{"geometry":{"coordinates":[-90.2646232198727,38.669838394734725],"type":"Point"},"id":"stl-city-public-streetlights:2:130241","properties":{"address":null,"attributes":{"Date_Installed":null,"LED_Powered":0,"LightID":"L022957","Light_Source":"LED","Light_Type":"Cobra","Lighting_Type":"LED-Powered Lamp","Verification_Date":null},"id":"stl-city-public-streetlights:2:130241","sourceLayerId":2,"sourceObjectId":130241,"sourceURL":"https://maps8.stlouis-mo.gov/arcgis/rest/services/STREETS/Streets_Permitting/MapServer/2","title":"Street light L022957"},"type":"Feature"},{"geometry":{"coordinates":[-90.26409737658956,38.66960684127211],"type":"Point"},"id":"stl-city-public-streetlights:2:130242","properties":{"address":null,"attributes":{"Date_Installed":null,"LED_Powered":0,"LightID":"L022958","Light_Source":"LED","Light_Type":"Cobra","Lighting_Type":"LED-Powered Lamp","Verification_Date":null},"id":"stl-city-public-streetlights:2:130242","sourceLayerId":2,"sourceObjectId":130242,"sourceURL":"https://maps8.stlouis-mo.gov/arcgis/rest/services/STREETS/Streets_Permitting/MapServer/2","title":"Street light L022958"},"type":"Feature"},{"geometry":{"coordinates":[-90.26357927333142,38.66938066495391],"type":"Point"},"id":"stl-city-public-streetlights:2:130243","properties":{"address":null,"attributes":{"Date_Installed":null,"LED_Powered":0,"LightID":"L022959","Light_Source":"LED","Light_Type":"Cobra","Lighting_Type":"LED-Powered Lamp","Verification_Date":null},"id":"stl-city-public-streetlights:2:130243","sourceLayerId":2,"sourceObjectId":130243,"sourceURL":"https://maps8.stlouis-mo.gov/arcgis/rest/services/STREETS/Streets_Permitting/MapServer/2","title":"Street light L022959"},"type":"Feature"},{"geometry":{"coordinates":[-90.26306803511781,38.66915716956412],"type":"Point"},"id":"stl-city-public-streetlights:2:130244","properties":{"address":null,"attributes":{"Date_Installed":null,"LED_Powered":0,"LightID":"L022960","Light_Source":"LED","Light_Type":"Cobra","Lighting_Type":"LED-Powered Lamp","Verification_Date":null},"id":"stl-city-public-streetlights:2:130244","sourceLayerId":2,"sourceObjectId":130244,"sourceURL":"https://maps8.stlouis-mo.gov/arcgis/rest/services/STREETS/Streets_Permitting/MapServer/2","title":"Street light L022960"},"type":"Feature"},{"geometry":{"coordinates":[-90.26257011883523,38.66894258981152],"type":"Point"},"id":"stl-city-public-streetlights:2:130245","properties":{"address":null,"attributes":{"Date_Installed":null,"LED_Powered":0,"LightID":"L022961","Light_Source":"LED","Light_Type":"Cobra","Lighting_Type":"LED-Powered Lamp","Verification_Date":null},"id":"stl-city-public-streetlights:2:130245","sourceLayerId":2,"sourceObjectId":130245,"sourceURL":"https://maps8.stlouis-mo.gov/arcgis/rest/services/STREETS/Streets_Permitting/MapServer/2","title":"Street light L022961"},"type":"Feature"},{"geometry":{"coordinates":[-90.2613163733972,38.665949558760275],"type":"Point"},"id":"stl-city-public-streetlights:2:131074","properties":{"address":null,"attributes":{"Date_Installed":"10/1/2016","LED_Powered":1,"LightID":"L023790","Light_Source":"LED","Light_Type":"Cobra","Lighting_Type":"LED-Powered Lamp","Verification_Date":null},"id":"stl-city-public-streetlights:2:131074","sourceLayerId":2,"sourceObjectId":131074,"sourceURL":"https://maps8.stlouis-mo.gov/arcgis/rest/services/STREETS/Streets_Permitting/MapServer/2","title":"Street light L023790"},"type":"Feature"},{"geometry":{"coordinates":[-90.26131695560534,38.66570530107875],"type":"Point"},"id":"stl-city-public-streetlights:2:131075","properties":{"address":null,"attributes":{"Date_Installed":"10/1/2016","LED_Powered":1,"LightID":"L023791","Light_Source":"LED","Light_Type":"Cobra","Lighting_Type":"LED-Powered Lamp","Verification_Date":null},"id":"stl-city-public-streetlights:2:131075","sourceLayerId":2,"sourceObjectId":131075,"sourceURL":"https://maps8.stlouis-mo.gov/arcgis/rest/services/STREETS/Streets_Permitting/MapServer/2","title":"Street light L023791"},"type":"Feature"},{"geometry":{"coordinates":[-90.2628283908323,38.665175066572],"type":"Point"},"id":"stl-city-public-streetlights:2:131076","properties":{"address":null,"attributes":{"Date_Installed":"10/1/2016","LED_Powered":1,"LightID":"L023792","Light_Source":"LED","Light_Type":"Cobra","Lighting_Type":"LED-Powered Lamp","Verification_Date":null},"id":"stl-city-public-streetlights:2:131076","sourceLayerId":2,"sourceObjectId":131076,"sourceURL":"https://maps8.stlouis-mo.gov/arcgis/rest/services/STREETS/Streets_Permitting/MapServer/2","title":"Street light L023792"},"type":"Feature"},{"geometry":{"coordinates":[-90.26289605775004,38.664845838184675],"type":"Point"},"id":"stl-city-public-streetlights:2:131077","properties":{"address":null,"attributes":{"Date_Installed":"10/1/2016","LED_Powered":1,"LightID":"L023793","Light_Source":"LED","Light_Type":"Cobra","Lighting_Type":"LED-Powered Lamp","Verification_Date":null},"id":"stl-city-public-streetlights:2:131077","sourceLayerId":2,"sourceObjectId":131077,"sourceURL":"https://maps8.stlouis-mo.gov/arcgis/rest/services/STREETS/Streets_Permitting/MapServer/2","title":"Street light L023793"},"type":"Feature"},{"geometry":{"coordinates":[-90.26320396769546,38.66455113359692],"type":"Point"},"id":"stl-city-public-streetlights:2:131078","properties":{"address":null,"attributes":{"Date_Installed":"10/1/2016","LED_Powered":1,"LightID":"L023794","Light_Source":"LED","Light_Type":"Cobra","Lighting_Type":"LED-Powered Lamp","Verification_Date":null},"id":"stl-city-public-streetlights:2:131078","sourceLayerId":2,"sourceObjectId":131078,"sourceURL":"https://maps8.stlouis-mo.gov/arcgis/rest/services/STREETS/Streets_Permitting/MapServer/2","title":"Street light L023794"},"type":"Feature"},{"geometry":{"coordinates":[-90.26325269294335,38.66452644345657],"type":"Point"},"id":"stl-city-public-streetlights:2:131079","properties":{"address":null,"attributes":{"Date_Installed":"10/1/2016","LED_Powered":1,"LightID":"L023795","Light_Source":"LED","Light_Type":"Cobra","Lighting_Type":"LED-Powered Lamp","Verification_Date":null},"id":"stl-city-public-streetlights:2:131079","sourceLayerId":2,"sourceObjectId":131079,"sourceURL":"https://maps8.stlouis-mo.gov/arcgis/rest/services/STREETS/Streets_Permitting/MapServer/2","title":"Street light L023795"},"type":"Feature"},{"geometry":{"coordinates":[-90.26298527028291,38.66419614709982],"type":"Point"},"id":"stl-city-public-streetlights:2:131080","properties":{"address":null,"attributes":{"Date_Installed":"10/1/2016","LED_Powered":1,"LightID":"L023796","Light_Source":"LED","Light_Type":"Cobra","Lighting_Type":"LED-Powered Lamp","Verification_Date":null},"id":"stl-city-public-streetlights:2:131080","sourceLayerId":2,"sourceObjectId":131080,"sourceURL":"https://maps8.stlouis-mo.gov/arcgis/rest/services/STREETS/Streets_Permitting/MapServer/2","title":"Street light L023796"},"type":"Feature"},{"geometry":{"coordinates":[-90.26293139255728,38.6639396818736],"type":"Point"},"id":"stl-city-public-streetlights:2:131081","properties":{"address":null,"attributes":{"Date_Installed":"10/1/2016","LED_Powered":1,"LightID":"L023797","Light_Source":"LED","Light_Type":"Cobra","Lighting_Type":"LED-Powered Lamp","Verification_Date":null},"id":"stl-city-public-streetlights:2:131081","sourceLayerId":2,"sourceObjectId":131081,"sourceURL":"https://maps8.stlouis-mo.gov/arcgis/rest/services/STREETS/Streets_Permitting/MapServer/2","title":"Street light L023797"},"type":"Feature"},{"geometry":{"coordinates":[-90.26278671352078,38.66481415305827],"type":"Point"},"id":"stl-city-public-streetlights:2:131082","properties":{"address":null,"attributes":{"Date_Installed":"10/1/2016","LED_Powered":1,"LightID":"L023798","Light_Source":"LED","Light_Type":"Cobra","Lighting_Type":"LED-Powered Lamp","Verification_Date":null},"id":"stl-city-public-streetlights:2:131082","sourceLayerId":2,"sourceObjectId":131082,"sourceURL":"https://maps8.stlouis-mo.gov/arcgis/rest/services/STREETS/Streets_Permitting/MapServer/2","title":"Street light L023798"},"type":"Feature"},{"geometry":{"coordinates":[-90.26243016291217,38.66465132047662],"type":"Point"},"id":"stl-city-public-streetlights:2:131083","properties":{"address":null,"attributes":{"Date_Installed":"10/1/2016","LED_Powered":1,"LightID":"L023799","Light_Source":"LED","Light_Type":"Cobra","Lighting_Type":"LED-Powered Lamp","Verification_Date":null},"id":"stl-city-public-streetlights:2:131083","sourceLayerId":2,"sourceObjectId":131083,"sourceURL":"https://maps8.stlouis-mo.gov/arcgis/rest/services/STREETS/Streets_Permitting/MapServer/2","title":"Street light L023799"},"type":"Feature"},{"geometry":{"coordinates":[-90.26201098335767,38.66463163805099],"type":"Point"},"id":"stl-city-public-streetlights:2:131084","properties":{"address":null,"attributes":{"Date_Installed":"10/1/2016","LED_Powered":1,"LightID":"L023800","Light_Source":"LED","Light_Type":"Cobra","Lighting_Type":"LED-Powered Lamp","Verification_Date":null},"id":"stl-city-public-streetlights:2:131084","sourceLayerId":2,"sourceObjectId":131084,"sourceURL":"https://maps8.stlouis-mo.gov/arcgis/rest/services/STREETS/Streets_Permitting/MapServer/2","title":"Street light L023800"},"type":"Feature"},{"geometry":{"coordinates":[-90.26148041186273,38.664648195783336],"type":"Point"},"id":"stl-city-public-streetlights:2:131085","properties":{"address":null,"attributes":{"Date_Installed":"10/1/2016","LED_Powered":1,"LightID":"L023801","Light_Source":"LED","Light_Type":"Cobra","Lighting_Type":"LED-Powered Lamp","Verification_Date":null},"id":"stl-city-public-streetlights:2:131085","sourceLayerId":2,"sourceObjectId":131085,"sourceURL":"https://maps8.stlouis-mo.gov/arcgis/rest/services/STREETS/Streets_Permitting/MapServer/2","title":"Street light L023801"},"type":"Feature"},{"geometry":{"coordinates":[-90.2610135383263,38.66443438788005],"type":"Point"},"id":"stl-city-public-streetlights:2:131086","properties":{"address":null,"attributes":{"Date_Installed":"10/1/2016","LED_Powered":1,"LightID":"L023802","Light_Source":"LED","Light_Type":"Cobra","Lighting_Type":"LED-Powered Lamp","Verification_Date":null},"id":"stl-city-public-streetlights:2:131086","sourceLayerId":2,"sourceObjectId":131086,"sourceURL":"https://maps8.stlouis-mo.gov/arcgis/rest/services/STREETS/Streets_Permitting/MapServer/2","title":"Street light L023802"},"type":"Feature"},{"geometry":{"coordinates":[-90.26201670315105,38.66423489063514],"type":"Point"},"id":"stl-city-public-streetlights:2:131087","properties":{"address":null,"attributes":{"Date_Installed":"10/1/2016","LED_Powered":1,"LightID":"L023803","Light_Source":"LED","Light_Type":"Cobra","Lighting_Type":"LED-Powered Lamp","Verification_Date":null},"id":"stl-city-public-streetlights:2:131087","sourceLayerId":2,"sourceObjectId":131087,"sourceURL":"https://maps8.stlouis-mo.gov/arcgis/rest/services/STREETS/Streets_Permitting/MapServer/2","title":"Street light L023803"},"type":"Feature"},{"geometry":{"coordinates":[-90.26170541778014,38.66436405289966],"type":"Point"},"id":"stl-city-public-streetlights:2:131088","properties":{"address":null,"attributes":{"Date_Installed":"10/1/2016","LED_Powered":1,"LightID":"L023804","Light_Source":"LED","Light_Type":"Cobra","Lighting_Type":"LED-Powered Lamp","Verification_Date":null},"id":"stl-city-public-streetlights:2:131088","sourceLayerId":2,"sourceObjectId":131088,"sourceURL":"https://maps8.stlouis-mo.gov/arcgis/rest/services/STREETS/Streets_Permitting/MapServer/2","title":"Street light L023804"},"type":"Feature"},{"geometry":{"coordinates":[-90.26227077934735,38.663892168929905],"type":"Point"},"id":"stl-city-public-streetlights:2:131089","properties":{"address":null,"attributes":{"Date_Installed":"10/1/2016","LED_Powered":1,"LightID":"L023805","Light_Source":"LED","Light_Type":"Cobra","Lighting_Type":"LED-Powered Lamp","Verification_Date":null},"id":"stl-city-public-streetlights:2:131089","sourceLayerId":2,"sourceObjectId":131089,"sourceURL":"https://maps8.stlouis-mo.gov/arcgis/rest/services/STREETS/Streets_Permitting/MapServer/2","title":"Street light L023805"},"type":"Feature"},{"geometry":{"coordinates":[-90.26235736570992,38.66358819772936],"type":"Point"},"id":"stl-city-public-streetlights:2:131090","properties":{"address":null,"attributes":{"Date_Installed":"10/1/2016","LED_Powered":1,"LightID":"L023806","Light_Source":"LED","Light_Type":"Cobra","Lighting_Type":"LED-Powered Lamp","Verification_Date":null},"id":"stl-city-public-streetlights:2:131090","sourceLayerId":2,"sourceObjectId":131090,"sourceURL":"https://maps8.stlouis-mo.gov/arcgis/rest/services/STREETS/Streets_Permitting/MapServer/2","title":"Street light L023806"},"type":"Feature"},{"geometry":{"coordinates":[-90.26176532057018,38.6633963056206],"type":"Point"},"id":"stl-city-public-streetlights:2:131091","properties":{"address":null,"attributes":{"Date_Installed":"10/1/2016","LED_Powered":1,"LightID":"L023807","Light_Source":"LED","Light_Type":"Cobra","Lighting_Type":"LED-Powered Lamp","Verification_Date":null},"id":"stl-city-public-streetlights:2:131091","sourceLayerId":2,"sourceObjectId":131091,"sourceURL":"https://maps8.stlouis-mo.gov/arcgis/rest/services/STREETS/Streets_Permitting/MapServer/2","title":"Street light L023807"},"type":"Feature"},{"geometry":{"coordinates":[-90.2615488701006,38.66362608774519],"type":"Point"},"id":"stl-city-public-streetlights:2:131092","properties":{"address":null,"attributes":{"Date_Installed":"10/1/2016","LED_Powered":1,"LightID":"L023808","Light_Source":"LED","Light_Type":"Cobra","Lighting_Type":"LED-Powered Lamp","Verification_Date":null},"id":"stl-city-public-streetlights:2:131092","sourceLayerId":2,"sourceObjectId":131092,"sourceURL":"https://maps8.stlouis-mo.gov/arcgis/rest/services/STREETS/Streets_Permitting/MapServer/2","title":"Street light L023808"},"type":"Feature"},{"geometry":{"coordinates":[-90.26147758579077,38.66394486857592],"type":"Point"},"id":"stl-city-public-streetlights:2:131093","properties":{"address":null,"attributes":{"Date_Installed":"10/1/2016","LED_Powered":1,"LightID":"L023809","Light_Source":"LED","Light_Type":"Cobra","Lighting_Type":"LED-Powered Lamp","Verification_Date":null},"id":"stl-city-public-streetlights:2:131093","sourceLayerId":2,"sourceObjectId":131093,"sourceURL":"https://maps8.stlouis-mo.gov/arcgis/rest/services/STREETS/Streets_Permitting/MapServer/2","title":"Street light L023809"},"type":"Feature"},{"geometry":{"coordinates":[-90.2612364300564,38.66414642812079],"type":"Point"},"id":"stl-city-public-streetlights:2:131094","properties":{"address":null,"attributes":{"Date_Installed":"10/1/2016","LED_Powered":1,"LightID":"L023810","Light_Source":"LED","Light_Type":"Cobra","Lighting_Type":"LED-Powered Lamp","Verification_Date":null},"id":"stl-city-public-streetlights:2:131094","sourceLayerId":2,"sourceObjectId":131094,"sourceURL":"https://maps8.stlouis-mo.gov/arcgis/rest/services/STREETS/Streets_Permitting/MapServer/2","title":"Street light L023810"},"type":"Feature"},{"geometry":{"coordinates":[-90.26220476025499,38.66358809389509],"type":"Point"},"id":"stl-city-public-streetlights:2:131095","properties":{"address":null,"attributes":{"Date_Installed":"10/1/2016","LED_Powered":1,"LightID":"L023811","Light_Source":"LED","Light_Type":"Cobra","Lighting_Type":"LED-Powered Lamp","Verification_Date":null},"id":"stl-city-public-streetlights:2:131095","sourceLayerId":2,"sourceObjectId":131095,"sourceURL":"https://maps8.stlouis-mo.gov/arcgis/rest/services/STREETS/Streets_Permitting/MapServer/2","title":"Street light L023811"},"type":"Feature"},{"geometry":{"coordinates":[-90.26314242470909,38.66542168969106],"type":"Point"},"id":"stl-city-public-streetlights:2:131096","properties":{"address":null,"attributes":{"Date_Installed":"10/1/2016","LED_Powered":1,"LightID":"L023812","Light_Source":"LED","Light_Type":"Cobra","Lighting_Type":"LED-Powered Lamp","Verification_Date":null},"id":"stl-city-public-streetlights:2:131096","sourceLayerId":2,"sourceObjectId":131096,"sourceURL":"https://maps8.stlouis-mo.gov/arcgis/rest/services/STREETS/Streets_Permitting/MapServer/2","title":"Street light L023812"},"type":"Feature"},{"geometry":{"coordinates":[-90.26350655249772,38.665634662477345],"type":"Point"},"id":"stl-city-public-streetlights:2:131097","properties":{"address":null,"attributes":{"Date_Installed":"10/1/2016","LED_Powered":1,"LightID":"L023813","Light_Source":"LED","Light_Type":"Cobra","Lighting_Type":"LED-Powered Lamp","Verification_Date":null},"id":"stl-city-public-streetlights:2:131097","sourceLayerId":2,"sourceObjectId":131097,"sourceURL":"https://maps8.stlouis-mo.gov/arcgis/rest/services/STREETS/Streets_Permitting/MapServer/2","title":"Street light L023813"},"type":"Feature"},{"geometry":{"coordinates":[-90.26390985883967,38.665805666181406],"type":"Point"},"id":"stl-city-public-streetlights:2:131098","properties":{"address":null,"attributes":{"Date_Installed":"10/1/2016","LED_Powered":1,"LightID":"L023814","Light_Source":"LED","Light_Type":"Cobra","Lighting_Type":"LED-Powered Lamp","Verification_Date":null},"id":"stl-city-public-streetlights:2:131098","sourceLayerId":2,"sourceObjectId":131098,"sourceURL":"https://maps8.stlouis-mo.gov/arcgis/rest/services/STREETS/Streets_Permitting/MapServer/2","title":"Street light L023814"},"type":"Feature"},{"geometry":{"coordinates":[-90.26288418258649,38.666655785810576],"type":"Point"},"id":"stl-city-public-streetlights:2:131099","properties":{"address":null,"attributes":{"Date_Installed":"10/1/2016","LED_Powered":1,"LightID":"L023815","Light_Source":"LED","Light_Type":"Cobra","Lighting_Type":"LED-Powered Lamp","Verification_Date":null},"id":"stl-city-public-streetlights:2:131099","sourceLayerId":2,"sourceObjectId":131099,"sourceURL":"https://maps8.stlouis-mo.gov/arcgis/rest/services/STREETS/Streets_Permitting/MapServer/2","title":"Street light L023815"},"type":"Feature"},{"geometry":{"coordinates":[-90.26341616725472,38.666860898235605],"type":"Point"},"id":"stl-city-public-streetlights:2:131100","properties":{"address":null,"attributes":{"Date_Installed":"10/1/2016","LED_Powered":1,"LightID":"L023816","Light_Source":"LED","Light_Type":"Cobra","Lighting_Type":"LED-Powered Lamp","Verification_Date":null},"id":"stl-city-public-streetlights:2:131100","sourceLayerId":2,"sourceObjectId":131100,"sourceURL":"https://maps8.stlouis-mo.gov/arcgis/rest/services/STREETS/Streets_Permitting/MapServer/2","title":"Street light L023816"},"type":"Feature"},{"geometry":{"coordinates":[-90.26373606927338,38.66668770099995],"type":"Point"},"id":"stl-city-public-streetlights:2:131101","properties":{"address":null,"attributes":{"Date_Installed":"10/1/2016","LED_Powered":1,"LightID":"L023817","Light_Source":"LED","Light_Type":"Cobra","Lighting_Type":"LED-Powered Lamp","Verification_Date":null},"id":"stl-city-public-streetlights:2:131101","sourceLayerId":2,"sourceObjectId":131101,"sourceURL":"https://maps8.stlouis-mo.gov/arcgis/rest/services/STREETS/Streets_Permitting/MapServer/2","title":"Street light L023817"},"type":"Feature"},{"geometry":{"coordinates":[-90.26392311167326,38.666390606308866],"type":"Point"},"id":"stl-city-public-streetlights:2:131102","properties":{"address":null,"attributes":{"Date_Installed":"10/1/2016","LED_Powered":1,"LightID":"L023818","Light_Source":"LED","Light_Type":"Cobra","Lighting_Type":"LED-Powered Lamp","Verification_Date":null},"id":"stl-city-public-streetlights:2:131102","sourceLayerId":2,"sourceObjectId":131102,"sourceURL":"https://maps8.stlouis-mo.gov/arcgis/rest/services/STREETS/Streets_Permitting/MapServer/2","title":"Street light L023818"},"type":"Feature"},{"geometry":{"coordinates":[-90.26419132383916,38.66609438936943],"type":"Point"},"id":"stl-city-public-streetlights:2:131103","properties":{"address":null,"attributes":{"Date_Installed":"10/1/2016","LED_Powered":1,"LightID":"L023819","Light_Source":"LED","Light_Type":"Cobra","Lighting_Type":"LED-Powered Lamp (Twin Lights)","Verification_Date":null},"id":"stl-city-public-streetlights:2:131103","sourceLayerId":2,"sourceObjectId":131103,"sourceURL":"https://maps8.stlouis-mo.gov/arcgis/rest/services/STREETS/Streets_Permitting/MapServer/2","title":"Street light L023819"},"type":"Feature"},{"geometry":{"coordinates":[-90.26438960803875,38.66580663351867],"type":"Point"},"id":"stl-city-public-streetlights:2:131104","properties":{"address":null,"attributes":{"Date_Installed":"10/1/2016","LED_Powered":1,"LightID":"L023820","Light_Source":"LED","Light_Type":"Cobra","Lighting_Type":"LED-Powered Lamp (Twin Lights)","Verification_Date":null},"id":"stl-city-public-streetlights:2:131104","sourceLayerId":2,"sourceObjectId":131104,"sourceURL":"https://maps8.stlouis-mo.gov/arcgis/rest/services/STREETS/Streets_Permitting/MapServer/2","title":"Street light L023820"},"type":"Feature"},{"geometry":{"coordinates":[-90.26472138039482,38.66561499200815],"type":"Point"},"id":"stl-city-public-streetlights:2:131105","properties":{"address":null,"attributes":{"Date_Installed":"10/1/2016","LED_Powered":1,"LightID":"L023821","Light_Source":"LED","Light_Type":"Cobra","Lighting_Type":"LED-Powered Lamp","Verification_Date":null},"id":"stl-city-public-streetlights:2:131105","sourceLayerId":2,"sourceObjectId":131105,"sourceURL":"https://maps8.stlouis-mo.gov/arcgis/rest/services/STREETS/Streets_Permitting/MapServer/2","title":"Street light L023821"},"type":"Feature"},{"geometry":{"coordinates":[-90.2643925704315,38.665459110288374],"type":"Point"},"id":"stl-city-public-streetlights:2:131106","properties":{"address":null,"attributes":{"Date_Installed":"10/1/2016","LED_Powered":1,"LightID":"L023822","Light_Source":"LED","Light_Type":"Cobra","Lighting_Type":"LED-Powered Lamp","Verification_Date":null},"id":"stl-city-public-streetlights:2:131106","sourceLayerId":2,"sourceObjectId":131106,"sourceURL":"https://maps8.stlouis-mo.gov/arcgis/rest/services/STREETS/Streets_Permitting/MapServer/2","title":"Street light L023822"},"type":"Feature"},{"geometry":{"coordinates":[-90.26464244739654,38.66534119913995],"type":"Point"},"id":"stl-city-public-streetlights:2:131107","properties":{"address":null,"attributes":{"Date_Installed":"10/1/2016","LED_Powered":1,"LightID":"L023823","Light_Source":"LED","Light_Type":"Cobra","Lighting_Type":"LED-Powered Lamp","Verification_Date":null},"id":"stl-city-public-streetlights:2:131107","sourceLayerId":2,"sourceObjectId":131107,"sourceURL":"https://maps8.stlouis-mo.gov/arcgis/rest/services/STREETS/Streets_Permitting/MapServer/2","title":"Street light L023823"},"type":"Feature"},{"geometry":{"coordinates":[-90.2649338506026,38.66531890262184],"type":"Point"},"id":"stl-city-public-streetlights:2:131108","properties":{"address":null,"attributes":{"Date_Installed":"10/1/2016","LED_Powered":1,"LightID":"L023824","Light_Source":"LED","Light_Type":"Cobra","Lighting_Type":"LED-Powered Lamp","Verification_Date":null},"id":"stl-city-public-streetlights:2:131108","sourceLayerId":2,"sourceObjectId":131108,"sourceURL":"https://maps8.stlouis-mo.gov/arcgis/rest/services/STREETS/Streets_Permitting/MapServer/2","title":"Street light L023824"},"type":"Feature"},{"geometry":{"coordinates":[-90.26440456961564,38.66513734894565],"type":"Point"},"id":"stl-city-public-streetlights:2:131109","properties":{"address":null,"attributes":{"Date_Installed":"10/1/2016","LED_Powered":1,"LightID":"L023825","Light_Source":"LED","Light_Type":"Cobra","Lighting_Type":"LED-Powered Lamp","Verification_Date":null},"id":"stl-city-public-streetlights:2:131109","sourceLayerId":2,"sourceObjectId":131109,"sourceURL":"https://maps8.stlouis-mo.gov/arcgis/rest/services/STREETS/Streets_Permitting/MapServer/2","title":"Street light L023825"},"type":"Feature"},{"geometry":{"coordinates":[-90.26460908462407,38.664922035524825],"type":"Point"},"id":"stl-city-public-streetlights:2:131110","properties":{"address":null,"attributes":{"Date_Installed":"10/1/2016","LED_Powered":1,"LightID":"L023826","Light_Source":"LED","Light_Type":"Cobra","Lighting_Type":"LED-Powered Lamp","Verification_Date":null},"id":"stl-city-public-streetlights:2:131110","sourceLayerId":2,"sourceObjectId":131110,"sourceURL":"https://maps8.stlouis-mo.gov/arcgis/rest/services/STREETS/Streets_Permitting/MapServer/2","title":"Street light L023826"},"type":"Feature"},{"geometry":{"coordinates":[-90.26478534921243,38.664571048306335],"type":"Point"},"id":"stl-city-public-streetlights:2:131111","properties":{"address":null,"attributes":{"Date_Installed":"10/1/2016","LED_Powered":1,"LightID":"L023827","Light_Source":"LED","Light_Type":"Cobra","Lighting_Type":"LED-Powered Lamp","Verification_Date":null},"id":"stl-city-public-streetlights:2:131111","sourceLayerId":2,"sourceObjectId":131111,"sourceURL":"https://maps8.stlouis-mo.gov/arcgis/rest/services/STREETS/Streets_Permitting/MapServer/2","title":"Street light L023827"},"type":"Feature"},{"geometry":{"coordinates":[-90.26439895924739,38.66462276709155],"type":"Point"},"id":"stl-city-public-streetlights:2:131112","properties":{"address":null,"attributes":{"Date_Installed":"10/1/2016","LED_Powered":1,"LightID":"L023828","Light_Source":"LED","Light_Type":"Cobra","Lighting_Type":"LED-Powered Lamp (Twin Lights)","Verification_Date":null},"id":"stl-city-public-streetlights:2:131112","sourceLayerId":2,"sourceObjectId":131112,"sourceURL":"https://maps8.stlouis-mo.gov/arcgis/rest/services/STREETS/Streets_Permitting/MapServer/2","title":"Street light L023828"},"type":"Feature"},{"geometry":{"coordinates":[-90.26421733152203,38.664383564612365],"type":"Point"},"id":"stl-city-public-streetlights:2:131113","properties":{"address":null,"attributes":{"Date_Installed":"10/1/2016","LED_Powered":1,"LightID":"L023829","Light_Source":"LED","Light_Type":"Cobra","Lighting_Type":"LED-Powered Lamp","Verification_Date":null},"id":"stl-city-public-streetlights:2:131113","sourceLayerId":2,"sourceObjectId":131113,"sourceURL":"https://maps8.stlouis-mo.gov/arcgis/rest/services/STREETS/Streets_Permitting/MapServer/2","title":"Street light L023829"},"type":"Feature"},{"geometry":{"coordinates":[-90.26371222487593,38.664607937945256],"type":"Point"},"id":"stl-city-public-streetlights:2:131114","properties":{"address":null,"attributes":{"Date_Installed":"10/1/2016","LED_Powered":1,"LightID":"L023830","Light_Source":"LED","Light_Type":"Cobra","Lighting_Type":"LED-Powered Lamp","Verification_Date":null},"id":"stl-city-public-streetlights:2:131114","sourceLayerId":2,"sourceObjectId":131114,"sourceURL":"https://maps8.stlouis-mo.gov/arcgis/rest/services/STREETS/Streets_Permitting/MapServer/2","title":"Street light L023830"},"type":"Feature"},{"geometry":{"coordinates":[-90.2639844915433,38.66474206464176],"type":"Point"},"id":"stl-city-public-streetlights:2:131115","properties":{"address":null,"attributes":{"Date_Installed":"10/1/2016","LED_Powered":1,"LightID":"L023831","Light_Source":"LED","Light_Type":"Cobra","Lighting_Type":"LED-Powered Lamp","Verification_Date":null},"id":"stl-city-public-streetlights:2:131115","sourceLayerId":2,"sourceObjectId":131115,"sourceURL":"https://maps8.stlouis-mo.gov/arcgis/rest/services/STREETS/Streets_Permitting/MapServer/2","title":"Street light L023831"},"type":"Feature"},{"geometry":{"coordinates":[-90.26354140515762,38.664965847941474],"type":"Point"},"id":"stl-city-public-streetlights:2:131116","properties":{"address":null,"attributes":{"Date_Installed":"10/1/2016","LED_Powered":1,"LightID":"L023832","Light_Source":"LED","Light_Type":"Cobra","Lighting_Type":"LED-Powered Lamp","Verification_Date":null},"id":"stl-city-public-streetlights:2:131116","sourceLayerId":2,"sourceObjectId":131116,"sourceURL":"https://maps8.stlouis-mo.gov/arcgis/rest/services/STREETS/Streets_Permitting/MapServer/2","title":"Street light L023832"},"type":"Feature"},{"geometry":{"coordinates":[-90.26340739935624,38.66527778066557],"type":"Point"},"id":"stl-city-public-streetlights:2:131117","properties":{"address":null,"attributes":{"Date_Installed":"10/1/2016","LED_Powered":1,"LightID":"L023833","Light_Source":"LED","Light_Type":"Cobra","Lighting_Type":"LED-Powered Lamp","Verification_Date":null},"id":"stl-city-public-streetlights:2:131117","sourceLayerId":2,"sourceObjectId":131117,"sourceURL":"https://maps8.stlouis-mo.gov/arcgis/rest/services/STREETS/Streets_Permitting/MapServer/2","title":"Street light L023833"},"type":"Feature"},{"geometry":{"coordinates":[-90.26322229646368,38.665119459255905],"type":"Point"},"id":"stl-city-public-streetlights:2:131118","properties":{"address":null,"attributes":{"Date_Installed":"10/1/2016","LED_Powered":1,"LightID":"L023834","Light_Source":"LED","Light_Type":"Cobra","Lighting_Type":"LED-Powered Lamp","Verification_Date":null},"id":"stl-city-public-streetlights:2:131118","sourceLayerId":2,"sourceObjectId":131118,"sourceURL":"https://maps8.stlouis-mo.gov/arcgis/rest/services/STREETS/Streets_Permitting/MapServer/2","title":"Street light L023834"},"type":"Feature"},{"geometry":{"coordinates":[-90.2699277330874,38.667061211258975],"type":"Point"},"id":"stl-city-public-streetlights:2:131123","properties":{"address":null,"attributes":{"Date_Installed":"Sept 2016","LED_Powered":1,"LightID":"L023839","Light_Source":"LED","Light_Type":"Cobra","Lighting_Type":"LED-Powered Lamp","Verification_Date":1656633600000},"id":"stl-city-public-streetlights:2:131123","sourceLayerId":2,"sourceObjectId":131123,"sourceURL":"https://maps8.stlouis-mo.gov/arcgis/rest/services/STREETS/Streets_Permitting/MapServer/2","title":"Street light L023839"},"type":"Feature"},{"geometry":{"coordinates":[-90.26940054273669,38.66677700231073],"type":"Point"},"id":"stl-city-public-streetlights:2:131124","properties":{"address":null,"attributes":{"Date_Installed":"Sept 2016","LED_Powered":1,"LightID":"L023840","Light_Source":"LED","Light_Type":"Cobra","Lighting_Type":"LED-Powered Lamp","Verification_Date":1656633600000},"id":"stl-city-public-streetlights:2:131124","sourceLayerId":2,"sourceObjectId":131124,"sourceURL":"https://maps8.stlouis-mo.gov/arcgis/rest/services/STREETS/Streets_Permitting/MapServer/2","title":"Street light L023840"},"type":"Feature"},{"geometry":{"coordinates":[-90.26885517284762,38.66647440041367],"type":"Point"},"id":"stl-city-public-streetlights:2:131125","properties":{"address":null,"attributes":{"Date_Installed":"Sept 2016","LED_Powered":1,"LightID":"L023841","Light_Source":"LED","Light_Type":"Cobra","Lighting_Type":"LED-Powered Lamp","Verification_Date":1656633600000},"id":"stl-city-public-streetlights:2:131125","sourceLayerId":2,"sourceObjectId":131125,"sourceURL":"https://maps8.stlouis-mo.gov/arcgis/rest/services/STREETS/Streets_Permitting/MapServer/2","title":"Street light L023841"},"type":"Feature"},{"geometry":{"coordinates":[-90.26832662404449,38.66619006410392],"type":"Point"},"id":"stl-city-public-streetlights:2:131126","properties":{"address":null,"attributes":{"Date_Installed":"Sept 2016","LED_Powered":1,"LightID":"L023842","Light_Source":"LED","Light_Type":"Cobra","Lighting_Type":"LED-Powered Lamp","Verification_Date":1656633600000},"id":"stl-city-public-streetlights:2:131126","sourceLayerId":2,"sourceObjectId":131126,"sourceURL":"https://maps8.stlouis-mo.gov/arcgis/rest/services/STREETS/Streets_Permitting/MapServer/2","title":"Street light L023842"},"type":"Feature"},{"geometry":{"coordinates":[-90.26783093009116,38.66594706378271],"type":"Point"},"id":"stl-city-public-streetlights:2:131127","properties":{"address":null,"attributes":{"Date_Installed":"Sept 2016","LED_Powered":1,"LightID":"L023843","Light_Source":"LED","Light_Type":"Cobra","Lighting_Type":"LED-Powered Lamp","Verification_Date":null},"id":"stl-city-public-streetlights:2:131127","sourceLayerId":2,"sourceObjectId":131127,"sourceURL":"https://maps8.stlouis-mo.gov/arcgis/rest/services/STREETS/Streets_Permitting/MapServer/2","title":"Street light L023843"},"type":"Feature"},{"geometry":{"coordinates":[-90.26724785137213,38.665620706039434],"type":"Point"},"id":"stl-city-public-streetlights:2:131128","properties":{"address":null,"attributes":{"Date_Installed":null,"LED_Powered":0,"LightID":"L023844","Light_Source":"High Pressure Sodium","Light_Type":"Cobra","Lighting_Type":"400-W High Pressure Sodium Vapor Lamp","Verification_Date":1656633600000},"id":"stl-city-public-streetlights:2:131128","sourceLayerId":2,"sourceObjectId":131128,"sourceURL":"https://maps8.stlouis-mo.gov/arcgis/rest/services/STREETS/Streets_Permitting/MapServer/2","title":"Street light L023844"},"type":"Feature"},{"geometry":{"coordinates":[-90.2667591778231,38.665334463613526],"type":"Point"},"id":"stl-city-public-streetlights:2:131129","properties":{"address":null,"attributes":{"Date_Installed":null,"LED_Powered":0,"LightID":"L023845","Light_Source":"High Pressure Sodium","Light_Type":"Cobra","Lighting_Type":"400-W High Pressure Sodium Vapor Lamp","Verification_Date":1656633600000},"id":"stl-city-public-streetlights:2:131129","sourceLayerId":2,"sourceObjectId":131129,"sourceURL":"https://maps8.stlouis-mo.gov/arcgis/rest/services/STREETS/Streets_Permitting/MapServer/2","title":"Street light L023845"},"type":"Feature"},{"geometry":{"coordinates":[-90.26623959818015,38.66505502212432],"type":"Point"},"id":"stl-city-public-streetlights:2:131130","properties":{"address":null,"attributes":{"Date_Installed":null,"LED_Powered":0,"LightID":"L023846","Light_Source":"High Pressure Sodium","Light_Type":"Cobra","Lighting_Type":"400-W High Pressure Sodium Vapor Lamp","Verification_Date":1656633600000},"id":"stl-city-public-streetlights:2:131130","sourceLayerId":2,"sourceObjectId":131130,"sourceURL":"https://maps8.stlouis-mo.gov/arcgis/rest/services/STREETS/Streets_Permitting/MapServer/2","title":"Street light L023846"},"type":"Feature"},{"geometry":{"coordinates":[-90.26573120971113,38.66477560073256],"type":"Point"},"id":"stl-city-public-streetlights:2:131131","properties":{"address":null,"attributes":{"Date_Installed":null,"LED_Powered":0,"LightID":"L023847","Light_Source":"High Pressure Sodium","Light_Type":"Cobra","Lighting_Type":"400-W High Pressure Sodium Vapor Lamp","Verification_Date":1656633600000},"id":"stl-city-public-streetlights:2:131131","sourceLayerId":2,"sourceObjectId":131131,"sourceURL":"https://maps8.stlouis-mo.gov/arcgis/rest/services/STREETS/Streets_Permitting/MapServer/2","title":"Street light L023847"},"type":"Feature"},{"geometry":{"coordinates":[-90.26520424962881,38.66452397991555],"type":"Point"},"id":"stl-city-public-streetlights:2:131132","properties":{"address":null,"attributes":{"Date_Installed":null,"LED_Powered":0,"LightID":"L023848","Light_Source":"High Pressure Sodium","Light_Type":"Cobra","Lighting_Type":"400-W High Pressure Sodium Vapor Lamp","Verification_Date":1659312000000},"id":"stl-city-public-streetlights:2:131132","sourceLayerId":2,"sourceObjectId":131132,"sourceURL":"https://maps8.stlouis-mo.gov/arcgis/rest/services/STREETS/Streets_Permitting/MapServer/2","title":"Street light L023848"},"type":"Feature"},{"geometry":{"coordinates":[-90.26465416713164,38.6642787938723],"type":"Point"},"id":"stl-city-public-streetlights:2:131133","properties":{"address":null,"attributes":{"Date_Installed":null,"LED_Powered":0,"LightID":"L023849","Light_Source":"High Pressure Sodium","Light_Type":"Cobra","Lighting_Type":"400-W High Pressure Sodium Vapor Lamp","Verification_Date":1659312000000},"id":"stl-city-public-streetlights:2:131133","sourceLayerId":2,"sourceObjectId":131133,"sourceURL":"https://maps8.stlouis-mo.gov/arcgis/rest/services/STREETS/Streets_Permitting/MapServer/2","title":"Street light L023849"},"type":"Feature"},{"geometry":{"coordinates":[-90.26408552617133,38.66405759533158],"type":"Point"},"id":"stl-city-public-streetlights:2:131134","properties":{"address":null,"attributes":{"Date_Installed":null,"LED_Powered":0,"LightID":"L023850","Light_Source":"High Pressure Sodium","Light_Type":"Cobra","Lighting_Type":"400-W High Pressure Sodium Vapor Lamp","Verification_Date":1659312000000},"id":"stl-city-public-streetlights:2:131134","sourceLayerId":2,"sourceObjectId":131134,"sourceURL":"https://maps8.stlouis-mo.gov/arcgis/rest/services/STREETS/Streets_Permitting/MapServer/2","title":"Street light L023850"},"type":"Feature"},{"geometry":{"coordinates":[-90.26356798364806,38.6638564924773],"type":"Point"},"id":"stl-city-public-streetlights:2:131135","properties":{"address":null,"attributes":{"Date_Installed":null,"LED_Powered":0,"LightID":"L023851","Light_Source":"High Pressure Sodium","Light_Type":"Cobra","Lighting_Type":"400-W High Pressure Sodium Vapor Lamp","Verification_Date":1659312000000},"id":"stl-city-public-streetlights:2:131135","sourceLayerId":2,"sourceObjectId":131135,"sourceURL":"https://maps8.stlouis-mo.gov/arcgis/rest/services/STREETS/Streets_Permitting/MapServer/2","title":"Street light L023851"},"type":"Feature"},{"geometry":{"coordinates":[-90.26294471178694,38.66363799951954],"type":"Point"},"id":"stl-city-public-streetlights:2:131136","properties":{"address":null,"attributes":{"Date_Installed":null,"LED_Powered":0,"LightID":"L023852","Light_Source":"High Pressure Sodium","Light_Type":"Cobra","Lighting_Type":"400-W High Pressure Sodium Vapor Lamp","Verification_Date":1659312000000},"id":"stl-city-public-streetlights:2:131136","sourceLayerId":2,"sourceObjectId":131136,"sourceURL":"https://maps8.stlouis-mo.gov/arcgis/rest/services/STREETS/Streets_Permitting/MapServer/2","title":"Street light L023852"},"type":"Feature"},{"geometry":{"coordinates":[-90.26236734071418,38.66343654215739],"type":"Point"},"id":"stl-city-public-streetlights:2:131137","properties":{"address":null,"attributes":{"Date_Installed":null,"LED_Powered":0,"LightID":"L023853","Light_Source":"High Pressure Sodium","Light_Type":"Cobra","Lighting_Type":"400-W High Pressure Sodium Vapor Lamp","Verification_Date":1659312000000},"id":"stl-city-public-streetlights:2:131137","sourceLayerId":2,"sourceObjectId":131137,"sourceURL":"https://maps8.stlouis-mo.gov/arcgis/rest/services/STREETS/Streets_Permitting/MapServer/2","title":"Street light L023853"},"type":"Feature"},{"geometry":{"coordinates":[-90.26180352150689,38.66325646683993],"type":"Point"},"id":"stl-city-public-streetlights:2:131138","properties":{"address":null,"attributes":{"Date_Installed":null,"LED_Powered":0,"LightID":"L023854","Light_Source":"High Pressure Sodium","Light_Type":"Cobra","Lighting_Type":"400-W High Pressure Sodium Vapor Lamp","Verification_Date":1659312000000},"id":"stl-city-public-streetlights:2:131138","sourceLayerId":2,"sourceObjectId":131138,"sourceURL":"https://maps8.stlouis-mo.gov/arcgis/rest/services/STREETS/Streets_Permitting/MapServer/2","title":"Street light L023854"},"type":"Feature"},{"geometry":{"coordinates":[-90.26104385812687,38.66299748929591],"type":"Point"},"id":"stl-city-public-streetlights:2:131139","properties":{"address":null,"attributes":{"Date_Installed":null,"LED_Powered":1,"LightID":"L023855","Light_Source":"LED","Light_Type":"Cobra","Lighting_Type":"LED-Powered Lamp","Verification_Date":1656633600000},"id":"stl-city-public-streetlights:2:131139","sourceLayerId":2,"sourceObjectId":131139,"sourceURL":"https://maps8.stlouis-mo.gov/arcgis/rest/services/STREETS/Streets_Permitting/MapServer/2","title":"Street light L023855"},"type":"Feature"},{"geometry":{"coordinates":[-90.2605173450561,38.66280334097031],"type":"Point"},"id":"stl-city-public-streetlights:2:131140","properties":{"address":null,"attributes":{"Date_Installed":null,"LED_Powered":1,"LightID":"L023856","Light_Source":"LED","Light_Type":"Cobra","Lighting_Type":"LED-Powered Lamp","Verification_Date":1656633600000},"id":"stl-city-public-streetlights:2:131140","sourceLayerId":2,"sourceObjectId":131140,"sourceURL":"https://maps8.stlouis-mo.gov/arcgis/rest/services/STREETS/Streets_Permitting/MapServer/2","title":"Street light L023856"},"type":"Feature"},{"geometry":{"coordinates":[-90.26031384616135,38.66256408759578],"type":"Point"},"id":"stl-city-public-streetlights:2:131154","properties":{"address":null,"attributes":{"Date_Installed":null,"LED_Powered":1,"LightID":"L023870","Light_Source":"LED","Light_Type":"Cobra","Lighting_Type":"LED-Powered Lamp","Verification_Date":1656633600000},"id":"stl-city-public-streetlights:2:131154","sourceLayerId":2,"sourceObjectId":131154,"sourceURL":"https://maps8.stlouis-mo.gov/arcgis/rest/services/STREETS/Streets_Permitting/MapServer/2","title":"Street light L023870"},"type":"Feature"},{"geometry":{"coordinates":[-90.2608695847197,38.66274542473522],"type":"Point"},"id":"stl-city-public-streetlights:2:131155","properties":{"address":null,"attributes":{"Date_Installed":null,"LED_Powered":1,"LightID":"L023871","Light_Source":"LED","Light_Type":"Cobra","Lighting_Type":"LED-Powered Lamp","Verification_Date":1656633600000},"id":"stl-city-public-streetlights:2:131155","sourceLayerId":2,"sourceObjectId":131155,"sourceURL":"https://maps8.stlouis-mo.gov/arcgis/rest/services/STREETS/Streets_Permitting/MapServer/2","title":"Street light L023871"},"type":"Feature"},{"geometry":{"coordinates":[-90.26138396991458,38.66291165891492],"type":"Point"},"id":"stl-city-public-streetlights:2:131156","properties":{"address":null,"attributes":{"Date_Installed":null,"LED_Powered":0,"LightID":"L023872","Light_Source":"LED","Light_Type":"Cobra","Lighting_Type":"LED-Powered Lamp","Verification_Date":1656633600000},"id":"stl-city-public-streetlights:2:131156","sourceLayerId":2,"sourceObjectId":131156,"sourceURL":"https://maps8.stlouis-mo.gov/arcgis/rest/services/STREETS/Streets_Permitting/MapServer/2","title":"Street light L023872"},"type":"Feature"},{"geometry":{"coordinates":[-90.26170704274625,38.66298405956509],"type":"Point"},"id":"stl-city-public-streetlights:2:131157","properties":{"address":null,"attributes":{"Date_Installed":null,"LED_Powered":1,"LightID":"L023873","Light_Source":"LED","Light_Type":"Cobra","Lighting_Type":"LED-Powered Lamp","Verification_Date":1659312000000},"id":"stl-city-public-streetlights:2:131157","sourceLayerId":2,"sourceObjectId":131157,"sourceURL":"https://maps8.stlouis-mo.gov/arcgis/rest/services/STREETS/Streets_Permitting/MapServer/2","title":"Street light L023873"},"type":"Feature"},{"geometry":{"coordinates":[-90.26218191310645,38.663197170204704],"type":"Point"},"id":"stl-city-public-streetlights:2:131158","properties":{"address":null,"attributes":{"Date_Installed":null,"LED_Powered":0,"LightID":"L023874","Light_Source":"High Pressure Sodium","Light_Type":"Cobra","Lighting_Type":"400-W High Pressure Sodium Vapor Lamp","Verification_Date":1659312000000},"id":"stl-city-public-streetlights:2:131158","sourceLayerId":2,"sourceObjectId":131158,"sourceURL":"https://maps8.stlouis-mo.gov/arcgis/rest/services/STREETS/Streets_Permitting/MapServer/2","title":"Street light L023874"},"type":"Feature"},{"geometry":{"coordinates":[-90.26273228349434,38.663399145784446],"type":"Point"},"id":"stl-city-public-streetlights:2:131159","properties":{"address":null,"attributes":{"Date_Installed":null,"LED_Powered":0,"LightID":"L023875","Light_Source":"High Pressure Sodium","Light_Type":"Cobra","Lighting_Type":"400-W High Pressure Sodium Vapor Lamp","Verification_Date":1659312000000},"id":"stl-city-public-streetlights:2:131159","sourceLayerId":2,"sourceObjectId":131159,"sourceURL":"https://maps8.stlouis-mo.gov/arcgis/rest/services/STREETS/Streets_Permitting/MapServer/2","title":"Street light L023875"},"type":"Feature"},{"geometry":{"coordinates":[-90.26331841637176,38.663594418279395],"type":"Point"},"id":"stl-city-public-streetlights:2:131160","properties":{"address":null,"attributes":{"Date_Installed":null,"LED_Powered":0,"LightID":"L023876","Light_Source":"High Pressure Sodium","Light_Type":"Cobra","Lighting_Type":"400-W High Pressure Sodium Vapor Lamp","Verification_Date":1659312000000},"id":"stl-city-public-streetlights:2:131160","sourceLayerId":2,"sourceObjectId":131160,"sourceURL":"https://maps8.stlouis-mo.gov/arcgis/rest/services/STREETS/Streets_Permitting/MapServer/2","title":"Street light L023876"},"type":"Feature"},{"geometry":{"coordinates":[-90.26388810546376,38.663814069548614],"type":"Point"},"id":"stl-city-public-streetlights:2:131161","properties":{"address":null,"attributes":{"Date_Installed":null,"LED_Powered":0,"LightID":"L023877","Light_Source":"High Pressure Sodium","Light_Type":"Cobra","Lighting_Type":"400-W High Pressure Sodium Vapor Lamp","Verification_Date":1659312000000},"id":"stl-city-public-streetlights:2:131161","sourceLayerId":2,"sourceObjectId":131161,"sourceURL":"https://maps8.stlouis-mo.gov/arcgis/rest/services/STREETS/Streets_Permitting/MapServer/2","title":"Street light L023877"},"type":"Feature"},{"geometry":{"coordinates":[-90.26445431814899,38.66403354887911],"type":"Point"},"id":"stl-city-public-streetlights:2:131162","properties":{"address":null,"attributes":{"Date_Installed":null,"LED_Powered":0,"LightID":"L023878","Light_Source":"High Pressure Sodium","Light_Type":"Cobra","Lighting_Type":"400-W High Pressure Sodium Vapor Lamp","Verification_Date":1659312000000},"id":"stl-city-public-streetlights:2:131162","sourceLayerId":2,"sourceObjectId":131162,"sourceURL":"https://maps8.stlouis-mo.gov/arcgis/rest/services/STREETS/Streets_Permitting/MapServer/2","title":"Street light L023878"},"type":"Feature"},{"geometry":{"coordinates":[-90.2650287671729,38.66426429227091],"type":"Point"},"id":"stl-city-public-streetlights:2:131163","properties":{"address":null,"attributes":{"Date_Installed":null,"LED_Powered":0,"LightID":"L023879","Light_Source":"High Pressure Sodium","Light_Type":"Cobra","Lighting_Type":"400-W High Pressure Sodium Vapor Lamp","Verification_Date":1659312000000},"id":"stl-city-public-streetlights:2:131163","sourceLayerId":2,"sourceObjectId":131163,"sourceURL":"https://maps8.stlouis-mo.gov/arcgis/rest/services/STREETS/Streets_Permitting/MapServer/2","title":"Street light L023879"},"type":"Feature"},{"geometry":{"coordinates":[-90.2655860726707,38.66453237352652],"type":"Point"},"id":"stl-city-public-streetlights:2:131164","properties":{"address":null,"attributes":{"Date_Installed":null,"LED_Powered":0,"LightID":"L023880","Light_Source":"High Pressure Sodium","Light_Type":"Cobra","Lighting_Type":"400-W High Pressure Sodium Vapor Lamp","Verification_Date":1659312000000},"id":"stl-city-public-streetlights:2:131164","sourceLayerId":2,"sourceObjectId":131164,"sourceURL":"https://maps8.stlouis-mo.gov/arcgis/rest/services/STREETS/Streets_Permitting/MapServer/2","title":"Street light L023880"},"type":"Feature"},{"geometry":{"coordinates":[-90.26607993790562,38.6647896470695],"type":"Point"},"id":"stl-city-public-streetlights:2:131165","properties":{"address":null,"attributes":{"Date_Installed":null,"LED_Powered":0,"LightID":"L023881","Light_Source":"High Pressure Sodium","Light_Type":"Cobra","Lighting_Type":"400-W High Pressure Sodium Vapor Lamp","Verification_Date":1656633600000},"id":"stl-city-public-streetlights:2:131165","sourceLayerId":2,"sourceObjectId":131165,"sourceURL":"https://maps8.stlouis-mo.gov/arcgis/rest/services/STREETS/Streets_Permitting/MapServer/2","title":"Street light L023881"},"type":"Feature"},{"geometry":{"coordinates":[-90.2666068053076,38.66507101009336],"type":"Point"},"id":"stl-city-public-streetlights:2:131166","properties":{"address":null,"attributes":{"Date_Installed":null,"LED_Powered":0,"LightID":"L023882","Light_Source":"High Pressure Sodium","Light_Type":"Cobra","Lighting_Type":"400-W High Pressure Sodium Vapor Lamp","Verification_Date":1656633600000},"id":"stl-city-public-streetlights:2:131166","sourceLayerId":2,"sourceObjectId":131166,"sourceURL":"https://maps8.stlouis-mo.gov/arcgis/rest/services/STREETS/Streets_Permitting/MapServer/2","title":"Street light L023882"},"type":"Feature"},{"geometry":{"coordinates":[-90.26712953882368,38.665353507530824],"type":"Point"},"id":"stl-city-public-streetlights:2:131167","properties":{"address":null,"attributes":{"Date_Installed":null,"LED_Powered":0,"LightID":"L023883","Light_Source":"High Pressure Sodium","Light_Type":"Cobra","Lighting_Type":"400-W High Pressure Sodium Vapor Lamp","Verification_Date":1656633600000},"id":"stl-city-public-streetlights:2:131167","sourceLayerId":2,"sourceObjectId":131167,"sourceURL":"https://maps8.stlouis-mo.gov/arcgis/rest/services/STREETS/Streets_Permitting/MapServer/2","title":"Street light L023883"},"type":"Feature"},{"geometry":{"coordinates":[-90.26761169658126,38.66559171826513],"type":"Point"},"id":"stl-city-public-streetlights:2:131168","properties":{"address":null,"attributes":{"Date_Installed":null,"LED_Powered":0,"LightID":"L023884","Light_Source":"High Pressure Sodium","Light_Type":"Decorative","Lighting_Type":"400-W High Pressure Sodium Vapor Lamp","Verification_Date":1656633600000},"id":"stl-city-public-streetlights:2:131168","sourceLayerId":2,"sourceObjectId":131168,"sourceURL":"https://maps8.stlouis-mo.gov/arcgis/rest/services/STREETS/Streets_Permitting/MapServer/2","title":"Street light L023884"},"type":"Feature"},{"geometry":{"coordinates":[-90.26819070756561,38.66591210587796],"type":"Point"},"id":"stl-city-public-streetlights:2:131169","properties":{"address":null,"attributes":{"Date_Installed":"Sept 2016","LED_Powered":1,"LightID":"L023885","Light_Source":"LED","Light_Type":"Cobra","Lighting_Type":"LED-Powered Lamp","Verification_Date":1656633600000},"id":"stl-city-public-streetlights:2:131169","sourceLayerId":2,"sourceObjectId":131169,"sourceURL":"https://maps8.stlouis-mo.gov/arcgis/rest/services/STREETS/Streets_Permitting/MapServer/2","title":"Street light L023885"},"type":"Feature"},{"geometry":{"coordinates":[-90.26869186412948,38.6662050884983],"type":"Point"},"id":"stl-city-public-streetlights:2:131170","properties":{"address":null,"attributes":{"Date_Installed":"Sept 2016","LED_Powered":1,"LightID":"L023886","Light_Source":"LED","Light_Type":"Cobra","Lighting_Type":"LED-Powered Lamp","Verification_Date":1656633600000},"id":"stl-city-public-streetlights:2:131170","sourceLayerId":2,"sourceObjectId":131170,"sourceURL":"https://maps8.stlouis-mo.gov/arcgis/rest/services/STREETS/Streets_Permitting/MapServer/2","title":"Street light L023886"},"type":"Feature"},{"geometry":{"coordinates":[-90.26921749789213,38.66648806337641],"type":"Point"},"id":"stl-city-public-streetlights:2:131171","properties":{"address":null,"attributes":{"Date_Installed":null,"LED_Powered":0,"LightID":"L023887","Light_Source":"High Pressure Sodium","Light_Type":"Cobra","Lighting_Type":"400-W High Pressure Sodium Vapor Lamp","Verification_Date":1656633600000},"id":"stl-city-public-streetlights:2:131171","sourceLayerId":2,"sourceObjectId":131171,"sourceURL":"https://maps8.stlouis-mo.gov/arcgis/rest/services/STREETS/Streets_Permitting/MapServer/2","title":"Street light L023887"},"type":"Feature"},{"geometry":{"coordinates":[-90.26975684953365,38.66678199423016],"type":"Point"},"id":"stl-city-public-streetlights:2:131172","properties":{"address":null,"attributes":{"Date_Installed":"Sept 2016","LED_Powered":1,"LightID":"L023888","Light_Source":"LED","Light_Type":"Cobra","Lighting_Type":"LED-Powered Lamp","Verification_Date":1656633600000},"id":"stl-city-public-streetlights:2:131172","sourceLayerId":2,"sourceObjectId":131172,"sourceURL":"https://maps8.stlouis-mo.gov/arcgis/rest/services/STREETS/Streets_Permitting/MapServer/2","title":"Street light L023888"},"type":"Feature"},{"geometry":{"coordinates":[-90.269686063509,38.665103572685304],"type":"Point"},"id":"stl-city-public-streetlights:2:135859","properties":{"address":null,"attributes":{"Date_Installed":null,"LED_Powered":0,"LightID":"L028575","Light_Source":"LED","Light_Type":"Cobra","Lighting_Type":"LED-Powered Lamp","Verification_Date":null},"id":"stl-city-public-streetlights:2:135859","sourceLayerId":2,"sourceObjectId":135859,"sourceURL":"https://maps8.stlouis-mo.gov/arcgis/rest/services/STREETS/Streets_Permitting/MapServer/2","title":"Street light L028575"},"type":"Feature"},{"geometry":{"coordinates":[-90.26935341919933,38.66492748416579],"type":"Point"},"id":"stl-city-public-streetlights:2:135860","properties":{"address":null,"attributes":{"Date_Installed":null,"LED_Powered":0,"LightID":"L028576","Light_Source":"LED","Light_Type":"Cobra","Lighting_Type":"LED-Powered Lamp","Verification_Date":null},"id":"stl-city-public-streetlights:2:135860","sourceLayerId":2,"sourceObjectId":135860,"sourceURL":"https://maps8.stlouis-mo.gov/arcgis/rest/services/STREETS/Streets_Permitting/MapServer/2","title":"Street light L028576"},"type":"Feature"},{"geometry":{"coordinates":[-90.26900866247784,38.664736592648815],"type":"Point"},"id":"stl-city-public-streetlights:2:135861","properties":{"address":null,"attributes":{"Date_Installed":null,"LED_Powered":0,"LightID":"L028577","Light_Source":"LED","Light_Type":"Cobra","Lighting_Type":"LED-Powered Lamp","Verification_Date":null},"id":"stl-city-public-streetlights:2:135861","sourceLayerId":2,"sourceObjectId":135861,"sourceURL":"https://maps8.stlouis-mo.gov/arcgis/rest/services/STREETS/Streets_Permitting/MapServer/2","title":"Street light L028577"},"type":"Feature"},{"geometry":{"coordinates":[-90.26822862123102,38.66537635589817],"type":"Point"},"id":"stl-city-public-streetlights:2:135862","properties":{"address":null,"attributes":{"Date_Installed":"6/15/2017","LED_Powered":1,"LightID":"L028578","Light_Source":"LED","Light_Type":"Cobra","Lighting_Type":"LED-Powered Lamp","Verification_Date":null},"id":"stl-city-public-streetlights:2:135862","sourceLayerId":2,"sourceObjectId":135862,"sourceURL":"https://maps8.stlouis-mo.gov/arcgis/rest/services/STREETS/Streets_Permitting/MapServer/2","title":"Street light L028578"},"type":"Feature"},{"geometry":{"coordinates":[-90.26857792417852,38.664981203762736],"type":"Point"},"id":"stl-city-public-streetlights:2:135863","properties":{"address":null,"attributes":{"Date_Installed":"6/15/2017","LED_Powered":1,"LightID":"L028579","Light_Source":"LED","Light_Type":"Cobra","Lighting_Type":"LED-Powered Lamp","Verification_Date":null},"id":"stl-city-public-streetlights:2:135863","sourceLayerId":2,"sourceObjectId":135863,"sourceURL":"https://maps8.stlouis-mo.gov/arcgis/rest/services/STREETS/Streets_Permitting/MapServer/2","title":"Street light L028579"},"type":"Feature"},{"geometry":{"coordinates":[-90.26884558344933,38.66468423623155],"type":"Point"},"id":"stl-city-public-streetlights:2:135864","properties":{"address":null,"attributes":{"Date_Installed":"6/15/2017","LED_Powered":1,"LightID":"L028580","Light_Source":"LED","Light_Type":"Cobra","Lighting_Type":"LED-Powered Lamp","Verification_Date":null},"id":"stl-city-public-streetlights:2:135864","sourceLayerId":2,"sourceObjectId":135864,"sourceURL":"https://maps8.stlouis-mo.gov/arcgis/rest/services/STREETS/Streets_Permitting/MapServer/2","title":"Street light L028580"},"type":"Feature"},{"geometry":{"coordinates":[-90.2691977545306,38.66428837255533],"type":"Point"},"id":"stl-city-public-streetlights:2:135865","properties":{"address":null,"attributes":{"Date_Installed":"6/15/2017","LED_Powered":1,"LightID":"L028581","Light_Source":"LED","Light_Type":"Cobra","Lighting_Type":"LED-Powered Lamp","Verification_Date":null},"id":"stl-city-public-streetlights:2:135865","sourceLayerId":2,"sourceObjectId":135865,"sourceURL":"https://maps8.stlouis-mo.gov/arcgis/rest/services/STREETS/Streets_Permitting/MapServer/2","title":"Street light L028581"},"type":"Feature"},{"geometry":{"coordinates":[-90.26953061353987,38.66392216834132],"type":"Point"},"id":"stl-city-public-streetlights:2:135866","properties":{"address":null,"attributes":{"Date_Installed":"6/15/2017","LED_Powered":1,"LightID":"L028582","Light_Source":"LED","Light_Type":"Cobra","Lighting_Type":"LED-Powered Lamp","Verification_Date":null},"id":"stl-city-public-streetlights:2:135866","sourceLayerId":2,"sourceObjectId":135866,"sourceURL":"https://maps8.stlouis-mo.gov/arcgis/rest/services/STREETS/Streets_Permitting/MapServer/2","title":"Street light L028582"},"type":"Feature"},{"geometry":{"coordinates":[-90.26986550350512,38.66354717270096],"type":"Point"},"id":"stl-city-public-streetlights:2:135867","properties":{"address":null,"attributes":{"Date_Installed":"6/15/2017","LED_Powered":1,"LightID":"L028583","Light_Source":"LED","Light_Type":"Cobra","Lighting_Type":"LED-Powered Lamp","Verification_Date":null},"id":"stl-city-public-streetlights:2:135867","sourceLayerId":2,"sourceObjectId":135867,"sourceURL":"https://maps8.stlouis-mo.gov/arcgis/rest/services/STREETS/Streets_Permitting/MapServer/2","title":"Street light L028583"},"type":"Feature"},{"geometry":{"coordinates":[-90.26784726248157,38.66544901459758],"type":"Point"},"id":"stl-city-public-streetlights:2:139468","properties":{"address":null,"attributes":{"Date_Installed":"6/15/2017","LED_Powered":1,"LightID":"L032325","Light_Source":"LED","Light_Type":"Cobra","Lighting_Type":"LED-Powered Lamp","Verification_Date":null},"id":"stl-city-public-streetlights:2:139468","sourceLayerId":2,"sourceObjectId":139468,"sourceURL":"https://maps8.stlouis-mo.gov/arcgis/rest/services/STREETS/Streets_Permitting/MapServer/2","title":"Street light L032325"},"type":"Feature"},{"geometry":{"coordinates":[-90.26820888179164,38.665086471247946],"type":"Point"},"id":"stl-city-public-streetlights:2:139469","properties":{"address":null,"attributes":{"Date_Installed":"6/15/2017","LED_Powered":1,"LightID":"L032326","Light_Source":"LED","Light_Type":"Cobra","Lighting_Type":"LED-Powered Lamp","Verification_Date":null},"id":"stl-city-public-streetlights:2:139469","sourceLayerId":2,"sourceObjectId":139469,"sourceURL":"https://maps8.stlouis-mo.gov/arcgis/rest/services/STREETS/Streets_Permitting/MapServer/2","title":"Street light L032326"},"type":"Feature"},{"geometry":{"coordinates":[-90.26853322361329,38.664705260513934],"type":"Point"},"id":"stl-city-public-streetlights:2:139470","properties":{"address":null,"attributes":{"Date_Installed":"6/15/2017","LED_Powered":1,"LightID":"L032327","Light_Source":"LED","Light_Type":"Cobra","Lighting_Type":"LED-Powered Lamp","Verification_Date":null},"id":"stl-city-public-streetlights:2:139470","sourceLayerId":2,"sourceObjectId":139470,"sourceURL":"https://maps8.stlouis-mo.gov/arcgis/rest/services/STREETS/Streets_Permitting/MapServer/2","title":"Street light L032327"},"type":"Feature"},{"geometry":{"coordinates":[-90.26887099831755,38.66434390839563],"type":"Point"},"id":"stl-city-public-streetlights:2:139471","properties":{"address":null,"attributes":{"Date_Installed":"6/15/2017","LED_Powered":1,"LightID":"L032328","Light_Source":"LED","Light_Type":"Cobra","Lighting_Type":"LED-Powered Lamp","Verification_Date":null},"id":"stl-city-public-streetlights:2:139471","sourceLayerId":2,"sourceObjectId":139471,"sourceURL":"https://maps8.stlouis-mo.gov/arcgis/rest/services/STREETS/Streets_Permitting/MapServer/2","title":"Street light L032328"},"type":"Feature"},{"geometry":{"coordinates":[-90.26918869208606,38.6639862327081],"type":"Point"},"id":"stl-city-public-streetlights:2:139472","properties":{"address":null,"attributes":{"Date_Installed":"6/15/2017","LED_Powered":1,"LightID":"L032329","Light_Source":"LED","Light_Type":"Cobra","Lighting_Type":"LED-Powered Lamp","Verification_Date":null},"id":"stl-city-public-streetlights:2:139472","sourceLayerId":2,"sourceObjectId":139472,"sourceURL":"https://maps8.stlouis-mo.gov/arcgis/rest/services/STREETS/Streets_Permitting/MapServer/2","title":"Street light L032329"},"type":"Feature"},{"geometry":{"coordinates":[-90.26950354231529,38.663641804362186],"type":"Point"},"id":"stl-city-public-streetlights:2:139473","properties":{"address":null,"attributes":{"Date_Installed":"6/15/2017","LED_Powered":1,"LightID":"L032330","Light_Source":"LED","Light_Type":"Cobra","Lighting_Type":"LED-Powered Lamp","Verification_Date":null},"id":"stl-city-public-streetlights:2:139473","sourceLayerId":2,"sourceObjectId":139473,"sourceURL":"https://maps8.stlouis-mo.gov/arcgis/rest/services/STREETS/Streets_Permitting/MapServer/2","title":"Street light L032330"},"type":"Feature"},{"geometry":{"coordinates":[-90.26985673007879,38.663249015348654],"type":"Point"},"id":"stl-city-public-streetlights:2:139474","properties":{"address":null,"attributes":{"Date_Installed":"6/15/2017","LED_Powered":1,"LightID":"L032331","Light_Source":"LED","Light_Type":"Cobra","Lighting_Type":"LED-Powered Lamp","Verification_Date":null},"id":"stl-city-public-streetlights:2:139474","sourceLayerId":2,"sourceObjectId":139474,"sourceURL":"https://maps8.stlouis-mo.gov/arcgis/rest/services/STREETS/Streets_Permitting/MapServer/2","title":"Street light L032331"},"type":"Feature"},{"geometry":{"coordinates":[-90.26942045210359,38.66018497376213],"type":"Point"},"id":"stl-city-public-streetlights:2:139541","properties":{"address":null,"attributes":{"Date_Installed":"1/2020","LED_Powered":1,"LightID":"L032398","Light_Source":"LED","Light_Type":"Cobra","Lighting_Type":"LED-Powered Lamp","Verification_Date":null},"id":"stl-city-public-streetlights:2:139541","sourceLayerId":2,"sourceObjectId":139541,"sourceURL":"https://maps8.stlouis-mo.gov/arcgis/rest/services/STREETS/Streets_Permitting/MapServer/2","title":"Street light L032398"},"type":"Feature"},{"geometry":{"coordinates":[-90.26936630278979,38.660504567268376],"type":"Point"},"id":"stl-city-public-streetlights:2:139542","properties":{"address":null,"attributes":{"Date_Installed":"1/2020","LED_Powered":1,"LightID":"L032399","Light_Source":"LED","Light_Type":"Cobra","Lighting_Type":"LED-Powered Lamp","Verification_Date":null},"id":"stl-city-public-streetlights:2:139542","sourceLayerId":2,"sourceObjectId":139542,"sourceURL":"https://maps8.stlouis-mo.gov/arcgis/rest/services/STREETS/Streets_Permitting/MapServer/2","title":"Street light L032399"},"type":"Feature"},{"geometry":{"coordinates":[-90.26503853806992,38.664104484858036],"type":"Point"},"id":"stl-city-public-streetlights:2:139543","properties":{"address":null,"attributes":{"Date_Installed":null,"LED_Powered":0,"LightID":"L032400","Light_Source":"LED","Light_Type":"Cobra","Lighting_Type":"LED-Powered Lamp","Verification_Date":null},"id":"stl-city-public-streetlights:2:139543","sourceLayerId":2,"sourceObjectId":139543,"sourceURL":"https://maps8.stlouis-mo.gov/arcgis/rest/services/STREETS/Streets_Permitting/MapServer/2","title":"Street light L032400"},"type":"Feature"},{"geometry":{"coordinates":[-90.26515878603148,38.66377610753118],"type":"Point"},"id":"stl-city-public-streetlights:2:139544","properties":{"address":null,"attributes":{"Date_Installed":null,"LED_Powered":0,"LightID":"L032401","Light_Source":"LED","Light_Type":"Cobra","Lighting_Type":"LED-Powered Lamp","Verification_Date":null},"id":"stl-city-public-streetlights:2:139544","sourceLayerId":2,"sourceObjectId":139544,"sourceURL":"https://maps8.stlouis-mo.gov/arcgis/rest/services/STREETS/Streets_Permitting/MapServer/2","title":"Street light L032401"},"type":"Feature"},{"geometry":{"coordinates":[-90.26532799585858,38.66334940111377],"type":"Point"},"id":"stl-city-public-streetlights:2:139545","properties":{"address":null,"attributes":{"Date_Installed":null,"LED_Powered":0,"LightID":"L032402","Light_Source":"LED","Light_Type":"Cobra","Lighting_Type":"LED-Powered Lamp","Verification_Date":null},"id":"stl-city-public-streetlights:2:139545","sourceLayerId":2,"sourceObjectId":139545,"sourceURL":"https://maps8.stlouis-mo.gov/arcgis/rest/services/STREETS/Streets_Permitting/MapServer/2","title":"Street light L032402"},"type":"Feature"},{"geometry":{"coordinates":[-90.2654641215885,38.66299928537247],"type":"Point"},"id":"stl-city-public-streetlights:2:139546","properties":{"address":null,"attributes":{"Date_Installed":null,"LED_Powered":0,"LightID":"L032403","Light_Source":"LED","Light_Type":"Cobra","Lighting_Type":"LED-Powered Lamp","Verification_Date":null},"id":"stl-city-public-streetlights:2:139546","sourceLayerId":2,"sourceObjectId":139546,"sourceURL":"https://maps8.stlouis-mo.gov/arcgis/rest/services/STREETS/Streets_Permitting/MapServer/2","title":"Street light L032403"},"type":"Feature"},{"geometry":{"coordinates":[-90.26558994851581,38.662674176325645],"type":"Point"},"id":"stl-city-public-streetlights:2:139547","properties":{"address":null,"attributes":{"Date_Installed":null,"LED_Powered":0,"LightID":"L032404","Light_Source":"LED","Light_Type":"Cobra","Lighting_Type":"LED-Powered Lamp","Verification_Date":null},"id":"stl-city-public-streetlights:2:139547","sourceLayerId":2,"sourceObjectId":139547,"sourceURL":"https://maps8.stlouis-mo.gov/arcgis/rest/services/STREETS/Streets_Permitting/MapServer/2","title":"Street light L032404"},"type":"Feature"},{"geometry":{"coordinates":[-90.26572795945442,38.66230432740045],"type":"Point"},"id":"stl-city-public-streetlights:2:139548","properties":{"address":null,"attributes":{"Date_Installed":null,"LED_Powered":0,"LightID":"L032405","Light_Source":"LED","Light_Type":"Cobra","Lighting_Type":"LED-Powered Lamp","Verification_Date":null},"id":"stl-city-public-streetlights:2:139548","sourceLayerId":2,"sourceObjectId":139548,"sourceURL":"https://maps8.stlouis-mo.gov/arcgis/rest/services/STREETS/Streets_Permitting/MapServer/2","title":"Street light L032405"},"type":"Feature"},{"geometry":{"coordinates":[-90.26586038543532,38.66196850528779],"type":"Point"},"id":"stl-city-public-streetlights:2:139549","properties":{"address":null,"attributes":{"Date_Installed":null,"LED_Powered":0,"LightID":"L032406","Light_Source":"LED","Light_Type":"Cobra","Lighting_Type":"LED-Powered Lamp","Verification_Date":null},"id":"stl-city-public-streetlights:2:139549","sourceLayerId":2,"sourceObjectId":139549,"sourceURL":"https://maps8.stlouis-mo.gov/arcgis/rest/services/STREETS/Streets_Permitting/MapServer/2","title":"Street light L032406"},"type":"Feature"},{"geometry":{"coordinates":[-90.26598548983598,38.66164010517245],"type":"Point"},"id":"stl-city-public-streetlights:2:139550","properties":{"address":null,"attributes":{"Date_Installed":null,"LED_Powered":0,"LightID":"L032407","Light_Source":"LED","Light_Type":"Cobra","Lighting_Type":"LED-Powered Lamp","Verification_Date":null},"id":"stl-city-public-streetlights:2:139550","sourceLayerId":2,"sourceObjectId":139550,"sourceURL":"https://maps8.stlouis-mo.gov/arcgis/rest/services/STREETS/Streets_Permitting/MapServer/2","title":"Street light L032407"},"type":"Feature"},{"geometry":{"coordinates":[-90.26613446041074,38.66126427141434],"type":"Point"},"id":"stl-city-public-streetlights:2:139551","properties":{"address":null,"attributes":{"Date_Installed":null,"LED_Powered":0,"LightID":"L032408","Light_Source":"LED","Light_Type":"Cobra","Lighting_Type":"LED-Powered Lamp","Verification_Date":null},"id":"stl-city-public-streetlights:2:139551","sourceLayerId":2,"sourceObjectId":139551,"sourceURL":"https://maps8.stlouis-mo.gov/arcgis/rest/services/STREETS/Streets_Permitting/MapServer/2","title":"Street light L032408"},"type":"Feature"},{"geometry":{"coordinates":[-90.2662706319229,38.66089727838966],"type":"Point"},"id":"stl-city-public-streetlights:2:139552","properties":{"address":null,"attributes":{"Date_Installed":null,"LED_Powered":0,"LightID":"L032409","Light_Source":"LED","Light_Type":"Cobra","Lighting_Type":"LED-Powered Lamp","Verification_Date":null},"id":"stl-city-public-streetlights:2:139552","sourceLayerId":2,"sourceObjectId":139552,"sourceURL":"https://maps8.stlouis-mo.gov/arcgis/rest/services/STREETS/Streets_Permitting/MapServer/2","title":"Street light L032409"},"type":"Feature"},{"geometry":{"coordinates":[-90.26641411407374,38.660525723278155],"type":"Point"},"id":"stl-city-public-streetlights:2:139553","properties":{"address":null,"attributes":{"Date_Installed":null,"LED_Powered":0,"LightID":"L032410","Light_Source":"LED","Light_Type":"Cobra","Lighting_Type":"LED-Powered Lamp","Verification_Date":null},"id":"stl-city-public-streetlights:2:139553","sourceLayerId":2,"sourceObjectId":139553,"sourceURL":"https://maps8.stlouis-mo.gov/arcgis/rest/services/STREETS/Streets_Permitting/MapServer/2","title":"Street light L032410"},"type":"Feature"},{"geometry":{"coordinates":[-90.26583660957284,38.66006151034649],"type":"Point"},"id":"stl-city-public-streetlights:2:139554","properties":{"address":null,"attributes":{"Date_Installed":null,"LED_Powered":0,"LightID":"L032411","Light_Source":"LED","Light_Type":"Cobra","Lighting_Type":"LED-Powered Lamp","Verification_Date":null},"id":"stl-city-public-streetlights:2:139554","sourceLayerId":2,"sourceObjectId":139554,"sourceURL":"https://maps8.stlouis-mo.gov/arcgis/rest/services/STREETS/Streets_Permitting/MapServer/2","title":"Street light L032411"},"type":"Feature"},{"geometry":{"coordinates":[-90.26218331293363,38.6602818327334],"type":"Point"},"id":"stl-city-public-streetlights:2:139766","properties":{"address":null,"attributes":{"Date_Installed":null,"LED_Powered":1,"LightID":"L032623","Light_Source":"LED","Light_Type":"Cobra","Lighting_Type":"LED-Powered Lamp","Verification_Date":1661990400000},"id":"stl-city-public-streetlights:2:139766","sourceLayerId":2,"sourceObjectId":139766,"sourceURL":"https://maps8.stlouis-mo.gov/arcgis/rest/services/STREETS/Streets_Permitting/MapServer/2","title":"Street light L032623"},"type":"Feature"},{"geometry":{"coordinates":[-90.26210475116679,38.66068855286417],"type":"Point"},"id":"stl-city-public-streetlights:2:139767","properties":{"address":null,"attributes":{"Date_Installed":null,"LED_Powered":1,"LightID":"L032624","Light_Source":"LED","Light_Type":"Cobra","Lighting_Type":"LED-Powered Lamp","Verification_Date":1661990400000},"id":"stl-city-public-streetlights:2:139767","sourceLayerId":2,"sourceObjectId":139767,"sourceURL":"https://maps8.stlouis-mo.gov/arcgis/rest/services/STREETS/Streets_Permitting/MapServer/2","title":"Street light L032624"},"type":"Feature"},{"geometry":{"coordinates":[-90.26201168352848,38.66116055494546],"type":"Point"},"id":"stl-city-public-streetlights:2:139768","properties":{"address":null,"attributes":{"Date_Installed":null,"LED_Powered":1,"LightID":"L032625","Light_Source":"LED","Light_Type":"Cobra","Lighting_Type":"LED-Powered Lamp","Verification_Date":1661990400000},"id":"stl-city-public-streetlights:2:139768","sourceLayerId":2,"sourceObjectId":139768,"sourceURL":"https://maps8.stlouis-mo.gov/arcgis/rest/services/STREETS/Streets_Permitting/MapServer/2","title":"Street light L032625"},"type":"Feature"},{"geometry":{"coordinates":[-90.26192680024404,38.661662726228236],"type":"Point"},"id":"stl-city-public-streetlights:2:139769","properties":{"address":null,"attributes":{"Date_Installed":null,"LED_Powered":1,"LightID":"L032626","Light_Source":"LED","Light_Type":"Cobra","Lighting_Type":"LED-Powered Lamp","Verification_Date":1661990400000},"id":"stl-city-public-streetlights:2:139769","sourceLayerId":2,"sourceObjectId":139769,"sourceURL":"https://maps8.stlouis-mo.gov/arcgis/rest/services/STREETS/Streets_Permitting/MapServer/2","title":"Street light L032626"},"type":"Feature"},{"geometry":{"coordinates":[-90.26185032799424,38.66210270204428],"type":"Point"},"id":"stl-city-public-streetlights:2:139770","properties":{"address":null,"attributes":{"Date_Installed":null,"LED_Powered":1,"LightID":"L032627","Light_Source":"LED","Light_Type":"Cobra","Lighting_Type":"LED-Powered Lamp","Verification_Date":1659312000000},"id":"stl-city-public-streetlights:2:139770","sourceLayerId":2,"sourceObjectId":139770,"sourceURL":"https://maps8.stlouis-mo.gov/arcgis/rest/services/STREETS/Streets_Permitting/MapServer/2","title":"Street light L032627"},"type":"Feature"},{"geometry":{"coordinates":[-90.26177781374892,38.66254492994381],"type":"Point"},"id":"stl-city-public-streetlights:2:139771","properties":{"address":null,"attributes":{"Date_Installed":null,"LED_Powered":1,"LightID":"L032628","Light_Source":"LED","Light_Type":"Cobra","Lighting_Type":"LED-Powered Lamp","Verification_Date":1661990400000},"id":"stl-city-public-streetlights:2:139771","sourceLayerId":2,"sourceObjectId":139771,"sourceURL":"https://maps8.stlouis-mo.gov/arcgis/rest/services/STREETS/Streets_Permitting/MapServer/2","title":"Street light L032628"},"type":"Feature"},{"geometry":{"coordinates":[-90.26151357091126,38.662745329598984],"type":"Point"},"id":"stl-city-public-streetlights:2:139772","properties":{"address":null,"attributes":{"Date_Installed":null,"LED_Powered":1,"LightID":"L032629","Light_Source":"LED","Light_Type":"Cobra","Lighting_Type":"LED-Powered Lamp","Verification_Date":1661990400000},"id":"stl-city-public-streetlights:2:139772","sourceLayerId":2,"sourceObjectId":139772,"sourceURL":"https://maps8.stlouis-mo.gov/arcgis/rest/services/STREETS/Streets_Permitting/MapServer/2","title":"Street light L032629"},"type":"Feature"},{"geometry":{"coordinates":[-90.26159020267245,38.66230001032417],"type":"Point"},"id":"stl-city-public-streetlights:2:139773","properties":{"address":null,"attributes":{"Date_Installed":null,"LED_Powered":1,"LightID":"L032630","Light_Source":"LED","Light_Type":"Cobra","Lighting_Type":"LED-Powered Lamp","Verification_Date":1661990400000},"id":"stl-city-public-streetlights:2:139773","sourceLayerId":2,"sourceObjectId":139773,"sourceURL":"https://maps8.stlouis-mo.gov/arcgis/rest/services/STREETS/Streets_Permitting/MapServer/2","title":"Street light L032630"},"type":"Feature"},{"geometry":{"coordinates":[-90.26166508735795,38.66185734952269],"type":"Point"},"id":"stl-city-public-streetlights:2:139774","properties":{"address":null,"attributes":{"Date_Installed":null,"LED_Powered":1,"LightID":"L032631","Light_Source":"LED","Light_Type":"Cobra","Lighting_Type":"LED-Powered Lamp","Verification_Date":1661990400000},"id":"stl-city-public-streetlights:2:139774","sourceLayerId":2,"sourceObjectId":139774,"sourceURL":"https://maps8.stlouis-mo.gov/arcgis/rest/services/STREETS/Streets_Permitting/MapServer/2","title":"Street light L032631"},"type":"Feature"},{"geometry":{"coordinates":[-90.2617434291549,38.66138049173687],"type":"Point"},"id":"stl-city-public-streetlights:2:139775","properties":{"address":null,"attributes":{"Date_Installed":null,"LED_Powered":1,"LightID":"L032632","Light_Source":"LED","Light_Type":"Cobra","Lighting_Type":"LED-Powered Lamp","Verification_Date":1661990400000},"id":"stl-city-public-streetlights:2:139775","sourceLayerId":2,"sourceObjectId":139775,"sourceURL":"https://maps8.stlouis-mo.gov/arcgis/rest/services/STREETS/Streets_Permitting/MapServer/2","title":"Street light L032632"},"type":"Feature"},{"geometry":{"coordinates":[-90.26181643762398,38.6609077346434],"type":"Point"},"id":"stl-city-public-streetlights:2:139776","properties":{"address":null,"attributes":{"Date_Installed":null,"LED_Powered":1,"LightID":"L032633","Light_Source":"LED","Light_Type":"Cobra","Lighting_Type":"LED-Powered Lamp","Verification_Date":1661990400000},"id":"stl-city-public-streetlights:2:139776","sourceLayerId":2,"sourceObjectId":139776,"sourceURL":"https://maps8.stlouis-mo.gov/arcgis/rest/services/STREETS/Streets_Permitting/MapServer/2","title":"Street light L032633"},"type":"Feature"},{"geometry":{"coordinates":[-90.261880220778,38.66046594466909],"type":"Point"},"id":"stl-city-public-streetlights:2:139777","properties":{"address":null,"attributes":{"Date_Installed":null,"LED_Powered":1,"LightID":"L032634","Light_Source":"LED","Light_Type":"Cobra","Lighting_Type":"LED-Powered Lamp","Verification_Date":1661990400000},"id":"stl-city-public-streetlights:2:139777","sourceLayerId":2,"sourceObjectId":139777,"sourceURL":"https://maps8.stlouis-mo.gov/arcgis/rest/services/STREETS/Streets_Permitting/MapServer/2","title":"Street light L032634"},"type":"Feature"},{"geometry":{"coordinates":[-90.2619438788216,38.66006205465922],"type":"Point"},"id":"stl-city-public-streetlights:2:139778","properties":{"address":null,"attributes":{"Date_Installed":null,"LED_Powered":1,"LightID":"L032635","Light_Source":"LED","Light_Type":"Cobra","Lighting_Type":"LED-Powered Lamp","Verification_Date":1661990400000},"id":"stl-city-public-streetlights:2:139778","sourceLayerId":2,"sourceObjectId":139778,"sourceURL":"https://maps8.stlouis-mo.gov/arcgis/rest/services/STREETS/Streets_Permitting/MapServer/2","title":"Street light L032635"},"type":"Feature"},{"geometry":{"coordinates":[-90.26975501295469,38.6605903992224],"type":"Point"},"id":"stl-city-public-streetlights:2:140010","properties":{"address":null,"attributes":{"Date_Installed":null,"LED_Powered":1,"LightID":"L032867","Light_Source":"LED","Light_Type":"Cobra","Lighting_Type":"LED-Powered Lamp","Verification_Date":null},"id":"stl-city-public-streetlights:2:140010","sourceLayerId":2,"sourceObjectId":140010,"sourceURL":"https://maps8.stlouis-mo.gov/arcgis/rest/services/STREETS/Streets_Permitting/MapServer/2","title":"Street light L032867"},"type":"Feature"},{"geometry":{"coordinates":[-90.26915162296895,38.66052485337145],"type":"Point"},"id":"stl-city-public-streetlights:2:140011","properties":{"address":null,"attributes":{"Date_Installed":null,"LED_Powered":1,"LightID":"L032868","Light_Source":"LED","Light_Type":"Cobra","Lighting_Type":"LED-Powered Lamp","Verification_Date":null},"id":"stl-city-public-streetlights:2:140011","sourceLayerId":2,"sourceObjectId":140011,"sourceURL":"https://maps8.stlouis-mo.gov/arcgis/rest/services/STREETS/Streets_Permitting/MapServer/2","title":"Street light L032868"},"type":"Feature"},{"geometry":{"coordinates":[-90.26861523332386,38.66047016201193],"type":"Point"},"id":"stl-city-public-streetlights:2:140012","properties":{"address":null,"attributes":{"Date_Installed":null,"LED_Powered":1,"LightID":"L032869","Light_Source":"LED","Light_Type":"Cobra","Lighting_Type":"LED-Powered Lamp","Verification_Date":null},"id":"stl-city-public-streetlights:2:140012","sourceLayerId":2,"sourceObjectId":140012,"sourceURL":"https://maps8.stlouis-mo.gov/arcgis/rest/services/STREETS/Streets_Permitting/MapServer/2","title":"Street light L032869"},"type":"Feature"},{"geometry":{"coordinates":[-90.26810741805708,38.66041600231289],"type":"Point"},"id":"stl-city-public-streetlights:2:140013","properties":{"address":null,"attributes":{"Date_Installed":null,"LED_Powered":1,"LightID":"L032870","Light_Source":"LED","Light_Type":"Cobra","Lighting_Type":"LED-Powered Lamp","Verification_Date":null},"id":"stl-city-public-streetlights:2:140013","sourceLayerId":2,"sourceObjectId":140013,"sourceURL":"https://maps8.stlouis-mo.gov/arcgis/rest/services/STREETS/Streets_Permitting/MapServer/2","title":"Street light L032870"},"type":"Feature"},{"geometry":{"coordinates":[-90.26756617297343,38.66035891367353],"type":"Point"},"id":"stl-city-public-streetlights:2:140014","properties":{"address":null,"attributes":{"Date_Installed":null,"LED_Powered":1,"LightID":"L032871","Light_Source":"LED","Light_Type":"Cobra","Lighting_Type":"LED-Powered Lamp","Verification_Date":null},"id":"stl-city-public-streetlights:2:140014","sourceLayerId":2,"sourceObjectId":140014,"sourceURL":"https://maps8.stlouis-mo.gov/arcgis/rest/services/STREETS/Streets_Permitting/MapServer/2","title":"Street light L032871"},"type":"Feature"},{"geometry":{"coordinates":[-90.26701982017237,38.66030224117909],"type":"Point"},"id":"stl-city-public-streetlights:2:140015","properties":{"address":null,"attributes":{"Date_Installed":null,"LED_Powered":1,"LightID":"L032872","Light_Source":"LED","Light_Type":"Cobra","Lighting_Type":"LED-Powered Lamp","Verification_Date":null},"id":"stl-city-public-streetlights:2:140015","sourceLayerId":2,"sourceObjectId":140015,"sourceURL":"https://maps8.stlouis-mo.gov/arcgis/rest/services/STREETS/Streets_Permitting/MapServer/2","title":"Street light L032872"},"type":"Feature"},{"geometry":{"coordinates":[-90.26646727388044,38.660243504251945],"type":"Point"},"id":"stl-city-public-streetlights:2:140016","properties":{"address":null,"attributes":{"Date_Installed":null,"LED_Powered":1,"LightID":"L032873","Light_Source":"LED","Light_Type":"Cobra","Lighting_Type":"LED-Powered Lamp","Verification_Date":null},"id":"stl-city-public-streetlights:2:140016","sourceLayerId":2,"sourceObjectId":140016,"sourceURL":"https://maps8.stlouis-mo.gov/arcgis/rest/services/STREETS/Streets_Permitting/MapServer/2","title":"Street light L032873"},"type":"Feature"},{"geometry":{"coordinates":[-90.26591067999055,38.66018637640886],"type":"Point"},"id":"stl-city-public-streetlights:2:140017","properties":{"address":null,"attributes":{"Date_Installed":null,"LED_Powered":1,"LightID":"L032874","Light_Source":"LED","Light_Type":"Cobra","Lighting_Type":"LED-Powered Lamp","Verification_Date":null},"id":"stl-city-public-streetlights:2:140017","sourceLayerId":2,"sourceObjectId":140017,"sourceURL":"https://maps8.stlouis-mo.gov/arcgis/rest/services/STREETS/Streets_Permitting/MapServer/2","title":"Street light L032874"},"type":"Feature"},{"geometry":{"coordinates":[-90.2653805126787,38.66013585557632],"type":"Point"},"id":"stl-city-public-streetlights:2:140018","properties":{"address":null,"attributes":{"Date_Installed":null,"LED_Powered":1,"LightID":"L032875","Light_Source":"LED","Light_Type":"Cobra","Lighting_Type":"LED-Powered Lamp","Verification_Date":null},"id":"stl-city-public-streetlights:2:140018","sourceLayerId":2,"sourceObjectId":140018,"sourceURL":"https://maps8.stlouis-mo.gov/arcgis/rest/services/STREETS/Streets_Permitting/MapServer/2","title":"Street light L032875"},"type":"Feature"},{"geometry":{"coordinates":[-90.26484793439019,38.66007936632946],"type":"Point"},"id":"stl-city-public-streetlights:2:140019","properties":{"address":null,"attributes":{"Date_Installed":null,"LED_Powered":1,"LightID":"L032876","Light_Source":"LED","Light_Type":"Cobra","Lighting_Type":"LED-Powered Lamp","Verification_Date":null},"id":"stl-city-public-streetlights:2:140019","sourceLayerId":2,"sourceObjectId":140019,"sourceURL":"https://maps8.stlouis-mo.gov/arcgis/rest/services/STREETS/Streets_Permitting/MapServer/2","title":"Street light L032876"},"type":"Feature"},{"geometry":{"coordinates":[-90.26430652916889,38.660026433391934],"type":"Point"},"id":"stl-city-public-streetlights:2:140020","properties":{"address":null,"attributes":{"Date_Installed":null,"LED_Powered":1,"LightID":"L032877","Light_Source":"LED","Light_Type":"Cobra","Lighting_Type":"LED-Powered Lamp","Verification_Date":null},"id":"stl-city-public-streetlights:2:140020","sourceLayerId":2,"sourceObjectId":140020,"sourceURL":"https://maps8.stlouis-mo.gov/arcgis/rest/services/STREETS/Streets_Permitting/MapServer/2","title":"Street light L032877"},"type":"Feature"},{"geometry":{"coordinates":[-90.26286095016141,38.66007900274505],"type":"Point"},"id":"stl-city-public-streetlights:2:140024","properties":{"address":null,"attributes":{"Date_Installed":null,"LED_Powered":1,"LightID":"L032881","Light_Source":"LED","Light_Type":"Cobra","Lighting_Type":"LED-Powered Lamp","Verification_Date":null},"id":"stl-city-public-streetlights:2:140024","sourceLayerId":2,"sourceObjectId":140024,"sourceURL":"https://maps8.stlouis-mo.gov/arcgis/rest/services/STREETS/Streets_Permitting/MapServer/2","title":"Street light L032881"},"type":"Feature"},{"geometry":{"coordinates":[-90.26341337225445,38.66011902162069],"type":"Point"},"id":"stl-city-public-streetlights:2:140025","properties":{"address":null,"attributes":{"Date_Installed":null,"LED_Powered":1,"LightID":"L032882","Light_Source":"LED","Light_Type":"Cobra","Lighting_Type":"LED-Powered Lamp","Verification_Date":null},"id":"stl-city-public-streetlights:2:140025","sourceLayerId":2,"sourceObjectId":140025,"sourceURL":"https://maps8.stlouis-mo.gov/arcgis/rest/services/STREETS/Streets_Permitting/MapServer/2","title":"Street light L032882"},"type":"Feature"},{"geometry":{"coordinates":[-90.26395328578995,38.66017240792619],"type":"Point"},"id":"stl-city-public-streetlights:2:140026","properties":{"address":null,"attributes":{"Date_Installed":null,"LED_Powered":1,"LightID":"L032883","Light_Source":"LED","Light_Type":"Cobra","Lighting_Type":"LED-Powered Lamp","Verification_Date":null},"id":"stl-city-public-streetlights:2:140026","sourceLayerId":2,"sourceObjectId":140026,"sourceURL":"https://maps8.stlouis-mo.gov/arcgis/rest/services/STREETS/Streets_Permitting/MapServer/2","title":"Street light L032883"},"type":"Feature"},{"geometry":{"coordinates":[-90.26449435309497,38.660227034583436],"type":"Point"},"id":"stl-city-public-streetlights:2:140027","properties":{"address":null,"attributes":{"Date_Installed":null,"LED_Powered":1,"LightID":"L032884","Light_Source":"LED","Light_Type":"Cobra","Lighting_Type":"LED-Powered Lamp","Verification_Date":null},"id":"stl-city-public-streetlights:2:140027","sourceLayerId":2,"sourceObjectId":140027,"sourceURL":"https://maps8.stlouis-mo.gov/arcgis/rest/services/STREETS/Streets_Permitting/MapServer/2","title":"Street light L032884"},"type":"Feature"},{"geometry":{"coordinates":[-90.26506767577332,38.660281222631895],"type":"Point"},"id":"stl-city-public-streetlights:2:140028","properties":{"address":null,"attributes":{"Date_Installed":null,"LED_Powered":1,"LightID":"L032885","Light_Source":"LED","Light_Type":"Cobra","Lighting_Type":"LED-Powered Lamp","Verification_Date":null},"id":"stl-city-public-streetlights:2:140028","sourceLayerId":2,"sourceObjectId":140028,"sourceURL":"https://maps8.stlouis-mo.gov/arcgis/rest/services/STREETS/Streets_Permitting/MapServer/2","title":"Street light L032885"},"type":"Feature"},{"geometry":{"coordinates":[-90.26563695080401,38.66034195461027],"type":"Point"},"id":"stl-city-public-streetlights:2:140029","properties":{"address":null,"attributes":{"Date_Installed":null,"LED_Powered":1,"LightID":"L032886","Light_Source":"LED","Light_Type":"Cobra","Lighting_Type":"LED-Powered Lamp","Verification_Date":null},"id":"stl-city-public-streetlights:2:140029","sourceLayerId":2,"sourceObjectId":140029,"sourceURL":"https://maps8.stlouis-mo.gov/arcgis/rest/services/STREETS/Streets_Permitting/MapServer/2","title":"Street light L032886"},"type":"Feature"},{"geometry":{"coordinates":[-90.26616667450335,38.66039373733743],"type":"Point"},"id":"stl-city-public-streetlights:2:140030","properties":{"address":null,"attributes":{"Date_Installed":null,"LED_Powered":1,"LightID":"L032887","Light_Source":"LED","Light_Type":"Cobra","Lighting_Type":"LED-Powered Lamp","Verification_Date":null},"id":"stl-city-public-streetlights:2:140030","sourceLayerId":2,"sourceObjectId":140030,"sourceURL":"https://maps8.stlouis-mo.gov/arcgis/rest/services/STREETS/Streets_Permitting/MapServer/2","title":"Street light L032887"},"type":"Feature"},{"geometry":{"coordinates":[-90.26671832146803,38.66044875593259],"type":"Point"},"id":"stl-city-public-streetlights:2:140031","properties":{"address":null,"attributes":{"Date_Installed":null,"LED_Powered":1,"LightID":"L032888","Light_Source":"LED","Light_Type":"Cobra","Lighting_Type":"LED-Powered Lamp","Verification_Date":null},"id":"stl-city-public-streetlights:2:140031","sourceLayerId":2,"sourceObjectId":140031,"sourceURL":"https://maps8.stlouis-mo.gov/arcgis/rest/services/STREETS/Streets_Permitting/MapServer/2","title":"Street light L032888"},"type":"Feature"},{"geometry":{"coordinates":[-90.26724650153555,38.660503677487974],"type":"Point"},"id":"stl-city-public-streetlights:2:140032","properties":{"address":null,"attributes":{"Date_Installed":null,"LED_Powered":1,"LightID":"L032889","Light_Source":"LED","Light_Type":"Cobra","Lighting_Type":"LED-Powered Lamp","Verification_Date":null},"id":"stl-city-public-streetlights:2:140032","sourceLayerId":2,"sourceObjectId":140032,"sourceURL":"https://maps8.stlouis-mo.gov/arcgis/rest/services/STREETS/Streets_Permitting/MapServer/2","title":"Street light L032889"},"type":"Feature"},{"geometry":{"coordinates":[-90.26778925215353,38.66056553808521],"type":"Point"},"id":"stl-city-public-streetlights:2:140033","properties":{"address":null,"attributes":{"Date_Installed":null,"LED_Powered":1,"LightID":"L032890","Light_Source":"LED","Light_Type":"Cobra","Lighting_Type":"LED-Powered Lamp","Verification_Date":null},"id":"stl-city-public-streetlights:2:140033","sourceLayerId":2,"sourceObjectId":140033,"sourceURL":"https://maps8.stlouis-mo.gov/arcgis/rest/services/STREETS/Streets_Permitting/MapServer/2","title":"Street light L032890"},"type":"Feature"},{"geometry":{"coordinates":[-90.26834235915459,38.6606214573118],"type":"Point"},"id":"stl-city-public-streetlights:2:140034","properties":{"address":null,"attributes":{"Date_Installed":null,"LED_Powered":1,"LightID":"L032891","Light_Source":"LED","Light_Type":"Cobra","Lighting_Type":"LED-Powered Lamp","Verification_Date":null},"id":"stl-city-public-streetlights:2:140034","sourceLayerId":2,"sourceObjectId":140034,"sourceURL":"https://maps8.stlouis-mo.gov/arcgis/rest/services/STREETS/Streets_Permitting/MapServer/2","title":"Street light L032891"},"type":"Feature"},{"geometry":{"coordinates":[-90.26891126515419,38.660680027616394],"type":"Point"},"id":"stl-city-public-streetlights:2:140035","properties":{"address":null,"attributes":{"Date_Installed":null,"LED_Powered":1,"LightID":"L032892","Light_Source":"LED","Light_Type":"Cobra","Lighting_Type":"LED-Powered Lamp","Verification_Date":null},"id":"stl-city-public-streetlights:2:140035","sourceLayerId":2,"sourceObjectId":140035,"sourceURL":"https://maps8.stlouis-mo.gov/arcgis/rest/services/STREETS/Streets_Permitting/MapServer/2","title":"Street light L032892"},"type":"Feature"},{"geometry":{"coordinates":[-90.26947940536127,38.66074121522461],"type":"Point"},"id":"stl-city-public-streetlights:2:140036","properties":{"address":null,"attributes":{"Date_Installed":null,"LED_Powered":1,"LightID":"L032893","Light_Source":"LED","Light_Type":"Cobra","Lighting_Type":"LED-Powered Lamp","Verification_Date":null},"id":"stl-city-public-streetlights:2:140036","sourceLayerId":2,"sourceObjectId":140036,"sourceURL":"https://maps8.stlouis-mo.gov/arcgis/rest/services/STREETS/Streets_Permitting/MapServer/2","title":"Street light L032893"},"type":"Feature"},{"geometry":{"coordinates":[-90.26231546669389,38.660028065806856],"type":"Point"},"id":"stl-city-public-streetlights:2:140195","properties":{"address":null,"attributes":{"Date_Installed":null,"LED_Powered":1,"LightID":"L033052","Light_Source":"LED","Light_Type":"Cobra","Lighting_Type":"LED-Powered Lamp","Verification_Date":1659312000000},"id":"stl-city-public-streetlights:2:140195","sourceLayerId":2,"sourceObjectId":140195,"sourceURL":"https://maps8.stlouis-mo.gov/arcgis/rest/services/STREETS/Streets_Permitting/MapServer/2","title":"Street light L033052"},"type":"Feature"},{"geometry":{"coordinates":[-90.26610743245176,38.664792489390685],"type":"Point"},"id":"stl-city-public-streetlights:2:147204","properties":{"address":null,"attributes":{"Date_Installed":null,"LED_Powered":0,"LightID":"L040059","Light_Source":"High Pressure Sodium","Light_Type":"Decorative","Lighting_Type":"Sterner/ELA (doublearm) (Historic Light Fixture)","Verification_Date":1656633600000},"id":"stl-city-public-streetlights:2:147204","sourceLayerId":2,"sourceObjectId":147204,"sourceURL":"https://maps8.stlouis-mo.gov/arcgis/rest/services/STREETS/Streets_Permitting/MapServer/2","title":"Street light L040059"},"type":"Feature"},{"geometry":{"coordinates":[-90.26586325910903,38.664662341820964],"type":"Point"},"id":"stl-city-public-streetlights:2:147205","properties":{"address":null,"attributes":{"Date_Installed":null,"LED_Powered":0,"LightID":"L040060","Light_Source":"High Pressure Sodium","Light_Type":"Decorative","Lighting_Type":"Sterner/ELA (doublearm) (Historic Light Fixture)","Verification_Date":1656633600000},"id":"stl-city-public-streetlights:2:147205","sourceLayerId":2,"sourceObjectId":147205,"sourceURL":"https://maps8.stlouis-mo.gov/arcgis/rest/services/STREETS/Streets_Permitting/MapServer/2","title":"Street light L040060"},"type":"Feature"},{"geometry":{"coordinates":[-90.26551429458621,38.66449370598414],"type":"Point"},"id":"stl-city-public-streetlights:2:147206","properties":{"address":null,"attributes":{"Date_Installed":null,"LED_Powered":0,"LightID":"L040061","Light_Source":"High Pressure Sodium","Light_Type":"Decorative","Lighting_Type":"Sterner/ELA (doublearm) (Historic Light Fixture)","Verification_Date":1659312000000},"id":"stl-city-public-streetlights:2:147206","sourceLayerId":2,"sourceObjectId":147206,"sourceURL":"https://maps8.stlouis-mo.gov/arcgis/rest/services/STREETS/Streets_Permitting/MapServer/2","title":"Street light L040061"},"type":"Feature"},{"geometry":{"coordinates":[-90.26517106196906,38.664331765182716],"type":"Point"},"id":"stl-city-public-streetlights:2:147207","properties":{"address":null,"attributes":{"Date_Installed":null,"LED_Powered":0,"LightID":"L040062","Light_Source":"High Pressure Sodium","Light_Type":"Decorative","Lighting_Type":"Sterner/ELA (doublearm) (Historic Light Fixture)","Verification_Date":1659312000000},"id":"stl-city-public-streetlights:2:147207","sourceLayerId":2,"sourceObjectId":147207,"sourceURL":"https://maps8.stlouis-mo.gov/arcgis/rest/services/STREETS/Streets_Permitting/MapServer/2","title":"Street light L040062"},"type":"Feature"},{"geometry":{"coordinates":[-90.26479312664199,38.66415847180372],"type":"Point"},"id":"stl-city-public-streetlights:2:147208","properties":{"address":null,"attributes":{"Date_Installed":null,"LED_Powered":0,"LightID":"L040063","Light_Source":"High Pressure Sodium","Light_Type":"Decorative","Lighting_Type":"Sterner/ELA (doublearm) (Historic Light Fixture)","Verification_Date":1659312000000},"id":"stl-city-public-streetlights:2:147208","sourceLayerId":2,"sourceObjectId":147208,"sourceURL":"https://maps8.stlouis-mo.gov/arcgis/rest/services/STREETS/Streets_Permitting/MapServer/2","title":"Street light L040063"},"type":"Feature"},{"geometry":{"coordinates":[-90.26436727209246,38.66399401206086],"type":"Point"},"id":"stl-city-public-streetlights:2:147209","properties":{"address":null,"attributes":{"Date_Installed":null,"LED_Powered":0,"LightID":"L040064","Light_Source":"High Pressure Sodium","Light_Type":"Decorative","Lighting_Type":"Sterner/ELA (doublearm) (Historic Light Fixture)","Verification_Date":1659312000000},"id":"stl-city-public-streetlights:2:147209","sourceLayerId":2,"sourceObjectId":147209,"sourceURL":"https://maps8.stlouis-mo.gov/arcgis/rest/services/STREETS/Streets_Permitting/MapServer/2","title":"Street light L040064"},"type":"Feature"},{"geometry":{"coordinates":[-90.26400889687473,38.66385650899734],"type":"Point"},"id":"stl-city-public-streetlights:2:147210","properties":{"address":null,"attributes":{"Date_Installed":null,"LED_Powered":0,"LightID":"L040065","Light_Source":"High Pressure Sodium","Light_Type":"Decorative","Lighting_Type":"Sterner/ELA (doublearm) (Historic Light Fixture)","Verification_Date":1659312000000},"id":"stl-city-public-streetlights:2:147210","sourceLayerId":2,"sourceObjectId":147210,"sourceURL":"https://maps8.stlouis-mo.gov/arcgis/rest/services/STREETS/Streets_Permitting/MapServer/2","title":"Street light L040065"},"type":"Feature"},{"geometry":{"coordinates":[-90.26366692151832,38.663725476600895],"type":"Point"},"id":"stl-city-public-streetlights:2:147211","properties":{"address":null,"attributes":{"Date_Installed":null,"LED_Powered":0,"LightID":"L040066","Light_Source":"High Pressure Sodium","Light_Type":"Decorative","Lighting_Type":"Sterner/ELA (doublearm) (Historic Light Fixture)","Verification_Date":1659312000000},"id":"stl-city-public-streetlights:2:147211","sourceLayerId":2,"sourceObjectId":147211,"sourceURL":"https://maps8.stlouis-mo.gov/arcgis/rest/services/STREETS/Streets_Permitting/MapServer/2","title":"Street light L040066"},"type":"Feature"},{"geometry":{"coordinates":[-90.26326117520045,38.66357615770182],"type":"Point"},"id":"stl-city-public-streetlights:2:147212","properties":{"address":null,"attributes":{"Date_Installed":null,"LED_Powered":0,"LightID":"L040067","Light_Source":"High Pressure Sodium","Light_Type":"Decorative","Lighting_Type":"Sterner/ELA (doublearm) (Historic Light Fixture)","Verification_Date":1659312000000},"id":"stl-city-public-streetlights:2:147212","sourceLayerId":2,"sourceObjectId":147212,"sourceURL":"https://maps8.stlouis-mo.gov/arcgis/rest/services/STREETS/Streets_Permitting/MapServer/2","title":"Street light L040067"},"type":"Feature"},{"geometry":{"coordinates":[-90.26288846332544,38.66344694636869],"type":"Point"},"id":"stl-city-public-streetlights:2:147213","properties":{"address":null,"attributes":{"Date_Installed":null,"LED_Powered":0,"LightID":"L040068","Light_Source":"High Pressure Sodium","Light_Type":"Decorative","Lighting_Type":"Sterner/ELA (doublearm) (Historic Light Fixture)","Verification_Date":1659312000000},"id":"stl-city-public-streetlights:2:147213","sourceLayerId":2,"sourceObjectId":147213,"sourceURL":"https://maps8.stlouis-mo.gov/arcgis/rest/services/STREETS/Streets_Permitting/MapServer/2","title":"Street light L040068"},"type":"Feature"},{"geometry":{"coordinates":[-90.26250249057819,38.66331254304508],"type":"Point"},"id":"stl-city-public-streetlights:2:147214","properties":{"address":null,"attributes":{"Date_Installed":null,"LED_Powered":0,"LightID":"L040069","Light_Source":"High Pressure Sodium","Light_Type":"Decorative","Lighting_Type":"Sterner/ELA (doublearm) (Historic Light Fixture)","Verification_Date":1659312000000},"id":"stl-city-public-streetlights:2:147214","sourceLayerId":2,"sourceObjectId":147214,"sourceURL":"https://maps8.stlouis-mo.gov/arcgis/rest/services/STREETS/Streets_Permitting/MapServer/2","title":"Street light L040069"},"type":"Feature"},{"geometry":{"coordinates":[-90.26219733225788,38.6631984636938],"type":"Point"},"id":"stl-city-public-streetlights:2:147215","properties":{"address":null,"attributes":{"Date_Installed":null,"LED_Powered":0,"LightID":"L040070","Light_Source":"High Pressure Sodium","Light_Type":"Decorative","Lighting_Type":"Sterner/ELA (doublearm) (Historic Light Fixture)","Verification_Date":1659312000000},"id":"stl-city-public-streetlights:2:147215","sourceLayerId":2,"sourceObjectId":147215,"sourceURL":"https://maps8.stlouis-mo.gov/arcgis/rest/services/STREETS/Streets_Permitting/MapServer/2","title":"Street light L040070"},"type":"Feature"},{"geometry":{"coordinates":[-90.26179842830297,38.66305411570383],"type":"Point"},"id":"stl-city-public-streetlights:2:147216","properties":{"address":null,"attributes":{"Date_Installed":null,"LED_Powered":0,"LightID":"L040071","Light_Source":"High Pressure Sodium","Light_Type":"Decorative","Lighting_Type":"Sterner/ELA (doublearm) (Historic Light Fixture)","Verification_Date":1659312000000},"id":"stl-city-public-streetlights:2:147216","sourceLayerId":2,"sourceObjectId":147216,"sourceURL":"https://maps8.stlouis-mo.gov/arcgis/rest/services/STREETS/Streets_Permitting/MapServer/2","title":"Street light L040071"},"type":"Feature"},{"geometry":{"coordinates":[-90.26185296392883,38.663284335516074],"type":"Point"},"id":"stl-city-public-streetlights:2:147437","properties":{"address":null,"attributes":{"Date_Installed":null,"LED_Powered":0,"LightID":"L040292","Light_Source":"High Pressure Sodium","Light_Type":"Decorative","Lighting_Type":"Sterner/ELA (doublearm) (Historic Light Fixture)","Verification_Date":1659312000000},"id":"stl-city-public-streetlights:2:147437","sourceLayerId":2,"sourceObjectId":147437,"sourceURL":"https://maps8.stlouis-mo.gov/arcgis/rest/services/STREETS/Streets_Permitting/MapServer/2","title":"Street light L040292"},"type":"Feature"},{"geometry":{"coordinates":[-90.26210209183314,38.66335706467456],"type":"Point"},"id":"stl-city-public-streetlights:2:147438","properties":{"address":null,"attributes":{"Date_Installed":null,"LED_Powered":0,"LightID":"L040293","Light_Source":"High Pressure Sodium","Light_Type":"Decorative","Lighting_Type":"Sterner/ELA (doublearm) (Historic Light Fixture)","Verification_Date":1659312000000},"id":"stl-city-public-streetlights:2:147438","sourceLayerId":2,"sourceObjectId":147438,"sourceURL":"https://maps8.stlouis-mo.gov/arcgis/rest/services/STREETS/Streets_Permitting/MapServer/2","title":"Street light L040293"},"type":"Feature"},{"geometry":{"coordinates":[-90.2624513649997,38.66346122412727],"type":"Point"},"id":"stl-city-public-streetlights:2:147439","properties":{"address":null,"attributes":{"Date_Installed":null,"LED_Powered":0,"LightID":"L040294","Light_Source":"High Pressure Sodium","Light_Type":"Decorative","Lighting_Type":"Sterner/ELA (doublearm) (Historic Light Fixture)","Verification_Date":1659312000000},"id":"stl-city-public-streetlights:2:147439","sourceLayerId":2,"sourceObjectId":147439,"sourceURL":"https://maps8.stlouis-mo.gov/arcgis/rest/services/STREETS/Streets_Permitting/MapServer/2","title":"Street light L040294"},"type":"Feature"},{"geometry":{"coordinates":[-90.26282183815039,38.66359068906516],"type":"Point"},"id":"stl-city-public-streetlights:2:147440","properties":{"address":null,"attributes":{"Date_Installed":null,"LED_Powered":0,"LightID":"L040295","Light_Source":"High Pressure Sodium","Light_Type":"Decorative","Lighting_Type":"Sterner/ELA (doublearm) (Historic Light Fixture)","Verification_Date":1659312000000},"id":"stl-city-public-streetlights:2:147440","sourceLayerId":2,"sourceObjectId":147440,"sourceURL":"https://maps8.stlouis-mo.gov/arcgis/rest/services/STREETS/Streets_Permitting/MapServer/2","title":"Street light L040295"},"type":"Feature"},{"geometry":{"coordinates":[-90.26335323495105,38.66378245224115],"type":"Point"},"id":"stl-city-public-streetlights:2:147441","properties":{"address":null,"attributes":{"Date_Installed":null,"LED_Powered":0,"LightID":"L040296","Light_Source":"High Pressure Sodium","Light_Type":"Decorative","Lighting_Type":"Sterner/ELA (doublearm) (Historic Light Fixture)","Verification_Date":1659312000000},"id":"stl-city-public-streetlights:2:147441","sourceLayerId":2,"sourceObjectId":147441,"sourceURL":"https://maps8.stlouis-mo.gov/arcgis/rest/services/STREETS/Streets_Permitting/MapServer/2","title":"Street light L040296"},"type":"Feature"},{"geometry":{"coordinates":[-90.26373580895309,38.663931009612476],"type":"Point"},"id":"stl-city-public-streetlights:2:147442","properties":{"address":null,"attributes":{"Date_Installed":null,"LED_Powered":0,"LightID":"L040297","Light_Source":"High Pressure Sodium","Light_Type":"Decorative","Lighting_Type":"Sterner/ELA (doublearm) (Historic Light Fixture)","Verification_Date":1659312000000},"id":"stl-city-public-streetlights:2:147442","sourceLayerId":2,"sourceObjectId":147442,"sourceURL":"https://maps8.stlouis-mo.gov/arcgis/rest/services/STREETS/Streets_Permitting/MapServer/2","title":"Street light L040297"},"type":"Feature"},{"geometry":{"coordinates":[-90.26430711105334,38.66414142350766],"type":"Point"},"id":"stl-city-public-streetlights:2:147443","properties":{"address":null,"attributes":{"Date_Installed":null,"LED_Powered":0,"LightID":"L040298","Light_Source":"High Pressure Sodium","Light_Type":"Decorative","Lighting_Type":"Sterner/ELA (doublearm) (Historic Light Fixture)","Verification_Date":1659312000000},"id":"stl-city-public-streetlights:2:147443","sourceLayerId":2,"sourceObjectId":147443,"sourceURL":"https://maps8.stlouis-mo.gov/arcgis/rest/services/STREETS/Streets_Permitting/MapServer/2","title":"Street light L040298"},"type":"Feature"},{"geometry":{"coordinates":[-90.26453193960799,38.66423771614178],"type":"Point"},"id":"stl-city-public-streetlights:2:147444","properties":{"address":null,"attributes":{"Date_Installed":null,"LED_Powered":0,"LightID":"L040299","Light_Source":"High Pressure Sodium","Light_Type":"Decorative","Lighting_Type":"Sterner/ELA (doublearm) (Historic Light Fixture)","Verification_Date":1659312000000},"id":"stl-city-public-streetlights:2:147444","sourceLayerId":2,"sourceObjectId":147444,"sourceURL":"https://maps8.stlouis-mo.gov/arcgis/rest/services/STREETS/Streets_Permitting/MapServer/2","title":"Street light L040299"},"type":"Feature"},{"geometry":{"coordinates":[-90.26486077710011,38.664364946683456],"type":"Point"},"id":"stl-city-public-streetlights:2:147445","properties":{"address":null,"attributes":{"Date_Installed":null,"LED_Powered":0,"LightID":"L040300","Light_Source":"High Pressure Sodium","Light_Type":"Decorative","Lighting_Type":"Sterner/ELA (doublearm) (Historic Light Fixture)","Verification_Date":1659312000000},"id":"stl-city-public-streetlights:2:147445","sourceLayerId":2,"sourceObjectId":147445,"sourceURL":"https://maps8.stlouis-mo.gov/arcgis/rest/services/STREETS/Streets_Permitting/MapServer/2","title":"Street light L040300"},"type":"Feature"},{"geometry":{"coordinates":[-90.26507265550579,38.66446038162601],"type":"Point"},"id":"stl-city-public-streetlights:2:147446","properties":{"address":null,"attributes":{"Date_Installed":null,"LED_Powered":0,"LightID":"L040301","Light_Source":"High Pressure Sodium","Light_Type":"Decorative","Lighting_Type":"Sterner/ELA (doublearm) (Historic Light Fixture)","Verification_Date":1659312000000},"id":"stl-city-public-streetlights:2:147446","sourceLayerId":2,"sourceObjectId":147446,"sourceURL":"https://maps8.stlouis-mo.gov/arcgis/rest/services/STREETS/Streets_Permitting/MapServer/2","title":"Street light L040301"},"type":"Feature"},{"geometry":{"coordinates":[-90.26543277460249,38.6646333608962],"type":"Point"},"id":"stl-city-public-streetlights:2:147447","properties":{"address":null,"attributes":{"Date_Installed":null,"LED_Powered":0,"LightID":"L040302","Light_Source":"High Pressure Sodium","Light_Type":"Decorative","Lighting_Type":"Sterner/ELA (doublearm) (Historic Light Fixture)","Verification_Date":1659312000000},"id":"stl-city-public-streetlights:2:147447","sourceLayerId":2,"sourceObjectId":147447,"sourceURL":"https://maps8.stlouis-mo.gov/arcgis/rest/services/STREETS/Streets_Permitting/MapServer/2","title":"Street light L040302"},"type":"Feature"},{"geometry":{"coordinates":[-90.26575085214938,38.66478955875429],"type":"Point"},"id":"stl-city-public-streetlights:2:147448","properties":{"address":null,"attributes":{"Date_Installed":null,"LED_Powered":0,"LightID":"L040303","Light_Source":"High Pressure Sodium","Light_Type":"Decorative","Lighting_Type":"Sterner/ELA (doublearm) (Historic Light Fixture)","Verification_Date":1656633600000},"id":"stl-city-public-streetlights:2:147448","sourceLayerId":2,"sourceObjectId":147448,"sourceURL":"https://maps8.stlouis-mo.gov/arcgis/rest/services/STREETS/Streets_Permitting/MapServer/2","title":"Street light L040303"},"type":"Feature"},{"geometry":{"coordinates":[-90.26606106105353,38.664956743425115],"type":"Point"},"id":"stl-city-public-streetlights:2:147449","properties":{"address":null,"attributes":{"Date_Installed":null,"LED_Powered":0,"LightID":"L040304","Light_Source":"High Pressure Sodium","Light_Type":"Decorative","Lighting_Type":"Sterner/ELA (doublearm) (Historic Light Fixture)","Verification_Date":1656633600000},"id":"stl-city-public-streetlights:2:147449","sourceLayerId":2,"sourceObjectId":147449,"sourceURL":"https://maps8.stlouis-mo.gov/arcgis/rest/services/STREETS/Streets_Permitting/MapServer/2","title":"Street light L040304"},"type":"Feature"},{"geometry":{"coordinates":[-90.26643919111989,38.665164289256154],"type":"Point"},"id":"stl-city-public-streetlights:2:147450","properties":{"address":null,"attributes":{"Date_Installed":null,"LED_Powered":0,"LightID":"L040305","Light_Source":"High Pressure Sodium","Light_Type":"Decorative","Lighting_Type":"Sterner/ELA (doublearm) (Historic Light Fixture)","Verification_Date":1656633600000},"id":"stl-city-public-streetlights:2:147450","sourceLayerId":2,"sourceObjectId":147450,"sourceURL":"https://maps8.stlouis-mo.gov/arcgis/rest/services/STREETS/Streets_Permitting/MapServer/2","title":"Street light L040305"},"type":"Feature"},{"geometry":{"coordinates":[-90.26679259985147,38.66535454973257],"type":"Point"},"id":"stl-city-public-streetlights:2:147451","properties":{"address":null,"attributes":{"Date_Installed":null,"LED_Powered":0,"LightID":"L040306","Light_Source":"High Pressure Sodium","Light_Type":"Decorative","Lighting_Type":"Sterner/ELA (doublearm) (Historic Light Fixture)","Verification_Date":1656633600000},"id":"stl-city-public-streetlights:2:147451","sourceLayerId":2,"sourceObjectId":147451,"sourceURL":"https://maps8.stlouis-mo.gov/arcgis/rest/services/STREETS/Streets_Permitting/MapServer/2","title":"Street light L040306"},"type":"Feature"},{"geometry":{"coordinates":[-90.26717791778754,38.66558206121086],"type":"Point"},"id":"stl-city-public-streetlights:2:147452","properties":{"address":null,"attributes":{"Date_Installed":null,"LED_Powered":0,"LightID":"L040307","Light_Source":"High Pressure Sodium","Light_Type":"Decorative","Lighting_Type":"Sterner/ELA (doublearm) (Historic Light Fixture)","Verification_Date":1656633600000},"id":"stl-city-public-streetlights:2:147452","sourceLayerId":2,"sourceObjectId":147452,"sourceURL":"https://maps8.stlouis-mo.gov/arcgis/rest/services/STREETS/Streets_Permitting/MapServer/2","title":"Street light L040307"},"type":"Feature"},{"geometry":{"coordinates":[-90.26745860760856,38.66574121146419],"type":"Point"},"id":"stl-city-public-streetlights:2:147453","properties":{"address":null,"attributes":{"Date_Installed":null,"LED_Powered":0,"LightID":"L040308","Light_Source":"High Pressure Sodium","Light_Type":"Decorative","Lighting_Type":"Sterner/ELA (doublearm) (Historic Light Fixture)","Verification_Date":1656633600000},"id":"stl-city-public-streetlights:2:147453","sourceLayerId":2,"sourceObjectId":147453,"sourceURL":"https://maps8.stlouis-mo.gov/arcgis/rest/services/STREETS/Streets_Permitting/MapServer/2","title":"Street light L040308"},"type":"Feature"},{"geometry":{"coordinates":[-90.26785417568014,38.66595672777356],"type":"Point"},"id":"stl-city-public-streetlights:2:147454","properties":{"address":null,"attributes":{"Date_Installed":null,"LED_Powered":0,"LightID":"L040309","Light_Source":"High Pressure Sodium","Light_Type":"Decorative","Lighting_Type":"Sterner/ELA (doublearm) (Historic Light Fixture)","Verification_Date":1656633600000},"id":"stl-city-public-streetlights:2:147454","sourceLayerId":2,"sourceObjectId":147454,"sourceURL":"https://maps8.stlouis-mo.gov/arcgis/rest/services/STREETS/Streets_Permitting/MapServer/2","title":"Street light L040309"},"type":"Feature"},{"geometry":{"coordinates":[-90.26807007181432,38.666074622517776],"type":"Point"},"id":"stl-city-public-streetlights:2:147455","properties":{"address":null,"attributes":{"Date_Installed":null,"LED_Powered":0,"LightID":"L040310","Light_Source":"High Pressure Sodium","Light_Type":"Decorative","Lighting_Type":"Sterner/ELA (doublearm) (Historic Light Fixture)","Verification_Date":1656633600000},"id":"stl-city-public-streetlights:2:147455","sourceLayerId":2,"sourceObjectId":147455,"sourceURL":"https://maps8.stlouis-mo.gov/arcgis/rest/services/STREETS/Streets_Permitting/MapServer/2","title":"Street light L040310"},"type":"Feature"},{"geometry":{"coordinates":[-90.26838825953614,38.66622356217029],"type":"Point"},"id":"stl-city-public-streetlights:2:147456","properties":{"address":null,"attributes":{"Date_Installed":null,"LED_Powered":0,"LightID":"L040311","Light_Source":"High Pressure Sodium","Light_Type":"Decorative","Lighting_Type":"Sterner/ELA (doublearm) (Historic Light Fixture)","Verification_Date":1656633600000},"id":"stl-city-public-streetlights:2:147456","sourceLayerId":2,"sourceObjectId":147456,"sourceURL":"https://maps8.stlouis-mo.gov/arcgis/rest/services/STREETS/Streets_Permitting/MapServer/2","title":"Street light L040311"},"type":"Feature"},{"geometry":{"coordinates":[-90.2686691405942,38.6663777424033],"type":"Point"},"id":"stl-city-public-streetlights:2:147457","properties":{"address":null,"attributes":{"Date_Installed":null,"LED_Powered":0,"LightID":"L040312","Light_Source":"High Pressure Sodium","Light_Type":"Decorative","Lighting_Type":"Sterner/ELA (doublearm) (Historic Light Fixture)","Verification_Date":1656633600000},"id":"stl-city-public-streetlights:2:147457","sourceLayerId":2,"sourceObjectId":147457,"sourceURL":"https://maps8.stlouis-mo.gov/arcgis/rest/services/STREETS/Streets_Permitting/MapServer/2","title":"Street light L040312"},"type":"Feature"},{"geometry":{"coordinates":[-90.26931106278919,38.6667198646876],"type":"Point"},"id":"stl-city-public-streetlights:2:147458","properties":{"address":null,"attributes":{"Date_Installed":null,"LED_Powered":0,"LightID":"L040313","Light_Source":"High Pressure Sodium","Light_Type":"Decorative","Lighting_Type":"Sterner/ELA (doublearm) (Historic Light Fixture)","Verification_Date":1656633600000},"id":"stl-city-public-streetlights:2:147458","sourceLayerId":2,"sourceObjectId":147458,"sourceURL":"https://maps8.stlouis-mo.gov/arcgis/rest/services/STREETS/Streets_Permitting/MapServer/2","title":"Street light L040313"},"type":"Feature"},{"geometry":{"coordinates":[-90.26958771436372,38.66687337671815],"type":"Point"},"id":"stl-city-public-streetlights:2:147459","properties":{"address":null,"attributes":{"Date_Installed":null,"LED_Powered":0,"LightID":"L040314","Light_Source":"High Pressure Sodium","Light_Type":"Decorative","Lighting_Type":"Sterner/ELA (doublearm) (Historic Light Fixture)","Verification_Date":1656633600000},"id":"stl-city-public-streetlights:2:147459","sourceLayerId":2,"sourceObjectId":147459,"sourceURL":"https://maps8.stlouis-mo.gov/arcgis/rest/services/STREETS/Streets_Permitting/MapServer/2","title":"Street light L040314"},"type":"Feature"},{"geometry":{"coordinates":[-90.26987677030603,38.667027639511076],"type":"Point"},"id":"stl-city-public-streetlights:2:147460","properties":{"address":null,"attributes":{"Date_Installed":null,"LED_Powered":0,"LightID":"L040315","Light_Source":"High Pressure Sodium","Light_Type":"Decorative","Lighting_Type":"Sterner/ELA (doublearm) (Historic Light Fixture)","Verification_Date":1656633600000},"id":"stl-city-public-streetlights:2:147460","sourceLayerId":2,"sourceObjectId":147460,"sourceURL":"https://maps8.stlouis-mo.gov/arcgis/rest/services/STREETS/Streets_Permitting/MapServer/2","title":"Street light L040315"},"type":"Feature"},{"geometry":{"coordinates":[-90.26998628594797,38.66690361832176],"type":"Point"},"id":"stl-city-public-streetlights:2:147855","properties":{"address":null,"attributes":{"Date_Installed":null,"LED_Powered":0,"LightID":"L040710","Light_Source":"High Pressure Sodium","Light_Type":"Decorative","Lighting_Type":"Sterner/ELA (doublearm) (Historic Light Fixture)","Verification_Date":1656633600000},"id":"stl-city-public-streetlights:2:147855","sourceLayerId":2,"sourceObjectId":147855,"sourceURL":"https://maps8.stlouis-mo.gov/arcgis/rest/services/STREETS/Streets_Permitting/MapServer/2","title":"Street light L040710"},"type":"Feature"},{"geometry":{"coordinates":[-90.26970041333084,38.66675004403444],"type":"Point"},"id":"stl-city-public-streetlights:2:147856","properties":{"address":null,"attributes":{"Date_Installed":null,"LED_Powered":0,"LightID":"L040711","Light_Source":"High Pressure Sodium","Light_Type":"Decorative","Lighting_Type":"Sterner/ELA (doublearm) (Historic Light Fixture)","Verification_Date":1656633600000},"id":"stl-city-public-streetlights:2:147856","sourceLayerId":2,"sourceObjectId":147856,"sourceURL":"https://maps8.stlouis-mo.gov/arcgis/rest/services/STREETS/Streets_Permitting/MapServer/2","title":"Street light L040711"},"type":"Feature"},{"geometry":{"coordinates":[-90.26941645775595,38.66659709353492],"type":"Point"},"id":"stl-city-public-streetlights:2:147857","properties":{"address":null,"attributes":{"Date_Installed":null,"LED_Powered":0,"LightID":"L040712","Light_Source":"High Pressure Sodium","Light_Type":"Decorative","Lighting_Type":"Sterner/ELA (doublearm) (Historic Light Fixture)","Verification_Date":1656633600000},"id":"stl-city-public-streetlights:2:147857","sourceLayerId":2,"sourceObjectId":147857,"sourceURL":"https://maps8.stlouis-mo.gov/arcgis/rest/services/STREETS/Streets_Permitting/MapServer/2","title":"Street light L040712"},"type":"Feature"},{"geometry":{"coordinates":[-90.26891567902585,38.66632493244027],"type":"Point"},"id":"stl-city-public-streetlights:2:147858","properties":{"address":null,"attributes":{"Date_Installed":null,"LED_Powered":0,"LightID":"L040713","Light_Source":"High Pressure Sodium","Light_Type":"Decorative","Lighting_Type":"Sterner/ELA (doublearm) (Historic Light Fixture)","Verification_Date":1656633600000},"id":"stl-city-public-streetlights:2:147858","sourceLayerId":2,"sourceObjectId":147858,"sourceURL":"https://maps8.stlouis-mo.gov/arcgis/rest/services/STREETS/Streets_Permitting/MapServer/2","title":"Street light L040713"},"type":"Feature"},{"geometry":{"coordinates":[-90.26852917464171,38.66611536459064],"type":"Point"},"id":"stl-city-public-streetlights:2:147859","properties":{"address":null,"attributes":{"Date_Installed":null,"LED_Powered":0,"LightID":"L040714","Light_Source":"High Pressure Sodium","Light_Type":"Decorative","Lighting_Type":"Sterner/ELA (doublearm) (Historic Light Fixture)","Verification_Date":1656633600000},"id":"stl-city-public-streetlights:2:147859","sourceLayerId":2,"sourceObjectId":147859,"sourceURL":"https://maps8.stlouis-mo.gov/arcgis/rest/services/STREETS/Streets_Permitting/MapServer/2","title":"Street light L040714"},"type":"Feature"},{"geometry":{"coordinates":[-90.26822568755662,38.66592354437109],"type":"Point"},"id":"stl-city-public-streetlights:2:147860","properties":{"address":null,"attributes":{"Date_Installed":null,"LED_Powered":0,"LightID":"L040715","Light_Source":"High Pressure Sodium","Light_Type":"Decorative","Lighting_Type":"Sterner/ELA (doublearm) (Historic Light Fixture)","Verification_Date":1656633600000},"id":"stl-city-public-streetlights:2:147860","sourceLayerId":2,"sourceObjectId":147860,"sourceURL":"https://maps8.stlouis-mo.gov/arcgis/rest/services/STREETS/Streets_Permitting/MapServer/2","title":"Street light L040715"},"type":"Feature"},{"geometry":{"coordinates":[-90.26795934844998,38.66577540712581],"type":"Point"},"id":"stl-city-public-streetlights:2:147861","properties":{"address":null,"attributes":{"Date_Installed":null,"LED_Powered":0,"LightID":"L040716","Light_Source":"High Pressure Sodium","Light_Type":"Decorative","Lighting_Type":"Sterner/ELA (doublearm) (Historic Light Fixture)","Verification_Date":1656633600000},"id":"stl-city-public-streetlights:2:147861","sourceLayerId":2,"sourceObjectId":147861,"sourceURL":"https://maps8.stlouis-mo.gov/arcgis/rest/services/STREETS/Streets_Permitting/MapServer/2","title":"Street light L040716"},"type":"Feature"},{"geometry":{"coordinates":[-90.26743199045426,38.66548440075641],"type":"Point"},"id":"stl-city-public-streetlights:2:147862","properties":{"address":null,"attributes":{"Date_Installed":null,"LED_Powered":0,"LightID":"L040717","Light_Source":"High Pressure Sodium","Light_Type":"Decorative","Lighting_Type":"Sterner/ELA (doublearm) (Historic Light Fixture)","Verification_Date":1656633600000},"id":"stl-city-public-streetlights:2:147862","sourceLayerId":2,"sourceObjectId":147862,"sourceURL":"https://maps8.stlouis-mo.gov/arcgis/rest/services/STREETS/Streets_Permitting/MapServer/2","title":"Street light L040717"},"type":"Feature"},{"geometry":{"coordinates":[-90.26721284528128,38.665387445751406],"type":"Point"},"id":"stl-city-public-streetlights:2:147863","properties":{"address":null,"attributes":{"Date_Installed":null,"LED_Powered":0,"LightID":"L040718","Light_Source":"High Pressure Sodium","Light_Type":"Decorative","Lighting_Type":"Sterner/ELA (doublearm) (Historic Light Fixture)","Verification_Date":1656633600000},"id":"stl-city-public-streetlights:2:147863","sourceLayerId":2,"sourceObjectId":147863,"sourceURL":"https://maps8.stlouis-mo.gov/arcgis/rest/services/STREETS/Streets_Permitting/MapServer/2","title":"Street light L040718"},"type":"Feature"},{"geometry":{"coordinates":[-90.26690612758617,38.665229384458414],"type":"Point"},"id":"stl-city-public-streetlights:2:147864","properties":{"address":null,"attributes":{"Date_Installed":null,"LED_Powered":0,"LightID":"L040719","Light_Source":"High Pressure Sodium","Light_Type":"Decorative","Lighting_Type":"Sterner/ELA (doublearm) (Historic Light Fixture)","Verification_Date":1656633600000},"id":"stl-city-public-streetlights:2:147864","sourceLayerId":2,"sourceObjectId":147864,"sourceURL":"https://maps8.stlouis-mo.gov/arcgis/rest/services/STREETS/Streets_Permitting/MapServer/2","title":"Street light L040719"},"type":"Feature"},{"geometry":{"coordinates":[-90.26653728547105,38.665027300925686],"type":"Point"},"id":"stl-city-public-streetlights:2:147865","properties":{"address":null,"attributes":{"Date_Installed":null,"LED_Powered":0,"LightID":"L040720","Light_Source":"High Pressure Sodium","Light_Type":"Decorative","Lighting_Type":"Sterner/ELA (doublearm) (Historic Light Fixture)","Verification_Date":1656633600000},"id":"stl-city-public-streetlights:2:147865","sourceLayerId":2,"sourceObjectId":147865,"sourceURL":"https://maps8.stlouis-mo.gov/arcgis/rest/services/STREETS/Streets_Permitting/MapServer/2","title":"Street light L040720"},"type":"Feature"},{"geometry":{"coordinates":[-90.26061472283334,38.66390353898113],"type":"Point"},"id":"stl-city-public-streetlights:2:152942","properties":{"address":null,"attributes":{"Date_Installed":null,"LED_Powered":0,"LightID":"L045796","Light_Source":"LED","Light_Type":"Cobra","Lighting_Type":"LED-Powered Lamp","Verification_Date":null},"id":"stl-city-public-streetlights:2:152942","sourceLayerId":2,"sourceObjectId":152942,"sourceURL":"https://maps8.stlouis-mo.gov/arcgis/rest/services/STREETS/Streets_Permitting/MapServer/2","title":"Street light L045796"},"type":"Feature"},{"geometry":{"coordinates":[-90.26023040075857,38.66373399340354],"type":"Point"},"id":"stl-city-public-streetlights:2:152943","properties":{"address":null,"attributes":{"Date_Installed":null,"LED_Powered":0,"LightID":"L045797","Light_Source":"LED","Light_Type":"Cobra","Lighting_Type":"LED-Powered Lamp","Verification_Date":null},"id":"stl-city-public-streetlights:2:152943","sourceLayerId":2,"sourceObjectId":152943,"sourceURL":"https://maps8.stlouis-mo.gov/arcgis/rest/services/STREETS/Streets_Permitting/MapServer/2","title":"Street light L045797"},"type":"Feature"},{"geometry":{"coordinates":[-90.26141365892454,38.663261267692384],"type":"Point"},"id":"stl-city-public-streetlights:2:153022","properties":{"address":null,"attributes":{"Date_Installed":null,"LED_Powered":1,"LightID":"L045876","Light_Source":"LED","Light_Type":"Cobra","Lighting_Type":"LED-Powered Lamp (Twin Lights)","Verification_Date":1661990400000},"id":"stl-city-public-streetlights:2:153022","sourceLayerId":2,"sourceObjectId":153022,"sourceURL":"https://maps8.stlouis-mo.gov/arcgis/rest/services/STREETS/Streets_Permitting/MapServer/2","title":"Street light L045876"},"type":"Feature"},{"geometry":{"coordinates":[-90.261200476287,38.663556578166315],"type":"Point"},"id":"stl-city-public-streetlights:2:153023","properties":{"address":null,"attributes":{"Date_Installed":null,"LED_Powered":1,"LightID":"L045877","Light_Source":"LED","Light_Type":"Cobra","Lighting_Type":"LED-Powered Lamp (Twin Lights)","Verification_Date":1661990400000},"id":"stl-city-public-streetlights:2:153023","sourceLayerId":2,"sourceObjectId":153023,"sourceURL":"https://maps8.stlouis-mo.gov/arcgis/rest/services/STREETS/Streets_Permitting/MapServer/2","title":"Street light L045877"},"type":"Feature"},{"geometry":{"coordinates":[-90.26096325925813,38.66394776633474],"type":"Point"},"id":"stl-city-public-streetlights:2:153024","properties":{"address":null,"attributes":{"Date_Installed":null,"LED_Powered":1,"LightID":"L045878","Light_Source":"LED","Light_Type":"Cobra","Lighting_Type":"LED-Powered Lamp","Verification_Date":1661990400000},"id":"stl-city-public-streetlights:2:153024","sourceLayerId":2,"sourceObjectId":153024,"sourceURL":"https://maps8.stlouis-mo.gov/arcgis/rest/services/STREETS/Streets_Permitting/MapServer/2","title":"Street light L045878"},"type":"Feature"},{"geometry":{"coordinates":[-90.26091469328257,38.66392478458025],"type":"Point"},"id":"stl-city-public-streetlights:2:153025","properties":{"address":null,"attributes":{"Date_Installed":null,"LED_Powered":1,"LightID":"L045879","Light_Source":"LED","Light_Type":"Cobra","Lighting_Type":"LED-Powered Lamp","Verification_Date":1661990400000},"id":"stl-city-public-streetlights:2:153025","sourceLayerId":2,"sourceObjectId":153025,"sourceURL":"https://maps8.stlouis-mo.gov/arcgis/rest/services/STREETS/Streets_Permitting/MapServer/2","title":"Street light L045879"},"type":"Feature"},{"geometry":{"coordinates":[-90.26070916915343,38.66429239143474],"type":"Point"},"id":"stl-city-public-streetlights:2:153026","properties":{"address":null,"attributes":{"Date_Installed":null,"LED_Powered":1,"LightID":"L045880","Light_Source":"LED","Light_Type":"Cobra","Lighting_Type":"LED-Powered Lamp","Verification_Date":1659312000000},"id":"stl-city-public-streetlights:2:153026","sourceLayerId":2,"sourceObjectId":153026,"sourceURL":"https://maps8.stlouis-mo.gov/arcgis/rest/services/STREETS/Streets_Permitting/MapServer/2","title":"Street light L045880"},"type":"Feature"},{"geometry":{"coordinates":[-90.26066304188878,38.6642675082918],"type":"Point"},"id":"stl-city-public-streetlights:2:153027","properties":{"address":null,"attributes":{"Date_Installed":null,"LED_Powered":1,"LightID":"L045881","Light_Source":"LED","Light_Type":"Cobra","Lighting_Type":"LED-Powered Lamp","Verification_Date":1661990400000},"id":"stl-city-public-streetlights:2:153027","sourceLayerId":2,"sourceObjectId":153027,"sourceURL":"https://maps8.stlouis-mo.gov/arcgis/rest/services/STREETS/Streets_Permitting/MapServer/2","title":"Street light L045881"},"type":"Feature"},{"geometry":{"coordinates":[-90.26046143691326,38.66464451443825],"type":"Point"},"id":"stl-city-public-streetlights:2:153028","properties":{"address":null,"attributes":{"Date_Installed":null,"LED_Powered":1,"LightID":"L045882","Light_Source":"LED","Light_Type":"Cobra","Lighting_Type":"LED-Powered Lamp","Verification_Date":1659312000000},"id":"stl-city-public-streetlights:2:153028","sourceLayerId":2,"sourceObjectId":153028,"sourceURL":"https://maps8.stlouis-mo.gov/arcgis/rest/services/STREETS/Streets_Permitting/MapServer/2","title":"Street light L045882"},"type":"Feature"},{"geometry":{"coordinates":[-90.26039313318725,38.66461434081797],"type":"Point"},"id":"stl-city-public-streetlights:2:153029","properties":{"address":null,"attributes":{"Date_Installed":null,"LED_Powered":1,"LightID":"L045883","Light_Source":"LED","Light_Type":"Cobra","Lighting_Type":"LED-Powered Lamp","Verification_Date":1661990400000},"id":"stl-city-public-streetlights:2:153029","sourceLayerId":2,"sourceObjectId":153029,"sourceURL":"https://maps8.stlouis-mo.gov/arcgis/rest/services/STREETS/Streets_Permitting/MapServer/2","title":"Street light L045883"},"type":"Feature"},{"geometry":{"coordinates":[-90.26018123196945,38.665039061487725],"type":"Point"},"id":"stl-city-public-streetlights:2:153030","properties":{"address":null,"attributes":{"Date_Installed":null,"LED_Powered":1,"LightID":"L045884","Light_Source":"LED","Light_Type":"Cobra","Lighting_Type":"LED-Powered Lamp","Verification_Date":1659312000000},"id":"stl-city-public-streetlights:2:153030","sourceLayerId":2,"sourceObjectId":153030,"sourceURL":"https://maps8.stlouis-mo.gov/arcgis/rest/services/STREETS/Streets_Permitting/MapServer/2","title":"Street light L045884"},"type":"Feature"},{"geometry":{"coordinates":[-90.26009988227511,38.665000756583304],"type":"Point"},"id":"stl-city-public-streetlights:2:153031","properties":{"address":null,"attributes":{"Date_Installed":null,"LED_Powered":1,"LightID":"L045885","Light_Source":"LED","Light_Type":"Cobra","Lighting_Type":"LED-Powered Lamp","Verification_Date":1661990400000},"id":"stl-city-public-streetlights:2:153031","sourceLayerId":2,"sourceObjectId":153031,"sourceURL":"https://maps8.stlouis-mo.gov/arcgis/rest/services/STREETS/Streets_Permitting/MapServer/2","title":"Street light L045885"},"type":"Feature"},{"geometry":{"coordinates":[-90.26202435268192,38.66870860282412],"type":"Point"},"id":"stl-city-public-streetlights:2:153333","properties":{"address":null,"attributes":{"Date_Installed":null,"LED_Powered":0,"LightID":"L046187","Light_Source":"LED","Light_Type":"Cobra","Lighting_Type":"LED-Powered Lamp","Verification_Date":null},"id":"stl-city-public-streetlights:2:153333","sourceLayerId":2,"sourceObjectId":153333,"sourceURL":"https://maps8.stlouis-mo.gov/arcgis/rest/services/STREETS/Streets_Permitting/MapServer/2","title":"Street light L046187"},"type":"Feature"},{"geometry":{"coordinates":[-90.26150219382373,38.66847156327928],"type":"Point"},"id":"stl-city-public-streetlights:2:153334","properties":{"address":null,"attributes":{"Date_Installed":null,"LED_Powered":0,"LightID":"L046188","Light_Source":"LED","Light_Type":"Cobra","Lighting_Type":"LED-Powered Lamp","Verification_Date":null},"id":"stl-city-public-streetlights:2:153334","sourceLayerId":2,"sourceObjectId":153334,"sourceURL":"https://maps8.stlouis-mo.gov/arcgis/rest/services/STREETS/Streets_Permitting/MapServer/2","title":"Street light L046188"},"type":"Feature"},{"geometry":{"coordinates":[-90.26097699630691,38.66823499175654],"type":"Point"},"id":"stl-city-public-streetlights:2:153335","properties":{"address":null,"attributes":{"Date_Installed":null,"LED_Powered":0,"LightID":"L046189","Light_Source":"LED","Light_Type":"Cobra","Lighting_Type":"LED-Powered Lamp","Verification_Date":null},"id":"stl-city-public-streetlights:2:153335","sourceLayerId":2,"sourceObjectId":153335,"sourceURL":"https://maps8.stlouis-mo.gov/arcgis/rest/services/STREETS/Streets_Permitting/MapServer/2","title":"Street light L046189"},"type":"Feature"},{"geometry":{"coordinates":[-90.26044569104033,38.66800746376073],"type":"Point"},"id":"stl-city-public-streetlights:2:153336","properties":{"address":null,"attributes":{"Date_Installed":null,"LED_Powered":0,"LightID":"L046190","Light_Source":"LED","Light_Type":"Cobra","Lighting_Type":"LED-Powered Lamp","Verification_Date":null},"id":"stl-city-public-streetlights:2:153336","sourceLayerId":2,"sourceObjectId":153336,"sourceURL":"https://maps8.stlouis-mo.gov/arcgis/rest/services/STREETS/Streets_Permitting/MapServer/2","title":"Street light L046190"},"type":"Feature"},{"geometry":{"coordinates":[-90.26018659176987,38.666834766806375],"type":"Point"},"id":"stl-city-public-streetlights:2:153342","properties":{"address":null,"attributes":{"Date_Installed":null,"LED_Powered":0,"LightID":"L046196","Light_Source":"LED","Light_Type":"Cobra","Lighting_Type":"LED-Powered Lamp","Verification_Date":null},"id":"stl-city-public-streetlights:2:153342","sourceLayerId":2,"sourceObjectId":153342,"sourceURL":"https://maps8.stlouis-mo.gov/arcgis/rest/services/STREETS/Streets_Permitting/MapServer/2","title":"Street light L046196"},"type":"Feature"},{"geometry":{"coordinates":[-90.26054229872544,38.66699247930962],"type":"Point"},"id":"stl-city-public-streetlights:2:153343","properties":{"address":null,"attributes":{"Date_Installed":null,"LED_Powered":0,"LightID":"L046197","Light_Source":"LED","Light_Type":"Cobra","Lighting_Type":"LED-Powered Lamp","Verification_Date":null},"id":"stl-city-public-streetlights:2:153343","sourceLayerId":2,"sourceObjectId":153343,"sourceURL":"https://maps8.stlouis-mo.gov/arcgis/rest/services/STREETS/Streets_Permitting/MapServer/2","title":"Street light L046197"},"type":"Feature"},{"geometry":{"coordinates":[-90.26093574930117,38.667165022574814],"type":"Point"},"id":"stl-city-public-streetlights:2:153344","properties":{"address":null,"attributes":{"Date_Installed":null,"LED_Powered":0,"LightID":"L046198","Light_Source":"LED","Light_Type":"Cobra","Lighting_Type":"LED-Powered Lamp","Verification_Date":null},"id":"stl-city-public-streetlights:2:153344","sourceLayerId":2,"sourceObjectId":153344,"sourceURL":"https://maps8.stlouis-mo.gov/arcgis/rest/services/STREETS/Streets_Permitting/MapServer/2","title":"Street light L046198"},"type":"Feature"},{"geometry":{"coordinates":[-90.26132241050978,38.66733171112198],"type":"Point"},"id":"stl-city-public-streetlights:2:153345","properties":{"address":null,"attributes":{"Date_Installed":null,"LED_Powered":0,"LightID":"L046199","Light_Source":"LED","Light_Type":"Cobra","Lighting_Type":"LED-Powered Lamp","Verification_Date":null},"id":"stl-city-public-streetlights:2:153345","sourceLayerId":2,"sourceObjectId":153345,"sourceURL":"https://maps8.stlouis-mo.gov/arcgis/rest/services/STREETS/Streets_Permitting/MapServer/2","title":"Street light L046199"},"type":"Feature"},{"geometry":{"coordinates":[-90.26168092833504,38.667495717672644],"type":"Point"},"id":"stl-city-public-streetlights:2:153346","properties":{"address":null,"attributes":{"Date_Installed":null,"LED_Powered":0,"LightID":"L046200","Light_Source":"LED","Light_Type":"Cobra","Lighting_Type":"LED-Powered Lamp","Verification_Date":null},"id":"stl-city-public-streetlights:2:153346","sourceLayerId":2,"sourceObjectId":153346,"sourceURL":"https://maps8.stlouis-mo.gov/arcgis/rest/services/STREETS/Streets_Permitting/MapServer/2","title":"Street light L046200"},"type":"Feature"},{"geometry":{"coordinates":[-90.26206710068337,38.667664309029675],"type":"Point"},"id":"stl-city-public-streetlights:2:153347","properties":{"address":null,"attributes":{"Date_Installed":null,"LED_Powered":0,"LightID":"L046201","Light_Source":"LED","Light_Type":"Cobra","Lighting_Type":"LED-Powered Lamp","Verification_Date":null},"id":"stl-city-public-streetlights:2:153347","sourceLayerId":2,"sourceObjectId":153347,"sourceURL":"https://maps8.stlouis-mo.gov/arcgis/rest/services/STREETS/Streets_Permitting/MapServer/2","title":"Street light L046201"},"type":"Feature"},{"geometry":{"coordinates":[-90.26246573436885,38.6678343550213],"type":"Point"},"id":"stl-city-public-streetlights:2:153348","properties":{"address":null,"attributes":{"Date_Installed":null,"LED_Powered":0,"LightID":"L046202","Light_Source":"LED","Light_Type":"Cobra","Lighting_Type":"LED-Powered Lamp","Verification_Date":null},"id":"stl-city-public-streetlights:2:153348","sourceLayerId":2,"sourceObjectId":153348,"sourceURL":"https://maps8.stlouis-mo.gov/arcgis/rest/services/STREETS/Streets_Permitting/MapServer/2","title":"Street light L046202"},"type":"Feature"},{"geometry":{"coordinates":[-90.26284698503214,38.66800302929681],"type":"Point"},"id":"stl-city-public-streetlights:2:153349","properties":{"address":null,"attributes":{"Date_Installed":null,"LED_Powered":0,"LightID":"L046203","Light_Source":"LED","Light_Type":"Cobra","Lighting_Type":"LED-Powered Lamp","Verification_Date":null},"id":"stl-city-public-streetlights:2:153349","sourceLayerId":2,"sourceObjectId":153349,"sourceURL":"https://maps8.stlouis-mo.gov/arcgis/rest/services/STREETS/Streets_Permitting/MapServer/2","title":"Street light L046203"},"type":"Feature"},{"geometry":{"coordinates":[-90.2632256299867,38.66816931240933],"type":"Point"},"id":"stl-city-public-streetlights:2:153350","properties":{"address":null,"attributes":{"Date_Installed":null,"LED_Powered":0,"LightID":"L046204","Light_Source":"LED","Light_Type":"Cobra","Lighting_Type":"LED-Powered Lamp","Verification_Date":null},"id":"stl-city-public-streetlights:2:153350","sourceLayerId":2,"sourceObjectId":153350,"sourceURL":"https://maps8.stlouis-mo.gov/arcgis/rest/services/STREETS/Streets_Permitting/MapServer/2","title":"Street light L046204"},"type":"Feature"},{"geometry":{"coordinates":[-90.26360232875129,38.668336354310554],"type":"Point"},"id":"stl-city-public-streetlights:2:153351","properties":{"address":null,"attributes":{"Date_Installed":null,"LED_Powered":0,"LightID":"L046205","Light_Source":"LED","Light_Type":"Cobra","Lighting_Type":"LED-Powered Lamp","Verification_Date":null},"id":"stl-city-public-streetlights:2:153351","sourceLayerId":2,"sourceObjectId":153351,"sourceURL":"https://maps8.stlouis-mo.gov/arcgis/rest/services/STREETS/Streets_Permitting/MapServer/2","title":"Street light L046205"},"type":"Feature"},{"geometry":{"coordinates":[-90.26398092327369,38.66850051508808],"type":"Point"},"id":"stl-city-public-streetlights:2:153352","properties":{"address":null,"attributes":{"Date_Installed":null,"LED_Powered":0,"LightID":"L046206","Light_Source":"LED","Light_Type":"Cobra","Lighting_Type":"LED-Powered Lamp","Verification_Date":null},"id":"stl-city-public-streetlights:2:153352","sourceLayerId":2,"sourceObjectId":153352,"sourceURL":"https://maps8.stlouis-mo.gov/arcgis/rest/services/STREETS/Streets_Permitting/MapServer/2","title":"Street light L046206"},"type":"Feature"},{"geometry":{"coordinates":[-90.264331467822,38.6686518886193],"type":"Point"},"id":"stl-city-public-streetlights:2:153353","properties":{"address":null,"attributes":{"Date_Installed":null,"LED_Powered":0,"LightID":"L046207","Light_Source":"LED","Light_Type":"Cobra","Lighting_Type":"LED-Powered Lamp","Verification_Date":null},"id":"stl-city-public-streetlights:2:153353","sourceLayerId":2,"sourceObjectId":153353,"sourceURL":"https://maps8.stlouis-mo.gov/arcgis/rest/services/STREETS/Streets_Permitting/MapServer/2","title":"Street light L046207"},"type":"Feature"},{"geometry":{"coordinates":[-90.26472735719864,38.66882811854545],"type":"Point"},"id":"stl-city-public-streetlights:2:153354","properties":{"address":null,"attributes":{"Date_Installed":null,"LED_Powered":0,"LightID":"L046208","Light_Source":"LED","Light_Type":"Cobra","Lighting_Type":"LED-Powered Lamp","Verification_Date":null},"id":"stl-city-public-streetlights:2:153354","sourceLayerId":2,"sourceObjectId":153354,"sourceURL":"https://maps8.stlouis-mo.gov/arcgis/rest/services/STREETS/Streets_Permitting/MapServer/2","title":"Street light L046208"},"type":"Feature"},{"geometry":{"coordinates":[-90.2651214365959,38.66900005257868],"type":"Point"},"id":"stl-city-public-streetlights:2:153355","properties":{"address":null,"attributes":{"Date_Installed":null,"LED_Powered":0,"LightID":"L046209","Light_Source":"LED","Light_Type":"Cobra","Lighting_Type":"LED-Powered Lamp","Verification_Date":null},"id":"stl-city-public-streetlights:2:153355","sourceLayerId":2,"sourceObjectId":153355,"sourceURL":"https://maps8.stlouis-mo.gov/arcgis/rest/services/STREETS/Streets_Permitting/MapServer/2","title":"Street light L046209"},"type":"Feature"},{"geometry":{"coordinates":[-90.26553524381792,38.66936998258763],"type":"Point"},"id":"stl-city-public-streetlights:2:153356","properties":{"address":null,"attributes":{"Date_Installed":"12/23/2018","LED_Powered":1,"LightID":"L046210","Light_Source":"LED","Light_Type":"Cobra","Lighting_Type":"LED-Powered Lamp","Verification_Date":null},"id":"stl-city-public-streetlights:2:153356","sourceLayerId":2,"sourceObjectId":153356,"sourceURL":"https://maps8.stlouis-mo.gov/arcgis/rest/services/STREETS/Streets_Permitting/MapServer/2","title":"Street light L046210"},"type":"Feature"},{"geometry":{"coordinates":[-90.2659039366373,38.669534236190806],"type":"Point"},"id":"stl-city-public-streetlights:2:153357","properties":{"address":null,"attributes":{"Date_Installed":"12/23/2018","LED_Powered":1,"LightID":"L046211","Light_Source":"LED","Light_Type":"Cobra","Lighting_Type":"LED-Powered Lamp","Verification_Date":null},"id":"stl-city-public-streetlights:2:153357","sourceLayerId":2,"sourceObjectId":153357,"sourceURL":"https://maps8.stlouis-mo.gov/arcgis/rest/services/STREETS/Streets_Permitting/MapServer/2","title":"Street light L046211"},"type":"Feature"},{"geometry":{"coordinates":[-90.26628283913313,38.669700891870754],"type":"Point"},"id":"stl-city-public-streetlights:2:153358","properties":{"address":null,"attributes":{"Date_Installed":"12/23/2018","LED_Powered":1,"LightID":"L046212","Light_Source":"LED","Light_Type":"Cobra","Lighting_Type":"LED-Powered Lamp","Verification_Date":null},"id":"stl-city-public-streetlights:2:153358","sourceLayerId":2,"sourceObjectId":153358,"sourceURL":"https://maps8.stlouis-mo.gov/arcgis/rest/services/STREETS/Streets_Permitting/MapServer/2","title":"Street light L046212"},"type":"Feature"},{"geometry":{"coordinates":[-90.26668604729275,38.66987331542499],"type":"Point"},"id":"stl-city-public-streetlights:2:153359","properties":{"address":null,"attributes":{"Date_Installed":"12/23/2018","LED_Powered":1,"LightID":"L046213","Light_Source":"LED","Light_Type":"Cobra","Lighting_Type":"LED-Powered Lamp","Verification_Date":null},"id":"stl-city-public-streetlights:2:153359","sourceLayerId":2,"sourceObjectId":153359,"sourceURL":"https://maps8.stlouis-mo.gov/arcgis/rest/services/STREETS/Streets_Permitting/MapServer/2","title":"Street light L046213"},"type":"Feature"},{"geometry":{"coordinates":[-90.26607067236745,38.66860152047664],"type":"Point"},"id":"stl-city-public-streetlights:2:153364","properties":{"address":null,"attributes":{"Date_Installed":"12/23/2018","LED_Powered":1,"LightID":"L046218","Light_Source":"LED","Light_Type":"Cobra","Lighting_Type":"LED-Powered Lamp","Verification_Date":null},"id":"stl-city-public-streetlights:2:153364","sourceLayerId":2,"sourceObjectId":153364,"sourceURL":"https://maps8.stlouis-mo.gov/arcgis/rest/services/STREETS/Streets_Permitting/MapServer/2","title":"Street light L046218"},"type":"Feature"},{"geometry":{"coordinates":[-90.26647613200552,38.668780981590984],"type":"Point"},"id":"stl-city-public-streetlights:2:153365","properties":{"address":null,"attributes":{"Date_Installed":"12/23/2018","LED_Powered":1,"LightID":"L046219","Light_Source":"LED","Light_Type":"Cobra","Lighting_Type":"LED-Powered Lamp","Verification_Date":null},"id":"stl-city-public-streetlights:2:153365","sourceLayerId":2,"sourceObjectId":153365,"sourceURL":"https://maps8.stlouis-mo.gov/arcgis/rest/services/STREETS/Streets_Permitting/MapServer/2","title":"Street light L046219"},"type":"Feature"},{"geometry":{"coordinates":[-90.266848054598,38.6689426162056],"type":"Point"},"id":"stl-city-public-streetlights:2:153366","properties":{"address":null,"attributes":{"Date_Installed":"12/23/2018","LED_Powered":1,"LightID":"L046220","Light_Source":"LED","Light_Type":"Cobra","Lighting_Type":"LED-Powered Lamp","Verification_Date":null},"id":"stl-city-public-streetlights:2:153366","sourceLayerId":2,"sourceObjectId":153366,"sourceURL":"https://maps8.stlouis-mo.gov/arcgis/rest/services/STREETS/Streets_Permitting/MapServer/2","title":"Street light L046220"},"type":"Feature"},{"geometry":{"coordinates":[-90.26723432235343,38.66911166724189],"type":"Point"},"id":"stl-city-public-streetlights:2:153367","properties":{"address":null,"attributes":{"Date_Installed":"12/23/2018","LED_Powered":1,"LightID":"L046221","Light_Source":"LED","Light_Type":"Cobra","Lighting_Type":"LED-Powered Lamp","Verification_Date":null},"id":"stl-city-public-streetlights:2:153367","sourceLayerId":2,"sourceObjectId":153367,"sourceURL":"https://maps8.stlouis-mo.gov/arcgis/rest/services/STREETS/Streets_Permitting/MapServer/2","title":"Street light L046221"},"type":"Feature"},{"geometry":{"coordinates":[-90.26762413874556,38.669287994191734],"type":"Point"},"id":"stl-city-public-streetlights:2:153368","properties":{"address":null,"attributes":{"Date_Installed":"12/23/2018","LED_Powered":1,"LightID":"L046222","Light_Source":"LED","Light_Type":"Cobra","Lighting_Type":"LED-Powered Lamp","Verification_Date":null},"id":"stl-city-public-streetlights:2:153368","sourceLayerId":2,"sourceObjectId":153368,"sourceURL":"https://maps8.stlouis-mo.gov/arcgis/rest/services/STREETS/Streets_Permitting/MapServer/2","title":"Street light L046222"},"type":"Feature"},{"geometry":{"coordinates":[-90.26802674302454,38.669459458801406],"type":"Point"},"id":"stl-city-public-streetlights:2:153369","properties":{"address":null,"attributes":{"Date_Installed":"12/23/2018","LED_Powered":1,"LightID":"L046223","Light_Source":"LED","Light_Type":"Cobra","Lighting_Type":"LED-Powered Lamp","Verification_Date":null},"id":"stl-city-public-streetlights:2:153369","sourceLayerId":2,"sourceObjectId":153369,"sourceURL":"https://maps8.stlouis-mo.gov/arcgis/rest/services/STREETS/Streets_Permitting/MapServer/2","title":"Street light L046223"},"type":"Feature"},{"geometry":{"coordinates":[-90.26836815233176,38.66961018229812],"type":"Point"},"id":"stl-city-public-streetlights:2:153370","properties":{"address":null,"attributes":{"Date_Installed":"12/23/2018","LED_Powered":1,"LightID":"L046224","Light_Source":"LED","Light_Type":"Cobra","Lighting_Type":"LED-Powered Lamp","Verification_Date":null},"id":"stl-city-public-streetlights:2:153370","sourceLayerId":2,"sourceObjectId":153370,"sourceURL":"https://maps8.stlouis-mo.gov/arcgis/rest/services/STREETS/Streets_Permitting/MapServer/2","title":"Street light L046224"},"type":"Feature"},{"geometry":{"coordinates":[-90.26874749993057,38.66978183709762],"type":"Point"},"id":"stl-city-public-streetlights:2:153371","properties":{"address":null,"attributes":{"Date_Installed":"12/23/2018","LED_Powered":1,"LightID":"L046225","Light_Source":"LED","Light_Type":"Cobra","Lighting_Type":"LED-Powered Lamp","Verification_Date":null},"id":"stl-city-public-streetlights:2:153371","sourceLayerId":2,"sourceObjectId":153371,"sourceURL":"https://maps8.stlouis-mo.gov/arcgis/rest/services/STREETS/Streets_Permitting/MapServer/2","title":"Street light L046225"},"type":"Feature"},{"geometry":{"coordinates":[-90.26994280260605,38.669851600227034],"type":"Point"},"id":"stl-city-public-streetlights:2:153376","properties":{"address":null,"attributes":{"Date_Installed":"12/23/2018","LED_Powered":1,"LightID":"L046230","Light_Source":"LED","Light_Type":"Cobra","Lighting_Type":"LED-Powered Lamp","Verification_Date":null},"id":"stl-city-public-streetlights:2:153376","sourceLayerId":2,"sourceObjectId":153376,"sourceURL":"https://maps8.stlouis-mo.gov/arcgis/rest/services/STREETS/Streets_Permitting/MapServer/2","title":"Street light L046230"},"type":"Feature"},{"geometry":{"coordinates":[-90.26962702792169,38.66971749729242],"type":"Point"},"id":"stl-city-public-streetlights:2:153377","properties":{"address":null,"attributes":{"Date_Installed":"12/23/2018","LED_Powered":1,"LightID":"L046231","Light_Source":"LED","Light_Type":"Cobra","Lighting_Type":"LED-Powered Lamp","Verification_Date":null},"id":"stl-city-public-streetlights:2:153377","sourceLayerId":2,"sourceObjectId":153377,"sourceURL":"https://maps8.stlouis-mo.gov/arcgis/rest/services/STREETS/Streets_Permitting/MapServer/2","title":"Street light L046231"},"type":"Feature"},{"geometry":{"coordinates":[-90.26930884581556,38.6695762384314],"type":"Point"},"id":"stl-city-public-streetlights:2:153378","properties":{"address":null,"attributes":{"Date_Installed":"12/23/2018","LED_Powered":1,"LightID":"L046232","Light_Source":"LED","Light_Type":"Cobra","Lighting_Type":"LED-Powered Lamp","Verification_Date":null},"id":"stl-city-public-streetlights:2:153378","sourceLayerId":2,"sourceObjectId":153378,"sourceURL":"https://maps8.stlouis-mo.gov/arcgis/rest/services/STREETS/Streets_Permitting/MapServer/2","title":"Street light L046232"},"type":"Feature"},{"geometry":{"coordinates":[-90.26927225675456,38.668956329441876],"type":"Point"},"id":"stl-city-public-streetlights:2:153379","properties":{"address":null,"attributes":{"Date_Installed":"12/23/2018","LED_Powered":1,"LightID":"L046233","Light_Source":"LED","Light_Type":"Cobra","Lighting_Type":"LED-Powered Lamp","Verification_Date":null},"id":"stl-city-public-streetlights:2:153379","sourceLayerId":2,"sourceObjectId":153379,"sourceURL":"https://maps8.stlouis-mo.gov/arcgis/rest/services/STREETS/Streets_Permitting/MapServer/2","title":"Street light L046233"},"type":"Feature"},{"geometry":{"coordinates":[-90.26886482297051,38.6687740147064],"type":"Point"},"id":"stl-city-public-streetlights:2:153380","properties":{"address":null,"attributes":{"Date_Installed":"12/23/2018","LED_Powered":1,"LightID":"L046234","Light_Source":"LED","Light_Type":"Cobra","Lighting_Type":"LED-Powered Lamp","Verification_Date":null},"id":"stl-city-public-streetlights:2:153380","sourceLayerId":2,"sourceObjectId":153380,"sourceURL":"https://maps8.stlouis-mo.gov/arcgis/rest/services/STREETS/Streets_Permitting/MapServer/2","title":"Street light L046234"},"type":"Feature"},{"geometry":{"coordinates":[-90.26847203238465,38.66860018864733],"type":"Point"},"id":"stl-city-public-streetlights:2:153381","properties":{"address":null,"attributes":{"Date_Installed":"12/23/2018","LED_Powered":1,"LightID":"L046235","Light_Source":"LED","Light_Type":"Cobra","Lighting_Type":"LED-Powered Lamp","Verification_Date":null},"id":"stl-city-public-streetlights:2:153381","sourceLayerId":2,"sourceObjectId":153381,"sourceURL":"https://maps8.stlouis-mo.gov/arcgis/rest/services/STREETS/Streets_Permitting/MapServer/2","title":"Street light L046235"},"type":"Feature"},{"geometry":{"coordinates":[-90.26811375454797,38.66844931217474],"type":"Point"},"id":"stl-city-public-streetlights:2:153382","properties":{"address":null,"attributes":{"Date_Installed":"12/23/2018","LED_Powered":1,"LightID":"L046236","Light_Source":"LED","Light_Type":"Cobra","Lighting_Type":"LED-Powered Lamp","Verification_Date":null},"id":"stl-city-public-streetlights:2:153382","sourceLayerId":2,"sourceObjectId":153382,"sourceURL":"https://maps8.stlouis-mo.gov/arcgis/rest/services/STREETS/Streets_Permitting/MapServer/2","title":"Street light L046236"},"type":"Feature"},{"geometry":{"coordinates":[-90.2677300125353,38.668275740291136],"type":"Point"},"id":"stl-city-public-streetlights:2:153383","properties":{"address":null,"attributes":{"Date_Installed":"12/23/2018","LED_Powered":1,"LightID":"L046237","Light_Source":"LED","Light_Type":"Cobra","Lighting_Type":"LED-Powered Lamp","Verification_Date":null},"id":"stl-city-public-streetlights:2:153383","sourceLayerId":2,"sourceObjectId":153383,"sourceURL":"https://maps8.stlouis-mo.gov/arcgis/rest/services/STREETS/Streets_Permitting/MapServer/2","title":"Street light L046237"},"type":"Feature"},{"geometry":{"coordinates":[-90.26735351903444,38.66811767498598],"type":"Point"},"id":"stl-city-public-streetlights:2:153384","properties":{"address":null,"attributes":{"Date_Installed":"12/23/2018","LED_Powered":1,"LightID":"L046238","Light_Source":"LED","Light_Type":"Cobra","Lighting_Type":"LED-Powered Lamp","Verification_Date":null},"id":"stl-city-public-streetlights:2:153384","sourceLayerId":2,"sourceObjectId":153384,"sourceURL":"https://maps8.stlouis-mo.gov/arcgis/rest/services/STREETS/Streets_Permitting/MapServer/2","title":"Street light L046238"},"type":"Feature"},{"geometry":{"coordinates":[-90.26701350335674,38.66796206397338],"type":"Point"},"id":"stl-city-public-streetlights:2:153385","properties":{"address":null,"attributes":{"Date_Installed":"12/23/2018","LED_Powered":1,"LightID":"L046239","Light_Source":"LED","Light_Type":"Cobra","Lighting_Type":"LED-Powered Lamp","Verification_Date":null},"id":"stl-city-public-streetlights:2:153385","sourceLayerId":2,"sourceObjectId":153385,"sourceURL":"https://maps8.stlouis-mo.gov/arcgis/rest/services/STREETS/Streets_Permitting/MapServer/2","title":"Street light L046239"},"type":"Feature"},{"geometry":{"coordinates":[-90.26663339642418,38.66779421634511],"type":"Point"},"id":"stl-city-public-streetlights:2:153386","properties":{"address":null,"attributes":{"Date_Installed":"12/23/2018","LED_Powered":1,"LightID":"L046240","Light_Source":"LED","Light_Type":"Cobra","Lighting_Type":"LED-Powered Lamp","Verification_Date":null},"id":"stl-city-public-streetlights:2:153386","sourceLayerId":2,"sourceObjectId":153386,"sourceURL":"https://maps8.stlouis-mo.gov/arcgis/rest/services/STREETS/Streets_Permitting/MapServer/2","title":"Street light L046240"},"type":"Feature"},{"geometry":{"coordinates":[-90.26990470955593,38.668107549635145],"type":"Point"},"id":"stl-city-public-streetlights:2:153387","properties":{"address":null,"attributes":{"Date_Installed":"12/23/2018","LED_Powered":1,"LightID":"L046241","Light_Source":"LED","Light_Type":"Cobra","Lighting_Type":"LED-Powered Lamp","Verification_Date":null},"id":"stl-city-public-streetlights:2:153387","sourceLayerId":2,"sourceObjectId":153387,"sourceURL":"https://maps8.stlouis-mo.gov/arcgis/rest/services/STREETS/Streets_Permitting/MapServer/2","title":"Street light L046241"},"type":"Feature"},{"geometry":{"coordinates":[-90.26950742616259,38.66793687669995],"type":"Point"},"id":"stl-city-public-streetlights:2:153388","properties":{"address":null,"attributes":{"Date_Installed":"12/23/2018","LED_Powered":1,"LightID":"L046242","Light_Source":"LED","Light_Type":"Cobra","Lighting_Type":"LED-Powered Lamp","Verification_Date":null},"id":"stl-city-public-streetlights:2:153388","sourceLayerId":2,"sourceObjectId":153388,"sourceURL":"https://maps8.stlouis-mo.gov/arcgis/rest/services/STREETS/Streets_Permitting/MapServer/2","title":"Street light L046242"},"type":"Feature"},{"geometry":{"coordinates":[-90.26913033640335,38.66777452501113],"type":"Point"},"id":"stl-city-public-streetlights:2:153389","properties":{"address":null,"attributes":{"Date_Installed":"12/23/2018","LED_Powered":1,"LightID":"L046243","Light_Source":"LED","Light_Type":"Cobra","Lighting_Type":"LED-Powered Lamp","Verification_Date":null},"id":"stl-city-public-streetlights:2:153389","sourceLayerId":2,"sourceObjectId":153389,"sourceURL":"https://maps8.stlouis-mo.gov/arcgis/rest/services/STREETS/Streets_Permitting/MapServer/2","title":"Street light L046243"},"type":"Feature"},{"geometry":{"coordinates":[-90.2687454379924,38.667601430725995],"type":"Point"},"id":"stl-city-public-streetlights:2:153390","properties":{"address":null,"attributes":{"Date_Installed":"12/23/2018","LED_Powered":1,"LightID":"L046244","Light_Source":"LED","Light_Type":"Cobra","Lighting_Type":"LED-Powered Lamp","Verification_Date":null},"id":"stl-city-public-streetlights:2:153390","sourceLayerId":2,"sourceObjectId":153390,"sourceURL":"https://maps8.stlouis-mo.gov/arcgis/rest/services/STREETS/Streets_Permitting/MapServer/2","title":"Street light L046244"},"type":"Feature"},{"geometry":{"coordinates":[-90.2683615353761,38.66743155510551],"type":"Point"},"id":"stl-city-public-streetlights:2:153391","properties":{"address":null,"attributes":{"Date_Installed":"12/23/2018","LED_Powered":1,"LightID":"L046245","Light_Source":"LED","Light_Type":"Cobra","Lighting_Type":"LED-Powered Lamp","Verification_Date":null},"id":"stl-city-public-streetlights:2:153391","sourceLayerId":2,"sourceObjectId":153391,"sourceURL":"https://maps8.stlouis-mo.gov/arcgis/rest/services/STREETS/Streets_Permitting/MapServer/2","title":"Street light L046245"},"type":"Feature"},{"geometry":{"coordinates":[-90.26798709352998,38.66726999143946],"type":"Point"},"id":"stl-city-public-streetlights:2:153392","properties":{"address":null,"attributes":{"Date_Installed":"12/23/2018","LED_Powered":1,"LightID":"L046246","Light_Source":"LED","Light_Type":"Cobra","Lighting_Type":"LED-Powered Lamp","Verification_Date":null},"id":"stl-city-public-streetlights:2:153392","sourceLayerId":2,"sourceObjectId":153392,"sourceURL":"https://maps8.stlouis-mo.gov/arcgis/rest/services/STREETS/Streets_Permitting/MapServer/2","title":"Street light L046246"},"type":"Feature"},{"geometry":{"coordinates":[-90.2676076035333,38.667099763539035],"type":"Point"},"id":"stl-city-public-streetlights:2:153393","properties":{"address":null,"attributes":{"Date_Installed":"12/23/2018","LED_Powered":1,"LightID":"L046247","Light_Source":"LED","Light_Type":"Cobra","Lighting_Type":"LED-Powered Lamp","Verification_Date":null},"id":"stl-city-public-streetlights:2:153393","sourceLayerId":2,"sourceObjectId":153393,"sourceURL":"https://maps8.stlouis-mo.gov/arcgis/rest/services/STREETS/Streets_Permitting/MapServer/2","title":"Street light L046247"},"type":"Feature"},{"geometry":{"coordinates":[-90.26730399755414,38.66696830094152],"type":"Point"},"id":"stl-city-public-streetlights:2:153394","properties":{"address":null,"attributes":{"Date_Installed":"12/23/2018","LED_Powered":1,"LightID":"L046248","Light_Source":"LED","Light_Type":"Cobra","Lighting_Type":"LED-Powered Lamp","Verification_Date":null},"id":"stl-city-public-streetlights:2:153394","sourceLayerId":2,"sourceObjectId":153394,"sourceURL":"https://maps8.stlouis-mo.gov/arcgis/rest/services/STREETS/Streets_Permitting/MapServer/2","title":"Street light L046248"},"type":"Feature"},{"geometry":{"coordinates":[-90.2637581354276,38.6669904637548],"type":"Point"},"id":"stl-city-public-streetlights:2:153395","properties":{"address":null,"attributes":{"Date_Installed":null,"LED_Powered":0,"LightID":"L046249","Light_Source":"LED","Light_Type":"Cobra","Lighting_Type":"LED-Powered Lamp","Verification_Date":null},"id":"stl-city-public-streetlights:2:153395","sourceLayerId":2,"sourceObjectId":153395,"sourceURL":"https://maps8.stlouis-mo.gov/arcgis/rest/services/STREETS/Streets_Permitting/MapServer/2","title":"Street light L046249"},"type":"Feature"},{"geometry":{"coordinates":[-90.26396529538368,38.66667767748146],"type":"Point"},"id":"stl-city-public-streetlights:2:153396","properties":{"address":null,"attributes":{"Date_Installed":null,"LED_Powered":0,"LightID":"L046250","Light_Source":"LED","Light_Type":"Cobra","Lighting_Type":"LED-Powered Lamp","Verification_Date":null},"id":"stl-city-public-streetlights:2:153396","sourceLayerId":2,"sourceObjectId":153396,"sourceURL":"https://maps8.stlouis-mo.gov/arcgis/rest/services/STREETS/Streets_Permitting/MapServer/2","title":"Street light L046250"},"type":"Feature"},{"geometry":{"coordinates":[-90.26419434337633,38.66636493404916],"type":"Point"},"id":"stl-city-public-streetlights:2:153397","properties":{"address":null,"attributes":{"Date_Installed":null,"LED_Powered":0,"LightID":"L046251","Light_Source":"LED","Light_Type":"Cobra","Lighting_Type":"LED-Powered Lamp","Verification_Date":null},"id":"stl-city-public-streetlights:2:153397","sourceLayerId":2,"sourceObjectId":153397,"sourceURL":"https://maps8.stlouis-mo.gov/arcgis/rest/services/STREETS/Streets_Permitting/MapServer/2","title":"Street light L046251"},"type":"Feature"},{"geometry":{"coordinates":[-90.2645826367816,38.66615206400806],"type":"Point"},"id":"stl-city-public-streetlights:2:153398","properties":{"address":null,"attributes":{"Date_Installed":null,"LED_Powered":0,"LightID":"L046252","Light_Source":"LED","Light_Type":"Cobra","Lighting_Type":"LED-Powered Lamp","Verification_Date":null},"id":"stl-city-public-streetlights:2:153398","sourceLayerId":2,"sourceObjectId":153398,"sourceURL":"https://maps8.stlouis-mo.gov/arcgis/rest/services/STREETS/Streets_Permitting/MapServer/2","title":"Street light L046252"},"type":"Feature"},{"geometry":{"coordinates":[-90.26480561630008,38.6658345405467],"type":"Point"},"id":"stl-city-public-streetlights:2:153399","properties":{"address":null,"attributes":{"Date_Installed":null,"LED_Powered":0,"LightID":"L046253","Light_Source":"LED","Light_Type":"Cobra","Lighting_Type":"LED-Powered Lamp","Verification_Date":null},"id":"stl-city-public-streetlights:2:153399","sourceLayerId":2,"sourceObjectId":153399,"sourceURL":"https://maps8.stlouis-mo.gov/arcgis/rest/services/STREETS/Streets_Permitting/MapServer/2","title":"Street light L046253"},"type":"Feature"},{"geometry":{"coordinates":[-90.26503223005412,38.66552036082126],"type":"Point"},"id":"stl-city-public-streetlights:2:153400","properties":{"address":null,"attributes":{"Date_Installed":null,"LED_Powered":0,"LightID":"L046254","Light_Source":"LED","Light_Type":"Cobra","Lighting_Type":"LED-Powered Lamp","Verification_Date":null},"id":"stl-city-public-streetlights:2:153400","sourceLayerId":2,"sourceObjectId":153400,"sourceURL":"https://maps8.stlouis-mo.gov/arcgis/rest/services/STREETS/Streets_Permitting/MapServer/2","title":"Street light L046254"},"type":"Feature"},{"geometry":{"coordinates":[-90.26525063608872,38.66520521102877],"type":"Point"},"id":"stl-city-public-streetlights:2:153401","properties":{"address":null,"attributes":{"Date_Installed":null,"LED_Powered":0,"LightID":"L046255","Light_Source":"LED","Light_Type":"Cobra","Lighting_Type":"LED-Powered Lamp","Verification_Date":null},"id":"stl-city-public-streetlights:2:153401","sourceLayerId":2,"sourceObjectId":153401,"sourceURL":"https://maps8.stlouis-mo.gov/arcgis/rest/services/STREETS/Streets_Permitting/MapServer/2","title":"Street light L046255"},"type":"Feature"},{"geometry":{"coordinates":[-90.26549348729979,38.66485173389383],"type":"Point"},"id":"stl-city-public-streetlights:2:153402","properties":{"address":null,"attributes":{"Date_Installed":null,"LED_Powered":0,"LightID":"L046256","Light_Source":"LED","Light_Type":"Cobra","Lighting_Type":"LED-Powered Lamp","Verification_Date":null},"id":"stl-city-public-streetlights:2:153402","sourceLayerId":2,"sourceObjectId":153402,"sourceURL":"https://maps8.stlouis-mo.gov/arcgis/rest/services/STREETS/Streets_Permitting/MapServer/2","title":"Street light L046256"},"type":"Feature"},{"geometry":{"coordinates":[-90.26580498940142,38.668144470697264],"type":"Point"},"id":"stl-city-public-streetlights:2:153403","properties":{"address":null,"attributes":{"Date_Installed":null,"LED_Powered":0,"LightID":"L046257","Light_Source":"LED","Light_Type":"Cobra","Lighting_Type":"LED-Powered Lamp","Verification_Date":null},"id":"stl-city-public-streetlights:2:153403","sourceLayerId":2,"sourceObjectId":153403,"sourceURL":"https://maps8.stlouis-mo.gov/arcgis/rest/services/STREETS/Streets_Permitting/MapServer/2","title":"Street light L046257"},"type":"Feature"},{"geometry":{"coordinates":[-90.26545903031878,38.66799414678101],"type":"Point"},"id":"stl-city-public-streetlights:2:153404","properties":{"address":null,"attributes":{"Date_Installed":null,"LED_Powered":0,"LightID":"L046258","Light_Source":"LED","Light_Type":"Cobra","Lighting_Type":"LED-Powered Lamp","Verification_Date":null},"id":"stl-city-public-streetlights:2:153404","sourceLayerId":2,"sourceObjectId":153404,"sourceURL":"https://maps8.stlouis-mo.gov/arcgis/rest/services/STREETS/Streets_Permitting/MapServer/2","title":"Street light L046258"},"type":"Feature"},{"geometry":{"coordinates":[-90.26511103303385,38.66784030249227],"type":"Point"},"id":"stl-city-public-streetlights:2:153405","properties":{"address":null,"attributes":{"Date_Installed":null,"LED_Powered":0,"LightID":"L046259","Light_Source":"LED","Light_Type":"Cobra","Lighting_Type":"LED-Powered Lamp","Verification_Date":null},"id":"stl-city-public-streetlights:2:153405","sourceLayerId":2,"sourceObjectId":153405,"sourceURL":"https://maps8.stlouis-mo.gov/arcgis/rest/services/STREETS/Streets_Permitting/MapServer/2","title":"Street light L046259"},"type":"Feature"},{"geometry":{"coordinates":[-90.26473722433651,38.66767716937797],"type":"Point"},"id":"stl-city-public-streetlights:2:153406","properties":{"address":null,"attributes":{"Date_Installed":null,"LED_Powered":0,"LightID":"L046260","Light_Source":"LED","Light_Type":"Cobra","Lighting_Type":"LED-Powered Lamp","Verification_Date":null},"id":"stl-city-public-streetlights:2:153406","sourceLayerId":2,"sourceObjectId":153406,"sourceURL":"https://maps8.stlouis-mo.gov/arcgis/rest/services/STREETS/Streets_Permitting/MapServer/2","title":"Street light L046260"},"type":"Feature"},{"geometry":{"coordinates":[-90.2643721532339,38.66751530219607],"type":"Point"},"id":"stl-city-public-streetlights:2:153407","properties":{"address":null,"attributes":{"Date_Installed":null,"LED_Powered":0,"LightID":"L046261","Light_Source":"LED","Light_Type":"Cobra","Lighting_Type":"LED-Powered Lamp","Verification_Date":null},"id":"stl-city-public-streetlights:2:153407","sourceLayerId":2,"sourceObjectId":153407,"sourceURL":"https://maps8.stlouis-mo.gov/arcgis/rest/services/STREETS/Streets_Permitting/MapServer/2","title":"Street light L046261"},"type":"Feature"},{"geometry":{"coordinates":[-90.26395925836816,38.66733593947821],"type":"Point"},"id":"stl-city-public-streetlights:2:153408","properties":{"address":null,"attributes":{"Date_Installed":null,"LED_Powered":0,"LightID":"L046262","Light_Source":"LED","Light_Type":"Cobra","Lighting_Type":"LED-Powered Lamp","Verification_Date":null},"id":"stl-city-public-streetlights:2:153408","sourceLayerId":2,"sourceObjectId":153408,"sourceURL":"https://maps8.stlouis-mo.gov/arcgis/rest/services/STREETS/Streets_Permitting/MapServer/2","title":"Street light L046262"},"type":"Feature"},{"geometry":{"coordinates":[-90.26356341984734,38.667170373503176],"type":"Point"},"id":"stl-city-public-streetlights:2:153409","properties":{"address":null,"attributes":{"Date_Installed":null,"LED_Powered":0,"LightID":"L046263","Light_Source":"LED","Light_Type":"Cobra","Lighting_Type":"LED-Powered Lamp","Verification_Date":null},"id":"stl-city-public-streetlights:2:153409","sourceLayerId":2,"sourceObjectId":153409,"sourceURL":"https://maps8.stlouis-mo.gov/arcgis/rest/services/STREETS/Streets_Permitting/MapServer/2","title":"Street light L046263"},"type":"Feature"},{"geometry":{"coordinates":[-90.26318578879875,38.66699346126554],"type":"Point"},"id":"stl-city-public-streetlights:2:153410","properties":{"address":null,"attributes":{"Date_Installed":null,"LED_Powered":0,"LightID":"L046264","Light_Source":"LED","Light_Type":"Cobra","Lighting_Type":"LED-Powered Lamp","Verification_Date":null},"id":"stl-city-public-streetlights:2:153410","sourceLayerId":2,"sourceObjectId":153410,"sourceURL":"https://maps8.stlouis-mo.gov/arcgis/rest/services/STREETS/Streets_Permitting/MapServer/2","title":"Street light L046264"},"type":"Feature"},{"geometry":{"coordinates":[-90.2627823164671,38.666815899915896],"type":"Point"},"id":"stl-city-public-streetlights:2:153411","properties":{"address":null,"attributes":{"Date_Installed":null,"LED_Powered":0,"LightID":"L046265","Light_Source":"LED","Light_Type":"Cobra","Lighting_Type":"LED-Powered Lamp","Verification_Date":null},"id":"stl-city-public-streetlights:2:153411","sourceLayerId":2,"sourceObjectId":153411,"sourceURL":"https://maps8.stlouis-mo.gov/arcgis/rest/services/STREETS/Streets_Permitting/MapServer/2","title":"Street light L046265"},"type":"Feature"},{"geometry":{"coordinates":[-90.26237428856294,38.66663773243145],"type":"Point"},"id":"stl-city-public-streetlights:2:153412","properties":{"address":null,"attributes":{"Date_Installed":null,"LED_Powered":0,"LightID":"L046266","Light_Source":"LED","Light_Type":"Cobra","Lighting_Type":"LED-Powered Lamp","Verification_Date":null},"id":"stl-city-public-streetlights:2:153412","sourceLayerId":2,"sourceObjectId":153412,"sourceURL":"https://maps8.stlouis-mo.gov/arcgis/rest/services/STREETS/Streets_Permitting/MapServer/2","title":"Street light L046266"},"type":"Feature"},{"geometry":{"coordinates":[-90.26197224131448,38.666467560237955],"type":"Point"},"id":"stl-city-public-streetlights:2:153413","properties":{"address":null,"attributes":{"Date_Installed":null,"LED_Powered":0,"LightID":"L046267","Light_Source":"LED","Light_Type":"Cobra","Lighting_Type":"LED-Powered Lamp","Verification_Date":null},"id":"stl-city-public-streetlights:2:153413","sourceLayerId":2,"sourceObjectId":153413,"sourceURL":"https://maps8.stlouis-mo.gov/arcgis/rest/services/STREETS/Streets_Permitting/MapServer/2","title":"Street light L046267"},"type":"Feature"},{"geometry":{"coordinates":[-90.26162690518939,38.666317882074736],"type":"Point"},"id":"stl-city-public-streetlights:2:153414","properties":{"address":null,"attributes":{"Date_Installed":null,"LED_Powered":0,"LightID":"L046268","Light_Source":"LED","Light_Type":"Cobra","Lighting_Type":"LED-Powered Lamp","Verification_Date":null},"id":"stl-city-public-streetlights:2:153414","sourceLayerId":2,"sourceObjectId":153414,"sourceURL":"https://maps8.stlouis-mo.gov/arcgis/rest/services/STREETS/Streets_Permitting/MapServer/2","title":"Street light L046268"},"type":"Feature"},{"geometry":{"coordinates":[-90.2612778101033,38.66615627740543],"type":"Point"},"id":"stl-city-public-streetlights:2:153415","properties":{"address":null,"attributes":{"Date_Installed":null,"LED_Powered":0,"LightID":"L046269","Light_Source":"LED","Light_Type":"Cobra","Lighting_Type":"LED-Powered Lamp","Verification_Date":null},"id":"stl-city-public-streetlights:2:153415","sourceLayerId":2,"sourceObjectId":153415,"sourceURL":"https://maps8.stlouis-mo.gov/arcgis/rest/services/STREETS/Streets_Permitting/MapServer/2","title":"Street light L046269"},"type":"Feature"},{"geometry":{"coordinates":[-90.26087935094877,38.66598265297396],"type":"Point"},"id":"stl-city-public-streetlights:2:153416","properties":{"address":null,"attributes":{"Date_Installed":null,"LED_Powered":0,"LightID":"L046270","Light_Source":"LED","Light_Type":"Cobra","Lighting_Type":"LED-Powered Lamp","Verification_Date":null},"id":"stl-city-public-streetlights:2:153416","sourceLayerId":2,"sourceObjectId":153416,"sourceURL":"https://maps8.stlouis-mo.gov/arcgis/rest/services/STREETS/Streets_Permitting/MapServer/2","title":"Street light L046270"},"type":"Feature"},{"geometry":{"coordinates":[-90.26048468490214,38.665812014177384],"type":"Point"},"id":"stl-city-public-streetlights:2:153417","properties":{"address":null,"attributes":{"Date_Installed":null,"LED_Powered":0,"LightID":"L046271","Light_Source":"LED","Light_Type":"Cobra","Lighting_Type":"LED-Powered Lamp","Verification_Date":null},"id":"stl-city-public-streetlights:2:153417","sourceLayerId":2,"sourceObjectId":153417,"sourceURL":"https://maps8.stlouis-mo.gov/arcgis/rest/services/STREETS/Streets_Permitting/MapServer/2","title":"Street light L046271"},"type":"Feature"},{"geometry":{"coordinates":[-90.26008928108926,38.665635413175934],"type":"Point"},"id":"stl-city-public-streetlights:2:153418","properties":{"address":null,"attributes":{"Date_Installed":null,"LED_Powered":0,"LightID":"L046272","Light_Source":"LED","Light_Type":"Cobra","Lighting_Type":"LED-Powered Lamp","Verification_Date":null},"id":"stl-city-public-streetlights:2:153418","sourceLayerId":2,"sourceObjectId":153418,"sourceURL":"https://maps8.stlouis-mo.gov/arcgis/rest/services/STREETS/Streets_Permitting/MapServer/2","title":"Street light L046272"},"type":"Feature"},{"geometry":{"coordinates":[-90.26439458024593,38.666252260214456],"type":"Point"},"id":"stl-city-public-streetlights:2:153419","properties":{"address":null,"attributes":{"Date_Installed":null,"LED_Powered":0,"LightID":"L046273","Light_Source":"LED","Light_Type":"Cobra","Lighting_Type":"LED-Powered Lamp","Verification_Date":null},"id":"stl-city-public-streetlights:2:153419","sourceLayerId":2,"sourceObjectId":153419,"sourceURL":"https://maps8.stlouis-mo.gov/arcgis/rest/services/STREETS/Streets_Permitting/MapServer/2","title":"Street light L046273"},"type":"Feature"},{"geometry":{"coordinates":[-90.264717727638,38.66639306591591],"type":"Point"},"id":"stl-city-public-streetlights:2:153420","properties":{"address":null,"attributes":{"Date_Installed":null,"LED_Powered":0,"LightID":"L046274","Light_Source":"LED","Light_Type":"Cobra","Lighting_Type":"LED-Powered Lamp","Verification_Date":null},"id":"stl-city-public-streetlights:2:153420","sourceLayerId":2,"sourceObjectId":153420,"sourceURL":"https://maps8.stlouis-mo.gov/arcgis/rest/services/STREETS/Streets_Permitting/MapServer/2","title":"Street light L046274"},"type":"Feature"},{"geometry":{"coordinates":[-90.26508749882231,38.66655684775755],"type":"Point"},"id":"stl-city-public-streetlights:2:153421","properties":{"address":null,"attributes":{"Date_Installed":null,"LED_Powered":0,"LightID":"L046275","Light_Source":"LED","Light_Type":"Cobra","Lighting_Type":"LED-Powered Lamp","Verification_Date":null},"id":"stl-city-public-streetlights:2:153421","sourceLayerId":2,"sourceObjectId":153421,"sourceURL":"https://maps8.stlouis-mo.gov/arcgis/rest/services/STREETS/Streets_Permitting/MapServer/2","title":"Street light L046275"},"type":"Feature"},{"geometry":{"coordinates":[-90.26545416753677,38.666721478948475],"type":"Point"},"id":"stl-city-public-streetlights:2:153422","properties":{"address":null,"attributes":{"Date_Installed":null,"LED_Powered":0,"LightID":"L046276","Light_Source":"LED","Light_Type":"Cobra","Lighting_Type":"LED-Powered Lamp","Verification_Date":null},"id":"stl-city-public-streetlights:2:153422","sourceLayerId":2,"sourceObjectId":153422,"sourceURL":"https://maps8.stlouis-mo.gov/arcgis/rest/services/STREETS/Streets_Permitting/MapServer/2","title":"Street light L046276"},"type":"Feature"},{"geometry":{"coordinates":[-90.2658184841464,38.66688095661938],"type":"Point"},"id":"stl-city-public-streetlights:2:153423","properties":{"address":null,"attributes":{"Date_Installed":null,"LED_Powered":0,"LightID":"L046277","Light_Source":"LED","Light_Type":"Cobra","Lighting_Type":"LED-Powered Lamp","Verification_Date":null},"id":"stl-city-public-streetlights:2:153423","sourceLayerId":2,"sourceObjectId":153423,"sourceURL":"https://maps8.stlouis-mo.gov/arcgis/rest/services/STREETS/Streets_Permitting/MapServer/2","title":"Street light L046277"},"type":"Feature"},{"geometry":{"coordinates":[-90.26616094373664,38.66703037882162],"type":"Point"},"id":"stl-city-public-streetlights:2:153424","properties":{"address":null,"attributes":{"Date_Installed":null,"LED_Powered":0,"LightID":"L046278","Light_Source":"LED","Light_Type":"Cobra","Lighting_Type":"LED-Powered Lamp","Verification_Date":null},"id":"stl-city-public-streetlights:2:153424","sourceLayerId":2,"sourceObjectId":153424,"sourceURL":"https://maps8.stlouis-mo.gov/arcgis/rest/services/STREETS/Streets_Permitting/MapServer/2","title":"Street light L046278"},"type":"Feature"},{"geometry":{"coordinates":[-90.26652565561642,38.66718127324182],"type":"Point"},"id":"stl-city-public-streetlights:2:153425","properties":{"address":null,"attributes":{"Date_Installed":null,"LED_Powered":0,"LightID":"L046279","Light_Source":"LED","Light_Type":"Cobra","Lighting_Type":"LED-Powered Lamp","Verification_Date":null},"id":"stl-city-public-streetlights:2:153425","sourceLayerId":2,"sourceObjectId":153425,"sourceURL":"https://maps8.stlouis-mo.gov/arcgis/rest/services/STREETS/Streets_Permitting/MapServer/2","title":"Street light L046279"},"type":"Feature"},{"geometry":{"coordinates":[-90.26693722524186,38.66636496127158],"type":"Point"},"id":"stl-city-public-streetlights:2:153426","properties":{"address":null,"attributes":{"Date_Installed":null,"LED_Powered":0,"LightID":"L046280","Light_Source":"LED","Light_Type":"Cobra","Lighting_Type":"LED-Powered Lamp","Verification_Date":null},"id":"stl-city-public-streetlights:2:153426","sourceLayerId":2,"sourceObjectId":153426,"sourceURL":"https://maps8.stlouis-mo.gov/arcgis/rest/services/STREETS/Streets_Permitting/MapServer/2","title":"Street light L046280"},"type":"Feature"},{"geometry":{"coordinates":[-90.26652919416632,38.66618537764612],"type":"Point"},"id":"stl-city-public-streetlights:2:153427","properties":{"address":null,"attributes":{"Date_Installed":null,"LED_Powered":0,"LightID":"L046281","Light_Source":"LED","Light_Type":"Cobra","Lighting_Type":"LED-Powered Lamp","Verification_Date":null},"id":"stl-city-public-streetlights:2:153427","sourceLayerId":2,"sourceObjectId":153427,"sourceURL":"https://maps8.stlouis-mo.gov/arcgis/rest/services/STREETS/Streets_Permitting/MapServer/2","title":"Street light L046281"},"type":"Feature"},{"geometry":{"coordinates":[-90.26611641362818,38.66600864340883],"type":"Point"},"id":"stl-city-public-streetlights:2:153428","properties":{"address":null,"attributes":{"Date_Installed":null,"LED_Powered":0,"LightID":"L046282","Light_Source":"LED","Light_Type":"Cobra","Lighting_Type":"LED-Powered Lamp","Verification_Date":null},"id":"stl-city-public-streetlights:2:153428","sourceLayerId":2,"sourceObjectId":153428,"sourceURL":"https://maps8.stlouis-mo.gov/arcgis/rest/services/STREETS/Streets_Permitting/MapServer/2","title":"Street light L046282"},"type":"Feature"},{"geometry":{"coordinates":[-90.26571750138412,38.66583107784695],"type":"Point"},"id":"stl-city-public-streetlights:2:153429","properties":{"address":null,"attributes":{"Date_Installed":null,"LED_Powered":0,"LightID":"L046283","Light_Source":"LED","Light_Type":"Cobra","Lighting_Type":"LED-Powered Lamp","Verification_Date":null},"id":"stl-city-public-streetlights:2:153429","sourceLayerId":2,"sourceObjectId":153429,"sourceURL":"https://maps8.stlouis-mo.gov/arcgis/rest/services/STREETS/Streets_Permitting/MapServer/2","title":"Street light L046283"},"type":"Feature"},{"geometry":{"coordinates":[-90.2653089294466,38.665651488871845],"type":"Point"},"id":"stl-city-public-streetlights:2:153430","properties":{"address":null,"attributes":{"Date_Installed":null,"LED_Powered":0,"LightID":"L046284","Light_Source":"LED","Light_Type":"Cobra","Lighting_Type":"LED-Powered Lamp","Verification_Date":null},"id":"stl-city-public-streetlights:2:153430","sourceLayerId":2,"sourceObjectId":153430,"sourceURL":"https://maps8.stlouis-mo.gov/arcgis/rest/services/STREETS/Streets_Permitting/MapServer/2","title":"Street light L046284"},"type":"Feature"},{"geometry":{"coordinates":[-90.26035843376351,38.66546529486378],"type":"Point"},"id":"stl-city-public-streetlights:2:153431","properties":{"address":null,"attributes":{"Date_Installed":"10/1/2016","LED_Powered":1,"LightID":"L046285","Light_Source":"LED","Light_Type":"Cobra","Lighting_Type":"LED-Powered Lamp","Verification_Date":null},"id":"stl-city-public-streetlights:2:153431","sourceLayerId":2,"sourceObjectId":153431,"sourceURL":"https://maps8.stlouis-mo.gov/arcgis/rest/services/STREETS/Streets_Permitting/MapServer/2","title":"Street light L046285"},"type":"Feature"},{"geometry":{"coordinates":[-90.26084541049018,38.66548631372209],"type":"Point"},"id":"stl-city-public-streetlights:2:153432","properties":{"address":null,"attributes":{"Date_Installed":"10/1/2016","LED_Powered":1,"LightID":"L046286","Light_Source":"LED","Light_Type":"Cobra","Lighting_Type":"LED-Powered Lamp","Verification_Date":null},"id":"stl-city-public-streetlights:2:153432","sourceLayerId":2,"sourceObjectId":153432,"sourceURL":"https://maps8.stlouis-mo.gov/arcgis/rest/services/STREETS/Streets_Permitting/MapServer/2","title":"Street light L046286"},"type":"Feature"},{"geometry":{"coordinates":[-90.26132001190486,38.66549872436746],"type":"Point"},"id":"stl-city-public-streetlights:2:153433","properties":{"address":null,"attributes":{"Date_Installed":"10/1/2016","LED_Powered":1,"LightID":"L046287","Light_Source":"LED","Light_Type":"Cobra","Lighting_Type":"LED-Powered Lamp","Verification_Date":null},"id":"stl-city-public-streetlights:2:153433","sourceLayerId":2,"sourceObjectId":153433,"sourceURL":"https://maps8.stlouis-mo.gov/arcgis/rest/services/STREETS/Streets_Permitting/MapServer/2","title":"Street light L046287"},"type":"Feature"},{"geometry":{"coordinates":[-90.26177427914135,38.66548248856121],"type":"Point"},"id":"stl-city-public-streetlights:2:153434","properties":{"address":null,"attributes":{"Date_Installed":"10/1/2016","LED_Powered":1,"LightID":"L046288","Light_Source":"LED","Light_Type":"Cobra","Lighting_Type":"LED-Powered Lamp","Verification_Date":null},"id":"stl-city-public-streetlights:2:153434","sourceLayerId":2,"sourceObjectId":153434,"sourceURL":"https://maps8.stlouis-mo.gov/arcgis/rest/services/STREETS/Streets_Permitting/MapServer/2","title":"Street light L046288"},"type":"Feature"},{"geometry":{"coordinates":[-90.26230586283161,38.66568574311667],"type":"Point"},"id":"stl-city-public-streetlights:2:153435","properties":{"address":null,"attributes":{"Date_Installed":"10/1/2016","LED_Powered":1,"LightID":"L046289","Light_Source":"LED","Light_Type":"Cobra","Lighting_Type":"LED-Powered Lamp","Verification_Date":null},"id":"stl-city-public-streetlights:2:153435","sourceLayerId":2,"sourceObjectId":153435,"sourceURL":"https://maps8.stlouis-mo.gov/arcgis/rest/services/STREETS/Streets_Permitting/MapServer/2","title":"Street light L046289"},"type":"Feature"},{"geometry":{"coordinates":[-90.26183885087198,38.6661995311726],"type":"Point"},"id":"stl-city-public-streetlights:2:153436","properties":{"address":null,"attributes":{"Date_Installed":"10/1/2016","LED_Powered":1,"LightID":"L046290","Light_Source":"LED","Light_Type":"Cobra","Lighting_Type":"LED-Powered Lamp","Verification_Date":null},"id":"stl-city-public-streetlights:2:153436","sourceLayerId":2,"sourceObjectId":153436,"sourceURL":"https://maps8.stlouis-mo.gov/arcgis/rest/services/STREETS/Streets_Permitting/MapServer/2","title":"Street light L046290"},"type":"Feature"},{"geometry":{"coordinates":[-90.26984765100227,38.66191878697184],"type":"Point"},"id":"stl-city-public-streetlights:2:154804","properties":{"address":null,"attributes":{"Date_Installed":null,"LED_Powered":0,"LightID":"L047536","Light_Source":"LED","Light_Type":"Cobra","Lighting_Type":"LED-Powered Lamp","Verification_Date":null},"id":"stl-city-public-streetlights:2:154804","sourceLayerId":2,"sourceObjectId":154804,"sourceURL":"https://maps8.stlouis-mo.gov/arcgis/rest/services/STREETS/Streets_Permitting/MapServer/2","title":"Street light L047536"},"type":"Feature"},{"geometry":{"coordinates":[-90.2694276096968,38.66184966988484],"type":"Point"},"id":"stl-city-public-streetlights:2:154805","properties":{"address":null,"attributes":{"Date_Installed":null,"LED_Powered":0,"LightID":"L047537","Light_Source":"LED","Light_Type":"Cobra","Lighting_Type":"LED-Powered Lamp","Verification_Date":null},"id":"stl-city-public-streetlights:2:154805","sourceLayerId":2,"sourceObjectId":154805,"sourceURL":"https://maps8.stlouis-mo.gov/arcgis/rest/services/STREETS/Streets_Permitting/MapServer/2","title":"Street light L047537"},"type":"Feature"},{"geometry":{"coordinates":[-90.2690137546669,38.66178580666322],"type":"Point"},"id":"stl-city-public-streetlights:2:154806","properties":{"address":null,"attributes":{"Date_Installed":null,"LED_Powered":0,"LightID":"L047538","Light_Source":"LED","Light_Type":"Cobra","Lighting_Type":"LED-Powered Lamp","Verification_Date":null},"id":"stl-city-public-streetlights:2:154806","sourceLayerId":2,"sourceObjectId":154806,"sourceURL":"https://maps8.stlouis-mo.gov/arcgis/rest/services/STREETS/Streets_Permitting/MapServer/2","title":"Street light L047538"},"type":"Feature"},{"geometry":{"coordinates":[-90.26860689165376,38.66172207562691],"type":"Point"},"id":"stl-city-public-streetlights:2:154807","properties":{"address":null,"attributes":{"Date_Installed":null,"LED_Powered":0,"LightID":"L047539","Light_Source":"LED","Light_Type":"Cobra","Lighting_Type":"LED-Powered Lamp","Verification_Date":null},"id":"stl-city-public-streetlights:2:154807","sourceLayerId":2,"sourceObjectId":154807,"sourceURL":"https://maps8.stlouis-mo.gov/arcgis/rest/services/STREETS/Streets_Permitting/MapServer/2","title":"Street light L047539"},"type":"Feature"},{"geometry":{"coordinates":[-90.26820754527661,38.66166574713903],"type":"Point"},"id":"stl-city-public-streetlights:2:154808","properties":{"address":null,"attributes":{"Date_Installed":null,"LED_Powered":0,"LightID":"L047540","Light_Source":"LED","Light_Type":"Cobra","Lighting_Type":"LED-Powered Lamp","Verification_Date":null},"id":"stl-city-public-streetlights:2:154808","sourceLayerId":2,"sourceObjectId":154808,"sourceURL":"https://maps8.stlouis-mo.gov/arcgis/rest/services/STREETS/Streets_Permitting/MapServer/2","title":"Street light L047540"},"type":"Feature"},{"geometry":{"coordinates":[-90.2678319638197,38.66161208693851],"type":"Point"},"id":"stl-city-public-streetlights:2:154809","properties":{"address":null,"attributes":{"Date_Installed":null,"LED_Powered":0,"LightID":"L047541","Light_Source":"LED","Light_Type":"Cobra","Lighting_Type":"LED-Powered Lamp","Verification_Date":null},"id":"stl-city-public-streetlights:2:154809","sourceLayerId":2,"sourceObjectId":154809,"sourceURL":"https://maps8.stlouis-mo.gov/arcgis/rest/services/STREETS/Streets_Permitting/MapServer/2","title":"Street light L047541"},"type":"Feature"},{"geometry":{"coordinates":[-90.2673882267058,38.66153912456596],"type":"Point"},"id":"stl-city-public-streetlights:2:154810","properties":{"address":null,"attributes":{"Date_Installed":null,"LED_Powered":0,"LightID":"L047542","Light_Source":"LED","Light_Type":"Cobra","Lighting_Type":"LED-Powered Lamp","Verification_Date":null},"id":"stl-city-public-streetlights:2:154810","sourceLayerId":2,"sourceObjectId":154810,"sourceURL":"https://maps8.stlouis-mo.gov/arcgis/rest/services/STREETS/Streets_Permitting/MapServer/2","title":"Street light L047542"},"type":"Feature"},{"geometry":{"coordinates":[-90.26695796734856,38.66147248095309],"type":"Point"},"id":"stl-city-public-streetlights:2:154811","properties":{"address":null,"attributes":{"Date_Installed":null,"LED_Powered":0,"LightID":"L047543","Light_Source":"LED","Light_Type":"Cobra","Lighting_Type":"LED-Powered Lamp","Verification_Date":null},"id":"stl-city-public-streetlights:2:154811","sourceLayerId":2,"sourceObjectId":154811,"sourceURL":"https://maps8.stlouis-mo.gov/arcgis/rest/services/STREETS/Streets_Permitting/MapServer/2","title":"Street light L047543"},"type":"Feature"},{"geometry":{"coordinates":[-90.26656179576608,38.66141305502455],"type":"Point"},"id":"stl-city-public-streetlights:2:154812","properties":{"address":null,"attributes":{"Date_Installed":null,"LED_Powered":0,"LightID":"L047544","Light_Source":"LED","Light_Type":"Cobra","Lighting_Type":"LED-Powered Lamp","Verification_Date":null},"id":"stl-city-public-streetlights:2:154812","sourceLayerId":2,"sourceObjectId":154812,"sourceURL":"https://maps8.stlouis-mo.gov/arcgis/rest/services/STREETS/Streets_Permitting/MapServer/2","title":"Street light L047544"},"type":"Feature"},{"geometry":{"coordinates":[-90.26617346787492,38.66135364253305],"type":"Point"},"id":"stl-city-public-streetlights:2:154813","properties":{"address":null,"attributes":{"Date_Installed":null,"LED_Powered":0,"LightID":"L047545","Light_Source":"LED","Light_Type":"Cobra","Lighting_Type":"LED-Powered Lamp","Verification_Date":null},"id":"stl-city-public-streetlights:2:154813","sourceLayerId":2,"sourceObjectId":154813,"sourceURL":"https://maps8.stlouis-mo.gov/arcgis/rest/services/STREETS/Streets_Permitting/MapServer/2","title":"Street light L047545"},"type":"Feature"},{"geometry":{"coordinates":[-90.26575217438798,38.661288323196885],"type":"Point"},"id":"stl-city-public-streetlights:2:154814","properties":{"address":null,"attributes":{"Date_Installed":"1/18/2018","LED_Powered":1,"LightID":"L047546","Light_Source":"LED","Light_Type":"Cobra","Lighting_Type":"LED-Powered Lamp","Verification_Date":null},"id":"stl-city-public-streetlights:2:154814","sourceLayerId":2,"sourceObjectId":154814,"sourceURL":"https://maps8.stlouis-mo.gov/arcgis/rest/services/STREETS/Streets_Permitting/MapServer/2","title":"Street light L047546"},"type":"Feature"},{"geometry":{"coordinates":[-90.26534698501051,38.66122613369854],"type":"Point"},"id":"stl-city-public-streetlights:2:154815","properties":{"address":null,"attributes":{"Date_Installed":"1/18/2018","LED_Powered":1,"LightID":"L047547","Light_Source":"LED","Light_Type":"Cobra","Lighting_Type":"LED-Powered Lamp","Verification_Date":null},"id":"stl-city-public-streetlights:2:154815","sourceLayerId":2,"sourceObjectId":154815,"sourceURL":"https://maps8.stlouis-mo.gov/arcgis/rest/services/STREETS/Streets_Permitting/MapServer/2","title":"Street light L047547"},"type":"Feature"},{"geometry":{"coordinates":[-90.26490819710892,38.6611654238992],"type":"Point"},"id":"stl-city-public-streetlights:2:154816","properties":{"address":null,"attributes":{"Date_Installed":"1/18/2018","LED_Powered":1,"LightID":"L047548","Light_Source":"LED","Light_Type":"Cobra","Lighting_Type":"LED-Powered Lamp","Verification_Date":null},"id":"stl-city-public-streetlights:2:154816","sourceLayerId":2,"sourceObjectId":154816,"sourceURL":"https://maps8.stlouis-mo.gov/arcgis/rest/services/STREETS/Streets_Permitting/MapServer/2","title":"Street light L047548"},"type":"Feature"},{"geometry":{"coordinates":[-90.26447791225405,38.661108305192315],"type":"Point"},"id":"stl-city-public-streetlights:2:154817","properties":{"address":null,"attributes":{"Date_Installed":"1/18/2018","LED_Powered":1,"LightID":"L047549","Light_Source":"LED","Light_Type":"Cobra","Lighting_Type":"LED-Powered Lamp","Verification_Date":null},"id":"stl-city-public-streetlights:2:154817","sourceLayerId":2,"sourceObjectId":154817,"sourceURL":"https://maps8.stlouis-mo.gov/arcgis/rest/services/STREETS/Streets_Permitting/MapServer/2","title":"Street light L047549"},"type":"Feature"},{"geometry":{"coordinates":[-90.2640328608157,38.66102994194805],"type":"Point"},"id":"stl-city-public-streetlights:2:154818","properties":{"address":null,"attributes":{"Date_Installed":"1/18/2018","LED_Powered":1,"LightID":"L047550","Light_Source":"LED","Light_Type":"Cobra","Lighting_Type":"LED-Powered Lamp","Verification_Date":null},"id":"stl-city-public-streetlights:2:154818","sourceLayerId":2,"sourceObjectId":154818,"sourceURL":"https://maps8.stlouis-mo.gov/arcgis/rest/services/STREETS/Streets_Permitting/MapServer/2","title":"Street light L047550"},"type":"Feature"},{"geometry":{"coordinates":[-90.26359409520066,38.66096350663731],"type":"Point"},"id":"stl-city-public-streetlights:2:154819","properties":{"address":null,"attributes":{"Date_Installed":"1/18/2018","LED_Powered":1,"LightID":"L047551","Light_Source":"LED","Light_Type":"Cobra","Lighting_Type":"LED-Powered Lamp","Verification_Date":null},"id":"stl-city-public-streetlights:2:154819","sourceLayerId":2,"sourceObjectId":154819,"sourceURL":"https://maps8.stlouis-mo.gov/arcgis/rest/services/STREETS/Streets_Permitting/MapServer/2","title":"Street light L047551"},"type":"Feature"},{"geometry":{"coordinates":[-90.26315127742453,38.6608909363508],"type":"Point"},"id":"stl-city-public-streetlights:2:154820","properties":{"address":null,"attributes":{"Date_Installed":"1/18/2018","LED_Powered":1,"LightID":"L047552","Light_Source":"LED","Light_Type":"Cobra","Lighting_Type":"LED-Powered Lamp","Verification_Date":null},"id":"stl-city-public-streetlights:2:154820","sourceLayerId":2,"sourceObjectId":154820,"sourceURL":"https://maps8.stlouis-mo.gov/arcgis/rest/services/STREETS/Streets_Permitting/MapServer/2","title":"Street light L047552"},"type":"Feature"},{"geometry":{"coordinates":[-90.26269003446492,38.660818970242325],"type":"Point"},"id":"stl-city-public-streetlights:2:154821","properties":{"address":null,"attributes":{"Date_Installed":"1/18/2018","LED_Powered":1,"LightID":"L047553","Light_Source":"LED","Light_Type":"Cobra","Lighting_Type":"LED-Powered Lamp","Verification_Date":null},"id":"stl-city-public-streetlights:2:154821","sourceLayerId":2,"sourceObjectId":154821,"sourceURL":"https://maps8.stlouis-mo.gov/arcgis/rest/services/STREETS/Streets_Permitting/MapServer/2","title":"Street light L047553"},"type":"Feature"},{"geometry":{"coordinates":[-90.26222075879762,38.660749750806886],"type":"Point"},"id":"stl-city-public-streetlights:2:154822","properties":{"address":null,"attributes":{"Date_Installed":"1/18/2018","LED_Powered":1,"LightID":"L047554","Light_Source":"LED","Light_Type":"Cobra","Lighting_Type":"LED-Powered Lamp","Verification_Date":1661990400000},"id":"stl-city-public-streetlights:2:154822","sourceLayerId":2,"sourceObjectId":154822,"sourceURL":"https://maps8.stlouis-mo.gov/arcgis/rest/services/STREETS/Streets_Permitting/MapServer/2","title":"Street light L047554"},"type":"Feature"},{"geometry":{"coordinates":[-90.26211202910201,38.66152241169195],"type":"Point"},"id":"stl-city-public-streetlights:2:154823","properties":{"address":null,"attributes":{"Date_Installed":null,"LED_Powered":0,"LightID":"L047555","Light_Source":"LED","Light_Type":"Cobra","Lighting_Type":"LED-Powered Lamp","Verification_Date":1661990400000},"id":"stl-city-public-streetlights:2:154823","sourceLayerId":2,"sourceObjectId":154823,"sourceURL":"https://maps8.stlouis-mo.gov/arcgis/rest/services/STREETS/Streets_Permitting/MapServer/2","title":"Street light L047555"},"type":"Feature"},{"geometry":{"coordinates":[-90.26256671797121,38.66162380502729],"type":"Point"},"id":"stl-city-public-streetlights:2:154824","properties":{"address":null,"attributes":{"Date_Installed":null,"LED_Powered":0,"LightID":"L047556","Light_Source":"LED","Light_Type":"Cobra","Lighting_Type":"LED-Powered Lamp","Verification_Date":null},"id":"stl-city-public-streetlights:2:154824","sourceLayerId":2,"sourceObjectId":154824,"sourceURL":"https://maps8.stlouis-mo.gov/arcgis/rest/services/STREETS/Streets_Permitting/MapServer/2","title":"Street light L047556"},"type":"Feature"},{"geometry":{"coordinates":[-90.26297407436552,38.661720451220305],"type":"Point"},"id":"stl-city-public-streetlights:2:154825","properties":{"address":null,"attributes":{"Date_Installed":null,"LED_Powered":0,"LightID":"L047557","Light_Source":"LED","Light_Type":"Cobra","Lighting_Type":"LED-Powered Lamp","Verification_Date":null},"id":"stl-city-public-streetlights:2:154825","sourceLayerId":2,"sourceObjectId":154825,"sourceURL":"https://maps8.stlouis-mo.gov/arcgis/rest/services/STREETS/Streets_Permitting/MapServer/2","title":"Street light L047557"},"type":"Feature"},{"geometry":{"coordinates":[-90.2634049897312,38.66181821660349],"type":"Point"},"id":"stl-city-public-streetlights:2:154826","properties":{"address":null,"attributes":{"Date_Installed":null,"LED_Powered":0,"LightID":"L047558","Light_Source":"LED","Light_Type":"Cobra","Lighting_Type":"LED-Powered Lamp","Verification_Date":null},"id":"stl-city-public-streetlights:2:154826","sourceLayerId":2,"sourceObjectId":154826,"sourceURL":"https://maps8.stlouis-mo.gov/arcgis/rest/services/STREETS/Streets_Permitting/MapServer/2","title":"Street light L047558"},"type":"Feature"},{"geometry":{"coordinates":[-90.26383477316865,38.661913237618144],"type":"Point"},"id":"stl-city-public-streetlights:2:154827","properties":{"address":null,"attributes":{"Date_Installed":null,"LED_Powered":0,"LightID":"L047559","Light_Source":"LED","Light_Type":"Cobra","Lighting_Type":"LED-Powered Lamp","Verification_Date":null},"id":"stl-city-public-streetlights:2:154827","sourceLayerId":2,"sourceObjectId":154827,"sourceURL":"https://maps8.stlouis-mo.gov/arcgis/rest/services/STREETS/Streets_Permitting/MapServer/2","title":"Street light L047559"},"type":"Feature"},{"geometry":{"coordinates":[-90.2642678150127,38.66201672474194],"type":"Point"},"id":"stl-city-public-streetlights:2:154828","properties":{"address":null,"attributes":{"Date_Installed":null,"LED_Powered":0,"LightID":"L047560","Light_Source":"LED","Light_Type":"Cobra","Lighting_Type":"LED-Powered Lamp","Verification_Date":null},"id":"stl-city-public-streetlights:2:154828","sourceLayerId":2,"sourceObjectId":154828,"sourceURL":"https://maps8.stlouis-mo.gov/arcgis/rest/services/STREETS/Streets_Permitting/MapServer/2","title":"Street light L047560"},"type":"Feature"},{"geometry":{"coordinates":[-90.26468803297831,38.66210928014055],"type":"Point"},"id":"stl-city-public-streetlights:2:154829","properties":{"address":null,"attributes":{"Date_Installed":null,"LED_Powered":0,"LightID":"L047561","Light_Source":"LED","Light_Type":"Cobra","Lighting_Type":"LED-Powered Lamp","Verification_Date":null},"id":"stl-city-public-streetlights:2:154829","sourceLayerId":2,"sourceObjectId":154829,"sourceURL":"https://maps8.stlouis-mo.gov/arcgis/rest/services/STREETS/Streets_Permitting/MapServer/2","title":"Street light L047561"},"type":"Feature"},{"geometry":{"coordinates":[-90.26511599735436,38.662204352245936],"type":"Point"},"id":"stl-city-public-streetlights:2:154830","properties":{"address":null,"attributes":{"Date_Installed":null,"LED_Powered":0,"LightID":"L047562","Light_Source":"LED","Light_Type":"Cobra","Lighting_Type":"LED-Powered Lamp","Verification_Date":null},"id":"stl-city-public-streetlights:2:154830","sourceLayerId":2,"sourceObjectId":154830,"sourceURL":"https://maps8.stlouis-mo.gov/arcgis/rest/services/STREETS/Streets_Permitting/MapServer/2","title":"Street light L047562"},"type":"Feature"},{"geometry":{"coordinates":[-90.2655365607821,38.66229910975756],"type":"Point"},"id":"stl-city-public-streetlights:2:154831","properties":{"address":null,"attributes":{"Date_Installed":null,"LED_Powered":0,"LightID":"L047563","Light_Source":"LED","Light_Type":"Cobra","Lighting_Type":"LED-Powered Lamp","Verification_Date":null},"id":"stl-city-public-streetlights:2:154831","sourceLayerId":2,"sourceObjectId":154831,"sourceURL":"https://maps8.stlouis-mo.gov/arcgis/rest/services/STREETS/Streets_Permitting/MapServer/2","title":"Street light L047563"},"type":"Feature"},{"geometry":{"coordinates":[-90.26593800933873,38.66239168249987],"type":"Point"},"id":"stl-city-public-streetlights:2:154832","properties":{"address":null,"attributes":{"Date_Installed":null,"LED_Powered":0,"LightID":"L047564","Light_Source":"LED","Light_Type":"Cobra","Lighting_Type":"LED-Powered Lamp","Verification_Date":null},"id":"stl-city-public-streetlights:2:154832","sourceLayerId":2,"sourceObjectId":154832,"sourceURL":"https://maps8.stlouis-mo.gov/arcgis/rest/services/STREETS/Streets_Permitting/MapServer/2","title":"Street light L047564"},"type":"Feature"},{"geometry":{"coordinates":[-90.266354432659,38.66248434233386],"type":"Point"},"id":"stl-city-public-streetlights:2:154833","properties":{"address":null,"attributes":{"Date_Installed":null,"LED_Powered":0,"LightID":"L047565","Light_Source":"LED","Light_Type":"Cobra","Lighting_Type":"LED-Powered Lamp","Verification_Date":null},"id":"stl-city-public-streetlights:2:154833","sourceLayerId":2,"sourceObjectId":154833,"sourceURL":"https://maps8.stlouis-mo.gov/arcgis/rest/services/STREETS/Streets_Permitting/MapServer/2","title":"Street light L047565"},"type":"Feature"},{"geometry":{"coordinates":[-90.26678242070275,38.66258269842424],"type":"Point"},"id":"stl-city-public-streetlights:2:154834","properties":{"address":null,"attributes":{"Date_Installed":null,"LED_Powered":0,"LightID":"L047566","Light_Source":"LED","Light_Type":"Cobra","Lighting_Type":"LED-Powered Lamp","Verification_Date":null},"id":"stl-city-public-streetlights:2:154834","sourceLayerId":2,"sourceObjectId":154834,"sourceURL":"https://maps8.stlouis-mo.gov/arcgis/rest/services/STREETS/Streets_Permitting/MapServer/2","title":"Street light L047566"},"type":"Feature"},{"geometry":{"coordinates":[-90.26719952584972,38.662676251188316],"type":"Point"},"id":"stl-city-public-streetlights:2:154835","properties":{"address":null,"attributes":{"Date_Installed":null,"LED_Powered":0,"LightID":"L047567","Light_Source":"LED","Light_Type":"Cobra","Lighting_Type":"LED-Powered Lamp","Verification_Date":null},"id":"stl-city-public-streetlights:2:154835","sourceLayerId":2,"sourceObjectId":154835,"sourceURL":"https://maps8.stlouis-mo.gov/arcgis/rest/services/STREETS/Streets_Permitting/MapServer/2","title":"Street light L047567"},"type":"Feature"},{"geometry":{"coordinates":[-90.26760339573369,38.662773947272306],"type":"Point"},"id":"stl-city-public-streetlights:2:154836","properties":{"address":null,"attributes":{"Date_Installed":null,"LED_Powered":0,"LightID":"L047568","Light_Source":"LED","Light_Type":"Cobra","Lighting_Type":"LED-Powered Lamp","Verification_Date":null},"id":"stl-city-public-streetlights:2:154836","sourceLayerId":2,"sourceObjectId":154836,"sourceURL":"https://maps8.stlouis-mo.gov/arcgis/rest/services/STREETS/Streets_Permitting/MapServer/2","title":"Street light L047568"},"type":"Feature"},{"geometry":{"coordinates":[-90.26800928071964,38.662859608319444],"type":"Point"},"id":"stl-city-public-streetlights:2:154837","properties":{"address":null,"attributes":{"Date_Installed":null,"LED_Powered":0,"LightID":"L047569","Light_Source":"LED","Light_Type":"Cobra","Lighting_Type":"LED-Powered Lamp","Verification_Date":null},"id":"stl-city-public-streetlights:2:154837","sourceLayerId":2,"sourceObjectId":154837,"sourceURL":"https://maps8.stlouis-mo.gov/arcgis/rest/services/STREETS/Streets_Permitting/MapServer/2","title":"Street light L047569"},"type":"Feature"},{"geometry":{"coordinates":[-90.26841721914147,38.662954450249806],"type":"Point"},"id":"stl-city-public-streetlights:2:154838","properties":{"address":null,"attributes":{"Date_Installed":null,"LED_Powered":0,"LightID":"L047570","Light_Source":"LED","Light_Type":"Cobra","Lighting_Type":"LED-Powered Lamp","Verification_Date":null},"id":"stl-city-public-streetlights:2:154838","sourceLayerId":2,"sourceObjectId":154838,"sourceURL":"https://maps8.stlouis-mo.gov/arcgis/rest/services/STREETS/Streets_Permitting/MapServer/2","title":"Street light L047570"},"type":"Feature"},{"geometry":{"coordinates":[-90.26882635133408,38.66304714720603],"type":"Point"},"id":"stl-city-public-streetlights:2:154839","properties":{"address":null,"attributes":{"Date_Installed":null,"LED_Powered":0,"LightID":"L047571","Light_Source":"LED","Light_Type":"Cobra","Lighting_Type":"LED-Powered Lamp","Verification_Date":null},"id":"stl-city-public-streetlights:2:154839","sourceLayerId":2,"sourceObjectId":154839,"sourceURL":"https://maps8.stlouis-mo.gov/arcgis/rest/services/STREETS/Streets_Permitting/MapServer/2","title":"Street light L047571"},"type":"Feature"},{"geometry":{"coordinates":[-90.26921869736731,38.66313730695248],"type":"Point"},"id":"stl-city-public-streetlights:2:154840","properties":{"address":null,"attributes":{"Date_Installed":null,"LED_Powered":0,"LightID":"L047572","Light_Source":"LED","Light_Type":"Cobra","Lighting_Type":"LED-Powered Lamp","Verification_Date":null},"id":"stl-city-public-streetlights:2:154840","sourceLayerId":2,"sourceObjectId":154840,"sourceURL":"https://maps8.stlouis-mo.gov/arcgis/rest/services/STREETS/Streets_Permitting/MapServer/2","title":"Street light L047572"},"type":"Feature"},{"geometry":{"coordinates":[-90.26964610047986,38.66323525772142],"type":"Point"},"id":"stl-city-public-streetlights:2:154841","properties":{"address":null,"attributes":{"Date_Installed":null,"LED_Powered":0,"LightID":"L047573","Light_Source":"LED","Light_Type":"Cobra","Lighting_Type":"LED-Powered Lamp","Verification_Date":null},"id":"stl-city-public-streetlights:2:154841","sourceLayerId":2,"sourceObjectId":154841,"sourceURL":"https://maps8.stlouis-mo.gov/arcgis/rest/services/STREETS/Streets_Permitting/MapServer/2","title":"Street light L047573"},"type":"Feature"},{"geometry":{"coordinates":[-90.26870064546227,38.664466638062294],"type":"Point"},"id":"stl-city-public-streetlights:2:154842","properties":{"address":null,"attributes":{"Date_Installed":"6/15/2017","LED_Powered":1,"LightID":"L047574","Light_Source":"LED","Light_Type":"Cobra","Lighting_Type":"LED-Powered Lamp","Verification_Date":null},"id":"stl-city-public-streetlights:2:154842","sourceLayerId":2,"sourceObjectId":154842,"sourceURL":"https://maps8.stlouis-mo.gov/arcgis/rest/services/STREETS/Streets_Permitting/MapServer/2","title":"Street light L047574"},"type":"Feature"},{"geometry":{"coordinates":[-90.2683150514596,38.66434583642636],"type":"Point"},"id":"stl-city-public-streetlights:2:154843","properties":{"address":null,"attributes":{"Date_Installed":null,"LED_Powered":0,"LightID":"L047575","Light_Source":"LED","Light_Type":"Cobra","Lighting_Type":"LED-Powered Lamp","Verification_Date":null},"id":"stl-city-public-streetlights:2:154843","sourceLayerId":2,"sourceObjectId":154843,"sourceURL":"https://maps8.stlouis-mo.gov/arcgis/rest/services/STREETS/Streets_Permitting/MapServer/2","title":"Street light L047575"},"type":"Feature"},{"geometry":{"coordinates":[-90.26792799049447,38.66421820189362],"type":"Point"},"id":"stl-city-public-streetlights:2:154844","properties":{"address":null,"attributes":{"Date_Installed":null,"LED_Powered":0,"LightID":"L047576","Light_Source":"LED","Light_Type":"Cobra","Lighting_Type":"LED-Powered Lamp","Verification_Date":null},"id":"stl-city-public-streetlights:2:154844","sourceLayerId":2,"sourceObjectId":154844,"sourceURL":"https://maps8.stlouis-mo.gov/arcgis/rest/services/STREETS/Streets_Permitting/MapServer/2","title":"Street light L047576"},"type":"Feature"},{"geometry":{"coordinates":[-90.26753629300107,38.66409103433394],"type":"Point"},"id":"stl-city-public-streetlights:2:154845","properties":{"address":null,"attributes":{"Date_Installed":null,"LED_Powered":0,"LightID":"L047577","Light_Source":"LED","Light_Type":"Cobra","Lighting_Type":"LED-Powered Lamp","Verification_Date":null},"id":"stl-city-public-streetlights:2:154845","sourceLayerId":2,"sourceObjectId":154845,"sourceURL":"https://maps8.stlouis-mo.gov/arcgis/rest/services/STREETS/Streets_Permitting/MapServer/2","title":"Street light L047577"},"type":"Feature"},{"geometry":{"coordinates":[-90.26714106036344,38.66396699170469],"type":"Point"},"id":"stl-city-public-streetlights:2:154846","properties":{"address":null,"attributes":{"Date_Installed":null,"LED_Powered":0,"LightID":"L047578","Light_Source":"LED","Light_Type":"Cobra","Lighting_Type":"LED-Powered Lamp","Verification_Date":null},"id":"stl-city-public-streetlights:2:154846","sourceLayerId":2,"sourceObjectId":154846,"sourceURL":"https://maps8.stlouis-mo.gov/arcgis/rest/services/STREETS/Streets_Permitting/MapServer/2","title":"Street light L047578"},"type":"Feature"},{"geometry":{"coordinates":[-90.26673599010803,38.66383437150763],"type":"Point"},"id":"stl-city-public-streetlights:2:154847","properties":{"address":null,"attributes":{"Date_Installed":null,"LED_Powered":0,"LightID":"L047579","Light_Source":"LED","Light_Type":"Cobra","Lighting_Type":"LED-Powered Lamp","Verification_Date":null},"id":"stl-city-public-streetlights:2:154847","sourceLayerId":2,"sourceObjectId":154847,"sourceURL":"https://maps8.stlouis-mo.gov/arcgis/rest/services/STREETS/Streets_Permitting/MapServer/2","title":"Street light L047579"},"type":"Feature"},{"geometry":{"coordinates":[-90.26634065640425,38.66370480894522],"type":"Point"},"id":"stl-city-public-streetlights:2:154848","properties":{"address":null,"attributes":{"Date_Installed":null,"LED_Powered":0,"LightID":"L047580","Light_Source":"LED","Light_Type":"Cobra","Lighting_Type":"LED-Powered Lamp","Verification_Date":null},"id":"stl-city-public-streetlights:2:154848","sourceLayerId":2,"sourceObjectId":154848,"sourceURL":"https://maps8.stlouis-mo.gov/arcgis/rest/services/STREETS/Streets_Permitting/MapServer/2","title":"Street light L047580"},"type":"Feature"},{"geometry":{"coordinates":[-90.26594987880739,38.66357704151936],"type":"Point"},"id":"stl-city-public-streetlights:2:154849","properties":{"address":null,"attributes":{"Date_Installed":null,"LED_Powered":0,"LightID":"L047581","Light_Source":"LED","Light_Type":"Cobra","Lighting_Type":"LED-Powered Lamp","Verification_Date":null},"id":"stl-city-public-streetlights:2:154849","sourceLayerId":2,"sourceObjectId":154849,"sourceURL":"https://maps8.stlouis-mo.gov/arcgis/rest/services/STREETS/Streets_Permitting/MapServer/2","title":"Street light L047581"},"type":"Feature"},{"geometry":{"coordinates":[-90.26554266012684,38.6634432210151],"type":"Point"},"id":"stl-city-public-streetlights:2:154850","properties":{"address":null,"attributes":{"Date_Installed":null,"LED_Powered":0,"LightID":"L047582","Light_Source":"LED","Light_Type":"Cobra","Lighting_Type":"LED-Powered Lamp","Verification_Date":null},"id":"stl-city-public-streetlights:2:154850","sourceLayerId":2,"sourceObjectId":154850,"sourceURL":"https://maps8.stlouis-mo.gov/arcgis/rest/services/STREETS/Streets_Permitting/MapServer/2","title":"Street light L047582"},"type":"Feature"},{"geometry":{"coordinates":[-90.26513400330329,38.66331254299854],"type":"Point"},"id":"stl-city-public-streetlights:2:154851","properties":{"address":null,"attributes":{"Date_Installed":null,"LED_Powered":0,"LightID":"L047583","Light_Source":"LED","Light_Type":"Cobra","Lighting_Type":"LED-Powered Lamp","Verification_Date":null},"id":"stl-city-public-streetlights:2:154851","sourceLayerId":2,"sourceObjectId":154851,"sourceURL":"https://maps8.stlouis-mo.gov/arcgis/rest/services/STREETS/Streets_Permitting/MapServer/2","title":"Street light L047583"},"type":"Feature"},{"geometry":{"coordinates":[-90.26473845509148,38.663189898794236],"type":"Point"},"id":"stl-city-public-streetlights:2:154852","properties":{"address":null,"attributes":{"Date_Installed":null,"LED_Powered":0,"LightID":"L047584","Light_Source":"LED","Light_Type":"Cobra","Lighting_Type":"LED-Powered Lamp","Verification_Date":null},"id":"stl-city-public-streetlights:2:154852","sourceLayerId":2,"sourceObjectId":154852,"sourceURL":"https://maps8.stlouis-mo.gov/arcgis/rest/services/STREETS/Streets_Permitting/MapServer/2","title":"Street light L047584"},"type":"Feature"},{"geometry":{"coordinates":[-90.26434656949797,38.663063256192274],"type":"Point"},"id":"stl-city-public-streetlights:2:154853","properties":{"address":null,"attributes":{"Date_Installed":null,"LED_Powered":0,"LightID":"L047585","Light_Source":"LED","Light_Type":"Cobra","Lighting_Type":"LED-Powered Lamp","Verification_Date":null},"id":"stl-city-public-streetlights:2:154853","sourceLayerId":2,"sourceObjectId":154853,"sourceURL":"https://maps8.stlouis-mo.gov/arcgis/rest/services/STREETS/Streets_Permitting/MapServer/2","title":"Street light L047585"},"type":"Feature"},{"geometry":{"coordinates":[-90.26393401170517,38.6629276076447],"type":"Point"},"id":"stl-city-public-streetlights:2:154854","properties":{"address":null,"attributes":{"Date_Installed":null,"LED_Powered":0,"LightID":"L047586","Light_Source":"LED","Light_Type":"Cobra","Lighting_Type":"LED-Powered Lamp","Verification_Date":null},"id":"stl-city-public-streetlights:2:154854","sourceLayerId":2,"sourceObjectId":154854,"sourceURL":"https://maps8.stlouis-mo.gov/arcgis/rest/services/STREETS/Streets_Permitting/MapServer/2","title":"Street light L047586"},"type":"Feature"},{"geometry":{"coordinates":[-90.26354724740875,38.662806693323404],"type":"Point"},"id":"stl-city-public-streetlights:2:154855","properties":{"address":null,"attributes":{"Date_Installed":null,"LED_Powered":0,"LightID":"L047587","Light_Source":"LED","Light_Type":"Cobra","Lighting_Type":"LED-Powered Lamp","Verification_Date":null},"id":"stl-city-public-streetlights:2:154855","sourceLayerId":2,"sourceObjectId":154855,"sourceURL":"https://maps8.stlouis-mo.gov/arcgis/rest/services/STREETS/Streets_Permitting/MapServer/2","title":"Street light L047587"},"type":"Feature"},{"geometry":{"coordinates":[-90.26313855517908,38.66267047771904],"type":"Point"},"id":"stl-city-public-streetlights:2:154856","properties":{"address":null,"attributes":{"Date_Installed":null,"LED_Powered":0,"LightID":"L047588","Light_Source":"LED","Light_Type":"Cobra","Lighting_Type":"LED-Powered Lamp","Verification_Date":null},"id":"stl-city-public-streetlights:2:154856","sourceLayerId":2,"sourceObjectId":154856,"sourceURL":"https://maps8.stlouis-mo.gov/arcgis/rest/services/STREETS/Streets_Permitting/MapServer/2","title":"Street light L047588"},"type":"Feature"},{"geometry":{"coordinates":[-90.26272910853827,38.6625377158545],"type":"Point"},"id":"stl-city-public-streetlights:2:154857","properties":{"address":null,"attributes":{"Date_Installed":null,"LED_Powered":0,"LightID":"L047589","Light_Source":"LED","Light_Type":"Cobra","Lighting_Type":"LED-Powered Lamp","Verification_Date":null},"id":"stl-city-public-streetlights:2:154857","sourceLayerId":2,"sourceObjectId":154857,"sourceURL":"https://maps8.stlouis-mo.gov/arcgis/rest/services/STREETS/Streets_Permitting/MapServer/2","title":"Street light L047589"},"type":"Feature"},{"geometry":{"coordinates":[-90.26231837590154,38.66240340041851],"type":"Point"},"id":"stl-city-public-streetlights:2:154858","properties":{"address":null,"attributes":{"Date_Installed":null,"LED_Powered":1,"LightID":"L047590","Light_Source":"LED","Light_Type":"Cobra","Lighting_Type":"LED-Powered Lamp","Verification_Date":null},"id":"stl-city-public-streetlights:2:154858","sourceLayerId":2,"sourceObjectId":154858,"sourceURL":"https://maps8.stlouis-mo.gov/arcgis/rest/services/STREETS/Streets_Permitting/MapServer/2","title":"Street light L047590"},"type":"Feature"},{"geometry":{"coordinates":[-90.26193625854026,38.66228094068431],"type":"Point"},"id":"stl-city-public-streetlights:2:154859","properties":{"address":null,"attributes":{"Date_Installed":null,"LED_Powered":0,"LightID":"L047591","Light_Source":"LED","Light_Type":"Cobra","Lighting_Type":"LED-Powered Lamp","Verification_Date":1659312000000},"id":"stl-city-public-streetlights:2:154859","sourceLayerId":2,"sourceObjectId":154859,"sourceURL":"https://maps8.stlouis-mo.gov/arcgis/rest/services/STREETS/Streets_Permitting/MapServer/2","title":"Street light L047591"},"type":"Feature"},{"geometry":{"coordinates":[-90.2602600813436,38.662476515805366],"type":"Point"},"id":"stl-city-public-streetlights:2:154862","properties":{"address":null,"attributes":{"Date_Installed":null,"LED_Powered":0,"LightID":"L047594","Light_Source":"LED","Light_Type":"Cobra","Lighting_Type":"LED-Powered Lamp","Verification_Date":1656633600000},"id":"stl-city-public-streetlights:2:154862","sourceLayerId":2,"sourceObjectId":154862,"sourceURL":"https://maps8.stlouis-mo.gov/arcgis/rest/services/STREETS/Streets_Permitting/MapServer/2","title":"Street light L047594"},"type":"Feature"},{"geometry":{"coordinates":[-90.26032148536275,38.66211338099541],"type":"Point"},"id":"stl-city-public-streetlights:2:154863","properties":{"address":null,"attributes":{"Date_Installed":null,"LED_Powered":0,"LightID":"L047595","Light_Source":"LED","Light_Type":"Cobra","Lighting_Type":"LED-Powered Lamp","Verification_Date":null},"id":"stl-city-public-streetlights:2:154863","sourceLayerId":2,"sourceObjectId":154863,"sourceURL":"https://maps8.stlouis-mo.gov/arcgis/rest/services/STREETS/Streets_Permitting/MapServer/2","title":"Street light L047595"},"type":"Feature"},{"geometry":{"coordinates":[-90.26037917891964,38.66176911749707],"type":"Point"},"id":"stl-city-public-streetlights:2:154864","properties":{"address":null,"attributes":{"Date_Installed":null,"LED_Powered":0,"LightID":"L047596","Light_Source":"LED","Light_Type":"Cobra","Lighting_Type":"LED-Powered Lamp","Verification_Date":null},"id":"stl-city-public-streetlights:2:154864","sourceLayerId":2,"sourceObjectId":154864,"sourceURL":"https://maps8.stlouis-mo.gov/arcgis/rest/services/STREETS/Streets_Permitting/MapServer/2","title":"Street light L047596"},"type":"Feature"},{"geometry":{"coordinates":[-90.26044054951467,38.66141599315714],"type":"Point"},"id":"stl-city-public-streetlights:2:154865","properties":{"address":null,"attributes":{"Date_Installed":null,"LED_Powered":0,"LightID":"L047597","Light_Source":"LED","Light_Type":"Cobra","Lighting_Type":"LED-Powered Lamp","Verification_Date":null},"id":"stl-city-public-streetlights:2:154865","sourceLayerId":2,"sourceObjectId":154865,"sourceURL":"https://maps8.stlouis-mo.gov/arcgis/rest/services/STREETS/Streets_Permitting/MapServer/2","title":"Street light L047597"},"type":"Feature"},{"geometry":{"coordinates":[-90.26050745575276,38.66104343086552],"type":"Point"},"id":"stl-city-public-streetlights:2:154866","properties":{"address":null,"attributes":{"Date_Installed":null,"LED_Powered":0,"LightID":"L047598","Light_Source":"LED","Light_Type":"Cobra","Lighting_Type":"LED-Powered Lamp","Verification_Date":null},"id":"stl-city-public-streetlights:2:154866","sourceLayerId":2,"sourceObjectId":154866,"sourceURL":"https://maps8.stlouis-mo.gov/arcgis/rest/services/STREETS/Streets_Permitting/MapServer/2","title":"Street light L047598"},"type":"Feature"},{"geometry":{"coordinates":[-90.26056330485741,38.66070459758058],"type":"Point"},"id":"stl-city-public-streetlights:2:154867","properties":{"address":null,"attributes":{"Date_Installed":null,"LED_Powered":0,"LightID":"L047599","Light_Source":"LED","Light_Type":"Cobra","Lighting_Type":"LED-Powered Lamp","Verification_Date":null},"id":"stl-city-public-streetlights:2:154867","sourceLayerId":2,"sourceObjectId":154867,"sourceURL":"https://maps8.stlouis-mo.gov/arcgis/rest/services/STREETS/Streets_Permitting/MapServer/2","title":"Street light L047599"},"type":"Feature"},{"geometry":{"coordinates":[-90.26062842852691,38.66031901642014],"type":"Point"},"id":"stl-city-public-streetlights:2:154868","properties":{"address":null,"attributes":{"Date_Installed":null,"LED_Powered":0,"LightID":"L047600","Light_Source":"LED","Light_Type":"Cobra","Lighting_Type":"LED-Powered Lamp","Verification_Date":null},"id":"stl-city-public-streetlights:2:154868","sourceLayerId":2,"sourceObjectId":154868,"sourceURL":"https://maps8.stlouis-mo.gov/arcgis/rest/services/STREETS/Streets_Permitting/MapServer/2","title":"Street light L047600"},"type":"Feature"},{"geometry":{"coordinates":[-90.26067979391823,38.66001206613768],"type":"Point"},"id":"stl-city-public-streetlights:2:154869","properties":{"address":null,"attributes":{"Date_Installed":null,"LED_Powered":0,"LightID":"L047601","Light_Source":"LED","Light_Type":"Cobra","Lighting_Type":"LED-Powered Lamp","Verification_Date":null},"id":"stl-city-public-streetlights:2:154869","sourceLayerId":2,"sourceObjectId":154869,"sourceURL":"https://maps8.stlouis-mo.gov/arcgis/rest/services/STREETS/Streets_Permitting/MapServer/2","title":"Street light L047601"},"type":"Feature"},{"geometry":{"coordinates":[-90.26924559932765,38.666502191549355],"type":"Point"},"id":"stl-city-public-streetlights:2:159639","properties":{"address":null,"attributes":{"Date_Installed":"Sept 2016","LED_Powered":1,"LightID":"L052570","Light_Source":"LED","Light_Type":"Cobra","Lighting_Type":"LED-Powered Lamp","Verification_Date":1656633600000},"id":"stl-city-public-streetlights:2:159639","sourceLayerId":2,"sourceObjectId":159639,"sourceURL":"https://maps8.stlouis-mo.gov/arcgis/rest/services/STREETS/Streets_Permitting/MapServer/2","title":"Street light L052570"},"type":"Feature"},{"geometry":{"coordinates":[-90.2690050741354,38.66655843744575],"type":"Point"},"id":"stl-city-public-streetlights:2:160577","properties":{"address":null,"attributes":{"Date_Installed":null,"LED_Powered":null,"LightID":null,"Light_Source":null,"Light_Type":"Decorative","Lighting_Type":null,"Verification_Date":1656633600000},"id":"stl-city-public-streetlights:2:160577","sourceLayerId":2,"sourceObjectId":160577,"sourceURL":"https://maps8.stlouis-mo.gov/arcgis/rest/services/STREETS/Streets_Permitting/MapServer/2","title":"Street light 160577"},"type":"Feature"}],"layerId":"city-streetlights","retrievedAt":"2026-09-13T21:56:18.173251+00:00","schema":"property-infrastructure-geojson-v1","sourceId":"stl-city-public-streetlights","tileId":"-9027_3866","type":"FeatureCollection"}