{"features":[{"geometry":{"coordinates":[-90.27008848590613,38.619576423328404],"type":"Point"},"id":"stl-city-public-streetlights:2:117635","properties":{"address":null,"attributes":{"Date_Installed":null,"LED_Powered":0,"LightID":"L010360","Light_Source":"LED","Light_Type":"Cobra","Lighting_Type":"LED-Powered Lamp","Verification_Date":null},"id":"stl-city-public-streetlights:2:117635","sourceLayerId":2,"sourceObjectId":117635,"sourceURL":"https://maps8.stlouis-mo.gov/arcgis/rest/services/STREETS/Streets_Permitting/MapServer/2","title":"Street light L010360"},"type":"Feature"},{"geometry":{"coordinates":[-90.2701477383632,38.61928907568224],"type":"Point"},"id":"stl-city-public-streetlights:2:117636","properties":{"address":null,"attributes":{"Date_Installed":null,"LED_Powered":0,"LightID":"L010361","Light_Source":"LED","Light_Type":"Cobra","Lighting_Type":"LED-Powered Lamp","Verification_Date":null},"id":"stl-city-public-streetlights:2:117636","sourceLayerId":2,"sourceObjectId":117636,"sourceURL":"https://maps8.stlouis-mo.gov/arcgis/rest/services/STREETS/Streets_Permitting/MapServer/2","title":"Street light L010361"},"type":"Feature"},{"geometry":{"coordinates":[-90.27021443045886,38.61895526193918],"type":"Point"},"id":"stl-city-public-streetlights:2:117637","properties":{"address":null,"attributes":{"Date_Installed":null,"LED_Powered":0,"LightID":"L010362","Light_Source":"LED","Light_Type":"Cobra","Lighting_Type":"LED-Powered Lamp","Verification_Date":null},"id":"stl-city-public-streetlights:2:117637","sourceLayerId":2,"sourceObjectId":117637,"sourceURL":"https://maps8.stlouis-mo.gov/arcgis/rest/services/STREETS/Streets_Permitting/MapServer/2","title":"Street light L010362"},"type":"Feature"},{"geometry":{"coordinates":[-90.27037743299321,38.61815669627135],"type":"Point"},"id":"stl-city-public-streetlights:2:117638","properties":{"address":null,"attributes":{"Date_Installed":null,"LED_Powered":0,"LightID":"L010363","Light_Source":"LED","Light_Type":"Cobra","Lighting_Type":"LED-Powered Lamp","Verification_Date":null},"id":"stl-city-public-streetlights:2:117638","sourceLayerId":2,"sourceObjectId":117638,"sourceURL":"https://maps8.stlouis-mo.gov/arcgis/rest/services/STREETS/Streets_Permitting/MapServer/2","title":"Street light L010363"},"type":"Feature"},{"geometry":{"coordinates":[-90.27044441737151,38.617825981975486],"type":"Point"},"id":"stl-city-public-streetlights:2:117639","properties":{"address":null,"attributes":{"Date_Installed":null,"LED_Powered":0,"LightID":"L010364","Light_Source":"LED","Light_Type":"Cobra","Lighting_Type":"LED-Powered Lamp","Verification_Date":null},"id":"stl-city-public-streetlights:2:117639","sourceLayerId":2,"sourceObjectId":117639,"sourceURL":"https://maps8.stlouis-mo.gov/arcgis/rest/services/STREETS/Streets_Permitting/MapServer/2","title":"Street light L010364"},"type":"Feature"},{"geometry":{"coordinates":[-90.27052012731119,38.617464916531475],"type":"Point"},"id":"stl-city-public-streetlights:2:117640","properties":{"address":null,"attributes":{"Date_Installed":null,"LED_Powered":0,"LightID":"L010365","Light_Source":"LED","Light_Type":"Cobra","Lighting_Type":"LED-Powered Lamp","Verification_Date":null},"id":"stl-city-public-streetlights:2:117640","sourceLayerId":2,"sourceObjectId":117640,"sourceURL":"https://maps8.stlouis-mo.gov/arcgis/rest/services/STREETS/Streets_Permitting/MapServer/2","title":"Street light L010365"},"type":"Feature"},{"geometry":{"coordinates":[-90.27058989516395,38.61711828518625],"type":"Point"},"id":"stl-city-public-streetlights:2:117641","properties":{"address":null,"attributes":{"Date_Installed":null,"LED_Powered":0,"LightID":"L010366","Light_Source":"LED","Light_Type":"Cobra","Lighting_Type":"LED-Powered Lamp","Verification_Date":null},"id":"stl-city-public-streetlights:2:117641","sourceLayerId":2,"sourceObjectId":117641,"sourceURL":"https://maps8.stlouis-mo.gov/arcgis/rest/services/STREETS/Streets_Permitting/MapServer/2","title":"Street light L010366"},"type":"Feature"},{"geometry":{"coordinates":[-90.27065999696146,38.61678052102285],"type":"Point"},"id":"stl-city-public-streetlights:2:117642","properties":{"address":null,"attributes":{"Date_Installed":null,"LED_Powered":0,"LightID":"L010367","Light_Source":"LED","Light_Type":"Cobra","Lighting_Type":"LED-Powered Lamp","Verification_Date":null},"id":"stl-city-public-streetlights:2:117642","sourceLayerId":2,"sourceObjectId":117642,"sourceURL":"https://maps8.stlouis-mo.gov/arcgis/rest/services/STREETS/Streets_Permitting/MapServer/2","title":"Street light L010367"},"type":"Feature"},{"geometry":{"coordinates":[-90.27074650145848,38.6163680382229],"type":"Point"},"id":"stl-city-public-streetlights:2:117643","properties":{"address":null,"attributes":{"Date_Installed":"2/13/2018","LED_Powered":1,"LightID":"L010368","Light_Source":"LED","Light_Type":"Cobra","Lighting_Type":"LED-Powered Lamp","Verification_Date":null},"id":"stl-city-public-streetlights:2:117643","sourceLayerId":2,"sourceObjectId":117643,"sourceURL":"https://maps8.stlouis-mo.gov/arcgis/rest/services/STREETS/Streets_Permitting/MapServer/2","title":"Street light L010368"},"type":"Feature"},{"geometry":{"coordinates":[-90.27080775635201,38.61602277197182],"type":"Point"},"id":"stl-city-public-streetlights:2:117644","properties":{"address":null,"attributes":{"Date_Installed":"2/13/2018","LED_Powered":1,"LightID":"L010369","Light_Source":"LED","Light_Type":"Cobra","Lighting_Type":"LED-Powered Lamp","Verification_Date":null},"id":"stl-city-public-streetlights:2:117644","sourceLayerId":2,"sourceObjectId":117644,"sourceURL":"https://maps8.stlouis-mo.gov/arcgis/rest/services/STREETS/Streets_Permitting/MapServer/2","title":"Street light L010369"},"type":"Feature"},{"geometry":{"coordinates":[-90.27088366297396,38.61565536697606],"type":"Point"},"id":"stl-city-public-streetlights:2:117645","properties":{"address":null,"attributes":{"Date_Installed":"2/13/2018","LED_Powered":1,"LightID":"L010370","Light_Source":"LED","Light_Type":"Cobra","Lighting_Type":"LED-Powered Lamp","Verification_Date":null},"id":"stl-city-public-streetlights:2:117645","sourceLayerId":2,"sourceObjectId":117645,"sourceURL":"https://maps8.stlouis-mo.gov/arcgis/rest/services/STREETS/Streets_Permitting/MapServer/2","title":"Street light L010370"},"type":"Feature"},{"geometry":{"coordinates":[-90.27096136496348,38.6152965455296],"type":"Point"},"id":"stl-city-public-streetlights:2:117646","properties":{"address":null,"attributes":{"Date_Installed":"2/13/2018","LED_Powered":1,"LightID":"L010371","Light_Source":"LED","Light_Type":"Cobra","Lighting_Type":"LED-Powered Lamp","Verification_Date":null},"id":"stl-city-public-streetlights:2:117646","sourceLayerId":2,"sourceObjectId":117646,"sourceURL":"https://maps8.stlouis-mo.gov/arcgis/rest/services/STREETS/Streets_Permitting/MapServer/2","title":"Street light L010371"},"type":"Feature"},{"geometry":{"coordinates":[-90.27102803813457,38.61496630669531],"type":"Point"},"id":"stl-city-public-streetlights:2:117647","properties":{"address":null,"attributes":{"Date_Installed":"2/13/2018","LED_Powered":1,"LightID":"L010372","Light_Source":"LED","Light_Type":"Cobra","Lighting_Type":"LED-Powered Lamp","Verification_Date":null},"id":"stl-city-public-streetlights:2:117647","sourceLayerId":2,"sourceObjectId":117647,"sourceURL":"https://maps8.stlouis-mo.gov/arcgis/rest/services/STREETS/Streets_Permitting/MapServer/2","title":"Street light L010372"},"type":"Feature"},{"geometry":{"coordinates":[-90.27109657273665,38.614623914788496],"type":"Point"},"id":"stl-city-public-streetlights:2:117648","properties":{"address":null,"attributes":{"Date_Installed":"2/13/2018","LED_Powered":1,"LightID":"L010373","Light_Source":"LED","Light_Type":"Cobra","Lighting_Type":"LED-Powered Lamp","Verification_Date":null},"id":"stl-city-public-streetlights:2:117648","sourceLayerId":2,"sourceObjectId":117648,"sourceURL":"https://maps8.stlouis-mo.gov/arcgis/rest/services/STREETS/Streets_Permitting/MapServer/2","title":"Street light L010373"},"type":"Feature"},{"geometry":{"coordinates":[-90.27255398068158,38.616941965070126],"type":"Point"},"id":"stl-city-public-streetlights:2:117649","properties":{"address":null,"attributes":{"Date_Installed":"1/2017","LED_Powered":1,"LightID":"L010374","Light_Source":"LED","Light_Type":"Cobra","Lighting_Type":"LED-Powered Lamp","Verification_Date":null},"id":"stl-city-public-streetlights:2:117649","sourceLayerId":2,"sourceObjectId":117649,"sourceURL":"https://maps8.stlouis-mo.gov/arcgis/rest/services/STREETS/Streets_Permitting/MapServer/2","title":"Street light L010374"},"type":"Feature"},{"geometry":{"coordinates":[-90.27248175974331,38.61729865221004],"type":"Point"},"id":"stl-city-public-streetlights:2:117650","properties":{"address":null,"attributes":{"Date_Installed":"1/2017","LED_Powered":1,"LightID":"L010375","Light_Source":"LED","Light_Type":"Cobra","Lighting_Type":"LED-Powered Lamp","Verification_Date":null},"id":"stl-city-public-streetlights:2:117650","sourceLayerId":2,"sourceObjectId":117650,"sourceURL":"https://maps8.stlouis-mo.gov/arcgis/rest/services/STREETS/Streets_Permitting/MapServer/2","title":"Street light L010375"},"type":"Feature"},{"geometry":{"coordinates":[-90.27240922626814,38.61765808009239],"type":"Point"},"id":"stl-city-public-streetlights:2:117651","properties":{"address":null,"attributes":{"Date_Installed":"1/2017","LED_Powered":1,"LightID":"L010376","Light_Source":"LED","Light_Type":"Cobra","Lighting_Type":"LED-Powered Lamp","Verification_Date":null},"id":"stl-city-public-streetlights:2:117651","sourceLayerId":2,"sourceObjectId":117651,"sourceURL":"https://maps8.stlouis-mo.gov/arcgis/rest/services/STREETS/Streets_Permitting/MapServer/2","title":"Street light L010376"},"type":"Feature"},{"geometry":{"coordinates":[-90.27233517248092,38.61801762386674],"type":"Point"},"id":"stl-city-public-streetlights:2:117652","properties":{"address":null,"attributes":{"Date_Installed":null,"LED_Powered":0,"LightID":"L010377","Light_Source":"LED","Light_Type":"Cobra","Lighting_Type":"LED-Powered Lamp","Verification_Date":null},"id":"stl-city-public-streetlights:2:117652","sourceLayerId":2,"sourceObjectId":117652,"sourceURL":"https://maps8.stlouis-mo.gov/arcgis/rest/services/STREETS/Streets_Permitting/MapServer/2","title":"Street light L010377"},"type":"Feature"},{"geometry":{"coordinates":[-90.27226717969737,38.61838158923833],"type":"Point"},"id":"stl-city-public-streetlights:2:117653","properties":{"address":null,"attributes":{"Date_Installed":null,"LED_Powered":0,"LightID":"L010378","Light_Source":"LED","Light_Type":"Cobra","Lighting_Type":"LED-Powered Lamp","Verification_Date":null},"id":"stl-city-public-streetlights:2:117653","sourceLayerId":2,"sourceObjectId":117653,"sourceURL":"https://maps8.stlouis-mo.gov/arcgis/rest/services/STREETS/Streets_Permitting/MapServer/2","title":"Street light L010378"},"type":"Feature"},{"geometry":{"coordinates":[-90.27475806791503,38.61717636706821],"type":"Point"},"id":"stl-city-public-streetlights:2:117654","properties":{"address":null,"attributes":{"Date_Installed":null,"LED_Powered":0,"LightID":"L010379","Light_Source":"LED","Light_Type":"Cobra","Lighting_Type":"LED-Powered Lamp","Verification_Date":null},"id":"stl-city-public-streetlights:2:117654","sourceLayerId":2,"sourceObjectId":117654,"sourceURL":"https://maps8.stlouis-mo.gov/arcgis/rest/services/STREETS/Streets_Permitting/MapServer/2","title":"Street light L010379"},"type":"Feature"},{"geometry":{"coordinates":[-90.2746833579121,38.61753889036212],"type":"Point"},"id":"stl-city-public-streetlights:2:117655","properties":{"address":null,"attributes":{"Date_Installed":null,"LED_Powered":0,"LightID":"L010380","Light_Source":"LED","Light_Type":"Cobra","Lighting_Type":"LED-Powered Lamp","Verification_Date":null},"id":"stl-city-public-streetlights:2:117655","sourceLayerId":2,"sourceObjectId":117655,"sourceURL":"https://maps8.stlouis-mo.gov/arcgis/rest/services/STREETS/Streets_Permitting/MapServer/2","title":"Street light L010380"},"type":"Feature"},{"geometry":{"coordinates":[-90.2746111204473,38.617904398501636],"type":"Point"},"id":"stl-city-public-streetlights:2:117656","properties":{"address":null,"attributes":{"Date_Installed":null,"LED_Powered":0,"LightID":"L010381","Light_Source":"LED","Light_Type":"Cobra","Lighting_Type":"LED-Powered Lamp","Verification_Date":null},"id":"stl-city-public-streetlights:2:117656","sourceLayerId":2,"sourceObjectId":117656,"sourceURL":"https://maps8.stlouis-mo.gov/arcgis/rest/services/STREETS/Streets_Permitting/MapServer/2","title":"Street light L010381"},"type":"Feature"},{"geometry":{"coordinates":[-90.27526670549196,38.618431998058554],"type":"Point"},"id":"stl-city-public-streetlights:2:117657","properties":{"address":null,"attributes":{"Date_Installed":null,"LED_Powered":0,"LightID":"L010382","Light_Source":"LED","Light_Type":"Cobra","Lighting_Type":"LED-Powered Lamp","Verification_Date":null},"id":"stl-city-public-streetlights:2:117657","sourceLayerId":2,"sourceObjectId":117657,"sourceURL":"https://maps8.stlouis-mo.gov/arcgis/rest/services/STREETS/Streets_Permitting/MapServer/2","title":"Street light L010382"},"type":"Feature"},{"geometry":{"coordinates":[-90.27519889786794,38.61878025661028],"type":"Point"},"id":"stl-city-public-streetlights:2:117658","properties":{"address":null,"attributes":{"Date_Installed":null,"LED_Powered":0,"LightID":"L010383","Light_Source":"LED","Light_Type":"Cobra","Lighting_Type":"LED-Powered Lamp","Verification_Date":null},"id":"stl-city-public-streetlights:2:117658","sourceLayerId":2,"sourceObjectId":117658,"sourceURL":"https://maps8.stlouis-mo.gov/arcgis/rest/services/STREETS/Streets_Permitting/MapServer/2","title":"Street light L010383"},"type":"Feature"},{"geometry":{"coordinates":[-90.2751219625814,38.619133327246175],"type":"Point"},"id":"stl-city-public-streetlights:2:117659","properties":{"address":null,"attributes":{"Date_Installed":null,"LED_Powered":0,"LightID":"L010384","Light_Source":"LED","Light_Type":"Cobra","Lighting_Type":"LED-Powered Lamp","Verification_Date":null},"id":"stl-city-public-streetlights:2:117659","sourceLayerId":2,"sourceObjectId":117659,"sourceURL":"https://maps8.stlouis-mo.gov/arcgis/rest/services/STREETS/Streets_Permitting/MapServer/2","title":"Street light L010384"},"type":"Feature"},{"geometry":{"coordinates":[-90.27430587089219,38.61939603470803],"type":"Point"},"id":"stl-city-public-streetlights:2:117660","properties":{"address":null,"attributes":{"Date_Installed":null,"LED_Powered":0,"LightID":"L010385","Light_Source":"LED","Light_Type":"Cobra","Lighting_Type":"LED-Powered Lamp","Verification_Date":null},"id":"stl-city-public-streetlights:2:117660","sourceLayerId":2,"sourceObjectId":117660,"sourceURL":"https://maps8.stlouis-mo.gov/arcgis/rest/services/STREETS/Streets_Permitting/MapServer/2","title":"Street light L010385"},"type":"Feature"},{"geometry":{"coordinates":[-90.27423441856959,38.61974247571375],"type":"Point"},"id":"stl-city-public-streetlights:2:117661","properties":{"address":null,"attributes":{"Date_Installed":null,"LED_Powered":0,"LightID":"L010386","Light_Source":"LED","Light_Type":"Cobra","Lighting_Type":"LED-Powered Lamp","Verification_Date":null},"id":"stl-city-public-streetlights:2:117661","sourceLayerId":2,"sourceObjectId":117661,"sourceURL":"https://maps8.stlouis-mo.gov/arcgis/rest/services/STREETS/Streets_Permitting/MapServer/2","title":"Street light L010386"},"type":"Feature"},{"geometry":{"coordinates":[-90.27221619620643,38.61919723946078],"type":"Point"},"id":"stl-city-public-streetlights:2:117663","properties":{"address":null,"attributes":{"Date_Installed":null,"LED_Powered":0,"LightID":"L010388","Light_Source":"LED","Light_Type":"Cobra","Lighting_Type":"LED-Powered Lamp","Verification_Date":null},"id":"stl-city-public-streetlights:2:117663","sourceLayerId":2,"sourceObjectId":117663,"sourceURL":"https://maps8.stlouis-mo.gov/arcgis/rest/services/STREETS/Streets_Permitting/MapServer/2","title":"Street light L010388"},"type":"Feature"},{"geometry":{"coordinates":[-90.27214091470772,38.61955964095912],"type":"Point"},"id":"stl-city-public-streetlights:2:117664","properties":{"address":null,"attributes":{"Date_Installed":null,"LED_Powered":0,"LightID":"L010389","Light_Source":"LED","Light_Type":"Cobra","Lighting_Type":"LED-Powered Lamp","Verification_Date":null},"id":"stl-city-public-streetlights:2:117664","sourceLayerId":2,"sourceObjectId":117664,"sourceURL":"https://maps8.stlouis-mo.gov/arcgis/rest/services/STREETS/Streets_Permitting/MapServer/2","title":"Street light L010389"},"type":"Feature"},{"geometry":{"coordinates":[-90.27207612427713,38.61987105337769],"type":"Point"},"id":"stl-city-public-streetlights:2:117665","properties":{"address":null,"attributes":{"Date_Installed":null,"LED_Powered":0,"LightID":"L010390","Light_Source":"LED","Light_Type":"Cobra","Lighting_Type":"LED-Powered Lamp","Verification_Date":null},"id":"stl-city-public-streetlights:2:117665","sourceLayerId":2,"sourceObjectId":117665,"sourceURL":"https://maps8.stlouis-mo.gov/arcgis/rest/services/STREETS/Streets_Permitting/MapServer/2","title":"Street light L010390"},"type":"Feature"},{"geometry":{"coordinates":[-90.27974704826283,38.611488436195806],"type":"Point"},"id":"stl-city-public-streetlights:2:118259","properties":{"address":null,"attributes":{"Date_Installed":"4/1/20","LED_Powered":1,"LightID":"L010984","Light_Source":"LED","Light_Type":"Cobra","Lighting_Type":"LED-Powered Lamp","Verification_Date":null},"id":"stl-city-public-streetlights:2:118259","sourceLayerId":2,"sourceObjectId":118259,"sourceURL":"https://maps8.stlouis-mo.gov/arcgis/rest/services/STREETS/Streets_Permitting/MapServer/2","title":"Street light L010984"},"type":"Feature"},{"geometry":{"coordinates":[-90.27933952655593,38.611451579533835],"type":"Point"},"id":"stl-city-public-streetlights:2:118260","properties":{"address":null,"attributes":{"Date_Installed":"4/1/20","LED_Powered":1,"LightID":"L010985","Light_Source":"LED","Light_Type":"Cobra","Lighting_Type":"LED-Powered Lamp","Verification_Date":null},"id":"stl-city-public-streetlights:2:118260","sourceLayerId":2,"sourceObjectId":118260,"sourceURL":"https://maps8.stlouis-mo.gov/arcgis/rest/services/STREETS/Streets_Permitting/MapServer/2","title":"Street light L010985"},"type":"Feature"},{"geometry":{"coordinates":[-90.27890857353161,38.61140809975733],"type":"Point"},"id":"stl-city-public-streetlights:2:118261","properties":{"address":null,"attributes":{"Date_Installed":"4/1/20","LED_Powered":1,"LightID":"L010986","Light_Source":"LED","Light_Type":"Cobra","Lighting_Type":"LED-Powered Lamp","Verification_Date":null},"id":"stl-city-public-streetlights:2:118261","sourceLayerId":2,"sourceObjectId":118261,"sourceURL":"https://maps8.stlouis-mo.gov/arcgis/rest/services/STREETS/Streets_Permitting/MapServer/2","title":"Street light L010986"},"type":"Feature"},{"geometry":{"coordinates":[-90.278493108884,38.611366197250916],"type":"Point"},"id":"stl-city-public-streetlights:2:118262","properties":{"address":null,"attributes":{"Date_Installed":"4/1/20","LED_Powered":1,"LightID":"L010987","Light_Source":"LED","Light_Type":"Cobra","Lighting_Type":"LED-Powered Lamp","Verification_Date":null},"id":"stl-city-public-streetlights:2:118262","sourceLayerId":2,"sourceObjectId":118262,"sourceURL":"https://maps8.stlouis-mo.gov/arcgis/rest/services/STREETS/Streets_Permitting/MapServer/2","title":"Street light L010987"},"type":"Feature"},{"geometry":{"coordinates":[-90.27804186510484,38.61131886148707],"type":"Point"},"id":"stl-city-public-streetlights:2:118263","properties":{"address":null,"attributes":{"Date_Installed":"4/1/20","LED_Powered":1,"LightID":"L010988","Light_Source":"LED","Light_Type":"Cobra","Lighting_Type":"LED-Powered Lamp","Verification_Date":null},"id":"stl-city-public-streetlights:2:118263","sourceLayerId":2,"sourceObjectId":118263,"sourceURL":"https://maps8.stlouis-mo.gov/arcgis/rest/services/STREETS/Streets_Permitting/MapServer/2","title":"Street light L010988"},"type":"Feature"},{"geometry":{"coordinates":[-90.27763223545435,38.61128143542674],"type":"Point"},"id":"stl-city-public-streetlights:2:118264","properties":{"address":null,"attributes":{"Date_Installed":"4/1/20","LED_Powered":1,"LightID":"L010989","Light_Source":"LED","Light_Type":"Cobra","Lighting_Type":"LED-Powered Lamp","Verification_Date":null},"id":"stl-city-public-streetlights:2:118264","sourceLayerId":2,"sourceObjectId":118264,"sourceURL":"https://maps8.stlouis-mo.gov/arcgis/rest/services/STREETS/Streets_Permitting/MapServer/2","title":"Street light L010989"},"type":"Feature"},{"geometry":{"coordinates":[-90.27719611952092,38.61123770079661],"type":"Point"},"id":"stl-city-public-streetlights:2:118265","properties":{"address":null,"attributes":{"Date_Installed":"4/1/20","LED_Powered":1,"LightID":"L010990","Light_Source":"LED","Light_Type":"Cobra","Lighting_Type":"LED-Powered Lamp","Verification_Date":null},"id":"stl-city-public-streetlights:2:118265","sourceLayerId":2,"sourceObjectId":118265,"sourceURL":"https://maps8.stlouis-mo.gov/arcgis/rest/services/STREETS/Streets_Permitting/MapServer/2","title":"Street light L010990"},"type":"Feature"},{"geometry":{"coordinates":[-90.27676485818934,38.6111963575682],"type":"Point"},"id":"stl-city-public-streetlights:2:118266","properties":{"address":null,"attributes":{"Date_Installed":"4/1/20","LED_Powered":1,"LightID":"L010991","Light_Source":"LED","Light_Type":"Cobra","Lighting_Type":"LED-Powered Lamp","Verification_Date":null},"id":"stl-city-public-streetlights:2:118266","sourceLayerId":2,"sourceObjectId":118266,"sourceURL":"https://maps8.stlouis-mo.gov/arcgis/rest/services/STREETS/Streets_Permitting/MapServer/2","title":"Street light L010991"},"type":"Feature"},{"geometry":{"coordinates":[-90.27633330123435,38.61115238878205],"type":"Point"},"id":"stl-city-public-streetlights:2:118267","properties":{"address":null,"attributes":{"Date_Installed":"4/1/20","LED_Powered":1,"LightID":"L010992","Light_Source":"LED","Light_Type":"Cobra","Lighting_Type":"LED-Powered Lamp","Verification_Date":null},"id":"stl-city-public-streetlights:2:118267","sourceLayerId":2,"sourceObjectId":118267,"sourceURL":"https://maps8.stlouis-mo.gov/arcgis/rest/services/STREETS/Streets_Permitting/MapServer/2","title":"Street light L010992"},"type":"Feature"},{"geometry":{"coordinates":[-90.27824381178333,38.612552826775286],"type":"Point"},"id":"stl-city-public-streetlights:2:118268","properties":{"address":null,"attributes":{"Date_Installed":"4/1/20","LED_Powered":1,"LightID":"L010993","Light_Source":"LED","Light_Type":"Cobra","Lighting_Type":"LED-Powered Lamp","Verification_Date":null},"id":"stl-city-public-streetlights:2:118268","sourceLayerId":2,"sourceObjectId":118268,"sourceURL":"https://maps8.stlouis-mo.gov/arcgis/rest/services/STREETS/Streets_Permitting/MapServer/2","title":"Street light L010993"},"type":"Feature"},{"geometry":{"coordinates":[-90.27869500963013,38.612535446860406],"type":"Point"},"id":"stl-city-public-streetlights:2:118269","properties":{"address":null,"attributes":{"Date_Installed":"4/1/20","LED_Powered":1,"LightID":"L010994","Light_Source":"LED","Light_Type":"Cobra","Lighting_Type":"LED-Powered Lamp","Verification_Date":null},"id":"stl-city-public-streetlights:2:118269","sourceLayerId":2,"sourceObjectId":118269,"sourceURL":"https://maps8.stlouis-mo.gov/arcgis/rest/services/STREETS/Streets_Permitting/MapServer/2","title":"Street light L010994"},"type":"Feature"},{"geometry":{"coordinates":[-90.27915805180805,38.612518981246005],"type":"Point"},"id":"stl-city-public-streetlights:2:118270","properties":{"address":null,"attributes":{"Date_Installed":"4/1/20","LED_Powered":1,"LightID":"L010995","Light_Source":"LED","Light_Type":"Cobra","Lighting_Type":"LED-Powered Lamp","Verification_Date":null},"id":"stl-city-public-streetlights:2:118270","sourceLayerId":2,"sourceObjectId":118270,"sourceURL":"https://maps8.stlouis-mo.gov/arcgis/rest/services/STREETS/Streets_Permitting/MapServer/2","title":"Street light L010995"},"type":"Feature"},{"geometry":{"coordinates":[-90.27962200224259,38.6125039443273],"type":"Point"},"id":"stl-city-public-streetlights:2:118271","properties":{"address":null,"attributes":{"Date_Installed":"4/1/20","LED_Powered":1,"LightID":"L010996","Light_Source":"LED","Light_Type":"Cobra","Lighting_Type":"LED-Powered Lamp","Verification_Date":null},"id":"stl-city-public-streetlights:2:118271","sourceLayerId":2,"sourceObjectId":118271,"sourceURL":"https://maps8.stlouis-mo.gov/arcgis/rest/services/STREETS/Streets_Permitting/MapServer/2","title":"Street light L010996"},"type":"Feature"},{"geometry":{"coordinates":[-90.27806620406083,38.613359941375336],"type":"Point"},"id":"stl-city-public-streetlights:2:118281","properties":{"address":null,"attributes":{"Date_Installed":"4/1/20","LED_Powered":1,"LightID":"L011006","Light_Source":"LED","Light_Type":"Cobra","Lighting_Type":"LED-Powered Lamp","Verification_Date":null},"id":"stl-city-public-streetlights:2:118281","sourceLayerId":2,"sourceObjectId":118281,"sourceURL":"https://maps8.stlouis-mo.gov/arcgis/rest/services/STREETS/Streets_Permitting/MapServer/2","title":"Street light L011006"},"type":"Feature"},{"geometry":{"coordinates":[-90.27850511497542,38.613407969008854],"type":"Point"},"id":"stl-city-public-streetlights:2:118282","properties":{"address":null,"attributes":{"Date_Installed":"4/1/20","LED_Powered":1,"LightID":"L011007","Light_Source":"LED","Light_Type":"Cobra","Lighting_Type":"LED-Powered Lamp","Verification_Date":null},"id":"stl-city-public-streetlights:2:118282","sourceLayerId":2,"sourceObjectId":118282,"sourceURL":"https://maps8.stlouis-mo.gov/arcgis/rest/services/STREETS/Streets_Permitting/MapServer/2","title":"Street light L011007"},"type":"Feature"},{"geometry":{"coordinates":[-90.27898515408629,38.61345821681111],"type":"Point"},"id":"stl-city-public-streetlights:2:118283","properties":{"address":null,"attributes":{"Date_Installed":"4/1/20","LED_Powered":1,"LightID":"L011008","Light_Source":"LED","Light_Type":"Cobra","Lighting_Type":"LED-Powered Lamp","Verification_Date":null},"id":"stl-city-public-streetlights:2:118283","sourceLayerId":2,"sourceObjectId":118283,"sourceURL":"https://maps8.stlouis-mo.gov/arcgis/rest/services/STREETS/Streets_Permitting/MapServer/2","title":"Street light L011008"},"type":"Feature"},{"geometry":{"coordinates":[-90.27942086181137,38.6135005142849],"type":"Point"},"id":"stl-city-public-streetlights:2:118284","properties":{"address":null,"attributes":{"Date_Installed":"4/1/20","LED_Powered":1,"LightID":"L011009","Light_Source":"LED","Light_Type":"Cobra","Lighting_Type":"LED-Powered Lamp","Verification_Date":null},"id":"stl-city-public-streetlights:2:118284","sourceLayerId":2,"sourceObjectId":118284,"sourceURL":"https://maps8.stlouis-mo.gov/arcgis/rest/services/STREETS/Streets_Permitting/MapServer/2","title":"Street light L011009"},"type":"Feature"},{"geometry":{"coordinates":[-90.27990193019512,38.61355290619592],"type":"Point"},"id":"stl-city-public-streetlights:2:118285","properties":{"address":null,"attributes":{"Date_Installed":"4/1/20","LED_Powered":1,"LightID":"L011010","Light_Source":"LED","Light_Type":"Cobra","Lighting_Type":"LED-Powered Lamp","Verification_Date":null},"id":"stl-city-public-streetlights:2:118285","sourceLayerId":2,"sourceObjectId":118285,"sourceURL":"https://maps8.stlouis-mo.gov/arcgis/rest/services/STREETS/Streets_Permitting/MapServer/2","title":"Street light L011010"},"type":"Feature"},{"geometry":{"coordinates":[-90.27789983036834,38.61421728011132],"type":"Point"},"id":"stl-city-public-streetlights:2:118294","properties":{"address":null,"attributes":{"Date_Installed":null,"LED_Powered":0,"LightID":"L011019","Light_Source":"LED","Light_Type":"Cobra","Lighting_Type":"LED-Powered Lamp","Verification_Date":null},"id":"stl-city-public-streetlights:2:118294","sourceLayerId":2,"sourceObjectId":118294,"sourceURL":"https://maps8.stlouis-mo.gov/arcgis/rest/services/STREETS/Streets_Permitting/MapServer/2","title":"Street light L011019"},"type":"Feature"},{"geometry":{"coordinates":[-90.2783317061341,38.61426243380257],"type":"Point"},"id":"stl-city-public-streetlights:2:118295","properties":{"address":null,"attributes":{"Date_Installed":null,"LED_Powered":0,"LightID":"L011020","Light_Source":"LED","Light_Type":"Cobra","Lighting_Type":"LED-Powered Lamp","Verification_Date":null},"id":"stl-city-public-streetlights:2:118295","sourceLayerId":2,"sourceObjectId":118295,"sourceURL":"https://maps8.stlouis-mo.gov/arcgis/rest/services/STREETS/Streets_Permitting/MapServer/2","title":"Street light L011020"},"type":"Feature"},{"geometry":{"coordinates":[-90.27878398064307,38.614313346040475],"type":"Point"},"id":"stl-city-public-streetlights:2:118296","properties":{"address":null,"attributes":{"Date_Installed":null,"LED_Powered":0,"LightID":"L011021","Light_Source":"LED","Light_Type":"Cobra","Lighting_Type":"LED-Powered Lamp","Verification_Date":null},"id":"stl-city-public-streetlights:2:118296","sourceLayerId":2,"sourceObjectId":118296,"sourceURL":"https://maps8.stlouis-mo.gov/arcgis/rest/services/STREETS/Streets_Permitting/MapServer/2","title":"Street light L011021"},"type":"Feature"},{"geometry":{"coordinates":[-90.27917759941577,38.61435198919704],"type":"Point"},"id":"stl-city-public-streetlights:2:118297","properties":{"address":null,"attributes":{"Date_Installed":null,"LED_Powered":0,"LightID":"L011022","Light_Source":"LED","Light_Type":"Cobra","Lighting_Type":"LED-Powered Lamp","Verification_Date":null},"id":"stl-city-public-streetlights:2:118297","sourceLayerId":2,"sourceObjectId":118297,"sourceURL":"https://maps8.stlouis-mo.gov/arcgis/rest/services/STREETS/Streets_Permitting/MapServer/2","title":"Street light L011022"},"type":"Feature"},{"geometry":{"coordinates":[-90.27957406879334,38.614391685940596],"type":"Point"},"id":"stl-city-public-streetlights:2:118298","properties":{"address":null,"attributes":{"Date_Installed":null,"LED_Powered":0,"LightID":"L011023","Light_Source":"LED","Light_Type":"Cobra","Lighting_Type":"LED-Powered Lamp","Verification_Date":null},"id":"stl-city-public-streetlights:2:118298","sourceLayerId":2,"sourceObjectId":118298,"sourceURL":"https://maps8.stlouis-mo.gov/arcgis/rest/services/STREETS/Streets_Permitting/MapServer/2","title":"Street light L011023"},"type":"Feature"},{"geometry":{"coordinates":[-90.27776256203181,38.61508139172426],"type":"Point"},"id":"stl-city-public-streetlights:2:118318","properties":{"address":null,"attributes":{"Date_Installed":null,"LED_Powered":0,"LightID":"L011043","Light_Source":"LED","Light_Type":"Cobra","Lighting_Type":"LED-Powered Lamp","Verification_Date":null},"id":"stl-city-public-streetlights:2:118318","sourceLayerId":2,"sourceObjectId":118318,"sourceURL":"https://maps8.stlouis-mo.gov/arcgis/rest/services/STREETS/Streets_Permitting/MapServer/2","title":"Street light L011043"},"type":"Feature"},{"geometry":{"coordinates":[-90.27823686668596,38.615132489352966],"type":"Point"},"id":"stl-city-public-streetlights:2:118319","properties":{"address":null,"attributes":{"Date_Installed":null,"LED_Powered":0,"LightID":"L011044","Light_Source":"LED","Light_Type":"Cobra","Lighting_Type":"LED-Powered Lamp","Verification_Date":null},"id":"stl-city-public-streetlights:2:118319","sourceLayerId":2,"sourceObjectId":118319,"sourceURL":"https://maps8.stlouis-mo.gov/arcgis/rest/services/STREETS/Streets_Permitting/MapServer/2","title":"Street light L011044"},"type":"Feature"},{"geometry":{"coordinates":[-90.27869343739924,38.615181240729534],"type":"Point"},"id":"stl-city-public-streetlights:2:118320","properties":{"address":null,"attributes":{"Date_Installed":null,"LED_Powered":0,"LightID":"L011045","Light_Source":"LED","Light_Type":"Cobra","Lighting_Type":"LED-Powered Lamp","Verification_Date":null},"id":"stl-city-public-streetlights:2:118320","sourceLayerId":2,"sourceObjectId":118320,"sourceURL":"https://maps8.stlouis-mo.gov/arcgis/rest/services/STREETS/Streets_Permitting/MapServer/2","title":"Street light L011045"},"type":"Feature"},{"geometry":{"coordinates":[-90.2791434522693,38.61522845273879],"type":"Point"},"id":"stl-city-public-streetlights:2:118321","properties":{"address":null,"attributes":{"Date_Installed":null,"LED_Powered":0,"LightID":"L011046","Light_Source":"LED","Light_Type":"Cobra","Lighting_Type":"LED-Powered Lamp","Verification_Date":null},"id":"stl-city-public-streetlights:2:118321","sourceLayerId":2,"sourceObjectId":118321,"sourceURL":"https://maps8.stlouis-mo.gov/arcgis/rest/services/STREETS/Streets_Permitting/MapServer/2","title":"Street light L011046"},"type":"Feature"},{"geometry":{"coordinates":[-90.2796117818992,38.61527700831333],"type":"Point"},"id":"stl-city-public-streetlights:2:118322","properties":{"address":null,"attributes":{"Date_Installed":null,"LED_Powered":0,"LightID":"L011047","Light_Source":"LED","Light_Type":"Cobra","Lighting_Type":"LED-Powered Lamp","Verification_Date":null},"id":"stl-city-public-streetlights:2:118322","sourceLayerId":2,"sourceObjectId":118322,"sourceURL":"https://maps8.stlouis-mo.gov/arcgis/rest/services/STREETS/Streets_Permitting/MapServer/2","title":"Street light L011047"},"type":"Feature"},{"geometry":{"coordinates":[-90.27979121745838,38.616496297229034],"type":"Point"},"id":"stl-city-public-streetlights:2:118890","properties":{"address":null,"attributes":{"Date_Installed":null,"LED_Powered":0,"LightID":"L011615","Light_Source":"LED","Light_Type":"Cobra","Lighting_Type":"LED-Powered Lamp","Verification_Date":null},"id":"stl-city-public-streetlights:2:118890","sourceLayerId":2,"sourceObjectId":118890,"sourceURL":"https://maps8.stlouis-mo.gov/arcgis/rest/services/STREETS/Streets_Permitting/MapServer/2","title":"Street light L011615"},"type":"Feature"},{"geometry":{"coordinates":[-90.27932482381644,38.61644774512423],"type":"Point"},"id":"stl-city-public-streetlights:2:118891","properties":{"address":null,"attributes":{"Date_Installed":null,"LED_Powered":0,"LightID":"L011616","Light_Source":"LED","Light_Type":"Cobra","Lighting_Type":"LED-Powered Lamp","Verification_Date":null},"id":"stl-city-public-streetlights:2:118891","sourceLayerId":2,"sourceObjectId":118891,"sourceURL":"https://maps8.stlouis-mo.gov/arcgis/rest/services/STREETS/Streets_Permitting/MapServer/2","title":"Street light L011616"},"type":"Feature"},{"geometry":{"coordinates":[-90.27887895132004,38.616404952415444],"type":"Point"},"id":"stl-city-public-streetlights:2:118892","properties":{"address":null,"attributes":{"Date_Installed":null,"LED_Powered":0,"LightID":"L011617","Light_Source":"LED","Light_Type":"Cobra","Lighting_Type":"LED-Powered Lamp","Verification_Date":null},"id":"stl-city-public-streetlights:2:118892","sourceLayerId":2,"sourceObjectId":118892,"sourceURL":"https://maps8.stlouis-mo.gov/arcgis/rest/services/STREETS/Streets_Permitting/MapServer/2","title":"Street light L011617"},"type":"Feature"},{"geometry":{"coordinates":[-90.27843212701357,38.616355576081],"type":"Point"},"id":"stl-city-public-streetlights:2:118893","properties":{"address":null,"attributes":{"Date_Installed":null,"LED_Powered":0,"LightID":"L011618","Light_Source":"LED","Light_Type":"Cobra","Lighting_Type":"LED-Powered Lamp","Verification_Date":null},"id":"stl-city-public-streetlights:2:118893","sourceLayerId":2,"sourceObjectId":118893,"sourceURL":"https://maps8.stlouis-mo.gov/arcgis/rest/services/STREETS/Streets_Permitting/MapServer/2","title":"Street light L011618"},"type":"Feature"},{"geometry":{"coordinates":[-90.27796565141229,38.61630477968457],"type":"Point"},"id":"stl-city-public-streetlights:2:118894","properties":{"address":null,"attributes":{"Date_Installed":null,"LED_Powered":0,"LightID":"L011619","Light_Source":"LED","Light_Type":"Cobra","Lighting_Type":"LED-Powered Lamp","Verification_Date":null},"id":"stl-city-public-streetlights:2:118894","sourceLayerId":2,"sourceObjectId":118894,"sourceURL":"https://maps8.stlouis-mo.gov/arcgis/rest/services/STREETS/Streets_Permitting/MapServer/2","title":"Street light L011619"},"type":"Feature"},{"geometry":{"coordinates":[-90.27752055289942,38.616257691413345],"type":"Point"},"id":"stl-city-public-streetlights:2:118895","properties":{"address":null,"attributes":{"Date_Installed":null,"LED_Powered":0,"LightID":"L011620","Light_Source":"LED","Light_Type":"Cobra","Lighting_Type":"LED-Powered Lamp","Verification_Date":null},"id":"stl-city-public-streetlights:2:118895","sourceLayerId":2,"sourceObjectId":118895,"sourceURL":"https://maps8.stlouis-mo.gov/arcgis/rest/services/STREETS/Streets_Permitting/MapServer/2","title":"Street light L011620"},"type":"Feature"},{"geometry":{"coordinates":[-90.27706672762938,38.61620331641644],"type":"Point"},"id":"stl-city-public-streetlights:2:118896","properties":{"address":null,"attributes":{"Date_Installed":"2/13/2018","LED_Powered":1,"LightID":"L011621","Light_Source":"LED","Light_Type":"Cobra","Lighting_Type":"LED-Powered Lamp","Verification_Date":null},"id":"stl-city-public-streetlights:2:118896","sourceLayerId":2,"sourceObjectId":118896,"sourceURL":"https://maps8.stlouis-mo.gov/arcgis/rest/services/STREETS/Streets_Permitting/MapServer/2","title":"Street light L011621"},"type":"Feature"},{"geometry":{"coordinates":[-90.27661191018103,38.61615584851812],"type":"Point"},"id":"stl-city-public-streetlights:2:118897","properties":{"address":null,"attributes":{"Date_Installed":"2/13/2018","LED_Powered":1,"LightID":"L011622","Light_Source":"LED","Light_Type":"Cobra","Lighting_Type":"LED-Powered Lamp","Verification_Date":null},"id":"stl-city-public-streetlights:2:118897","sourceLayerId":2,"sourceObjectId":118897,"sourceURL":"https://maps8.stlouis-mo.gov/arcgis/rest/services/STREETS/Streets_Permitting/MapServer/2","title":"Street light L011622"},"type":"Feature"},{"geometry":{"coordinates":[-90.2761688427154,38.61611090491123],"type":"Point"},"id":"stl-city-public-streetlights:2:118898","properties":{"address":null,"attributes":{"Date_Installed":"2/13/2018","LED_Powered":1,"LightID":"L011623","Light_Source":"LED","Light_Type":"Cobra","Lighting_Type":"LED-Powered Lamp","Verification_Date":null},"id":"stl-city-public-streetlights:2:118898","sourceLayerId":2,"sourceObjectId":118898,"sourceURL":"https://maps8.stlouis-mo.gov/arcgis/rest/services/STREETS/Streets_Permitting/MapServer/2","title":"Street light L011623"},"type":"Feature"},{"geometry":{"coordinates":[-90.2757468401582,38.616062900925755],"type":"Point"},"id":"stl-city-public-streetlights:2:118899","properties":{"address":null,"attributes":{"Date_Installed":"2/13/2018","LED_Powered":1,"LightID":"L011624","Light_Source":"LED","Light_Type":"Cobra","Lighting_Type":"LED-Powered Lamp","Verification_Date":null},"id":"stl-city-public-streetlights:2:118899","sourceLayerId":2,"sourceObjectId":118899,"sourceURL":"https://maps8.stlouis-mo.gov/arcgis/rest/services/STREETS/Streets_Permitting/MapServer/2","title":"Street light L011624"},"type":"Feature"},{"geometry":{"coordinates":[-90.27526862851168,38.61601574242727],"type":"Point"},"id":"stl-city-public-streetlights:2:118900","properties":{"address":null,"attributes":{"Date_Installed":"2/13/2018","LED_Powered":1,"LightID":"L011625","Light_Source":"LED","Light_Type":"Cobra","Lighting_Type":"LED-Powered Lamp","Verification_Date":null},"id":"stl-city-public-streetlights:2:118900","sourceLayerId":2,"sourceObjectId":118900,"sourceURL":"https://maps8.stlouis-mo.gov/arcgis/rest/services/STREETS/Streets_Permitting/MapServer/2","title":"Street light L011625"},"type":"Feature"},{"geometry":{"coordinates":[-90.2773327279737,38.61734134652966],"type":"Point"},"id":"stl-city-public-streetlights:2:118901","properties":{"address":null,"attributes":{"Date_Installed":null,"LED_Powered":0,"LightID":"L011626","Light_Source":"LED","Light_Type":"Cobra","Lighting_Type":"LED-Powered Lamp","Verification_Date":null},"id":"stl-city-public-streetlights:2:118901","sourceLayerId":2,"sourceObjectId":118901,"sourceURL":"https://maps8.stlouis-mo.gov/arcgis/rest/services/STREETS/Streets_Permitting/MapServer/2","title":"Street light L011626"},"type":"Feature"},{"geometry":{"coordinates":[-90.27779195939078,38.617388820007484],"type":"Point"},"id":"stl-city-public-streetlights:2:118902","properties":{"address":null,"attributes":{"Date_Installed":null,"LED_Powered":0,"LightID":"L011627","Light_Source":"LED","Light_Type":"Cobra","Lighting_Type":"LED-Powered Lamp","Verification_Date":null},"id":"stl-city-public-streetlights:2:118902","sourceLayerId":2,"sourceObjectId":118902,"sourceURL":"https://maps8.stlouis-mo.gov/arcgis/rest/services/STREETS/Streets_Permitting/MapServer/2","title":"Street light L011627"},"type":"Feature"},{"geometry":{"coordinates":[-90.27821768875211,38.61743662368181],"type":"Point"},"id":"stl-city-public-streetlights:2:118903","properties":{"address":null,"attributes":{"Date_Installed":null,"LED_Powered":0,"LightID":"L011628","Light_Source":"LED","Light_Type":"Cobra","Lighting_Type":"LED-Powered Lamp","Verification_Date":null},"id":"stl-city-public-streetlights:2:118903","sourceLayerId":2,"sourceObjectId":118903,"sourceURL":"https://maps8.stlouis-mo.gov/arcgis/rest/services/STREETS/Streets_Permitting/MapServer/2","title":"Street light L011628"},"type":"Feature"},{"geometry":{"coordinates":[-90.27863988045657,38.61747556153386],"type":"Point"},"id":"stl-city-public-streetlights:2:118904","properties":{"address":null,"attributes":{"Date_Installed":null,"LED_Powered":0,"LightID":"L011629","Light_Source":"LED","Light_Type":"Cobra","Lighting_Type":"LED-Powered Lamp","Verification_Date":null},"id":"stl-city-public-streetlights:2:118904","sourceLayerId":2,"sourceObjectId":118904,"sourceURL":"https://maps8.stlouis-mo.gov/arcgis/rest/services/STREETS/Streets_Permitting/MapServer/2","title":"Street light L011629"},"type":"Feature"},{"geometry":{"coordinates":[-90.27906964300274,38.61752285442777],"type":"Point"},"id":"stl-city-public-streetlights:2:118905","properties":{"address":null,"attributes":{"Date_Installed":null,"LED_Powered":0,"LightID":"L011630","Light_Source":"LED","Light_Type":"Cobra","Lighting_Type":"LED-Powered Lamp","Verification_Date":null},"id":"stl-city-public-streetlights:2:118905","sourceLayerId":2,"sourceObjectId":118905,"sourceURL":"https://maps8.stlouis-mo.gov/arcgis/rest/services/STREETS/Streets_Permitting/MapServer/2","title":"Street light L011630"},"type":"Feature"},{"geometry":{"coordinates":[-90.27952885888146,38.61757615974893],"type":"Point"},"id":"stl-city-public-streetlights:2:118906","properties":{"address":null,"attributes":{"Date_Installed":null,"LED_Powered":0,"LightID":"L011631","Light_Source":"LED","Light_Type":"Cobra","Lighting_Type":"LED-Powered Lamp","Verification_Date":null},"id":"stl-city-public-streetlights:2:118906","sourceLayerId":2,"sourceObjectId":118906,"sourceURL":"https://maps8.stlouis-mo.gov/arcgis/rest/services/STREETS/Streets_Permitting/MapServer/2","title":"Street light L011631"},"type":"Feature"},{"geometry":{"coordinates":[-90.27993584426824,38.61762102278084],"type":"Point"},"id":"stl-city-public-streetlights:2:118907","properties":{"address":null,"attributes":{"Date_Installed":null,"LED_Powered":0,"LightID":"L011632","Light_Source":"LED","Light_Type":"Cobra","Lighting_Type":"LED-Powered Lamp","Verification_Date":null},"id":"stl-city-public-streetlights:2:118907","sourceLayerId":2,"sourceObjectId":118907,"sourceURL":"https://maps8.stlouis-mo.gov/arcgis/rest/services/STREETS/Streets_Permitting/MapServer/2","title":"Street light L011632"},"type":"Feature"},{"geometry":{"coordinates":[-90.27695612439915,38.61835052858783],"type":"Point"},"id":"stl-city-public-streetlights:2:118910","properties":{"address":null,"attributes":{"Date_Installed":null,"LED_Powered":0,"LightID":"L011635","Light_Source":"LED","Light_Type":"Cobra","Lighting_Type":"LED-Powered Lamp","Verification_Date":null},"id":"stl-city-public-streetlights:2:118910","sourceLayerId":2,"sourceObjectId":118910,"sourceURL":"https://maps8.stlouis-mo.gov/arcgis/rest/services/STREETS/Streets_Permitting/MapServer/2","title":"Street light L011635"},"type":"Feature"},{"geometry":{"coordinates":[-90.27750832181222,38.618401635272335],"type":"Point"},"id":"stl-city-public-streetlights:2:118911","properties":{"address":null,"attributes":{"Date_Installed":null,"LED_Powered":0,"LightID":"L011636","Light_Source":"LED","Light_Type":"Cobra","Lighting_Type":"LED-Powered Lamp","Verification_Date":null},"id":"stl-city-public-streetlights:2:118911","sourceLayerId":2,"sourceObjectId":118911,"sourceURL":"https://maps8.stlouis-mo.gov/arcgis/rest/services/STREETS/Streets_Permitting/MapServer/2","title":"Street light L011636"},"type":"Feature"},{"geometry":{"coordinates":[-90.27805107955012,38.61845987273498],"type":"Point"},"id":"stl-city-public-streetlights:2:118912","properties":{"address":null,"attributes":{"Date_Installed":null,"LED_Powered":0,"LightID":"L011637","Light_Source":"LED","Light_Type":"Cobra","Lighting_Type":"LED-Powered Lamp","Verification_Date":null},"id":"stl-city-public-streetlights:2:118912","sourceLayerId":2,"sourceObjectId":118912,"sourceURL":"https://maps8.stlouis-mo.gov/arcgis/rest/services/STREETS/Streets_Permitting/MapServer/2","title":"Street light L011637"},"type":"Feature"},{"geometry":{"coordinates":[-90.27860386805372,38.6185164591069],"type":"Point"},"id":"stl-city-public-streetlights:2:118913","properties":{"address":null,"attributes":{"Date_Installed":null,"LED_Powered":0,"LightID":"L011638","Light_Source":"LED","Light_Type":"Cobra","Lighting_Type":"LED-Powered Lamp","Verification_Date":null},"id":"stl-city-public-streetlights:2:118913","sourceLayerId":2,"sourceObjectId":118913,"sourceURL":"https://maps8.stlouis-mo.gov/arcgis/rest/services/STREETS/Streets_Permitting/MapServer/2","title":"Street light L011638"},"type":"Feature"},{"geometry":{"coordinates":[-90.2791686884022,38.61857377998351],"type":"Point"},"id":"stl-city-public-streetlights:2:118914","properties":{"address":null,"attributes":{"Date_Installed":null,"LED_Powered":0,"LightID":"L011639","Light_Source":"LED","Light_Type":"Cobra","Lighting_Type":"LED-Powered Lamp","Verification_Date":null},"id":"stl-city-public-streetlights:2:118914","sourceLayerId":2,"sourceObjectId":118914,"sourceURL":"https://maps8.stlouis-mo.gov/arcgis/rest/services/STREETS/Streets_Permitting/MapServer/2","title":"Street light L011639"},"type":"Feature"},{"geometry":{"coordinates":[-90.27974102801359,38.61863587891297],"type":"Point"},"id":"stl-city-public-streetlights:2:118915","properties":{"address":null,"attributes":{"Date_Installed":null,"LED_Powered":0,"LightID":"L011640","Light_Source":"LED","Light_Type":"Cobra","Lighting_Type":"LED-Powered Lamp","Verification_Date":null},"id":"stl-city-public-streetlights:2:118915","sourceLayerId":2,"sourceObjectId":118915,"sourceURL":"https://maps8.stlouis-mo.gov/arcgis/rest/services/STREETS/Streets_Permitting/MapServer/2","title":"Street light L011640"},"type":"Feature"},{"geometry":{"coordinates":[-90.27671993134248,38.61939939222296],"type":"Point"},"id":"stl-city-public-streetlights:2:118931","properties":{"address":null,"attributes":{"Date_Installed":null,"LED_Powered":0,"LightID":"L011656","Light_Source":"LED","Light_Type":"Cobra","Lighting_Type":"LED-Powered Lamp","Verification_Date":null},"id":"stl-city-public-streetlights:2:118931","sourceLayerId":2,"sourceObjectId":118931,"sourceURL":"https://maps8.stlouis-mo.gov/arcgis/rest/services/STREETS/Streets_Permitting/MapServer/2","title":"Street light L011656"},"type":"Feature"},{"geometry":{"coordinates":[-90.27694689778042,38.618196628568285],"type":"Point"},"id":"stl-city-public-streetlights:2:118932","properties":{"address":null,"attributes":{"Date_Installed":"10/1/2016","LED_Powered":1,"LightID":"L011657","Light_Source":"LED","Light_Type":"Cobra","Lighting_Type":"LED-Powered Lamp","Verification_Date":null},"id":"stl-city-public-streetlights:2:118932","sourceLayerId":2,"sourceObjectId":118932,"sourceURL":"https://maps8.stlouis-mo.gov/arcgis/rest/services/STREETS/Streets_Permitting/MapServer/2","title":"Street light L011657"},"type":"Feature"},{"geometry":{"coordinates":[-90.27702562024405,38.61779347041655],"type":"Point"},"id":"stl-city-public-streetlights:2:118933","properties":{"address":null,"attributes":{"Date_Installed":"10/1/2016","LED_Powered":1,"LightID":"L011658","Light_Source":"LED","Light_Type":"Cobra","Lighting_Type":"LED-Powered Lamp","Verification_Date":null},"id":"stl-city-public-streetlights:2:118933","sourceLayerId":2,"sourceObjectId":118933,"sourceURL":"https://maps8.stlouis-mo.gov/arcgis/rest/services/STREETS/Streets_Permitting/MapServer/2","title":"Street light L011658"},"type":"Feature"},{"geometry":{"coordinates":[-90.2771123317264,38.61738621572464],"type":"Point"},"id":"stl-city-public-streetlights:2:118934","properties":{"address":null,"attributes":{"Date_Installed":"10/1/2016","LED_Powered":1,"LightID":"L011659","Light_Source":"LED","Light_Type":"Cobra","Lighting_Type":"LED-Powered Lamp","Verification_Date":null},"id":"stl-city-public-streetlights:2:118934","sourceLayerId":2,"sourceObjectId":118934,"sourceURL":"https://maps8.stlouis-mo.gov/arcgis/rest/services/STREETS/Streets_Permitting/MapServer/2","title":"Street light L011659"},"type":"Feature"},{"geometry":{"coordinates":[-90.27720036880454,38.61695250513088],"type":"Point"},"id":"stl-city-public-streetlights:2:118935","properties":{"address":null,"attributes":{"Date_Installed":"10/1/2016","LED_Powered":1,"LightID":"L011660","Light_Source":"LED","Light_Type":"Cobra","Lighting_Type":"LED-Powered Lamp","Verification_Date":null},"id":"stl-city-public-streetlights:2:118935","sourceLayerId":2,"sourceObjectId":118935,"sourceURL":"https://maps8.stlouis-mo.gov/arcgis/rest/services/STREETS/Streets_Permitting/MapServer/2","title":"Street light L011660"},"type":"Feature"},{"geometry":{"coordinates":[-90.27729069515594,38.61651969338167],"type":"Point"},"id":"stl-city-public-streetlights:2:118936","properties":{"address":null,"attributes":{"Date_Installed":"10/1/2016","LED_Powered":1,"LightID":"L011661","Light_Source":"LED","Light_Type":"Cobra","Lighting_Type":"LED-Powered Lamp","Verification_Date":null},"id":"stl-city-public-streetlights:2:118936","sourceLayerId":2,"sourceObjectId":118936,"sourceURL":"https://maps8.stlouis-mo.gov/arcgis/rest/services/STREETS/Streets_Permitting/MapServer/2","title":"Street light L011661"},"type":"Feature"},{"geometry":{"coordinates":[-90.27737729152949,38.61609110412739],"type":"Point"},"id":"stl-city-public-streetlights:2:118937","properties":{"address":null,"attributes":{"Date_Installed":"10/1/2016","LED_Powered":1,"LightID":"L011662","Light_Source":"LED","Light_Type":"Cobra","Lighting_Type":"LED-Powered Lamp","Verification_Date":null},"id":"stl-city-public-streetlights:2:118937","sourceLayerId":2,"sourceObjectId":118937,"sourceURL":"https://maps8.stlouis-mo.gov/arcgis/rest/services/STREETS/Streets_Permitting/MapServer/2","title":"Street light L011662"},"type":"Feature"},{"geometry":{"coordinates":[-90.2774607602544,38.61566507187005],"type":"Point"},"id":"stl-city-public-streetlights:2:118938","properties":{"address":null,"attributes":{"Date_Installed":"10/1/2016","LED_Powered":1,"LightID":"L011663","Light_Source":"LED","Light_Type":"Cobra","Lighting_Type":"LED-Powered Lamp","Verification_Date":null},"id":"stl-city-public-streetlights:2:118938","sourceLayerId":2,"sourceObjectId":118938,"sourceURL":"https://maps8.stlouis-mo.gov/arcgis/rest/services/STREETS/Streets_Permitting/MapServer/2","title":"Street light L011663"},"type":"Feature"},{"geometry":{"coordinates":[-90.2775462927513,38.61524381097262],"type":"Point"},"id":"stl-city-public-streetlights:2:118939","properties":{"address":null,"attributes":{"Date_Installed":"10/1/2016","LED_Powered":1,"LightID":"L011664","Light_Source":"LED","Light_Type":"Cobra","Lighting_Type":"LED-Powered Lamp","Verification_Date":null},"id":"stl-city-public-streetlights:2:118939","sourceLayerId":2,"sourceObjectId":118939,"sourceURL":"https://maps8.stlouis-mo.gov/arcgis/rest/services/STREETS/Streets_Permitting/MapServer/2","title":"Street light L011664"},"type":"Feature"},{"geometry":{"coordinates":[-90.27763215781654,38.61481343357067],"type":"Point"},"id":"stl-city-public-streetlights:2:118940","properties":{"address":null,"attributes":{"Date_Installed":"10/1/2016","LED_Powered":1,"LightID":"L011665","Light_Source":"LED","Light_Type":"Cobra","Lighting_Type":"LED-Powered Lamp","Verification_Date":null},"id":"stl-city-public-streetlights:2:118940","sourceLayerId":2,"sourceObjectId":118940,"sourceURL":"https://maps8.stlouis-mo.gov/arcgis/rest/services/STREETS/Streets_Permitting/MapServer/2","title":"Street light L011665"},"type":"Feature"},{"geometry":{"coordinates":[-90.27772356907657,38.61439420886022],"type":"Point"},"id":"stl-city-public-streetlights:2:118941","properties":{"address":null,"attributes":{"Date_Installed":"10/1/2016","LED_Powered":1,"LightID":"L011666","Light_Source":"LED","Light_Type":"Cobra","Lighting_Type":"LED-Powered Lamp","Verification_Date":null},"id":"stl-city-public-streetlights:2:118941","sourceLayerId":2,"sourceObjectId":118941,"sourceURL":"https://maps8.stlouis-mo.gov/arcgis/rest/services/STREETS/Streets_Permitting/MapServer/2","title":"Street light L011666"},"type":"Feature"},{"geometry":{"coordinates":[-90.27780149053952,38.61400225190692],"type":"Point"},"id":"stl-city-public-streetlights:2:118942","properties":{"address":null,"attributes":{"Date_Installed":"10/1/2016","LED_Powered":1,"LightID":"L011667","Light_Source":"LED","Light_Type":"Cobra","Lighting_Type":"LED-Powered Lamp","Verification_Date":null},"id":"stl-city-public-streetlights:2:118942","sourceLayerId":2,"sourceObjectId":118942,"sourceURL":"https://maps8.stlouis-mo.gov/arcgis/rest/services/STREETS/Streets_Permitting/MapServer/2","title":"Street light L011667"},"type":"Feature"},{"geometry":{"coordinates":[-90.27788696369898,38.613574355441315],"type":"Point"},"id":"stl-city-public-streetlights:2:118943","properties":{"address":null,"attributes":{"Date_Installed":"10/1/2016","LED_Powered":1,"LightID":"L011668","Light_Source":"LED","Light_Type":"Cobra","Lighting_Type":"LED-Powered Lamp","Verification_Date":null},"id":"stl-city-public-streetlights:2:118943","sourceLayerId":2,"sourceObjectId":118943,"sourceURL":"https://maps8.stlouis-mo.gov/arcgis/rest/services/STREETS/Streets_Permitting/MapServer/2","title":"Street light L011668"},"type":"Feature"},{"geometry":{"coordinates":[-90.27797067182821,38.61316071848239],"type":"Point"},"id":"stl-city-public-streetlights:2:118944","properties":{"address":null,"attributes":{"Date_Installed":"10/1/2016","LED_Powered":1,"LightID":"L011669","Light_Source":"LED","Light_Type":"Cobra","Lighting_Type":"LED-Powered Lamp","Verification_Date":null},"id":"stl-city-public-streetlights:2:118944","sourceLayerId":2,"sourceObjectId":118944,"sourceURL":"https://maps8.stlouis-mo.gov/arcgis/rest/services/STREETS/Streets_Permitting/MapServer/2","title":"Street light L011669"},"type":"Feature"},{"geometry":{"coordinates":[-90.27805518480936,38.61274827394144],"type":"Point"},"id":"stl-city-public-streetlights:2:118945","properties":{"address":null,"attributes":{"Date_Installed":"10/1/2016","LED_Powered":1,"LightID":"L011670","Light_Source":"LED","Light_Type":"Cobra","Lighting_Type":"LED-Powered Lamp","Verification_Date":null},"id":"stl-city-public-streetlights:2:118945","sourceLayerId":2,"sourceObjectId":118945,"sourceURL":"https://maps8.stlouis-mo.gov/arcgis/rest/services/STREETS/Streets_Permitting/MapServer/2","title":"Street light L011670"},"type":"Feature"},{"geometry":{"coordinates":[-90.27813789547336,38.61232867549717],"type":"Point"},"id":"stl-city-public-streetlights:2:118946","properties":{"address":null,"attributes":{"Date_Installed":"10/1/2016","LED_Powered":1,"LightID":"L011671","Light_Source":"LED","Light_Type":"Cobra","Lighting_Type":"LED-Powered Lamp","Verification_Date":null},"id":"stl-city-public-streetlights:2:118946","sourceLayerId":2,"sourceObjectId":118946,"sourceURL":"https://maps8.stlouis-mo.gov/arcgis/rest/services/STREETS/Streets_Permitting/MapServer/2","title":"Street light L011671"},"type":"Feature"},{"geometry":{"coordinates":[-90.27822069546441,38.61191927885603],"type":"Point"},"id":"stl-city-public-streetlights:2:118947","properties":{"address":null,"attributes":{"Date_Installed":"10/1/2016","LED_Powered":1,"LightID":"L011672","Light_Source":"LED","Light_Type":"Cobra","Lighting_Type":"LED-Powered Lamp","Verification_Date":null},"id":"stl-city-public-streetlights:2:118947","sourceLayerId":2,"sourceObjectId":118947,"sourceURL":"https://maps8.stlouis-mo.gov/arcgis/rest/services/STREETS/Streets_Permitting/MapServer/2","title":"Street light L011672"},"type":"Feature"},{"geometry":{"coordinates":[-90.27830477834227,38.611507596286174],"type":"Point"},"id":"stl-city-public-streetlights:2:118948","properties":{"address":null,"attributes":{"Date_Installed":"10/1/2016","LED_Powered":1,"LightID":"L011673","Light_Source":"LED","Light_Type":"Cobra","Lighting_Type":"LED-Powered Lamp","Verification_Date":null},"id":"stl-city-public-streetlights:2:118948","sourceLayerId":2,"sourceObjectId":118948,"sourceURL":"https://maps8.stlouis-mo.gov/arcgis/rest/services/STREETS/Streets_Permitting/MapServer/2","title":"Street light L011673"},"type":"Feature"},{"geometry":{"coordinates":[-90.27839729325588,38.61106024698004],"type":"Point"},"id":"stl-city-public-streetlights:2:118949","properties":{"address":null,"attributes":{"Date_Installed":"10/1/2016","LED_Powered":1,"LightID":"L011674","Light_Source":"LED","Light_Type":"Cobra","Lighting_Type":"LED-Powered Lamp","Verification_Date":null},"id":"stl-city-public-streetlights:2:118949","sourceLayerId":2,"sourceObjectId":118949,"sourceURL":"https://maps8.stlouis-mo.gov/arcgis/rest/services/STREETS/Streets_Permitting/MapServer/2","title":"Street light L011674"},"type":"Feature"},{"geometry":{"coordinates":[-90.27848841685096,38.61062064081981],"type":"Point"},"id":"stl-city-public-streetlights:2:118950","properties":{"address":null,"attributes":{"Date_Installed":"10/1/2016","LED_Powered":1,"LightID":"L011675","Light_Source":"LED","Light_Type":"Cobra","Lighting_Type":"LED-Powered Lamp","Verification_Date":null},"id":"stl-city-public-streetlights:2:118950","sourceLayerId":2,"sourceObjectId":118950,"sourceURL":"https://maps8.stlouis-mo.gov/arcgis/rest/services/STREETS/Streets_Permitting/MapServer/2","title":"Street light L011675"},"type":"Feature"},{"geometry":{"coordinates":[-90.27857491173337,38.6101692123696],"type":"Point"},"id":"stl-city-public-streetlights:2:118951","properties":{"address":null,"attributes":{"Date_Installed":null,"LED_Powered":0,"LightID":"L011676","Light_Source":"LED","Light_Type":"Cobra","Lighting_Type":"LED-Powered Lamp","Verification_Date":null},"id":"stl-city-public-streetlights:2:118951","sourceLayerId":2,"sourceObjectId":118951,"sourceURL":"https://maps8.stlouis-mo.gov/arcgis/rest/services/STREETS/Streets_Permitting/MapServer/2","title":"Street light L011676"},"type":"Feature"},{"geometry":{"coordinates":[-90.27921489138573,38.61010693376556],"type":"Point"},"id":"stl-city-public-streetlights:2:119644","properties":{"address":null,"attributes":{"Date_Installed":null,"LED_Powered":0,"LightID":"L012369","Light_Source":"LED","Light_Type":"Cobra","Lighting_Type":"LED-Powered Lamp","Verification_Date":null},"id":"stl-city-public-streetlights:2:119644","sourceLayerId":2,"sourceObjectId":119644,"sourceURL":"https://maps8.stlouis-mo.gov/arcgis/rest/services/STREETS/Streets_Permitting/MapServer/2","title":"Street light L012369"},"type":"Feature"},{"geometry":{"coordinates":[-90.27518940236027,38.610538436529104],"type":"Point"},"id":"stl-city-public-streetlights:2:119667","properties":{"address":null,"attributes":{"Date_Installed":"9/1/2018","LED_Powered":1,"LightID":"L012392","Light_Source":"LED","Light_Type":"Cobra","Lighting_Type":"LED-Powered Lamp","Verification_Date":null},"id":"stl-city-public-streetlights:2:119667","sourceLayerId":2,"sourceObjectId":119667,"sourceURL":"https://maps8.stlouis-mo.gov/arcgis/rest/services/STREETS/Streets_Permitting/MapServer/2","title":"Street light L012392"},"type":"Feature"},{"geometry":{"coordinates":[-90.27525416973369,38.61017839605605],"type":"Point"},"id":"stl-city-public-streetlights:2:119668","properties":{"address":null,"attributes":{"Date_Installed":"9/1/2018","LED_Powered":1,"LightID":"L012393","Light_Source":"LED","Light_Type":"Cobra","Lighting_Type":"LED-Powered Lamp","Verification_Date":null},"id":"stl-city-public-streetlights:2:119668","sourceLayerId":2,"sourceObjectId":119668,"sourceURL":"https://maps8.stlouis-mo.gov/arcgis/rest/services/STREETS/Streets_Permitting/MapServer/2","title":"Street light L012393"},"type":"Feature"},{"geometry":{"coordinates":[-90.27669461689426,38.61362477401001],"type":"Point"},"id":"stl-city-public-streetlights:2:120580","properties":{"address":null,"attributes":{"Date_Installed":"2/13/2018","LED_Powered":1,"LightID":"L013305","Light_Source":"LED","Light_Type":"Cobra","Lighting_Type":"LED-Powered Lamp","Verification_Date":null},"id":"stl-city-public-streetlights:2:120580","sourceLayerId":2,"sourceObjectId":120580,"sourceURL":"https://maps8.stlouis-mo.gov/arcgis/rest/services/STREETS/Streets_Permitting/MapServer/2","title":"Street light L013305"},"type":"Feature"},{"geometry":{"coordinates":[-90.27623177260239,38.613575074015685],"type":"Point"},"id":"stl-city-public-streetlights:2:120581","properties":{"address":null,"attributes":{"Date_Installed":"2/13/2018","LED_Powered":1,"LightID":"L013306","Light_Source":"LED","Light_Type":"Cobra","Lighting_Type":"LED-Powered Lamp","Verification_Date":null},"id":"stl-city-public-streetlights:2:120581","sourceLayerId":2,"sourceObjectId":120581,"sourceURL":"https://maps8.stlouis-mo.gov/arcgis/rest/services/STREETS/Streets_Permitting/MapServer/2","title":"Street light L013306"},"type":"Feature"},{"geometry":{"coordinates":[-90.2757752572098,38.6135219510124],"type":"Point"},"id":"stl-city-public-streetlights:2:120582","properties":{"address":null,"attributes":{"Date_Installed":"2/13/2018","LED_Powered":1,"LightID":"L013307","Light_Source":"LED","Light_Type":"Cobra","Lighting_Type":"LED-Powered Lamp","Verification_Date":null},"id":"stl-city-public-streetlights:2:120582","sourceLayerId":2,"sourceObjectId":120582,"sourceURL":"https://maps8.stlouis-mo.gov/arcgis/rest/services/STREETS/Streets_Permitting/MapServer/2","title":"Street light L013307"},"type":"Feature"},{"geometry":{"coordinates":[-90.27536708206469,38.6134773090582],"type":"Point"},"id":"stl-city-public-streetlights:2:120583","properties":{"address":null,"attributes":{"Date_Installed":"2/13/2018","LED_Powered":1,"LightID":"L013308","Light_Source":"LED","Light_Type":"Cobra","Lighting_Type":"LED-Powered Lamp","Verification_Date":null},"id":"stl-city-public-streetlights:2:120583","sourceLayerId":2,"sourceObjectId":120583,"sourceURL":"https://maps8.stlouis-mo.gov/arcgis/rest/services/STREETS/Streets_Permitting/MapServer/2","title":"Street light L013308"},"type":"Feature"},{"geometry":{"coordinates":[-90.27492731275925,38.61343260581683],"type":"Point"},"id":"stl-city-public-streetlights:2:120584","properties":{"address":null,"attributes":{"Date_Installed":"2/13/2018","LED_Powered":1,"LightID":"L013309","Light_Source":"LED","Light_Type":"Cobra","Lighting_Type":"LED-Powered Lamp","Verification_Date":null},"id":"stl-city-public-streetlights:2:120584","sourceLayerId":2,"sourceObjectId":120584,"sourceURL":"https://maps8.stlouis-mo.gov/arcgis/rest/services/STREETS/Streets_Permitting/MapServer/2","title":"Street light L013309"},"type":"Feature"},{"geometry":{"coordinates":[-90.27447579812048,38.613384421557974],"type":"Point"},"id":"stl-city-public-streetlights:2:120585","properties":{"address":null,"attributes":{"Date_Installed":"2/13/2018","LED_Powered":1,"LightID":"L013310","Light_Source":"LED","Light_Type":"Cobra","Lighting_Type":"LED-Powered Lamp","Verification_Date":null},"id":"stl-city-public-streetlights:2:120585","sourceLayerId":2,"sourceObjectId":120585,"sourceURL":"https://maps8.stlouis-mo.gov/arcgis/rest/services/STREETS/Streets_Permitting/MapServer/2","title":"Street light L013310"},"type":"Feature"},{"geometry":{"coordinates":[-90.2740307222317,38.61333660564586],"type":"Point"},"id":"stl-city-public-streetlights:2:120586","properties":{"address":null,"attributes":{"Date_Installed":"2/13/2018","LED_Powered":1,"LightID":"L013311","Light_Source":"LED","Light_Type":"Cobra","Lighting_Type":"LED-Powered Lamp","Verification_Date":null},"id":"stl-city-public-streetlights:2:120586","sourceLayerId":2,"sourceObjectId":120586,"sourceURL":"https://maps8.stlouis-mo.gov/arcgis/rest/services/STREETS/Streets_Permitting/MapServer/2","title":"Street light L013311"},"type":"Feature"},{"geometry":{"coordinates":[-90.27358519371813,38.61328795293778],"type":"Point"},"id":"stl-city-public-streetlights:2:120587","properties":{"address":null,"attributes":{"Date_Installed":"2/13/2018","LED_Powered":1,"LightID":"L013312","Light_Source":"LED","Light_Type":"Cobra","Lighting_Type":"LED-Powered Lamp","Verification_Date":null},"id":"stl-city-public-streetlights:2:120587","sourceLayerId":2,"sourceObjectId":120587,"sourceURL":"https://maps8.stlouis-mo.gov/arcgis/rest/services/STREETS/Streets_Permitting/MapServer/2","title":"Street light L013312"},"type":"Feature"},{"geometry":{"coordinates":[-90.2717767320796,38.61444061420776],"type":"Point"},"id":"stl-city-public-streetlights:2:120588","properties":{"address":null,"attributes":{"Date_Installed":"2/13/2018","LED_Powered":1,"LightID":"L013313","Light_Source":"LED","Light_Type":"Cobra","Lighting_Type":"LED-Powered Lamp","Verification_Date":null},"id":"stl-city-public-streetlights:2:120588","sourceLayerId":2,"sourceObjectId":120588,"sourceURL":"https://maps8.stlouis-mo.gov/arcgis/rest/services/STREETS/Streets_Permitting/MapServer/2","title":"Street light L013313"},"type":"Feature"},{"geometry":{"coordinates":[-90.27219177614963,38.61448551989072],"type":"Point"},"id":"stl-city-public-streetlights:2:120589","properties":{"address":null,"attributes":{"Date_Installed":"2/13/2018","LED_Powered":1,"LightID":"L013314","Light_Source":"LED","Light_Type":"Cobra","Lighting_Type":"LED-Powered Lamp","Verification_Date":null},"id":"stl-city-public-streetlights:2:120589","sourceLayerId":2,"sourceObjectId":120589,"sourceURL":"https://maps8.stlouis-mo.gov/arcgis/rest/services/STREETS/Streets_Permitting/MapServer/2","title":"Street light L013314"},"type":"Feature"},{"geometry":{"coordinates":[-90.27253497136546,38.61452015391106],"type":"Point"},"id":"stl-city-public-streetlights:2:120590","properties":{"address":null,"attributes":{"Date_Installed":"2/13/2018","LED_Powered":1,"LightID":"L013315","Light_Source":"LED","Light_Type":"Cobra","Lighting_Type":"LED-Powered Lamp","Verification_Date":null},"id":"stl-city-public-streetlights:2:120590","sourceLayerId":2,"sourceObjectId":120590,"sourceURL":"https://maps8.stlouis-mo.gov/arcgis/rest/services/STREETS/Streets_Permitting/MapServer/2","title":"Street light L013315"},"type":"Feature"},{"geometry":{"coordinates":[-90.27289667968164,38.61456078226694],"type":"Point"},"id":"stl-city-public-streetlights:2:120591","properties":{"address":null,"attributes":{"Date_Installed":"2/13/2018","LED_Powered":1,"LightID":"L013316","Light_Source":"LED","Light_Type":"Cobra","Lighting_Type":"LED-Powered Lamp","Verification_Date":null},"id":"stl-city-public-streetlights:2:120591","sourceLayerId":2,"sourceObjectId":120591,"sourceURL":"https://maps8.stlouis-mo.gov/arcgis/rest/services/STREETS/Streets_Permitting/MapServer/2","title":"Street light L013316"},"type":"Feature"},{"geometry":{"coordinates":[-90.27332311692619,38.6146057060489],"type":"Point"},"id":"stl-city-public-streetlights:2:120592","properties":{"address":null,"attributes":{"Date_Installed":"2/13/2018","LED_Powered":1,"LightID":"L013317","Light_Source":"LED","Light_Type":"Cobra","Lighting_Type":"LED-Powered Lamp","Verification_Date":null},"id":"stl-city-public-streetlights:2:120592","sourceLayerId":2,"sourceObjectId":120592,"sourceURL":"https://maps8.stlouis-mo.gov/arcgis/rest/services/STREETS/Streets_Permitting/MapServer/2","title":"Street light L013317"},"type":"Feature"},{"geometry":{"coordinates":[-90.2737982432067,38.61465642326122],"type":"Point"},"id":"stl-city-public-streetlights:2:120593","properties":{"address":null,"attributes":{"Date_Installed":"2/13/2018","LED_Powered":1,"LightID":"L013318","Light_Source":"LED","Light_Type":"Cobra","Lighting_Type":"LED-Powered Lamp","Verification_Date":null},"id":"stl-city-public-streetlights:2:120593","sourceLayerId":2,"sourceObjectId":120593,"sourceURL":"https://maps8.stlouis-mo.gov/arcgis/rest/services/STREETS/Streets_Permitting/MapServer/2","title":"Street light L013318"},"type":"Feature"},{"geometry":{"coordinates":[-90.27418699153654,38.61469721881463],"type":"Point"},"id":"stl-city-public-streetlights:2:120594","properties":{"address":null,"attributes":{"Date_Installed":"2/13/2018","LED_Powered":1,"LightID":"L013319","Light_Source":"LED","Light_Type":"Cobra","Lighting_Type":"LED-Powered Lamp","Verification_Date":null},"id":"stl-city-public-streetlights:2:120594","sourceLayerId":2,"sourceObjectId":120594,"sourceURL":"https://maps8.stlouis-mo.gov/arcgis/rest/services/STREETS/Streets_Permitting/MapServer/2","title":"Street light L013319"},"type":"Feature"},{"geometry":{"coordinates":[-90.27463647241638,38.61474766511536],"type":"Point"},"id":"stl-city-public-streetlights:2:120595","properties":{"address":null,"attributes":{"Date_Installed":"2/13/2018","LED_Powered":1,"LightID":"L013320","Light_Source":"LED","Light_Type":"Cobra","Lighting_Type":"LED-Powered Lamp","Verification_Date":null},"id":"stl-city-public-streetlights:2:120595","sourceLayerId":2,"sourceObjectId":120595,"sourceURL":"https://maps8.stlouis-mo.gov/arcgis/rest/services/STREETS/Streets_Permitting/MapServer/2","title":"Street light L013320"},"type":"Feature"},{"geometry":{"coordinates":[-90.27510971794636,38.61479600853574],"type":"Point"},"id":"stl-city-public-streetlights:2:120596","properties":{"address":null,"attributes":{"Date_Installed":"2/13/2018","LED_Powered":1,"LightID":"L013321","Light_Source":"LED","Light_Type":"Cobra","Lighting_Type":"LED-Powered Lamp","Verification_Date":null},"id":"stl-city-public-streetlights:2:120596","sourceLayerId":2,"sourceObjectId":120596,"sourceURL":"https://maps8.stlouis-mo.gov/arcgis/rest/services/STREETS/Streets_Permitting/MapServer/2","title":"Street light L013321"},"type":"Feature"},{"geometry":{"coordinates":[-90.27552184369662,38.61484280399182],"type":"Point"},"id":"stl-city-public-streetlights:2:120597","properties":{"address":null,"attributes":{"Date_Installed":"2/13/2018","LED_Powered":1,"LightID":"L013322","Light_Source":"LED","Light_Type":"Cobra","Lighting_Type":"LED-Powered Lamp","Verification_Date":null},"id":"stl-city-public-streetlights:2:120597","sourceLayerId":2,"sourceObjectId":120597,"sourceURL":"https://maps8.stlouis-mo.gov/arcgis/rest/services/STREETS/Streets_Permitting/MapServer/2","title":"Street light L013322"},"type":"Feature"},{"geometry":{"coordinates":[-90.27599077688197,38.614891375214455],"type":"Point"},"id":"stl-city-public-streetlights:2:120598","properties":{"address":null,"attributes":{"Date_Installed":"2/13/2018","LED_Powered":1,"LightID":"L013323","Light_Source":"LED","Light_Type":"Cobra","Lighting_Type":"LED-Powered Lamp","Verification_Date":null},"id":"stl-city-public-streetlights:2:120598","sourceLayerId":2,"sourceObjectId":120598,"sourceURL":"https://maps8.stlouis-mo.gov/arcgis/rest/services/STREETS/Streets_Permitting/MapServer/2","title":"Street light L013323"},"type":"Feature"},{"geometry":{"coordinates":[-90.2763965295812,38.61493601036253],"type":"Point"},"id":"stl-city-public-streetlights:2:120599","properties":{"address":null,"attributes":{"Date_Installed":"2/13/2018","LED_Powered":1,"LightID":"L013324","Light_Source":"LED","Light_Type":"Cobra","Lighting_Type":"LED-Powered Lamp","Verification_Date":null},"id":"stl-city-public-streetlights:2:120599","sourceLayerId":2,"sourceObjectId":120599,"sourceURL":"https://maps8.stlouis-mo.gov/arcgis/rest/services/STREETS/Streets_Permitting/MapServer/2","title":"Street light L013324"},"type":"Feature"},{"geometry":{"coordinates":[-90.27683872360593,38.61498595680705],"type":"Point"},"id":"stl-city-public-streetlights:2:120600","properties":{"address":null,"attributes":{"Date_Installed":"2/13/2018","LED_Powered":1,"LightID":"L013325","Light_Source":"LED","Light_Type":"Cobra","Lighting_Type":"LED-Powered Lamp","Verification_Date":null},"id":"stl-city-public-streetlights:2:120600","sourceLayerId":2,"sourceObjectId":120600,"sourceURL":"https://maps8.stlouis-mo.gov/arcgis/rest/services/STREETS/Streets_Permitting/MapServer/2","title":"Street light L013325"},"type":"Feature"},{"geometry":{"coordinates":[-90.27729939317629,38.6150349826981],"type":"Point"},"id":"stl-city-public-streetlights:2:120601","properties":{"address":null,"attributes":{"Date_Installed":"2/13/2018","LED_Powered":1,"LightID":"L013326","Light_Source":"LED","Light_Type":"Cobra","Lighting_Type":"LED-Powered Lamp","Verification_Date":null},"id":"stl-city-public-streetlights:2:120601","sourceLayerId":2,"sourceObjectId":120601,"sourceURL":"https://maps8.stlouis-mo.gov/arcgis/rest/services/STREETS/Streets_Permitting/MapServer/2","title":"Street light L013326"},"type":"Feature"},{"geometry":{"coordinates":[-90.2729985618372,38.61577155817746],"type":"Point"},"id":"stl-city-public-streetlights:2:120602","properties":{"address":null,"attributes":{"Date_Installed":"2/13/2018","LED_Powered":1,"LightID":"L013327","Light_Source":"LED","Light_Type":"Cobra","Lighting_Type":"LED-Powered Lamp","Verification_Date":null},"id":"stl-city-public-streetlights:2:120602","sourceLayerId":2,"sourceObjectId":120602,"sourceURL":"https://maps8.stlouis-mo.gov/arcgis/rest/services/STREETS/Streets_Permitting/MapServer/2","title":"Street light L013327"},"type":"Feature"},{"geometry":{"coordinates":[-90.27345095986178,38.61581420754686],"type":"Point"},"id":"stl-city-public-streetlights:2:120603","properties":{"address":null,"attributes":{"Date_Installed":"2/13/2018","LED_Powered":1,"LightID":"L013328","Light_Source":"LED","Light_Type":"Cobra","Lighting_Type":"LED-Powered Lamp","Verification_Date":null},"id":"stl-city-public-streetlights:2:120603","sourceLayerId":2,"sourceObjectId":120603,"sourceURL":"https://maps8.stlouis-mo.gov/arcgis/rest/services/STREETS/Streets_Permitting/MapServer/2","title":"Street light L013328"},"type":"Feature"},{"geometry":{"coordinates":[-90.27390751222019,38.61586913966761],"type":"Point"},"id":"stl-city-public-streetlights:2:120604","properties":{"address":null,"attributes":{"Date_Installed":"2/13/2018","LED_Powered":1,"LightID":"L013329","Light_Source":"LED","Light_Type":"Cobra","Lighting_Type":"LED-Powered Lamp","Verification_Date":null},"id":"stl-city-public-streetlights:2:120604","sourceLayerId":2,"sourceObjectId":120604,"sourceURL":"https://maps8.stlouis-mo.gov/arcgis/rest/services/STREETS/Streets_Permitting/MapServer/2","title":"Street light L013329"},"type":"Feature"},{"geometry":{"coordinates":[-90.27436672667992,38.61591793645348],"type":"Point"},"id":"stl-city-public-streetlights:2:120605","properties":{"address":null,"attributes":{"Date_Installed":"2/13/2018","LED_Powered":1,"LightID":"L013330","Light_Source":"LED","Light_Type":"Cobra","Lighting_Type":"LED-Powered Lamp","Verification_Date":null},"id":"stl-city-public-streetlights:2:120605","sourceLayerId":2,"sourceObjectId":120605,"sourceURL":"https://maps8.stlouis-mo.gov/arcgis/rest/services/STREETS/Streets_Permitting/MapServer/2","title":"Street light L013330"},"type":"Feature"},{"geometry":{"coordinates":[-90.27482309195595,38.61596482867338],"type":"Point"},"id":"stl-city-public-streetlights:2:120606","properties":{"address":null,"attributes":{"Date_Installed":"2/13/2018","LED_Powered":1,"LightID":"L013331","Light_Source":"LED","Light_Type":"Cobra","Lighting_Type":"LED-Powered Lamp","Verification_Date":null},"id":"stl-city-public-streetlights:2:120606","sourceLayerId":2,"sourceObjectId":120606,"sourceURL":"https://maps8.stlouis-mo.gov/arcgis/rest/services/STREETS/Streets_Permitting/MapServer/2","title":"Street light L013331"},"type":"Feature"},{"geometry":{"coordinates":[-90.27483479532259,38.61680776835813],"type":"Point"},"id":"stl-city-public-streetlights:2:120607","properties":{"address":null,"attributes":{"Date_Installed":"2/13/2018","LED_Powered":1,"LightID":"L013332","Light_Source":"LED","Light_Type":"Cobra","Lighting_Type":"LED-Powered Lamp","Verification_Date":null},"id":"stl-city-public-streetlights:2:120607","sourceLayerId":2,"sourceObjectId":120607,"sourceURL":"https://maps8.stlouis-mo.gov/arcgis/rest/services/STREETS/Streets_Permitting/MapServer/2","title":"Street light L013332"},"type":"Feature"},{"geometry":{"coordinates":[-90.27489587376432,38.61650767041872],"type":"Point"},"id":"stl-city-public-streetlights:2:120608","properties":{"address":null,"attributes":{"Date_Installed":"2/13/2018","LED_Powered":1,"LightID":"L013333","Light_Source":"LED","Light_Type":"Cobra","Lighting_Type":"LED-Powered Lamp","Verification_Date":null},"id":"stl-city-public-streetlights:2:120608","sourceLayerId":2,"sourceObjectId":120608,"sourceURL":"https://maps8.stlouis-mo.gov/arcgis/rest/services/STREETS/Streets_Permitting/MapServer/2","title":"Street light L013333"},"type":"Feature"},{"geometry":{"coordinates":[-90.27497982947868,38.616091233626754],"type":"Point"},"id":"stl-city-public-streetlights:2:120609","properties":{"address":null,"attributes":{"Date_Installed":"2/13/2018","LED_Powered":1,"LightID":"L013334","Light_Source":"LED","Light_Type":"Cobra","Lighting_Type":"LED-Powered Lamp","Verification_Date":null},"id":"stl-city-public-streetlights:2:120609","sourceLayerId":2,"sourceObjectId":120609,"sourceURL":"https://maps8.stlouis-mo.gov/arcgis/rest/services/STREETS/Streets_Permitting/MapServer/2","title":"Street light L013334"},"type":"Feature"},{"geometry":{"coordinates":[-90.27505867881598,38.615665294214416],"type":"Point"},"id":"stl-city-public-streetlights:2:120610","properties":{"address":null,"attributes":{"Date_Installed":"2/13/2018","LED_Powered":1,"LightID":"L013335","Light_Source":"LED","Light_Type":"Cobra","Lighting_Type":"LED-Powered Lamp","Verification_Date":null},"id":"stl-city-public-streetlights:2:120610","sourceLayerId":2,"sourceObjectId":120610,"sourceURL":"https://maps8.stlouis-mo.gov/arcgis/rest/services/STREETS/Streets_Permitting/MapServer/2","title":"Street light L013335"},"type":"Feature"},{"geometry":{"coordinates":[-90.27513110586263,38.61533506410317],"type":"Point"},"id":"stl-city-public-streetlights:2:120611","properties":{"address":null,"attributes":{"Date_Installed":"2/13/2018","LED_Powered":1,"LightID":"L013336","Light_Source":"LED","Light_Type":"Cobra","Lighting_Type":"LED-Powered Lamp","Verification_Date":null},"id":"stl-city-public-streetlights:2:120611","sourceLayerId":2,"sourceObjectId":120611,"sourceURL":"https://maps8.stlouis-mo.gov/arcgis/rest/services/STREETS/Streets_Permitting/MapServer/2","title":"Street light L013336"},"type":"Feature"},{"geometry":{"coordinates":[-90.27518769397986,38.615017436727875],"type":"Point"},"id":"stl-city-public-streetlights:2:120612","properties":{"address":null,"attributes":{"Date_Installed":"2/13/2018","LED_Powered":1,"LightID":"L013337","Light_Source":"LED","Light_Type":"Cobra","Lighting_Type":"LED-Powered Lamp","Verification_Date":null},"id":"stl-city-public-streetlights:2:120612","sourceLayerId":2,"sourceObjectId":120612,"sourceURL":"https://maps8.stlouis-mo.gov/arcgis/rest/services/STREETS/Streets_Permitting/MapServer/2","title":"Street light L013337"},"type":"Feature"},{"geometry":{"coordinates":[-90.27525894073314,38.614700015838636],"type":"Point"},"id":"stl-city-public-streetlights:2:120613","properties":{"address":null,"attributes":{"Date_Installed":"2/13/2018","LED_Powered":1,"LightID":"L013338","Light_Source":"LED","Light_Type":"Cobra","Lighting_Type":"LED-Powered Lamp","Verification_Date":null},"id":"stl-city-public-streetlights:2:120613","sourceLayerId":2,"sourceObjectId":120613,"sourceURL":"https://maps8.stlouis-mo.gov/arcgis/rest/services/STREETS/Streets_Permitting/MapServer/2","title":"Street light L013338"},"type":"Feature"},{"geometry":{"coordinates":[-90.2753293148185,38.614345944862244],"type":"Point"},"id":"stl-city-public-streetlights:2:120614","properties":{"address":null,"attributes":{"Date_Installed":"2/13/2018","LED_Powered":1,"LightID":"L013339","Light_Source":"LED","Light_Type":"Cobra","Lighting_Type":"LED-Powered Lamp","Verification_Date":null},"id":"stl-city-public-streetlights:2:120614","sourceLayerId":2,"sourceObjectId":120614,"sourceURL":"https://maps8.stlouis-mo.gov/arcgis/rest/services/STREETS/Streets_Permitting/MapServer/2","title":"Street light L013339"},"type":"Feature"},{"geometry":{"coordinates":[-90.27539720420911,38.614008554503016],"type":"Point"},"id":"stl-city-public-streetlights:2:120615","properties":{"address":null,"attributes":{"Date_Installed":"2/13/2018","LED_Powered":1,"LightID":"L013340","Light_Source":"LED","Light_Type":"Cobra","Lighting_Type":"LED-Powered Lamp","Verification_Date":null},"id":"stl-city-public-streetlights:2:120615","sourceLayerId":2,"sourceObjectId":120615,"sourceURL":"https://maps8.stlouis-mo.gov/arcgis/rest/services/STREETS/Streets_Permitting/MapServer/2","title":"Street light L013340"},"type":"Feature"},{"geometry":{"coordinates":[-90.27545473926797,38.61365901188049],"type":"Point"},"id":"stl-city-public-streetlights:2:120616","properties":{"address":null,"attributes":{"Date_Installed":"2/13/2018","LED_Powered":1,"LightID":"L013341","Light_Source":"LED","Light_Type":"Cobra","Lighting_Type":"LED-Powered Lamp","Verification_Date":null},"id":"stl-city-public-streetlights:2:120616","sourceLayerId":2,"sourceObjectId":120616,"sourceURL":"https://maps8.stlouis-mo.gov/arcgis/rest/services/STREETS/Streets_Permitting/MapServer/2","title":"Street light L013341"},"type":"Feature"},{"geometry":{"coordinates":[-90.27552613099793,38.61332262181183],"type":"Point"},"id":"stl-city-public-streetlights:2:120617","properties":{"address":null,"attributes":{"Date_Installed":"2/13/2018","LED_Powered":1,"LightID":"L013342","Light_Source":"LED","Light_Type":"Cobra","Lighting_Type":"LED-Powered Lamp","Verification_Date":null},"id":"stl-city-public-streetlights:2:120617","sourceLayerId":2,"sourceObjectId":120617,"sourceURL":"https://maps8.stlouis-mo.gov/arcgis/rest/services/STREETS/Streets_Permitting/MapServer/2","title":"Street light L013342"},"type":"Feature"},{"geometry":{"coordinates":[-90.275605364266,38.61295164428742],"type":"Point"},"id":"stl-city-public-streetlights:2:120618","properties":{"address":null,"attributes":{"Date_Installed":"2/13/2018","LED_Powered":1,"LightID":"L013343","Light_Source":"LED","Light_Type":"Cobra","Lighting_Type":"LED-Powered Lamp","Verification_Date":null},"id":"stl-city-public-streetlights:2:120618","sourceLayerId":2,"sourceObjectId":120618,"sourceURL":"https://maps8.stlouis-mo.gov/arcgis/rest/services/STREETS/Streets_Permitting/MapServer/2","title":"Street light L013343"},"type":"Feature"},{"geometry":{"coordinates":[-90.27566880568622,38.612578300394226],"type":"Point"},"id":"stl-city-public-streetlights:2:120619","properties":{"address":null,"attributes":{"Date_Installed":"2/13/2018","LED_Powered":1,"LightID":"L013344","Light_Source":"LED","Light_Type":"Cobra","Lighting_Type":"LED-Powered Lamp","Verification_Date":null},"id":"stl-city-public-streetlights:2:120619","sourceLayerId":2,"sourceObjectId":120619,"sourceURL":"https://maps8.stlouis-mo.gov/arcgis/rest/services/STREETS/Streets_Permitting/MapServer/2","title":"Street light L013344"},"type":"Feature"},{"geometry":{"coordinates":[-90.2757425443787,38.61221541663598],"type":"Point"},"id":"stl-city-public-streetlights:2:120620","properties":{"address":null,"attributes":{"Date_Installed":"2/13/2018","LED_Powered":1,"LightID":"L013345","Light_Source":"LED","Light_Type":"Cobra","Lighting_Type":"LED-Powered Lamp","Verification_Date":null},"id":"stl-city-public-streetlights:2:120620","sourceLayerId":2,"sourceObjectId":120620,"sourceURL":"https://maps8.stlouis-mo.gov/arcgis/rest/services/STREETS/Streets_Permitting/MapServer/2","title":"Street light L013345"},"type":"Feature"},{"geometry":{"coordinates":[-90.2758196265331,38.61183203937115],"type":"Point"},"id":"stl-city-public-streetlights:2:120621","properties":{"address":null,"attributes":{"Date_Installed":"2/13/2018","LED_Powered":1,"LightID":"L013346","Light_Source":"LED","Light_Type":"Cobra","Lighting_Type":"LED-Powered Lamp","Verification_Date":null},"id":"stl-city-public-streetlights:2:120621","sourceLayerId":2,"sourceObjectId":120621,"sourceURL":"https://maps8.stlouis-mo.gov/arcgis/rest/services/STREETS/Streets_Permitting/MapServer/2","title":"Street light L013346"},"type":"Feature"},{"geometry":{"coordinates":[-90.27588319505124,38.61148248453888],"type":"Point"},"id":"stl-city-public-streetlights:2:120622","properties":{"address":null,"attributes":{"Date_Installed":"2/13/2018","LED_Powered":1,"LightID":"L013347","Light_Source":"LED","Light_Type":"Cobra","Lighting_Type":"LED-Powered Lamp","Verification_Date":null},"id":"stl-city-public-streetlights:2:120622","sourceLayerId":2,"sourceObjectId":120622,"sourceURL":"https://maps8.stlouis-mo.gov/arcgis/rest/services/STREETS/Streets_Permitting/MapServer/2","title":"Street light L013347"},"type":"Feature"},{"geometry":{"coordinates":[-90.2759559313904,38.611148042584524],"type":"Point"},"id":"stl-city-public-streetlights:2:120623","properties":{"address":null,"attributes":{"Date_Installed":"2/13/2018","LED_Powered":1,"LightID":"L013348","Light_Source":"LED","Light_Type":"Cobra","Lighting_Type":"LED-Powered Lamp","Verification_Date":null},"id":"stl-city-public-streetlights:2:120623","sourceLayerId":2,"sourceObjectId":120623,"sourceURL":"https://maps8.stlouis-mo.gov/arcgis/rest/services/STREETS/Streets_Permitting/MapServer/2","title":"Street light L013348"},"type":"Feature"},{"geometry":{"coordinates":[-90.273660798927,38.611375679018636],"type":"Point"},"id":"stl-city-public-streetlights:2:120624","properties":{"address":null,"attributes":{"Date_Installed":"1/2017","LED_Powered":1,"LightID":"L013349","Light_Source":"LED","Light_Type":"Cobra","Lighting_Type":"LED-Powered Lamp","Verification_Date":null},"id":"stl-city-public-streetlights:2:120624","sourceLayerId":2,"sourceObjectId":120624,"sourceURL":"https://maps8.stlouis-mo.gov/arcgis/rest/services/STREETS/Streets_Permitting/MapServer/2","title":"Street light L013349"},"type":"Feature"},{"geometry":{"coordinates":[-90.27359850941389,38.61171784688145],"type":"Point"},"id":"stl-city-public-streetlights:2:120625","properties":{"address":null,"attributes":{"Date_Installed":"1/2017","LED_Powered":1,"LightID":"L013350","Light_Source":"LED","Light_Type":"Cobra","Lighting_Type":"LED-Powered Lamp","Verification_Date":null},"id":"stl-city-public-streetlights:2:120625","sourceLayerId":2,"sourceObjectId":120625,"sourceURL":"https://maps8.stlouis-mo.gov/arcgis/rest/services/STREETS/Streets_Permitting/MapServer/2","title":"Street light L013350"},"type":"Feature"},{"geometry":{"coordinates":[-90.27352852578443,38.61205213319439],"type":"Point"},"id":"stl-city-public-streetlights:2:120626","properties":{"address":null,"attributes":{"Date_Installed":"1/2017","LED_Powered":1,"LightID":"L013351","Light_Source":"LED","Light_Type":"Cobra","Lighting_Type":"LED-Powered Lamp","Verification_Date":null},"id":"stl-city-public-streetlights:2:120626","sourceLayerId":2,"sourceObjectId":120626,"sourceURL":"https://maps8.stlouis-mo.gov/arcgis/rest/services/STREETS/Streets_Permitting/MapServer/2","title":"Street light L013351"},"type":"Feature"},{"geometry":{"coordinates":[-90.27347104205552,38.612363084367566],"type":"Point"},"id":"stl-city-public-streetlights:2:120627","properties":{"address":null,"attributes":{"Date_Installed":"1/2017","LED_Powered":1,"LightID":"L013352","Light_Source":"LED","Light_Type":"Cobra","Lighting_Type":"LED-Powered Lamp","Verification_Date":null},"id":"stl-city-public-streetlights:2:120627","sourceLayerId":2,"sourceObjectId":120627,"sourceURL":"https://maps8.stlouis-mo.gov/arcgis/rest/services/STREETS/Streets_Permitting/MapServer/2","title":"Street light L013352"},"type":"Feature"},{"geometry":{"coordinates":[-90.2734049682093,38.61270023847482],"type":"Point"},"id":"stl-city-public-streetlights:2:120628","properties":{"address":null,"attributes":{"Date_Installed":"1/2017","LED_Powered":1,"LightID":"L013353","Light_Source":"LED","Light_Type":"Cobra","Lighting_Type":"LED-Powered Lamp","Verification_Date":null},"id":"stl-city-public-streetlights:2:120628","sourceLayerId":2,"sourceObjectId":120628,"sourceURL":"https://maps8.stlouis-mo.gov/arcgis/rest/services/STREETS/Streets_Permitting/MapServer/2","title":"Street light L013353"},"type":"Feature"},{"geometry":{"coordinates":[-90.27334092642226,38.613030722639806],"type":"Point"},"id":"stl-city-public-streetlights:2:120629","properties":{"address":null,"attributes":{"Date_Installed":"1/2017","LED_Powered":1,"LightID":"L013354","Light_Source":"LED","Light_Type":"Cobra","Lighting_Type":"LED-Powered Lamp","Verification_Date":null},"id":"stl-city-public-streetlights:2:120629","sourceLayerId":2,"sourceObjectId":120629,"sourceURL":"https://maps8.stlouis-mo.gov/arcgis/rest/services/STREETS/Streets_Permitting/MapServer/2","title":"Street light L013354"},"type":"Feature"},{"geometry":{"coordinates":[-90.2732790455051,38.613386953974334],"type":"Point"},"id":"stl-city-public-streetlights:2:120630","properties":{"address":null,"attributes":{"Date_Installed":"1/2017","LED_Powered":1,"LightID":"L013355","Light_Source":"LED","Light_Type":"Cobra","Lighting_Type":"LED-Powered Lamp","Verification_Date":null},"id":"stl-city-public-streetlights:2:120630","sourceLayerId":2,"sourceObjectId":120630,"sourceURL":"https://maps8.stlouis-mo.gov/arcgis/rest/services/STREETS/Streets_Permitting/MapServer/2","title":"Street light L013355"},"type":"Feature"},{"geometry":{"coordinates":[-90.27319644356987,38.61376227286744],"type":"Point"},"id":"stl-city-public-streetlights:2:120631","properties":{"address":null,"attributes":{"Date_Installed":"1/2017","LED_Powered":1,"LightID":"L013356","Light_Source":"LED","Light_Type":"Cobra","Lighting_Type":"LED-Powered Lamp","Verification_Date":null},"id":"stl-city-public-streetlights:2:120631","sourceLayerId":2,"sourceObjectId":120631,"sourceURL":"https://maps8.stlouis-mo.gov/arcgis/rest/services/STREETS/Streets_Permitting/MapServer/2","title":"Street light L013356"},"type":"Feature"},{"geometry":{"coordinates":[-90.27312973642914,38.61410681553825],"type":"Point"},"id":"stl-city-public-streetlights:2:120632","properties":{"address":null,"attributes":{"Date_Installed":"1/2017","LED_Powered":1,"LightID":"L013357","Light_Source":"LED","Light_Type":"Cobra","Lighting_Type":"LED-Powered Lamp","Verification_Date":null},"id":"stl-city-public-streetlights:2:120632","sourceLayerId":2,"sourceObjectId":120632,"sourceURL":"https://maps8.stlouis-mo.gov/arcgis/rest/services/STREETS/Streets_Permitting/MapServer/2","title":"Street light L013357"},"type":"Feature"},{"geometry":{"coordinates":[-90.27307223913667,38.61442062671312],"type":"Point"},"id":"stl-city-public-streetlights:2:120633","properties":{"address":null,"attributes":{"Date_Installed":"1/2017","LED_Powered":1,"LightID":"L013358","Light_Source":"LED","Light_Type":"Cobra","Lighting_Type":"LED-Powered Lamp","Verification_Date":null},"id":"stl-city-public-streetlights:2:120633","sourceLayerId":2,"sourceObjectId":120633,"sourceURL":"https://maps8.stlouis-mo.gov/arcgis/rest/services/STREETS/Streets_Permitting/MapServer/2","title":"Street light L013358"},"type":"Feature"},{"geometry":{"coordinates":[-90.27300549021824,38.614778039356054],"type":"Point"},"id":"stl-city-public-streetlights:2:120634","properties":{"address":null,"attributes":{"Date_Installed":"1/2017","LED_Powered":1,"LightID":"L013359","Light_Source":"LED","Light_Type":"Cobra","Lighting_Type":"LED-Powered Lamp","Verification_Date":null},"id":"stl-city-public-streetlights:2:120634","sourceLayerId":2,"sourceObjectId":120634,"sourceURL":"https://maps8.stlouis-mo.gov/arcgis/rest/services/STREETS/Streets_Permitting/MapServer/2","title":"Street light L013359"},"type":"Feature"},{"geometry":{"coordinates":[-90.27292755745557,38.61511731597235],"type":"Point"},"id":"stl-city-public-streetlights:2:120635","properties":{"address":null,"attributes":{"Date_Installed":"1/2017","LED_Powered":1,"LightID":"L013360","Light_Source":"LED","Light_Type":"Cobra","Lighting_Type":"LED-Powered Lamp","Verification_Date":null},"id":"stl-city-public-streetlights:2:120635","sourceLayerId":2,"sourceObjectId":120635,"sourceURL":"https://maps8.stlouis-mo.gov/arcgis/rest/services/STREETS/Streets_Permitting/MapServer/2","title":"Street light L013360"},"type":"Feature"},{"geometry":{"coordinates":[-90.2728513635586,38.615482814591196],"type":"Point"},"id":"stl-city-public-streetlights:2:120636","properties":{"address":null,"attributes":{"Date_Installed":"1/2017","LED_Powered":1,"LightID":"L013361","Light_Source":"LED","Light_Type":"Cobra","Lighting_Type":"LED-Powered Lamp","Verification_Date":null},"id":"stl-city-public-streetlights:2:120636","sourceLayerId":2,"sourceObjectId":120636,"sourceURL":"https://maps8.stlouis-mo.gov/arcgis/rest/services/STREETS/Streets_Permitting/MapServer/2","title":"Street light L013361"},"type":"Feature"},{"geometry":{"coordinates":[-90.27278339200346,38.61584165618628],"type":"Point"},"id":"stl-city-public-streetlights:2:120637","properties":{"address":null,"attributes":{"Date_Installed":"1/2017","LED_Powered":1,"LightID":"L013362","Light_Source":"LED","Light_Type":"Cobra","Lighting_Type":"LED-Powered Lamp","Verification_Date":null},"id":"stl-city-public-streetlights:2:120637","sourceLayerId":2,"sourceObjectId":120637,"sourceURL":"https://maps8.stlouis-mo.gov/arcgis/rest/services/STREETS/Streets_Permitting/MapServer/2","title":"Street light L013362"},"type":"Feature"},{"geometry":{"coordinates":[-90.2727098952749,38.61621836341169],"type":"Point"},"id":"stl-city-public-streetlights:2:120638","properties":{"address":null,"attributes":{"Date_Installed":"1/2017","LED_Powered":1,"LightID":"L013363","Light_Source":"LED","Light_Type":"Cobra","Lighting_Type":"LED-Powered Lamp","Verification_Date":null},"id":"stl-city-public-streetlights:2:120638","sourceLayerId":2,"sourceObjectId":120638,"sourceURL":"https://maps8.stlouis-mo.gov/arcgis/rest/services/STREETS/Streets_Permitting/MapServer/2","title":"Street light L013363"},"type":"Feature"},{"geometry":{"coordinates":[-90.27263645269694,38.61657766991919],"type":"Point"},"id":"stl-city-public-streetlights:2:120639","properties":{"address":null,"attributes":{"Date_Installed":"1/2017","LED_Powered":1,"LightID":"L013364","Light_Source":"LED","Light_Type":"Cobra","Lighting_Type":"LED-Powered Lamp","Verification_Date":null},"id":"stl-city-public-streetlights:2:120639","sourceLayerId":2,"sourceObjectId":120639,"sourceURL":"https://maps8.stlouis-mo.gov/arcgis/rest/services/STREETS/Streets_Permitting/MapServer/2","title":"Street light L013364"},"type":"Feature"},{"geometry":{"coordinates":[-90.27236209616017,38.610438215599586],"type":"Point"},"id":"stl-city-public-streetlights:2:120640","properties":{"address":null,"attributes":{"Date_Installed":"9/1/2018","LED_Powered":1,"LightID":"L013365","Light_Source":"LED","Light_Type":"Cobra","Lighting_Type":"LED-Powered Lamp","Verification_Date":null},"id":"stl-city-public-streetlights:2:120640","sourceLayerId":2,"sourceObjectId":120640,"sourceURL":"https://maps8.stlouis-mo.gov/arcgis/rest/services/STREETS/Streets_Permitting/MapServer/2","title":"Street light L013365"},"type":"Feature"},{"geometry":{"coordinates":[-90.27243313086663,38.61007008444478],"type":"Point"},"id":"stl-city-public-streetlights:2:120641","properties":{"address":null,"attributes":{"Date_Installed":"9/1/2018","LED_Powered":1,"LightID":"L013366","Light_Source":"LED","Light_Type":"Cobra","Lighting_Type":"LED-Powered Lamp","Verification_Date":null},"id":"stl-city-public-streetlights:2:120641","sourceLayerId":2,"sourceObjectId":120641,"sourceURL":"https://maps8.stlouis-mo.gov/arcgis/rest/services/STREETS/Streets_Permitting/MapServer/2","title":"Street light L013366"},"type":"Feature"},{"geometry":{"coordinates":[-90.27037013743202,38.61428531049409],"type":"Point"},"id":"stl-city-public-streetlights:2:126101","properties":{"address":null,"attributes":{"Date_Installed":"2/13/2018","LED_Powered":1,"LightID":"L018829","Light_Source":"LED","Light_Type":"Cobra","Lighting_Type":"LED-Powered Lamp","Verification_Date":null},"id":"stl-city-public-streetlights:2:126101","sourceLayerId":2,"sourceObjectId":126101,"sourceURL":"https://maps8.stlouis-mo.gov/arcgis/rest/services/STREETS/Streets_Permitting/MapServer/2","title":"Street light L018829"},"type":"Feature"},{"geometry":{"coordinates":[-90.2707977389654,38.61433572860051],"type":"Point"},"id":"stl-city-public-streetlights:2:126102","properties":{"address":null,"attributes":{"Date_Installed":"2/13/2018","LED_Powered":1,"LightID":"L018830","Light_Source":"LED","Light_Type":"Cobra","Lighting_Type":"LED-Powered Lamp","Verification_Date":null},"id":"stl-city-public-streetlights:2:126102","sourceLayerId":2,"sourceObjectId":126102,"sourceURL":"https://maps8.stlouis-mo.gov/arcgis/rest/services/STREETS/Streets_Permitting/MapServer/2","title":"Street light L018830"},"type":"Feature"},{"geometry":{"coordinates":[-90.27129491130248,38.61438651897537],"type":"Point"},"id":"stl-city-public-streetlights:2:126103","properties":{"address":null,"attributes":{"Date_Installed":"2/13/2018","LED_Powered":1,"LightID":"L018831","Light_Source":"LED","Light_Type":"Cobra","Lighting_Type":"LED-Powered Lamp","Verification_Date":null},"id":"stl-city-public-streetlights:2:126103","sourceLayerId":2,"sourceObjectId":126103,"sourceURL":"https://maps8.stlouis-mo.gov/arcgis/rest/services/STREETS/Streets_Permitting/MapServer/2","title":"Street light L018831"},"type":"Feature"},{"geometry":{"coordinates":[-90.27117025030242,38.61558541214248],"type":"Point"},"id":"stl-city-public-streetlights:2:126312","properties":{"address":null,"attributes":{"Date_Installed":"2/13/2018","LED_Powered":1,"LightID":"L019040","Light_Source":"LED","Light_Type":"Cobra","Lighting_Type":"LED-Powered Lamp","Verification_Date":null},"id":"stl-city-public-streetlights:2:126312","sourceLayerId":2,"sourceObjectId":126312,"sourceURL":"https://maps8.stlouis-mo.gov/arcgis/rest/services/STREETS/Streets_Permitting/MapServer/2","title":"Street light L019040"},"type":"Feature"},{"geometry":{"coordinates":[-90.27164038807162,38.61563781663227],"type":"Point"},"id":"stl-city-public-streetlights:2:126313","properties":{"address":null,"attributes":{"Date_Installed":"2/13/2018","LED_Powered":1,"LightID":"L019041","Light_Source":"LED","Light_Type":"Cobra","Lighting_Type":"LED-Powered Lamp","Verification_Date":null},"id":"stl-city-public-streetlights:2:126313","sourceLayerId":2,"sourceObjectId":126313,"sourceURL":"https://maps8.stlouis-mo.gov/arcgis/rest/services/STREETS/Streets_Permitting/MapServer/2","title":"Street light L019041"},"type":"Feature"},{"geometry":{"coordinates":[-90.27207190883624,38.61568156301073],"type":"Point"},"id":"stl-city-public-streetlights:2:126314","properties":{"address":null,"attributes":{"Date_Installed":"2/13/2018","LED_Powered":1,"LightID":"L019042","Light_Source":"LED","Light_Type":"Cobra","Lighting_Type":"LED-Powered Lamp","Verification_Date":null},"id":"stl-city-public-streetlights:2:126314","sourceLayerId":2,"sourceObjectId":126314,"sourceURL":"https://maps8.stlouis-mo.gov/arcgis/rest/services/STREETS/Streets_Permitting/MapServer/2","title":"Street light L019042"},"type":"Feature"},{"geometry":{"coordinates":[-90.27255602832071,38.61573208386457],"type":"Point"},"id":"stl-city-public-streetlights:2:126315","properties":{"address":null,"attributes":{"Date_Installed":"2/13/2018","LED_Powered":1,"LightID":"L019043","Light_Source":"LED","Light_Type":"Cobra","Lighting_Type":"LED-Powered Lamp","Verification_Date":null},"id":"stl-city-public-streetlights:2:126315","sourceLayerId":2,"sourceObjectId":126315,"sourceURL":"https://maps8.stlouis-mo.gov/arcgis/rest/services/STREETS/Streets_Permitting/MapServer/2","title":"Street light L019043"},"type":"Feature"},{"geometry":{"coordinates":[-90.27004474169976,38.61657502881915],"type":"Point"},"id":"stl-city-public-streetlights:2:126321","properties":{"address":null,"attributes":{"Date_Installed":"2/13/2018","LED_Powered":1,"LightID":"L019049","Light_Source":"LED","Light_Type":"Cobra","Lighting_Type":"LED-Powered Lamp","Verification_Date":null},"id":"stl-city-public-streetlights:2:126321","sourceLayerId":2,"sourceObjectId":126321,"sourceURL":"https://maps8.stlouis-mo.gov/arcgis/rest/services/STREETS/Streets_Permitting/MapServer/2","title":"Street light L019049"},"type":"Feature"},{"geometry":{"coordinates":[-90.27065373248752,38.61664582612125],"type":"Point"},"id":"stl-city-public-streetlights:2:126322","properties":{"address":null,"attributes":{"Date_Installed":"2/13/2018","LED_Powered":1,"LightID":"L019050","Light_Source":"LED","Light_Type":"Cobra","Lighting_Type":"LED-Powered Lamp","Verification_Date":null},"id":"stl-city-public-streetlights:2:126322","sourceLayerId":2,"sourceObjectId":126322,"sourceURL":"https://maps8.stlouis-mo.gov/arcgis/rest/services/STREETS/Streets_Permitting/MapServer/2","title":"Street light L019050"},"type":"Feature"},{"geometry":{"coordinates":[-90.27108745523623,38.616686720108824],"type":"Point"},"id":"stl-city-public-streetlights:2:126323","properties":{"address":null,"attributes":{"Date_Installed":"2/13/2018","LED_Powered":1,"LightID":"L019051","Light_Source":"LED","Light_Type":"Cobra","Lighting_Type":"LED-Powered Lamp","Verification_Date":null},"id":"stl-city-public-streetlights:2:126323","sourceLayerId":2,"sourceObjectId":126323,"sourceURL":"https://maps8.stlouis-mo.gov/arcgis/rest/services/STREETS/Streets_Permitting/MapServer/2","title":"Street light L019051"},"type":"Feature"},{"geometry":{"coordinates":[-90.27152700041201,38.61673119950252],"type":"Point"},"id":"stl-city-public-streetlights:2:126324","properties":{"address":null,"attributes":{"Date_Installed":"2/13/2018","LED_Powered":1,"LightID":"L019052","Light_Source":"LED","Light_Type":"Cobra","Lighting_Type":"LED-Powered Lamp","Verification_Date":null},"id":"stl-city-public-streetlights:2:126324","sourceLayerId":2,"sourceObjectId":126324,"sourceURL":"https://maps8.stlouis-mo.gov/arcgis/rest/services/STREETS/Streets_Permitting/MapServer/2","title":"Street light L019052"},"type":"Feature"},{"geometry":{"coordinates":[-90.27196945030947,38.616779257649966],"type":"Point"},"id":"stl-city-public-streetlights:2:126325","properties":{"address":null,"attributes":{"Date_Installed":"2/13/2018","LED_Powered":1,"LightID":"L019053","Light_Source":"LED","Light_Type":"Cobra","Lighting_Type":"LED-Powered Lamp","Verification_Date":null},"id":"stl-city-public-streetlights:2:126325","sourceLayerId":2,"sourceObjectId":126325,"sourceURL":"https://maps8.stlouis-mo.gov/arcgis/rest/services/STREETS/Streets_Permitting/MapServer/2","title":"Street light L019053"},"type":"Feature"},{"geometry":{"coordinates":[-90.27242867412934,38.61682687107655],"type":"Point"},"id":"stl-city-public-streetlights:2:126326","properties":{"address":null,"attributes":{"Date_Installed":"2/13/2018","LED_Powered":1,"LightID":"L019054","Light_Source":"LED","Light_Type":"Cobra","Lighting_Type":"LED-Powered Lamp","Verification_Date":null},"id":"stl-city-public-streetlights:2:126326","sourceLayerId":2,"sourceObjectId":126326,"sourceURL":"https://maps8.stlouis-mo.gov/arcgis/rest/services/STREETS/Streets_Permitting/MapServer/2","title":"Street light L019054"},"type":"Feature"},{"geometry":{"coordinates":[-90.27286675442573,38.616873964188535],"type":"Point"},"id":"stl-city-public-streetlights:2:126327","properties":{"address":null,"attributes":{"Date_Installed":"2/13/2018","LED_Powered":1,"LightID":"L019055","Light_Source":"LED","Light_Type":"Cobra","Lighting_Type":"LED-Powered Lamp","Verification_Date":null},"id":"stl-city-public-streetlights:2:126327","sourceLayerId":2,"sourceObjectId":126327,"sourceURL":"https://maps8.stlouis-mo.gov/arcgis/rest/services/STREETS/Streets_Permitting/MapServer/2","title":"Street light L019055"},"type":"Feature"},{"geometry":{"coordinates":[-90.2732982782559,38.61691932765784],"type":"Point"},"id":"stl-city-public-streetlights:2:126328","properties":{"address":null,"attributes":{"Date_Installed":"2/13/2018","LED_Powered":1,"LightID":"L019056","Light_Source":"LED","Light_Type":"Cobra","Lighting_Type":"LED-Powered Lamp","Verification_Date":null},"id":"stl-city-public-streetlights:2:126328","sourceLayerId":2,"sourceObjectId":126328,"sourceURL":"https://maps8.stlouis-mo.gov/arcgis/rest/services/STREETS/Streets_Permitting/MapServer/2","title":"Street light L019056"},"type":"Feature"},{"geometry":{"coordinates":[-90.27373454281344,38.616964315823495],"type":"Point"},"id":"stl-city-public-streetlights:2:126329","properties":{"address":null,"attributes":{"Date_Installed":"2/13/2018","LED_Powered":1,"LightID":"L019057","Light_Source":"LED","Light_Type":"Cobra","Lighting_Type":"LED-Powered Lamp","Verification_Date":null},"id":"stl-city-public-streetlights:2:126329","sourceLayerId":2,"sourceObjectId":126329,"sourceURL":"https://maps8.stlouis-mo.gov/arcgis/rest/services/STREETS/Streets_Permitting/MapServer/2","title":"Street light L019057"},"type":"Feature"},{"geometry":{"coordinates":[-90.27416096870046,38.61700804464634],"type":"Point"},"id":"stl-city-public-streetlights:2:126330","properties":{"address":null,"attributes":{"Date_Installed":"2/13/2018","LED_Powered":1,"LightID":"L019058","Light_Source":"LED","Light_Type":"Cobra","Lighting_Type":"LED-Powered Lamp","Verification_Date":null},"id":"stl-city-public-streetlights:2:126330","sourceLayerId":2,"sourceObjectId":126330,"sourceURL":"https://maps8.stlouis-mo.gov/arcgis/rest/services/STREETS/Streets_Permitting/MapServer/2","title":"Street light L019058"},"type":"Feature"},{"geometry":{"coordinates":[-90.27460767262758,38.6170573406589],"type":"Point"},"id":"stl-city-public-streetlights:2:126331","properties":{"address":null,"attributes":{"Date_Installed":"2/13/2018","LED_Powered":1,"LightID":"L019059","Light_Source":"LED","Light_Type":"Cobra","Lighting_Type":"LED-Powered Lamp","Verification_Date":null},"id":"stl-city-public-streetlights:2:126331","sourceLayerId":2,"sourceObjectId":126331,"sourceURL":"https://maps8.stlouis-mo.gov/arcgis/rest/services/STREETS/Streets_Permitting/MapServer/2","title":"Street light L019059"},"type":"Feature"},{"geometry":{"coordinates":[-90.27506799686732,38.61710376657945],"type":"Point"},"id":"stl-city-public-streetlights:2:126332","properties":{"address":null,"attributes":{"Date_Installed":"2/13/2018","LED_Powered":1,"LightID":"L019060","Light_Source":"LED","Light_Type":"Cobra","Lighting_Type":"LED-Powered Lamp","Verification_Date":null},"id":"stl-city-public-streetlights:2:126332","sourceLayerId":2,"sourceObjectId":126332,"sourceURL":"https://maps8.stlouis-mo.gov/arcgis/rest/services/STREETS/Streets_Permitting/MapServer/2","title":"Street light L019060"},"type":"Feature"},{"geometry":{"coordinates":[-90.27551750843818,38.61714938166504],"type":"Point"},"id":"stl-city-public-streetlights:2:126333","properties":{"address":null,"attributes":{"Date_Installed":"2/13/2018","LED_Powered":1,"LightID":"L019061","Light_Source":"LED","Light_Type":"Cobra","Lighting_Type":"LED-Powered Lamp","Verification_Date":null},"id":"stl-city-public-streetlights:2:126333","sourceLayerId":2,"sourceObjectId":126333,"sourceURL":"https://maps8.stlouis-mo.gov/arcgis/rest/services/STREETS/Streets_Permitting/MapServer/2","title":"Street light L019061"},"type":"Feature"},{"geometry":{"coordinates":[-90.27595036023513,38.6171985982301],"type":"Point"},"id":"stl-city-public-streetlights:2:126334","properties":{"address":null,"attributes":{"Date_Installed":"2/13/2018","LED_Powered":1,"LightID":"L019062","Light_Source":"LED","Light_Type":"Cobra","Lighting_Type":"LED-Powered Lamp","Verification_Date":null},"id":"stl-city-public-streetlights:2:126334","sourceLayerId":2,"sourceObjectId":126334,"sourceURL":"https://maps8.stlouis-mo.gov/arcgis/rest/services/STREETS/Streets_Permitting/MapServer/2","title":"Street light L019062"},"type":"Feature"},{"geometry":{"coordinates":[-90.27642896165821,38.61724974834603],"type":"Point"},"id":"stl-city-public-streetlights:2:126335","properties":{"address":null,"attributes":{"Date_Installed":"2/13/2018","LED_Powered":1,"LightID":"L019063","Light_Source":"LED","Light_Type":"Cobra","Lighting_Type":"LED-Powered Lamp","Verification_Date":null},"id":"stl-city-public-streetlights:2:126335","sourceLayerId":2,"sourceObjectId":126335,"sourceURL":"https://maps8.stlouis-mo.gov/arcgis/rest/services/STREETS/Streets_Permitting/MapServer/2","title":"Street light L019063"},"type":"Feature"},{"geometry":{"coordinates":[-90.27688743776599,38.617295268991995],"type":"Point"},"id":"stl-city-public-streetlights:2:126336","properties":{"address":null,"attributes":{"Date_Installed":"2/13/2018","LED_Powered":1,"LightID":"L019064","Light_Source":"LED","Light_Type":"Cobra","Lighting_Type":"LED-Powered Lamp","Verification_Date":null},"id":"stl-city-public-streetlights:2:126336","sourceLayerId":2,"sourceObjectId":126336,"sourceURL":"https://maps8.stlouis-mo.gov/arcgis/rest/services/STREETS/Streets_Permitting/MapServer/2","title":"Street light L019064"},"type":"Feature"},{"geometry":{"coordinates":[-90.27641160631961,38.61829764569919],"type":"Point"},"id":"stl-city-public-streetlights:2:126337","properties":{"address":null,"attributes":{"Date_Installed":"10/1/2016","LED_Powered":1,"LightID":"L019065","Light_Source":"LED","Light_Type":"Cobra","Lighting_Type":"LED-Powered Lamp","Verification_Date":null},"id":"stl-city-public-streetlights:2:126337","sourceLayerId":2,"sourceObjectId":126337,"sourceURL":"https://maps8.stlouis-mo.gov/arcgis/rest/services/STREETS/Streets_Permitting/MapServer/2","title":"Street light L019065"},"type":"Feature"},{"geometry":{"coordinates":[-90.27587307491065,38.618244486161004],"type":"Point"},"id":"stl-city-public-streetlights:2:126338","properties":{"address":null,"attributes":{"Date_Installed":"10/1/2016","LED_Powered":1,"LightID":"L019066","Light_Source":"LED","Light_Type":"Cobra","Lighting_Type":"LED-Powered Lamp","Verification_Date":null},"id":"stl-city-public-streetlights:2:126338","sourceLayerId":2,"sourceObjectId":126338,"sourceURL":"https://maps8.stlouis-mo.gov/arcgis/rest/services/STREETS/Streets_Permitting/MapServer/2","title":"Street light L019066"},"type":"Feature"},{"geometry":{"coordinates":[-90.27532599995773,38.61818830326264],"type":"Point"},"id":"stl-city-public-streetlights:2:126339","properties":{"address":null,"attributes":{"Date_Installed":"10/1/2016","LED_Powered":1,"LightID":"L019067","Light_Source":"LED","Light_Type":"Cobra","Lighting_Type":"LED-Powered Lamp","Verification_Date":null},"id":"stl-city-public-streetlights:2:126339","sourceLayerId":2,"sourceObjectId":126339,"sourceURL":"https://maps8.stlouis-mo.gov/arcgis/rest/services/STREETS/Streets_Permitting/MapServer/2","title":"Street light L019067"},"type":"Feature"},{"geometry":{"coordinates":[-90.27476958715478,38.61812645123444],"type":"Point"},"id":"stl-city-public-streetlights:2:126340","properties":{"address":null,"attributes":{"Date_Installed":"10/1/2016","LED_Powered":1,"LightID":"L019068","Light_Source":"LED","Light_Type":"Cobra","Lighting_Type":"LED-Powered Lamp","Verification_Date":null},"id":"stl-city-public-streetlights:2:126340","sourceLayerId":2,"sourceObjectId":126340,"sourceURL":"https://maps8.stlouis-mo.gov/arcgis/rest/services/STREETS/Streets_Permitting/MapServer/2","title":"Street light L019068"},"type":"Feature"},{"geometry":{"coordinates":[-90.27420708614358,38.61806816045711],"type":"Point"},"id":"stl-city-public-streetlights:2:126341","properties":{"address":null,"attributes":{"Date_Installed":"10/1/2016","LED_Powered":1,"LightID":"L019069","Light_Source":"LED","Light_Type":"Cobra","Lighting_Type":"LED-Powered Lamp","Verification_Date":null},"id":"stl-city-public-streetlights:2:126341","sourceLayerId":2,"sourceObjectId":126341,"sourceURL":"https://maps8.stlouis-mo.gov/arcgis/rest/services/STREETS/Streets_Permitting/MapServer/2","title":"Street light L019069"},"type":"Feature"},{"geometry":{"coordinates":[-90.27369076471717,38.618011148180415],"type":"Point"},"id":"stl-city-public-streetlights:2:126342","properties":{"address":null,"attributes":{"Date_Installed":"10/1/2016","LED_Powered":1,"LightID":"L019070","Light_Source":"LED","Light_Type":"Cobra","Lighting_Type":"LED-Powered Lamp","Verification_Date":null},"id":"stl-city-public-streetlights:2:126342","sourceLayerId":2,"sourceObjectId":126342,"sourceURL":"https://maps8.stlouis-mo.gov/arcgis/rest/services/STREETS/Streets_Permitting/MapServer/2","title":"Street light L019070"},"type":"Feature"},{"geometry":{"coordinates":[-90.27311080053177,38.61795150755855],"type":"Point"},"id":"stl-city-public-streetlights:2:126343","properties":{"address":null,"attributes":{"Date_Installed":"10/1/2016","LED_Powered":1,"LightID":"L019071","Light_Source":"LED","Light_Type":"Cobra","Lighting_Type":"LED-Powered Lamp","Verification_Date":null},"id":"stl-city-public-streetlights:2:126343","sourceLayerId":2,"sourceObjectId":126343,"sourceURL":"https://maps8.stlouis-mo.gov/arcgis/rest/services/STREETS/Streets_Permitting/MapServer/2","title":"Street light L019071"},"type":"Feature"},{"geometry":{"coordinates":[-90.27255239609514,38.61789571855107],"type":"Point"},"id":"stl-city-public-streetlights:2:126344","properties":{"address":null,"attributes":{"Date_Installed":"10/1/2016","LED_Powered":1,"LightID":"L019072","Light_Source":"LED","Light_Type":"Cobra","Lighting_Type":"LED-Powered Lamp","Verification_Date":null},"id":"stl-city-public-streetlights:2:126344","sourceLayerId":2,"sourceObjectId":126344,"sourceURL":"https://maps8.stlouis-mo.gov/arcgis/rest/services/STREETS/Streets_Permitting/MapServer/2","title":"Street light L019072"},"type":"Feature"},{"geometry":{"coordinates":[-90.27201693851497,38.617837947283505],"type":"Point"},"id":"stl-city-public-streetlights:2:126345","properties":{"address":null,"attributes":{"Date_Installed":null,"LED_Powered":0,"LightID":"L019073","Light_Source":"LED","Light_Type":"Cobra","Lighting_Type":"LED-Powered Lamp","Verification_Date":null},"id":"stl-city-public-streetlights:2:126345","sourceLayerId":2,"sourceObjectId":126345,"sourceURL":"https://maps8.stlouis-mo.gov/arcgis/rest/services/STREETS/Streets_Permitting/MapServer/2","title":"Street light L019073"},"type":"Feature"},{"geometry":{"coordinates":[-90.27149757985659,38.617781633821245],"type":"Point"},"id":"stl-city-public-streetlights:2:126346","properties":{"address":null,"attributes":{"Date_Installed":null,"LED_Powered":0,"LightID":"L019074","Light_Source":"LED","Light_Type":"Cobra","Lighting_Type":"LED-Powered Lamp","Verification_Date":null},"id":"stl-city-public-streetlights:2:126346","sourceLayerId":2,"sourceObjectId":126346,"sourceURL":"https://maps8.stlouis-mo.gov/arcgis/rest/services/STREETS/Streets_Permitting/MapServer/2","title":"Street light L019074"},"type":"Feature"},{"geometry":{"coordinates":[-90.27094327632669,38.61772691900851],"type":"Point"},"id":"stl-city-public-streetlights:2:126347","properties":{"address":null,"attributes":{"Date_Installed":null,"LED_Powered":0,"LightID":"L019075","Light_Source":"LED","Light_Type":"Cobra","Lighting_Type":"LED-Powered Lamp","Verification_Date":null},"id":"stl-city-public-streetlights:2:126347","sourceLayerId":2,"sourceObjectId":126347,"sourceURL":"https://maps8.stlouis-mo.gov/arcgis/rest/services/STREETS/Streets_Permitting/MapServer/2","title":"Street light L019075"},"type":"Feature"},{"geometry":{"coordinates":[-90.27041237549335,38.61766986282657],"type":"Point"},"id":"stl-city-public-streetlights:2:126348","properties":{"address":null,"attributes":{"Date_Installed":null,"LED_Powered":0,"LightID":"L019076","Light_Source":"LED","Light_Type":"Cobra","Lighting_Type":"LED-Powered Lamp","Verification_Date":null},"id":"stl-city-public-streetlights:2:126348","sourceLayerId":2,"sourceObjectId":126348,"sourceURL":"https://maps8.stlouis-mo.gov/arcgis/rest/services/STREETS/Streets_Permitting/MapServer/2","title":"Street light L019076"},"type":"Feature"},{"geometry":{"coordinates":[-90.2701435581989,38.61885380112964],"type":"Point"},"id":"stl-city-public-streetlights:2:126357","properties":{"address":null,"attributes":{"Date_Installed":null,"LED_Powered":0,"LightID":"L019085","Light_Source":"LED","Light_Type":"Cobra","Lighting_Type":"LED-Powered Lamp","Verification_Date":null},"id":"stl-city-public-streetlights:2:126357","sourceLayerId":2,"sourceObjectId":126357,"sourceURL":"https://maps8.stlouis-mo.gov/arcgis/rest/services/STREETS/Streets_Permitting/MapServer/2","title":"Street light L019085"},"type":"Feature"},{"geometry":{"coordinates":[-90.27056309244001,38.61889872140336],"type":"Point"},"id":"stl-city-public-streetlights:2:126358","properties":{"address":null,"attributes":{"Date_Installed":null,"LED_Powered":0,"LightID":"L019086","Light_Source":"LED","Light_Type":"Cobra","Lighting_Type":"LED-Powered Lamp","Verification_Date":null},"id":"stl-city-public-streetlights:2:126358","sourceLayerId":2,"sourceObjectId":126358,"sourceURL":"https://maps8.stlouis-mo.gov/arcgis/rest/services/STREETS/Streets_Permitting/MapServer/2","title":"Street light L019086"},"type":"Feature"},{"geometry":{"coordinates":[-90.27100379731722,38.618945207719],"type":"Point"},"id":"stl-city-public-streetlights:2:126359","properties":{"address":null,"attributes":{"Date_Installed":null,"LED_Powered":0,"LightID":"L019087","Light_Source":"LED","Light_Type":"Cobra","Lighting_Type":"LED-Powered Lamp","Verification_Date":null},"id":"stl-city-public-streetlights:2:126359","sourceLayerId":2,"sourceObjectId":126359,"sourceURL":"https://maps8.stlouis-mo.gov/arcgis/rest/services/STREETS/Streets_Permitting/MapServer/2","title":"Street light L019087"},"type":"Feature"},{"geometry":{"coordinates":[-90.27145037352567,38.61899008133522],"type":"Point"},"id":"stl-city-public-streetlights:2:126360","properties":{"address":null,"attributes":{"Date_Installed":null,"LED_Powered":0,"LightID":"L019088","Light_Source":"LED","Light_Type":"Cobra","Lighting_Type":"LED-Powered Lamp","Verification_Date":null},"id":"stl-city-public-streetlights:2:126360","sourceLayerId":2,"sourceObjectId":126360,"sourceURL":"https://maps8.stlouis-mo.gov/arcgis/rest/services/STREETS/Streets_Permitting/MapServer/2","title":"Street light L019088"},"type":"Feature"},{"geometry":{"coordinates":[-90.27190532972548,38.61903673533287],"type":"Point"},"id":"stl-city-public-streetlights:2:126361","properties":{"address":null,"attributes":{"Date_Installed":null,"LED_Powered":0,"LightID":"L019089","Light_Source":"LED","Light_Type":"Cobra","Lighting_Type":"LED-Powered Lamp","Verification_Date":null},"id":"stl-city-public-streetlights:2:126361","sourceLayerId":2,"sourceObjectId":126361,"sourceURL":"https://maps8.stlouis-mo.gov/arcgis/rest/services/STREETS/Streets_Permitting/MapServer/2","title":"Street light L019089"},"type":"Feature"},{"geometry":{"coordinates":[-90.27234699926821,38.61908337973058],"type":"Point"},"id":"stl-city-public-streetlights:2:126362","properties":{"address":null,"attributes":{"Date_Installed":null,"LED_Powered":0,"LightID":"L019090","Light_Source":"LED","Light_Type":"Cobra","Lighting_Type":"LED-Powered Lamp","Verification_Date":null},"id":"stl-city-public-streetlights:2:126362","sourceLayerId":2,"sourceObjectId":126362,"sourceURL":"https://maps8.stlouis-mo.gov/arcgis/rest/services/STREETS/Streets_Permitting/MapServer/2","title":"Street light L019090"},"type":"Feature"},{"geometry":{"coordinates":[-90.27284358714329,38.61913797676493],"type":"Point"},"id":"stl-city-public-streetlights:2:126363","properties":{"address":null,"attributes":{"Date_Installed":null,"LED_Powered":0,"LightID":"L019091","Light_Source":"LED","Light_Type":"Cobra","Lighting_Type":"LED-Powered Lamp","Verification_Date":null},"id":"stl-city-public-streetlights:2:126363","sourceLayerId":2,"sourceObjectId":126363,"sourceURL":"https://maps8.stlouis-mo.gov/arcgis/rest/services/STREETS/Streets_Permitting/MapServer/2","title":"Street light L019091"},"type":"Feature"},{"geometry":{"coordinates":[-90.27327818464396,38.61917938054268],"type":"Point"},"id":"stl-city-public-streetlights:2:126364","properties":{"address":null,"attributes":{"Date_Installed":null,"LED_Powered":0,"LightID":"L019092","Light_Source":"LED","Light_Type":"Cobra","Lighting_Type":"LED-Powered Lamp","Verification_Date":null},"id":"stl-city-public-streetlights:2:126364","sourceLayerId":2,"sourceObjectId":126364,"sourceURL":"https://maps8.stlouis-mo.gov/arcgis/rest/services/STREETS/Streets_Permitting/MapServer/2","title":"Street light L019092"},"type":"Feature"},{"geometry":{"coordinates":[-90.27374349258092,38.6192298609306],"type":"Point"},"id":"stl-city-public-streetlights:2:126365","properties":{"address":null,"attributes":{"Date_Installed":null,"LED_Powered":0,"LightID":"L019093","Light_Source":"LED","Light_Type":"Cobra","Lighting_Type":"LED-Powered Lamp","Verification_Date":null},"id":"stl-city-public-streetlights:2:126365","sourceLayerId":2,"sourceObjectId":126365,"sourceURL":"https://maps8.stlouis-mo.gov/arcgis/rest/services/STREETS/Streets_Permitting/MapServer/2","title":"Street light L019093"},"type":"Feature"},{"geometry":{"coordinates":[-90.27419555597709,38.61927935986501],"type":"Point"},"id":"stl-city-public-streetlights:2:126366","properties":{"address":null,"attributes":{"Date_Installed":null,"LED_Powered":0,"LightID":"L019094","Light_Source":"LED","Light_Type":"Cobra","Lighting_Type":"LED-Powered Lamp","Verification_Date":null},"id":"stl-city-public-streetlights:2:126366","sourceLayerId":2,"sourceObjectId":126366,"sourceURL":"https://maps8.stlouis-mo.gov/arcgis/rest/services/STREETS/Streets_Permitting/MapServer/2","title":"Street light L019094"},"type":"Feature"},{"geometry":{"coordinates":[-90.27465273737965,38.619325053430586],"type":"Point"},"id":"stl-city-public-streetlights:2:126367","properties":{"address":null,"attributes":{"Date_Installed":null,"LED_Powered":0,"LightID":"L019095","Light_Source":"LED","Light_Type":"Cobra","Lighting_Type":"LED-Powered Lamp","Verification_Date":null},"id":"stl-city-public-streetlights:2:126367","sourceLayerId":2,"sourceObjectId":126367,"sourceURL":"https://maps8.stlouis-mo.gov/arcgis/rest/services/STREETS/Streets_Permitting/MapServer/2","title":"Street light L019095"},"type":"Feature"},{"geometry":{"coordinates":[-90.27511572457246,38.61937981394453],"type":"Point"},"id":"stl-city-public-streetlights:2:126368","properties":{"address":null,"attributes":{"Date_Installed":null,"LED_Powered":0,"LightID":"L019096","Light_Source":"LED","Light_Type":"Cobra","Lighting_Type":"LED-Powered Lamp","Verification_Date":null},"id":"stl-city-public-streetlights:2:126368","sourceLayerId":2,"sourceObjectId":126368,"sourceURL":"https://maps8.stlouis-mo.gov/arcgis/rest/services/STREETS/Streets_Permitting/MapServer/2","title":"Street light L019096"},"type":"Feature"},{"geometry":{"coordinates":[-90.2755540214627,38.61942117584035],"type":"Point"},"id":"stl-city-public-streetlights:2:126369","properties":{"address":null,"attributes":{"Date_Installed":null,"LED_Powered":0,"LightID":"L019097","Light_Source":"LED","Light_Type":"Cobra","Lighting_Type":"LED-Powered Lamp","Verification_Date":null},"id":"stl-city-public-streetlights:2:126369","sourceLayerId":2,"sourceObjectId":126369,"sourceURL":"https://maps8.stlouis-mo.gov/arcgis/rest/services/STREETS/Streets_Permitting/MapServer/2","title":"Street light L019097"},"type":"Feature"},{"geometry":{"coordinates":[-90.27597478185287,38.61946464934889],"type":"Point"},"id":"stl-city-public-streetlights:2:126370","properties":{"address":null,"attributes":{"Date_Installed":null,"LED_Powered":0,"LightID":"L019098","Light_Source":"LED","Light_Type":"Cobra","Lighting_Type":"LED-Powered Lamp","Verification_Date":null},"id":"stl-city-public-streetlights:2:126370","sourceLayerId":2,"sourceObjectId":126370,"sourceURL":"https://maps8.stlouis-mo.gov/arcgis/rest/services/STREETS/Streets_Permitting/MapServer/2","title":"Street light L019098"},"type":"Feature"},{"geometry":{"coordinates":[-90.27640405722991,38.619513063697894],"type":"Point"},"id":"stl-city-public-streetlights:2:126371","properties":{"address":null,"attributes":{"Date_Installed":null,"LED_Powered":0,"LightID":"L019099","Light_Source":"LED","Light_Type":"Cobra","Lighting_Type":"LED-Powered Lamp","Verification_Date":null},"id":"stl-city-public-streetlights:2:126371","sourceLayerId":2,"sourceObjectId":126371,"sourceURL":"https://maps8.stlouis-mo.gov/arcgis/rest/services/STREETS/Streets_Permitting/MapServer/2","title":"Street light L019099"},"type":"Feature"},{"geometry":{"coordinates":[-90.27648632215818,38.61977925270063],"type":"Point"},"id":"stl-city-public-streetlights:2:126372","properties":{"address":null,"attributes":{"Date_Installed":null,"LED_Powered":0,"LightID":"L019100","Light_Source":"LED","Light_Type":"Cobra","Lighting_Type":"LED-Powered Lamp","Verification_Date":null},"id":"stl-city-public-streetlights:2:126372","sourceLayerId":2,"sourceObjectId":126372,"sourceURL":"https://maps8.stlouis-mo.gov/arcgis/rest/services/STREETS/Streets_Permitting/MapServer/2","title":"Street light L019100"},"type":"Feature"},{"geometry":{"coordinates":[-90.27138110384759,38.619965471395616],"type":"Point"},"id":"stl-city-public-streetlights:2:126382","properties":{"address":null,"attributes":{"Date_Installed":null,"LED_Powered":0,"LightID":"L019110","Light_Source":"LED","Light_Type":"Cobra","Lighting_Type":"LED-Powered Lamp","Verification_Date":null},"id":"stl-city-public-streetlights:2:126382","sourceLayerId":2,"sourceObjectId":126382,"sourceURL":"https://maps8.stlouis-mo.gov/arcgis/rest/services/STREETS/Streets_Permitting/MapServer/2","title":"Street light L019110"},"type":"Feature"},{"geometry":{"coordinates":[-90.27096201854309,38.619901485739504],"type":"Point"},"id":"stl-city-public-streetlights:2:126383","properties":{"address":null,"attributes":{"Date_Installed":null,"LED_Powered":0,"LightID":"L019111","Light_Source":"LED","Light_Type":"Cobra","Lighting_Type":"LED-Powered Lamp","Verification_Date":null},"id":"stl-city-public-streetlights:2:126383","sourceLayerId":2,"sourceObjectId":126383,"sourceURL":"https://maps8.stlouis-mo.gov/arcgis/rest/services/STREETS/Streets_Permitting/MapServer/2","title":"Street light L019111"},"type":"Feature"},{"geometry":{"coordinates":[-90.27054234740837,38.619830942538705],"type":"Point"},"id":"stl-city-public-streetlights:2:126384","properties":{"address":null,"attributes":{"Date_Installed":null,"LED_Powered":0,"LightID":"L019112","Light_Source":"LED","Light_Type":"Cobra","Lighting_Type":"LED-Powered Lamp","Verification_Date":null},"id":"stl-city-public-streetlights:2:126384","sourceLayerId":2,"sourceObjectId":126384,"sourceURL":"https://maps8.stlouis-mo.gov/arcgis/rest/services/STREETS/Streets_Permitting/MapServer/2","title":"Street light L019112"},"type":"Feature"},{"geometry":{"coordinates":[-90.27011871087603,38.61976575395734],"type":"Point"},"id":"stl-city-public-streetlights:2:126385","properties":{"address":null,"attributes":{"Date_Installed":null,"LED_Powered":0,"LightID":"L019113","Light_Source":"LED","Light_Type":"Cobra","Lighting_Type":"LED-Powered Lamp","Verification_Date":null},"id":"stl-city-public-streetlights:2:126385","sourceLayerId":2,"sourceObjectId":126385,"sourceURL":"https://maps8.stlouis-mo.gov/arcgis/rest/services/STREETS/Streets_Permitting/MapServer/2","title":"Street light L019113"},"type":"Feature"},{"geometry":{"coordinates":[-90.27005078504945,38.61053436520554],"type":"Point"},"id":"stl-city-public-streetlights:2:127850","properties":{"address":null,"attributes":{"Date_Installed":"2/14/2018","LED_Powered":1,"LightID":"L020566","Light_Source":"LED","Light_Type":"Cobra","Lighting_Type":"LED-Powered Lamp","Verification_Date":null},"id":"stl-city-public-streetlights:2:127850","sourceLayerId":2,"sourceObjectId":127850,"sourceURL":"https://maps8.stlouis-mo.gov/arcgis/rest/services/STREETS/Streets_Permitting/MapServer/2","title":"Street light L020566"},"type":"Feature"},{"geometry":{"coordinates":[-90.27047154377738,38.61058012245087],"type":"Point"},"id":"stl-city-public-streetlights:2:127851","properties":{"address":null,"attributes":{"Date_Installed":"2/14/2018","LED_Powered":1,"LightID":"L020567","Light_Source":"LED","Light_Type":"Cobra","Lighting_Type":"LED-Powered Lamp","Verification_Date":null},"id":"stl-city-public-streetlights:2:127851","sourceLayerId":2,"sourceObjectId":127851,"sourceURL":"https://maps8.stlouis-mo.gov/arcgis/rest/services/STREETS/Streets_Permitting/MapServer/2","title":"Street light L020567"},"type":"Feature"},{"geometry":{"coordinates":[-90.27087169146344,38.61062095137877],"type":"Point"},"id":"stl-city-public-streetlights:2:127852","properties":{"address":null,"attributes":{"Date_Installed":"2/14/2018","LED_Powered":1,"LightID":"L020568","Light_Source":"LED","Light_Type":"Cobra","Lighting_Type":"LED-Powered Lamp","Verification_Date":null},"id":"stl-city-public-streetlights:2:127852","sourceLayerId":2,"sourceObjectId":127852,"sourceURL":"https://maps8.stlouis-mo.gov/arcgis/rest/services/STREETS/Streets_Permitting/MapServer/2","title":"Street light L020568"},"type":"Feature"},{"geometry":{"coordinates":[-90.27134472700061,38.61066859520677],"type":"Point"},"id":"stl-city-public-streetlights:2:127853","properties":{"address":null,"attributes":{"Date_Installed":"2/14/2018","LED_Powered":1,"LightID":"L020569","Light_Source":"LED","Light_Type":"Cobra","Lighting_Type":"LED-Powered Lamp","Verification_Date":null},"id":"stl-city-public-streetlights:2:127853","sourceLayerId":2,"sourceObjectId":127853,"sourceURL":"https://maps8.stlouis-mo.gov/arcgis/rest/services/STREETS/Streets_Permitting/MapServer/2","title":"Street light L020569"},"type":"Feature"},{"geometry":{"coordinates":[-90.27171888668948,38.61070460382437],"type":"Point"},"id":"stl-city-public-streetlights:2:127854","properties":{"address":null,"attributes":{"Date_Installed":"2/14/2018","LED_Powered":1,"LightID":"L020570","Light_Source":"LED","Light_Type":"Cobra","Lighting_Type":"LED-Powered Lamp","Verification_Date":null},"id":"stl-city-public-streetlights:2:127854","sourceLayerId":2,"sourceObjectId":127854,"sourceURL":"https://maps8.stlouis-mo.gov/arcgis/rest/services/STREETS/Streets_Permitting/MapServer/2","title":"Street light L020570"},"type":"Feature"},{"geometry":{"coordinates":[-90.27213340871934,38.61074402585918],"type":"Point"},"id":"stl-city-public-streetlights:2:127855","properties":{"address":null,"attributes":{"Date_Installed":"2/14/2018","LED_Powered":1,"LightID":"L020571","Light_Source":"LED","Light_Type":"Cobra","Lighting_Type":"LED-Powered Lamp","Verification_Date":null},"id":"stl-city-public-streetlights:2:127855","sourceLayerId":2,"sourceObjectId":127855,"sourceURL":"https://maps8.stlouis-mo.gov/arcgis/rest/services/STREETS/Streets_Permitting/MapServer/2","title":"Street light L020571"},"type":"Feature"},{"geometry":{"coordinates":[-90.27259168564133,38.61078774314428],"type":"Point"},"id":"stl-city-public-streetlights:2:127856","properties":{"address":null,"attributes":{"Date_Installed":"2/14/2018","LED_Powered":1,"LightID":"L020572","Light_Source":"LED","Light_Type":"Cobra","Lighting_Type":"LED-Powered Lamp","Verification_Date":null},"id":"stl-city-public-streetlights:2:127856","sourceLayerId":2,"sourceObjectId":127856,"sourceURL":"https://maps8.stlouis-mo.gov/arcgis/rest/services/STREETS/Streets_Permitting/MapServer/2","title":"Street light L020572"},"type":"Feature"},{"geometry":{"coordinates":[-90.27305318332004,38.61083416666267],"type":"Point"},"id":"stl-city-public-streetlights:2:127857","properties":{"address":null,"attributes":{"Date_Installed":"2/14/2018","LED_Powered":1,"LightID":"L020573","Light_Source":"LED","Light_Type":"Cobra","Lighting_Type":"LED-Powered Lamp","Verification_Date":null},"id":"stl-city-public-streetlights:2:127857","sourceLayerId":2,"sourceObjectId":127857,"sourceURL":"https://maps8.stlouis-mo.gov/arcgis/rest/services/STREETS/Streets_Permitting/MapServer/2","title":"Street light L020573"},"type":"Feature"},{"geometry":{"coordinates":[-90.27358264160483,38.61089025403786],"type":"Point"},"id":"stl-city-public-streetlights:2:127858","properties":{"address":null,"attributes":{"Date_Installed":"2/14/2018","LED_Powered":1,"LightID":"L020574","Light_Source":"LED","Light_Type":"Cobra","Lighting_Type":"LED-Powered Lamp","Verification_Date":null},"id":"stl-city-public-streetlights:2:127858","sourceLayerId":2,"sourceObjectId":127858,"sourceURL":"https://maps8.stlouis-mo.gov/arcgis/rest/services/STREETS/Streets_Permitting/MapServer/2","title":"Street light L020574"},"type":"Feature"},{"geometry":{"coordinates":[-90.27012155347954,38.61150956345498],"type":"Point"},"id":"stl-city-public-streetlights:2:127863","properties":{"address":null,"attributes":{"Date_Installed":"2/14/2018","LED_Powered":1,"LightID":"L020579","Light_Source":"LED","Light_Type":"Cobra","Lighting_Type":"LED-Powered Lamp","Verification_Date":null},"id":"stl-city-public-streetlights:2:127863","sourceLayerId":2,"sourceObjectId":127863,"sourceURL":"https://maps8.stlouis-mo.gov/arcgis/rest/services/STREETS/Streets_Permitting/MapServer/2","title":"Street light L020579"},"type":"Feature"},{"geometry":{"coordinates":[-90.27061308768369,38.61155998799793],"type":"Point"},"id":"stl-city-public-streetlights:2:127864","properties":{"address":null,"attributes":{"Date_Installed":"2/14/2018","LED_Powered":1,"LightID":"L020580","Light_Source":"LED","Light_Type":"Cobra","Lighting_Type":"LED-Powered Lamp","Verification_Date":null},"id":"stl-city-public-streetlights:2:127864","sourceLayerId":2,"sourceObjectId":127864,"sourceURL":"https://maps8.stlouis-mo.gov/arcgis/rest/services/STREETS/Streets_Permitting/MapServer/2","title":"Street light L020580"},"type":"Feature"},{"geometry":{"coordinates":[-90.27110143817414,38.611608379039396],"type":"Point"},"id":"stl-city-public-streetlights:2:127865","properties":{"address":null,"attributes":{"Date_Installed":"2/14/2018","LED_Powered":1,"LightID":"L020581","Light_Source":"LED","Light_Type":"Cobra","Lighting_Type":"LED-Powered Lamp","Verification_Date":null},"id":"stl-city-public-streetlights:2:127865","sourceLayerId":2,"sourceObjectId":127865,"sourceURL":"https://maps8.stlouis-mo.gov/arcgis/rest/services/STREETS/Streets_Permitting/MapServer/2","title":"Street light L020581"},"type":"Feature"},{"geometry":{"coordinates":[-90.27045233428862,38.6118925665811],"type":"Point"},"id":"stl-city-public-streetlights:2:127870","properties":{"address":null,"attributes":{"Date_Installed":"2/14/2018","LED_Powered":1,"LightID":"L020586","Light_Source":"LED","Light_Type":"Cobra","Lighting_Type":"LED-Powered Lamp","Verification_Date":null},"id":"stl-city-public-streetlights:2:127870","sourceLayerId":2,"sourceObjectId":127870,"sourceURL":"https://maps8.stlouis-mo.gov/arcgis/rest/services/STREETS/Streets_Permitting/MapServer/2","title":"Street light L020586"},"type":"Feature"},{"geometry":{"coordinates":[-90.27106616318802,38.61174777201587],"type":"Point"},"id":"stl-city-public-streetlights:2:127871","properties":{"address":null,"attributes":{"Date_Installed":"2/14/2018","LED_Powered":1,"LightID":"L020587","Light_Source":"LED","Light_Type":"Cobra","Lighting_Type":"LED-Powered Lamp","Verification_Date":null},"id":"stl-city-public-streetlights:2:127871","sourceLayerId":2,"sourceObjectId":127871,"sourceURL":"https://maps8.stlouis-mo.gov/arcgis/rest/services/STREETS/Streets_Permitting/MapServer/2","title":"Street light L020587"},"type":"Feature"},{"geometry":{"coordinates":[-90.27162771165693,38.611610619894165],"type":"Point"},"id":"stl-city-public-streetlights:2:127872","properties":{"address":null,"attributes":{"Date_Installed":"2/14/2018","LED_Powered":1,"LightID":"L020588","Light_Source":"LED","Light_Type":"Cobra","Lighting_Type":"LED-Powered Lamp","Verification_Date":null},"id":"stl-city-public-streetlights:2:127872","sourceLayerId":2,"sourceObjectId":127872,"sourceURL":"https://maps8.stlouis-mo.gov/arcgis/rest/services/STREETS/Streets_Permitting/MapServer/2","title":"Street light L020588"},"type":"Feature"},{"geometry":{"coordinates":[-90.27221103507654,38.61144543290234],"type":"Point"},"id":"stl-city-public-streetlights:2:127873","properties":{"address":null,"attributes":{"Date_Installed":"2/14/2018","LED_Powered":1,"LightID":"L020589","Light_Source":"LED","Light_Type":"Cobra","Lighting_Type":"LED-Powered Lamp","Verification_Date":null},"id":"stl-city-public-streetlights:2:127873","sourceLayerId":2,"sourceObjectId":127873,"sourceURL":"https://maps8.stlouis-mo.gov/arcgis/rest/services/STREETS/Streets_Permitting/MapServer/2","title":"Street light L020589"},"type":"Feature"},{"geometry":{"coordinates":[-90.2728173878852,38.61128452461142],"type":"Point"},"id":"stl-city-public-streetlights:2:127874","properties":{"address":null,"attributes":{"Date_Installed":"2/14/2018","LED_Powered":1,"LightID":"L020590","Light_Source":"LED","Light_Type":"Cobra","Lighting_Type":"LED-Powered Lamp","Verification_Date":null},"id":"stl-city-public-streetlights:2:127874","sourceLayerId":2,"sourceObjectId":127874,"sourceURL":"https://maps8.stlouis-mo.gov/arcgis/rest/services/STREETS/Streets_Permitting/MapServer/2","title":"Street light L020590"},"type":"Feature"},{"geometry":{"coordinates":[-90.27345073264945,38.6111482850629],"type":"Point"},"id":"stl-city-public-streetlights:2:127875","properties":{"address":null,"attributes":{"Date_Installed":"2/14/2018","LED_Powered":1,"LightID":"L020591","Light_Source":"LED","Light_Type":"Cobra","Lighting_Type":"LED-Powered Lamp","Verification_Date":null},"id":"stl-city-public-streetlights:2:127875","sourceLayerId":2,"sourceObjectId":127875,"sourceURL":"https://maps8.stlouis-mo.gov/arcgis/rest/services/STREETS/Streets_Permitting/MapServer/2","title":"Street light L020591"},"type":"Feature"},{"geometry":{"coordinates":[-90.27407682777876,38.611034322509774],"type":"Point"},"id":"stl-city-public-streetlights:2:127876","properties":{"address":null,"attributes":{"Date_Installed":"10/1/2016","LED_Powered":1,"LightID":"L020592","Light_Source":"LED","Light_Type":"Cobra","Lighting_Type":"LED-Powered Lamp","Verification_Date":null},"id":"stl-city-public-streetlights:2:127876","sourceLayerId":2,"sourceObjectId":127876,"sourceURL":"https://maps8.stlouis-mo.gov/arcgis/rest/services/STREETS/Streets_Permitting/MapServer/2","title":"Street light L020592"},"type":"Feature"},{"geometry":{"coordinates":[-90.27411654400163,38.610943487257785],"type":"Point"},"id":"stl-city-public-streetlights:2:127877","properties":{"address":null,"attributes":{"Date_Installed":"2/14/2018","LED_Powered":1,"LightID":"L020593","Light_Source":"LED","Light_Type":"Cobra","Lighting_Type":"LED-Powered Lamp","Verification_Date":null},"id":"stl-city-public-streetlights:2:127877","sourceLayerId":2,"sourceObjectId":127877,"sourceURL":"https://maps8.stlouis-mo.gov/arcgis/rest/services/STREETS/Streets_Permitting/MapServer/2","title":"Street light L020593"},"type":"Feature"},{"geometry":{"coordinates":[-90.2746102270242,38.610966984951666],"type":"Point"},"id":"stl-city-public-streetlights:2:127878","properties":{"address":null,"attributes":{"Date_Installed":"10/1/2016","LED_Powered":1,"LightID":"L020594","Light_Source":"LED","Light_Type":"Cobra","Lighting_Type":"LED-Powered Lamp","Verification_Date":null},"id":"stl-city-public-streetlights:2:127878","sourceLayerId":2,"sourceObjectId":127878,"sourceURL":"https://maps8.stlouis-mo.gov/arcgis/rest/services/STREETS/Streets_Permitting/MapServer/2","title":"Street light L020594"},"type":"Feature"},{"geometry":{"coordinates":[-90.27500862629316,38.61088490630602],"type":"Point"},"id":"stl-city-public-streetlights:2:127879","properties":{"address":null,"attributes":{"Date_Installed":"9/1/2018","LED_Powered":1,"LightID":"L020595","Light_Source":"LED","Light_Type":"Cobra","Lighting_Type":"LED-Powered Lamp","Verification_Date":null},"id":"stl-city-public-streetlights:2:127879","sourceLayerId":2,"sourceObjectId":127879,"sourceURL":"https://maps8.stlouis-mo.gov/arcgis/rest/services/STREETS/Streets_Permitting/MapServer/2","title":"Street light L020595"},"type":"Feature"},{"geometry":{"coordinates":[-90.27525140693915,38.61091125012651],"type":"Point"},"id":"stl-city-public-streetlights:2:127880","properties":{"address":null,"attributes":{"Date_Installed":"10/1/2016","LED_Powered":1,"LightID":"L020596","Light_Source":"LED","Light_Type":"Cobra","Lighting_Type":"LED-Powered Lamp","Verification_Date":null},"id":"stl-city-public-streetlights:2:127880","sourceLayerId":2,"sourceObjectId":127880,"sourceURL":"https://maps8.stlouis-mo.gov/arcgis/rest/services/STREETS/Streets_Permitting/MapServer/2","title":"Street light L020596"},"type":"Feature"},{"geometry":{"coordinates":[-90.27576979218894,38.61087505928834],"type":"Point"},"id":"stl-city-public-streetlights:2:127881","properties":{"address":null,"attributes":{"Date_Installed":"10/1/2016","LED_Powered":1,"LightID":"L020597","Light_Source":"LED","Light_Type":"Cobra","Lighting_Type":"LED-Powered Lamp","Verification_Date":null},"id":"stl-city-public-streetlights:2:127881","sourceLayerId":2,"sourceObjectId":127881,"sourceURL":"https://maps8.stlouis-mo.gov/arcgis/rest/services/STREETS/Streets_Permitting/MapServer/2","title":"Street light L020597"},"type":"Feature"},{"geometry":{"coordinates":[-90.27591996460846,38.61111131543656],"type":"Point"},"id":"stl-city-public-streetlights:2:127882","properties":{"address":null,"attributes":{"Date_Installed":null,"LED_Powered":0,"LightID":"L020598","Light_Source":"High Pressure Sodium","Light_Type":"Cobra","Lighting_Type":"400-W High Pressure Sodium Vapor Lamp","Verification_Date":null},"id":"stl-city-public-streetlights:2:127882","sourceLayerId":2,"sourceObjectId":127882,"sourceURL":"https://maps8.stlouis-mo.gov/arcgis/rest/services/STREETS/Streets_Permitting/MapServer/2","title":"Street light L020598"},"type":"Feature"},{"geometry":{"coordinates":[-90.27553669709951,38.611072204604795],"type":"Point"},"id":"stl-city-public-streetlights:2:127883","properties":{"address":null,"attributes":{"Date_Installed":"10/1/2016","LED_Powered":1,"LightID":"L020599","Light_Source":"LED","Light_Type":"Cobra","Lighting_Type":"LED-Powered Lamp","Verification_Date":null},"id":"stl-city-public-streetlights:2:127883","sourceLayerId":2,"sourceObjectId":127883,"sourceURL":"https://maps8.stlouis-mo.gov/arcgis/rest/services/STREETS/Streets_Permitting/MapServer/2","title":"Street light L020599"},"type":"Feature"},{"geometry":{"coordinates":[-90.27503093983364,38.6110961088689],"type":"Point"},"id":"stl-city-public-streetlights:2:127884","properties":{"address":null,"attributes":{"Date_Installed":"10/1/2016","LED_Powered":1,"LightID":"L020600","Light_Source":"LED","Light_Type":"Cobra","Lighting_Type":"LED-Powered Lamp","Verification_Date":null},"id":"stl-city-public-streetlights:2:127884","sourceLayerId":2,"sourceObjectId":127884,"sourceURL":"https://maps8.stlouis-mo.gov/arcgis/rest/services/STREETS/Streets_Permitting/MapServer/2","title":"Street light L020600"},"type":"Feature"},{"geometry":{"coordinates":[-90.27437309705367,38.611185420009626],"type":"Point"},"id":"stl-city-public-streetlights:2:127885","properties":{"address":null,"attributes":{"Date_Installed":"10/1/2016","LED_Powered":1,"LightID":"L020601","Light_Source":"LED","Light_Type":"Cobra","Lighting_Type":"LED-Powered Lamp","Verification_Date":null},"id":"stl-city-public-streetlights:2:127885","sourceLayerId":2,"sourceObjectId":127885,"sourceURL":"https://maps8.stlouis-mo.gov/arcgis/rest/services/STREETS/Streets_Permitting/MapServer/2","title":"Street light L020601"},"type":"Feature"},{"geometry":{"coordinates":[-90.27385424310208,38.61125586745209],"type":"Point"},"id":"stl-city-public-streetlights:2:127886","properties":{"address":null,"attributes":{"Date_Installed":"10/1/2016","LED_Powered":1,"LightID":"L020602","Light_Source":"LED","Light_Type":"Cobra","Lighting_Type":"LED-Powered Lamp","Verification_Date":null},"id":"stl-city-public-streetlights:2:127886","sourceLayerId":2,"sourceObjectId":127886,"sourceURL":"https://maps8.stlouis-mo.gov/arcgis/rest/services/STREETS/Streets_Permitting/MapServer/2","title":"Street light L020602"},"type":"Feature"},{"geometry":{"coordinates":[-90.27323932181571,38.61138202243958],"type":"Point"},"id":"stl-city-public-streetlights:2:127887","properties":{"address":null,"attributes":{"Date_Installed":"2/14/2018","LED_Powered":1,"LightID":"L020603","Light_Source":"LED","Light_Type":"Cobra","Lighting_Type":"LED-Powered Lamp","Verification_Date":null},"id":"stl-city-public-streetlights:2:127887","sourceLayerId":2,"sourceObjectId":127887,"sourceURL":"https://maps8.stlouis-mo.gov/arcgis/rest/services/STREETS/Streets_Permitting/MapServer/2","title":"Street light L020603"},"type":"Feature"},{"geometry":{"coordinates":[-90.2726501630557,38.611509237751754],"type":"Point"},"id":"stl-city-public-streetlights:2:127888","properties":{"address":null,"attributes":{"Date_Installed":"2/14/2018","LED_Powered":1,"LightID":"L020604","Light_Source":"LED","Light_Type":"Cobra","Lighting_Type":"LED-Powered Lamp","Verification_Date":null},"id":"stl-city-public-streetlights:2:127888","sourceLayerId":2,"sourceObjectId":127888,"sourceURL":"https://maps8.stlouis-mo.gov/arcgis/rest/services/STREETS/Streets_Permitting/MapServer/2","title":"Street light L020604"},"type":"Feature"},{"geometry":{"coordinates":[-90.2720647834925,38.611690088570924],"type":"Point"},"id":"stl-city-public-streetlights:2:127889","properties":{"address":null,"attributes":{"Date_Installed":"2/14/2018","LED_Powered":1,"LightID":"L020605","Light_Source":"LED","Light_Type":"Cobra","Lighting_Type":"LED-Powered Lamp","Verification_Date":null},"id":"stl-city-public-streetlights:2:127889","sourceLayerId":2,"sourceObjectId":127889,"sourceURL":"https://maps8.stlouis-mo.gov/arcgis/rest/services/STREETS/Streets_Permitting/MapServer/2","title":"Street light L020605"},"type":"Feature"},{"geometry":{"coordinates":[-90.27145459391724,38.61183763600595],"type":"Point"},"id":"stl-city-public-streetlights:2:127890","properties":{"address":null,"attributes":{"Date_Installed":"2/14/2018","LED_Powered":1,"LightID":"L020606","Light_Source":"LED","Light_Type":"Cobra","Lighting_Type":"LED-Powered Lamp","Verification_Date":null},"id":"stl-city-public-streetlights:2:127890","sourceLayerId":2,"sourceObjectId":127890,"sourceURL":"https://maps8.stlouis-mo.gov/arcgis/rest/services/STREETS/Streets_Permitting/MapServer/2","title":"Street light L020606"},"type":"Feature"},{"geometry":{"coordinates":[-90.27087982962395,38.61197517852749],"type":"Point"},"id":"stl-city-public-streetlights:2:127891","properties":{"address":null,"attributes":{"Date_Installed":"2/14/2018","LED_Powered":1,"LightID":"L020607","Light_Source":"LED","Light_Type":"Cobra","Lighting_Type":"LED-Powered Lamp","Verification_Date":null},"id":"stl-city-public-streetlights:2:127891","sourceLayerId":2,"sourceObjectId":127891,"sourceURL":"https://maps8.stlouis-mo.gov/arcgis/rest/services/STREETS/Streets_Permitting/MapServer/2","title":"Street light L020607"},"type":"Feature"},{"geometry":{"coordinates":[-90.27032512791826,38.61210596485966],"type":"Point"},"id":"stl-city-public-streetlights:2:127892","properties":{"address":null,"attributes":{"Date_Installed":"2/14/2018","LED_Powered":1,"LightID":"L020608","Light_Source":"LED","Light_Type":"Cobra","Lighting_Type":"LED-Powered Lamp","Verification_Date":null},"id":"stl-city-public-streetlights:2:127892","sourceLayerId":2,"sourceObjectId":127892,"sourceURL":"https://maps8.stlouis-mo.gov/arcgis/rest/services/STREETS/Streets_Permitting/MapServer/2","title":"Street light L020608"},"type":"Feature"},{"geometry":{"coordinates":[-90.27375733445656,38.61214808135882],"type":"Point"},"id":"stl-city-public-streetlights:2:127896","properties":{"address":null,"attributes":{"Date_Installed":"2/13/2018","LED_Powered":1,"LightID":"L020612","Light_Source":"LED","Light_Type":"Cobra","Lighting_Type":"LED-Powered Lamp","Verification_Date":null},"id":"stl-city-public-streetlights:2:127896","sourceLayerId":2,"sourceObjectId":127896,"sourceURL":"https://maps8.stlouis-mo.gov/arcgis/rest/services/STREETS/Streets_Permitting/MapServer/2","title":"Street light L020612"},"type":"Feature"},{"geometry":{"coordinates":[-90.27424567956085,38.612200510589666],"type":"Point"},"id":"stl-city-public-streetlights:2:127897","properties":{"address":null,"attributes":{"Date_Installed":"2/13/2018","LED_Powered":1,"LightID":"L020613","Light_Source":"LED","Light_Type":"Cobra","Lighting_Type":"LED-Powered Lamp","Verification_Date":null},"id":"stl-city-public-streetlights:2:127897","sourceLayerId":2,"sourceObjectId":127897,"sourceURL":"https://maps8.stlouis-mo.gov/arcgis/rest/services/STREETS/Streets_Permitting/MapServer/2","title":"Street light L020613"},"type":"Feature"},{"geometry":{"coordinates":[-90.27465422267562,38.61224134278046],"type":"Point"},"id":"stl-city-public-streetlights:2:127898","properties":{"address":null,"attributes":{"Date_Installed":"2/13/2018","LED_Powered":1,"LightID":"L020614","Light_Source":"LED","Light_Type":"Cobra","Lighting_Type":"LED-Powered Lamp","Verification_Date":null},"id":"stl-city-public-streetlights:2:127898","sourceLayerId":2,"sourceObjectId":127898,"sourceURL":"https://maps8.stlouis-mo.gov/arcgis/rest/services/STREETS/Streets_Permitting/MapServer/2","title":"Street light L020614"},"type":"Feature"},{"geometry":{"coordinates":[-90.27512726215367,38.61229230913863],"type":"Point"},"id":"stl-city-public-streetlights:2:127899","properties":{"address":null,"attributes":{"Date_Installed":"2/13/2018","LED_Powered":1,"LightID":"L020615","Light_Source":"LED","Light_Type":"Cobra","Lighting_Type":"LED-Powered Lamp","Verification_Date":null},"id":"stl-city-public-streetlights:2:127899","sourceLayerId":2,"sourceObjectId":127899,"sourceURL":"https://maps8.stlouis-mo.gov/arcgis/rest/services/STREETS/Streets_Permitting/MapServer/2","title":"Street light L020615"},"type":"Feature"},{"geometry":{"coordinates":[-90.27557369463011,38.61234143428461],"type":"Point"},"id":"stl-city-public-streetlights:2:127900","properties":{"address":null,"attributes":{"Date_Installed":"2/13/2018","LED_Powered":1,"LightID":"L020616","Light_Source":"LED","Light_Type":"Cobra","Lighting_Type":"LED-Powered Lamp","Verification_Date":null},"id":"stl-city-public-streetlights:2:127900","sourceLayerId":2,"sourceObjectId":127900,"sourceURL":"https://maps8.stlouis-mo.gov/arcgis/rest/services/STREETS/Streets_Permitting/MapServer/2","title":"Street light L020616"},"type":"Feature"},{"geometry":{"coordinates":[-90.27602543698421,38.61236363296564],"type":"Point"},"id":"stl-city-public-streetlights:2:127901","properties":{"address":null,"attributes":{"Date_Installed":"2/13/2018","LED_Powered":1,"LightID":"L020617","Light_Source":"LED","Light_Type":"Cobra","Lighting_Type":"LED-Powered Lamp","Verification_Date":null},"id":"stl-city-public-streetlights:2:127901","sourceLayerId":2,"sourceObjectId":127901,"sourceURL":"https://maps8.stlouis-mo.gov/arcgis/rest/services/STREETS/Streets_Permitting/MapServer/2","title":"Street light L020617"},"type":"Feature"},{"geometry":{"coordinates":[-90.27647613538369,38.61240930700527],"type":"Point"},"id":"stl-city-public-streetlights:2:127902","properties":{"address":null,"attributes":{"Date_Installed":"2/13/2018","LED_Powered":1,"LightID":"L020618","Light_Source":"LED","Light_Type":"Cobra","Lighting_Type":"LED-Powered Lamp","Verification_Date":null},"id":"stl-city-public-streetlights:2:127902","sourceLayerId":2,"sourceObjectId":127902,"sourceURL":"https://maps8.stlouis-mo.gov/arcgis/rest/services/STREETS/Streets_Permitting/MapServer/2","title":"Street light L020618"},"type":"Feature"},{"geometry":{"coordinates":[-90.2769212612211,38.612454134458375],"type":"Point"},"id":"stl-city-public-streetlights:2:127903","properties":{"address":null,"attributes":{"Date_Installed":"2/13/2018","LED_Powered":1,"LightID":"L020619","Light_Source":"LED","Light_Type":"Cobra","Lighting_Type":"LED-Powered Lamp","Verification_Date":null},"id":"stl-city-public-streetlights:2:127903","sourceLayerId":2,"sourceObjectId":127903,"sourceURL":"https://maps8.stlouis-mo.gov/arcgis/rest/services/STREETS/Streets_Permitting/MapServer/2","title":"Street light L020619"},"type":"Feature"},{"geometry":{"coordinates":[-90.27739238763661,38.61250091597467],"type":"Point"},"id":"stl-city-public-streetlights:2:127904","properties":{"address":null,"attributes":{"Date_Installed":"2/13/2018","LED_Powered":1,"LightID":"L020620","Light_Source":"LED","Light_Type":"Cobra","Lighting_Type":"LED-Powered Lamp","Verification_Date":null},"id":"stl-city-public-streetlights:2:127904","sourceLayerId":2,"sourceObjectId":127904,"sourceURL":"https://maps8.stlouis-mo.gov/arcgis/rest/services/STREETS/Streets_Permitting/MapServer/2","title":"Street light L020620"},"type":"Feature"},{"geometry":{"coordinates":[-90.27781740011012,38.612542006288585],"type":"Point"},"id":"stl-city-public-streetlights:2:127905","properties":{"address":null,"attributes":{"Date_Installed":"2/13/2018","LED_Powered":1,"LightID":"L020621","Light_Source":"LED","Light_Type":"Cobra","Lighting_Type":"LED-Powered Lamp","Verification_Date":null},"id":"stl-city-public-streetlights:2:127905","sourceLayerId":2,"sourceObjectId":127905,"sourceURL":"https://maps8.stlouis-mo.gov/arcgis/rest/services/STREETS/Streets_Permitting/MapServer/2","title":"Street light L020621"},"type":"Feature"},{"geometry":{"coordinates":[-90.27757596753878,38.61371989057863],"type":"Point"},"id":"stl-city-public-streetlights:2:127906","properties":{"address":null,"attributes":{"Date_Installed":"2/13/2018","LED_Powered":1,"LightID":"L020622","Light_Source":"LED","Light_Type":"Cobra","Lighting_Type":"LED-Powered Lamp","Verification_Date":null},"id":"stl-city-public-streetlights:2:127906","sourceLayerId":2,"sourceObjectId":127906,"sourceURL":"https://maps8.stlouis-mo.gov/arcgis/rest/services/STREETS/Streets_Permitting/MapServer/2","title":"Street light L020622"},"type":"Feature"},{"geometry":{"coordinates":[-90.27714167502873,38.61367139168424],"type":"Point"},"id":"stl-city-public-streetlights:2:127907","properties":{"address":null,"attributes":{"Date_Installed":"2/13/2018","LED_Powered":1,"LightID":"L020623","Light_Source":"LED","Light_Type":"Cobra","Lighting_Type":"LED-Powered Lamp","Verification_Date":null},"id":"stl-city-public-streetlights:2:127907","sourceLayerId":2,"sourceObjectId":127907,"sourceURL":"https://maps8.stlouis-mo.gov/arcgis/rest/services/STREETS/Streets_Permitting/MapServer/2","title":"Street light L020623"},"type":"Feature"},{"geometry":{"coordinates":[-90.27900418960508,38.61851501047327],"type":"Point"},"id":"stl-city-public-streetlights:2:134815","properties":{"address":null,"attributes":{"Date_Installed":null,"LED_Powered":0,"LightID":"L027531","Light_Source":"LED","Light_Type":"Cobra","Lighting_Type":"LED-Powered Lamp","Verification_Date":null},"id":"stl-city-public-streetlights:2:134815","sourceLayerId":2,"sourceObjectId":134815,"sourceURL":"https://maps8.stlouis-mo.gov/arcgis/rest/services/STREETS/Streets_Permitting/MapServer/2","title":"Street light L027531"},"type":"Feature"},{"geometry":{"coordinates":[-90.27906160623748,38.61821978905659],"type":"Point"},"id":"stl-city-public-streetlights:2:134816","properties":{"address":null,"attributes":{"Date_Installed":null,"LED_Powered":0,"LightID":"L027532","Light_Source":"LED","Light_Type":"Cobra","Lighting_Type":"LED-Powered Lamp","Verification_Date":null},"id":"stl-city-public-streetlights:2:134816","sourceLayerId":2,"sourceObjectId":134816,"sourceURL":"https://maps8.stlouis-mo.gov/arcgis/rest/services/STREETS/Streets_Permitting/MapServer/2","title":"Street light L027532"},"type":"Feature"},{"geometry":{"coordinates":[-90.27912251594391,38.61792481202579],"type":"Point"},"id":"stl-city-public-streetlights:2:134817","properties":{"address":null,"attributes":{"Date_Installed":null,"LED_Powered":0,"LightID":"L027533","Light_Source":"LED","Light_Type":"Cobra","Lighting_Type":"LED-Powered Lamp","Verification_Date":null},"id":"stl-city-public-streetlights:2:134817","sourceLayerId":2,"sourceObjectId":134817,"sourceURL":"https://maps8.stlouis-mo.gov/arcgis/rest/services/STREETS/Streets_Permitting/MapServer/2","title":"Street light L027533"},"type":"Feature"},{"geometry":{"coordinates":[-90.27918761497023,38.617601478233624],"type":"Point"},"id":"stl-city-public-streetlights:2:134818","properties":{"address":null,"attributes":{"Date_Installed":null,"LED_Powered":0,"LightID":"L027534","Light_Source":"LED","Light_Type":"Cobra","Lighting_Type":"LED-Powered Lamp","Verification_Date":null},"id":"stl-city-public-streetlights:2:134818","sourceLayerId":2,"sourceObjectId":134818,"sourceURL":"https://maps8.stlouis-mo.gov/arcgis/rest/services/STREETS/Streets_Permitting/MapServer/2","title":"Street light L027534"},"type":"Feature"},{"geometry":{"coordinates":[-90.27926267188188,38.61725027422199],"type":"Point"},"id":"stl-city-public-streetlights:2:134819","properties":{"address":null,"attributes":{"Date_Installed":null,"LED_Powered":0,"LightID":"L027535","Light_Source":"LED","Light_Type":"Cobra","Lighting_Type":"LED-Powered Lamp","Verification_Date":null},"id":"stl-city-public-streetlights:2:134819","sourceLayerId":2,"sourceObjectId":134819,"sourceURL":"https://maps8.stlouis-mo.gov/arcgis/rest/services/STREETS/Streets_Permitting/MapServer/2","title":"Street light L027535"},"type":"Feature"},{"geometry":{"coordinates":[-90.27933267802855,38.616891147169426],"type":"Point"},"id":"stl-city-public-streetlights:2:134820","properties":{"address":null,"attributes":{"Date_Installed":null,"LED_Powered":0,"LightID":"L027536","Light_Source":"LED","Light_Type":"Cobra","Lighting_Type":"LED-Powered Lamp","Verification_Date":null},"id":"stl-city-public-streetlights:2:134820","sourceLayerId":2,"sourceObjectId":134820,"sourceURL":"https://maps8.stlouis-mo.gov/arcgis/rest/services/STREETS/Streets_Permitting/MapServer/2","title":"Street light L027536"},"type":"Feature"},{"geometry":{"coordinates":[-90.27940400194053,38.61653831527606],"type":"Point"},"id":"stl-city-public-streetlights:2:134821","properties":{"address":null,"attributes":{"Date_Installed":null,"LED_Powered":0,"LightID":"L027537","Light_Source":"LED","Light_Type":"Cobra","Lighting_Type":"LED-Powered Lamp","Verification_Date":null},"id":"stl-city-public-streetlights:2:134821","sourceLayerId":2,"sourceObjectId":134821,"sourceURL":"https://maps8.stlouis-mo.gov/arcgis/rest/services/STREETS/Streets_Permitting/MapServer/2","title":"Street light L027537"},"type":"Feature"},{"geometry":{"coordinates":[-90.27947966853192,38.61618604014526],"type":"Point"},"id":"stl-city-public-streetlights:2:134822","properties":{"address":null,"attributes":{"Date_Installed":null,"LED_Powered":0,"LightID":"L027538","Light_Source":"LED","Light_Type":"Cobra","Lighting_Type":"LED-Powered Lamp","Verification_Date":null},"id":"stl-city-public-streetlights:2:134822","sourceLayerId":2,"sourceObjectId":134822,"sourceURL":"https://maps8.stlouis-mo.gov/arcgis/rest/services/STREETS/Streets_Permitting/MapServer/2","title":"Street light L027538"},"type":"Feature"},{"geometry":{"coordinates":[-90.2795492933811,38.61583148871532],"type":"Point"},"id":"stl-city-public-streetlights:2:134823","properties":{"address":null,"attributes":{"Date_Installed":null,"LED_Powered":0,"LightID":"L027539","Light_Source":"LED","Light_Type":"Cobra","Lighting_Type":"LED-Powered Lamp","Verification_Date":null},"id":"stl-city-public-streetlights:2:134823","sourceLayerId":2,"sourceObjectId":134823,"sourceURL":"https://maps8.stlouis-mo.gov/arcgis/rest/services/STREETS/Streets_Permitting/MapServer/2","title":"Street light L027539"},"type":"Feature"},{"geometry":{"coordinates":[-90.27964709967934,38.61544159418997],"type":"Point"},"id":"stl-city-public-streetlights:2:134824","properties":{"address":null,"attributes":{"Date_Installed":null,"LED_Powered":0,"LightID":"L027540","Light_Source":"LED","Light_Type":"Cobra","Lighting_Type":"LED-Powered Lamp","Verification_Date":null},"id":"stl-city-public-streetlights:2:134824","sourceLayerId":2,"sourceObjectId":134824,"sourceURL":"https://maps8.stlouis-mo.gov/arcgis/rest/services/STREETS/Streets_Permitting/MapServer/2","title":"Street light L027540"},"type":"Feature"},{"geometry":{"coordinates":[-90.27729168989535,38.61834591914276],"type":"Point"},"id":"stl-city-public-streetlights:2:134836","properties":{"address":null,"attributes":{"Date_Installed":"10/1/2016","LED_Powered":1,"LightID":"L027552","Light_Source":"LED","Light_Type":"Cobra","Lighting_Type":"LED-Powered Lamp","Verification_Date":null},"id":"stl-city-public-streetlights:2:134836","sourceLayerId":2,"sourceObjectId":134836,"sourceURL":"https://maps8.stlouis-mo.gov/arcgis/rest/services/STREETS/Streets_Permitting/MapServer/2","title":"Street light L027552"},"type":"Feature"},{"geometry":{"coordinates":[-90.27715074552016,38.61825916777696],"type":"Point"},"id":"stl-city-public-streetlights:2:134837","properties":{"address":null,"attributes":{"Date_Installed":"10/1/2016","LED_Powered":1,"LightID":"L027553","Light_Source":"LED","Light_Type":"Cobra","Lighting_Type":"LED-Powered Lamp","Verification_Date":null},"id":"stl-city-public-streetlights:2:134837","sourceLayerId":2,"sourceObjectId":134837,"sourceURL":"https://maps8.stlouis-mo.gov/arcgis/rest/services/STREETS/Streets_Permitting/MapServer/2","title":"Street light L027553"},"type":"Feature"},{"geometry":{"coordinates":[-90.27731994584842,38.618170819500826],"type":"Point"},"id":"stl-city-public-streetlights:2:134838","properties":{"address":null,"attributes":{"Date_Installed":"10/1/2016","LED_Powered":1,"LightID":"L027554","Light_Source":"LED","Light_Type":"Cobra","Lighting_Type":"LED-Powered Lamp","Verification_Date":null},"id":"stl-city-public-streetlights:2:134838","sourceLayerId":2,"sourceObjectId":134838,"sourceURL":"https://maps8.stlouis-mo.gov/arcgis/rest/services/STREETS/Streets_Permitting/MapServer/2","title":"Street light L027554"},"type":"Feature"},{"geometry":{"coordinates":[-90.27734896294069,38.618022851688636],"type":"Point"},"id":"stl-city-public-streetlights:2:134839","properties":{"address":null,"attributes":{"Date_Installed":"10/1/2016","LED_Powered":1,"LightID":"L027555","Light_Source":"LED","Light_Type":"Cobra","Lighting_Type":"LED-Powered Lamp","Verification_Date":null},"id":"stl-city-public-streetlights:2:134839","sourceLayerId":2,"sourceObjectId":134839,"sourceURL":"https://maps8.stlouis-mo.gov/arcgis/rest/services/STREETS/Streets_Permitting/MapServer/2","title":"Street light L027555"},"type":"Feature"},{"geometry":{"coordinates":[-90.2770734970786,38.61789161033398],"type":"Point"},"id":"stl-city-public-streetlights:2:134840","properties":{"address":null,"attributes":{"Date_Installed":"10/1/2016","LED_Powered":1,"LightID":"L027556","Light_Source":"LED","Light_Type":"Cobra","Lighting_Type":"LED-Powered Lamp","Verification_Date":null},"id":"stl-city-public-streetlights:2:134840","sourceLayerId":2,"sourceObjectId":134840,"sourceURL":"https://maps8.stlouis-mo.gov/arcgis/rest/services/STREETS/Streets_Permitting/MapServer/2","title":"Street light L027556"},"type":"Feature"},{"geometry":{"coordinates":[-90.27755676465272,38.61783055579385],"type":"Point"},"id":"stl-city-public-streetlights:2:134841","properties":{"address":null,"attributes":{"Date_Installed":"10/1/2016","LED_Powered":1,"LightID":"L027557","Light_Source":"LED","Light_Type":"Cobra","Lighting_Type":"LED-Powered Lamp","Verification_Date":null},"id":"stl-city-public-streetlights:2:134841","sourceLayerId":2,"sourceObjectId":134841,"sourceURL":"https://maps8.stlouis-mo.gov/arcgis/rest/services/STREETS/Streets_Permitting/MapServer/2","title":"Street light L027557"},"type":"Feature"},{"geometry":{"coordinates":[-90.27732674964747,38.617855103674884],"type":"Point"},"id":"stl-city-public-streetlights:2:134842","properties":{"address":null,"attributes":{"Date_Installed":"10/1/2016","LED_Powered":1,"LightID":"L027558","Light_Source":"LED","Light_Type":"Cobra","Lighting_Type":"LED-Powered Lamp","Verification_Date":null},"id":"stl-city-public-streetlights:2:134842","sourceLayerId":2,"sourceObjectId":134842,"sourceURL":"https://maps8.stlouis-mo.gov/arcgis/rest/services/STREETS/Streets_Permitting/MapServer/2","title":"Street light L027558"},"type":"Feature"},{"geometry":{"coordinates":[-90.27728092424914,38.61764156336132],"type":"Point"},"id":"stl-city-public-streetlights:2:134843","properties":{"address":null,"attributes":{"Date_Installed":"10/1/2016","LED_Powered":1,"LightID":"L027559","Light_Source":"LED","Light_Type":"Cobra","Lighting_Type":"LED-Powered Lamp","Verification_Date":null},"id":"stl-city-public-streetlights:2:134843","sourceLayerId":2,"sourceObjectId":134843,"sourceURL":"https://maps8.stlouis-mo.gov/arcgis/rest/services/STREETS/Streets_Permitting/MapServer/2","title":"Street light L027559"},"type":"Feature"},{"geometry":{"coordinates":[-90.27749244031187,38.61750745341345],"type":"Point"},"id":"stl-city-public-streetlights:2:134844","properties":{"address":null,"attributes":{"Date_Installed":"10/1/2016","LED_Powered":1,"LightID":"L027560","Light_Source":"LED","Light_Type":"Cobra","Lighting_Type":"LED-Powered Lamp","Verification_Date":null},"id":"stl-city-public-streetlights:2:134844","sourceLayerId":2,"sourceObjectId":134844,"sourceURL":"https://maps8.stlouis-mo.gov/arcgis/rest/services/STREETS/Streets_Permitting/MapServer/2","title":"Street light L027560"},"type":"Feature"},{"geometry":{"coordinates":[-90.27723278125116,38.61747239660505],"type":"Point"},"id":"stl-city-public-streetlights:2:134845","properties":{"address":null,"attributes":{"Date_Installed":"10/1/2016","LED_Powered":1,"LightID":"L027561","Light_Source":"LED","Light_Type":"Cobra","Lighting_Type":"LED-Powered Lamp","Verification_Date":null},"id":"stl-city-public-streetlights:2:134845","sourceLayerId":2,"sourceObjectId":134845,"sourceURL":"https://maps8.stlouis-mo.gov/arcgis/rest/services/STREETS/Streets_Permitting/MapServer/2","title":"Street light L027561"},"type":"Feature"},{"geometry":{"coordinates":[-90.2762885729794,38.61080931127556],"type":"Point"},"id":"stl-city-public-streetlights:2:134846","properties":{"address":null,"attributes":{"Date_Installed":"10/1/2016","LED_Powered":1,"LightID":"L027562","Light_Source":"LED","Light_Type":"Cobra","Lighting_Type":"LED-Powered Lamp","Verification_Date":null},"id":"stl-city-public-streetlights:2:134846","sourceLayerId":2,"sourceObjectId":134846,"sourceURL":"https://maps8.stlouis-mo.gov/arcgis/rest/services/STREETS/Streets_Permitting/MapServer/2","title":"Street light L027562"},"type":"Feature"},{"geometry":{"coordinates":[-90.27679308876012,38.61073876622054],"type":"Point"},"id":"stl-city-public-streetlights:2:134847","properties":{"address":null,"attributes":{"Date_Installed":"10/1/2016","LED_Powered":1,"LightID":"L027563","Light_Source":"LED","Light_Type":"Cobra","Lighting_Type":"LED-Powered Lamp","Verification_Date":null},"id":"stl-city-public-streetlights:2:134847","sourceLayerId":2,"sourceObjectId":134847,"sourceURL":"https://maps8.stlouis-mo.gov/arcgis/rest/services/STREETS/Streets_Permitting/MapServer/2","title":"Street light L027563"},"type":"Feature"},{"geometry":{"coordinates":[-90.27735597557192,38.61065402746513],"type":"Point"},"id":"stl-city-public-streetlights:2:134848","properties":{"address":null,"attributes":{"Date_Installed":"10/1/2016","LED_Powered":1,"LightID":"L027564","Light_Source":"LED","Light_Type":"Cobra","Lighting_Type":"LED-Powered Lamp","Verification_Date":null},"id":"stl-city-public-streetlights:2:134848","sourceLayerId":2,"sourceObjectId":134848,"sourceURL":"https://maps8.stlouis-mo.gov/arcgis/rest/services/STREETS/Streets_Permitting/MapServer/2","title":"Street light L027564"},"type":"Feature"},{"geometry":{"coordinates":[-90.2777087014964,38.61054862765711],"type":"Point"},"id":"stl-city-public-streetlights:2:134849","properties":{"address":null,"attributes":{"Date_Installed":"10/1/2016","LED_Powered":1,"LightID":"L027565","Light_Source":"LED","Light_Type":"Cobra","Lighting_Type":"LED-Powered Lamp","Verification_Date":null},"id":"stl-city-public-streetlights:2:134849","sourceLayerId":2,"sourceObjectId":134849,"sourceURL":"https://maps8.stlouis-mo.gov/arcgis/rest/services/STREETS/Streets_Permitting/MapServer/2","title":"Street light L027565"},"type":"Feature"},{"geometry":{"coordinates":[-90.2783010063224,38.61038051382124],"type":"Point"},"id":"stl-city-public-streetlights:2:134850","properties":{"address":null,"attributes":{"Date_Installed":"10/1/2016","LED_Powered":1,"LightID":"L027566","Light_Source":"LED","Light_Type":"Cobra","Lighting_Type":"LED-Powered Lamp","Verification_Date":null},"id":"stl-city-public-streetlights:2:134850","sourceLayerId":2,"sourceObjectId":134850,"sourceURL":"https://maps8.stlouis-mo.gov/arcgis/rest/services/STREETS/Streets_Permitting/MapServer/2","title":"Street light L027566"},"type":"Feature"},{"geometry":{"coordinates":[-90.27876409925568,38.61024433180719],"type":"Point"},"id":"stl-city-public-streetlights:2:134851","properties":{"address":null,"attributes":{"Date_Installed":null,"LED_Powered":0,"LightID":"L027567","Light_Source":"LED","Light_Type":"Cobra","Lighting_Type":"LED-Powered Lamp","Verification_Date":null},"id":"stl-city-public-streetlights:2:134851","sourceLayerId":2,"sourceObjectId":134851,"sourceURL":"https://maps8.stlouis-mo.gov/arcgis/rest/services/STREETS/Streets_Permitting/MapServer/2","title":"Street light L027567"},"type":"Feature"},{"geometry":{"coordinates":[-90.27318552434426,38.61469270898417],"type":"Point"},"id":"stl-city-public-streetlights:2:157496","properties":{"address":null,"attributes":{"Date_Installed":null,"LED_Powered":0,"LightID":"L050209","Light_Source":"High Pressure Sodium","Light_Type":"Decorative","Lighting_Type":"King Twin Fixtures (Historic Light Fixture)","Verification_Date":null},"id":"stl-city-public-streetlights:2:157496","sourceLayerId":2,"sourceObjectId":157496,"sourceURL":"https://maps8.stlouis-mo.gov/arcgis/rest/services/STREETS/Streets_Permitting/MapServer/2","title":"Street light L050209"},"type":"Feature"},{"geometry":{"coordinates":[-90.27298599293673,38.61467015557409],"type":"Point"},"id":"stl-city-public-streetlights:2:157497","properties":{"address":null,"attributes":{"Date_Installed":null,"LED_Powered":0,"LightID":"L050210","Light_Source":"High Pressure Sodium","Light_Type":"Decorative","Lighting_Type":"King Twin Fixtures (Historic Light Fixture)","Verification_Date":null},"id":"stl-city-public-streetlights:2:157497","sourceLayerId":2,"sourceObjectId":157497,"sourceURL":"https://maps8.stlouis-mo.gov/arcgis/rest/services/STREETS/Streets_Permitting/MapServer/2","title":"Street light L050210"},"type":"Feature"},{"geometry":{"coordinates":[-90.27099258399936,38.61575630096521],"type":"Point"},"id":"stl-city-public-streetlights:2:157877","properties":{"address":null,"attributes":{"Date_Installed":null,"LED_Powered":0,"LightID":"L050584","Light_Source":"High Pressure Sodium","Light_Type":"Decorative","Lighting_Type":"GE Americana Series (Historic Light Fixture)","Verification_Date":null},"id":"stl-city-public-streetlights:2:157877","sourceLayerId":2,"sourceObjectId":157877,"sourceURL":"https://maps8.stlouis-mo.gov/arcgis/rest/services/STREETS/Streets_Permitting/MapServer/2","title":"Street light L050584"},"type":"Feature"},{"geometry":{"coordinates":[-90.27100493313068,38.61569434998022],"type":"Point"},"id":"stl-city-public-streetlights:2:157878","properties":{"address":null,"attributes":{"Date_Installed":null,"LED_Powered":0,"LightID":"L050585","Light_Source":"High Pressure Sodium","Light_Type":"Decorative","Lighting_Type":"GE Americana Series (Historic Light Fixture)","Verification_Date":null},"id":"stl-city-public-streetlights:2:157878","sourceLayerId":2,"sourceObjectId":157878,"sourceURL":"https://maps8.stlouis-mo.gov/arcgis/rest/services/STREETS/Streets_Permitting/MapServer/2","title":"Street light L050585"},"type":"Feature"},{"geometry":{"coordinates":[-90.27101175737079,38.61565026640935],"type":"Point"},"id":"stl-city-public-streetlights:2:157879","properties":{"address":null,"attributes":{"Date_Installed":null,"LED_Powered":0,"LightID":"L050586","Light_Source":"High Pressure Sodium","Light_Type":"Decorative","Lighting_Type":"GE Americana Series (Historic Light Fixture)","Verification_Date":null},"id":"stl-city-public-streetlights:2:157879","sourceLayerId":2,"sourceObjectId":157879,"sourceURL":"https://maps8.stlouis-mo.gov/arcgis/rest/services/STREETS/Streets_Permitting/MapServer/2","title":"Street light L050586"},"type":"Feature"},{"geometry":{"coordinates":[-90.27113897157214,38.615581389743056],"type":"Point"},"id":"stl-city-public-streetlights:2:157880","properties":{"address":null,"attributes":{"Date_Installed":null,"LED_Powered":0,"LightID":"L050587","Light_Source":"High Pressure Sodium","Light_Type":"Decorative","Lighting_Type":"GE Americana Series (Historic Light Fixture)","Verification_Date":null},"id":"stl-city-public-streetlights:2:157880","sourceLayerId":2,"sourceObjectId":157880,"sourceURL":"https://maps8.stlouis-mo.gov/arcgis/rest/services/STREETS/Streets_Permitting/MapServer/2","title":"Street light L050587"},"type":"Feature"},{"geometry":{"coordinates":[-90.27128414736815,38.61559621491033],"type":"Point"},"id":"stl-city-public-streetlights:2:157881","properties":{"address":null,"attributes":{"Date_Installed":null,"LED_Powered":0,"LightID":"L050588","Light_Source":"High Pressure Sodium","Light_Type":"Decorative","Lighting_Type":"GE Americana Series (Historic Light Fixture)","Verification_Date":null},"id":"stl-city-public-streetlights:2:157881","sourceLayerId":2,"sourceObjectId":157881,"sourceURL":"https://maps8.stlouis-mo.gov/arcgis/rest/services/STREETS/Streets_Permitting/MapServer/2","title":"Street light L050588"},"type":"Feature"},{"geometry":{"coordinates":[-90.2714013771054,38.61560907631299],"type":"Point"},"id":"stl-city-public-streetlights:2:157882","properties":{"address":null,"attributes":{"Date_Installed":null,"LED_Powered":0,"LightID":"L050589","Light_Source":"High Pressure Sodium","Light_Type":"Decorative","Lighting_Type":"GE Americana Series (Historic Light Fixture)","Verification_Date":null},"id":"stl-city-public-streetlights:2:157882","sourceLayerId":2,"sourceObjectId":157882,"sourceURL":"https://maps8.stlouis-mo.gov/arcgis/rest/services/STREETS/Streets_Permitting/MapServer/2","title":"Street light L050589"},"type":"Feature"},{"geometry":{"coordinates":[-90.27275924742341,38.61576189015238],"type":"Point"},"id":"stl-city-public-streetlights:2:157883","properties":{"address":null,"attributes":{"Date_Installed":null,"LED_Powered":0,"LightID":"L050590","Light_Source":"High Pressure Sodium","Light_Type":"Decorative","Lighting_Type":"King Twin Fixtures (Historic Light Fixture)","Verification_Date":null},"id":"stl-city-public-streetlights:2:157883","sourceLayerId":2,"sourceObjectId":157883,"sourceURL":"https://maps8.stlouis-mo.gov/arcgis/rest/services/STREETS/Streets_Permitting/MapServer/2","title":"Street light L050590"},"type":"Feature"},{"geometry":{"coordinates":[-90.27279422017229,38.61565493283748],"type":"Point"},"id":"stl-city-public-streetlights:2:157884","properties":{"address":null,"attributes":{"Date_Installed":null,"LED_Powered":0,"LightID":"L050591","Light_Source":"High Pressure Sodium","Light_Type":"Decorative","Lighting_Type":"King Twin Fixtures (Historic Light Fixture)","Verification_Date":null},"id":"stl-city-public-streetlights:2:157884","sourceLayerId":2,"sourceObjectId":157884,"sourceURL":"https://maps8.stlouis-mo.gov/arcgis/rest/services/STREETS/Streets_Permitting/MapServer/2","title":"Street light L050591"},"type":"Feature"},{"geometry":{"coordinates":[-90.27297674305169,38.61567697880563],"type":"Point"},"id":"stl-city-public-streetlights:2:157885","properties":{"address":null,"attributes":{"Date_Installed":null,"LED_Powered":0,"LightID":"L050592","Light_Source":"High Pressure Sodium","Light_Type":"Decorative","Lighting_Type":"King Twin Fixtures (Historic Light Fixture)","Verification_Date":null},"id":"stl-city-public-streetlights:2:157885","sourceLayerId":2,"sourceObjectId":157885,"sourceURL":"https://maps8.stlouis-mo.gov/arcgis/rest/services/STREETS/Streets_Permitting/MapServer/2","title":"Street light L050592"},"type":"Feature"},{"geometry":{"coordinates":[-90.27295288680072,38.61577525601659],"type":"Point"},"id":"stl-city-public-streetlights:2:157886","properties":{"address":null,"attributes":{"Date_Installed":null,"LED_Powered":0,"LightID":"L050593","Light_Source":"High Pressure Sodium","Light_Type":"Decorative","Lighting_Type":"King Twin Fixtures (Historic Light Fixture)","Verification_Date":null},"id":"stl-city-public-streetlights:2:157886","sourceLayerId":2,"sourceObjectId":157886,"sourceURL":"https://maps8.stlouis-mo.gov/arcgis/rest/services/STREETS/Streets_Permitting/MapServer/2","title":"Street light L050593"},"type":"Feature"},{"geometry":{"coordinates":[-90.27256018529121,38.616744387840036],"type":"Point"},"id":"stl-city-public-streetlights:2:157887","properties":{"address":null,"attributes":{"Date_Installed":null,"LED_Powered":0,"LightID":"L050594","Light_Source":"High Pressure Sodium","Light_Type":"Decorative","Lighting_Type":"King Twin Fixtures (Historic Light Fixture)","Verification_Date":null},"id":"stl-city-public-streetlights:2:157887","sourceLayerId":2,"sourceObjectId":157887,"sourceURL":"https://maps8.stlouis-mo.gov/arcgis/rest/services/STREETS/Streets_Permitting/MapServer/2","title":"Street light L050594"},"type":"Feature"},{"geometry":{"coordinates":[-90.27275532841817,38.6167638352808],"type":"Point"},"id":"stl-city-public-streetlights:2:157888","properties":{"address":null,"attributes":{"Date_Installed":null,"LED_Powered":0,"LightID":"L050595","Light_Source":"High Pressure Sodium","Light_Type":"Decorative","Lighting_Type":"King Twin Fixtures (Historic Light Fixture)","Verification_Date":null},"id":"stl-city-public-streetlights:2:157888","sourceLayerId":2,"sourceObjectId":157888,"sourceURL":"https://maps8.stlouis-mo.gov/arcgis/rest/services/STREETS/Streets_Permitting/MapServer/2","title":"Street light L050595"},"type":"Feature"},{"geometry":{"coordinates":[-90.27272957390298,38.61686121685648],"type":"Point"},"id":"stl-city-public-streetlights:2:157889","properties":{"address":null,"attributes":{"Date_Installed":null,"LED_Powered":0,"LightID":"L050596","Light_Source":"High Pressure Sodium","Light_Type":"Decorative","Lighting_Type":"King Twin Fixtures (Historic Light Fixture)","Verification_Date":null},"id":"stl-city-public-streetlights:2:157889","sourceLayerId":2,"sourceObjectId":157889,"sourceURL":"https://maps8.stlouis-mo.gov/arcgis/rest/services/STREETS/Streets_Permitting/MapServer/2","title":"Street light L050596"},"type":"Feature"},{"geometry":{"coordinates":[-90.27253709580035,38.61684028357519],"type":"Point"},"id":"stl-city-public-streetlights:2:157890","properties":{"address":null,"attributes":{"Date_Installed":null,"LED_Powered":0,"LightID":"L050597","Light_Source":"High Pressure Sodium","Light_Type":"Decorative","Lighting_Type":"King Twin Fixtures (Historic Light Fixture)","Verification_Date":null},"id":"stl-city-public-streetlights:2:157890","sourceLayerId":2,"sourceObjectId":157890,"sourceURL":"https://maps8.stlouis-mo.gov/arcgis/rest/services/STREETS/Streets_Permitting/MapServer/2","title":"Street light L050597"},"type":"Feature"}],"layerId":"city-streetlights","retrievedAt":"2026-09-13T21:56:18.173251+00:00","schema":"property-infrastructure-geojson-v1","sourceId":"stl-city-public-streetlights","tileId":"-9028_3861","type":"FeatureCollection"}