{"features":[{"geometry":{"coordinates":[-90.27998378019768,38.65952153990982],"type":"Point"},"id":"stl-city-public-streetlights:2:137982","properties":{"address":null,"attributes":{"Date_Installed":null,"LED_Powered":0,"LightID":"L030698","Light_Source":"LED","Light_Type":"Cobra","Lighting_Type":"LED-Powered Lamp","Verification_Date":null},"id":"stl-city-public-streetlights:2:137982","sourceLayerId":2,"sourceObjectId":137982,"sourceURL":"https://maps8.stlouis-mo.gov/arcgis/rest/services/STREETS/Streets_Permitting/MapServer/2","title":"Street light L030698"},"type":"Feature"},{"geometry":{"coordinates":[-90.27984107713817,38.65973722565703],"type":"Point"},"id":"stl-city-public-streetlights:2:137983","properties":{"address":null,"attributes":{"Date_Installed":null,"LED_Powered":0,"LightID":"L030699","Light_Source":"LED","Light_Type":"Cobra","Lighting_Type":"LED-Powered Lamp","Verification_Date":null},"id":"stl-city-public-streetlights:2:137983","sourceLayerId":2,"sourceObjectId":137983,"sourceURL":"https://maps8.stlouis-mo.gov/arcgis/rest/services/STREETS/Streets_Permitting/MapServer/2","title":"Street light L030699"},"type":"Feature"},{"geometry":{"coordinates":[-90.27556840424725,38.659959351005654],"type":"Point"},"id":"stl-city-public-streetlights:2:138740","properties":{"address":null,"attributes":{"Date_Installed":"1/2020","LED_Powered":1,"LightID":"L031523","Light_Source":"LED","Light_Type":"Cobra","Lighting_Type":"LED-Powered Lamp","Verification_Date":null},"id":"stl-city-public-streetlights:2:138740","sourceLayerId":2,"sourceObjectId":138740,"sourceURL":"https://maps8.stlouis-mo.gov/arcgis/rest/services/STREETS/Streets_Permitting/MapServer/2","title":"Street light L031523"},"type":"Feature"},{"geometry":{"coordinates":[-90.27513755168755,38.65991323419714],"type":"Point"},"id":"stl-city-public-streetlights:2:138741","properties":{"address":null,"attributes":{"Date_Installed":"1/2020","LED_Powered":1,"LightID":"L031524","Light_Source":"LED","Light_Type":"Cobra","Lighting_Type":"LED-Powered Lamp","Verification_Date":null},"id":"stl-city-public-streetlights:2:138741","sourceLayerId":2,"sourceObjectId":138741,"sourceURL":"https://maps8.stlouis-mo.gov/arcgis/rest/services/STREETS/Streets_Permitting/MapServer/2","title":"Street light L031524"},"type":"Feature"},{"geometry":{"coordinates":[-90.27466564294849,38.659866859245994],"type":"Point"},"id":"stl-city-public-streetlights:2:138742","properties":{"address":null,"attributes":{"Date_Installed":"1/2020","LED_Powered":1,"LightID":"L031525","Light_Source":"LED","Light_Type":"Cobra","Lighting_Type":"LED-Powered Lamp","Verification_Date":null},"id":"stl-city-public-streetlights:2:138742","sourceLayerId":2,"sourceObjectId":138742,"sourceURL":"https://maps8.stlouis-mo.gov/arcgis/rest/services/STREETS/Streets_Permitting/MapServer/2","title":"Street light L031525"},"type":"Feature"},{"geometry":{"coordinates":[-90.27420419227428,38.659821384546824],"type":"Point"},"id":"stl-city-public-streetlights:2:138743","properties":{"address":null,"attributes":{"Date_Installed":"1/2020","LED_Powered":1,"LightID":"L031526","Light_Source":"LED","Light_Type":"Cobra","Lighting_Type":"LED-Powered Lamp","Verification_Date":null},"id":"stl-city-public-streetlights:2:138743","sourceLayerId":2,"sourceObjectId":138743,"sourceURL":"https://maps8.stlouis-mo.gov/arcgis/rest/services/STREETS/Streets_Permitting/MapServer/2","title":"Street light L031526"},"type":"Feature"},{"geometry":{"coordinates":[-90.2737363684902,38.6597719975642],"type":"Point"},"id":"stl-city-public-streetlights:2:138744","properties":{"address":null,"attributes":{"Date_Installed":"1/2020","LED_Powered":1,"LightID":"L031527","Light_Source":"LED","Light_Type":"Cobra","Lighting_Type":"LED-Powered Lamp","Verification_Date":null},"id":"stl-city-public-streetlights:2:138744","sourceLayerId":2,"sourceObjectId":138744,"sourceURL":"https://maps8.stlouis-mo.gov/arcgis/rest/services/STREETS/Streets_Permitting/MapServer/2","title":"Street light L031527"},"type":"Feature"},{"geometry":{"coordinates":[-90.27329965399703,38.65972948601401],"type":"Point"},"id":"stl-city-public-streetlights:2:138745","properties":{"address":null,"attributes":{"Date_Installed":"1/2020","LED_Powered":1,"LightID":"L031528","Light_Source":"LED","Light_Type":"Cobra","Lighting_Type":"LED-Powered Lamp","Verification_Date":null},"id":"stl-city-public-streetlights:2:138745","sourceLayerId":2,"sourceObjectId":138745,"sourceURL":"https://maps8.stlouis-mo.gov/arcgis/rest/services/STREETS/Streets_Permitting/MapServer/2","title":"Street light L031528"},"type":"Feature"},{"geometry":{"coordinates":[-90.27285021002929,38.65968458959441],"type":"Point"},"id":"stl-city-public-streetlights:2:138746","properties":{"address":null,"attributes":{"Date_Installed":"1/2020","LED_Powered":1,"LightID":"L031529","Light_Source":"LED","Light_Type":"Cobra","Lighting_Type":"LED-Powered Lamp","Verification_Date":null},"id":"stl-city-public-streetlights:2:138746","sourceLayerId":2,"sourceObjectId":138746,"sourceURL":"https://maps8.stlouis-mo.gov/arcgis/rest/services/STREETS/Streets_Permitting/MapServer/2","title":"Street light L031529"},"type":"Feature"},{"geometry":{"coordinates":[-90.27239549855595,38.65963752357577],"type":"Point"},"id":"stl-city-public-streetlights:2:138747","properties":{"address":null,"attributes":{"Date_Installed":"1/2020","LED_Powered":1,"LightID":"L031530","Light_Source":"LED","Light_Type":"Cobra","Lighting_Type":"LED-Powered Lamp","Verification_Date":null},"id":"stl-city-public-streetlights:2:138747","sourceLayerId":2,"sourceObjectId":138747,"sourceURL":"https://maps8.stlouis-mo.gov/arcgis/rest/services/STREETS/Streets_Permitting/MapServer/2","title":"Street light L031530"},"type":"Feature"},{"geometry":{"coordinates":[-90.27281793130861,38.658763866733175],"type":"Point"},"id":"stl-city-public-streetlights:2:138748","properties":{"address":null,"attributes":{"Date_Installed":"4/10/2018","LED_Powered":1,"LightID":"L031531","Light_Source":"LED","Light_Type":"Cobra","Lighting_Type":"LED-Powered Lamp","Verification_Date":null},"id":"stl-city-public-streetlights:2:138748","sourceLayerId":2,"sourceObjectId":138748,"sourceURL":"https://maps8.stlouis-mo.gov/arcgis/rest/services/STREETS/Streets_Permitting/MapServer/2","title":"Street light L031531"},"type":"Feature"},{"geometry":{"coordinates":[-90.27327226961785,38.658806640365206],"type":"Point"},"id":"stl-city-public-streetlights:2:138749","properties":{"address":null,"attributes":{"Date_Installed":"4/10/2018","LED_Powered":1,"LightID":"L031532","Light_Source":"LED","Light_Type":"Cobra","Lighting_Type":"LED-Powered Lamp","Verification_Date":null},"id":"stl-city-public-streetlights:2:138749","sourceLayerId":2,"sourceObjectId":138749,"sourceURL":"https://maps8.stlouis-mo.gov/arcgis/rest/services/STREETS/Streets_Permitting/MapServer/2","title":"Street light L031532"},"type":"Feature"},{"geometry":{"coordinates":[-90.27370600550748,38.658847524659976],"type":"Point"},"id":"stl-city-public-streetlights:2:138750","properties":{"address":null,"attributes":{"Date_Installed":"4/10/2018","LED_Powered":1,"LightID":"L031533","Light_Source":"LED","Light_Type":"Cobra","Lighting_Type":"LED-Powered Lamp","Verification_Date":null},"id":"stl-city-public-streetlights:2:138750","sourceLayerId":2,"sourceObjectId":138750,"sourceURL":"https://maps8.stlouis-mo.gov/arcgis/rest/services/STREETS/Streets_Permitting/MapServer/2","title":"Street light L031533"},"type":"Feature"},{"geometry":{"coordinates":[-90.27416488095037,38.65889799086885],"type":"Point"},"id":"stl-city-public-streetlights:2:138751","properties":{"address":null,"attributes":{"Date_Installed":"4/10/2018","LED_Powered":1,"LightID":"L031534","Light_Source":"LED","Light_Type":"Cobra","Lighting_Type":"LED-Powered Lamp","Verification_Date":null},"id":"stl-city-public-streetlights:2:138751","sourceLayerId":2,"sourceObjectId":138751,"sourceURL":"https://maps8.stlouis-mo.gov/arcgis/rest/services/STREETS/Streets_Permitting/MapServer/2","title":"Street light L031534"},"type":"Feature"},{"geometry":{"coordinates":[-90.27461867947682,38.65893938708055],"type":"Point"},"id":"stl-city-public-streetlights:2:138752","properties":{"address":null,"attributes":{"Date_Installed":"4/10/2018","LED_Powered":1,"LightID":"L031535","Light_Source":"LED","Light_Type":"Cobra","Lighting_Type":"LED-Powered Lamp","Verification_Date":null},"id":"stl-city-public-streetlights:2:138752","sourceLayerId":2,"sourceObjectId":138752,"sourceURL":"https://maps8.stlouis-mo.gov/arcgis/rest/services/STREETS/Streets_Permitting/MapServer/2","title":"Street light L031535"},"type":"Feature"},{"geometry":{"coordinates":[-90.2750695093765,38.65898673518911],"type":"Point"},"id":"stl-city-public-streetlights:2:138753","properties":{"address":null,"attributes":{"Date_Installed":"4/10/2018","LED_Powered":1,"LightID":"L031536","Light_Source":"LED","Light_Type":"Cobra","Lighting_Type":"LED-Powered Lamp","Verification_Date":null},"id":"stl-city-public-streetlights:2:138753","sourceLayerId":2,"sourceObjectId":138753,"sourceURL":"https://maps8.stlouis-mo.gov/arcgis/rest/services/STREETS/Streets_Permitting/MapServer/2","title":"Street light L031536"},"type":"Feature"},{"geometry":{"coordinates":[-90.27549991590327,38.65902855956928],"type":"Point"},"id":"stl-city-public-streetlights:2:138754","properties":{"address":null,"attributes":{"Date_Installed":"4/10/2018","LED_Powered":1,"LightID":"L031537","Light_Source":"LED","Light_Type":"Cobra","Lighting_Type":"LED-Powered Lamp","Verification_Date":null},"id":"stl-city-public-streetlights:2:138754","sourceLayerId":2,"sourceObjectId":138754,"sourceURL":"https://maps8.stlouis-mo.gov/arcgis/rest/services/STREETS/Streets_Permitting/MapServer/2","title":"Street light L031537"},"type":"Feature"},{"geometry":{"coordinates":[-90.27596361373689,38.65907384337522],"type":"Point"},"id":"stl-city-public-streetlights:2:138755","properties":{"address":null,"attributes":{"Date_Installed":"4/10/2018","LED_Powered":1,"LightID":"L031538","Light_Source":"LED","Light_Type":"Cobra","Lighting_Type":"LED-Powered Lamp","Verification_Date":null},"id":"stl-city-public-streetlights:2:138755","sourceLayerId":2,"sourceObjectId":138755,"sourceURL":"https://maps8.stlouis-mo.gov/arcgis/rest/services/STREETS/Streets_Permitting/MapServer/2","title":"Street light L031538"},"type":"Feature"},{"geometry":{"coordinates":[-90.27642970734264,38.65912628025985],"type":"Point"},"id":"stl-city-public-streetlights:2:138756","properties":{"address":null,"attributes":{"Date_Installed":"4/10/2018","LED_Powered":1,"LightID":"L031539","Light_Source":"LED","Light_Type":"Cobra","Lighting_Type":"LED-Powered Lamp","Verification_Date":null},"id":"stl-city-public-streetlights:2:138756","sourceLayerId":2,"sourceObjectId":138756,"sourceURL":"https://maps8.stlouis-mo.gov/arcgis/rest/services/STREETS/Streets_Permitting/MapServer/2","title":"Street light L031539"},"type":"Feature"},{"geometry":{"coordinates":[-90.27688272449097,38.65916525902696],"type":"Point"},"id":"stl-city-public-streetlights:2:138757","properties":{"address":null,"attributes":{"Date_Installed":"4/10/2018","LED_Powered":1,"LightID":"L031540","Light_Source":"LED","Light_Type":"Cobra","Lighting_Type":"LED-Powered Lamp","Verification_Date":null},"id":"stl-city-public-streetlights:2:138757","sourceLayerId":2,"sourceObjectId":138757,"sourceURL":"https://maps8.stlouis-mo.gov/arcgis/rest/services/STREETS/Streets_Permitting/MapServer/2","title":"Street light L031540"},"type":"Feature"},{"geometry":{"coordinates":[-90.27734343765414,38.65921285595868],"type":"Point"},"id":"stl-city-public-streetlights:2:138758","properties":{"address":null,"attributes":{"Date_Installed":"4/10/2018","LED_Powered":1,"LightID":"L031541","Light_Source":"LED","Light_Type":"Cobra","Lighting_Type":"LED-Powered Lamp","Verification_Date":null},"id":"stl-city-public-streetlights:2:138758","sourceLayerId":2,"sourceObjectId":138758,"sourceURL":"https://maps8.stlouis-mo.gov/arcgis/rest/services/STREETS/Streets_Permitting/MapServer/2","title":"Street light L031541"},"type":"Feature"},{"geometry":{"coordinates":[-90.27778245361398,38.65926254406062],"type":"Point"},"id":"stl-city-public-streetlights:2:138759","properties":{"address":null,"attributes":{"Date_Installed":"4/10/2018","LED_Powered":1,"LightID":"L031542","Light_Source":"LED","Light_Type":"Cobra","Lighting_Type":"LED-Powered Lamp","Verification_Date":null},"id":"stl-city-public-streetlights:2:138759","sourceLayerId":2,"sourceObjectId":138759,"sourceURL":"https://maps8.stlouis-mo.gov/arcgis/rest/services/STREETS/Streets_Permitting/MapServer/2","title":"Street light L031542"},"type":"Feature"},{"geometry":{"coordinates":[-90.2728562539843,38.657530929847574],"type":"Point"},"id":"stl-city-public-streetlights:2:138760","properties":{"address":null,"attributes":{"Date_Installed":"4/10/2018","LED_Powered":1,"LightID":"L031543","Light_Source":"LED","Light_Type":"Cobra","Lighting_Type":"LED-Powered Lamp","Verification_Date":null},"id":"stl-city-public-streetlights:2:138760","sourceLayerId":2,"sourceObjectId":138760,"sourceURL":"https://maps8.stlouis-mo.gov/arcgis/rest/services/STREETS/Streets_Permitting/MapServer/2","title":"Street light L031543"},"type":"Feature"},{"geometry":{"coordinates":[-90.27328931060926,38.65757229093776],"type":"Point"},"id":"stl-city-public-streetlights:2:138761","properties":{"address":null,"attributes":{"Date_Installed":"4/10/2018","LED_Powered":1,"LightID":"L031544","Light_Source":"LED","Light_Type":"Cobra","Lighting_Type":"LED-Powered Lamp","Verification_Date":null},"id":"stl-city-public-streetlights:2:138761","sourceLayerId":2,"sourceObjectId":138761,"sourceURL":"https://maps8.stlouis-mo.gov/arcgis/rest/services/STREETS/Streets_Permitting/MapServer/2","title":"Street light L031544"},"type":"Feature"},{"geometry":{"coordinates":[-90.27374453350316,38.65762155984502],"type":"Point"},"id":"stl-city-public-streetlights:2:138762","properties":{"address":null,"attributes":{"Date_Installed":"4/10/2018","LED_Powered":1,"LightID":"L031545","Light_Source":"LED","Light_Type":"Cobra","Lighting_Type":"LED-Powered Lamp","Verification_Date":null},"id":"stl-city-public-streetlights:2:138762","sourceLayerId":2,"sourceObjectId":138762,"sourceURL":"https://maps8.stlouis-mo.gov/arcgis/rest/services/STREETS/Streets_Permitting/MapServer/2","title":"Street light L031545"},"type":"Feature"},{"geometry":{"coordinates":[-90.2741967353106,38.65766533835184],"type":"Point"},"id":"stl-city-public-streetlights:2:138763","properties":{"address":null,"attributes":{"Date_Installed":"4/10/2018","LED_Powered":1,"LightID":"L031546","Light_Source":"LED","Light_Type":"Cobra","Lighting_Type":"LED-Powered Lamp","Verification_Date":null},"id":"stl-city-public-streetlights:2:138763","sourceLayerId":2,"sourceObjectId":138763,"sourceURL":"https://maps8.stlouis-mo.gov/arcgis/rest/services/STREETS/Streets_Permitting/MapServer/2","title":"Street light L031546"},"type":"Feature"},{"geometry":{"coordinates":[-90.27462159600142,38.657703341804506],"type":"Point"},"id":"stl-city-public-streetlights:2:138764","properties":{"address":null,"attributes":{"Date_Installed":"4/10/2018","LED_Powered":1,"LightID":"L031547","Light_Source":"LED","Light_Type":"Cobra","Lighting_Type":"LED-Powered Lamp","Verification_Date":null},"id":"stl-city-public-streetlights:2:138764","sourceLayerId":2,"sourceObjectId":138764,"sourceURL":"https://maps8.stlouis-mo.gov/arcgis/rest/services/STREETS/Streets_Permitting/MapServer/2","title":"Street light L031547"},"type":"Feature"},{"geometry":{"coordinates":[-90.27507823721396,38.65774712545743],"type":"Point"},"id":"stl-city-public-streetlights:2:138765","properties":{"address":null,"attributes":{"Date_Installed":"4/10/2018","LED_Powered":1,"LightID":"L031548","Light_Source":"LED","Light_Type":"Cobra","Lighting_Type":"LED-Powered Lamp","Verification_Date":null},"id":"stl-city-public-streetlights:2:138765","sourceLayerId":2,"sourceObjectId":138765,"sourceURL":"https://maps8.stlouis-mo.gov/arcgis/rest/services/STREETS/Streets_Permitting/MapServer/2","title":"Street light L031548"},"type":"Feature"},{"geometry":{"coordinates":[-90.27550855518456,38.65779028475063],"type":"Point"},"id":"stl-city-public-streetlights:2:138766","properties":{"address":null,"attributes":{"Date_Installed":"4/10/2018","LED_Powered":1,"LightID":"L031549","Light_Source":"LED","Light_Type":"Cobra","Lighting_Type":"LED-Powered Lamp","Verification_Date":null},"id":"stl-city-public-streetlights:2:138766","sourceLayerId":2,"sourceObjectId":138766,"sourceURL":"https://maps8.stlouis-mo.gov/arcgis/rest/services/STREETS/Streets_Permitting/MapServer/2","title":"Street light L031549"},"type":"Feature"},{"geometry":{"coordinates":[-90.27595867770478,38.657838343381],"type":"Point"},"id":"stl-city-public-streetlights:2:138767","properties":{"address":null,"attributes":{"Date_Installed":"4/10/2018","LED_Powered":1,"LightID":"L031550","Light_Source":"LED","Light_Type":"Cobra","Lighting_Type":"LED-Powered Lamp","Verification_Date":null},"id":"stl-city-public-streetlights:2:138767","sourceLayerId":2,"sourceObjectId":138767,"sourceURL":"https://maps8.stlouis-mo.gov/arcgis/rest/services/STREETS/Streets_Permitting/MapServer/2","title":"Street light L031550"},"type":"Feature"},{"geometry":{"coordinates":[-90.27639447627341,38.65787922165966],"type":"Point"},"id":"stl-city-public-streetlights:2:138768","properties":{"address":null,"attributes":{"Date_Installed":"4/10/2018","LED_Powered":1,"LightID":"L031551","Light_Source":"LED","Light_Type":"Cobra","Lighting_Type":"LED-Powered Lamp","Verification_Date":null},"id":"stl-city-public-streetlights:2:138768","sourceLayerId":2,"sourceObjectId":138768,"sourceURL":"https://maps8.stlouis-mo.gov/arcgis/rest/services/STREETS/Streets_Permitting/MapServer/2","title":"Street light L031551"},"type":"Feature"},{"geometry":{"coordinates":[-90.276832088687,38.65792296209129],"type":"Point"},"id":"stl-city-public-streetlights:2:138769","properties":{"address":null,"attributes":{"Date_Installed":"4/10/2018","LED_Powered":1,"LightID":"L031552","Light_Source":"LED","Light_Type":"Cobra","Lighting_Type":"LED-Powered Lamp","Verification_Date":null},"id":"stl-city-public-streetlights:2:138769","sourceLayerId":2,"sourceObjectId":138769,"sourceURL":"https://maps8.stlouis-mo.gov/arcgis/rest/services/STREETS/Streets_Permitting/MapServer/2","title":"Street light L031552"},"type":"Feature"},{"geometry":{"coordinates":[-90.27725894624945,38.65796524979928],"type":"Point"},"id":"stl-city-public-streetlights:2:138770","properties":{"address":null,"attributes":{"Date_Installed":"4/10/2018","LED_Powered":1,"LightID":"L031553","Light_Source":"LED","Light_Type":"Cobra","Lighting_Type":"LED-Powered Lamp","Verification_Date":null},"id":"stl-city-public-streetlights:2:138770","sourceLayerId":2,"sourceObjectId":138770,"sourceURL":"https://maps8.stlouis-mo.gov/arcgis/rest/services/STREETS/Streets_Permitting/MapServer/2","title":"Street light L031553"},"type":"Feature"},{"geometry":{"coordinates":[-90.27769475403905,38.65800326383708],"type":"Point"},"id":"stl-city-public-streetlights:2:138771","properties":{"address":null,"attributes":{"Date_Installed":"4/10/2018","LED_Powered":1,"LightID":"L031554","Light_Source":"LED","Light_Type":"Cobra","Lighting_Type":"LED-Powered Lamp","Verification_Date":null},"id":"stl-city-public-streetlights:2:138771","sourceLayerId":2,"sourceObjectId":138771,"sourceURL":"https://maps8.stlouis-mo.gov/arcgis/rest/services/STREETS/Streets_Permitting/MapServer/2","title":"Street light L031554"},"type":"Feature"},{"geometry":{"coordinates":[-90.2781818035177,38.65804895529419],"type":"Point"},"id":"stl-city-public-streetlights:2:138772","properties":{"address":null,"attributes":{"Date_Installed":"4/10/2018","LED_Powered":1,"LightID":"L031555","Light_Source":"LED","Light_Type":"Cobra","Lighting_Type":"LED-Powered Lamp","Verification_Date":null},"id":"stl-city-public-streetlights:2:138772","sourceLayerId":2,"sourceObjectId":138772,"sourceURL":"https://maps8.stlouis-mo.gov/arcgis/rest/services/STREETS/Streets_Permitting/MapServer/2","title":"Street light L031555"},"type":"Feature"},{"geometry":{"coordinates":[-90.27858861769073,38.65809024700329],"type":"Point"},"id":"stl-city-public-streetlights:2:138773","properties":{"address":null,"attributes":{"Date_Installed":null,"LED_Powered":0,"LightID":"L031556","Light_Source":"LED","Light_Type":"Cobra","Lighting_Type":"LED-Powered Lamp","Verification_Date":null},"id":"stl-city-public-streetlights:2:138773","sourceLayerId":2,"sourceObjectId":138773,"sourceURL":"https://maps8.stlouis-mo.gov/arcgis/rest/services/STREETS/Streets_Permitting/MapServer/2","title":"Street light L031556"},"type":"Feature"},{"geometry":{"coordinates":[-90.2790365490002,38.65813515906237],"type":"Point"},"id":"stl-city-public-streetlights:2:138774","properties":{"address":null,"attributes":{"Date_Installed":null,"LED_Powered":0,"LightID":"L031557","Light_Source":"LED","Light_Type":"Cobra","Lighting_Type":"LED-Powered Lamp","Verification_Date":null},"id":"stl-city-public-streetlights:2:138774","sourceLayerId":2,"sourceObjectId":138774,"sourceURL":"https://maps8.stlouis-mo.gov/arcgis/rest/services/STREETS/Streets_Permitting/MapServer/2","title":"Street light L031557"},"type":"Feature"},{"geometry":{"coordinates":[-90.2795091665905,38.658181024034604],"type":"Point"},"id":"stl-city-public-streetlights:2:138775","properties":{"address":null,"attributes":{"Date_Installed":null,"LED_Powered":0,"LightID":"L031558","Light_Source":"LED","Light_Type":"Cobra","Lighting_Type":"LED-Powered Lamp","Verification_Date":null},"id":"stl-city-public-streetlights:2:138775","sourceLayerId":2,"sourceObjectId":138775,"sourceURL":"https://maps8.stlouis-mo.gov/arcgis/rest/services/STREETS/Streets_Permitting/MapServer/2","title":"Street light L031558"},"type":"Feature"},{"geometry":{"coordinates":[-90.27997981722716,38.6582266951126],"type":"Point"},"id":"stl-city-public-streetlights:2:138776","properties":{"address":null,"attributes":{"Date_Installed":null,"LED_Powered":0,"LightID":"L031559","Light_Source":"LED","Light_Type":"Cobra","Lighting_Type":"LED-Powered Lamp","Verification_Date":null},"id":"stl-city-public-streetlights:2:138776","sourceLayerId":2,"sourceObjectId":138776,"sourceURL":"https://maps8.stlouis-mo.gov/arcgis/rest/services/STREETS/Streets_Permitting/MapServer/2","title":"Street light L031559"},"type":"Feature"},{"geometry":{"coordinates":[-90.27968504724083,38.65701442302999],"type":"Point"},"id":"stl-city-public-streetlights:2:138784","properties":{"address":null,"attributes":{"Date_Installed":null,"LED_Powered":0,"LightID":"L031567","Light_Source":"LED","Light_Type":"Cobra","Lighting_Type":"LED-Powered Lamp","Verification_Date":null},"id":"stl-city-public-streetlights:2:138784","sourceLayerId":2,"sourceObjectId":138784,"sourceURL":"https://maps8.stlouis-mo.gov/arcgis/rest/services/STREETS/Streets_Permitting/MapServer/2","title":"Street light L031567"},"type":"Feature"},{"geometry":{"coordinates":[-90.27923418928256,38.65696876109399],"type":"Point"},"id":"stl-city-public-streetlights:2:138785","properties":{"address":null,"attributes":{"Date_Installed":null,"LED_Powered":0,"LightID":"L031568","Light_Source":"LED","Light_Type":"Cobra","Lighting_Type":"LED-Powered Lamp","Verification_Date":null},"id":"stl-city-public-streetlights:2:138785","sourceLayerId":2,"sourceObjectId":138785,"sourceURL":"https://maps8.stlouis-mo.gov/arcgis/rest/services/STREETS/Streets_Permitting/MapServer/2","title":"Street light L031568"},"type":"Feature"},{"geometry":{"coordinates":[-90.27876740438084,38.65692306729993],"type":"Point"},"id":"stl-city-public-streetlights:2:138786","properties":{"address":null,"attributes":{"Date_Installed":null,"LED_Powered":0,"LightID":"L031569","Light_Source":"LED","Light_Type":"Cobra","Lighting_Type":"LED-Powered Lamp","Verification_Date":null},"id":"stl-city-public-streetlights:2:138786","sourceLayerId":2,"sourceObjectId":138786,"sourceURL":"https://maps8.stlouis-mo.gov/arcgis/rest/services/STREETS/Streets_Permitting/MapServer/2","title":"Street light L031569"},"type":"Feature"},{"geometry":{"coordinates":[-90.27986299606152,38.65613717777326],"type":"Point"},"id":"stl-city-public-streetlights:2:138791","properties":{"address":null,"attributes":{"Date_Installed":null,"LED_Powered":0,"LightID":"L031574","Light_Source":"LED","Light_Type":"Cobra","Lighting_Type":"LED-Powered Lamp","Verification_Date":null},"id":"stl-city-public-streetlights:2:138791","sourceLayerId":2,"sourceObjectId":138791,"sourceURL":"https://maps8.stlouis-mo.gov/arcgis/rest/services/STREETS/Streets_Permitting/MapServer/2","title":"Street light L031574"},"type":"Feature"},{"geometry":{"coordinates":[-90.27934006274701,38.656083277106035],"type":"Point"},"id":"stl-city-public-streetlights:2:138792","properties":{"address":null,"attributes":{"Date_Installed":null,"LED_Powered":0,"LightID":"L031575","Light_Source":"LED","Light_Type":"Cobra","Lighting_Type":"LED-Powered Lamp","Verification_Date":null},"id":"stl-city-public-streetlights:2:138792","sourceLayerId":2,"sourceObjectId":138792,"sourceURL":"https://maps8.stlouis-mo.gov/arcgis/rest/services/STREETS/Streets_Permitting/MapServer/2","title":"Street light L031575"},"type":"Feature"},{"geometry":{"coordinates":[-90.27884921325804,38.65603586979831],"type":"Point"},"id":"stl-city-public-streetlights:2:138793","properties":{"address":null,"attributes":{"Date_Installed":null,"LED_Powered":0,"LightID":"L031576","Light_Source":"LED","Light_Type":"Cobra","Lighting_Type":"LED-Powered Lamp","Verification_Date":null},"id":"stl-city-public-streetlights:2:138793","sourceLayerId":2,"sourceObjectId":138793,"sourceURL":"https://maps8.stlouis-mo.gov/arcgis/rest/services/STREETS/Streets_Permitting/MapServer/2","title":"Street light L031576"},"type":"Feature"},{"geometry":{"coordinates":[-90.27986919801958,38.65464684257071],"type":"Point"},"id":"stl-city-public-streetlights:2:138797","properties":{"address":null,"attributes":{"Date_Installed":null,"LED_Powered":0,"LightID":"L031580","Light_Source":"LED","Light_Type":"Cobra","Lighting_Type":"LED-Powered Lamp","Verification_Date":null},"id":"stl-city-public-streetlights:2:138797","sourceLayerId":2,"sourceObjectId":138797,"sourceURL":"https://maps8.stlouis-mo.gov/arcgis/rest/services/STREETS/Streets_Permitting/MapServer/2","title":"Street light L031580"},"type":"Feature"},{"geometry":{"coordinates":[-90.27935864934601,38.65460297594999],"type":"Point"},"id":"stl-city-public-streetlights:2:138798","properties":{"address":null,"attributes":{"Date_Installed":null,"LED_Powered":0,"LightID":"L031581","Light_Source":"LED","Light_Type":"Cobra","Lighting_Type":"LED-Powered Lamp","Verification_Date":null},"id":"stl-city-public-streetlights:2:138798","sourceLayerId":2,"sourceObjectId":138798,"sourceURL":"https://maps8.stlouis-mo.gov/arcgis/rest/services/STREETS/Streets_Permitting/MapServer/2","title":"Street light L031581"},"type":"Feature"},{"geometry":{"coordinates":[-90.27880377328648,38.65483790469615],"type":"Point"},"id":"stl-city-public-streetlights:2:138799","properties":{"address":null,"attributes":{"Date_Installed":"4/10/2018","LED_Powered":1,"LightID":"L031582","Light_Source":"LED","Light_Type":"Cobra","Lighting_Type":"LED-Powered Lamp","Verification_Date":null},"id":"stl-city-public-streetlights:2:138799","sourceLayerId":2,"sourceObjectId":138799,"sourceURL":"https://maps8.stlouis-mo.gov/arcgis/rest/services/STREETS/Streets_Permitting/MapServer/2","title":"Street light L031582"},"type":"Feature"},{"geometry":{"coordinates":[-90.2782099689188,38.6547821956004],"type":"Point"},"id":"stl-city-public-streetlights:2:138800","properties":{"address":null,"attributes":{"Date_Installed":"4/10/2018","LED_Powered":1,"LightID":"L031583","Light_Source":"LED","Light_Type":"Cobra","Lighting_Type":"LED-Powered Lamp","Verification_Date":null},"id":"stl-city-public-streetlights:2:138800","sourceLayerId":2,"sourceObjectId":138800,"sourceURL":"https://maps8.stlouis-mo.gov/arcgis/rest/services/STREETS/Streets_Permitting/MapServer/2","title":"Street light L031583"},"type":"Feature"},{"geometry":{"coordinates":[-90.27763730639039,38.654721994919775],"type":"Point"},"id":"stl-city-public-streetlights:2:138801","properties":{"address":null,"attributes":{"Date_Installed":"4/10/2018","LED_Powered":1,"LightID":"L031584","Light_Source":"LED","Light_Type":"Cobra","Lighting_Type":"LED-Powered Lamp","Verification_Date":null},"id":"stl-city-public-streetlights:2:138801","sourceLayerId":2,"sourceObjectId":138801,"sourceURL":"https://maps8.stlouis-mo.gov/arcgis/rest/services/STREETS/Streets_Permitting/MapServer/2","title":"Street light L031584"},"type":"Feature"},{"geometry":{"coordinates":[-90.27704592797657,38.654668907010574],"type":"Point"},"id":"stl-city-public-streetlights:2:138802","properties":{"address":null,"attributes":{"Date_Installed":"4/10/2018","LED_Powered":1,"LightID":"L031585","Light_Source":"LED","Light_Type":"Cobra","Lighting_Type":"LED-Powered Lamp","Verification_Date":null},"id":"stl-city-public-streetlights:2:138802","sourceLayerId":2,"sourceObjectId":138802,"sourceURL":"https://maps8.stlouis-mo.gov/arcgis/rest/services/STREETS/Streets_Permitting/MapServer/2","title":"Street light L031585"},"type":"Feature"},{"geometry":{"coordinates":[-90.27642066471549,38.654603339828725],"type":"Point"},"id":"stl-city-public-streetlights:2:138803","properties":{"address":null,"attributes":{"Date_Installed":"4/10/2018","LED_Powered":1,"LightID":"L031586","Light_Source":"LED","Light_Type":"Cobra","Lighting_Type":"LED-Powered Lamp","Verification_Date":null},"id":"stl-city-public-streetlights:2:138803","sourceLayerId":2,"sourceObjectId":138803,"sourceURL":"https://maps8.stlouis-mo.gov/arcgis/rest/services/STREETS/Streets_Permitting/MapServer/2","title":"Street light L031586"},"type":"Feature"},{"geometry":{"coordinates":[-90.27580959127249,38.65454482162053],"type":"Point"},"id":"stl-city-public-streetlights:2:138804","properties":{"address":null,"attributes":{"Date_Installed":"4/10/2018","LED_Powered":1,"LightID":"L031587","Light_Source":"LED","Light_Type":"Cobra","Lighting_Type":"LED-Powered Lamp","Verification_Date":null},"id":"stl-city-public-streetlights:2:138804","sourceLayerId":2,"sourceObjectId":138804,"sourceURL":"https://maps8.stlouis-mo.gov/arcgis/rest/services/STREETS/Streets_Permitting/MapServer/2","title":"Street light L031587"},"type":"Feature"},{"geometry":{"coordinates":[-90.2751744259816,38.65448282063884],"type":"Point"},"id":"stl-city-public-streetlights:2:138805","properties":{"address":null,"attributes":{"Date_Installed":"4/10/2018","LED_Powered":1,"LightID":"L031588","Light_Source":"LED","Light_Type":"Cobra","Lighting_Type":"LED-Powered Lamp","Verification_Date":null},"id":"stl-city-public-streetlights:2:138805","sourceLayerId":2,"sourceObjectId":138805,"sourceURL":"https://maps8.stlouis-mo.gov/arcgis/rest/services/STREETS/Streets_Permitting/MapServer/2","title":"Street light L031588"},"type":"Feature"},{"geometry":{"coordinates":[-90.2745873053821,38.65443020505465],"type":"Point"},"id":"stl-city-public-streetlights:2:138806","properties":{"address":null,"attributes":{"Date_Installed":"4/10/2018","LED_Powered":1,"LightID":"L031589","Light_Source":"LED","Light_Type":"Cobra","Lighting_Type":"LED-Powered Lamp","Verification_Date":null},"id":"stl-city-public-streetlights:2:138806","sourceLayerId":2,"sourceObjectId":138806,"sourceURL":"https://maps8.stlouis-mo.gov/arcgis/rest/services/STREETS/Streets_Permitting/MapServer/2","title":"Street light L031589"},"type":"Feature"},{"geometry":{"coordinates":[-90.27391404920442,38.65436430946842],"type":"Point"},"id":"stl-city-public-streetlights:2:138807","properties":{"address":null,"attributes":{"Date_Installed":"4/10/2018","LED_Powered":1,"LightID":"L031590","Light_Source":"LED","Light_Type":"Cobra","Lighting_Type":"LED-Powered Lamp","Verification_Date":null},"id":"stl-city-public-streetlights:2:138807","sourceLayerId":2,"sourceObjectId":138807,"sourceURL":"https://maps8.stlouis-mo.gov/arcgis/rest/services/STREETS/Streets_Permitting/MapServer/2","title":"Street light L031590"},"type":"Feature"},{"geometry":{"coordinates":[-90.2733597748244,38.65430698460599],"type":"Point"},"id":"stl-city-public-streetlights:2:138808","properties":{"address":null,"attributes":{"Date_Installed":"4/10/2018","LED_Powered":1,"LightID":"L031591","Light_Source":"LED","Light_Type":"Cobra","Lighting_Type":"LED-Powered Lamp","Verification_Date":null},"id":"stl-city-public-streetlights:2:138808","sourceLayerId":2,"sourceObjectId":138808,"sourceURL":"https://maps8.stlouis-mo.gov/arcgis/rest/services/STREETS/Streets_Permitting/MapServer/2","title":"Street light L031591"},"type":"Feature"},{"geometry":{"coordinates":[-90.27355735998903,38.652853617706114],"type":"Point"},"id":"stl-city-public-streetlights:2:138809","properties":{"address":null,"attributes":{"Date_Installed":"1/2020","LED_Powered":1,"LightID":"L031592","Light_Source":"LED","Light_Type":"Cobra","Lighting_Type":"LED-Powered Lamp","Verification_Date":null},"id":"stl-city-public-streetlights:2:138809","sourceLayerId":2,"sourceObjectId":138809,"sourceURL":"https://maps8.stlouis-mo.gov/arcgis/rest/services/STREETS/Streets_Permitting/MapServer/2","title":"Street light L031592"},"type":"Feature"},{"geometry":{"coordinates":[-90.27401767704201,38.65298447349313],"type":"Point"},"id":"stl-city-public-streetlights:2:138986","properties":{"address":null,"attributes":{"Date_Installed":"1/2020","LED_Powered":1,"LightID":"L031801","Light_Source":"LED","Light_Type":"Cobra","Lighting_Type":"LED-Powered Lamp","Verification_Date":null},"id":"stl-city-public-streetlights:2:138986","sourceLayerId":2,"sourceObjectId":138986,"sourceURL":"https://maps8.stlouis-mo.gov/arcgis/rest/services/STREETS/Streets_Permitting/MapServer/2","title":"Street light L031801"},"type":"Feature"},{"geometry":{"coordinates":[-90.27446089297166,38.65307342664851],"type":"Point"},"id":"stl-city-public-streetlights:2:138987","properties":{"address":null,"attributes":{"Date_Installed":"1/2020","LED_Powered":1,"LightID":"L031802","Light_Source":"LED","Light_Type":"Cobra","Lighting_Type":"LED-Powered Lamp","Verification_Date":null},"id":"stl-city-public-streetlights:2:138987","sourceLayerId":2,"sourceObjectId":138987,"sourceURL":"https://maps8.stlouis-mo.gov/arcgis/rest/services/STREETS/Streets_Permitting/MapServer/2","title":"Street light L031802"},"type":"Feature"},{"geometry":{"coordinates":[-90.27499041127199,38.65314166428491],"type":"Point"},"id":"stl-city-public-streetlights:2:138988","properties":{"address":null,"attributes":{"Date_Installed":"1/2020","LED_Powered":1,"LightID":"L031803","Light_Source":"LED","Light_Type":"Cobra","Lighting_Type":"LED-Powered Lamp","Verification_Date":null},"id":"stl-city-public-streetlights:2:138988","sourceLayerId":2,"sourceObjectId":138988,"sourceURL":"https://maps8.stlouis-mo.gov/arcgis/rest/services/STREETS/Streets_Permitting/MapServer/2","title":"Street light L031803"},"type":"Feature"},{"geometry":{"coordinates":[-90.27545778104809,38.65318642023362],"type":"Point"},"id":"stl-city-public-streetlights:2:138989","properties":{"address":null,"attributes":{"Date_Installed":"1/2020","LED_Powered":1,"LightID":"L031804","Light_Source":"LED","Light_Type":"Cobra","Lighting_Type":"LED-Powered Lamp","Verification_Date":null},"id":"stl-city-public-streetlights:2:138989","sourceLayerId":2,"sourceObjectId":138989,"sourceURL":"https://maps8.stlouis-mo.gov/arcgis/rest/services/STREETS/Streets_Permitting/MapServer/2","title":"Street light L031804"},"type":"Feature"},{"geometry":{"coordinates":[-90.27589269200732,38.65322944459366],"type":"Point"},"id":"stl-city-public-streetlights:2:138990","properties":{"address":null,"attributes":{"Date_Installed":"1/2020","LED_Powered":1,"LightID":"L031805","Light_Source":"LED","Light_Type":"Cobra","Lighting_Type":"LED-Powered Lamp","Verification_Date":null},"id":"stl-city-public-streetlights:2:138990","sourceLayerId":2,"sourceObjectId":138990,"sourceURL":"https://maps8.stlouis-mo.gov/arcgis/rest/services/STREETS/Streets_Permitting/MapServer/2","title":"Street light L031805"},"type":"Feature"},{"geometry":{"coordinates":[-90.27635580705295,38.653274714021386],"type":"Point"},"id":"stl-city-public-streetlights:2:138991","properties":{"address":null,"attributes":{"Date_Installed":"1/2020","LED_Powered":1,"LightID":"L031806","Light_Source":"LED","Light_Type":"Cobra","Lighting_Type":"LED-Powered Lamp","Verification_Date":null},"id":"stl-city-public-streetlights:2:138991","sourceLayerId":2,"sourceObjectId":138991,"sourceURL":"https://maps8.stlouis-mo.gov/arcgis/rest/services/STREETS/Streets_Permitting/MapServer/2","title":"Street light L031806"},"type":"Feature"},{"geometry":{"coordinates":[-90.27678573728289,38.653316722851585],"type":"Point"},"id":"stl-city-public-streetlights:2:138992","properties":{"address":null,"attributes":{"Date_Installed":"1/2020","LED_Powered":1,"LightID":"L031807","Light_Source":"LED","Light_Type":"Cobra","Lighting_Type":"LED-Powered Lamp","Verification_Date":null},"id":"stl-city-public-streetlights:2:138992","sourceLayerId":2,"sourceObjectId":138992,"sourceURL":"https://maps8.stlouis-mo.gov/arcgis/rest/services/STREETS/Streets_Permitting/MapServer/2","title":"Street light L031807"},"type":"Feature"},{"geometry":{"coordinates":[-90.27727838310224,38.653366764722165],"type":"Point"},"id":"stl-city-public-streetlights:2:138993","properties":{"address":null,"attributes":{"Date_Installed":"1/2020","LED_Powered":1,"LightID":"L031808","Light_Source":"LED","Light_Type":"Cobra","Lighting_Type":"LED-Powered Lamp","Verification_Date":null},"id":"stl-city-public-streetlights:2:138993","sourceLayerId":2,"sourceObjectId":138993,"sourceURL":"https://maps8.stlouis-mo.gov/arcgis/rest/services/STREETS/Streets_Permitting/MapServer/2","title":"Street light L031808"},"type":"Feature"},{"geometry":{"coordinates":[-90.2777621649299,38.653413449890586],"type":"Point"},"id":"stl-city-public-streetlights:2:138994","properties":{"address":null,"attributes":{"Date_Installed":"1/2020","LED_Powered":1,"LightID":"L031809","Light_Source":"LED","Light_Type":"Cobra","Lighting_Type":"LED-Powered Lamp","Verification_Date":null},"id":"stl-city-public-streetlights:2:138994","sourceLayerId":2,"sourceObjectId":138994,"sourceURL":"https://maps8.stlouis-mo.gov/arcgis/rest/services/STREETS/Streets_Permitting/MapServer/2","title":"Street light L031809"},"type":"Feature"},{"geometry":{"coordinates":[-90.27824256566653,38.653452498834014],"type":"Point"},"id":"stl-city-public-streetlights:2:138995","properties":{"address":null,"attributes":{"Date_Installed":"1/2020","LED_Powered":1,"LightID":"L031810","Light_Source":"LED","Light_Type":"Cobra","Lighting_Type":"LED-Powered Lamp","Verification_Date":null},"id":"stl-city-public-streetlights:2:138995","sourceLayerId":2,"sourceObjectId":138995,"sourceURL":"https://maps8.stlouis-mo.gov/arcgis/rest/services/STREETS/Streets_Permitting/MapServer/2","title":"Street light L031810"},"type":"Feature"},{"geometry":{"coordinates":[-90.27871574939942,38.653505834644406],"type":"Point"},"id":"stl-city-public-streetlights:2:138996","properties":{"address":null,"attributes":{"Date_Installed":"1/2020","LED_Powered":1,"LightID":"L031811","Light_Source":"LED","Light_Type":"Cobra","Lighting_Type":"LED-Powered Lamp","Verification_Date":null},"id":"stl-city-public-streetlights:2:138996","sourceLayerId":2,"sourceObjectId":138996,"sourceURL":"https://maps8.stlouis-mo.gov/arcgis/rest/services/STREETS/Streets_Permitting/MapServer/2","title":"Street light L031811"},"type":"Feature"},{"geometry":{"coordinates":[-90.2792173990869,38.65355445387156],"type":"Point"},"id":"stl-city-public-streetlights:2:138997","properties":{"address":null,"attributes":{"Date_Installed":null,"LED_Powered":0,"LightID":"L031812","Light_Source":"LED","Light_Type":"Cobra","Lighting_Type":"LED-Powered Lamp","Verification_Date":null},"id":"stl-city-public-streetlights:2:138997","sourceLayerId":2,"sourceObjectId":138997,"sourceURL":"https://maps8.stlouis-mo.gov/arcgis/rest/services/STREETS/Streets_Permitting/MapServer/2","title":"Street light L031812"},"type":"Feature"},{"geometry":{"coordinates":[-90.27968354821648,38.65360300499378],"type":"Point"},"id":"stl-city-public-streetlights:2:138998","properties":{"address":null,"attributes":{"Date_Installed":null,"LED_Powered":0,"LightID":"L031813","Light_Source":"LED","Light_Type":"Cobra","Lighting_Type":"LED-Powered Lamp","Verification_Date":null},"id":"stl-city-public-streetlights:2:138998","sourceLayerId":2,"sourceObjectId":138998,"sourceURL":"https://maps8.stlouis-mo.gov/arcgis/rest/services/STREETS/Streets_Permitting/MapServer/2","title":"Street light L031813"},"type":"Feature"},{"geometry":{"coordinates":[-90.27903484002196,38.653669377741736],"type":"Point"},"id":"stl-city-public-streetlights:2:139017","properties":{"address":null,"attributes":{"Date_Installed":"4/10/2018","LED_Powered":1,"LightID":"L031832","Light_Source":"LED","Light_Type":"Cobra","Lighting_Type":"LED-Powered Lamp","Verification_Date":null},"id":"stl-city-public-streetlights:2:139017","sourceLayerId":2,"sourceObjectId":139017,"sourceURL":"https://maps8.stlouis-mo.gov/arcgis/rest/services/STREETS/Streets_Permitting/MapServer/2","title":"Street light L031832"},"type":"Feature"},{"geometry":{"coordinates":[-90.27895489394554,38.65416406259616],"type":"Point"},"id":"stl-city-public-streetlights:2:139018","properties":{"address":null,"attributes":{"Date_Installed":"4/10/2018","LED_Powered":1,"LightID":"L031833","Light_Source":"LED","Light_Type":"Cobra","Lighting_Type":"LED-Powered Lamp","Verification_Date":null},"id":"stl-city-public-streetlights:2:139018","sourceLayerId":2,"sourceObjectId":139018,"sourceURL":"https://maps8.stlouis-mo.gov/arcgis/rest/services/STREETS/Streets_Permitting/MapServer/2","title":"Street light L031833"},"type":"Feature"},{"geometry":{"coordinates":[-90.27888053409515,38.65462128730247],"type":"Point"},"id":"stl-city-public-streetlights:2:139019","properties":{"address":null,"attributes":{"Date_Installed":"2020-01-10","LED_Powered":1,"LightID":"L031834","Light_Source":"LED","Light_Type":"Cobra","Lighting_Type":"5G Pole - 5G Pole -5G Pole - 1A","Verification_Date":null},"id":"stl-city-public-streetlights:2:139019","sourceLayerId":2,"sourceObjectId":139019,"sourceURL":"https://maps8.stlouis-mo.gov/arcgis/rest/services/STREETS/Streets_Permitting/MapServer/2","title":"Street light L031834"},"type":"Feature"},{"geometry":{"coordinates":[-90.27879553971627,38.65512611632357],"type":"Point"},"id":"stl-city-public-streetlights:2:139020","properties":{"address":null,"attributes":{"Date_Installed":"4/10/2018","LED_Powered":1,"LightID":"L031835","Light_Source":"LED","Light_Type":"Cobra","Lighting_Type":"LED-Powered Lamp","Verification_Date":null},"id":"stl-city-public-streetlights:2:139020","sourceLayerId":2,"sourceObjectId":139020,"sourceURL":"https://maps8.stlouis-mo.gov/arcgis/rest/services/STREETS/Streets_Permitting/MapServer/2","title":"Street light L031835"},"type":"Feature"},{"geometry":{"coordinates":[-90.27871642679992,38.655596132567105],"type":"Point"},"id":"stl-city-public-streetlights:2:139021","properties":{"address":null,"attributes":{"Date_Installed":"4/10/2018","LED_Powered":1,"LightID":"L031836","Light_Source":"LED","Light_Type":"Cobra","Lighting_Type":"LED-Powered Lamp","Verification_Date":null},"id":"stl-city-public-streetlights:2:139021","sourceLayerId":2,"sourceObjectId":139021,"sourceURL":"https://maps8.stlouis-mo.gov/arcgis/rest/services/STREETS/Streets_Permitting/MapServer/2","title":"Street light L031836"},"type":"Feature"},{"geometry":{"coordinates":[-90.27863578337654,38.65607892220394],"type":"Point"},"id":"stl-city-public-streetlights:2:139022","properties":{"address":null,"attributes":{"Date_Installed":"4/10/2018","LED_Powered":1,"LightID":"L031837","Light_Source":"LED","Light_Type":"Cobra","Lighting_Type":"LED-Powered Lamp","Verification_Date":null},"id":"stl-city-public-streetlights:2:139022","sourceLayerId":2,"sourceObjectId":139022,"sourceURL":"https://maps8.stlouis-mo.gov/arcgis/rest/services/STREETS/Streets_Permitting/MapServer/2","title":"Street light L031837"},"type":"Feature"},{"geometry":{"coordinates":[-90.27855554484944,38.656568290788236],"type":"Point"},"id":"stl-city-public-streetlights:2:139023","properties":{"address":null,"attributes":{"Date_Installed":"4/10/2018","LED_Powered":1,"LightID":"L031838","Light_Source":"LED","Light_Type":"Cobra","Lighting_Type":"LED-Powered Lamp","Verification_Date":null},"id":"stl-city-public-streetlights:2:139023","sourceLayerId":2,"sourceObjectId":139023,"sourceURL":"https://maps8.stlouis-mo.gov/arcgis/rest/services/STREETS/Streets_Permitting/MapServer/2","title":"Street light L031838"},"type":"Feature"},{"geometry":{"coordinates":[-90.2784751450681,38.65706004181615],"type":"Point"},"id":"stl-city-public-streetlights:2:139024","properties":{"address":null,"attributes":{"Date_Installed":"4/10/2018","LED_Powered":1,"LightID":"L031839","Light_Source":"LED","Light_Type":"Cobra","Lighting_Type":"LED-Powered Lamp","Verification_Date":null},"id":"stl-city-public-streetlights:2:139024","sourceLayerId":2,"sourceObjectId":139024,"sourceURL":"https://maps8.stlouis-mo.gov/arcgis/rest/services/STREETS/Streets_Permitting/MapServer/2","title":"Street light L031839"},"type":"Feature"},{"geometry":{"coordinates":[-90.27838740302369,38.657566892116],"type":"Point"},"id":"stl-city-public-streetlights:2:139025","properties":{"address":null,"attributes":{"Date_Installed":"4/10/2018","LED_Powered":1,"LightID":"L031840","Light_Source":"LED","Light_Type":"Cobra","Lighting_Type":"LED-Powered Lamp","Verification_Date":null},"id":"stl-city-public-streetlights:2:139025","sourceLayerId":2,"sourceObjectId":139025,"sourceURL":"https://maps8.stlouis-mo.gov/arcgis/rest/services/STREETS/Streets_Permitting/MapServer/2","title":"Street light L031840"},"type":"Feature"},{"geometry":{"coordinates":[-90.27831670321143,38.658007772026956],"type":"Point"},"id":"stl-city-public-streetlights:2:139026","properties":{"address":null,"attributes":{"Date_Installed":"4/10/2018","LED_Powered":1,"LightID":"L031841","Light_Source":"LED","Light_Type":"Cobra","Lighting_Type":"LED-Powered Lamp","Verification_Date":null},"id":"stl-city-public-streetlights:2:139026","sourceLayerId":2,"sourceObjectId":139026,"sourceURL":"https://maps8.stlouis-mo.gov/arcgis/rest/services/STREETS/Streets_Permitting/MapServer/2","title":"Street light L031841"},"type":"Feature"},{"geometry":{"coordinates":[-90.27821466463142,38.658556001577026],"type":"Point"},"id":"stl-city-public-streetlights:2:139027","properties":{"address":null,"attributes":{"Date_Installed":"4/10/2018","LED_Powered":1,"LightID":"L031842","Light_Source":"LED","Light_Type":"Cobra","Lighting_Type":"LED-Powered Lamp","Verification_Date":null},"id":"stl-city-public-streetlights:2:139027","sourceLayerId":2,"sourceObjectId":139027,"sourceURL":"https://maps8.stlouis-mo.gov/arcgis/rest/services/STREETS/Streets_Permitting/MapServer/2","title":"Street light L031842"},"type":"Feature"},{"geometry":{"coordinates":[-90.27813008428163,38.65907141416664],"type":"Point"},"id":"stl-city-public-streetlights:2:139028","properties":{"address":null,"attributes":{"Date_Installed":"4/10/2018","LED_Powered":1,"LightID":"L031843","Light_Source":"LED","Light_Type":"Cobra","Lighting_Type":"LED-Powered Lamp","Verification_Date":null},"id":"stl-city-public-streetlights:2:139028","sourceLayerId":2,"sourceObjectId":139028,"sourceURL":"https://maps8.stlouis-mo.gov/arcgis/rest/services/STREETS/Streets_Permitting/MapServer/2","title":"Street light L031843"},"type":"Feature"},{"geometry":{"coordinates":[-90.2780535373816,38.65954441373415],"type":"Point"},"id":"stl-city-public-streetlights:2:139029","properties":{"address":null,"attributes":{"Date_Installed":"4/10/2018","LED_Powered":1,"LightID":"L031844","Light_Source":"LED","Light_Type":"Cobra","Lighting_Type":"LED-Powered Lamp","Verification_Date":null},"id":"stl-city-public-streetlights:2:139029","sourceLayerId":2,"sourceObjectId":139029,"sourceURL":"https://maps8.stlouis-mo.gov/arcgis/rest/services/STREETS/Streets_Permitting/MapServer/2","title":"Street light L031844"},"type":"Feature"},{"geometry":{"coordinates":[-90.27231274697368,38.65988944679831],"type":"Point"},"id":"stl-city-public-streetlights:2:139039","properties":{"address":null,"attributes":{"Date_Installed":"6/15/2017","LED_Powered":1,"LightID":"L031854","Light_Source":"LED","Light_Type":"Cobra","Lighting_Type":"LED-Powered Lamp","Verification_Date":null},"id":"stl-city-public-streetlights:2:139039","sourceLayerId":2,"sourceObjectId":139039,"sourceURL":"https://maps8.stlouis-mo.gov/arcgis/rest/services/STREETS/Streets_Permitting/MapServer/2","title":"Street light L031854"},"type":"Feature"},{"geometry":{"coordinates":[-90.27236884753702,38.65945330978328],"type":"Point"},"id":"stl-city-public-streetlights:2:139040","properties":{"address":null,"attributes":{"Date_Installed":"6/15/2017","LED_Powered":1,"LightID":"L031855","Light_Source":"LED","Light_Type":"Cobra","Lighting_Type":"LED-Powered Lamp","Verification_Date":null},"id":"stl-city-public-streetlights:2:139040","sourceLayerId":2,"sourceObjectId":139040,"sourceURL":"https://maps8.stlouis-mo.gov/arcgis/rest/services/STREETS/Streets_Permitting/MapServer/2","title":"Street light L031855"},"type":"Feature"},{"geometry":{"coordinates":[-90.27242934179955,38.6590884621092],"type":"Point"},"id":"stl-city-public-streetlights:2:139041","properties":{"address":null,"attributes":{"Date_Installed":"6/15/2017","LED_Powered":1,"LightID":"L031856","Light_Source":"LED","Light_Type":"Cobra","Lighting_Type":"LED-Powered Lamp","Verification_Date":null},"id":"stl-city-public-streetlights:2:139041","sourceLayerId":2,"sourceObjectId":139041,"sourceURL":"https://maps8.stlouis-mo.gov/arcgis/rest/services/STREETS/Streets_Permitting/MapServer/2","title":"Street light L031856"},"type":"Feature"},{"geometry":{"coordinates":[-90.27248114066377,38.6587626653201],"type":"Point"},"id":"stl-city-public-streetlights:2:139042","properties":{"address":null,"attributes":{"Date_Installed":"6/15/2017","LED_Powered":1,"LightID":"L031857","Light_Source":"LED","Light_Type":"Cobra","Lighting_Type":"LED-Powered Lamp","Verification_Date":null},"id":"stl-city-public-streetlights:2:139042","sourceLayerId":2,"sourceObjectId":139042,"sourceURL":"https://maps8.stlouis-mo.gov/arcgis/rest/services/STREETS/Streets_Permitting/MapServer/2","title":"Street light L031857"},"type":"Feature"},{"geometry":{"coordinates":[-90.27254733418665,38.65837914153184],"type":"Point"},"id":"stl-city-public-streetlights:2:139043","properties":{"address":null,"attributes":{"Date_Installed":"6/15/2017","LED_Powered":1,"LightID":"L031858","Light_Source":"LED","Light_Type":"Cobra","Lighting_Type":"LED-Powered Lamp","Verification_Date":null},"id":"stl-city-public-streetlights:2:139043","sourceLayerId":2,"sourceObjectId":139043,"sourceURL":"https://maps8.stlouis-mo.gov/arcgis/rest/services/STREETS/Streets_Permitting/MapServer/2","title":"Street light L031858"},"type":"Feature"},{"geometry":{"coordinates":[-90.27260663222326,38.658012313924466],"type":"Point"},"id":"stl-city-public-streetlights:2:139044","properties":{"address":null,"attributes":{"Date_Installed":"6/15/2017","LED_Powered":1,"LightID":"L031859","Light_Source":"LED","Light_Type":"Cobra","Lighting_Type":"LED-Powered Lamp","Verification_Date":null},"id":"stl-city-public-streetlights:2:139044","sourceLayerId":2,"sourceObjectId":139044,"sourceURL":"https://maps8.stlouis-mo.gov/arcgis/rest/services/STREETS/Streets_Permitting/MapServer/2","title":"Street light L031859"},"type":"Feature"},{"geometry":{"coordinates":[-90.27266644129874,38.65765191057977],"type":"Point"},"id":"stl-city-public-streetlights:2:139045","properties":{"address":null,"attributes":{"Date_Installed":"6/15/2017","LED_Powered":1,"LightID":"L031860","Light_Source":"LED","Light_Type":"Cobra","Lighting_Type":"LED-Powered Lamp","Verification_Date":null},"id":"stl-city-public-streetlights:2:139045","sourceLayerId":2,"sourceObjectId":139045,"sourceURL":"https://maps8.stlouis-mo.gov/arcgis/rest/services/STREETS/Streets_Permitting/MapServer/2","title":"Street light L031860"},"type":"Feature"},{"geometry":{"coordinates":[-90.27273605466907,38.65726754642198],"type":"Point"},"id":"stl-city-public-streetlights:2:139046","properties":{"address":null,"attributes":{"Date_Installed":"6/15/2017","LED_Powered":1,"LightID":"L031861","Light_Source":"LED","Light_Type":"Cobra","Lighting_Type":"LED-Powered Lamp","Verification_Date":null},"id":"stl-city-public-streetlights:2:139046","sourceLayerId":2,"sourceObjectId":139046,"sourceURL":"https://maps8.stlouis-mo.gov/arcgis/rest/services/STREETS/Streets_Permitting/MapServer/2","title":"Street light L031861"},"type":"Feature"},{"geometry":{"coordinates":[-90.27280186716446,38.6568350034868],"type":"Point"},"id":"stl-city-public-streetlights:2:139047","properties":{"address":null,"attributes":{"Date_Installed":"6/15/2017","LED_Powered":1,"LightID":"L031862","Light_Source":"LED","Light_Type":"Cobra","Lighting_Type":"LED-Powered Lamp","Verification_Date":null},"id":"stl-city-public-streetlights:2:139047","sourceLayerId":2,"sourceObjectId":139047,"sourceURL":"https://maps8.stlouis-mo.gov/arcgis/rest/services/STREETS/Streets_Permitting/MapServer/2","title":"Street light L031862"},"type":"Feature"},{"geometry":{"coordinates":[-90.27286544640128,38.65649307997676],"type":"Point"},"id":"stl-city-public-streetlights:2:139048","properties":{"address":null,"attributes":{"Date_Installed":"6/15/2017","LED_Powered":1,"LightID":"L031863","Light_Source":"LED","Light_Type":"Cobra","Lighting_Type":"LED-Powered Lamp","Verification_Date":null},"id":"stl-city-public-streetlights:2:139048","sourceLayerId":2,"sourceObjectId":139048,"sourceURL":"https://maps8.stlouis-mo.gov/arcgis/rest/services/STREETS/Streets_Permitting/MapServer/2","title":"Street light L031863"},"type":"Feature"},{"geometry":{"coordinates":[-90.27293795993926,38.6560558770157],"type":"Point"},"id":"stl-city-public-streetlights:2:139049","properties":{"address":null,"attributes":{"Date_Installed":"6/15/2017","LED_Powered":1,"LightID":"L031864","Light_Source":"LED","Light_Type":"Cobra","Lighting_Type":"LED-Powered Lamp","Verification_Date":null},"id":"stl-city-public-streetlights:2:139049","sourceLayerId":2,"sourceObjectId":139049,"sourceURL":"https://maps8.stlouis-mo.gov/arcgis/rest/services/STREETS/Streets_Permitting/MapServer/2","title":"Street light L031864"},"type":"Feature"},{"geometry":{"coordinates":[-90.27299567093608,38.65568500550146],"type":"Point"},"id":"stl-city-public-streetlights:2:139050","properties":{"address":null,"attributes":{"Date_Installed":"6/15/2017","LED_Powered":1,"LightID":"L031865","Light_Source":"LED","Light_Type":"Cobra","Lighting_Type":"LED-Powered Lamp","Verification_Date":null},"id":"stl-city-public-streetlights:2:139050","sourceLayerId":2,"sourceObjectId":139050,"sourceURL":"https://maps8.stlouis-mo.gov/arcgis/rest/services/STREETS/Streets_Permitting/MapServer/2","title":"Street light L031865"},"type":"Feature"},{"geometry":{"coordinates":[-90.27305705141632,38.65530706098085],"type":"Point"},"id":"stl-city-public-streetlights:2:139051","properties":{"address":null,"attributes":{"Date_Installed":"6/15/2017","LED_Powered":1,"LightID":"L031866","Light_Source":"LED","Light_Type":"Cobra","Lighting_Type":"LED-Powered Lamp","Verification_Date":null},"id":"stl-city-public-streetlights:2:139051","sourceLayerId":2,"sourceObjectId":139051,"sourceURL":"https://maps8.stlouis-mo.gov/arcgis/rest/services/STREETS/Streets_Permitting/MapServer/2","title":"Street light L031866"},"type":"Feature"},{"geometry":{"coordinates":[-90.27311903784178,38.65493021485879],"type":"Point"},"id":"stl-city-public-streetlights:2:139052","properties":{"address":null,"attributes":{"Date_Installed":"6/15/2017","LED_Powered":1,"LightID":"L031867","Light_Source":"LED","Light_Type":"Cobra","Lighting_Type":"LED-Powered Lamp","Verification_Date":null},"id":"stl-city-public-streetlights:2:139052","sourceLayerId":2,"sourceObjectId":139052,"sourceURL":"https://maps8.stlouis-mo.gov/arcgis/rest/services/STREETS/Streets_Permitting/MapServer/2","title":"Street light L031867"},"type":"Feature"},{"geometry":{"coordinates":[-90.27318028234323,38.654546883554104],"type":"Point"},"id":"stl-city-public-streetlights:2:139053","properties":{"address":null,"attributes":{"Date_Installed":"6/15/2017","LED_Powered":1,"LightID":"L031868","Light_Source":"LED","Light_Type":"Cobra","Lighting_Type":"LED-Powered Lamp","Verification_Date":null},"id":"stl-city-public-streetlights:2:139053","sourceLayerId":2,"sourceObjectId":139053,"sourceURL":"https://maps8.stlouis-mo.gov/arcgis/rest/services/STREETS/Streets_Permitting/MapServer/2","title":"Street light L031868"},"type":"Feature"},{"geometry":{"coordinates":[-90.27324734752888,38.65414935738092],"type":"Point"},"id":"stl-city-public-streetlights:2:139054","properties":{"address":null,"attributes":{"Date_Installed":"6/15/2017","LED_Powered":1,"LightID":"L031869","Light_Source":"LED","Light_Type":"Cobra","Lighting_Type":"LED-Powered Lamp","Verification_Date":null},"id":"stl-city-public-streetlights:2:139054","sourceLayerId":2,"sourceObjectId":139054,"sourceURL":"https://maps8.stlouis-mo.gov/arcgis/rest/services/STREETS/Streets_Permitting/MapServer/2","title":"Street light L031869"},"type":"Feature"},{"geometry":{"coordinates":[-90.27334325191632,38.65373408098185],"type":"Point"},"id":"stl-city-public-streetlights:2:139055","properties":{"address":null,"attributes":{"Date_Installed":"6/15/2017","LED_Powered":1,"LightID":"L031870","Light_Source":"LED","Light_Type":"Cobra","Lighting_Type":"LED-Powered Lamp","Verification_Date":null},"id":"stl-city-public-streetlights:2:139055","sourceLayerId":2,"sourceObjectId":139055,"sourceURL":"https://maps8.stlouis-mo.gov/arcgis/rest/services/STREETS/Streets_Permitting/MapServer/2","title":"Street light L031870"},"type":"Feature"},{"geometry":{"coordinates":[-90.27338055484036,38.653356304819475],"type":"Point"},"id":"stl-city-public-streetlights:2:139056","properties":{"address":null,"attributes":{"Date_Installed":"6/15/2017","LED_Powered":1,"LightID":"L031871","Light_Source":"LED","Light_Type":"Cobra","Lighting_Type":"LED-Powered Lamp","Verification_Date":null},"id":"stl-city-public-streetlights:2:139056","sourceLayerId":2,"sourceObjectId":139056,"sourceURL":"https://maps8.stlouis-mo.gov/arcgis/rest/services/STREETS/Streets_Permitting/MapServer/2","title":"Street light L031871"},"type":"Feature"},{"geometry":{"coordinates":[-90.27345443759702,38.65289270614065],"type":"Point"},"id":"stl-city-public-streetlights:2:139057","properties":{"address":null,"attributes":{"Date_Installed":"6/15/2017","LED_Powered":1,"LightID":"L031872","Light_Source":"LED","Light_Type":"Cobra","Lighting_Type":"LED-Powered Lamp","Verification_Date":null},"id":"stl-city-public-streetlights:2:139057","sourceLayerId":2,"sourceObjectId":139057,"sourceURL":"https://maps8.stlouis-mo.gov/arcgis/rest/services/STREETS/Streets_Permitting/MapServer/2","title":"Street light L031872"},"type":"Feature"},{"geometry":{"coordinates":[-90.27669303065883,38.65472021508477],"type":"Point"},"id":"stl-city-public-streetlights:2:139058","properties":{"address":null,"attributes":{"Date_Installed":"4/10/2018","LED_Powered":1,"LightID":"L031873","Light_Source":"LED","Light_Type":"Cobra","Lighting_Type":"LED-Powered Lamp","Verification_Date":null},"id":"stl-city-public-streetlights:2:139058","sourceLayerId":2,"sourceObjectId":139058,"sourceURL":"https://maps8.stlouis-mo.gov/arcgis/rest/services/STREETS/Streets_Permitting/MapServer/2","title":"Street light L031873"},"type":"Feature"},{"geometry":{"coordinates":[-90.27661866712992,38.655173434743446],"type":"Point"},"id":"stl-city-public-streetlights:2:139059","properties":{"address":null,"attributes":{"Date_Installed":"4/10/2018","LED_Powered":1,"LightID":"L031874","Light_Source":"LED","Light_Type":"Cobra","Lighting_Type":"LED-Powered Lamp","Verification_Date":null},"id":"stl-city-public-streetlights:2:139059","sourceLayerId":2,"sourceObjectId":139059,"sourceURL":"https://maps8.stlouis-mo.gov/arcgis/rest/services/STREETS/Streets_Permitting/MapServer/2","title":"Street light L031874"},"type":"Feature"},{"geometry":{"coordinates":[-90.27655935201886,38.655086024581244],"type":"Point"},"id":"stl-city-public-streetlights:2:139060","properties":{"address":null,"attributes":{"Date_Installed":"4/10/2018","LED_Powered":1,"LightID":"L031875","Light_Source":"LED","Light_Type":"Cobra","Lighting_Type":"LED-Powered Lamp","Verification_Date":null},"id":"stl-city-public-streetlights:2:139060","sourceLayerId":2,"sourceObjectId":139060,"sourceURL":"https://maps8.stlouis-mo.gov/arcgis/rest/services/STREETS/Streets_Permitting/MapServer/2","title":"Street light L031875"},"type":"Feature"},{"geometry":{"coordinates":[-90.27610661502197,38.655043231642956],"type":"Point"},"id":"stl-city-public-streetlights:2:139061","properties":{"address":null,"attributes":{"Date_Installed":"4/10/2018","LED_Powered":1,"LightID":"L031876","Light_Source":"LED","Light_Type":"Cobra","Lighting_Type":"LED-Powered Lamp","Verification_Date":null},"id":"stl-city-public-streetlights:2:139061","sourceLayerId":2,"sourceObjectId":139061,"sourceURL":"https://maps8.stlouis-mo.gov/arcgis/rest/services/STREETS/Streets_Permitting/MapServer/2","title":"Street light L031876"},"type":"Feature"},{"geometry":{"coordinates":[-90.2756770060949,38.655002220919435],"type":"Point"},"id":"stl-city-public-streetlights:2:139062","properties":{"address":null,"attributes":{"Date_Installed":"4/10/2018","LED_Powered":1,"LightID":"L031877","Light_Source":"LED","Light_Type":"Cobra","Lighting_Type":"LED-Powered Lamp","Verification_Date":null},"id":"stl-city-public-streetlights:2:139062","sourceLayerId":2,"sourceObjectId":139062,"sourceURL":"https://maps8.stlouis-mo.gov/arcgis/rest/services/STREETS/Streets_Permitting/MapServer/2","title":"Street light L031877"},"type":"Feature"},{"geometry":{"coordinates":[-90.27534622782669,38.65496869204369],"type":"Point"},"id":"stl-city-public-streetlights:2:139063","properties":{"address":null,"attributes":{"Date_Installed":"4/10/2018","LED_Powered":1,"LightID":"L031878","Light_Source":"LED","Light_Type":"Cobra","Lighting_Type":"LED-Powered Lamp","Verification_Date":null},"id":"stl-city-public-streetlights:2:139063","sourceLayerId":2,"sourceObjectId":139063,"sourceURL":"https://maps8.stlouis-mo.gov/arcgis/rest/services/STREETS/Streets_Permitting/MapServer/2","title":"Street light L031878"},"type":"Feature"},{"geometry":{"coordinates":[-90.274930663044,38.654928326261285],"type":"Point"},"id":"stl-city-public-streetlights:2:139064","properties":{"address":null,"attributes":{"Date_Installed":"4/10/2018","LED_Powered":1,"LightID":"L031879","Light_Source":"LED","Light_Type":"Cobra","Lighting_Type":"LED-Powered Lamp","Verification_Date":null},"id":"stl-city-public-streetlights:2:139064","sourceLayerId":2,"sourceObjectId":139064,"sourceURL":"https://maps8.stlouis-mo.gov/arcgis/rest/services/STREETS/Streets_Permitting/MapServer/2","title":"Street light L031879"},"type":"Feature"},{"geometry":{"coordinates":[-90.27670297694507,38.657508535650635],"type":"Point"},"id":"stl-city-public-streetlights:2:139065","properties":{"address":null,"attributes":{"Date_Installed":null,"LED_Powered":1,"LightID":"L031880","Light_Source":"LED","Light_Type":"Cobra","Lighting_Type":"LED-Powered Lamp","Verification_Date":null},"id":"stl-city-public-streetlights:2:139065","sourceLayerId":2,"sourceObjectId":139065,"sourceURL":"https://maps8.stlouis-mo.gov/arcgis/rest/services/STREETS/Streets_Permitting/MapServer/2","title":"Street light L031880"},"type":"Feature"},{"geometry":{"coordinates":[-90.27685396323199,38.657637537989686],"type":"Point"},"id":"stl-city-public-streetlights:2:139066","properties":{"address":null,"attributes":{"Date_Installed":null,"LED_Powered":1,"LightID":"L031881","Light_Source":"LED","Light_Type":"Cobra","Lighting_Type":"LED-Powered Lamp","Verification_Date":null},"id":"stl-city-public-streetlights:2:139066","sourceLayerId":2,"sourceObjectId":139066,"sourceURL":"https://maps8.stlouis-mo.gov/arcgis/rest/services/STREETS/Streets_Permitting/MapServer/2","title":"Street light L031881"},"type":"Feature"},{"geometry":{"coordinates":[-90.2772669609496,38.65773757851162],"type":"Point"},"id":"stl-city-public-streetlights:2:139067","properties":{"address":null,"attributes":{"Date_Installed":null,"LED_Powered":1,"LightID":"L031882","Light_Source":"LED","Light_Type":"Cobra","Lighting_Type":"LED-Powered Lamp","Verification_Date":null},"id":"stl-city-public-streetlights:2:139067","sourceLayerId":2,"sourceObjectId":139067,"sourceURL":"https://maps8.stlouis-mo.gov/arcgis/rest/services/STREETS/Streets_Permitting/MapServer/2","title":"Street light L031882"},"type":"Feature"},{"geometry":{"coordinates":[-90.27766263411388,38.65770890646635],"type":"Point"},"id":"stl-city-public-streetlights:2:139068","properties":{"address":null,"attributes":{"Date_Installed":null,"LED_Powered":1,"LightID":"L031883","Light_Source":"LED","Light_Type":"Cobra","Lighting_Type":"LED-Powered Lamp","Verification_Date":null},"id":"stl-city-public-streetlights:2:139068","sourceLayerId":2,"sourceObjectId":139068,"sourceURL":"https://maps8.stlouis-mo.gov/arcgis/rest/services/STREETS/Streets_Permitting/MapServer/2","title":"Street light L031883"},"type":"Feature"},{"geometry":{"coordinates":[-90.27811079123563,38.65770461965945],"type":"Point"},"id":"stl-city-public-streetlights:2:139069","properties":{"address":null,"attributes":{"Date_Installed":null,"LED_Powered":1,"LightID":"L031884","Light_Source":"LED","Light_Type":"Cobra","Lighting_Type":"LED-Powered Lamp","Verification_Date":null},"id":"stl-city-public-streetlights:2:139069","sourceLayerId":2,"sourceObjectId":139069,"sourceURL":"https://maps8.stlouis-mo.gov/arcgis/rest/services/STREETS/Streets_Permitting/MapServer/2","title":"Street light L031884"},"type":"Feature"},{"geometry":{"coordinates":[-90.27808745209812,38.65738684156881],"type":"Point"},"id":"stl-city-public-streetlights:2:139070","properties":{"address":null,"attributes":{"Date_Installed":null,"LED_Powered":1,"LightID":"L031885","Light_Source":"LED","Light_Type":"Cobra","Lighting_Type":"LED-Powered Lamp","Verification_Date":null},"id":"stl-city-public-streetlights:2:139070","sourceLayerId":2,"sourceObjectId":139070,"sourceURL":"https://maps8.stlouis-mo.gov/arcgis/rest/services/STREETS/Streets_Permitting/MapServer/2","title":"Street light L031885"},"type":"Feature"},{"geometry":{"coordinates":[-90.2782780391568,38.65725336629702],"type":"Point"},"id":"stl-city-public-streetlights:2:139071","properties":{"address":null,"attributes":{"Date_Installed":null,"LED_Powered":1,"LightID":"L031886","Light_Source":"LED","Light_Type":"Cobra","Lighting_Type":"LED-Powered Lamp","Verification_Date":null},"id":"stl-city-public-streetlights:2:139071","sourceLayerId":2,"sourceObjectId":139071,"sourceURL":"https://maps8.stlouis-mo.gov/arcgis/rest/services/STREETS/Streets_Permitting/MapServer/2","title":"Street light L031886"},"type":"Feature"},{"geometry":{"coordinates":[-90.27834062988525,38.65710605655959],"type":"Point"},"id":"stl-city-public-streetlights:2:139072","properties":{"address":null,"attributes":{"Date_Installed":null,"LED_Powered":1,"LightID":"L031887","Light_Source":"LED","Light_Type":"Cobra","Lighting_Type":"LED-Powered Lamp","Verification_Date":null},"id":"stl-city-public-streetlights:2:139072","sourceLayerId":2,"sourceObjectId":139072,"sourceURL":"https://maps8.stlouis-mo.gov/arcgis/rest/services/STREETS/Streets_Permitting/MapServer/2","title":"Street light L031887"},"type":"Feature"},{"geometry":{"coordinates":[-90.27816293647786,38.657060431223954],"type":"Point"},"id":"stl-city-public-streetlights:2:139073","properties":{"address":null,"attributes":{"Date_Installed":null,"LED_Powered":1,"LightID":"L031888","Light_Source":"LED","Light_Type":"Cobra","Lighting_Type":"LED-Powered Lamp","Verification_Date":null},"id":"stl-city-public-streetlights:2:139073","sourceLayerId":2,"sourceObjectId":139073,"sourceURL":"https://maps8.stlouis-mo.gov/arcgis/rest/services/STREETS/Streets_Permitting/MapServer/2","title":"Street light L031888"},"type":"Feature"},{"geometry":{"coordinates":[-90.27826213492803,38.65693011680688],"type":"Point"},"id":"stl-city-public-streetlights:2:139074","properties":{"address":null,"attributes":{"Date_Installed":null,"LED_Powered":1,"LightID":"L031889","Light_Source":"LED","Light_Type":"Cobra","Lighting_Type":"LED-Powered Lamp","Verification_Date":null},"id":"stl-city-public-streetlights:2:139074","sourceLayerId":2,"sourceObjectId":139074,"sourceURL":"https://maps8.stlouis-mo.gov/arcgis/rest/services/STREETS/Streets_Permitting/MapServer/2","title":"Street light L031889"},"type":"Feature"},{"geometry":{"coordinates":[-90.27811788925507,38.656635468533814],"type":"Point"},"id":"stl-city-public-streetlights:2:139075","properties":{"address":null,"attributes":{"Date_Installed":null,"LED_Powered":1,"LightID":"L031890","Light_Source":"LED","Light_Type":"Cobra","Lighting_Type":"LED-Powered Lamp","Verification_Date":null},"id":"stl-city-public-streetlights:2:139075","sourceLayerId":2,"sourceObjectId":139075,"sourceURL":"https://maps8.stlouis-mo.gov/arcgis/rest/services/STREETS/Streets_Permitting/MapServer/2","title":"Street light L031890"},"type":"Feature"},{"geometry":{"coordinates":[-90.27667901413449,38.65714868466239],"type":"Point"},"id":"stl-city-public-streetlights:2:139076","properties":{"address":null,"attributes":{"Date_Installed":null,"LED_Powered":1,"LightID":"L031891","Light_Source":"LED","Light_Type":"Cobra","Lighting_Type":"LED-Powered Lamp","Verification_Date":null},"id":"stl-city-public-streetlights:2:139076","sourceLayerId":2,"sourceObjectId":139076,"sourceURL":"https://maps8.stlouis-mo.gov/arcgis/rest/services/STREETS/Streets_Permitting/MapServer/2","title":"Street light L031891"},"type":"Feature"},{"geometry":{"coordinates":[-90.27669639269958,38.65675687342594],"type":"Point"},"id":"stl-city-public-streetlights:2:139077","properties":{"address":null,"attributes":{"Date_Installed":null,"LED_Powered":1,"LightID":"L031892","Light_Source":"LED","Light_Type":"Cobra","Lighting_Type":"LED-Powered Lamp","Verification_Date":null},"id":"stl-city-public-streetlights:2:139077","sourceLayerId":2,"sourceObjectId":139077,"sourceURL":"https://maps8.stlouis-mo.gov/arcgis/rest/services/STREETS/Streets_Permitting/MapServer/2","title":"Street light L031892"},"type":"Feature"},{"geometry":{"coordinates":[-90.27711685015086,38.656596147148235],"type":"Point"},"id":"stl-city-public-streetlights:2:139078","properties":{"address":null,"attributes":{"Date_Installed":null,"LED_Powered":1,"LightID":"L031893","Light_Source":"LED","Light_Type":"Cobra","Lighting_Type":"LED-Powered Lamp","Verification_Date":null},"id":"stl-city-public-streetlights:2:139078","sourceLayerId":2,"sourceObjectId":139078,"sourceURL":"https://maps8.stlouis-mo.gov/arcgis/rest/services/STREETS/Streets_Permitting/MapServer/2","title":"Street light L031893"},"type":"Feature"},{"geometry":{"coordinates":[-90.27731769766724,38.65652621271949],"type":"Point"},"id":"stl-city-public-streetlights:2:139079","properties":{"address":null,"attributes":{"Date_Installed":null,"LED_Powered":1,"LightID":"L031894","Light_Source":"LED","Light_Type":"Cobra","Lighting_Type":"LED-Powered Lamp","Verification_Date":null},"id":"stl-city-public-streetlights:2:139079","sourceLayerId":2,"sourceObjectId":139079,"sourceURL":"https://maps8.stlouis-mo.gov/arcgis/rest/services/STREETS/Streets_Permitting/MapServer/2","title":"Street light L031894"},"type":"Feature"},{"geometry":{"coordinates":[-90.27733378361117,38.65649656811906],"type":"Point"},"id":"stl-city-public-streetlights:2:139080","properties":{"address":null,"attributes":{"Date_Installed":null,"LED_Powered":1,"LightID":"L031895","Light_Source":"LED","Light_Type":"Cobra","Lighting_Type":"LED-Powered Lamp","Verification_Date":null},"id":"stl-city-public-streetlights:2:139080","sourceLayerId":2,"sourceObjectId":139080,"sourceURL":"https://maps8.stlouis-mo.gov/arcgis/rest/services/STREETS/Streets_Permitting/MapServer/2","title":"Street light L031895"},"type":"Feature"},{"geometry":{"coordinates":[-90.27762958437555,38.656471622179836],"type":"Point"},"id":"stl-city-public-streetlights:2:139081","properties":{"address":null,"attributes":{"Date_Installed":null,"LED_Powered":1,"LightID":"L031896","Light_Source":"LED","Light_Type":"Cobra","Lighting_Type":"LED-Powered Lamp","Verification_Date":null},"id":"stl-city-public-streetlights:2:139081","sourceLayerId":2,"sourceObjectId":139081,"sourceURL":"https://maps8.stlouis-mo.gov/arcgis/rest/services/STREETS/Streets_Permitting/MapServer/2","title":"Street light L031896"},"type":"Feature"},{"geometry":{"coordinates":[-90.2778713230584,38.65644943676686],"type":"Point"},"id":"stl-city-public-streetlights:2:139082","properties":{"address":null,"attributes":{"Date_Installed":null,"LED_Powered":1,"LightID":"L031897","Light_Source":"LED","Light_Type":"Cobra","Lighting_Type":"LED-Powered Lamp","Verification_Date":null},"id":"stl-city-public-streetlights:2:139082","sourceLayerId":2,"sourceObjectId":139082,"sourceURL":"https://maps8.stlouis-mo.gov/arcgis/rest/services/STREETS/Streets_Permitting/MapServer/2","title":"Street light L031897"},"type":"Feature"},{"geometry":{"coordinates":[-90.27815926791469,38.65647302788098],"type":"Point"},"id":"stl-city-public-streetlights:2:139083","properties":{"address":null,"attributes":{"Date_Installed":null,"LED_Powered":1,"LightID":"L031898","Light_Source":"LED","Light_Type":"Cobra","Lighting_Type":"LED-Powered Lamp","Verification_Date":null},"id":"stl-city-public-streetlights:2:139083","sourceLayerId":2,"sourceObjectId":139083,"sourceURL":"https://maps8.stlouis-mo.gov/arcgis/rest/services/STREETS/Streets_Permitting/MapServer/2","title":"Street light L031898"},"type":"Feature"},{"geometry":{"coordinates":[-90.27844881871657,38.65655569159483],"type":"Point"},"id":"stl-city-public-streetlights:2:139084","properties":{"address":null,"attributes":{"Date_Installed":null,"LED_Powered":1,"LightID":"L031899","Light_Source":"LED","Light_Type":"Cobra","Lighting_Type":"LED-Powered Lamp","Verification_Date":null},"id":"stl-city-public-streetlights:2:139084","sourceLayerId":2,"sourceObjectId":139084,"sourceURL":"https://maps8.stlouis-mo.gov/arcgis/rest/services/STREETS/Streets_Permitting/MapServer/2","title":"Street light L031899"},"type":"Feature"},{"geometry":{"coordinates":[-90.2782435179956,38.65612252090898],"type":"Point"},"id":"stl-city-public-streetlights:2:139085","properties":{"address":null,"attributes":{"Date_Installed":null,"LED_Powered":1,"LightID":"L031900","Light_Source":"LED","Light_Type":"Cobra","Lighting_Type":"LED-Powered Lamp","Verification_Date":null},"id":"stl-city-public-streetlights:2:139085","sourceLayerId":2,"sourceObjectId":139085,"sourceURL":"https://maps8.stlouis-mo.gov/arcgis/rest/services/STREETS/Streets_Permitting/MapServer/2","title":"Street light L031900"},"type":"Feature"},{"geometry":{"coordinates":[-90.27807121206983,38.65630215625919],"type":"Point"},"id":"stl-city-public-streetlights:2:139086","properties":{"address":null,"attributes":{"Date_Installed":null,"LED_Powered":1,"LightID":"L031901","Light_Source":"LED","Light_Type":"Cobra","Lighting_Type":"LED-Powered Lamp","Verification_Date":null},"id":"stl-city-public-streetlights:2:139086","sourceLayerId":2,"sourceObjectId":139086,"sourceURL":"https://maps8.stlouis-mo.gov/arcgis/rest/services/STREETS/Streets_Permitting/MapServer/2","title":"Street light L031901"},"type":"Feature"},{"geometry":{"coordinates":[-90.27751589477614,38.656183113115944],"type":"Point"},"id":"stl-city-public-streetlights:2:139087","properties":{"address":null,"attributes":{"Date_Installed":null,"LED_Powered":1,"LightID":"L031902","Light_Source":"LED","Light_Type":"Cobra","Lighting_Type":"LED-Powered Lamp","Verification_Date":null},"id":"stl-city-public-streetlights:2:139087","sourceLayerId":2,"sourceObjectId":139087,"sourceURL":"https://maps8.stlouis-mo.gov/arcgis/rest/services/STREETS/Streets_Permitting/MapServer/2","title":"Street light L031902"},"type":"Feature"},{"geometry":{"coordinates":[-90.27738031576854,38.656281774385796],"type":"Point"},"id":"stl-city-public-streetlights:2:139088","properties":{"address":null,"attributes":{"Date_Installed":null,"LED_Powered":1,"LightID":"L031903","Light_Source":"LED","Light_Type":"Cobra","Lighting_Type":"LED-Powered Lamp","Verification_Date":null},"id":"stl-city-public-streetlights:2:139088","sourceLayerId":2,"sourceObjectId":139088,"sourceURL":"https://maps8.stlouis-mo.gov/arcgis/rest/services/STREETS/Streets_Permitting/MapServer/2","title":"Street light L031903"},"type":"Feature"},{"geometry":{"coordinates":[-90.27735484089452,38.65604197460668],"type":"Point"},"id":"stl-city-public-streetlights:2:139089","properties":{"address":null,"attributes":{"Date_Installed":null,"LED_Powered":1,"LightID":"L031904","Light_Source":"LED","Light_Type":"Cobra","Lighting_Type":"LED-Powered Lamp","Verification_Date":null},"id":"stl-city-public-streetlights:2:139089","sourceLayerId":2,"sourceObjectId":139089,"sourceURL":"https://maps8.stlouis-mo.gov/arcgis/rest/services/STREETS/Streets_Permitting/MapServer/2","title":"Street light L031904"},"type":"Feature"},{"geometry":{"coordinates":[-90.27712409245753,38.65607391308001],"type":"Point"},"id":"stl-city-public-streetlights:2:139462","properties":{"address":null,"attributes":{"Date_Installed":null,"LED_Powered":1,"LightID":"L032319","Light_Source":"LED","Light_Type":"Cobra","Lighting_Type":"LED-Powered Lamp","Verification_Date":null},"id":"stl-city-public-streetlights:2:139462","sourceLayerId":2,"sourceObjectId":139462,"sourceURL":"https://maps8.stlouis-mo.gov/arcgis/rest/services/STREETS/Streets_Permitting/MapServer/2","title":"Street light L032319"},"type":"Feature"},{"geometry":{"coordinates":[-90.277156315128,38.65630450788493],"type":"Point"},"id":"stl-city-public-streetlights:2:139463","properties":{"address":null,"attributes":{"Date_Installed":null,"LED_Powered":1,"LightID":"L032320","Light_Source":"LED","Light_Type":"Cobra","Lighting_Type":"LED-Powered Lamp","Verification_Date":null},"id":"stl-city-public-streetlights:2:139463","sourceLayerId":2,"sourceObjectId":139463,"sourceURL":"https://maps8.stlouis-mo.gov/arcgis/rest/services/STREETS/Streets_Permitting/MapServer/2","title":"Street light L032320"},"type":"Feature"},{"geometry":{"coordinates":[-90.27693655236884,38.656411073879255],"type":"Point"},"id":"stl-city-public-streetlights:2:139464","properties":{"address":null,"attributes":{"Date_Installed":null,"LED_Powered":1,"LightID":"L032321","Light_Source":"LED","Light_Type":"Cobra","Lighting_Type":"LED-Powered Lamp","Verification_Date":null},"id":"stl-city-public-streetlights:2:139464","sourceLayerId":2,"sourceObjectId":139464,"sourceURL":"https://maps8.stlouis-mo.gov/arcgis/rest/services/STREETS/Streets_Permitting/MapServer/2","title":"Street light L032321"},"type":"Feature"},{"geometry":{"coordinates":[-90.27673181070226,38.656266475578775],"type":"Point"},"id":"stl-city-public-streetlights:2:139465","properties":{"address":null,"attributes":{"Date_Installed":null,"LED_Powered":1,"LightID":"L032322","Light_Source":"LED","Light_Type":"Cobra","Lighting_Type":"LED-Powered Lamp","Verification_Date":null},"id":"stl-city-public-streetlights:2:139465","sourceLayerId":2,"sourceObjectId":139465,"sourceURL":"https://maps8.stlouis-mo.gov/arcgis/rest/services/STREETS/Streets_Permitting/MapServer/2","title":"Street light L032322"},"type":"Feature"},{"geometry":{"coordinates":[-90.27673005335427,38.65585327492467],"type":"Point"},"id":"stl-city-public-streetlights:2:139466","properties":{"address":null,"attributes":{"Date_Installed":null,"LED_Powered":1,"LightID":"L032323","Light_Source":"LED","Light_Type":"Cobra","Lighting_Type":"LED-Powered Lamp","Verification_Date":null},"id":"stl-city-public-streetlights:2:139466","sourceLayerId":2,"sourceObjectId":139466,"sourceURL":"https://maps8.stlouis-mo.gov/arcgis/rest/services/STREETS/Streets_Permitting/MapServer/2","title":"Street light L032323"},"type":"Feature"},{"geometry":{"coordinates":[-90.27698614209177,38.65576080267702],"type":"Point"},"id":"stl-city-public-streetlights:2:139467","properties":{"address":null,"attributes":{"Date_Installed":null,"LED_Powered":1,"LightID":"L032324","Light_Source":"LED","Light_Type":"Cobra","Lighting_Type":"LED-Powered Lamp","Verification_Date":null},"id":"stl-city-public-streetlights:2:139467","sourceLayerId":2,"sourceObjectId":139467,"sourceURL":"https://maps8.stlouis-mo.gov/arcgis/rest/services/STREETS/Streets_Permitting/MapServer/2","title":"Street light L032324"},"type":"Feature"},{"geometry":{"coordinates":[-90.27204945093224,38.659995243116946],"type":"Point"},"id":"stl-city-public-streetlights:2:139483","properties":{"address":null,"attributes":{"Date_Installed":"6/15/2017","LED_Powered":1,"LightID":"L032340","Light_Source":"LED","Light_Type":"Cobra","Lighting_Type":"LED-Powered Lamp","Verification_Date":null},"id":"stl-city-public-streetlights:2:139483","sourceLayerId":2,"sourceObjectId":139483,"sourceURL":"https://maps8.stlouis-mo.gov/arcgis/rest/services/STREETS/Streets_Permitting/MapServer/2","title":"Street light L032340"},"type":"Feature"},{"geometry":{"coordinates":[-90.2721121358591,38.659611247964975],"type":"Point"},"id":"stl-city-public-streetlights:2:139484","properties":{"address":null,"attributes":{"Date_Installed":"6/15/2017","LED_Powered":1,"LightID":"L032341","Light_Source":"LED","Light_Type":"Cobra","Lighting_Type":"LED-Powered Lamp","Verification_Date":null},"id":"stl-city-public-streetlights:2:139484","sourceLayerId":2,"sourceObjectId":139484,"sourceURL":"https://maps8.stlouis-mo.gov/arcgis/rest/services/STREETS/Streets_Permitting/MapServer/2","title":"Street light L032341"},"type":"Feature"},{"geometry":{"coordinates":[-90.27217551236433,38.659229971174334],"type":"Point"},"id":"stl-city-public-streetlights:2:139485","properties":{"address":null,"attributes":{"Date_Installed":"6/15/2017","LED_Powered":1,"LightID":"L032342","Light_Source":"LED","Light_Type":"Cobra","Lighting_Type":"LED-Powered Lamp","Verification_Date":null},"id":"stl-city-public-streetlights:2:139485","sourceLayerId":2,"sourceObjectId":139485,"sourceURL":"https://maps8.stlouis-mo.gov/arcgis/rest/services/STREETS/Streets_Permitting/MapServer/2","title":"Street light L032342"},"type":"Feature"},{"geometry":{"coordinates":[-90.27223904845457,38.65884597756026],"type":"Point"},"id":"stl-city-public-streetlights:2:139486","properties":{"address":null,"attributes":{"Date_Installed":"6/15/2017","LED_Powered":1,"LightID":"L032343","Light_Source":"LED","Light_Type":"Cobra","Lighting_Type":"LED-Powered Lamp","Verification_Date":null},"id":"stl-city-public-streetlights:2:139486","sourceLayerId":2,"sourceObjectId":139486,"sourceURL":"https://maps8.stlouis-mo.gov/arcgis/rest/services/STREETS/Streets_Permitting/MapServer/2","title":"Street light L032343"},"type":"Feature"},{"geometry":{"coordinates":[-90.27228695750564,38.65854852597724],"type":"Point"},"id":"stl-city-public-streetlights:2:139487","properties":{"address":null,"attributes":{"Date_Installed":"6/15/2017","LED_Powered":1,"LightID":"L032344","Light_Source":"LED","Light_Type":"Cobra","Lighting_Type":"LED-Powered Lamp","Verification_Date":null},"id":"stl-city-public-streetlights:2:139487","sourceLayerId":2,"sourceObjectId":139487,"sourceURL":"https://maps8.stlouis-mo.gov/arcgis/rest/services/STREETS/Streets_Permitting/MapServer/2","title":"Street light L032344"},"type":"Feature"},{"geometry":{"coordinates":[-90.27233340360965,38.6582811764445],"type":"Point"},"id":"stl-city-public-streetlights:2:139488","properties":{"address":null,"attributes":{"Date_Installed":"6/15/2017","LED_Powered":1,"LightID":"L032345","Light_Source":"LED","Light_Type":"Cobra","Lighting_Type":"LED-Powered Lamp","Verification_Date":null},"id":"stl-city-public-streetlights:2:139488","sourceLayerId":2,"sourceObjectId":139488,"sourceURL":"https://maps8.stlouis-mo.gov/arcgis/rest/services/STREETS/Streets_Permitting/MapServer/2","title":"Street light L032345"},"type":"Feature"},{"geometry":{"coordinates":[-90.27240870643091,38.65782863006981],"type":"Point"},"id":"stl-city-public-streetlights:2:139489","properties":{"address":null,"attributes":{"Date_Installed":"6/15/2017","LED_Powered":1,"LightID":"L032346","Light_Source":"LED","Light_Type":"Cobra","Lighting_Type":"LED-Powered Lamp","Verification_Date":null},"id":"stl-city-public-streetlights:2:139489","sourceLayerId":2,"sourceObjectId":139489,"sourceURL":"https://maps8.stlouis-mo.gov/arcgis/rest/services/STREETS/Streets_Permitting/MapServer/2","title":"Street light L032346"},"type":"Feature"},{"geometry":{"coordinates":[-90.27246960822755,38.65745938583574],"type":"Point"},"id":"stl-city-public-streetlights:2:139490","properties":{"address":null,"attributes":{"Date_Installed":"6/15/2017","LED_Powered":1,"LightID":"L032347","Light_Source":"LED","Light_Type":"Cobra","Lighting_Type":"LED-Powered Lamp","Verification_Date":null},"id":"stl-city-public-streetlights:2:139490","sourceLayerId":2,"sourceObjectId":139490,"sourceURL":"https://maps8.stlouis-mo.gov/arcgis/rest/services/STREETS/Streets_Permitting/MapServer/2","title":"Street light L032347"},"type":"Feature"},{"geometry":{"coordinates":[-90.2725471510841,38.65701876059601],"type":"Point"},"id":"stl-city-public-streetlights:2:139491","properties":{"address":null,"attributes":{"Date_Installed":"6/15/2017","LED_Powered":1,"LightID":"L032348","Light_Source":"LED","Light_Type":"Cobra","Lighting_Type":"LED-Powered Lamp","Verification_Date":null},"id":"stl-city-public-streetlights:2:139491","sourceLayerId":2,"sourceObjectId":139491,"sourceURL":"https://maps8.stlouis-mo.gov/arcgis/rest/services/STREETS/Streets_Permitting/MapServer/2","title":"Street light L032348"},"type":"Feature"},{"geometry":{"coordinates":[-90.27261415164494,38.65659556315838],"type":"Point"},"id":"stl-city-public-streetlights:2:139492","properties":{"address":null,"attributes":{"Date_Installed":"6/15/2017","LED_Powered":1,"LightID":"L032349","Light_Source":"LED","Light_Type":"Cobra","Lighting_Type":"LED-Powered Lamp","Verification_Date":null},"id":"stl-city-public-streetlights:2:139492","sourceLayerId":2,"sourceObjectId":139492,"sourceURL":"https://maps8.stlouis-mo.gov/arcgis/rest/services/STREETS/Streets_Permitting/MapServer/2","title":"Street light L032349"},"type":"Feature"},{"geometry":{"coordinates":[-90.27267662735397,38.656218408403596],"type":"Point"},"id":"stl-city-public-streetlights:2:139493","properties":{"address":null,"attributes":{"Date_Installed":"6/15/2017","LED_Powered":1,"LightID":"L032350","Light_Source":"LED","Light_Type":"Cobra","Lighting_Type":"LED-Powered Lamp","Verification_Date":null},"id":"stl-city-public-streetlights:2:139493","sourceLayerId":2,"sourceObjectId":139493,"sourceURL":"https://maps8.stlouis-mo.gov/arcgis/rest/services/STREETS/Streets_Permitting/MapServer/2","title":"Street light L032350"},"type":"Feature"},{"geometry":{"coordinates":[-90.27273988708497,38.655823806731455],"type":"Point"},"id":"stl-city-public-streetlights:2:139494","properties":{"address":null,"attributes":{"Date_Installed":"6/15/2017","LED_Powered":1,"LightID":"L032351","Light_Source":"LED","Light_Type":"Cobra","Lighting_Type":"LED-Powered Lamp","Verification_Date":null},"id":"stl-city-public-streetlights:2:139494","sourceLayerId":2,"sourceObjectId":139494,"sourceURL":"https://maps8.stlouis-mo.gov/arcgis/rest/services/STREETS/Streets_Permitting/MapServer/2","title":"Street light L032351"},"type":"Feature"},{"geometry":{"coordinates":[-90.27280214534088,38.65545723415777],"type":"Point"},"id":"stl-city-public-streetlights:2:139495","properties":{"address":null,"attributes":{"Date_Installed":"6/15/2017","LED_Powered":1,"LightID":"L032352","Light_Source":"LED","Light_Type":"Cobra","Lighting_Type":"LED-Powered Lamp","Verification_Date":null},"id":"stl-city-public-streetlights:2:139495","sourceLayerId":2,"sourceObjectId":139495,"sourceURL":"https://maps8.stlouis-mo.gov/arcgis/rest/services/STREETS/Streets_Permitting/MapServer/2","title":"Street light L032352"},"type":"Feature"},{"geometry":{"coordinates":[-90.27285608906371,38.65512463585883],"type":"Point"},"id":"stl-city-public-streetlights:2:139496","properties":{"address":null,"attributes":{"Date_Installed":"6/15/2017","LED_Powered":1,"LightID":"L032353","Light_Source":"LED","Light_Type":"Cobra","Lighting_Type":"LED-Powered Lamp","Verification_Date":null},"id":"stl-city-public-streetlights:2:139496","sourceLayerId":2,"sourceObjectId":139496,"sourceURL":"https://maps8.stlouis-mo.gov/arcgis/rest/services/STREETS/Streets_Permitting/MapServer/2","title":"Street light L032353"},"type":"Feature"},{"geometry":{"coordinates":[-90.27292302576643,38.654720149408625],"type":"Point"},"id":"stl-city-public-streetlights:2:139497","properties":{"address":null,"attributes":{"Date_Installed":"6/15/2017","LED_Powered":1,"LightID":"L032354","Light_Source":"LED","Light_Type":"Cobra","Lighting_Type":"LED-Powered Lamp","Verification_Date":null},"id":"stl-city-public-streetlights:2:139497","sourceLayerId":2,"sourceObjectId":139497,"sourceURL":"https://maps8.stlouis-mo.gov/arcgis/rest/services/STREETS/Streets_Permitting/MapServer/2","title":"Street light L032354"},"type":"Feature"},{"geometry":{"coordinates":[-90.27298163899557,38.65435211556023],"type":"Point"},"id":"stl-city-public-streetlights:2:139498","properties":{"address":null,"attributes":{"Date_Installed":"6/15/2017","LED_Powered":1,"LightID":"L032355","Light_Source":"LED","Light_Type":"Cobra","Lighting_Type":"LED-Powered Lamp","Verification_Date":null},"id":"stl-city-public-streetlights:2:139498","sourceLayerId":2,"sourceObjectId":139498,"sourceURL":"https://maps8.stlouis-mo.gov/arcgis/rest/services/STREETS/Streets_Permitting/MapServer/2","title":"Street light L032355"},"type":"Feature"},{"geometry":{"coordinates":[-90.27305072024349,38.65394184133838],"type":"Point"},"id":"stl-city-public-streetlights:2:139499","properties":{"address":null,"attributes":{"Date_Installed":"6/15/2017","LED_Powered":1,"LightID":"L032356","Light_Source":"LED","Light_Type":"Cobra","Lighting_Type":"LED-Powered Lamp","Verification_Date":null},"id":"stl-city-public-streetlights:2:139499","sourceLayerId":2,"sourceObjectId":139499,"sourceURL":"https://maps8.stlouis-mo.gov/arcgis/rest/services/STREETS/Streets_Permitting/MapServer/2","title":"Street light L032356"},"type":"Feature"},{"geometry":{"coordinates":[-90.27308846309839,38.653540943959484],"type":"Point"},"id":"stl-city-public-streetlights:2:139500","properties":{"address":null,"attributes":{"Date_Installed":"6/15/2017","LED_Powered":1,"LightID":"L032357","Light_Source":"LED","Light_Type":"Cobra","Lighting_Type":"LED-Powered Lamp (Twin Lights)","Verification_Date":null},"id":"stl-city-public-streetlights:2:139500","sourceLayerId":2,"sourceObjectId":139500,"sourceURL":"https://maps8.stlouis-mo.gov/arcgis/rest/services/STREETS/Streets_Permitting/MapServer/2","title":"Street light L032357"},"type":"Feature"},{"geometry":{"coordinates":[-90.27315767331436,38.65313741481131],"type":"Point"},"id":"stl-city-public-streetlights:2:139501","properties":{"address":null,"attributes":{"Date_Installed":"6/15/2017","LED_Powered":1,"LightID":"L032358","Light_Source":"LED","Light_Type":"Cobra","Lighting_Type":"LED-Powered Lamp","Verification_Date":null},"id":"stl-city-public-streetlights:2:139501","sourceLayerId":2,"sourceObjectId":139501,"sourceURL":"https://maps8.stlouis-mo.gov/arcgis/rest/services/STREETS/Streets_Permitting/MapServer/2","title":"Street light L032358"},"type":"Feature"},{"geometry":{"coordinates":[-90.27323378307395,38.65282090128885],"type":"Point"},"id":"stl-city-public-streetlights:2:139502","properties":{"address":null,"attributes":{"Date_Installed":"6/15/2017","LED_Powered":1,"LightID":"L032359","Light_Source":"LED","Light_Type":"Cobra","Lighting_Type":"LED-Powered Lamp","Verification_Date":null},"id":"stl-city-public-streetlights:2:139502","sourceLayerId":2,"sourceObjectId":139502,"sourceURL":"https://maps8.stlouis-mo.gov/arcgis/rest/services/STREETS/Streets_Permitting/MapServer/2","title":"Street light L032359"},"type":"Feature"},{"geometry":{"coordinates":[-90.27329485105308,38.652297046278015],"type":"Point"},"id":"stl-city-public-streetlights:2:139503","properties":{"address":null,"attributes":{"Date_Installed":"6/15/2017","LED_Powered":1,"LightID":"L032360","Light_Source":"LED","Light_Type":"Cobra","Lighting_Type":"LED-Powered Lamp","Verification_Date":null},"id":"stl-city-public-streetlights:2:139503","sourceLayerId":2,"sourceObjectId":139503,"sourceURL":"https://maps8.stlouis-mo.gov/arcgis/rest/services/STREETS/Streets_Permitting/MapServer/2","title":"Street light L032360"},"type":"Feature"},{"geometry":{"coordinates":[-90.27335930544274,38.65190721381167],"type":"Point"},"id":"stl-city-public-streetlights:2:139504","properties":{"address":null,"attributes":{"Date_Installed":"6/15/2017","LED_Powered":1,"LightID":"L032361","Light_Source":"LED","Light_Type":"Cobra","Lighting_Type":"LED-Powered Lamp","Verification_Date":null},"id":"stl-city-public-streetlights:2:139504","sourceLayerId":2,"sourceObjectId":139504,"sourceURL":"https://maps8.stlouis-mo.gov/arcgis/rest/services/STREETS/Streets_Permitting/MapServer/2","title":"Street light L032361"},"type":"Feature"},{"geometry":{"coordinates":[-90.27341381304417,38.651586486237804],"type":"Point"},"id":"stl-city-public-streetlights:2:139505","properties":{"address":null,"attributes":{"Date_Installed":"6/15/2017","LED_Powered":1,"LightID":"L032362","Light_Source":"LED","Light_Type":"Cobra","Lighting_Type":"LED-Powered Lamp","Verification_Date":null},"id":"stl-city-public-streetlights:2:139505","sourceLayerId":2,"sourceObjectId":139505,"sourceURL":"https://maps8.stlouis-mo.gov/arcgis/rest/services/STREETS/Streets_Permitting/MapServer/2","title":"Street light L032362"},"type":"Feature"},{"geometry":{"coordinates":[-90.27347858558937,38.651191885873665],"type":"Point"},"id":"stl-city-public-streetlights:2:139506","properties":{"address":null,"attributes":{"Date_Installed":"6/15/2017","LED_Powered":1,"LightID":"L032363","Light_Source":"LED","Light_Type":"Cobra","Lighting_Type":"LED-Powered Lamp","Verification_Date":null},"id":"stl-city-public-streetlights:2:139506","sourceLayerId":2,"sourceObjectId":139506,"sourceURL":"https://maps8.stlouis-mo.gov/arcgis/rest/services/STREETS/Streets_Permitting/MapServer/2","title":"Street light L032363"},"type":"Feature"},{"geometry":{"coordinates":[-90.27353452204672,38.65085119909547],"type":"Point"},"id":"stl-city-public-streetlights:2:139507","properties":{"address":null,"attributes":{"Date_Installed":"6/15/2017","LED_Powered":1,"LightID":"L032364","Light_Source":"LED","Light_Type":"Cobra","Lighting_Type":"LED-Powered Lamp","Verification_Date":null},"id":"stl-city-public-streetlights:2:139507","sourceLayerId":2,"sourceObjectId":139507,"sourceURL":"https://maps8.stlouis-mo.gov/arcgis/rest/services/STREETS/Streets_Permitting/MapServer/2","title":"Street light L032364"},"type":"Feature"},{"geometry":{"coordinates":[-90.27358576220807,38.65055483767934],"type":"Point"},"id":"stl-city-public-streetlights:2:139508","properties":{"address":null,"attributes":{"Date_Installed":"6/15/2017","LED_Powered":1,"LightID":"L032365","Light_Source":"LED","Light_Type":"Cobra","Lighting_Type":"LED-Powered Lamp","Verification_Date":null},"id":"stl-city-public-streetlights:2:139508","sourceLayerId":2,"sourceObjectId":139508,"sourceURL":"https://maps8.stlouis-mo.gov/arcgis/rest/services/STREETS/Streets_Permitting/MapServer/2","title":"Street light L032365"},"type":"Feature"},{"geometry":{"coordinates":[-90.27362667121034,38.650304638455914],"type":"Point"},"id":"stl-city-public-streetlights:2:139509","properties":{"address":null,"attributes":{"Date_Installed":"6/15/2017","LED_Powered":1,"LightID":"L032366","Light_Source":"LED","Light_Type":"Cobra","Lighting_Type":"LED-Powered Lamp","Verification_Date":null},"id":"stl-city-public-streetlights:2:139509","sourceLayerId":2,"sourceObjectId":139509,"sourceURL":"https://maps8.stlouis-mo.gov/arcgis/rest/services/STREETS/Streets_Permitting/MapServer/2","title":"Street light L032366"},"type":"Feature"},{"geometry":{"coordinates":[-90.27366246620663,38.65003774396536],"type":"Point"},"id":"stl-city-public-streetlights:2:139510","properties":{"address":null,"attributes":{"Date_Installed":"6/15/2017","LED_Powered":1,"LightID":"L032367","Light_Source":"LED","Light_Type":"Cobra","Lighting_Type":"LED-Powered Lamp","Verification_Date":null},"id":"stl-city-public-streetlights:2:139510","sourceLayerId":2,"sourceObjectId":139510,"sourceURL":"https://maps8.stlouis-mo.gov/arcgis/rest/services/STREETS/Streets_Permitting/MapServer/2","title":"Street light L032367"},"type":"Feature"},{"geometry":{"coordinates":[-90.27070628188733,38.65258000948534],"type":"Point"},"id":"stl-city-public-streetlights:2:139519","properties":{"address":null,"attributes":{"Date_Installed":"1/2020","LED_Powered":1,"LightID":"L032376","Light_Source":"LED","Light_Type":"Cobra","Lighting_Type":"LED-Powered Lamp","Verification_Date":null},"id":"stl-city-public-streetlights:2:139519","sourceLayerId":2,"sourceObjectId":139519,"sourceURL":"https://maps8.stlouis-mo.gov/arcgis/rest/services/STREETS/Streets_Permitting/MapServer/2","title":"Street light L032376"},"type":"Feature"},{"geometry":{"coordinates":[-90.27064099477296,38.65296471454735],"type":"Point"},"id":"stl-city-public-streetlights:2:139520","properties":{"address":null,"attributes":{"Date_Installed":"1/2020","LED_Powered":1,"LightID":"L032377","Light_Source":"LED","Light_Type":"Cobra","Lighting_Type":"LED-Powered Lamp","Verification_Date":null},"id":"stl-city-public-streetlights:2:139520","sourceLayerId":2,"sourceObjectId":139520,"sourceURL":"https://maps8.stlouis-mo.gov/arcgis/rest/services/STREETS/Streets_Permitting/MapServer/2","title":"Street light L032377"},"type":"Feature"},{"geometry":{"coordinates":[-90.27058269570932,38.65330181954581],"type":"Point"},"id":"stl-city-public-streetlights:2:139521","properties":{"address":null,"attributes":{"Date_Installed":"1/2020","LED_Powered":1,"LightID":"L032378","Light_Source":"LED","Light_Type":"Cobra","Lighting_Type":"LED-Powered Lamp","Verification_Date":null},"id":"stl-city-public-streetlights:2:139521","sourceLayerId":2,"sourceObjectId":139521,"sourceURL":"https://maps8.stlouis-mo.gov/arcgis/rest/services/STREETS/Streets_Permitting/MapServer/2","title":"Street light L032378"},"type":"Feature"},{"geometry":{"coordinates":[-90.27052598906063,38.6536401690418],"type":"Point"},"id":"stl-city-public-streetlights:2:139522","properties":{"address":null,"attributes":{"Date_Installed":"1/2020","LED_Powered":1,"LightID":"L032379","Light_Source":"LED","Light_Type":"Cobra","Lighting_Type":"LED-Powered Lamp","Verification_Date":null},"id":"stl-city-public-streetlights:2:139522","sourceLayerId":2,"sourceObjectId":139522,"sourceURL":"https://maps8.stlouis-mo.gov/arcgis/rest/services/STREETS/Streets_Permitting/MapServer/2","title":"Street light L032379"},"type":"Feature"},{"geometry":{"coordinates":[-90.27046893289554,38.65399283020231],"type":"Point"},"id":"stl-city-public-streetlights:2:139523","properties":{"address":null,"attributes":{"Date_Installed":"1/2020","LED_Powered":1,"LightID":"L032380","Light_Source":"LED","Light_Type":"Cobra","Lighting_Type":"LED-Powered Lamp","Verification_Date":null},"id":"stl-city-public-streetlights:2:139523","sourceLayerId":2,"sourceObjectId":139523,"sourceURL":"https://maps8.stlouis-mo.gov/arcgis/rest/services/STREETS/Streets_Permitting/MapServer/2","title":"Street light L032380"},"type":"Feature"},{"geometry":{"coordinates":[-90.2704045077236,38.654368359388464],"type":"Point"},"id":"stl-city-public-streetlights:2:139524","properties":{"address":null,"attributes":{"Date_Installed":"1/2020","LED_Powered":1,"LightID":"L032381","Light_Source":"LED","Light_Type":"Cobra","Lighting_Type":"LED-Powered Lamp","Verification_Date":null},"id":"stl-city-public-streetlights:2:139524","sourceLayerId":2,"sourceObjectId":139524,"sourceURL":"https://maps8.stlouis-mo.gov/arcgis/rest/services/STREETS/Streets_Permitting/MapServer/2","title":"Street light L032381"},"type":"Feature"},{"geometry":{"coordinates":[-90.27034504069813,38.65471396086321],"type":"Point"},"id":"stl-city-public-streetlights:2:139525","properties":{"address":null,"attributes":{"Date_Installed":"1/2020","LED_Powered":1,"LightID":"L032382","Light_Source":"LED","Light_Type":"Cobra","Lighting_Type":"LED-Powered Lamp","Verification_Date":null},"id":"stl-city-public-streetlights:2:139525","sourceLayerId":2,"sourceObjectId":139525,"sourceURL":"https://maps8.stlouis-mo.gov/arcgis/rest/services/STREETS/Streets_Permitting/MapServer/2","title":"Street light L032382"},"type":"Feature"},{"geometry":{"coordinates":[-90.27028307877009,38.65507900664152],"type":"Point"},"id":"stl-city-public-streetlights:2:139526","properties":{"address":null,"attributes":{"Date_Installed":"1/2020","LED_Powered":1,"LightID":"L032383","Light_Source":"LED","Light_Type":"Cobra","Lighting_Type":"LED-Powered Lamp","Verification_Date":null},"id":"stl-city-public-streetlights:2:139526","sourceLayerId":2,"sourceObjectId":139526,"sourceURL":"https://maps8.stlouis-mo.gov/arcgis/rest/services/STREETS/Streets_Permitting/MapServer/2","title":"Street light L032383"},"type":"Feature"},{"geometry":{"coordinates":[-90.27022859324278,38.65538724269006],"type":"Point"},"id":"stl-city-public-streetlights:2:139527","properties":{"address":null,"attributes":{"Date_Installed":"1/2020","LED_Powered":1,"LightID":"L032384","Light_Source":"LED","Light_Type":"Cobra","Lighting_Type":"LED-Powered Lamp","Verification_Date":null},"id":"stl-city-public-streetlights:2:139527","sourceLayerId":2,"sourceObjectId":139527,"sourceURL":"https://maps8.stlouis-mo.gov/arcgis/rest/services/STREETS/Streets_Permitting/MapServer/2","title":"Street light L032384"},"type":"Feature"},{"geometry":{"coordinates":[-90.27016566991081,38.655767303361706],"type":"Point"},"id":"stl-city-public-streetlights:2:139528","properties":{"address":null,"attributes":{"Date_Installed":"1/2020","LED_Powered":1,"LightID":"L032385","Light_Source":"LED","Light_Type":"Cobra","Lighting_Type":"LED-Powered Lamp","Verification_Date":null},"id":"stl-city-public-streetlights:2:139528","sourceLayerId":2,"sourceObjectId":139528,"sourceURL":"https://maps8.stlouis-mo.gov/arcgis/rest/services/STREETS/Streets_Permitting/MapServer/2","title":"Street light L032385"},"type":"Feature"},{"geometry":{"coordinates":[-90.27010467856213,38.65611352054337],"type":"Point"},"id":"stl-city-public-streetlights:2:139529","properties":{"address":null,"attributes":{"Date_Installed":"1/2020","LED_Powered":1,"LightID":"L032386","Light_Source":"LED","Light_Type":"Cobra","Lighting_Type":"LED-Powered Lamp","Verification_Date":null},"id":"stl-city-public-streetlights:2:139529","sourceLayerId":2,"sourceObjectId":139529,"sourceURL":"https://maps8.stlouis-mo.gov/arcgis/rest/services/STREETS/Streets_Permitting/MapServer/2","title":"Street light L032386"},"type":"Feature"},{"geometry":{"coordinates":[-90.27004762562548,38.65646389309797],"type":"Point"},"id":"stl-city-public-streetlights:2:139530","properties":{"address":null,"attributes":{"Date_Installed":"1/2020","LED_Powered":1,"LightID":"L032387","Light_Source":"LED","Light_Type":"Cobra","Lighting_Type":"LED-Powered Lamp","Verification_Date":null},"id":"stl-city-public-streetlights:2:139530","sourceLayerId":2,"sourceObjectId":139530,"sourceURL":"https://maps8.stlouis-mo.gov/arcgis/rest/services/STREETS/Streets_Permitting/MapServer/2","title":"Street light L032387"},"type":"Feature"},{"geometry":{"coordinates":[-90.27028313745808,38.651222167659824],"type":"Point"},"id":"stl-city-public-streetlights:2:139814","properties":{"address":null,"attributes":{"Date_Installed":"3/2/20","LED_Powered":1,"LightID":"L032671","Light_Source":"LED","Light_Type":"Cobra","Lighting_Type":"LED-Powered Lamp","Verification_Date":null},"id":"stl-city-public-streetlights:2:139814","sourceLayerId":2,"sourceObjectId":139814,"sourceURL":"https://maps8.stlouis-mo.gov/arcgis/rest/services/STREETS/Streets_Permitting/MapServer/2","title":"Street light L032671"},"type":"Feature"},{"geometry":{"coordinates":[-90.27084643292768,38.65128267157375],"type":"Point"},"id":"stl-city-public-streetlights:2:139815","properties":{"address":null,"attributes":{"Date_Installed":"3/2/20","LED_Powered":1,"LightID":"L032672","Light_Source":"LED","Light_Type":"Cobra","Lighting_Type":"LED-Powered Lamp","Verification_Date":null},"id":"stl-city-public-streetlights:2:139815","sourceLayerId":2,"sourceObjectId":139815,"sourceURL":"https://maps8.stlouis-mo.gov/arcgis/rest/services/STREETS/Streets_Permitting/MapServer/2","title":"Street light L032672"},"type":"Feature"},{"geometry":{"coordinates":[-90.27143373887911,38.651344651201725],"type":"Point"},"id":"stl-city-public-streetlights:2:139816","properties":{"address":null,"attributes":{"Date_Installed":"3/2/20","LED_Powered":1,"LightID":"L032673","Light_Source":"LED","Light_Type":"Cobra","Lighting_Type":"LED-Powered Lamp","Verification_Date":null},"id":"stl-city-public-streetlights:2:139816","sourceLayerId":2,"sourceObjectId":139816,"sourceURL":"https://maps8.stlouis-mo.gov/arcgis/rest/services/STREETS/Streets_Permitting/MapServer/2","title":"Street light L032673"},"type":"Feature"},{"geometry":{"coordinates":[-90.27199996712716,38.651401484174315],"type":"Point"},"id":"stl-city-public-streetlights:2:139817","properties":{"address":null,"attributes":{"Date_Installed":"3/2/20","LED_Powered":1,"LightID":"L032674","Light_Source":"LED","Light_Type":"Cobra","Lighting_Type":"LED-Powered Lamp","Verification_Date":null},"id":"stl-city-public-streetlights:2:139817","sourceLayerId":2,"sourceObjectId":139817,"sourceURL":"https://maps8.stlouis-mo.gov/arcgis/rest/services/STREETS/Streets_Permitting/MapServer/2","title":"Street light L032674"},"type":"Feature"},{"geometry":{"coordinates":[-90.27256606642236,38.65146050781772],"type":"Point"},"id":"stl-city-public-streetlights:2:139818","properties":{"address":null,"attributes":{"Date_Installed":"3/2/20","LED_Powered":1,"LightID":"L032675","Light_Source":"LED","Light_Type":"Cobra","Lighting_Type":"LED-Powered Lamp","Verification_Date":null},"id":"stl-city-public-streetlights:2:139818","sourceLayerId":2,"sourceObjectId":139818,"sourceURL":"https://maps8.stlouis-mo.gov/arcgis/rest/services/STREETS/Streets_Permitting/MapServer/2","title":"Street light L032675"},"type":"Feature"},{"geometry":{"coordinates":[-90.27313690344141,38.65152168292382],"type":"Point"},"id":"stl-city-public-streetlights:2:139819","properties":{"address":null,"attributes":{"Date_Installed":"3/2/20","LED_Powered":1,"LightID":"L032676","Light_Source":"LED","Light_Type":"Cobra","Lighting_Type":"LED-Powered Lamp","Verification_Date":null},"id":"stl-city-public-streetlights:2:139819","sourceLayerId":2,"sourceObjectId":139819,"sourceURL":"https://maps8.stlouis-mo.gov/arcgis/rest/services/STREETS/Streets_Permitting/MapServer/2","title":"Street light L032676"},"type":"Feature"},{"geometry":{"coordinates":[-90.27319786565047,38.6525120659355],"type":"Point"},"id":"stl-city-public-streetlights:2:139820","properties":{"address":null,"attributes":{"Date_Installed":null,"LED_Powered":0,"LightID":"L032677","Light_Source":"LED","Light_Type":"Cobra","Lighting_Type":"LED-Powered Lamp","Verification_Date":null},"id":"stl-city-public-streetlights:2:139820","sourceLayerId":2,"sourceObjectId":139820,"sourceURL":"https://maps8.stlouis-mo.gov/arcgis/rest/services/STREETS/Streets_Permitting/MapServer/2","title":"Street light L032677"},"type":"Feature"},{"geometry":{"coordinates":[-90.27275408873949,38.65240990078969],"type":"Point"},"id":"stl-city-public-streetlights:2:139821","properties":{"address":null,"attributes":{"Date_Installed":null,"LED_Powered":0,"LightID":"L032678","Light_Source":"LED","Light_Type":"Cobra","Lighting_Type":"LED-Powered Lamp","Verification_Date":null},"id":"stl-city-public-streetlights:2:139821","sourceLayerId":2,"sourceObjectId":139821,"sourceURL":"https://maps8.stlouis-mo.gov/arcgis/rest/services/STREETS/Streets_Permitting/MapServer/2","title":"Street light L032678"},"type":"Feature"},{"geometry":{"coordinates":[-90.27225403565652,38.652350053518894],"type":"Point"},"id":"stl-city-public-streetlights:2:139822","properties":{"address":null,"attributes":{"Date_Installed":null,"LED_Powered":0,"LightID":"L032679","Light_Source":"LED","Light_Type":"Cobra","Lighting_Type":"LED-Powered Lamp","Verification_Date":null},"id":"stl-city-public-streetlights:2:139822","sourceLayerId":2,"sourceObjectId":139822,"sourceURL":"https://maps8.stlouis-mo.gov/arcgis/rest/services/STREETS/Streets_Permitting/MapServer/2","title":"Street light L032679"},"type":"Feature"},{"geometry":{"coordinates":[-90.2717480270072,38.65229948875053],"type":"Point"},"id":"stl-city-public-streetlights:2:139823","properties":{"address":null,"attributes":{"Date_Installed":null,"LED_Powered":0,"LightID":"L032680","Light_Source":"LED","Light_Type":"Cobra","Lighting_Type":"LED-Powered Lamp","Verification_Date":null},"id":"stl-city-public-streetlights:2:139823","sourceLayerId":2,"sourceObjectId":139823,"sourceURL":"https://maps8.stlouis-mo.gov/arcgis/rest/services/STREETS/Streets_Permitting/MapServer/2","title":"Street light L032680"},"type":"Feature"},{"geometry":{"coordinates":[-90.27127229467357,38.652248980995104],"type":"Point"},"id":"stl-city-public-streetlights:2:139824","properties":{"address":null,"attributes":{"Date_Installed":null,"LED_Powered":0,"LightID":"L032681","Light_Source":"LED","Light_Type":"Cobra","Lighting_Type":"LED-Powered Lamp","Verification_Date":null},"id":"stl-city-public-streetlights:2:139824","sourceLayerId":2,"sourceObjectId":139824,"sourceURL":"https://maps8.stlouis-mo.gov/arcgis/rest/services/STREETS/Streets_Permitting/MapServer/2","title":"Street light L032681"},"type":"Feature"},{"geometry":{"coordinates":[-90.27077250600729,38.65219270263153],"type":"Point"},"id":"stl-city-public-streetlights:2:139825","properties":{"address":null,"attributes":{"Date_Installed":null,"LED_Powered":0,"LightID":"L032682","Light_Source":"LED","Light_Type":"Cobra","Lighting_Type":"LED-Powered Lamp","Verification_Date":null},"id":"stl-city-public-streetlights:2:139825","sourceLayerId":2,"sourceObjectId":139825,"sourceURL":"https://maps8.stlouis-mo.gov/arcgis/rest/services/STREETS/Streets_Permitting/MapServer/2","title":"Street light L032682"},"type":"Feature"},{"geometry":{"coordinates":[-90.27027500677417,38.65214357787521],"type":"Point"},"id":"stl-city-public-streetlights:2:139826","properties":{"address":null,"attributes":{"Date_Installed":null,"LED_Powered":0,"LightID":"L032683","Light_Source":"LED","Light_Type":"Cobra","Lighting_Type":"LED-Powered Lamp","Verification_Date":null},"id":"stl-city-public-streetlights:2:139826","sourceLayerId":2,"sourceObjectId":139826,"sourceURL":"https://maps8.stlouis-mo.gov/arcgis/rest/services/STREETS/Streets_Permitting/MapServer/2","title":"Street light L032683"},"type":"Feature"},{"geometry":{"coordinates":[-90.2700044592501,38.65233850195498],"type":"Point"},"id":"stl-city-public-streetlights:2:139852","properties":{"address":null,"attributes":{"Date_Installed":null,"LED_Powered":0,"LightID":"L032709","Light_Source":"LED","Light_Type":"Cobra","Lighting_Type":"LED-Powered Lamp","Verification_Date":null},"id":"stl-city-public-streetlights:2:139852","sourceLayerId":2,"sourceObjectId":139852,"sourceURL":"https://maps8.stlouis-mo.gov/arcgis/rest/services/STREETS/Streets_Permitting/MapServer/2","title":"Street light L032709"},"type":"Feature"},{"geometry":{"coordinates":[-90.27048926906872,38.652388079535974],"type":"Point"},"id":"stl-city-public-streetlights:2:139853","properties":{"address":null,"attributes":{"Date_Installed":null,"LED_Powered":0,"LightID":"L032710","Light_Source":"LED","Light_Type":"Cobra","Lighting_Type":"LED-Powered Lamp","Verification_Date":null},"id":"stl-city-public-streetlights:2:139853","sourceLayerId":2,"sourceObjectId":139853,"sourceURL":"https://maps8.stlouis-mo.gov/arcgis/rest/services/STREETS/Streets_Permitting/MapServer/2","title":"Street light L032710"},"type":"Feature"},{"geometry":{"coordinates":[-90.27099444816878,38.65244579937028],"type":"Point"},"id":"stl-city-public-streetlights:2:139854","properties":{"address":null,"attributes":{"Date_Installed":"1/2020","LED_Powered":1,"LightID":"L032711","Light_Source":"LED","Light_Type":"Cobra","Lighting_Type":"LED-Powered Lamp","Verification_Date":null},"id":"stl-city-public-streetlights:2:139854","sourceLayerId":2,"sourceObjectId":139854,"sourceURL":"https://maps8.stlouis-mo.gov/arcgis/rest/services/STREETS/Streets_Permitting/MapServer/2","title":"Street light L032711"},"type":"Feature"},{"geometry":{"coordinates":[-90.27151954662658,38.6524964046841],"type":"Point"},"id":"stl-city-public-streetlights:2:139855","properties":{"address":null,"attributes":{"Date_Installed":"1/2020","LED_Powered":1,"LightID":"L032712","Light_Source":"LED","Light_Type":"Cobra","Lighting_Type":"LED-Powered Lamp","Verification_Date":null},"id":"stl-city-public-streetlights:2:139855","sourceLayerId":2,"sourceObjectId":139855,"sourceURL":"https://maps8.stlouis-mo.gov/arcgis/rest/services/STREETS/Streets_Permitting/MapServer/2","title":"Street light L032712"},"type":"Feature"},{"geometry":{"coordinates":[-90.2720238508684,38.65254792205977],"type":"Point"},"id":"stl-city-public-streetlights:2:139856","properties":{"address":null,"attributes":{"Date_Installed":"1/2020","LED_Powered":1,"LightID":"L032713","Light_Source":"LED","Light_Type":"Cobra","Lighting_Type":"LED-Powered Lamp","Verification_Date":null},"id":"stl-city-public-streetlights:2:139856","sourceLayerId":2,"sourceObjectId":139856,"sourceURL":"https://maps8.stlouis-mo.gov/arcgis/rest/services/STREETS/Streets_Permitting/MapServer/2","title":"Street light L032713"},"type":"Feature"},{"geometry":{"coordinates":[-90.27247454076542,38.6525979969794],"type":"Point"},"id":"stl-city-public-streetlights:2:139857","properties":{"address":null,"attributes":{"Date_Installed":"1/2020","LED_Powered":1,"LightID":"L032714","Light_Source":"LED","Light_Type":"Cobra","Lighting_Type":"LED-Powered Lamp","Verification_Date":null},"id":"stl-city-public-streetlights:2:139857","sourceLayerId":2,"sourceObjectId":139857,"sourceURL":"https://maps8.stlouis-mo.gov/arcgis/rest/services/STREETS/Streets_Permitting/MapServer/2","title":"Street light L032714"},"type":"Feature"},{"geometry":{"coordinates":[-90.27293956499335,38.65268139659518],"type":"Point"},"id":"stl-city-public-streetlights:2:139858","properties":{"address":null,"attributes":{"Date_Installed":"1/2020","LED_Powered":1,"LightID":"L032715","Light_Source":"LED","Light_Type":"Cobra","Lighting_Type":"LED-Powered Lamp","Verification_Date":null},"id":"stl-city-public-streetlights:2:139858","sourceLayerId":2,"sourceObjectId":139858,"sourceURL":"https://maps8.stlouis-mo.gov/arcgis/rest/services/STREETS/Streets_Permitting/MapServer/2","title":"Street light L032715"},"type":"Feature"},{"geometry":{"coordinates":[-90.27290015407098,38.653676381020055],"type":"Point"},"id":"stl-city-public-streetlights:2:139859","properties":{"address":null,"attributes":{"Date_Installed":"1/2020","LED_Powered":1,"LightID":"L032716","Light_Source":"LED","Light_Type":"Cobra","Lighting_Type":"LED-Powered Lamp","Verification_Date":null},"id":"stl-city-public-streetlights:2:139859","sourceLayerId":2,"sourceObjectId":139859,"sourceURL":"https://maps8.stlouis-mo.gov/arcgis/rest/services/STREETS/Streets_Permitting/MapServer/2","title":"Street light L032716"},"type":"Feature"},{"geometry":{"coordinates":[-90.27224065802449,38.65361646188681],"type":"Point"},"id":"stl-city-public-streetlights:2:139860","properties":{"address":null,"attributes":{"Date_Installed":"1/2020","LED_Powered":1,"LightID":"L032717","Light_Source":"LED","Light_Type":"Cobra","Lighting_Type":"LED-Powered Lamp","Verification_Date":null},"id":"stl-city-public-streetlights:2:139860","sourceLayerId":2,"sourceObjectId":139860,"sourceURL":"https://maps8.stlouis-mo.gov/arcgis/rest/services/STREETS/Streets_Permitting/MapServer/2","title":"Street light L032717"},"type":"Feature"},{"geometry":{"coordinates":[-90.27162835030043,38.653553104193065],"type":"Point"},"id":"stl-city-public-streetlights:2:139861","properties":{"address":null,"attributes":{"Date_Installed":"1/2020","LED_Powered":1,"LightID":"L032718","Light_Source":"LED","Light_Type":"Cobra","Lighting_Type":"LED-Powered Lamp","Verification_Date":null},"id":"stl-city-public-streetlights:2:139861","sourceLayerId":2,"sourceObjectId":139861,"sourceURL":"https://maps8.stlouis-mo.gov/arcgis/rest/services/STREETS/Streets_Permitting/MapServer/2","title":"Street light L032718"},"type":"Feature"},{"geometry":{"coordinates":[-90.27103858604231,38.653493981952394],"type":"Point"},"id":"stl-city-public-streetlights:2:139862","properties":{"address":null,"attributes":{"Date_Installed":"1/2020","LED_Powered":1,"LightID":"L032719","Light_Source":"LED","Light_Type":"Cobra","Lighting_Type":"LED-Powered Lamp","Verification_Date":null},"id":"stl-city-public-streetlights:2:139862","sourceLayerId":2,"sourceObjectId":139862,"sourceURL":"https://maps8.stlouis-mo.gov/arcgis/rest/services/STREETS/Streets_Permitting/MapServer/2","title":"Street light L032719"},"type":"Feature"},{"geometry":{"coordinates":[-90.27034628302053,38.653420238579976],"type":"Point"},"id":"stl-city-public-streetlights:2:139863","properties":{"address":null,"attributes":{"Date_Installed":null,"LED_Powered":0,"LightID":"L032720","Light_Source":"LED","Light_Type":"Cobra","Lighting_Type":"LED-Powered Lamp","Verification_Date":null},"id":"stl-city-public-streetlights:2:139863","sourceLayerId":2,"sourceObjectId":139863,"sourceURL":"https://maps8.stlouis-mo.gov/arcgis/rest/services/STREETS/Streets_Permitting/MapServer/2","title":"Street light L032720"},"type":"Feature"},{"geometry":{"coordinates":[-90.27273821275358,38.65482071601314],"type":"Point"},"id":"stl-city-public-streetlights:2:139874","properties":{"address":null,"attributes":{"Date_Installed":"1/2020","LED_Powered":1,"LightID":"L032731","Light_Source":"LED","Light_Type":"Cobra","Lighting_Type":"LED-Powered Lamp","Verification_Date":null},"id":"stl-city-public-streetlights:2:139874","sourceLayerId":2,"sourceObjectId":139874,"sourceURL":"https://maps8.stlouis-mo.gov/arcgis/rest/services/STREETS/Streets_Permitting/MapServer/2","title":"Street light L032731"},"type":"Feature"},{"geometry":{"coordinates":[-90.2722836198186,38.65477025343973],"type":"Point"},"id":"stl-city-public-streetlights:2:139875","properties":{"address":null,"attributes":{"Date_Installed":"1/2020","LED_Powered":1,"LightID":"L032732","Light_Source":"LED","Light_Type":"Cobra","Lighting_Type":"LED-Powered Lamp","Verification_Date":null},"id":"stl-city-public-streetlights:2:139875","sourceLayerId":2,"sourceObjectId":139875,"sourceURL":"https://maps8.stlouis-mo.gov/arcgis/rest/services/STREETS/Streets_Permitting/MapServer/2","title":"Street light L032732"},"type":"Feature"},{"geometry":{"coordinates":[-90.27181868306616,38.654722628340004],"type":"Point"},"id":"stl-city-public-streetlights:2:139876","properties":{"address":null,"attributes":{"Date_Installed":"1/2020","LED_Powered":1,"LightID":"L032733","Light_Source":"LED","Light_Type":"Cobra","Lighting_Type":"LED-Powered Lamp","Verification_Date":null},"id":"stl-city-public-streetlights:2:139876","sourceLayerId":2,"sourceObjectId":139876,"sourceURL":"https://maps8.stlouis-mo.gov/arcgis/rest/services/STREETS/Streets_Permitting/MapServer/2","title":"Street light L032733"},"type":"Feature"},{"geometry":{"coordinates":[-90.27136966486485,38.65467789282281],"type":"Point"},"id":"stl-city-public-streetlights:2:139877","properties":{"address":null,"attributes":{"Date_Installed":"1/2020","LED_Powered":1,"LightID":"L032734","Light_Source":"LED","Light_Type":"Cobra","Lighting_Type":"LED-Powered Lamp","Verification_Date":null},"id":"stl-city-public-streetlights:2:139877","sourceLayerId":2,"sourceObjectId":139877,"sourceURL":"https://maps8.stlouis-mo.gov/arcgis/rest/services/STREETS/Streets_Permitting/MapServer/2","title":"Street light L032734"},"type":"Feature"},{"geometry":{"coordinates":[-90.27093755267595,38.65463223645006],"type":"Point"},"id":"stl-city-public-streetlights:2:139878","properties":{"address":null,"attributes":{"Date_Installed":"1/2020","LED_Powered":1,"LightID":"L032735","Light_Source":"LED","Light_Type":"Cobra","Lighting_Type":"LED-Powered Lamp","Verification_Date":null},"id":"stl-city-public-streetlights:2:139878","sourceLayerId":2,"sourceObjectId":139878,"sourceURL":"https://maps8.stlouis-mo.gov/arcgis/rest/services/STREETS/Streets_Permitting/MapServer/2","title":"Street light L032735"},"type":"Feature"},{"geometry":{"coordinates":[-90.27049085361537,38.654585119254385],"type":"Point"},"id":"stl-city-public-streetlights:2:139879","properties":{"address":null,"attributes":{"Date_Installed":"1/2020","LED_Powered":1,"LightID":"L032736","Light_Source":"LED","Light_Type":"Cobra","Lighting_Type":"LED-Powered Lamp","Verification_Date":null},"id":"stl-city-public-streetlights:2:139879","sourceLayerId":2,"sourceObjectId":139879,"sourceURL":"https://maps8.stlouis-mo.gov/arcgis/rest/services/STREETS/Streets_Permitting/MapServer/2","title":"Street light L032736"},"type":"Feature"},{"geometry":{"coordinates":[-90.27256824259702,38.65603685726655],"type":"Point"},"id":"stl-city-public-streetlights:2:139896","properties":{"address":null,"attributes":{"Date_Installed":"1/2020","LED_Powered":1,"LightID":"L032753","Light_Source":"LED","Light_Type":"Cobra","Lighting_Type":"LED-Powered Lamp","Verification_Date":null},"id":"stl-city-public-streetlights:2:139896","sourceLayerId":2,"sourceObjectId":139896,"sourceURL":"https://maps8.stlouis-mo.gov/arcgis/rest/services/STREETS/Streets_Permitting/MapServer/2","title":"Street light L032753"},"type":"Feature"},{"geometry":{"coordinates":[-90.27214657585287,38.656001593077164],"type":"Point"},"id":"stl-city-public-streetlights:2:139897","properties":{"address":null,"attributes":{"Date_Installed":"1/2020","LED_Powered":1,"LightID":"L032754","Light_Source":"LED","Light_Type":"Cobra","Lighting_Type":"LED-Powered Lamp","Verification_Date":null},"id":"stl-city-public-streetlights:2:139897","sourceLayerId":2,"sourceObjectId":139897,"sourceURL":"https://maps8.stlouis-mo.gov/arcgis/rest/services/STREETS/Streets_Permitting/MapServer/2","title":"Street light L032754"},"type":"Feature"},{"geometry":{"coordinates":[-90.27171780760685,38.65595308578436],"type":"Point"},"id":"stl-city-public-streetlights:2:139898","properties":{"address":null,"attributes":{"Date_Installed":"1/2020","LED_Powered":1,"LightID":"L032755","Light_Source":"LED","Light_Type":"Cobra","Lighting_Type":"LED-Powered Lamp","Verification_Date":null},"id":"stl-city-public-streetlights:2:139898","sourceLayerId":2,"sourceObjectId":139898,"sourceURL":"https://maps8.stlouis-mo.gov/arcgis/rest/services/STREETS/Streets_Permitting/MapServer/2","title":"Street light L032755"},"type":"Feature"},{"geometry":{"coordinates":[-90.27128143350198,38.65590694489575],"type":"Point"},"id":"stl-city-public-streetlights:2:139899","properties":{"address":null,"attributes":{"Date_Installed":"1/2020","LED_Powered":1,"LightID":"L032756","Light_Source":"LED","Light_Type":"Cobra","Lighting_Type":"LED-Powered Lamp","Verification_Date":null},"id":"stl-city-public-streetlights:2:139899","sourceLayerId":2,"sourceObjectId":139899,"sourceURL":"https://maps8.stlouis-mo.gov/arcgis/rest/services/STREETS/Streets_Permitting/MapServer/2","title":"Street light L032756"},"type":"Feature"},{"geometry":{"coordinates":[-90.27085903455357,38.65586321350261],"type":"Point"},"id":"stl-city-public-streetlights:2:139900","properties":{"address":null,"attributes":{"Date_Installed":"1/2020","LED_Powered":1,"LightID":"L032757","Light_Source":"LED","Light_Type":"Cobra","Lighting_Type":"LED-Powered Lamp","Verification_Date":null},"id":"stl-city-public-streetlights:2:139900","sourceLayerId":2,"sourceObjectId":139900,"sourceURL":"https://maps8.stlouis-mo.gov/arcgis/rest/services/STREETS/Streets_Permitting/MapServer/2","title":"Street light L032757"},"type":"Feature"},{"geometry":{"coordinates":[-90.2704290372712,38.65581946477201],"type":"Point"},"id":"stl-city-public-streetlights:2:139901","properties":{"address":null,"attributes":{"Date_Installed":"1/2020","LED_Powered":1,"LightID":"L032758","Light_Source":"LED","Light_Type":"Cobra","Lighting_Type":"LED-Powered Lamp","Verification_Date":null},"id":"stl-city-public-streetlights:2:139901","sourceLayerId":2,"sourceObjectId":139901,"sourceURL":"https://maps8.stlouis-mo.gov/arcgis/rest/services/STREETS/Streets_Permitting/MapServer/2","title":"Street light L032758"},"type":"Feature"},{"geometry":{"coordinates":[-90.27235343978407,38.65707330635307],"type":"Point"},"id":"stl-city-public-streetlights:2:139918","properties":{"address":null,"attributes":{"Date_Installed":"1/2020","LED_Powered":1,"LightID":"L032775","Light_Source":"LED","Light_Type":"Cobra","Lighting_Type":"LED-Powered Lamp","Verification_Date":null},"id":"stl-city-public-streetlights:2:139918","sourceLayerId":2,"sourceObjectId":139918,"sourceURL":"https://maps8.stlouis-mo.gov/arcgis/rest/services/STREETS/Streets_Permitting/MapServer/2","title":"Street light L032775"},"type":"Feature"},{"geometry":{"coordinates":[-90.27190672159306,38.65702714766711],"type":"Point"},"id":"stl-city-public-streetlights:2:139919","properties":{"address":null,"attributes":{"Date_Installed":"1/2020","LED_Powered":1,"LightID":"L032776","Light_Source":"LED","Light_Type":"Cobra","Lighting_Type":"LED-Powered Lamp","Verification_Date":null},"id":"stl-city-public-streetlights:2:139919","sourceLayerId":2,"sourceObjectId":139919,"sourceURL":"https://maps8.stlouis-mo.gov/arcgis/rest/services/STREETS/Streets_Permitting/MapServer/2","title":"Street light L032776"},"type":"Feature"},{"geometry":{"coordinates":[-90.27145499386828,38.65697978561475],"type":"Point"},"id":"stl-city-public-streetlights:2:139920","properties":{"address":null,"attributes":{"Date_Installed":"1/2020","LED_Powered":1,"LightID":"L032777","Light_Source":"LED","Light_Type":"Cobra","Lighting_Type":"LED-Powered Lamp","Verification_Date":null},"id":"stl-city-public-streetlights:2:139920","sourceLayerId":2,"sourceObjectId":139920,"sourceURL":"https://maps8.stlouis-mo.gov/arcgis/rest/services/STREETS/Streets_Permitting/MapServer/2","title":"Street light L032777"},"type":"Feature"},{"geometry":{"coordinates":[-90.27101283692653,38.65693363242715],"type":"Point"},"id":"stl-city-public-streetlights:2:139921","properties":{"address":null,"attributes":{"Date_Installed":"1/2020","LED_Powered":1,"LightID":"L032778","Light_Source":"LED","Light_Type":"Cobra","Lighting_Type":"LED-Powered Lamp","Verification_Date":null},"id":"stl-city-public-streetlights:2:139921","sourceLayerId":2,"sourceObjectId":139921,"sourceURL":"https://maps8.stlouis-mo.gov/arcgis/rest/services/STREETS/Streets_Permitting/MapServer/2","title":"Street light L032778"},"type":"Feature"},{"geometry":{"coordinates":[-90.27057188966492,38.65688986368794],"type":"Point"},"id":"stl-city-public-streetlights:2:139922","properties":{"address":null,"attributes":{"Date_Installed":"1/2020","LED_Powered":1,"LightID":"L032779","Light_Source":"LED","Light_Type":"Cobra","Lighting_Type":"LED-Powered Lamp","Verification_Date":null},"id":"stl-city-public-streetlights:2:139922","sourceLayerId":2,"sourceObjectId":139922,"sourceURL":"https://maps8.stlouis-mo.gov/arcgis/rest/services/STREETS/Streets_Permitting/MapServer/2","title":"Street light L032779"},"type":"Feature"},{"geometry":{"coordinates":[-90.27011864786768,38.65684082506366],"type":"Point"},"id":"stl-city-public-streetlights:2:139923","properties":{"address":null,"attributes":{"Date_Installed":"1/2020","LED_Powered":1,"LightID":"L032780","Light_Source":"LED","Light_Type":"Cobra","Lighting_Type":"LED-Powered Lamp","Verification_Date":null},"id":"stl-city-public-streetlights:2:139923","sourceLayerId":2,"sourceObjectId":139923,"sourceURL":"https://maps8.stlouis-mo.gov/arcgis/rest/services/STREETS/Streets_Permitting/MapServer/2","title":"Street light L032780"},"type":"Feature"},{"geometry":{"coordinates":[-90.27041062368646,38.65778494685704],"type":"Point"},"id":"stl-city-public-streetlights:2:139957","properties":{"address":null,"attributes":{"Date_Installed":"1/2020","LED_Powered":1,"LightID":"L032814","Light_Source":"LED","Light_Type":"Cobra","Lighting_Type":"LED-Powered Lamp","Verification_Date":null},"id":"stl-city-public-streetlights:2:139957","sourceLayerId":2,"sourceObjectId":139957,"sourceURL":"https://maps8.stlouis-mo.gov/arcgis/rest/services/STREETS/Streets_Permitting/MapServer/2","title":"Street light L032814"},"type":"Feature"},{"geometry":{"coordinates":[-90.27087556978303,38.65783591445235],"type":"Point"},"id":"stl-city-public-streetlights:2:139958","properties":{"address":null,"attributes":{"Date_Installed":"1/2020","LED_Powered":1,"LightID":"L032815","Light_Source":"LED","Light_Type":"Cobra","Lighting_Type":"LED-Powered Lamp","Verification_Date":null},"id":"stl-city-public-streetlights:2:139958","sourceLayerId":2,"sourceObjectId":139958,"sourceURL":"https://maps8.stlouis-mo.gov/arcgis/rest/services/STREETS/Streets_Permitting/MapServer/2","title":"Street light L032815"},"type":"Feature"},{"geometry":{"coordinates":[-90.27130558773716,38.65787703819818],"type":"Point"},"id":"stl-city-public-streetlights:2:139959","properties":{"address":null,"attributes":{"Date_Installed":"1/2020","LED_Powered":1,"LightID":"L032816","Light_Source":"LED","Light_Type":"Cobra","Lighting_Type":"LED-Powered Lamp","Verification_Date":null},"id":"stl-city-public-streetlights:2:139959","sourceLayerId":2,"sourceObjectId":139959,"sourceURL":"https://maps8.stlouis-mo.gov/arcgis/rest/services/STREETS/Streets_Permitting/MapServer/2","title":"Street light L032816"},"type":"Feature"},{"geometry":{"coordinates":[-90.27180827713558,38.65797026530005],"type":"Point"},"id":"stl-city-public-streetlights:2:139960","properties":{"address":null,"attributes":{"Date_Installed":"1/2020","LED_Powered":1,"LightID":"L032817","Light_Source":"LED","Light_Type":"Cobra","Lighting_Type":"LED-Powered Lamp","Verification_Date":null},"id":"stl-city-public-streetlights:2:139960","sourceLayerId":2,"sourceObjectId":139960,"sourceURL":"https://maps8.stlouis-mo.gov/arcgis/rest/services/STREETS/Streets_Permitting/MapServer/2","title":"Street light L032817"},"type":"Feature"},{"geometry":{"coordinates":[-90.2722718503861,38.65809517576197],"type":"Point"},"id":"stl-city-public-streetlights:2:139961","properties":{"address":null,"attributes":{"Date_Installed":"1/2020","LED_Powered":1,"LightID":"L032818","Light_Source":"LED","Light_Type":"Cobra","Lighting_Type":"LED-Powered Lamp","Verification_Date":null},"id":"stl-city-public-streetlights:2:139961","sourceLayerId":2,"sourceObjectId":139961,"sourceURL":"https://maps8.stlouis-mo.gov/arcgis/rest/services/STREETS/Streets_Permitting/MapServer/2","title":"Street light L032818"},"type":"Feature"},{"geometry":{"coordinates":[-90.27212885571637,38.65887442556472],"type":"Point"},"id":"stl-city-public-streetlights:2:139962","properties":{"address":null,"attributes":{"Date_Installed":null,"LED_Powered":0,"LightID":"L032819","Light_Source":"LED","Light_Type":"Cobra","Lighting_Type":"LED-Powered Lamp","Verification_Date":null},"id":"stl-city-public-streetlights:2:139962","sourceLayerId":2,"sourceObjectId":139962,"sourceURL":"https://maps8.stlouis-mo.gov/arcgis/rest/services/STREETS/Streets_Permitting/MapServer/2","title":"Street light L032819"},"type":"Feature"},{"geometry":{"coordinates":[-90.27166657275973,38.658825089745946],"type":"Point"},"id":"stl-city-public-streetlights:2:139963","properties":{"address":null,"attributes":{"Date_Installed":"1/2020","LED_Powered":1,"LightID":"L032820","Light_Source":"LED","Light_Type":"Cobra","Lighting_Type":"LED-Powered Lamp","Verification_Date":null},"id":"stl-city-public-streetlights:2:139963","sourceLayerId":2,"sourceObjectId":139963,"sourceURL":"https://maps8.stlouis-mo.gov/arcgis/rest/services/STREETS/Streets_Permitting/MapServer/2","title":"Street light L032820"},"type":"Feature"},{"geometry":{"coordinates":[-90.27119193990761,38.65877839727161],"type":"Point"},"id":"stl-city-public-streetlights:2:139964","properties":{"address":null,"attributes":{"Date_Installed":"1/2020","LED_Powered":1,"LightID":"L032821","Light_Source":"LED","Light_Type":"Cobra","Lighting_Type":"LED-Powered Lamp","Verification_Date":null},"id":"stl-city-public-streetlights:2:139964","sourceLayerId":2,"sourceObjectId":139964,"sourceURL":"https://maps8.stlouis-mo.gov/arcgis/rest/services/STREETS/Streets_Permitting/MapServer/2","title":"Street light L032821"},"type":"Feature"},{"geometry":{"coordinates":[-90.27073926400706,38.65872926666702],"type":"Point"},"id":"stl-city-public-streetlights:2:139965","properties":{"address":null,"attributes":{"Date_Installed":"1/2020","LED_Powered":1,"LightID":"L032822","Light_Source":"LED","Light_Type":"Cobra","Lighting_Type":"LED-Powered Lamp","Verification_Date":null},"id":"stl-city-public-streetlights:2:139965","sourceLayerId":2,"sourceObjectId":139965,"sourceURL":"https://maps8.stlouis-mo.gov/arcgis/rest/services/STREETS/Streets_Permitting/MapServer/2","title":"Street light L032822"},"type":"Feature"},{"geometry":{"coordinates":[-90.27027606019043,38.65868321268623],"type":"Point"},"id":"stl-city-public-streetlights:2:139966","properties":{"address":null,"attributes":{"Date_Installed":"1/2020","LED_Powered":1,"LightID":"L032823","Light_Source":"LED","Light_Type":"Cobra","Lighting_Type":"LED-Powered Lamp","Verification_Date":null},"id":"stl-city-public-streetlights:2:139966","sourceLayerId":2,"sourceObjectId":139966,"sourceURL":"https://maps8.stlouis-mo.gov/arcgis/rest/services/STREETS/Streets_Permitting/MapServer/2","title":"Street light L032823"},"type":"Feature"},{"geometry":{"coordinates":[-90.27035456290187,38.65965716307005],"type":"Point"},"id":"stl-city-public-streetlights:2:140002","properties":{"address":null,"attributes":{"Date_Installed":"1/2020","LED_Powered":1,"LightID":"L032859","Light_Source":"LED","Light_Type":"Cobra","Lighting_Type":"LED-Powered Lamp","Verification_Date":null},"id":"stl-city-public-streetlights:2:140002","sourceLayerId":2,"sourceObjectId":140002,"sourceURL":"https://maps8.stlouis-mo.gov/arcgis/rest/services/STREETS/Streets_Permitting/MapServer/2","title":"Street light L032859"},"type":"Feature"},{"geometry":{"coordinates":[-90.27076372324284,38.65970277751475],"type":"Point"},"id":"stl-city-public-streetlights:2:140003","properties":{"address":null,"attributes":{"Date_Installed":"1/2020","LED_Powered":1,"LightID":"L032860","Light_Source":"LED","Light_Type":"Cobra","Lighting_Type":"LED-Powered Lamp","Verification_Date":null},"id":"stl-city-public-streetlights:2:140003","sourceLayerId":2,"sourceObjectId":140003,"sourceURL":"https://maps8.stlouis-mo.gov/arcgis/rest/services/STREETS/Streets_Permitting/MapServer/2","title":"Street light L032860"},"type":"Feature"},{"geometry":{"coordinates":[-90.27115758878024,38.65973977966368],"type":"Point"},"id":"stl-city-public-streetlights:2:140004","properties":{"address":null,"attributes":{"Date_Installed":"1/2020","LED_Powered":1,"LightID":"L032861","Light_Source":"LED","Light_Type":"Cobra","Lighting_Type":"LED-Powered Lamp","Verification_Date":null},"id":"stl-city-public-streetlights:2:140004","sourceLayerId":2,"sourceObjectId":140004,"sourceURL":"https://maps8.stlouis-mo.gov/arcgis/rest/services/STREETS/Streets_Permitting/MapServer/2","title":"Street light L032861"},"type":"Feature"},{"geometry":{"coordinates":[-90.27155007346406,38.659781544380365],"type":"Point"},"id":"stl-city-public-streetlights:2:140005","properties":{"address":null,"attributes":{"Date_Installed":"1/2020","LED_Powered":1,"LightID":"L032862","Light_Source":"LED","Light_Type":"Cobra","Lighting_Type":"LED-Powered Lamp","Verification_Date":null},"id":"stl-city-public-streetlights:2:140005","sourceLayerId":2,"sourceObjectId":140005,"sourceURL":"https://maps8.stlouis-mo.gov/arcgis/rest/services/STREETS/Streets_Permitting/MapServer/2","title":"Street light L032862"},"type":"Feature"},{"geometry":{"coordinates":[-90.27196231138473,38.65982525346689],"type":"Point"},"id":"stl-city-public-streetlights:2:140006","properties":{"address":null,"attributes":{"Date_Installed":"1/2020","LED_Powered":1,"LightID":"L032863","Light_Source":"LED","Light_Type":"Cobra","Lighting_Type":"LED-Powered Lamp","Verification_Date":null},"id":"stl-city-public-streetlights:2:140006","sourceLayerId":2,"sourceObjectId":140006,"sourceURL":"https://maps8.stlouis-mo.gov/arcgis/rest/services/STREETS/Streets_Permitting/MapServer/2","title":"Street light L032863"},"type":"Feature"},{"geometry":{"coordinates":[-90.2746654751513,38.654789826827184],"type":"Point"},"id":"stl-city-public-streetlights:2:149141","properties":{"address":null,"attributes":{"Date_Installed":null,"LED_Powered":0,"LightID":"L041997","Light_Source":"High Pressure Sodium","Light_Type":"Decorative","Lighting_Type":"King Luminaire (Historic Light Fixture)","Verification_Date":null},"id":"stl-city-public-streetlights:2:149141","sourceLayerId":2,"sourceObjectId":149141,"sourceURL":"https://maps8.stlouis-mo.gov/arcgis/rest/services/STREETS/Streets_Permitting/MapServer/2","title":"Street light L041997"},"type":"Feature"},{"geometry":{"coordinates":[-90.27463614790634,38.65498176833553],"type":"Point"},"id":"stl-city-public-streetlights:2:149142","properties":{"address":null,"attributes":{"Date_Installed":null,"LED_Powered":0,"LightID":"L041998","Light_Source":"High Pressure Sodium","Light_Type":"Decorative","Lighting_Type":"King Luminaire (Historic Light Fixture)","Verification_Date":null},"id":"stl-city-public-streetlights:2:149142","sourceLayerId":2,"sourceObjectId":149142,"sourceURL":"https://maps8.stlouis-mo.gov/arcgis/rest/services/STREETS/Streets_Permitting/MapServer/2","title":"Street light L041998"},"type":"Feature"},{"geometry":{"coordinates":[-90.27458360722567,38.65530595679034],"type":"Point"},"id":"stl-city-public-streetlights:2:149143","properties":{"address":null,"attributes":{"Date_Installed":null,"LED_Powered":0,"LightID":"L041999","Light_Source":"High Pressure Sodium","Light_Type":"Decorative","Lighting_Type":"King Luminaire (Historic Light Fixture)","Verification_Date":null},"id":"stl-city-public-streetlights:2:149143","sourceLayerId":2,"sourceObjectId":149143,"sourceURL":"https://maps8.stlouis-mo.gov/arcgis/rest/services/STREETS/Streets_Permitting/MapServer/2","title":"Street light L041999"},"type":"Feature"},{"geometry":{"coordinates":[-90.27642854787786,38.65545732850039],"type":"Point"},"id":"stl-city-public-streetlights:2:149144","properties":{"address":null,"attributes":{"Date_Installed":null,"LED_Powered":0,"LightID":"L042000","Light_Source":"High Pressure Sodium","Light_Type":"Decorative","Lighting_Type":"King Luminaire (Historic Light Fixture)","Verification_Date":null},"id":"stl-city-public-streetlights:2:149144","sourceLayerId":2,"sourceObjectId":149144,"sourceURL":"https://maps8.stlouis-mo.gov/arcgis/rest/services/STREETS/Streets_Permitting/MapServer/2","title":"Street light L042000"},"type":"Feature"},{"geometry":{"coordinates":[-90.27624164307507,38.65544314522004],"type":"Point"},"id":"stl-city-public-streetlights:2:149145","properties":{"address":null,"attributes":{"Date_Installed":null,"LED_Powered":0,"LightID":"L042001","Light_Source":"High Pressure Sodium","Light_Type":"Decorative","Lighting_Type":"King Luminaire (Historic Light Fixture)","Verification_Date":null},"id":"stl-city-public-streetlights:2:149145","sourceLayerId":2,"sourceObjectId":149145,"sourceURL":"https://maps8.stlouis-mo.gov/arcgis/rest/services/STREETS/Streets_Permitting/MapServer/2","title":"Street light L042001"},"type":"Feature"},{"geometry":{"coordinates":[-90.27606457241866,38.655423976939446],"type":"Point"},"id":"stl-city-public-streetlights:2:149146","properties":{"address":null,"attributes":{"Date_Installed":null,"LED_Powered":0,"LightID":"L042002","Light_Source":"High Pressure Sodium","Light_Type":"Decorative","Lighting_Type":"King Luminaire (Historic Light Fixture)","Verification_Date":null},"id":"stl-city-public-streetlights:2:149146","sourceLayerId":2,"sourceObjectId":149146,"sourceURL":"https://maps8.stlouis-mo.gov/arcgis/rest/services/STREETS/Streets_Permitting/MapServer/2","title":"Street light L042002"},"type":"Feature"},{"geometry":{"coordinates":[-90.27588892775053,38.65540588227777],"type":"Point"},"id":"stl-city-public-streetlights:2:149147","properties":{"address":null,"attributes":{"Date_Installed":null,"LED_Powered":0,"LightID":"L042003","Light_Source":"High Pressure Sodium","Light_Type":"Decorative","Lighting_Type":"King Luminaire (Historic Light Fixture)","Verification_Date":null},"id":"stl-city-public-streetlights:2:149147","sourceLayerId":2,"sourceObjectId":149147,"sourceURL":"https://maps8.stlouis-mo.gov/arcgis/rest/services/STREETS/Streets_Permitting/MapServer/2","title":"Street light L042003"},"type":"Feature"},{"geometry":{"coordinates":[-90.27570568190445,38.65538819078989],"type":"Point"},"id":"stl-city-public-streetlights:2:149148","properties":{"address":null,"attributes":{"Date_Installed":null,"LED_Powered":0,"LightID":"L042004","Light_Source":"High Pressure Sodium","Light_Type":"Decorative","Lighting_Type":"King Luminaire (Historic Light Fixture)","Verification_Date":null},"id":"stl-city-public-streetlights:2:149148","sourceLayerId":2,"sourceObjectId":149148,"sourceURL":"https://maps8.stlouis-mo.gov/arcgis/rest/services/STREETS/Streets_Permitting/MapServer/2","title":"Street light L042004"},"type":"Feature"},{"geometry":{"coordinates":[-90.27549735759733,38.655370211251885],"type":"Point"},"id":"stl-city-public-streetlights:2:149149","properties":{"address":null,"attributes":{"Date_Installed":null,"LED_Powered":0,"LightID":"L042005","Light_Source":"High Pressure Sodium","Light_Type":"Decorative","Lighting_Type":"King Luminaire (Historic Light Fixture)","Verification_Date":null},"id":"stl-city-public-streetlights:2:149149","sourceLayerId":2,"sourceObjectId":149149,"sourceURL":"https://maps8.stlouis-mo.gov/arcgis/rest/services/STREETS/Streets_Permitting/MapServer/2","title":"Street light L042005"},"type":"Feature"},{"geometry":{"coordinates":[-90.27531686031158,38.65534841278055],"type":"Point"},"id":"stl-city-public-streetlights:2:149150","properties":{"address":null,"attributes":{"Date_Installed":null,"LED_Powered":0,"LightID":"L042006","Light_Source":"High Pressure Sodium","Light_Type":"Decorative","Lighting_Type":"King Luminaire (Historic Light Fixture)","Verification_Date":null},"id":"stl-city-public-streetlights:2:149150","sourceLayerId":2,"sourceObjectId":149150,"sourceURL":"https://maps8.stlouis-mo.gov/arcgis/rest/services/STREETS/Streets_Permitting/MapServer/2","title":"Street light L042006"},"type":"Feature"},{"geometry":{"coordinates":[-90.27512904195824,38.655335180908594],"type":"Point"},"id":"stl-city-public-streetlights:2:149151","properties":{"address":null,"attributes":{"Date_Installed":null,"LED_Powered":0,"LightID":"L042007","Light_Source":"High Pressure Sodium","Light_Type":"Decorative","Lighting_Type":"King Luminaire (Historic Light Fixture)","Verification_Date":null},"id":"stl-city-public-streetlights:2:149151","sourceLayerId":2,"sourceObjectId":149151,"sourceURL":"https://maps8.stlouis-mo.gov/arcgis/rest/services/STREETS/Streets_Permitting/MapServer/2","title":"Street light L042007"},"type":"Feature"},{"geometry":{"coordinates":[-90.27494306820606,38.655314800140125],"type":"Point"},"id":"stl-city-public-streetlights:2:149152","properties":{"address":null,"attributes":{"Date_Installed":null,"LED_Powered":0,"LightID":"L042008","Light_Source":"High Pressure Sodium","Light_Type":"Decorative","Lighting_Type":"King Luminaire (Historic Light Fixture)","Verification_Date":null},"id":"stl-city-public-streetlights:2:149152","sourceLayerId":2,"sourceObjectId":149152,"sourceURL":"https://maps8.stlouis-mo.gov/arcgis/rest/services/STREETS/Streets_Permitting/MapServer/2","title":"Street light L042008"},"type":"Feature"},{"geometry":{"coordinates":[-90.27475180688525,38.655294553036676],"type":"Point"},"id":"stl-city-public-streetlights:2:149153","properties":{"address":null,"attributes":{"Date_Installed":null,"LED_Powered":0,"LightID":"L042009","Light_Source":"High Pressure Sodium","Light_Type":"Decorative","Lighting_Type":"King Luminaire (Historic Light Fixture)","Verification_Date":null},"id":"stl-city-public-streetlights:2:149153","sourceLayerId":2,"sourceObjectId":149153,"sourceURL":"https://maps8.stlouis-mo.gov/arcgis/rest/services/STREETS/Streets_Permitting/MapServer/2","title":"Street light L042009"},"type":"Feature"},{"geometry":{"coordinates":[-90.27472980596245,38.65515607132587],"type":"Point"},"id":"stl-city-public-streetlights:2:149154","properties":{"address":null,"attributes":{"Date_Installed":null,"LED_Powered":0,"LightID":"L042010","Light_Source":"High Pressure Sodium","Light_Type":"Decorative","Lighting_Type":"King Luminaire (Historic Light Fixture)","Verification_Date":null},"id":"stl-city-public-streetlights:2:149154","sourceLayerId":2,"sourceObjectId":149154,"sourceURL":"https://maps8.stlouis-mo.gov/arcgis/rest/services/STREETS/Streets_Permitting/MapServer/2","title":"Street light L042010"},"type":"Feature"},{"geometry":{"coordinates":[-90.27478223535203,38.65479416242978],"type":"Point"},"id":"stl-city-public-streetlights:2:149155","properties":{"address":null,"attributes":{"Date_Installed":null,"LED_Powered":0,"LightID":"L042011","Light_Source":"High Pressure Sodium","Light_Type":"Decorative","Lighting_Type":"King Luminaire (Historic Light Fixture)","Verification_Date":null},"id":"stl-city-public-streetlights:2:149155","sourceLayerId":2,"sourceObjectId":149155,"sourceURL":"https://maps8.stlouis-mo.gov/arcgis/rest/services/STREETS/Streets_Permitting/MapServer/2","title":"Street light L042011"},"type":"Feature"},{"geometry":{"coordinates":[-90.27481190549601,38.654565572539546],"type":"Point"},"id":"stl-city-public-streetlights:2:149156","properties":{"address":null,"attributes":{"Date_Installed":null,"LED_Powered":0,"LightID":"L042012","Light_Source":"High Pressure Sodium","Light_Type":"Decorative","Lighting_Type":"King Luminaire (Historic Light Fixture)","Verification_Date":null},"id":"stl-city-public-streetlights:2:149156","sourceLayerId":2,"sourceObjectId":149156,"sourceURL":"https://maps8.stlouis-mo.gov/arcgis/rest/services/STREETS/Streets_Permitting/MapServer/2","title":"Street light L042012"},"type":"Feature"},{"geometry":{"coordinates":[-90.27994217031683,38.65340374608751],"type":"Point"},"id":"stl-city-public-streetlights:2:155752","properties":{"address":null,"attributes":{"Date_Installed":null,"LED_Powered":0,"LightID":"L048480","Light_Source":"LED","Light_Type":"Cobra","Lighting_Type":"LED-Powered Lamp","Verification_Date":null},"id":"stl-city-public-streetlights:2:155752","sourceLayerId":2,"sourceObjectId":155752,"sourceURL":"https://maps8.stlouis-mo.gov/arcgis/rest/services/STREETS/Streets_Permitting/MapServer/2","title":"Street light L048480"},"type":"Feature"},{"geometry":{"coordinates":[-90.27946544437316,38.65335565262584],"type":"Point"},"id":"stl-city-public-streetlights:2:155753","properties":{"address":null,"attributes":{"Date_Installed":null,"LED_Powered":0,"LightID":"L048481","Light_Source":"LED","Light_Type":"Cobra","Lighting_Type":"LED-Powered Lamp","Verification_Date":null},"id":"stl-city-public-streetlights:2:155753","sourceLayerId":2,"sourceObjectId":155753,"sourceURL":"https://maps8.stlouis-mo.gov/arcgis/rest/services/STREETS/Streets_Permitting/MapServer/2","title":"Street light L048481"},"type":"Feature"},{"geometry":{"coordinates":[-90.27900452370224,38.653308064551794],"type":"Point"},"id":"stl-city-public-streetlights:2:155754","properties":{"address":null,"attributes":{"Date_Installed":null,"LED_Powered":1,"LightID":"L048482","Light_Source":"LED","Light_Type":"Cobra","Lighting_Type":"LED-Powered Lamp","Verification_Date":null},"id":"stl-city-public-streetlights:2:155754","sourceLayerId":2,"sourceObjectId":155754,"sourceURL":"https://maps8.stlouis-mo.gov/arcgis/rest/services/STREETS/Streets_Permitting/MapServer/2","title":"Street light L048482"},"type":"Feature"},{"geometry":{"coordinates":[-90.27853494759744,38.653268085190525],"type":"Point"},"id":"stl-city-public-streetlights:2:155755","properties":{"address":null,"attributes":{"Date_Installed":null,"LED_Powered":0,"LightID":"L048483","Light_Source":"LED","Light_Type":"Cobra","Lighting_Type":"LED-Powered Lamp","Verification_Date":null},"id":"stl-city-public-streetlights:2:155755","sourceLayerId":2,"sourceObjectId":155755,"sourceURL":"https://maps8.stlouis-mo.gov/arcgis/rest/services/STREETS/Streets_Permitting/MapServer/2","title":"Street light L048483"},"type":"Feature"},{"geometry":{"coordinates":[-90.27807062992046,38.653218579827104],"type":"Point"},"id":"stl-city-public-streetlights:2:155756","properties":{"address":null,"attributes":{"Date_Installed":null,"LED_Powered":0,"LightID":"L048484","Light_Source":"LED","Light_Type":"Cobra","Lighting_Type":"LED-Powered Lamp","Verification_Date":null},"id":"stl-city-public-streetlights:2:155756","sourceLayerId":2,"sourceObjectId":155756,"sourceURL":"https://maps8.stlouis-mo.gov/arcgis/rest/services/STREETS/Streets_Permitting/MapServer/2","title":"Street light L048484"},"type":"Feature"},{"geometry":{"coordinates":[-90.2775914699247,38.65317190472132],"type":"Point"},"id":"stl-city-public-streetlights:2:155757","properties":{"address":null,"attributes":{"Date_Installed":null,"LED_Powered":0,"LightID":"L048485","Light_Source":"LED","Light_Type":"Cobra","Lighting_Type":"LED-Powered Lamp","Verification_Date":null},"id":"stl-city-public-streetlights:2:155757","sourceLayerId":2,"sourceObjectId":155757,"sourceURL":"https://maps8.stlouis-mo.gov/arcgis/rest/services/STREETS/Streets_Permitting/MapServer/2","title":"Street light L048485"},"type":"Feature"},{"geometry":{"coordinates":[-90.27712312841544,38.6531266779741],"type":"Point"},"id":"stl-city-public-streetlights:2:155758","properties":{"address":null,"attributes":{"Date_Installed":null,"LED_Powered":0,"LightID":"L048486","Light_Source":"LED","Light_Type":"Cobra","Lighting_Type":"LED-Powered Lamp","Verification_Date":null},"id":"stl-city-public-streetlights:2:155758","sourceLayerId":2,"sourceObjectId":155758,"sourceURL":"https://maps8.stlouis-mo.gov/arcgis/rest/services/STREETS/Streets_Permitting/MapServer/2","title":"Street light L048486"},"type":"Feature"},{"geometry":{"coordinates":[-90.276643853808,38.65307809158993],"type":"Point"},"id":"stl-city-public-streetlights:2:155759","properties":{"address":null,"attributes":{"Date_Installed":null,"LED_Powered":0,"LightID":"L048487","Light_Source":"LED","Light_Type":"Cobra","Lighting_Type":"LED-Powered Lamp","Verification_Date":null},"id":"stl-city-public-streetlights:2:155759","sourceLayerId":2,"sourceObjectId":155759,"sourceURL":"https://maps8.stlouis-mo.gov/arcgis/rest/services/STREETS/Streets_Permitting/MapServer/2","title":"Street light L048487"},"type":"Feature"},{"geometry":{"coordinates":[-90.27620504543178,38.653037208480264],"type":"Point"},"id":"stl-city-public-streetlights:2:155760","properties":{"address":null,"attributes":{"Date_Installed":null,"LED_Powered":0,"LightID":"L048488","Light_Source":"LED","Light_Type":"Cobra","Lighting_Type":"LED-Powered Lamp","Verification_Date":null},"id":"stl-city-public-streetlights:2:155760","sourceLayerId":2,"sourceObjectId":155760,"sourceURL":"https://maps8.stlouis-mo.gov/arcgis/rest/services/STREETS/Streets_Permitting/MapServer/2","title":"Street light L048488"},"type":"Feature"},{"geometry":{"coordinates":[-90.27573659134784,38.65298959311963],"type":"Point"},"id":"stl-city-public-streetlights:2:155761","properties":{"address":null,"attributes":{"Date_Installed":null,"LED_Powered":0,"LightID":"L048489","Light_Source":"LED","Light_Type":"Cobra","Lighting_Type":"LED-Powered Lamp","Verification_Date":null},"id":"stl-city-public-streetlights:2:155761","sourceLayerId":2,"sourceObjectId":155761,"sourceURL":"https://maps8.stlouis-mo.gov/arcgis/rest/services/STREETS/Streets_Permitting/MapServer/2","title":"Street light L048489"},"type":"Feature"},{"geometry":{"coordinates":[-90.27534602955618,38.652956427086686],"type":"Point"},"id":"stl-city-public-streetlights:2:155762","properties":{"address":null,"attributes":{"Date_Installed":null,"LED_Powered":1,"LightID":"L048490","Light_Source":"LED","Light_Type":"Cobra","Lighting_Type":"LED-Powered Lamp","Verification_Date":null},"id":"stl-city-public-streetlights:2:155762","sourceLayerId":2,"sourceObjectId":155762,"sourceURL":"https://maps8.stlouis-mo.gov/arcgis/rest/services/STREETS/Streets_Permitting/MapServer/2","title":"Street light L048490"},"type":"Feature"},{"geometry":{"coordinates":[-90.27484853525512,38.65290303085981],"type":"Point"},"id":"stl-city-public-streetlights:2:155763","properties":{"address":null,"attributes":{"Date_Installed":null,"LED_Powered":0,"LightID":"L048491","Light_Source":"LED","Light_Type":"Cobra","Lighting_Type":"LED-Powered Lamp","Verification_Date":null},"id":"stl-city-public-streetlights:2:155763","sourceLayerId":2,"sourceObjectId":155763,"sourceURL":"https://maps8.stlouis-mo.gov/arcgis/rest/services/STREETS/Streets_Permitting/MapServer/2","title":"Street light L048491"},"type":"Feature"},{"geometry":{"coordinates":[-90.27435786042565,38.65282685862009],"type":"Point"},"id":"stl-city-public-streetlights:2:155764","properties":{"address":null,"attributes":{"Date_Installed":null,"LED_Powered":0,"LightID":"L048492","Light_Source":"LED","Light_Type":"Cobra","Lighting_Type":"LED-Powered Lamp","Verification_Date":null},"id":"stl-city-public-streetlights:2:155764","sourceLayerId":2,"sourceObjectId":155764,"sourceURL":"https://maps8.stlouis-mo.gov/arcgis/rest/services/STREETS/Streets_Permitting/MapServer/2","title":"Street light L048492"},"type":"Feature"},{"geometry":{"coordinates":[-90.2739122090512,38.65272010693387],"type":"Point"},"id":"stl-city-public-streetlights:2:155765","properties":{"address":null,"attributes":{"Date_Installed":null,"LED_Powered":0,"LightID":"L048493","Light_Source":"LED","Light_Type":"Cobra","Lighting_Type":"LED-Powered Lamp","Verification_Date":null},"id":"stl-city-public-streetlights:2:155765","sourceLayerId":2,"sourceObjectId":155765,"sourceURL":"https://maps8.stlouis-mo.gov/arcgis/rest/services/STREETS/Streets_Permitting/MapServer/2","title":"Street light L048493"},"type":"Feature"},{"geometry":{"coordinates":[-90.27353978994643,38.65255781057346],"type":"Point"},"id":"stl-city-public-streetlights:2:155766","properties":{"address":null,"attributes":{"Date_Installed":null,"LED_Powered":1,"LightID":"L048494","Light_Source":"LED","Light_Type":"Cobra","Lighting_Type":"LED-Powered Lamp","Verification_Date":null},"id":"stl-city-public-streetlights:2:155766","sourceLayerId":2,"sourceObjectId":155766,"sourceURL":"https://maps8.stlouis-mo.gov/arcgis/rest/services/STREETS/Streets_Permitting/MapServer/2","title":"Street light L048494"},"type":"Feature"},{"geometry":{"coordinates":[-90.27360161033283,38.65218322762235],"type":"Point"},"id":"stl-city-public-streetlights:2:155767","properties":{"address":null,"attributes":{"Date_Installed":"6/15/2017","LED_Powered":1,"LightID":"L048495","Light_Source":"LED","Light_Type":"Cobra","Lighting_Type":"LED-Powered Lamp","Verification_Date":null},"id":"stl-city-public-streetlights:2:155767","sourceLayerId":2,"sourceObjectId":155767,"sourceURL":"https://maps8.stlouis-mo.gov/arcgis/rest/services/STREETS/Streets_Permitting/MapServer/2","title":"Street light L048495"},"type":"Feature"},{"geometry":{"coordinates":[-90.27366484033533,38.65179529888706],"type":"Point"},"id":"stl-city-public-streetlights:2:155768","properties":{"address":null,"attributes":{"Date_Installed":"6/15/2017","LED_Powered":1,"LightID":"L048496","Light_Source":"LED","Light_Type":"Cobra","Lighting_Type":"LED-Powered Lamp","Verification_Date":null},"id":"stl-city-public-streetlights:2:155768","sourceLayerId":2,"sourceObjectId":155768,"sourceURL":"https://maps8.stlouis-mo.gov/arcgis/rest/services/STREETS/Streets_Permitting/MapServer/2","title":"Street light L048496"},"type":"Feature"},{"geometry":{"coordinates":[-90.27373052422003,38.65140022449067],"type":"Point"},"id":"stl-city-public-streetlights:2:155769","properties":{"address":null,"attributes":{"Date_Installed":"6/15/2017","LED_Powered":1,"LightID":"L048497","Light_Source":"LED","Light_Type":"Cobra","Lighting_Type":"LED-Powered Lamp","Verification_Date":null},"id":"stl-city-public-streetlights:2:155769","sourceLayerId":2,"sourceObjectId":155769,"sourceURL":"https://maps8.stlouis-mo.gov/arcgis/rest/services/STREETS/Streets_Permitting/MapServer/2","title":"Street light L048497"},"type":"Feature"},{"geometry":{"coordinates":[-90.27379517590018,38.651004361558854],"type":"Point"},"id":"stl-city-public-streetlights:2:155770","properties":{"address":null,"attributes":{"Date_Installed":"6/15/2017","LED_Powered":1,"LightID":"L048498","Light_Source":"LED","Light_Type":"Cobra","Lighting_Type":"LED-Powered Lamp","Verification_Date":null},"id":"stl-city-public-streetlights:2:155770","sourceLayerId":2,"sourceObjectId":155770,"sourceURL":"https://maps8.stlouis-mo.gov/arcgis/rest/services/STREETS/Streets_Permitting/MapServer/2","title":"Street light L048498"},"type":"Feature"},{"geometry":{"coordinates":[-90.27386438026778,38.65059113103742],"type":"Point"},"id":"stl-city-public-streetlights:2:155771","properties":{"address":null,"attributes":{"Date_Installed":"6/15/2017","LED_Powered":1,"LightID":"L048499","Light_Source":"LED","Light_Type":"Cobra","Lighting_Type":"LED-Powered Lamp","Verification_Date":null},"id":"stl-city-public-streetlights:2:155771","sourceLayerId":2,"sourceObjectId":155771,"sourceURL":"https://maps8.stlouis-mo.gov/arcgis/rest/services/STREETS/Streets_Permitting/MapServer/2","title":"Street light L048499"},"type":"Feature"}],"layerId":"city-streetlights","retrievedAt":"2026-09-13T21:56:18.173251+00:00","schema":"property-infrastructure-geojson-v1","sourceId":"stl-city-public-streetlights","tileId":"-9028_3865","type":"FeatureCollection"}