{"features":[{"geometry":{"coordinates":[-90.20555372714098,38.660313655392414],"type":"Point"},"id":"stl-city-public-streetlights:2:138119","properties":{"address":null,"attributes":{"Date_Installed":"6/15/2017","LED_Powered":1,"LightID":"L030835","Light_Source":"LED","Light_Type":"Cobra","Lighting_Type":"LED-Powered Lamp","Verification_Date":null},"id":"stl-city-public-streetlights:2:138119","sourceLayerId":2,"sourceObjectId":138119,"sourceURL":"https://maps8.stlouis-mo.gov/arcgis/rest/services/STREETS/Streets_Permitting/MapServer/2","title":"Street light L030835"},"type":"Feature"},{"geometry":{"coordinates":[-90.20578846502112,38.66078500637764],"type":"Point"},"id":"stl-city-public-streetlights:2:138120","properties":{"address":null,"attributes":{"Date_Installed":"6/15/2017","LED_Powered":1,"LightID":"L030836","Light_Source":"LED","Light_Type":"Cobra","Lighting_Type":"LED-Powered Lamp","Verification_Date":null},"id":"stl-city-public-streetlights:2:138120","sourceLayerId":2,"sourceObjectId":138120,"sourceURL":"https://maps8.stlouis-mo.gov/arcgis/rest/services/STREETS/Streets_Permitting/MapServer/2","title":"Street light L030836"},"type":"Feature"},{"geometry":{"coordinates":[-90.20604249787019,38.661296211863814],"type":"Point"},"id":"stl-city-public-streetlights:2:138121","properties":{"address":null,"attributes":{"Date_Installed":"6/15/2017","LED_Powered":1,"LightID":"L030837","Light_Source":"LED","Light_Type":"Cobra","Lighting_Type":"LED-Powered Lamp","Verification_Date":null},"id":"stl-city-public-streetlights:2:138121","sourceLayerId":2,"sourceObjectId":138121,"sourceURL":"https://maps8.stlouis-mo.gov/arcgis/rest/services/STREETS/Streets_Permitting/MapServer/2","title":"Street light L030837"},"type":"Feature"},{"geometry":{"coordinates":[-90.20627629915765,38.661775067423314],"type":"Point"},"id":"stl-city-public-streetlights:2:138122","properties":{"address":null,"attributes":{"Date_Installed":"6/15/2017","LED_Powered":1,"LightID":"L030838","Light_Source":"LED","Light_Type":"Cobra","Lighting_Type":"LED-Powered Lamp","Verification_Date":null},"id":"stl-city-public-streetlights:2:138122","sourceLayerId":2,"sourceObjectId":138122,"sourceURL":"https://maps8.stlouis-mo.gov/arcgis/rest/services/STREETS/Streets_Permitting/MapServer/2","title":"Street light L030838"},"type":"Feature"},{"geometry":{"coordinates":[-90.20649593859679,38.66222349648912],"type":"Point"},"id":"stl-city-public-streetlights:2:138123","properties":{"address":null,"attributes":{"Date_Installed":"6/15/2017","LED_Powered":1,"LightID":"L030839","Light_Source":"LED","Light_Type":"Cobra","Lighting_Type":"LED-Powered Lamp","Verification_Date":null},"id":"stl-city-public-streetlights:2:138123","sourceLayerId":2,"sourceObjectId":138123,"sourceURL":"https://maps8.stlouis-mo.gov/arcgis/rest/services/STREETS/Streets_Permitting/MapServer/2","title":"Street light L030839"},"type":"Feature"},{"geometry":{"coordinates":[-90.2067089800568,38.66265069452779],"type":"Point"},"id":"stl-city-public-streetlights:2:138124","properties":{"address":null,"attributes":{"Date_Installed":"6/15/2017","LED_Powered":1,"LightID":"L030840","Light_Source":"LED","Light_Type":"Cobra","Lighting_Type":"LED-Powered Lamp","Verification_Date":null},"id":"stl-city-public-streetlights:2:138124","sourceLayerId":2,"sourceObjectId":138124,"sourceURL":"https://maps8.stlouis-mo.gov/arcgis/rest/services/STREETS/Streets_Permitting/MapServer/2","title":"Street light L030840"},"type":"Feature"},{"geometry":{"coordinates":[-90.20694492928423,38.6631268135461],"type":"Point"},"id":"stl-city-public-streetlights:2:138125","properties":{"address":null,"attributes":{"Date_Installed":"6/15/2017","LED_Powered":1,"LightID":"L030841","Light_Source":"LED","Light_Type":"Cobra","Lighting_Type":"LED-Powered Lamp","Verification_Date":null},"id":"stl-city-public-streetlights:2:138125","sourceLayerId":2,"sourceObjectId":138125,"sourceURL":"https://maps8.stlouis-mo.gov/arcgis/rest/services/STREETS/Streets_Permitting/MapServer/2","title":"Street light L030841"},"type":"Feature"},{"geometry":{"coordinates":[-90.20716351686266,38.663574285494995],"type":"Point"},"id":"stl-city-public-streetlights:2:138126","properties":{"address":null,"attributes":{"Date_Installed":"6/15/2017","LED_Powered":1,"LightID":"L030842","Light_Source":"LED","Light_Type":"Cobra","Lighting_Type":"LED-Powered Lamp","Verification_Date":null},"id":"stl-city-public-streetlights:2:138126","sourceLayerId":2,"sourceObjectId":138126,"sourceURL":"https://maps8.stlouis-mo.gov/arcgis/rest/services/STREETS/Streets_Permitting/MapServer/2","title":"Street light L030842"},"type":"Feature"},{"geometry":{"coordinates":[-90.20736721417626,38.66398370061197],"type":"Point"},"id":"stl-city-public-streetlights:2:138127","properties":{"address":null,"attributes":{"Date_Installed":"6/15/2017","LED_Powered":1,"LightID":"L030843","Light_Source":"LED","Light_Type":"Cobra","Lighting_Type":"LED-Powered Lamp","Verification_Date":null},"id":"stl-city-public-streetlights:2:138127","sourceLayerId":2,"sourceObjectId":138127,"sourceURL":"https://maps8.stlouis-mo.gov/arcgis/rest/services/STREETS/Streets_Permitting/MapServer/2","title":"Street light L030843"},"type":"Feature"},{"geometry":{"coordinates":[-90.20847473843419,38.66351098177868],"type":"Point"},"id":"stl-city-public-streetlights:2:138128","properties":{"address":null,"attributes":{"Date_Installed":null,"LED_Powered":1,"LightID":"L030844","Light_Source":"LED","Light_Type":"Cobra","Lighting_Type":"LED-Powered Lamp","Verification_Date":null},"id":"stl-city-public-streetlights:2:138128","sourceLayerId":2,"sourceObjectId":138128,"sourceURL":"https://maps8.stlouis-mo.gov/arcgis/rest/services/STREETS/Streets_Permitting/MapServer/2","title":"Street light L030844"},"type":"Feature"},{"geometry":{"coordinates":[-90.20832700022925,38.663207896314454],"type":"Point"},"id":"stl-city-public-streetlights:2:138129","properties":{"address":null,"attributes":{"Date_Installed":null,"LED_Powered":1,"LightID":"L030845","Light_Source":"LED","Light_Type":"Cobra","Lighting_Type":"LED-Powered Lamp","Verification_Date":null},"id":"stl-city-public-streetlights:2:138129","sourceLayerId":2,"sourceObjectId":138129,"sourceURL":"https://maps8.stlouis-mo.gov/arcgis/rest/services/STREETS/Streets_Permitting/MapServer/2","title":"Street light L030845"},"type":"Feature"},{"geometry":{"coordinates":[-90.20817018109138,38.662895254828925],"type":"Point"},"id":"stl-city-public-streetlights:2:138130","properties":{"address":null,"attributes":{"Date_Installed":null,"LED_Powered":1,"LightID":"L030846","Light_Source":"LED","Light_Type":"Cobra","Lighting_Type":"LED-Powered Lamp","Verification_Date":null},"id":"stl-city-public-streetlights:2:138130","sourceLayerId":2,"sourceObjectId":138130,"sourceURL":"https://maps8.stlouis-mo.gov/arcgis/rest/services/STREETS/Streets_Permitting/MapServer/2","title":"Street light L030846"},"type":"Feature"},{"geometry":{"coordinates":[-90.20801492089525,38.66257367752723],"type":"Point"},"id":"stl-city-public-streetlights:2:138131","properties":{"address":null,"attributes":{"Date_Installed":null,"LED_Powered":1,"LightID":"L030847","Light_Source":"LED","Light_Type":"Cobra","Lighting_Type":"LED-Powered Lamp","Verification_Date":null},"id":"stl-city-public-streetlights:2:138131","sourceLayerId":2,"sourceObjectId":138131,"sourceURL":"https://maps8.stlouis-mo.gov/arcgis/rest/services/STREETS/Streets_Permitting/MapServer/2","title":"Street light L030847"},"type":"Feature"},{"geometry":{"coordinates":[-90.20786926927452,38.66228144240619],"type":"Point"},"id":"stl-city-public-streetlights:2:138132","properties":{"address":null,"attributes":{"Date_Installed":"8/22/2018","LED_Powered":1,"LightID":"L030848","Light_Source":"LED","Light_Type":"Cobra","Lighting_Type":"LED-Powered Lamp","Verification_Date":null},"id":"stl-city-public-streetlights:2:138132","sourceLayerId":2,"sourceObjectId":138132,"sourceURL":"https://maps8.stlouis-mo.gov/arcgis/rest/services/STREETS/Streets_Permitting/MapServer/2","title":"Street light L030848"},"type":"Feature"},{"geometry":{"coordinates":[-90.20770872948493,38.661950316514],"type":"Point"},"id":"stl-city-public-streetlights:2:138133","properties":{"address":null,"attributes":{"Date_Installed":"8/22/2018","LED_Powered":1,"LightID":"L030849","Light_Source":"LED","Light_Type":"Cobra","Lighting_Type":"LED-Powered Lamp","Verification_Date":null},"id":"stl-city-public-streetlights:2:138133","sourceLayerId":2,"sourceObjectId":138133,"sourceURL":"https://maps8.stlouis-mo.gov/arcgis/rest/services/STREETS/Streets_Permitting/MapServer/2","title":"Street light L030849"},"type":"Feature"},{"geometry":{"coordinates":[-90.20755605260217,38.661629937784234],"type":"Point"},"id":"stl-city-public-streetlights:2:138134","properties":{"address":null,"attributes":{"Date_Installed":"8/22/2018","LED_Powered":1,"LightID":"L030850","Light_Source":"LED","Light_Type":"Cobra","Lighting_Type":"LED-Powered Lamp","Verification_Date":null},"id":"stl-city-public-streetlights:2:138134","sourceLayerId":2,"sourceObjectId":138134,"sourceURL":"https://maps8.stlouis-mo.gov/arcgis/rest/services/STREETS/Streets_Permitting/MapServer/2","title":"Street light L030850"},"type":"Feature"},{"geometry":{"coordinates":[-90.20737482870302,38.6612650323445],"type":"Point"},"id":"stl-city-public-streetlights:2:138135","properties":{"address":null,"attributes":{"Date_Installed":"8/22/2018","LED_Powered":1,"LightID":"L030851","Light_Source":"LED","Light_Type":"Cobra","Lighting_Type":"LED-Powered Lamp","Verification_Date":null},"id":"stl-city-public-streetlights:2:138135","sourceLayerId":2,"sourceObjectId":138135,"sourceURL":"https://maps8.stlouis-mo.gov/arcgis/rest/services/STREETS/Streets_Permitting/MapServer/2","title":"Street light L030851"},"type":"Feature"},{"geometry":{"coordinates":[-90.20721524696698,38.66092377856614],"type":"Point"},"id":"stl-city-public-streetlights:2:138136","properties":{"address":null,"attributes":{"Date_Installed":"8/22/2018","LED_Powered":1,"LightID":"L030852","Light_Source":"LED","Light_Type":"Cobra","Lighting_Type":"LED-Powered Lamp","Verification_Date":null},"id":"stl-city-public-streetlights:2:138136","sourceLayerId":2,"sourceObjectId":138136,"sourceURL":"https://maps8.stlouis-mo.gov/arcgis/rest/services/STREETS/Streets_Permitting/MapServer/2","title":"Street light L030852"},"type":"Feature"},{"geometry":{"coordinates":[-90.20705698061329,38.6605956375303],"type":"Point"},"id":"stl-city-public-streetlights:2:138137","properties":{"address":null,"attributes":{"Date_Installed":"8/22/2018","LED_Powered":1,"LightID":"L030853","Light_Source":"LED","Light_Type":"Cobra","Lighting_Type":"LED-Powered Lamp","Verification_Date":null},"id":"stl-city-public-streetlights:2:138137","sourceLayerId":2,"sourceObjectId":138137,"sourceURL":"https://maps8.stlouis-mo.gov/arcgis/rest/services/STREETS/Streets_Permitting/MapServer/2","title":"Street light L030853"},"type":"Feature"},{"geometry":{"coordinates":[-90.2068911042597,38.66027045732434],"type":"Point"},"id":"stl-city-public-streetlights:2:138138","properties":{"address":null,"attributes":{"Date_Installed":"8/22/2018","LED_Powered":1,"LightID":"L030854","Light_Source":"LED","Light_Type":"Cobra","Lighting_Type":"LED-Powered Lamp","Verification_Date":null},"id":"stl-city-public-streetlights:2:138138","sourceLayerId":2,"sourceObjectId":138138,"sourceURL":"https://maps8.stlouis-mo.gov/arcgis/rest/services/STREETS/Streets_Permitting/MapServer/2","title":"Street light L030854"},"type":"Feature"},{"geometry":{"coordinates":[-90.20960304072565,38.6632824185994],"type":"Point"},"id":"stl-city-public-streetlights:2:138139","properties":{"address":null,"attributes":{"Date_Installed":null,"LED_Powered":1,"LightID":"L030855","Light_Source":"LED","Light_Type":"Cobra","Lighting_Type":"LED-Powered Lamp","Verification_Date":null},"id":"stl-city-public-streetlights:2:138139","sourceLayerId":2,"sourceObjectId":138139,"sourceURL":"https://maps8.stlouis-mo.gov/arcgis/rest/services/STREETS/Streets_Permitting/MapServer/2","title":"Street light L030855"},"type":"Feature"},{"geometry":{"coordinates":[-90.20945631999629,38.66297727134031],"type":"Point"},"id":"stl-city-public-streetlights:2:138140","properties":{"address":null,"attributes":{"Date_Installed":null,"LED_Powered":1,"LightID":"L030856","Light_Source":"LED","Light_Type":"Cobra","Lighting_Type":"LED-Powered Lamp","Verification_Date":null},"id":"stl-city-public-streetlights:2:138140","sourceLayerId":2,"sourceObjectId":138140,"sourceURL":"https://maps8.stlouis-mo.gov/arcgis/rest/services/STREETS/Streets_Permitting/MapServer/2","title":"Street light L030856"},"type":"Feature"},{"geometry":{"coordinates":[-90.2093096680001,38.662667934037266],"type":"Point"},"id":"stl-city-public-streetlights:2:138141","properties":{"address":null,"attributes":{"Date_Installed":null,"LED_Powered":1,"LightID":"L030857","Light_Source":"LED","Light_Type":"Cobra","Lighting_Type":"LED-Powered Lamp","Verification_Date":null},"id":"stl-city-public-streetlights:2:138141","sourceLayerId":2,"sourceObjectId":138141,"sourceURL":"https://maps8.stlouis-mo.gov/arcgis/rest/services/STREETS/Streets_Permitting/MapServer/2","title":"Street light L030857"},"type":"Feature"},{"geometry":{"coordinates":[-90.20915517598752,38.662342784526],"type":"Point"},"id":"stl-city-public-streetlights:2:138142","properties":{"address":null,"attributes":{"Date_Installed":null,"LED_Powered":1,"LightID":"L030858","Light_Source":"LED","Light_Type":"Cobra","Lighting_Type":"LED-Powered Lamp","Verification_Date":null},"id":"stl-city-public-streetlights:2:138142","sourceLayerId":2,"sourceObjectId":138142,"sourceURL":"https://maps8.stlouis-mo.gov/arcgis/rest/services/STREETS/Streets_Permitting/MapServer/2","title":"Street light L030858"},"type":"Feature"},{"geometry":{"coordinates":[-90.20898928614672,38.66201760733992],"type":"Point"},"id":"stl-city-public-streetlights:2:138143","properties":{"address":null,"attributes":{"Date_Installed":"8/22/2018","LED_Powered":1,"LightID":"L030859","Light_Source":"LED","Light_Type":"Cobra","Lighting_Type":"LED-Powered Lamp","Verification_Date":null},"id":"stl-city-public-streetlights:2:138143","sourceLayerId":2,"sourceObjectId":138143,"sourceURL":"https://maps8.stlouis-mo.gov/arcgis/rest/services/STREETS/Streets_Permitting/MapServer/2","title":"Street light L030859"},"type":"Feature"},{"geometry":{"coordinates":[-90.20884230219393,38.66171631168315],"type":"Point"},"id":"stl-city-public-streetlights:2:138144","properties":{"address":null,"attributes":{"Date_Installed":"8/22/2018","LED_Powered":1,"LightID":"L030860","Light_Source":"LED","Light_Type":"Cobra","Lighting_Type":"LED-Powered Lamp","Verification_Date":null},"id":"stl-city-public-streetlights:2:138144","sourceLayerId":2,"sourceObjectId":138144,"sourceURL":"https://maps8.stlouis-mo.gov/arcgis/rest/services/STREETS/Streets_Permitting/MapServer/2","title":"Street light L030860"},"type":"Feature"},{"geometry":{"coordinates":[-90.20867824419746,38.661389767437406],"type":"Point"},"id":"stl-city-public-streetlights:2:138145","properties":{"address":null,"attributes":{"Date_Installed":"8/22/2018","LED_Powered":1,"LightID":"L030861","Light_Source":"LED","Light_Type":"Cobra","Lighting_Type":"LED-Powered Lamp","Verification_Date":null},"id":"stl-city-public-streetlights:2:138145","sourceLayerId":2,"sourceObjectId":138145,"sourceURL":"https://maps8.stlouis-mo.gov/arcgis/rest/services/STREETS/Streets_Permitting/MapServer/2","title":"Street light L030861"},"type":"Feature"},{"geometry":{"coordinates":[-90.20851484084386,38.66105232026081],"type":"Point"},"id":"stl-city-public-streetlights:2:138146","properties":{"address":null,"attributes":{"Date_Installed":"8/22/2018","LED_Powered":1,"LightID":"L030862","Light_Source":"LED","Light_Type":"Cobra","Lighting_Type":"LED-Powered Lamp","Verification_Date":null},"id":"stl-city-public-streetlights:2:138146","sourceLayerId":2,"sourceObjectId":138146,"sourceURL":"https://maps8.stlouis-mo.gov/arcgis/rest/services/STREETS/Streets_Permitting/MapServer/2","title":"Street light L030862"},"type":"Feature"},{"geometry":{"coordinates":[-90.20835282156354,38.66073264355074],"type":"Point"},"id":"stl-city-public-streetlights:2:138147","properties":{"address":null,"attributes":{"Date_Installed":"8/22/2018","LED_Powered":1,"LightID":"L030863","Light_Source":"LED","Light_Type":"Cobra","Lighting_Type":"LED-Powered Lamp","Verification_Date":null},"id":"stl-city-public-streetlights:2:138147","sourceLayerId":2,"sourceObjectId":138147,"sourceURL":"https://maps8.stlouis-mo.gov/arcgis/rest/services/STREETS/Streets_Permitting/MapServer/2","title":"Street light L030863"},"type":"Feature"},{"geometry":{"coordinates":[-90.20823529193181,38.66047849717395],"type":"Point"},"id":"stl-city-public-streetlights:2:138148","properties":{"address":null,"attributes":{"Date_Installed":"8/22/2018","LED_Powered":1,"LightID":"L030864","Light_Source":"LED","Light_Type":"Cobra","Lighting_Type":"LED-Powered Lamp","Verification_Date":null},"id":"stl-city-public-streetlights:2:138148","sourceLayerId":2,"sourceObjectId":138148,"sourceURL":"https://maps8.stlouis-mo.gov/arcgis/rest/services/STREETS/Streets_Permitting/MapServer/2","title":"Street light L030864"},"type":"Feature"},{"geometry":{"coordinates":[-90.20804458774411,38.66008997215979],"type":"Point"},"id":"stl-city-public-streetlights:2:138149","properties":{"address":null,"attributes":{"Date_Installed":"8/22/2018","LED_Powered":1,"LightID":"L030865","Light_Source":"LED","Light_Type":"Cobra","Lighting_Type":"LED-Powered Lamp","Verification_Date":null},"id":"stl-city-public-streetlights:2:138149","sourceLayerId":2,"sourceObjectId":138149,"sourceURL":"https://maps8.stlouis-mo.gov/arcgis/rest/services/STREETS/Streets_Permitting/MapServer/2","title":"Street light L030865"},"type":"Feature"},{"geometry":{"coordinates":[-90.20935783085186,38.66022101058356],"type":"Point"},"id":"stl-city-public-streetlights:2:138510","properties":{"address":null,"attributes":{"Date_Installed":"8/22/2018","LED_Powered":1,"LightID":"L031293","Light_Source":"LED","Light_Type":"Cobra","Lighting_Type":"LED-Powered Lamp","Verification_Date":null},"id":"stl-city-public-streetlights:2:138510","sourceLayerId":2,"sourceObjectId":138510,"sourceURL":"https://maps8.stlouis-mo.gov/arcgis/rest/services/STREETS/Streets_Permitting/MapServer/2","title":"Street light L031293"},"type":"Feature"},{"geometry":{"coordinates":[-90.2095839451546,38.66068804255116],"type":"Point"},"id":"stl-city-public-streetlights:2:138511","properties":{"address":null,"attributes":{"Date_Installed":"8/22/2018","LED_Powered":1,"LightID":"L031294","Light_Source":"LED","Light_Type":"Cobra","Lighting_Type":"LED-Powered Lamp","Verification_Date":null},"id":"stl-city-public-streetlights:2:138511","sourceLayerId":2,"sourceObjectId":138511,"sourceURL":"https://maps8.stlouis-mo.gov/arcgis/rest/services/STREETS/Streets_Permitting/MapServer/2","title":"Street light L031294"},"type":"Feature"},{"geometry":{"coordinates":[-90.20980400060121,38.661151006835176],"type":"Point"},"id":"stl-city-public-streetlights:2:138512","properties":{"address":null,"attributes":{"Date_Installed":"8/22/2018","LED_Powered":1,"LightID":"L031295","Light_Source":"LED","Light_Type":"Cobra","Lighting_Type":"LED-Powered Lamp","Verification_Date":null},"id":"stl-city-public-streetlights:2:138512","sourceLayerId":2,"sourceObjectId":138512,"sourceURL":"https://maps8.stlouis-mo.gov/arcgis/rest/services/STREETS/Streets_Permitting/MapServer/2","title":"Street light L031295"},"type":"Feature"},{"geometry":{"coordinates":[-90.20633192796261,38.66424391391185],"type":"Point"},"id":"stl-city-public-streetlights:2:138544","properties":{"address":null,"attributes":{"Date_Installed":null,"LED_Powered":1,"LightID":"L031327","Light_Source":"LED","Light_Type":"Cobra","Lighting_Type":"LED-Powered Lamp","Verification_Date":null},"id":"stl-city-public-streetlights:2:138544","sourceLayerId":2,"sourceObjectId":138544,"sourceURL":"https://maps8.stlouis-mo.gov/arcgis/rest/services/STREETS/Streets_Permitting/MapServer/2","title":"Street light L031327"},"type":"Feature"},{"geometry":{"coordinates":[-90.20616829825559,38.66392559064685],"type":"Point"},"id":"stl-city-public-streetlights:2:138545","properties":{"address":null,"attributes":{"Date_Installed":null,"LED_Powered":1,"LightID":"L031328","Light_Source":"LED","Light_Type":"Cobra","Lighting_Type":"LED-Powered Lamp","Verification_Date":null},"id":"stl-city-public-streetlights:2:138545","sourceLayerId":2,"sourceObjectId":138545,"sourceURL":"https://maps8.stlouis-mo.gov/arcgis/rest/services/STREETS/Streets_Permitting/MapServer/2","title":"Street light L031328"},"type":"Feature"},{"geometry":{"coordinates":[-90.20600515066182,38.663601273861445],"type":"Point"},"id":"stl-city-public-streetlights:2:138546","properties":{"address":null,"attributes":{"Date_Installed":null,"LED_Powered":1,"LightID":"L031329","Light_Source":"LED","Light_Type":"Cobra","Lighting_Type":"LED-Powered Lamp","Verification_Date":null},"id":"stl-city-public-streetlights:2:138546","sourceLayerId":2,"sourceObjectId":138546,"sourceURL":"https://maps8.stlouis-mo.gov/arcgis/rest/services/STREETS/Streets_Permitting/MapServer/2","title":"Street light L031329"},"type":"Feature"},{"geometry":{"coordinates":[-90.20584651162746,38.66329029225865],"type":"Point"},"id":"stl-city-public-streetlights:2:138547","properties":{"address":null,"attributes":{"Date_Installed":null,"LED_Powered":1,"LightID":"L031330","Light_Source":"LED","Light_Type":"Cobra","Lighting_Type":"LED-Powered Lamp","Verification_Date":null},"id":"stl-city-public-streetlights:2:138547","sourceLayerId":2,"sourceObjectId":138547,"sourceURL":"https://maps8.stlouis-mo.gov/arcgis/rest/services/STREETS/Streets_Permitting/MapServer/2","title":"Street light L031330"},"type":"Feature"},{"geometry":{"coordinates":[-90.2056830220308,38.66297584242678],"type":"Point"},"id":"stl-city-public-streetlights:2:138548","properties":{"address":null,"attributes":{"Date_Installed":null,"LED_Powered":1,"LightID":"L031331","Light_Source":"LED","Light_Type":"Cobra","Lighting_Type":"LED-Powered Lamp","Verification_Date":null},"id":"stl-city-public-streetlights:2:138548","sourceLayerId":2,"sourceObjectId":138548,"sourceURL":"https://maps8.stlouis-mo.gov/arcgis/rest/services/STREETS/Streets_Permitting/MapServer/2","title":"Street light L031331"},"type":"Feature"},{"geometry":{"coordinates":[-90.20550556536004,38.66265771040564],"type":"Point"},"id":"stl-city-public-streetlights:2:138549","properties":{"address":null,"attributes":{"Date_Installed":null,"LED_Powered":1,"LightID":"L031332","Light_Source":"LED","Light_Type":"Cobra","Lighting_Type":"LED-Powered Lamp","Verification_Date":null},"id":"stl-city-public-streetlights:2:138549","sourceLayerId":2,"sourceObjectId":138549,"sourceURL":"https://maps8.stlouis-mo.gov/arcgis/rest/services/STREETS/Streets_Permitting/MapServer/2","title":"Street light L031332"},"type":"Feature"},{"geometry":{"coordinates":[-90.20534146548394,38.662344569317845],"type":"Point"},"id":"stl-city-public-streetlights:2:138550","properties":{"address":null,"attributes":{"Date_Installed":null,"LED_Powered":1,"LightID":"L031333","Light_Source":"LED","Light_Type":"Cobra","Lighting_Type":"LED-Powered Lamp","Verification_Date":null},"id":"stl-city-public-streetlights:2:138550","sourceLayerId":2,"sourceObjectId":138550,"sourceURL":"https://maps8.stlouis-mo.gov/arcgis/rest/services/STREETS/Streets_Permitting/MapServer/2","title":"Street light L031333"},"type":"Feature"},{"geometry":{"coordinates":[-90.20517010998479,38.662021874729525],"type":"Point"},"id":"stl-city-public-streetlights:2:138551","properties":{"address":null,"attributes":{"Date_Installed":null,"LED_Powered":1,"LightID":"L031334","Light_Source":"LED","Light_Type":"Cobra","Lighting_Type":"LED-Powered Lamp","Verification_Date":null},"id":"stl-city-public-streetlights:2:138551","sourceLayerId":2,"sourceObjectId":138551,"sourceURL":"https://maps8.stlouis-mo.gov/arcgis/rest/services/STREETS/Streets_Permitting/MapServer/2","title":"Street light L031334"},"type":"Feature"},{"geometry":{"coordinates":[-90.2044154596247,38.66064076179782],"type":"Point"},"id":"stl-city-public-streetlights:2:138552","properties":{"address":null,"attributes":{"Date_Installed":"8/22/2018","LED_Powered":1,"LightID":"L031335","Light_Source":"LED","Light_Type":"Cobra","Lighting_Type":"LED-Powered Lamp","Verification_Date":null},"id":"stl-city-public-streetlights:2:138552","sourceLayerId":2,"sourceObjectId":138552,"sourceURL":"https://maps8.stlouis-mo.gov/arcgis/rest/services/STREETS/Streets_Permitting/MapServer/2","title":"Street light L031335"},"type":"Feature"},{"geometry":{"coordinates":[-90.20424165558717,38.6603242576711],"type":"Point"},"id":"stl-city-public-streetlights:2:138553","properties":{"address":null,"attributes":{"Date_Installed":"8/22/2018","LED_Powered":1,"LightID":"L031336","Light_Source":"LED","Light_Type":"Cobra","Lighting_Type":"LED-Powered Lamp","Verification_Date":null},"id":"stl-city-public-streetlights:2:138553","sourceLayerId":2,"sourceObjectId":138553,"sourceURL":"https://maps8.stlouis-mo.gov/arcgis/rest/services/STREETS/Streets_Permitting/MapServer/2","title":"Street light L031336"},"type":"Feature"},{"geometry":{"coordinates":[-90.2025051216505,38.660036878820094],"type":"Point"},"id":"stl-city-public-streetlights:2:138583","properties":{"address":null,"attributes":{"Date_Installed":"8/22/2018","LED_Powered":1,"LightID":"L031366","Light_Source":"LED","Light_Type":"Cobra","Lighting_Type":"LED-Powered Lamp","Verification_Date":null},"id":"stl-city-public-streetlights:2:138583","sourceLayerId":2,"sourceObjectId":138583,"sourceURL":"https://maps8.stlouis-mo.gov/arcgis/rest/services/STREETS/Streets_Permitting/MapServer/2","title":"Street light L031366"},"type":"Feature"},{"geometry":{"coordinates":[-90.20270530872641,38.6604149911623],"type":"Point"},"id":"stl-city-public-streetlights:2:138584","properties":{"address":null,"attributes":{"Date_Installed":"8/22/2018","LED_Powered":1,"LightID":"L031367","Light_Source":"LED","Light_Type":"Cobra","Lighting_Type":"LED-Powered Lamp","Verification_Date":null},"id":"stl-city-public-streetlights:2:138584","sourceLayerId":2,"sourceObjectId":138584,"sourceURL":"https://maps8.stlouis-mo.gov/arcgis/rest/services/STREETS/Streets_Permitting/MapServer/2","title":"Street light L031367"},"type":"Feature"},{"geometry":{"coordinates":[-90.20293159516636,38.660830312024025],"type":"Point"},"id":"stl-city-public-streetlights:2:138585","properties":{"address":null,"attributes":{"Date_Installed":"8/22/2018","LED_Powered":1,"LightID":"L031368","Light_Source":"LED","Light_Type":"Cobra","Lighting_Type":"LED-Powered Lamp","Verification_Date":null},"id":"stl-city-public-streetlights:2:138585","sourceLayerId":2,"sourceObjectId":138585,"sourceURL":"https://maps8.stlouis-mo.gov/arcgis/rest/services/STREETS/Streets_Permitting/MapServer/2","title":"Street light L031368"},"type":"Feature"},{"geometry":{"coordinates":[-90.20316691909046,38.661266154097866],"type":"Point"},"id":"stl-city-public-streetlights:2:138586","properties":{"address":null,"attributes":{"Date_Installed":"8/22/2018","LED_Powered":1,"LightID":"L031369","Light_Source":"LED","Light_Type":"Cobra","Lighting_Type":"LED-Powered Lamp","Verification_Date":null},"id":"stl-city-public-streetlights:2:138586","sourceLayerId":2,"sourceObjectId":138586,"sourceURL":"https://maps8.stlouis-mo.gov/arcgis/rest/services/STREETS/Streets_Permitting/MapServer/2","title":"Street light L031369"},"type":"Feature"},{"geometry":{"coordinates":[-90.203378089482,38.661662367548615],"type":"Point"},"id":"stl-city-public-streetlights:2:138587","properties":{"address":null,"attributes":{"Date_Installed":"8/22/2018","LED_Powered":1,"LightID":"L031370","Light_Source":"LED","Light_Type":"Cobra","Lighting_Type":"LED-Powered Lamp","Verification_Date":null},"id":"stl-city-public-streetlights:2:138587","sourceLayerId":2,"sourceObjectId":138587,"sourceURL":"https://maps8.stlouis-mo.gov/arcgis/rest/services/STREETS/Streets_Permitting/MapServer/2","title":"Street light L031370"},"type":"Feature"},{"geometry":{"coordinates":[-90.20360595785995,38.66206458045944],"type":"Point"},"id":"stl-city-public-streetlights:2:138588","properties":{"address":null,"attributes":{"Date_Installed":"8/22/2018","LED_Powered":1,"LightID":"L031371","Light_Source":"LED","Light_Type":"Cobra","Lighting_Type":"LED-Powered Lamp","Verification_Date":null},"id":"stl-city-public-streetlights:2:138588","sourceLayerId":2,"sourceObjectId":138588,"sourceURL":"https://maps8.stlouis-mo.gov/arcgis/rest/services/STREETS/Streets_Permitting/MapServer/2","title":"Street light L031371"},"type":"Feature"},{"geometry":{"coordinates":[-90.20387447138468,38.662563432842155],"type":"Point"},"id":"stl-city-public-streetlights:2:138589","properties":{"address":null,"attributes":{"Date_Installed":"7/31/2017","LED_Powered":1,"LightID":"L031372","Light_Source":"LED","Light_Type":"Cobra","Lighting_Type":"LED-Powered Lamp","Verification_Date":null},"id":"stl-city-public-streetlights:2:138589","sourceLayerId":2,"sourceObjectId":138589,"sourceURL":"https://maps8.stlouis-mo.gov/arcgis/rest/services/STREETS/Streets_Permitting/MapServer/2","title":"Street light L031372"},"type":"Feature"},{"geometry":{"coordinates":[-90.20408869366126,38.66295869862218],"type":"Point"},"id":"stl-city-public-streetlights:2:138590","properties":{"address":null,"attributes":{"Date_Installed":"7/31/2017","LED_Powered":1,"LightID":"L031373","Light_Source":"LED","Light_Type":"Cobra","Lighting_Type":"LED-Powered Lamp","Verification_Date":null},"id":"stl-city-public-streetlights:2:138590","sourceLayerId":2,"sourceObjectId":138590,"sourceURL":"https://maps8.stlouis-mo.gov/arcgis/rest/services/STREETS/Streets_Permitting/MapServer/2","title":"Street light L031373"},"type":"Feature"},{"geometry":{"coordinates":[-90.20430895461686,38.66336446645279],"type":"Point"},"id":"stl-city-public-streetlights:2:138591","properties":{"address":null,"attributes":{"Date_Installed":"7/31/2017","LED_Powered":1,"LightID":"L031374","Light_Source":"LED","Light_Type":"Cobra","Lighting_Type":"LED-Powered Lamp","Verification_Date":null},"id":"stl-city-public-streetlights:2:138591","sourceLayerId":2,"sourceObjectId":138591,"sourceURL":"https://maps8.stlouis-mo.gov/arcgis/rest/services/STREETS/Streets_Permitting/MapServer/2","title":"Street light L031374"},"type":"Feature"},{"geometry":{"coordinates":[-90.20453625599927,38.66377776050312],"type":"Point"},"id":"stl-city-public-streetlights:2:138592","properties":{"address":null,"attributes":{"Date_Installed":"7/31/2017","LED_Powered":1,"LightID":"L031375","Light_Source":"LED","Light_Type":"Cobra","Lighting_Type":"LED-Powered Lamp","Verification_Date":null},"id":"stl-city-public-streetlights:2:138592","sourceLayerId":2,"sourceObjectId":138592,"sourceURL":"https://maps8.stlouis-mo.gov/arcgis/rest/services/STREETS/Streets_Permitting/MapServer/2","title":"Street light L031375"},"type":"Feature"},{"geometry":{"coordinates":[-90.20481996152982,38.66428213084496],"type":"Point"},"id":"stl-city-public-streetlights:2:138593","properties":{"address":null,"attributes":{"Date_Installed":"7/31/2017","LED_Powered":1,"LightID":"L031376","Light_Source":"LED","Light_Type":"Cobra","Lighting_Type":"LED-Powered Lamp","Verification_Date":null},"id":"stl-city-public-streetlights:2:138593","sourceLayerId":2,"sourceObjectId":138593,"sourceURL":"https://maps8.stlouis-mo.gov/arcgis/rest/services/STREETS/Streets_Permitting/MapServer/2","title":"Street light L031376"},"type":"Feature"},{"geometry":{"coordinates":[-90.20503383912474,38.66468969280069],"type":"Point"},"id":"stl-city-public-streetlights:2:138594","properties":{"address":null,"attributes":{"Date_Installed":"7/31/2017","LED_Powered":1,"LightID":"L031377","Light_Source":"LED","Light_Type":"Cobra","Lighting_Type":"LED-Powered Lamp","Verification_Date":null},"id":"stl-city-public-streetlights:2:138594","sourceLayerId":2,"sourceObjectId":138594,"sourceURL":"https://maps8.stlouis-mo.gov/arcgis/rest/services/STREETS/Streets_Permitting/MapServer/2","title":"Street light L031377"},"type":"Feature"},{"geometry":{"coordinates":[-90.20333553119652,38.664194007548254],"type":"Point"},"id":"stl-city-public-streetlights:2:138595","properties":{"address":null,"attributes":{"Date_Installed":"7/31/2017","LED_Powered":1,"LightID":"L031378","Light_Source":"LED","Light_Type":"Cobra","Lighting_Type":"LED-Powered Lamp","Verification_Date":null},"id":"stl-city-public-streetlights:2:138595","sourceLayerId":2,"sourceObjectId":138595,"sourceURL":"https://maps8.stlouis-mo.gov/arcgis/rest/services/STREETS/Streets_Permitting/MapServer/2","title":"Street light L031378"},"type":"Feature"},{"geometry":{"coordinates":[-90.20315449992823,38.663859845239536],"type":"Point"},"id":"stl-city-public-streetlights:2:138596","properties":{"address":null,"attributes":{"Date_Installed":"7/31/2017","LED_Powered":1,"LightID":"L031379","Light_Source":"LED","Light_Type":"Cobra","Lighting_Type":"LED-Powered Lamp","Verification_Date":null},"id":"stl-city-public-streetlights:2:138596","sourceLayerId":2,"sourceObjectId":138596,"sourceURL":"https://maps8.stlouis-mo.gov/arcgis/rest/services/STREETS/Streets_Permitting/MapServer/2","title":"Street light L031379"},"type":"Feature"},{"geometry":{"coordinates":[-90.2029816433387,38.66353404558534],"type":"Point"},"id":"stl-city-public-streetlights:2:138597","properties":{"address":null,"attributes":{"Date_Installed":"7/31/2017","LED_Powered":1,"LightID":"L031380","Light_Source":"LED","Light_Type":"Cobra","Lighting_Type":"LED-Powered Lamp","Verification_Date":null},"id":"stl-city-public-streetlights:2:138597","sourceLayerId":2,"sourceObjectId":138597,"sourceURL":"https://maps8.stlouis-mo.gov/arcgis/rest/services/STREETS/Streets_Permitting/MapServer/2","title":"Street light L031380"},"type":"Feature"},{"geometry":{"coordinates":[-90.20280669480776,38.66319989815073],"type":"Point"},"id":"stl-city-public-streetlights:2:138598","properties":{"address":null,"attributes":{"Date_Installed":"7/31/2017","LED_Powered":1,"LightID":"L031381","Light_Source":"LED","Light_Type":"Cobra","Lighting_Type":"LED-Powered Lamp","Verification_Date":null},"id":"stl-city-public-streetlights:2:138598","sourceLayerId":2,"sourceObjectId":138598,"sourceURL":"https://maps8.stlouis-mo.gov/arcgis/rest/services/STREETS/Streets_Permitting/MapServer/2","title":"Street light L031381"},"type":"Feature"},{"geometry":{"coordinates":[-90.20264072089279,38.66290152667308],"type":"Point"},"id":"stl-city-public-streetlights:2:138599","properties":{"address":null,"attributes":{"Date_Installed":"7/31/2017","LED_Powered":1,"LightID":"L031382","Light_Source":"LED","Light_Type":"Cobra","Lighting_Type":"LED-Powered Lamp","Verification_Date":null},"id":"stl-city-public-streetlights:2:138599","sourceLayerId":2,"sourceObjectId":138599,"sourceURL":"https://maps8.stlouis-mo.gov/arcgis/rest/services/STREETS/Streets_Permitting/MapServer/2","title":"Street light L031382"},"type":"Feature"},{"geometry":{"coordinates":[-90.20126924034926,38.66039675078595],"type":"Point"},"id":"stl-city-public-streetlights:2:138600","properties":{"address":null,"attributes":{"Date_Installed":"8/22/2018","LED_Powered":1,"LightID":"L031383","Light_Source":"LED","Light_Type":"Cobra","Lighting_Type":"LED-Powered Lamp","Verification_Date":null},"id":"stl-city-public-streetlights:2:138600","sourceLayerId":2,"sourceObjectId":138600,"sourceURL":"https://maps8.stlouis-mo.gov/arcgis/rest/services/STREETS/Streets_Permitting/MapServer/2","title":"Street light L031383"},"type":"Feature"},{"geometry":{"coordinates":[-90.20110997092341,38.660097536490866],"type":"Point"},"id":"stl-city-public-streetlights:2:138601","properties":{"address":null,"attributes":{"Date_Installed":"8/22/2018","LED_Powered":1,"LightID":"L031384","Light_Source":"LED","Light_Type":"Cobra","Lighting_Type":"LED-Powered Lamp","Verification_Date":null},"id":"stl-city-public-streetlights:2:138601","sourceLayerId":2,"sourceObjectId":138601,"sourceURL":"https://maps8.stlouis-mo.gov/arcgis/rest/services/STREETS/Streets_Permitting/MapServer/2","title":"Street light L031384"},"type":"Feature"},{"geometry":{"coordinates":[-90.20010777853938,38.66088742251908],"type":"Point"},"id":"stl-city-public-streetlights:2:139219","properties":{"address":null,"attributes":{"Date_Installed":"8/22/2018","LED_Powered":1,"LightID":"L032034","Light_Source":"LED","Light_Type":"Cobra","Lighting_Type":"LED-Powered Lamp","Verification_Date":null},"id":"stl-city-public-streetlights:2:139219","sourceLayerId":2,"sourceObjectId":139219,"sourceURL":"https://maps8.stlouis-mo.gov/arcgis/rest/services/STREETS/Streets_Permitting/MapServer/2","title":"Street light L032034"},"type":"Feature"},{"geometry":{"coordinates":[-90.2002981530742,38.66123469717566],"type":"Point"},"id":"stl-city-public-streetlights:2:139220","properties":{"address":null,"attributes":{"Date_Installed":"8/22/2018","LED_Powered":1,"LightID":"L032035","Light_Source":"LED","Light_Type":"Cobra","Lighting_Type":"LED-Powered Lamp","Verification_Date":null},"id":"stl-city-public-streetlights:2:139220","sourceLayerId":2,"sourceObjectId":139220,"sourceURL":"https://maps8.stlouis-mo.gov/arcgis/rest/services/STREETS/Streets_Permitting/MapServer/2","title":"Street light L032035"},"type":"Feature"},{"geometry":{"coordinates":[-90.20046705438334,38.66155691605767],"type":"Point"},"id":"stl-city-public-streetlights:2:139221","properties":{"address":null,"attributes":{"Date_Installed":"8/22/2018","LED_Powered":1,"LightID":"L032036","Light_Source":"LED","Light_Type":"Cobra","Lighting_Type":"LED-Powered Lamp","Verification_Date":null},"id":"stl-city-public-streetlights:2:139221","sourceLayerId":2,"sourceObjectId":139221,"sourceURL":"https://maps8.stlouis-mo.gov/arcgis/rest/services/STREETS/Streets_Permitting/MapServer/2","title":"Street light L032036"},"type":"Feature"},{"geometry":{"coordinates":[-90.20064806740706,38.661891082584106],"type":"Point"},"id":"stl-city-public-streetlights:2:139222","properties":{"address":null,"attributes":{"Date_Installed":"8/22/2018","LED_Powered":1,"LightID":"L032037","Light_Source":"LED","Light_Type":"Cobra","Lighting_Type":"LED-Powered Lamp","Verification_Date":null},"id":"stl-city-public-streetlights:2:139222","sourceLayerId":2,"sourceObjectId":139222,"sourceURL":"https://maps8.stlouis-mo.gov/arcgis/rest/services/STREETS/Streets_Permitting/MapServer/2","title":"Street light L032037"},"type":"Feature"},{"geometry":{"coordinates":[-90.20082538524562,38.66220051006955],"type":"Point"},"id":"stl-city-public-streetlights:2:139223","properties":{"address":null,"attributes":{"Date_Installed":"8/22/2018","LED_Powered":1,"LightID":"L032038","Light_Source":"LED","Light_Type":"Cobra","Lighting_Type":"LED-Powered Lamp","Verification_Date":null},"id":"stl-city-public-streetlights:2:139223","sourceLayerId":2,"sourceObjectId":139223,"sourceURL":"https://maps8.stlouis-mo.gov/arcgis/rest/services/STREETS/Streets_Permitting/MapServer/2","title":"Street light L032038"},"type":"Feature"},{"geometry":{"coordinates":[-90.20099132523517,38.662504842512],"type":"Point"},"id":"stl-city-public-streetlights:2:139224","properties":{"address":null,"attributes":{"Date_Installed":"8/22/2018","LED_Powered":1,"LightID":"L032039","Light_Source":"LED","Light_Type":"Cobra","Lighting_Type":"LED-Powered Lamp","Verification_Date":null},"id":"stl-city-public-streetlights:2:139224","sourceLayerId":2,"sourceObjectId":139224,"sourceURL":"https://maps8.stlouis-mo.gov/arcgis/rest/services/STREETS/Streets_Permitting/MapServer/2","title":"Street light L032039"},"type":"Feature"},{"geometry":{"coordinates":[-90.2011432447693,38.66278160874238],"type":"Point"},"id":"stl-city-public-streetlights:2:139225","properties":{"address":null,"attributes":{"Date_Installed":"8/22/2018","LED_Powered":1,"LightID":"L032040","Light_Source":"LED","Light_Type":"Cobra","Lighting_Type":"LED-Powered Lamp","Verification_Date":null},"id":"stl-city-public-streetlights:2:139225","sourceLayerId":2,"sourceObjectId":139225,"sourceURL":"https://maps8.stlouis-mo.gov/arcgis/rest/services/STREETS/Streets_Permitting/MapServer/2","title":"Street light L032040"},"type":"Feature"},{"geometry":{"coordinates":[-90.20128928126844,38.663047872539785],"type":"Point"},"id":"stl-city-public-streetlights:2:139226","properties":{"address":null,"attributes":{"Date_Installed":"8/22/2018","LED_Powered":1,"LightID":"L032041","Light_Source":"LED","Light_Type":"Cobra","Lighting_Type":"LED-Powered Lamp","Verification_Date":null},"id":"stl-city-public-streetlights:2:139226","sourceLayerId":2,"sourceObjectId":139226,"sourceURL":"https://maps8.stlouis-mo.gov/arcgis/rest/services/STREETS/Streets_Permitting/MapServer/2","title":"Street light L032041"},"type":"Feature"},{"geometry":{"coordinates":[-90.20145515588159,38.66336888940688],"type":"Point"},"id":"stl-city-public-streetlights:2:139227","properties":{"address":null,"attributes":{"Date_Installed":"8/22/2018","LED_Powered":1,"LightID":"L032042","Light_Source":"LED","Light_Type":"Cobra","Lighting_Type":"LED-Powered Lamp","Verification_Date":null},"id":"stl-city-public-streetlights:2:139227","sourceLayerId":2,"sourceObjectId":139227,"sourceURL":"https://maps8.stlouis-mo.gov/arcgis/rest/services/STREETS/Streets_Permitting/MapServer/2","title":"Street light L032042"},"type":"Feature"},{"geometry":{"coordinates":[-90.20162485272034,38.66368514919184],"type":"Point"},"id":"stl-city-public-streetlights:2:139228","properties":{"address":null,"attributes":{"Date_Installed":"8/22/2018","LED_Powered":1,"LightID":"L032043","Light_Source":"LED","Light_Type":"Cobra","Lighting_Type":"LED-Powered Lamp","Verification_Date":null},"id":"stl-city-public-streetlights:2:139228","sourceLayerId":2,"sourceObjectId":139228,"sourceURL":"https://maps8.stlouis-mo.gov/arcgis/rest/services/STREETS/Streets_Permitting/MapServer/2","title":"Street light L032043"},"type":"Feature"},{"geometry":{"coordinates":[-90.20182099045329,38.66404020875968],"type":"Point"},"id":"stl-city-public-streetlights:2:139229","properties":{"address":null,"attributes":{"Date_Installed":"8/22/2018","LED_Powered":1,"LightID":"L032044","Light_Source":"LED","Light_Type":"Cobra","Lighting_Type":"LED-Powered Lamp","Verification_Date":null},"id":"stl-city-public-streetlights:2:139229","sourceLayerId":2,"sourceObjectId":139229,"sourceURL":"https://maps8.stlouis-mo.gov/arcgis/rest/services/STREETS/Streets_Permitting/MapServer/2","title":"Street light L032044"},"type":"Feature"},{"geometry":{"coordinates":[-90.20196948823035,38.664337344944464],"type":"Point"},"id":"stl-city-public-streetlights:2:139230","properties":{"address":null,"attributes":{"Date_Installed":"8/22/2018","LED_Powered":1,"LightID":"L032045","Light_Source":"LED","Light_Type":"Cobra","Lighting_Type":"LED-Powered Lamp","Verification_Date":null},"id":"stl-city-public-streetlights:2:139230","sourceLayerId":2,"sourceObjectId":139230,"sourceURL":"https://maps8.stlouis-mo.gov/arcgis/rest/services/STREETS/Streets_Permitting/MapServer/2","title":"Street light L032045"},"type":"Feature"},{"geometry":{"coordinates":[-90.20214305003563,38.66463871584997],"type":"Point"},"id":"stl-city-public-streetlights:2:139231","properties":{"address":null,"attributes":{"Date_Installed":"8/22/2018","LED_Powered":1,"LightID":"L032046","Light_Source":"LED","Light_Type":"Cobra","Lighting_Type":"LED-Powered Lamp","Verification_Date":null},"id":"stl-city-public-streetlights:2:139231","sourceLayerId":2,"sourceObjectId":139231,"sourceURL":"https://maps8.stlouis-mo.gov/arcgis/rest/services/STREETS/Streets_Permitting/MapServer/2","title":"Street light L032046"},"type":"Feature"},{"geometry":{"coordinates":[-90.20340698797851,38.66212621827593],"type":"Point"},"id":"stl-city-public-streetlights:2:139641","properties":{"address":null,"attributes":{"Date_Installed":"8/22/2018","LED_Powered":1,"LightID":"L032498","Light_Source":"LED","Light_Type":"Cobra","Lighting_Type":"LED-Powered Lamp","Verification_Date":null},"id":"stl-city-public-streetlights:2:139641","sourceLayerId":2,"sourceObjectId":139641,"sourceURL":"https://maps8.stlouis-mo.gov/arcgis/rest/services/STREETS/Streets_Permitting/MapServer/2","title":"Street light L032498"},"type":"Feature"},{"geometry":{"coordinates":[-90.20286941880453,38.66225595168343],"type":"Point"},"id":"stl-city-public-streetlights:2:139642","properties":{"address":null,"attributes":{"Date_Installed":"8/22/2018","LED_Powered":1,"LightID":"L032499","Light_Source":"LED","Light_Type":"Cobra","Lighting_Type":"LED-Powered Lamp","Verification_Date":null},"id":"stl-city-public-streetlights:2:139642","sourceLayerId":2,"sourceObjectId":139642,"sourceURL":"https://maps8.stlouis-mo.gov/arcgis/rest/services/STREETS/Streets_Permitting/MapServer/2","title":"Street light L032499"},"type":"Feature"},{"geometry":{"coordinates":[-90.20287343427078,38.66209947905219],"type":"Point"},"id":"stl-city-public-streetlights:2:139643","properties":{"address":null,"attributes":{"Date_Installed":"8/22/2018","LED_Powered":1,"LightID":"L032500","Light_Source":"LED","Light_Type":"Cobra","Lighting_Type":"LED-Powered Lamp","Verification_Date":null},"id":"stl-city-public-streetlights:2:139643","sourceLayerId":2,"sourceObjectId":139643,"sourceURL":"https://maps8.stlouis-mo.gov/arcgis/rest/services/STREETS/Streets_Permitting/MapServer/2","title":"Street light L032500"},"type":"Feature"},{"geometry":{"coordinates":[-90.20237763744055,38.66238005598355],"type":"Point"},"id":"stl-city-public-streetlights:2:139644","properties":{"address":null,"attributes":{"Date_Installed":"8/22/2018","LED_Powered":1,"LightID":"L032501","Light_Source":"LED","Light_Type":"Cobra","Lighting_Type":"LED-Powered Lamp","Verification_Date":null},"id":"stl-city-public-streetlights:2:139644","sourceLayerId":2,"sourceObjectId":139644,"sourceURL":"https://maps8.stlouis-mo.gov/arcgis/rest/services/STREETS/Streets_Permitting/MapServer/2","title":"Street light L032501"},"type":"Feature"},{"geometry":{"coordinates":[-90.2021111227708,38.662205159916056],"type":"Point"},"id":"stl-city-public-streetlights:2:139645","properties":{"address":null,"attributes":{"Date_Installed":"8/22/2018","LED_Powered":1,"LightID":"L032502","Light_Source":"LED","Light_Type":"Cobra","Lighting_Type":"LED-Powered Lamp","Verification_Date":null},"id":"stl-city-public-streetlights:2:139645","sourceLayerId":2,"sourceObjectId":139645,"sourceURL":"https://maps8.stlouis-mo.gov/arcgis/rest/services/STREETS/Streets_Permitting/MapServer/2","title":"Street light L032502"},"type":"Feature"},{"geometry":{"coordinates":[-90.2014700693628,38.662900012389876],"type":"Point"},"id":"stl-city-public-streetlights:2:139646","properties":{"address":null,"attributes":{"Date_Installed":"8/22/2018","LED_Powered":1,"LightID":"L032503","Light_Source":"LED","Light_Type":"Cobra","Lighting_Type":"LED-Powered Lamp","Verification_Date":null},"id":"stl-city-public-streetlights:2:139646","sourceLayerId":2,"sourceObjectId":139646,"sourceURL":"https://maps8.stlouis-mo.gov/arcgis/rest/services/STREETS/Streets_Permitting/MapServer/2","title":"Street light L032503"},"type":"Feature"},{"geometry":{"coordinates":[-90.20161285395643,38.662558330520376],"type":"Point"},"id":"stl-city-public-streetlights:2:139647","properties":{"address":null,"attributes":{"Date_Installed":"8/22/2018","LED_Powered":1,"LightID":"L032504","Light_Source":"LED","Light_Type":"Cobra","Lighting_Type":"LED-Powered Lamp","Verification_Date":null},"id":"stl-city-public-streetlights:2:139647","sourceLayerId":2,"sourceObjectId":139647,"sourceURL":"https://maps8.stlouis-mo.gov/arcgis/rest/services/STREETS/Streets_Permitting/MapServer/2","title":"Street light L032504"},"type":"Feature"},{"geometry":{"coordinates":[-90.20178193152461,38.66219883832857],"type":"Point"},"id":"stl-city-public-streetlights:2:139648","properties":{"address":null,"attributes":{"Date_Installed":"8/22/2018","LED_Powered":1,"LightID":"L032505","Light_Source":"LED","Light_Type":"Cobra","Lighting_Type":"LED-Powered Lamp","Verification_Date":null},"id":"stl-city-public-streetlights:2:139648","sourceLayerId":2,"sourceObjectId":139648,"sourceURL":"https://maps8.stlouis-mo.gov/arcgis/rest/services/STREETS/Streets_Permitting/MapServer/2","title":"Street light L032505"},"type":"Feature"},{"geometry":{"coordinates":[-90.20189232987597,38.66196850757804],"type":"Point"},"id":"stl-city-public-streetlights:2:139649","properties":{"address":null,"attributes":{"Date_Installed":"8/22/2018","LED_Powered":1,"LightID":"L032506","Light_Source":"LED","Light_Type":"Cobra","Lighting_Type":"LED-Powered Lamp","Verification_Date":null},"id":"stl-city-public-streetlights:2:139649","sourceLayerId":2,"sourceObjectId":139649,"sourceURL":"https://maps8.stlouis-mo.gov/arcgis/rest/services/STREETS/Streets_Permitting/MapServer/2","title":"Street light L032506"},"type":"Feature"},{"geometry":{"coordinates":[-90.20158860311368,38.66190039647472],"type":"Point"},"id":"stl-city-public-streetlights:2:139650","properties":{"address":null,"attributes":{"Date_Installed":"8/22/2018","LED_Powered":1,"LightID":"L032507","Light_Source":"LED","Light_Type":"Cobra","Lighting_Type":"LED-Powered Lamp","Verification_Date":null},"id":"stl-city-public-streetlights:2:139650","sourceLayerId":2,"sourceObjectId":139650,"sourceURL":"https://maps8.stlouis-mo.gov/arcgis/rest/services/STREETS/Streets_Permitting/MapServer/2","title":"Street light L032507"},"type":"Feature"},{"geometry":{"coordinates":[-90.20173278582249,38.66165454601356],"type":"Point"},"id":"stl-city-public-streetlights:2:139651","properties":{"address":null,"attributes":{"Date_Installed":"8/22/2018","LED_Powered":1,"LightID":"L032508","Light_Source":"LED","Light_Type":"Cobra","Lighting_Type":"LED-Powered Lamp","Verification_Date":null},"id":"stl-city-public-streetlights:2:139651","sourceLayerId":2,"sourceObjectId":139651,"sourceURL":"https://maps8.stlouis-mo.gov/arcgis/rest/services/STREETS/Streets_Permitting/MapServer/2","title":"Street light L032508"},"type":"Feature"},{"geometry":{"coordinates":[-90.20178891112496,38.66153598668873],"type":"Point"},"id":"stl-city-public-streetlights:2:139652","properties":{"address":null,"attributes":{"Date_Installed":"8/22/2018","LED_Powered":1,"LightID":"L032509","Light_Source":"LED","Light_Type":"Cobra","Lighting_Type":"LED-Powered Lamp","Verification_Date":null},"id":"stl-city-public-streetlights:2:139652","sourceLayerId":2,"sourceObjectId":139652,"sourceURL":"https://maps8.stlouis-mo.gov/arcgis/rest/services/STREETS/Streets_Permitting/MapServer/2","title":"Street light L032509"},"type":"Feature"},{"geometry":{"coordinates":[-90.20157281592252,38.661558428866655],"type":"Point"},"id":"stl-city-public-streetlights:2:139653","properties":{"address":null,"attributes":{"Date_Installed":"8/22/2018","LED_Powered":1,"LightID":"L032510","Light_Source":"LED","Light_Type":"Cobra","Lighting_Type":"LED-Powered Lamp","Verification_Date":null},"id":"stl-city-public-streetlights:2:139653","sourceLayerId":2,"sourceObjectId":139653,"sourceURL":"https://maps8.stlouis-mo.gov/arcgis/rest/services/STREETS/Streets_Permitting/MapServer/2","title":"Street light L032510"},"type":"Feature"},{"geometry":{"coordinates":[-90.20119454317529,38.66187209820365],"type":"Point"},"id":"stl-city-public-streetlights:2:139654","properties":{"address":null,"attributes":{"Date_Installed":"8/22/2018","LED_Powered":1,"LightID":"L032511","Light_Source":"LED","Light_Type":"Cobra","Lighting_Type":"LED-Powered Lamp","Verification_Date":null},"id":"stl-city-public-streetlights:2:139654","sourceLayerId":2,"sourceObjectId":139654,"sourceURL":"https://maps8.stlouis-mo.gov/arcgis/rest/services/STREETS/Streets_Permitting/MapServer/2","title":"Street light L032511"},"type":"Feature"},{"geometry":{"coordinates":[-90.20094077113389,38.66156265419269],"type":"Point"},"id":"stl-city-public-streetlights:2:139655","properties":{"address":null,"attributes":{"Date_Installed":"8/22/2018","LED_Powered":1,"LightID":"L032512","Light_Source":"LED","Light_Type":"Cobra","Lighting_Type":"LED-Powered Lamp","Verification_Date":null},"id":"stl-city-public-streetlights:2:139655","sourceLayerId":2,"sourceObjectId":139655,"sourceURL":"https://maps8.stlouis-mo.gov/arcgis/rest/services/STREETS/Streets_Permitting/MapServer/2","title":"Street light L032512"},"type":"Feature"},{"geometry":{"coordinates":[-90.20104281074524,38.66114971865475],"type":"Point"},"id":"stl-city-public-streetlights:2:139656","properties":{"address":null,"attributes":{"Date_Installed":"8/22/2018","LED_Powered":1,"LightID":"L032513","Light_Source":"LED","Light_Type":"Cobra","Lighting_Type":"LED-Powered Lamp","Verification_Date":null},"id":"stl-city-public-streetlights:2:139656","sourceLayerId":2,"sourceObjectId":139656,"sourceURL":"https://maps8.stlouis-mo.gov/arcgis/rest/services/STREETS/Streets_Permitting/MapServer/2","title":"Street light L032513"},"type":"Feature"},{"geometry":{"coordinates":[-90.2006738609523,38.66106477028203],"type":"Point"},"id":"stl-city-public-streetlights:2:139657","properties":{"address":null,"attributes":{"Date_Installed":"8/22/2018","LED_Powered":1,"LightID":"L032514","Light_Source":"LED","Light_Type":"Cobra","Lighting_Type":"LED-Powered Lamp","Verification_Date":null},"id":"stl-city-public-streetlights:2:139657","sourceLayerId":2,"sourceObjectId":139657,"sourceURL":"https://maps8.stlouis-mo.gov/arcgis/rest/services/STREETS/Streets_Permitting/MapServer/2","title":"Street light L032514"},"type":"Feature"},{"geometry":{"coordinates":[-90.20123152481094,38.660947952988884],"type":"Point"},"id":"stl-city-public-streetlights:2:139658","properties":{"address":null,"attributes":{"Date_Installed":"8/22/2018","LED_Powered":1,"LightID":"L032515","Light_Source":"LED","Light_Type":"Cobra","Lighting_Type":"LED-Powered Lamp","Verification_Date":null},"id":"stl-city-public-streetlights:2:139658","sourceLayerId":2,"sourceObjectId":139658,"sourceURL":"https://maps8.stlouis-mo.gov/arcgis/rest/services/STREETS/Streets_Permitting/MapServer/2","title":"Street light L032515"},"type":"Feature"},{"geometry":{"coordinates":[-90.2015955153934,38.66092330597965],"type":"Point"},"id":"stl-city-public-streetlights:2:139659","properties":{"address":null,"attributes":{"Date_Installed":"8/22/2018","LED_Powered":1,"LightID":"L032516","Light_Source":"LED","Light_Type":"Cobra","Lighting_Type":"LED-Powered Lamp","Verification_Date":null},"id":"stl-city-public-streetlights:2:139659","sourceLayerId":2,"sourceObjectId":139659,"sourceURL":"https://maps8.stlouis-mo.gov/arcgis/rest/services/STREETS/Streets_Permitting/MapServer/2","title":"Street light L032516"},"type":"Feature"},{"geometry":{"coordinates":[-90.20200936512178,38.66067932741761],"type":"Point"},"id":"stl-city-public-streetlights:2:139660","properties":{"address":null,"attributes":{"Date_Installed":"8/22/2018","LED_Powered":1,"LightID":"L032517","Light_Source":"LED","Light_Type":"Cobra","Lighting_Type":"LED-Powered Lamp","Verification_Date":null},"id":"stl-city-public-streetlights:2:139660","sourceLayerId":2,"sourceObjectId":139660,"sourceURL":"https://maps8.stlouis-mo.gov/arcgis/rest/services/STREETS/Streets_Permitting/MapServer/2","title":"Street light L032517"},"type":"Feature"},{"geometry":{"coordinates":[-90.20247542873527,38.66053367218822],"type":"Point"},"id":"stl-city-public-streetlights:2:139661","properties":{"address":null,"attributes":{"Date_Installed":"8/22/2018","LED_Powered":1,"LightID":"L032518","Light_Source":"LED","Light_Type":"Cobra","Lighting_Type":"LED-Powered Lamp","Verification_Date":null},"id":"stl-city-public-streetlights:2:139661","sourceLayerId":2,"sourceObjectId":139661,"sourceURL":"https://maps8.stlouis-mo.gov/arcgis/rest/services/STREETS/Streets_Permitting/MapServer/2","title":"Street light L032518"},"type":"Feature"},{"geometry":{"coordinates":[-90.20238737678037,38.66089277528876],"type":"Point"},"id":"stl-city-public-streetlights:2:139662","properties":{"address":null,"attributes":{"Date_Installed":"8/22/2018","LED_Powered":1,"LightID":"L032519","Light_Source":"LED","Light_Type":"Cobra","Lighting_Type":"LED-Powered Lamp","Verification_Date":null},"id":"stl-city-public-streetlights:2:139662","sourceLayerId":2,"sourceObjectId":139662,"sourceURL":"https://maps8.stlouis-mo.gov/arcgis/rest/services/STREETS/Streets_Permitting/MapServer/2","title":"Street light L032519"},"type":"Feature"},{"geometry":{"coordinates":[-90.2022108313439,38.66124028297572],"type":"Point"},"id":"stl-city-public-streetlights:2:139663","properties":{"address":null,"attributes":{"Date_Installed":"8/22/2018","LED_Powered":1,"LightID":"L032520","Light_Source":"LED","Light_Type":"Cobra","Lighting_Type":"LED-Powered Lamp","Verification_Date":null},"id":"stl-city-public-streetlights:2:139663","sourceLayerId":2,"sourceObjectId":139663,"sourceURL":"https://maps8.stlouis-mo.gov/arcgis/rest/services/STREETS/Streets_Permitting/MapServer/2","title":"Street light L032520"},"type":"Feature"},{"geometry":{"coordinates":[-90.20194637073025,38.661208516265155],"type":"Point"},"id":"stl-city-public-streetlights:2:139664","properties":{"address":null,"attributes":{"Date_Installed":"8/22/2018","LED_Powered":1,"LightID":"L032521","Light_Source":"LED","Light_Type":"Cobra","Lighting_Type":"LED-Powered Lamp","Verification_Date":null},"id":"stl-city-public-streetlights:2:139664","sourceLayerId":2,"sourceObjectId":139664,"sourceURL":"https://maps8.stlouis-mo.gov/arcgis/rest/services/STREETS/Streets_Permitting/MapServer/2","title":"Street light L032521"},"type":"Feature"},{"geometry":{"coordinates":[-90.20148469851897,38.66125572553309],"type":"Point"},"id":"stl-city-public-streetlights:2:139665","properties":{"address":null,"attributes":{"Date_Installed":"8/22/2018","LED_Powered":1,"LightID":"L032522","Light_Source":"LED","Light_Type":"Cobra","Lighting_Type":"LED-Powered Lamp","Verification_Date":null},"id":"stl-city-public-streetlights:2:139665","sourceLayerId":2,"sourceObjectId":139665,"sourceURL":"https://maps8.stlouis-mo.gov/arcgis/rest/services/STREETS/Streets_Permitting/MapServer/2","title":"Street light L032522"},"type":"Feature"},{"geometry":{"coordinates":[-90.20267603292875,38.66102044768451],"type":"Point"},"id":"stl-city-public-streetlights:2:139666","properties":{"address":null,"attributes":{"Date_Installed":"8/22/2018","LED_Powered":1,"LightID":"L032523","Light_Source":"LED","Light_Type":"Cobra","Lighting_Type":"LED-Powered Lamp","Verification_Date":null},"id":"stl-city-public-streetlights:2:139666","sourceLayerId":2,"sourceObjectId":139666,"sourceURL":"https://maps8.stlouis-mo.gov/arcgis/rest/services/STREETS/Streets_Permitting/MapServer/2","title":"Street light L032523"},"type":"Feature"},{"geometry":{"coordinates":[-90.20280346608746,38.66136588622915],"type":"Point"},"id":"stl-city-public-streetlights:2:139667","properties":{"address":null,"attributes":{"Date_Installed":"8/22/2018","LED_Powered":1,"LightID":"L032524","Light_Source":"LED","Light_Type":"Cobra","Lighting_Type":"LED-Powered Lamp","Verification_Date":null},"id":"stl-city-public-streetlights:2:139667","sourceLayerId":2,"sourceObjectId":139667,"sourceURL":"https://maps8.stlouis-mo.gov/arcgis/rest/services/STREETS/Streets_Permitting/MapServer/2","title":"Street light L032524"},"type":"Feature"},{"geometry":{"coordinates":[-90.20275590305431,38.66170255047408],"type":"Point"},"id":"stl-city-public-streetlights:2:139668","properties":{"address":null,"attributes":{"Date_Installed":"8/22/2018","LED_Powered":1,"LightID":"L032525","Light_Source":"LED","Light_Type":"Cobra","Lighting_Type":"LED-Powered Lamp","Verification_Date":null},"id":"stl-city-public-streetlights:2:139668","sourceLayerId":2,"sourceObjectId":139668,"sourceURL":"https://maps8.stlouis-mo.gov/arcgis/rest/services/STREETS/Streets_Permitting/MapServer/2","title":"Street light L032525"},"type":"Feature"},{"geometry":{"coordinates":[-90.2031568435918,38.66178747076536],"type":"Point"},"id":"stl-city-public-streetlights:2:139669","properties":{"address":null,"attributes":{"Date_Installed":"8/22/2018","LED_Powered":1,"LightID":"L032526","Light_Source":"LED","Light_Type":"Cobra","Lighting_Type":"LED-Powered Lamp","Verification_Date":null},"id":"stl-city-public-streetlights:2:139669","sourceLayerId":2,"sourceObjectId":139669,"sourceURL":"https://maps8.stlouis-mo.gov/arcgis/rest/services/STREETS/Streets_Permitting/MapServer/2","title":"Street light L032526"},"type":"Feature"},{"geometry":{"coordinates":[-90.20215748831816,38.66158280153238],"type":"Point"},"id":"stl-city-public-streetlights:2:139670","properties":{"address":null,"attributes":{"Date_Installed":"8/22/2018","LED_Powered":1,"LightID":"L032527","Light_Source":"LED","Light_Type":"Cobra","Lighting_Type":"LED-Powered Lamp","Verification_Date":null},"id":"stl-city-public-streetlights:2:139670","sourceLayerId":2,"sourceObjectId":139670,"sourceURL":"https://maps8.stlouis-mo.gov/arcgis/rest/services/STREETS/Streets_Permitting/MapServer/2","title":"Street light L032527"},"type":"Feature"},{"geometry":{"coordinates":[-90.20237571578855,38.66144796926979],"type":"Point"},"id":"stl-city-public-streetlights:2:139671","properties":{"address":null,"attributes":{"Date_Installed":"8/22/2018","LED_Powered":1,"LightID":"L032528","Light_Source":"LED","Light_Type":"Cobra","Lighting_Type":"LED-Powered Lamp","Verification_Date":null},"id":"stl-city-public-streetlights:2:139671","sourceLayerId":2,"sourceObjectId":139671,"sourceURL":"https://maps8.stlouis-mo.gov/arcgis/rest/services/STREETS/Streets_Permitting/MapServer/2","title":"Street light L032528"},"type":"Feature"},{"geometry":{"coordinates":[-90.20209062940958,38.66180096888668],"type":"Point"},"id":"stl-city-public-streetlights:2:139672","properties":{"address":null,"attributes":{"Date_Installed":"8/22/2018","LED_Powered":1,"LightID":"L032529","Light_Source":"LED","Light_Type":"Cobra","Lighting_Type":"LED-Powered Lamp (Twin Lights)","Verification_Date":null},"id":"stl-city-public-streetlights:2:139672","sourceLayerId":2,"sourceObjectId":139672,"sourceURL":"https://maps8.stlouis-mo.gov/arcgis/rest/services/STREETS/Streets_Permitting/MapServer/2","title":"Street light L032529"},"type":"Feature"},{"geometry":{"coordinates":[-90.20241755689146,38.66177248265293],"type":"Point"},"id":"stl-city-public-streetlights:2:139673","properties":{"address":null,"attributes":{"Date_Installed":"8/22/2018","LED_Powered":1,"LightID":"L032530","Light_Source":"LED","Light_Type":"Cobra","Lighting_Type":"LED-Powered Lamp (Twin Lights)","Verification_Date":null},"id":"stl-city-public-streetlights:2:139673","sourceLayerId":2,"sourceObjectId":139673,"sourceURL":"https://maps8.stlouis-mo.gov/arcgis/rest/services/STREETS/Streets_Permitting/MapServer/2","title":"Street light L032530"},"type":"Feature"},{"geometry":{"coordinates":[-90.20240718269426,38.66210615940581],"type":"Point"},"id":"stl-city-public-streetlights:2:139674","properties":{"address":null,"attributes":{"Date_Installed":"8/22/2018","LED_Powered":1,"LightID":"L032531","Light_Source":"LED","Light_Type":"Cobra","Lighting_Type":"LED-Powered Lamp (Twin Lights)","Verification_Date":null},"id":"stl-city-public-streetlights:2:139674","sourceLayerId":2,"sourceObjectId":139674,"sourceURL":"https://maps8.stlouis-mo.gov/arcgis/rest/services/STREETS/Streets_Permitting/MapServer/2","title":"Street light L032531"},"type":"Feature"},{"geometry":{"coordinates":[-90.20367408450313,38.669810309168554],"type":"Point"},"id":"stl-city-public-streetlights:2:140315","properties":{"address":null,"attributes":{"Date_Installed":null,"LED_Powered":0,"LightID":"L033172","Light_Source":"LED","Light_Type":"Cobra","Lighting_Type":"LED-Powered Lamp","Verification_Date":null},"id":"stl-city-public-streetlights:2:140315","sourceLayerId":2,"sourceObjectId":140315,"sourceURL":"https://maps8.stlouis-mo.gov/arcgis/rest/services/STREETS/Streets_Permitting/MapServer/2","title":"Street light L033172"},"type":"Feature"},{"geometry":{"coordinates":[-90.203491498087,38.669495592922935],"type":"Point"},"id":"stl-city-public-streetlights:2:140316","properties":{"address":null,"attributes":{"Date_Installed":null,"LED_Powered":0,"LightID":"L033173","Light_Source":"LED","Light_Type":"Cobra","Lighting_Type":"LED-Powered Lamp","Verification_Date":null},"id":"stl-city-public-streetlights:2:140316","sourceLayerId":2,"sourceObjectId":140316,"sourceURL":"https://maps8.stlouis-mo.gov/arcgis/rest/services/STREETS/Streets_Permitting/MapServer/2","title":"Street light L033173"},"type":"Feature"},{"geometry":{"coordinates":[-90.20332488137028,38.66920151199307],"type":"Point"},"id":"stl-city-public-streetlights:2:140317","properties":{"address":null,"attributes":{"Date_Installed":null,"LED_Powered":0,"LightID":"L033174","Light_Source":"LED","Light_Type":"Cobra","Lighting_Type":"LED-Powered Lamp","Verification_Date":null},"id":"stl-city-public-streetlights:2:140317","sourceLayerId":2,"sourceObjectId":140317,"sourceURL":"https://maps8.stlouis-mo.gov/arcgis/rest/services/STREETS/Streets_Permitting/MapServer/2","title":"Street light L033174"},"type":"Feature"},{"geometry":{"coordinates":[-90.20315593570784,38.66888263527713],"type":"Point"},"id":"stl-city-public-streetlights:2:140318","properties":{"address":null,"attributes":{"Date_Installed":null,"LED_Powered":0,"LightID":"L033175","Light_Source":"LED","Light_Type":"Cobra","Lighting_Type":"LED-Powered Lamp","Verification_Date":null},"id":"stl-city-public-streetlights:2:140318","sourceLayerId":2,"sourceObjectId":140318,"sourceURL":"https://maps8.stlouis-mo.gov/arcgis/rest/services/STREETS/Streets_Permitting/MapServer/2","title":"Street light L033175"},"type":"Feature"},{"geometry":{"coordinates":[-90.20297478216592,38.66857516852942],"type":"Point"},"id":"stl-city-public-streetlights:2:140319","properties":{"address":null,"attributes":{"Date_Installed":null,"LED_Powered":0,"LightID":"L033176","Light_Source":"LED","Light_Type":"Cobra","Lighting_Type":"LED-Powered Lamp","Verification_Date":null},"id":"stl-city-public-streetlights:2:140319","sourceLayerId":2,"sourceObjectId":140319,"sourceURL":"https://maps8.stlouis-mo.gov/arcgis/rest/services/STREETS/Streets_Permitting/MapServer/2","title":"Street light L033176"},"type":"Feature"},{"geometry":{"coordinates":[-90.2028175474318,38.66829251585361],"type":"Point"},"id":"stl-city-public-streetlights:2:140320","properties":{"address":null,"attributes":{"Date_Installed":"8/22/2018","LED_Powered":1,"LightID":"L033177","Light_Source":"LED","Light_Type":"Cobra","Lighting_Type":"LED-Powered Lamp","Verification_Date":null},"id":"stl-city-public-streetlights:2:140320","sourceLayerId":2,"sourceObjectId":140320,"sourceURL":"https://maps8.stlouis-mo.gov/arcgis/rest/services/STREETS/Streets_Permitting/MapServer/2","title":"Street light L033177"},"type":"Feature"},{"geometry":{"coordinates":[-90.20265934922311,38.66800778667001],"type":"Point"},"id":"stl-city-public-streetlights:2:140321","properties":{"address":null,"attributes":{"Date_Installed":"8/22/2018","LED_Powered":1,"LightID":"L033178","Light_Source":"LED","Light_Type":"Cobra","Lighting_Type":"LED-Powered Lamp","Verification_Date":null},"id":"stl-city-public-streetlights:2:140321","sourceLayerId":2,"sourceObjectId":140321,"sourceURL":"https://maps8.stlouis-mo.gov/arcgis/rest/services/STREETS/Streets_Permitting/MapServer/2","title":"Street light L033178"},"type":"Feature"},{"geometry":{"coordinates":[-90.2024915341813,38.66771086455757],"type":"Point"},"id":"stl-city-public-streetlights:2:140322","properties":{"address":null,"attributes":{"Date_Installed":"8/22/2018","LED_Powered":1,"LightID":"L033179","Light_Source":"LED","Light_Type":"Cobra","Lighting_Type":"LED-Powered Lamp","Verification_Date":null},"id":"stl-city-public-streetlights:2:140322","sourceLayerId":2,"sourceObjectId":140322,"sourceURL":"https://maps8.stlouis-mo.gov/arcgis/rest/services/STREETS/Streets_Permitting/MapServer/2","title":"Street light L033179"},"type":"Feature"},{"geometry":{"coordinates":[-90.20230898883575,38.66494602643569],"type":"Point"},"id":"stl-city-public-streetlights:2:140323","properties":{"address":null,"attributes":{"Date_Installed":"8/22/2018","LED_Powered":1,"LightID":"L033180","Light_Source":"LED","Light_Type":"Cobra","Lighting_Type":"LED-Powered Lamp","Verification_Date":null},"id":"stl-city-public-streetlights:2:140323","sourceLayerId":2,"sourceObjectId":140323,"sourceURL":"https://maps8.stlouis-mo.gov/arcgis/rest/services/STREETS/Streets_Permitting/MapServer/2","title":"Street light L033180"},"type":"Feature"},{"geometry":{"coordinates":[-90.20248883709463,38.66527060066766],"type":"Point"},"id":"stl-city-public-streetlights:2:140324","properties":{"address":null,"attributes":{"Date_Installed":"8/22/2018","LED_Powered":1,"LightID":"L033181","Light_Source":"LED","Light_Type":"Cobra","Lighting_Type":"LED-Powered Lamp","Verification_Date":null},"id":"stl-city-public-streetlights:2:140324","sourceLayerId":2,"sourceObjectId":140324,"sourceURL":"https://maps8.stlouis-mo.gov/arcgis/rest/services/STREETS/Streets_Permitting/MapServer/2","title":"Street light L033181"},"type":"Feature"},{"geometry":{"coordinates":[-90.20263698313173,38.66554653724283],"type":"Point"},"id":"stl-city-public-streetlights:2:140325","properties":{"address":null,"attributes":{"Date_Installed":"8/22/2018","LED_Powered":1,"LightID":"L033182","Light_Source":"LED","Light_Type":"Cobra","Lighting_Type":"LED-Powered Lamp","Verification_Date":null},"id":"stl-city-public-streetlights:2:140325","sourceLayerId":2,"sourceObjectId":140325,"sourceURL":"https://maps8.stlouis-mo.gov/arcgis/rest/services/STREETS/Streets_Permitting/MapServer/2","title":"Street light L033182"},"type":"Feature"},{"geometry":{"coordinates":[-90.20282988168908,38.665773343177406],"type":"Point"},"id":"stl-city-public-streetlights:2:140326","properties":{"address":null,"attributes":{"Date_Installed":"8/22/2018","LED_Powered":1,"LightID":"L033183","Light_Source":"LED","Light_Type":"Cobra","Lighting_Type":"LED-Powered Lamp","Verification_Date":null},"id":"stl-city-public-streetlights:2:140326","sourceLayerId":2,"sourceObjectId":140326,"sourceURL":"https://maps8.stlouis-mo.gov/arcgis/rest/services/STREETS/Streets_Permitting/MapServer/2","title":"Street light L033183"},"type":"Feature"},{"geometry":{"coordinates":[-90.20306120883431,38.66605299763765],"type":"Point"},"id":"stl-city-public-streetlights:2:140327","properties":{"address":null,"attributes":{"Date_Installed":"8/22/2018","LED_Powered":1,"LightID":"L033184","Light_Source":"LED","Light_Type":"Cobra","Lighting_Type":"LED-Powered Lamp","Verification_Date":null},"id":"stl-city-public-streetlights:2:140327","sourceLayerId":2,"sourceObjectId":140327,"sourceURL":"https://maps8.stlouis-mo.gov/arcgis/rest/services/STREETS/Streets_Permitting/MapServer/2","title":"Street light L033184"},"type":"Feature"},{"geometry":{"coordinates":[-90.20328280172603,38.666321212731376],"type":"Point"},"id":"stl-city-public-streetlights:2:140328","properties":{"address":null,"attributes":{"Date_Installed":"8/22/2018","LED_Powered":1,"LightID":"L033185","Light_Source":"LED","Light_Type":"Cobra","Lighting_Type":"LED-Powered Lamp","Verification_Date":null},"id":"stl-city-public-streetlights:2:140328","sourceLayerId":2,"sourceObjectId":140328,"sourceURL":"https://maps8.stlouis-mo.gov/arcgis/rest/services/STREETS/Streets_Permitting/MapServer/2","title":"Street light L033185"},"type":"Feature"},{"geometry":{"coordinates":[-90.2034591329922,38.666617225657305],"type":"Point"},"id":"stl-city-public-streetlights:2:140329","properties":{"address":null,"attributes":{"Date_Installed":"8/22/2018","LED_Powered":1,"LightID":"L033186","Light_Source":"LED","Light_Type":"Cobra","Lighting_Type":"LED-Powered Lamp","Verification_Date":null},"id":"stl-city-public-streetlights:2:140329","sourceLayerId":2,"sourceObjectId":140329,"sourceURL":"https://maps8.stlouis-mo.gov/arcgis/rest/services/STREETS/Streets_Permitting/MapServer/2","title":"Street light L033186"},"type":"Feature"},{"geometry":{"coordinates":[-90.20363053877826,38.666928481399815],"type":"Point"},"id":"stl-city-public-streetlights:2:140330","properties":{"address":null,"attributes":{"Date_Installed":"8/22/2018","LED_Powered":1,"LightID":"L033187","Light_Source":"LED","Light_Type":"Cobra","Lighting_Type":"LED-Powered Lamp","Verification_Date":null},"id":"stl-city-public-streetlights:2:140330","sourceLayerId":2,"sourceObjectId":140330,"sourceURL":"https://maps8.stlouis-mo.gov/arcgis/rest/services/STREETS/Streets_Permitting/MapServer/2","title":"Street light L033187"},"type":"Feature"},{"geometry":{"coordinates":[-90.20380539688773,38.667232177290146],"type":"Point"},"id":"stl-city-public-streetlights:2:140331","properties":{"address":null,"attributes":{"Date_Installed":"8/22/2018","LED_Powered":1,"LightID":"L033188","Light_Source":"LED","Light_Type":"Cobra","Lighting_Type":"LED-Powered Lamp","Verification_Date":null},"id":"stl-city-public-streetlights:2:140331","sourceLayerId":2,"sourceObjectId":140331,"sourceURL":"https://maps8.stlouis-mo.gov/arcgis/rest/services/STREETS/Streets_Permitting/MapServer/2","title":"Street light L033188"},"type":"Feature"},{"geometry":{"coordinates":[-90.20397101352664,38.66752851902183],"type":"Point"},"id":"stl-city-public-streetlights:2:140332","properties":{"address":null,"attributes":{"Date_Installed":"8/22/2018","LED_Powered":1,"LightID":"L033189","Light_Source":"LED","Light_Type":"Cobra","Lighting_Type":"LED-Powered Lamp","Verification_Date":null},"id":"stl-city-public-streetlights:2:140332","sourceLayerId":2,"sourceObjectId":140332,"sourceURL":"https://maps8.stlouis-mo.gov/arcgis/rest/services/STREETS/Streets_Permitting/MapServer/2","title":"Street light L033189"},"type":"Feature"},{"geometry":{"coordinates":[-90.20413096170161,38.66781763729235],"type":"Point"},"id":"stl-city-public-streetlights:2:140333","properties":{"address":null,"attributes":{"Date_Installed":"8/22/2018","LED_Powered":1,"LightID":"L033190","Light_Source":"LED","Light_Type":"Cobra","Lighting_Type":"LED-Powered Lamp","Verification_Date":null},"id":"stl-city-public-streetlights:2:140333","sourceLayerId":2,"sourceObjectId":140333,"sourceURL":"https://maps8.stlouis-mo.gov/arcgis/rest/services/STREETS/Streets_Permitting/MapServer/2","title":"Street light L033190"},"type":"Feature"},{"geometry":{"coordinates":[-90.20428790994785,38.66809691459689],"type":"Point"},"id":"stl-city-public-streetlights:2:140334","properties":{"address":null,"attributes":{"Date_Installed":"8/22/2018","LED_Powered":1,"LightID":"L033191","Light_Source":"LED","Light_Type":"Cobra","Lighting_Type":"LED-Powered Lamp","Verification_Date":null},"id":"stl-city-public-streetlights:2:140334","sourceLayerId":2,"sourceObjectId":140334,"sourceURL":"https://maps8.stlouis-mo.gov/arcgis/rest/services/STREETS/Streets_Permitting/MapServer/2","title":"Street light L033191"},"type":"Feature"},{"geometry":{"coordinates":[-90.20446599997379,38.66841104535145],"type":"Point"},"id":"stl-city-public-streetlights:2:140335","properties":{"address":null,"attributes":{"Date_Installed":null,"LED_Powered":0,"LightID":"L033192","Light_Source":"LED","Light_Type":"Cobra","Lighting_Type":"LED-Powered Lamp","Verification_Date":null},"id":"stl-city-public-streetlights:2:140335","sourceLayerId":2,"sourceObjectId":140335,"sourceURL":"https://maps8.stlouis-mo.gov/arcgis/rest/services/STREETS/Streets_Permitting/MapServer/2","title":"Street light L033192"},"type":"Feature"},{"geometry":{"coordinates":[-90.20463397785586,38.66870763169364],"type":"Point"},"id":"stl-city-public-streetlights:2:140336","properties":{"address":null,"attributes":{"Date_Installed":null,"LED_Powered":0,"LightID":"L033193","Light_Source":"LED","Light_Type":"Cobra","Lighting_Type":"LED-Powered Lamp","Verification_Date":null},"id":"stl-city-public-streetlights:2:140336","sourceLayerId":2,"sourceObjectId":140336,"sourceURL":"https://maps8.stlouis-mo.gov/arcgis/rest/services/STREETS/Streets_Permitting/MapServer/2","title":"Street light L033193"},"type":"Feature"},{"geometry":{"coordinates":[-90.20480858132173,38.669019727005534],"type":"Point"},"id":"stl-city-public-streetlights:2:140337","properties":{"address":null,"attributes":{"Date_Installed":null,"LED_Powered":0,"LightID":"L033194","Light_Source":"LED","Light_Type":"Cobra","Lighting_Type":"LED-Powered Lamp","Verification_Date":null},"id":"stl-city-public-streetlights:2:140337","sourceLayerId":2,"sourceObjectId":140337,"sourceURL":"https://maps8.stlouis-mo.gov/arcgis/rest/services/STREETS/Streets_Permitting/MapServer/2","title":"Street light L033194"},"type":"Feature"},{"geometry":{"coordinates":[-90.2049775444309,38.669336217642865],"type":"Point"},"id":"stl-city-public-streetlights:2:140338","properties":{"address":null,"attributes":{"Date_Installed":null,"LED_Powered":0,"LightID":"L033195","Light_Source":"LED","Light_Type":"Cobra","Lighting_Type":"LED-Powered Lamp","Verification_Date":null},"id":"stl-city-public-streetlights:2:140338","sourceLayerId":2,"sourceObjectId":140338,"sourceURL":"https://maps8.stlouis-mo.gov/arcgis/rest/services/STREETS/Streets_Permitting/MapServer/2","title":"Street light L033195"},"type":"Feature"},{"geometry":{"coordinates":[-90.20514449247294,38.66962576831352],"type":"Point"},"id":"stl-city-public-streetlights:2:140339","properties":{"address":null,"attributes":{"Date_Installed":null,"LED_Powered":0,"LightID":"L033196","Light_Source":"LED","Light_Type":"Cobra","Lighting_Type":"LED-Powered Lamp","Verification_Date":null},"id":"stl-city-public-streetlights:2:140339","sourceLayerId":2,"sourceObjectId":140339,"sourceURL":"https://maps8.stlouis-mo.gov/arcgis/rest/services/STREETS/Streets_Permitting/MapServer/2","title":"Street light L033196"},"type":"Feature"},{"geometry":{"coordinates":[-90.20531261233579,38.66992580977614],"type":"Point"},"id":"stl-city-public-streetlights:2:140340","properties":{"address":null,"attributes":{"Date_Installed":null,"LED_Powered":0,"LightID":"L033197","Light_Source":"LED","Light_Type":"Cobra","Lighting_Type":"LED-Powered Lamp","Verification_Date":null},"id":"stl-city-public-streetlights:2:140340","sourceLayerId":2,"sourceObjectId":140340,"sourceURL":"https://maps8.stlouis-mo.gov/arcgis/rest/services/STREETS/Streets_Permitting/MapServer/2","title":"Street light L033197"},"type":"Feature"},{"geometry":{"coordinates":[-90.20658777558103,38.66989822781433],"type":"Point"},"id":"stl-city-public-streetlights:2:140350","properties":{"address":null,"attributes":{"Date_Installed":null,"LED_Powered":0,"LightID":"L033207","Light_Source":"LED","Light_Type":"Cobra","Lighting_Type":"LED-Powered Lamp","Verification_Date":null},"id":"stl-city-public-streetlights:2:140350","sourceLayerId":2,"sourceObjectId":140350,"sourceURL":"https://maps8.stlouis-mo.gov/arcgis/rest/services/STREETS/Streets_Permitting/MapServer/2","title":"Street light L033207"},"type":"Feature"},{"geometry":{"coordinates":[-90.2064211986099,38.66959080299802],"type":"Point"},"id":"stl-city-public-streetlights:2:140476","properties":{"address":null,"attributes":{"Date_Installed":null,"LED_Powered":0,"LightID":"L033333","Light_Source":"LED","Light_Type":"Cobra","Lighting_Type":"LED-Powered Lamp","Verification_Date":null},"id":"stl-city-public-streetlights:2:140476","sourceLayerId":2,"sourceObjectId":140476,"sourceURL":"https://maps8.stlouis-mo.gov/arcgis/rest/services/STREETS/Streets_Permitting/MapServer/2","title":"Street light L033333"},"type":"Feature"},{"geometry":{"coordinates":[-90.20624410491334,38.66926823918919],"type":"Point"},"id":"stl-city-public-streetlights:2:140477","properties":{"address":null,"attributes":{"Date_Installed":null,"LED_Powered":0,"LightID":"L033334","Light_Source":"LED","Light_Type":"Cobra","Lighting_Type":"LED-Powered Lamp","Verification_Date":null},"id":"stl-city-public-streetlights:2:140477","sourceLayerId":2,"sourceObjectId":140477,"sourceURL":"https://maps8.stlouis-mo.gov/arcgis/rest/services/STREETS/Streets_Permitting/MapServer/2","title":"Street light L033334"},"type":"Feature"},{"geometry":{"coordinates":[-90.20608322253412,38.66896697759874],"type":"Point"},"id":"stl-city-public-streetlights:2:140478","properties":{"address":null,"attributes":{"Date_Installed":null,"LED_Powered":0,"LightID":"L033335","Light_Source":"LED","Light_Type":"Cobra","Lighting_Type":"LED-Powered Lamp","Verification_Date":null},"id":"stl-city-public-streetlights:2:140478","sourceLayerId":2,"sourceObjectId":140478,"sourceURL":"https://maps8.stlouis-mo.gov/arcgis/rest/services/STREETS/Streets_Permitting/MapServer/2","title":"Street light L033335"},"type":"Feature"},{"geometry":{"coordinates":[-90.20591000302169,38.668649524695724],"type":"Point"},"id":"stl-city-public-streetlights:2:140479","properties":{"address":null,"attributes":{"Date_Installed":null,"LED_Powered":0,"LightID":"L033336","Light_Source":"LED","Light_Type":"Cobra","Lighting_Type":"LED-Powered Lamp","Verification_Date":null},"id":"stl-city-public-streetlights:2:140479","sourceLayerId":2,"sourceObjectId":140479,"sourceURL":"https://maps8.stlouis-mo.gov/arcgis/rest/services/STREETS/Streets_Permitting/MapServer/2","title":"Street light L033336"},"type":"Feature"},{"geometry":{"coordinates":[-90.20573645613177,38.66833802914526],"type":"Point"},"id":"stl-city-public-streetlights:2:140480","properties":{"address":null,"attributes":{"Date_Installed":null,"LED_Powered":0,"LightID":"L033337","Light_Source":"LED","Light_Type":"Cobra","Lighting_Type":"LED-Powered Lamp","Verification_Date":null},"id":"stl-city-public-streetlights:2:140480","sourceLayerId":2,"sourceObjectId":140480,"sourceURL":"https://maps8.stlouis-mo.gov/arcgis/rest/services/STREETS/Streets_Permitting/MapServer/2","title":"Street light L033337"},"type":"Feature"},{"geometry":{"coordinates":[-90.2055614043285,38.66802343049298],"type":"Point"},"id":"stl-city-public-streetlights:2:140481","properties":{"address":null,"attributes":{"Date_Installed":null,"LED_Powered":0,"LightID":"L033338","Light_Source":"LED","Light_Type":"Cobra","Lighting_Type":"LED-Powered Lamp","Verification_Date":null},"id":"stl-city-public-streetlights:2:140481","sourceLayerId":2,"sourceObjectId":140481,"sourceURL":"https://maps8.stlouis-mo.gov/arcgis/rest/services/STREETS/Streets_Permitting/MapServer/2","title":"Street light L033338"},"type":"Feature"},{"geometry":{"coordinates":[-90.20539633253522,38.66772208618584],"type":"Point"},"id":"stl-city-public-streetlights:2:140482","properties":{"address":null,"attributes":{"Date_Installed":"8/22/2018","LED_Powered":1,"LightID":"L033339","Light_Source":"LED","Light_Type":"Cobra","Lighting_Type":"LED-Powered Lamp","Verification_Date":null},"id":"stl-city-public-streetlights:2:140482","sourceLayerId":2,"sourceObjectId":140482,"sourceURL":"https://maps8.stlouis-mo.gov/arcgis/rest/services/STREETS/Streets_Permitting/MapServer/2","title":"Street light L033339"},"type":"Feature"},{"geometry":{"coordinates":[-90.20523810206029,38.6674391125881],"type":"Point"},"id":"stl-city-public-streetlights:2:140483","properties":{"address":null,"attributes":{"Date_Installed":"8/22/2018","LED_Powered":1,"LightID":"L033340","Light_Source":"LED","Light_Type":"Cobra","Lighting_Type":"LED-Powered Lamp","Verification_Date":null},"id":"stl-city-public-streetlights:2:140483","sourceLayerId":2,"sourceObjectId":140483,"sourceURL":"https://maps8.stlouis-mo.gov/arcgis/rest/services/STREETS/Streets_Permitting/MapServer/2","title":"Street light L033340"},"type":"Feature"},{"geometry":{"coordinates":[-90.20508424088769,38.66714792650891],"type":"Point"},"id":"stl-city-public-streetlights:2:140484","properties":{"address":null,"attributes":{"Date_Installed":"8/22/2018","LED_Powered":1,"LightID":"L033341","Light_Source":"LED","Light_Type":"Cobra","Lighting_Type":"LED-Powered Lamp","Verification_Date":null},"id":"stl-city-public-streetlights:2:140484","sourceLayerId":2,"sourceObjectId":140484,"sourceURL":"https://maps8.stlouis-mo.gov/arcgis/rest/services/STREETS/Streets_Permitting/MapServer/2","title":"Street light L033341"},"type":"Feature"},{"geometry":{"coordinates":[-90.20491909357563,38.66686567374072],"type":"Point"},"id":"stl-city-public-streetlights:2:140485","properties":{"address":null,"attributes":{"Date_Installed":null,"LED_Powered":1,"LightID":"L033342","Light_Source":"LED","Light_Type":"Cobra","Lighting_Type":"LED-Powered Lamp","Verification_Date":null},"id":"stl-city-public-streetlights:2:140485","sourceLayerId":2,"sourceObjectId":140485,"sourceURL":"https://maps8.stlouis-mo.gov/arcgis/rest/services/STREETS/Streets_Permitting/MapServer/2","title":"Street light L033342"},"type":"Feature"},{"geometry":{"coordinates":[-90.20475001312839,38.66657921538105],"type":"Point"},"id":"stl-city-public-streetlights:2:140486","properties":{"address":null,"attributes":{"Date_Installed":"8/22/2018","LED_Powered":1,"LightID":"L033343","Light_Source":"LED","Light_Type":"Cobra","Lighting_Type":"LED-Powered Lamp","Verification_Date":null},"id":"stl-city-public-streetlights:2:140486","sourceLayerId":2,"sourceObjectId":140486,"sourceURL":"https://maps8.stlouis-mo.gov/arcgis/rest/services/STREETS/Streets_Permitting/MapServer/2","title":"Street light L033343"},"type":"Feature"},{"geometry":{"coordinates":[-90.20457628157702,38.66624125947183],"type":"Point"},"id":"stl-city-public-streetlights:2:140487","properties":{"address":null,"attributes":{"Date_Installed":"8/22/2018","LED_Powered":1,"LightID":"L033344","Light_Source":"LED","Light_Type":"Cobra","Lighting_Type":"LED-Powered Lamp","Verification_Date":null},"id":"stl-city-public-streetlights:2:140487","sourceLayerId":2,"sourceObjectId":140487,"sourceURL":"https://maps8.stlouis-mo.gov/arcgis/rest/services/STREETS/Streets_Permitting/MapServer/2","title":"Street light L033344"},"type":"Feature"},{"geometry":{"coordinates":[-90.20230479745659,38.667373087583044],"type":"Point"},"id":"stl-city-public-streetlights:2:140488","properties":{"address":null,"attributes":{"Date_Installed":"8/22/2018","LED_Powered":1,"LightID":"L033345","Light_Source":"LED","Light_Type":"Cobra","Lighting_Type":"LED-Powered Lamp","Verification_Date":null},"id":"stl-city-public-streetlights:2:140488","sourceLayerId":2,"sourceObjectId":140488,"sourceURL":"https://maps8.stlouis-mo.gov/arcgis/rest/services/STREETS/Streets_Permitting/MapServer/2","title":"Street light L033345"},"type":"Feature"},{"geometry":{"coordinates":[-90.20211978853224,38.6670441559719],"type":"Point"},"id":"stl-city-public-streetlights:2:140489","properties":{"address":null,"attributes":{"Date_Installed":"8/22/2018","LED_Powered":1,"LightID":"L033346","Light_Source":"LED","Light_Type":"Cobra","Lighting_Type":"LED-Powered Lamp","Verification_Date":null},"id":"stl-city-public-streetlights:2:140489","sourceLayerId":2,"sourceObjectId":140489,"sourceURL":"https://maps8.stlouis-mo.gov/arcgis/rest/services/STREETS/Streets_Permitting/MapServer/2","title":"Street light L033346"},"type":"Feature"},{"geometry":{"coordinates":[-90.20388240000531,38.66513161063134],"type":"Point"},"id":"stl-city-public-streetlights:2:140490","properties":{"address":null,"attributes":{"Date_Installed":"7/31/2017","LED_Powered":1,"LightID":"L033347","Light_Source":"LED","Light_Type":"Cobra","Lighting_Type":"LED-Powered Lamp","Verification_Date":null},"id":"stl-city-public-streetlights:2:140490","sourceLayerId":2,"sourceObjectId":140490,"sourceURL":"https://maps8.stlouis-mo.gov/arcgis/rest/services/STREETS/Streets_Permitting/MapServer/2","title":"Street light L033347"},"type":"Feature"},{"geometry":{"coordinates":[-90.20370907077185,38.66484508047922],"type":"Point"},"id":"stl-city-public-streetlights:2:140491","properties":{"address":null,"attributes":{"Date_Installed":"7/31/2017","LED_Powered":1,"LightID":"L033348","Light_Source":"LED","Light_Type":"Cobra","Lighting_Type":"LED-Powered Lamp","Verification_Date":null},"id":"stl-city-public-streetlights:2:140491","sourceLayerId":2,"sourceObjectId":140491,"sourceURL":"https://maps8.stlouis-mo.gov/arcgis/rest/services/STREETS/Streets_Permitting/MapServer/2","title":"Street light L033348"},"type":"Feature"},{"geometry":{"coordinates":[-90.20353180652954,38.664518078650616],"type":"Point"},"id":"stl-city-public-streetlights:2:140492","properties":{"address":null,"attributes":{"Date_Installed":"7/31/2017","LED_Powered":1,"LightID":"L033349","Light_Source":"LED","Light_Type":"Cobra","Lighting_Type":"LED-Powered Lamp","Verification_Date":null},"id":"stl-city-public-streetlights:2:140492","sourceLayerId":2,"sourceObjectId":140492,"sourceURL":"https://maps8.stlouis-mo.gov/arcgis/rest/services/STREETS/Streets_Permitting/MapServer/2","title":"Street light L033349"},"type":"Feature"},{"geometry":{"coordinates":[-90.20523210736731,38.665048923985154],"type":"Point"},"id":"stl-city-public-streetlights:2:140493","properties":{"address":null,"attributes":{"Date_Installed":"8/22/2018","LED_Powered":1,"LightID":"L033350","Light_Source":"LED","Light_Type":"Cobra","Lighting_Type":"LED-Powered Lamp","Verification_Date":null},"id":"stl-city-public-streetlights:2:140493","sourceLayerId":2,"sourceObjectId":140493,"sourceURL":"https://maps8.stlouis-mo.gov/arcgis/rest/services/STREETS/Streets_Permitting/MapServer/2","title":"Street light L033350"},"type":"Feature"},{"geometry":{"coordinates":[-90.20543654908512,38.66542332954605],"type":"Point"},"id":"stl-city-public-streetlights:2:140494","properties":{"address":null,"attributes":{"Date_Installed":"8/22/2018","LED_Powered":1,"LightID":"L033351","Light_Source":"LED","Light_Type":"Cobra","Lighting_Type":"LED-Powered Lamp","Verification_Date":null},"id":"stl-city-public-streetlights:2:140494","sourceLayerId":2,"sourceObjectId":140494,"sourceURL":"https://maps8.stlouis-mo.gov/arcgis/rest/services/STREETS/Streets_Permitting/MapServer/2","title":"Street light L033351"},"type":"Feature"},{"geometry":{"coordinates":[-90.20566152180034,38.665832920891056],"type":"Point"},"id":"stl-city-public-streetlights:2:140495","properties":{"address":null,"attributes":{"Date_Installed":"8/22/2018","LED_Powered":1,"LightID":"L033352","Light_Source":"LED","Light_Type":"Cobra","Lighting_Type":"LED-Powered Lamp","Verification_Date":null},"id":"stl-city-public-streetlights:2:140495","sourceLayerId":2,"sourceObjectId":140495,"sourceURL":"https://maps8.stlouis-mo.gov/arcgis/rest/services/STREETS/Streets_Permitting/MapServer/2","title":"Street light L033352"},"type":"Feature"},{"geometry":{"coordinates":[-90.20587756683409,38.66623314535588],"type":"Point"},"id":"stl-city-public-streetlights:2:140496","properties":{"address":null,"attributes":{"Date_Installed":"8/22/2018","LED_Powered":1,"LightID":"L033353","Light_Source":"LED","Light_Type":"Cobra","Lighting_Type":"LED-Powered Lamp","Verification_Date":null},"id":"stl-city-public-streetlights:2:140496","sourceLayerId":2,"sourceObjectId":140496,"sourceURL":"https://maps8.stlouis-mo.gov/arcgis/rest/services/STREETS/Streets_Permitting/MapServer/2","title":"Street light L033353"},"type":"Feature"},{"geometry":{"coordinates":[-90.20608523913332,38.666599787712066],"type":"Point"},"id":"stl-city-public-streetlights:2:140497","properties":{"address":null,"attributes":{"Date_Installed":"8/22/2018","LED_Powered":1,"LightID":"L033354","Light_Source":"LED","Light_Type":"Cobra","Lighting_Type":"LED-Powered Lamp","Verification_Date":null},"id":"stl-city-public-streetlights:2:140497","sourceLayerId":2,"sourceObjectId":140497,"sourceURL":"https://maps8.stlouis-mo.gov/arcgis/rest/services/STREETS/Streets_Permitting/MapServer/2","title":"Street light L033354"},"type":"Feature"},{"geometry":{"coordinates":[-90.20629771682466,38.666981315346675],"type":"Point"},"id":"stl-city-public-streetlights:2:140498","properties":{"address":null,"attributes":{"Date_Installed":"8/22/2018","LED_Powered":1,"LightID":"L033355","Light_Source":"LED","Light_Type":"Cobra","Lighting_Type":"LED-Powered Lamp","Verification_Date":null},"id":"stl-city-public-streetlights:2:140498","sourceLayerId":2,"sourceObjectId":140498,"sourceURL":"https://maps8.stlouis-mo.gov/arcgis/rest/services/STREETS/Streets_Permitting/MapServer/2","title":"Street light L033355"},"type":"Feature"},{"geometry":{"coordinates":[-90.20650778594805,38.66735749698887],"type":"Point"},"id":"stl-city-public-streetlights:2:140499","properties":{"address":null,"attributes":{"Date_Installed":"8/22/2018","LED_Powered":1,"LightID":"L033356","Light_Source":"LED","Light_Type":"Cobra","Lighting_Type":"LED-Powered Lamp","Verification_Date":null},"id":"stl-city-public-streetlights:2:140499","sourceLayerId":2,"sourceObjectId":140499,"sourceURL":"https://maps8.stlouis-mo.gov/arcgis/rest/services/STREETS/Streets_Permitting/MapServer/2","title":"Street light L033356"},"type":"Feature"},{"geometry":{"coordinates":[-90.206702453237,38.667708969798866],"type":"Point"},"id":"stl-city-public-streetlights:2:140500","properties":{"address":null,"attributes":{"Date_Installed":null,"LED_Powered":0,"LightID":"L033357","Light_Source":"High Pressure Sodium","Light_Type":"Cobra","Lighting_Type":"400-W High Pressure Sodium Vapor Lamp","Verification_Date":null},"id":"stl-city-public-streetlights:2:140500","sourceLayerId":2,"sourceObjectId":140500,"sourceURL":"https://maps8.stlouis-mo.gov/arcgis/rest/services/STREETS/Streets_Permitting/MapServer/2","title":"Street light L033357"},"type":"Feature"},{"geometry":{"coordinates":[-90.20691679213887,38.66809781789436],"type":"Point"},"id":"stl-city-public-streetlights:2:140501","properties":{"address":null,"attributes":{"Date_Installed":null,"LED_Powered":0,"LightID":"L033358","Light_Source":"High Pressure Sodium","Light_Type":"Cobra","Lighting_Type":"400-W High Pressure Sodium Vapor Lamp","Verification_Date":null},"id":"stl-city-public-streetlights:2:140501","sourceLayerId":2,"sourceObjectId":140501,"sourceURL":"https://maps8.stlouis-mo.gov/arcgis/rest/services/STREETS/Streets_Permitting/MapServer/2","title":"Street light L033358"},"type":"Feature"},{"geometry":{"coordinates":[-90.20711953324415,38.6684835149711],"type":"Point"},"id":"stl-city-public-streetlights:2:140502","properties":{"address":null,"attributes":{"Date_Installed":null,"LED_Powered":0,"LightID":"L033359","Light_Source":"High Pressure Sodium","Light_Type":"Cobra","Lighting_Type":"400-W High Pressure Sodium Vapor Lamp","Verification_Date":null},"id":"stl-city-public-streetlights:2:140502","sourceLayerId":2,"sourceObjectId":140502,"sourceURL":"https://maps8.stlouis-mo.gov/arcgis/rest/services/STREETS/Streets_Permitting/MapServer/2","title":"Street light L033359"},"type":"Feature"},{"geometry":{"coordinates":[-90.20733931955156,38.668864867919325],"type":"Point"},"id":"stl-city-public-streetlights:2:140503","properties":{"address":null,"attributes":{"Date_Installed":null,"LED_Powered":0,"LightID":"L033360","Light_Source":"High Pressure Sodium","Light_Type":"Cobra","Lighting_Type":"400-W High Pressure Sodium Vapor Lamp","Verification_Date":null},"id":"stl-city-public-streetlights:2:140503","sourceLayerId":2,"sourceObjectId":140503,"sourceURL":"https://maps8.stlouis-mo.gov/arcgis/rest/services/STREETS/Streets_Permitting/MapServer/2","title":"Street light L033360"},"type":"Feature"},{"geometry":{"coordinates":[-90.20754110613414,38.66924674748967],"type":"Point"},"id":"stl-city-public-streetlights:2:140504","properties":{"address":null,"attributes":{"Date_Installed":null,"LED_Powered":0,"LightID":"L033361","Light_Source":"High Pressure Sodium","Light_Type":"Cobra","Lighting_Type":"400-W High Pressure Sodium Vapor Lamp","Verification_Date":null},"id":"stl-city-public-streetlights:2:140504","sourceLayerId":2,"sourceObjectId":140504,"sourceURL":"https://maps8.stlouis-mo.gov/arcgis/rest/services/STREETS/Streets_Permitting/MapServer/2","title":"Street light L033361"},"type":"Feature"},{"geometry":{"coordinates":[-90.20774997662227,38.66962192289466],"type":"Point"},"id":"stl-city-public-streetlights:2:140505","properties":{"address":null,"attributes":{"Date_Installed":null,"LED_Powered":0,"LightID":"L033362","Light_Source":"High Pressure Sodium","Light_Type":"Cobra","Lighting_Type":"400-W High Pressure Sodium Vapor Lamp","Verification_Date":null},"id":"stl-city-public-streetlights:2:140505","sourceLayerId":2,"sourceObjectId":140505,"sourceURL":"https://maps8.stlouis-mo.gov/arcgis/rest/services/STREETS/Streets_Permitting/MapServer/2","title":"Street light L033362"},"type":"Feature"},{"geometry":{"coordinates":[-90.20791437865861,38.66986731903871],"type":"Point"},"id":"stl-city-public-streetlights:2:140506","properties":{"address":null,"attributes":{"Date_Installed":null,"LED_Powered":0,"LightID":"L033363","Light_Source":"High Pressure Sodium","Light_Type":"Cobra","Lighting_Type":"400-W High Pressure Sodium Vapor Lamp","Verification_Date":null},"id":"stl-city-public-streetlights:2:140506","sourceLayerId":2,"sourceObjectId":140506,"sourceURL":"https://maps8.stlouis-mo.gov/arcgis/rest/services/STREETS/Streets_Permitting/MapServer/2","title":"Street light L033363"},"type":"Feature"},{"geometry":{"coordinates":[-90.20940832661599,38.669855233266176],"type":"Point"},"id":"stl-city-public-streetlights:2:140508","properties":{"address":null,"attributes":{"Date_Installed":null,"LED_Powered":0,"LightID":"L033365","Light_Source":"LED","Light_Type":"Cobra","Lighting_Type":"LED-Powered Lamp","Verification_Date":1661990400000},"id":"stl-city-public-streetlights:2:140508","sourceLayerId":2,"sourceObjectId":140508,"sourceURL":"https://maps8.stlouis-mo.gov/arcgis/rest/services/STREETS/Streets_Permitting/MapServer/2","title":"Street light L033365"},"type":"Feature"},{"geometry":{"coordinates":[-90.20916927235061,38.669573375019084],"type":"Point"},"id":"stl-city-public-streetlights:2:140509","properties":{"address":null,"attributes":{"Date_Installed":null,"LED_Powered":0,"LightID":"L033366","Light_Source":"LED","Light_Type":"Cobra","Lighting_Type":"LED-Powered Lamp","Verification_Date":null},"id":"stl-city-public-streetlights:2:140509","sourceLayerId":2,"sourceObjectId":140509,"sourceURL":"https://maps8.stlouis-mo.gov/arcgis/rest/services/STREETS/Streets_Permitting/MapServer/2","title":"Street light L033366"},"type":"Feature"},{"geometry":{"coordinates":[-90.20892651572345,38.66930557076007],"type":"Point"},"id":"stl-city-public-streetlights:2:140510","properties":{"address":null,"attributes":{"Date_Installed":null,"LED_Powered":0,"LightID":"L033367","Light_Source":"LED","Light_Type":"Cobra","Lighting_Type":"LED-Powered Lamp","Verification_Date":null},"id":"stl-city-public-streetlights:2:140510","sourceLayerId":2,"sourceObjectId":140510,"sourceURL":"https://maps8.stlouis-mo.gov/arcgis/rest/services/STREETS/Streets_Permitting/MapServer/2","title":"Street light L033367"},"type":"Feature"},{"geometry":{"coordinates":[-90.20875621618318,38.66901458650215],"type":"Point"},"id":"stl-city-public-streetlights:2:140511","properties":{"address":null,"attributes":{"Date_Installed":null,"LED_Powered":0,"LightID":"L033368","Light_Source":"LED","Light_Type":"Cobra","Lighting_Type":"LED-Powered Lamp","Verification_Date":null},"id":"stl-city-public-streetlights:2:140511","sourceLayerId":2,"sourceObjectId":140511,"sourceURL":"https://maps8.stlouis-mo.gov/arcgis/rest/services/STREETS/Streets_Permitting/MapServer/2","title":"Street light L033368"},"type":"Feature"},{"geometry":{"coordinates":[-90.20859921842784,38.66874246540369],"type":"Point"},"id":"stl-city-public-streetlights:2:140512","properties":{"address":null,"attributes":{"Date_Installed":null,"LED_Powered":0,"LightID":"L033369","Light_Source":"LED","Light_Type":"Cobra","Lighting_Type":"LED-Powered Lamp","Verification_Date":null},"id":"stl-city-public-streetlights:2:140512","sourceLayerId":2,"sourceObjectId":140512,"sourceURL":"https://maps8.stlouis-mo.gov/arcgis/rest/services/STREETS/Streets_Permitting/MapServer/2","title":"Street light L033369"},"type":"Feature"},{"geometry":{"coordinates":[-90.2084438381354,38.66844667197826],"type":"Point"},"id":"stl-city-public-streetlights:2:140513","properties":{"address":null,"attributes":{"Date_Installed":null,"LED_Powered":0,"LightID":"L033370","Light_Source":"LED","Light_Type":"Cobra","Lighting_Type":"LED-Powered Lamp","Verification_Date":null},"id":"stl-city-public-streetlights:2:140513","sourceLayerId":2,"sourceObjectId":140513,"sourceURL":"https://maps8.stlouis-mo.gov/arcgis/rest/services/STREETS/Streets_Permitting/MapServer/2","title":"Street light L033370"},"type":"Feature"},{"geometry":{"coordinates":[-90.20828934119791,38.66815834796562],"type":"Point"},"id":"stl-city-public-streetlights:2:140514","properties":{"address":null,"attributes":{"Date_Installed":null,"LED_Powered":0,"LightID":"L033371","Light_Source":"LED","Light_Type":"Cobra","Lighting_Type":"LED-Powered Lamp","Verification_Date":null},"id":"stl-city-public-streetlights:2:140514","sourceLayerId":2,"sourceObjectId":140514,"sourceURL":"https://maps8.stlouis-mo.gov/arcgis/rest/services/STREETS/Streets_Permitting/MapServer/2","title":"Street light L033371"},"type":"Feature"},{"geometry":{"coordinates":[-90.20811971304302,38.667853301602435],"type":"Point"},"id":"stl-city-public-streetlights:2:140515","properties":{"address":null,"attributes":{"Date_Installed":null,"LED_Powered":0,"LightID":"L033372","Light_Source":"LED","Light_Type":"Cobra","Lighting_Type":"LED-Powered Lamp","Verification_Date":null},"id":"stl-city-public-streetlights:2:140515","sourceLayerId":2,"sourceObjectId":140515,"sourceURL":"https://maps8.stlouis-mo.gov/arcgis/rest/services/STREETS/Streets_Permitting/MapServer/2","title":"Street light L033372"},"type":"Feature"},{"geometry":{"coordinates":[-90.20795126992002,38.66755588572565],"type":"Point"},"id":"stl-city-public-streetlights:2:140516","properties":{"address":null,"attributes":{"Date_Installed":null,"LED_Powered":0,"LightID":"L033373","Light_Source":"LED","Light_Type":"Cobra","Lighting_Type":"LED-Powered Lamp","Verification_Date":null},"id":"stl-city-public-streetlights:2:140516","sourceLayerId":2,"sourceObjectId":140516,"sourceURL":"https://maps8.stlouis-mo.gov/arcgis/rest/services/STREETS/Streets_Permitting/MapServer/2","title":"Street light L033373"},"type":"Feature"},{"geometry":{"coordinates":[-90.20781308916706,38.66729334545418],"type":"Point"},"id":"stl-city-public-streetlights:2:140517","properties":{"address":null,"attributes":{"Date_Installed":null,"LED_Powered":0,"LightID":"L033374","Light_Source":"LED","Light_Type":"Cobra","Lighting_Type":"LED-Powered Lamp","Verification_Date":null},"id":"stl-city-public-streetlights:2:140517","sourceLayerId":2,"sourceObjectId":140517,"sourceURL":"https://maps8.stlouis-mo.gov/arcgis/rest/services/STREETS/Streets_Permitting/MapServer/2","title":"Street light L033374"},"type":"Feature"},{"geometry":{"coordinates":[-90.2077868335794,38.66702107314932],"type":"Point"},"id":"stl-city-public-streetlights:2:140518","properties":{"address":null,"attributes":{"Date_Installed":"8/22/2018","LED_Powered":1,"LightID":"L033375","Light_Source":"LED","Light_Type":"Cobra","Lighting_Type":"LED-Powered Lamp","Verification_Date":null},"id":"stl-city-public-streetlights:2:140518","sourceLayerId":2,"sourceObjectId":140518,"sourceURL":"https://maps8.stlouis-mo.gov/arcgis/rest/services/STREETS/Streets_Permitting/MapServer/2","title":"Street light L033375"},"type":"Feature"},{"geometry":{"coordinates":[-90.2076209077804,38.666703639990644],"type":"Point"},"id":"stl-city-public-streetlights:2:140519","properties":{"address":null,"attributes":{"Date_Installed":"8/22/2018","LED_Powered":1,"LightID":"L033376","Light_Source":"LED","Light_Type":"Cobra","Lighting_Type":"LED-Powered Lamp","Verification_Date":null},"id":"stl-city-public-streetlights:2:140519","sourceLayerId":2,"sourceObjectId":140519,"sourceURL":"https://maps8.stlouis-mo.gov/arcgis/rest/services/STREETS/Streets_Permitting/MapServer/2","title":"Street light L033376"},"type":"Feature"},{"geometry":{"coordinates":[-90.20745036362341,38.66640073530602],"type":"Point"},"id":"stl-city-public-streetlights:2:140520","properties":{"address":null,"attributes":{"Date_Installed":"8/22/2018","LED_Powered":1,"LightID":"L033377","Light_Source":"LED","Light_Type":"Cobra","Lighting_Type":"LED-Powered Lamp","Verification_Date":null},"id":"stl-city-public-streetlights:2:140520","sourceLayerId":2,"sourceObjectId":140520,"sourceURL":"https://maps8.stlouis-mo.gov/arcgis/rest/services/STREETS/Streets_Permitting/MapServer/2","title":"Street light L033377"},"type":"Feature"},{"geometry":{"coordinates":[-90.20728140030216,38.666083294939924],"type":"Point"},"id":"stl-city-public-streetlights:2:140521","properties":{"address":null,"attributes":{"Date_Installed":"8/22/2018","LED_Powered":1,"LightID":"L033378","Light_Source":"LED","Light_Type":"Cobra","Lighting_Type":"LED-Powered Lamp","Verification_Date":null},"id":"stl-city-public-streetlights:2:140521","sourceLayerId":2,"sourceObjectId":140521,"sourceURL":"https://maps8.stlouis-mo.gov/arcgis/rest/services/STREETS/Streets_Permitting/MapServer/2","title":"Street light L033378"},"type":"Feature"},{"geometry":{"coordinates":[-90.20710327840257,38.6657753654428],"type":"Point"},"id":"stl-city-public-streetlights:2:140522","properties":{"address":null,"attributes":{"Date_Installed":"8/22/2018","LED_Powered":1,"LightID":"L033379","Light_Source":"LED","Light_Type":"Cobra","Lighting_Type":"LED-Powered Lamp","Verification_Date":null},"id":"stl-city-public-streetlights:2:140522","sourceLayerId":2,"sourceObjectId":140522,"sourceURL":"https://maps8.stlouis-mo.gov/arcgis/rest/services/STREETS/Streets_Permitting/MapServer/2","title":"Street light L033379"},"type":"Feature"},{"geometry":{"coordinates":[-90.20692517860417,38.66546266823443],"type":"Point"},"id":"stl-city-public-streetlights:2:140523","properties":{"address":null,"attributes":{"Date_Installed":"8/22/2018","LED_Powered":1,"LightID":"L033380","Light_Source":"LED","Light_Type":"Cobra","Lighting_Type":"LED-Powered Lamp","Verification_Date":null},"id":"stl-city-public-streetlights:2:140523","sourceLayerId":2,"sourceObjectId":140523,"sourceURL":"https://maps8.stlouis-mo.gov/arcgis/rest/services/STREETS/Streets_Permitting/MapServer/2","title":"Street light L033380"},"type":"Feature"},{"geometry":{"coordinates":[-90.20678412770621,38.66516055171832],"type":"Point"},"id":"stl-city-public-streetlights:2:140524","properties":{"address":null,"attributes":{"Date_Installed":"8/22/2018","LED_Powered":1,"LightID":"L033381","Light_Source":"LED","Light_Type":"Cobra","Lighting_Type":"LED-Powered Lamp","Verification_Date":null},"id":"stl-city-public-streetlights:2:140524","sourceLayerId":2,"sourceObjectId":140524,"sourceURL":"https://maps8.stlouis-mo.gov/arcgis/rest/services/STREETS/Streets_Permitting/MapServer/2","title":"Street light L033381"},"type":"Feature"},{"geometry":{"coordinates":[-90.206643024324,38.66487130582622],"type":"Point"},"id":"stl-city-public-streetlights:2:140525","properties":{"address":null,"attributes":{"Date_Installed":"8/22/2018","LED_Powered":1,"LightID":"L033382","Light_Source":"LED","Light_Type":"Cobra","Lighting_Type":"LED-Powered Lamp","Verification_Date":null},"id":"stl-city-public-streetlights:2:140525","sourceLayerId":2,"sourceObjectId":140525,"sourceURL":"https://maps8.stlouis-mo.gov/arcgis/rest/services/STREETS/Streets_Permitting/MapServer/2","title":"Street light L033382"},"type":"Feature"},{"geometry":{"coordinates":[-90.20651399593638,38.66460354281704],"type":"Point"},"id":"stl-city-public-streetlights:2:140526","properties":{"address":null,"attributes":{"Date_Installed":"8/22/2018","LED_Powered":1,"LightID":"L033383","Light_Source":"LED","Light_Type":"Cobra","Lighting_Type":"LED-Powered Lamp","Verification_Date":null},"id":"stl-city-public-streetlights:2:140526","sourceLayerId":2,"sourceObjectId":140526,"sourceURL":"https://maps8.stlouis-mo.gov/arcgis/rest/services/STREETS/Streets_Permitting/MapServer/2","title":"Street light L033383"},"type":"Feature"},{"geometry":{"coordinates":[-90.20755178679768,38.66434903138568],"type":"Point"},"id":"stl-city-public-streetlights:2:140527","properties":{"address":null,"attributes":{"Date_Installed":"6/15/2017","LED_Powered":1,"LightID":"L033384","Light_Source":"LED","Light_Type":"Cobra","Lighting_Type":"LED-Powered Lamp","Verification_Date":null},"id":"stl-city-public-streetlights:2:140527","sourceLayerId":2,"sourceObjectId":140527,"sourceURL":"https://maps8.stlouis-mo.gov/arcgis/rest/services/STREETS/Streets_Permitting/MapServer/2","title":"Street light L033384"},"type":"Feature"},{"geometry":{"coordinates":[-90.20777795852847,38.66480247951666],"type":"Point"},"id":"stl-city-public-streetlights:2:140528","properties":{"address":null,"attributes":{"Date_Installed":"6/15/2017","LED_Powered":1,"LightID":"L033385","Light_Source":"LED","Light_Type":"Cobra","Lighting_Type":"LED-Powered Lamp","Verification_Date":null},"id":"stl-city-public-streetlights:2:140528","sourceLayerId":2,"sourceObjectId":140528,"sourceURL":"https://maps8.stlouis-mo.gov/arcgis/rest/services/STREETS/Streets_Permitting/MapServer/2","title":"Street light L033385"},"type":"Feature"},{"geometry":{"coordinates":[-90.20798522806089,38.66523204438499],"type":"Point"},"id":"stl-city-public-streetlights:2:140529","properties":{"address":null,"attributes":{"Date_Installed":"6/15/2017","LED_Powered":1,"LightID":"L033386","Light_Source":"LED","Light_Type":"Cobra","Lighting_Type":"LED-Powered Lamp","Verification_Date":null},"id":"stl-city-public-streetlights:2:140529","sourceLayerId":2,"sourceObjectId":140529,"sourceURL":"https://maps8.stlouis-mo.gov/arcgis/rest/services/STREETS/Streets_Permitting/MapServer/2","title":"Street light L033386"},"type":"Feature"},{"geometry":{"coordinates":[-90.20821189883173,38.66569496836631],"type":"Point"},"id":"stl-city-public-streetlights:2:140530","properties":{"address":null,"attributes":{"Date_Installed":"6/15/2017","LED_Powered":1,"LightID":"L033387","Light_Source":"LED","Light_Type":"Cobra","Lighting_Type":"LED-Powered Lamp","Verification_Date":null},"id":"stl-city-public-streetlights:2:140530","sourceLayerId":2,"sourceObjectId":140530,"sourceURL":"https://maps8.stlouis-mo.gov/arcgis/rest/services/STREETS/Streets_Permitting/MapServer/2","title":"Street light L033387"},"type":"Feature"},{"geometry":{"coordinates":[-90.20843264573256,38.66613886754512],"type":"Point"},"id":"stl-city-public-streetlights:2:140531","properties":{"address":null,"attributes":{"Date_Installed":"6/15/2017","LED_Powered":1,"LightID":"L033388","Light_Source":"LED","Light_Type":"Cobra","Lighting_Type":"LED-Powered Lamp","Verification_Date":null},"id":"stl-city-public-streetlights:2:140531","sourceLayerId":2,"sourceObjectId":140531,"sourceURL":"https://maps8.stlouis-mo.gov/arcgis/rest/services/STREETS/Streets_Permitting/MapServer/2","title":"Street light L033388"},"type":"Feature"},{"geometry":{"coordinates":[-90.20865153179051,38.66659234344968],"type":"Point"},"id":"stl-city-public-streetlights:2:140532","properties":{"address":null,"attributes":{"Date_Installed":"6/15/2017","LED_Powered":1,"LightID":"L033389","Light_Source":"LED","Light_Type":"Cobra","Lighting_Type":"LED-Powered Lamp","Verification_Date":null},"id":"stl-city-public-streetlights:2:140532","sourceLayerId":2,"sourceObjectId":140532,"sourceURL":"https://maps8.stlouis-mo.gov/arcgis/rest/services/STREETS/Streets_Permitting/MapServer/2","title":"Street light L033389"},"type":"Feature"},{"geometry":{"coordinates":[-90.20891461071535,38.66709474512241],"type":"Point"},"id":"stl-city-public-streetlights:2:140533","properties":{"address":null,"attributes":{"Date_Installed":"6/15/2017","LED_Powered":1,"LightID":"L033390","Light_Source":"LED","Light_Type":"Cobra","Lighting_Type":"LED-Powered Lamp","Verification_Date":null},"id":"stl-city-public-streetlights:2:140533","sourceLayerId":2,"sourceObjectId":140533,"sourceURL":"https://maps8.stlouis-mo.gov/arcgis/rest/services/STREETS/Streets_Permitting/MapServer/2","title":"Street light L033390"},"type":"Feature"},{"geometry":{"coordinates":[-90.20918080802721,38.66757880020251],"type":"Point"},"id":"stl-city-public-streetlights:2:140534","properties":{"address":null,"attributes":{"Date_Installed":"6/15/2017","LED_Powered":1,"LightID":"L033391","Light_Source":"LED","Light_Type":"Cobra","Lighting_Type":"LED-Powered Lamp","Verification_Date":null},"id":"stl-city-public-streetlights:2:140534","sourceLayerId":2,"sourceObjectId":140534,"sourceURL":"https://maps8.stlouis-mo.gov/arcgis/rest/services/STREETS/Streets_Permitting/MapServer/2","title":"Street light L033391"},"type":"Feature"},{"geometry":{"coordinates":[-90.20954932253734,38.66793328683158],"type":"Point"},"id":"stl-city-public-streetlights:2:140535","properties":{"address":null,"attributes":{"Date_Installed":"6/15/2017","LED_Powered":1,"LightID":"L033392","Light_Source":"LED","Light_Type":"Cobra","Lighting_Type":"LED-Powered Lamp","Verification_Date":null},"id":"stl-city-public-streetlights:2:140535","sourceLayerId":2,"sourceObjectId":140535,"sourceURL":"https://maps8.stlouis-mo.gov/arcgis/rest/services/STREETS/Streets_Permitting/MapServer/2","title":"Street light L033392"},"type":"Feature"},{"geometry":{"coordinates":[-90.20963291361551,38.667031233474866],"type":"Point"},"id":"stl-city-public-streetlights:2:140543","properties":{"address":null,"attributes":{"Date_Installed":null,"LED_Powered":0,"LightID":"L033400","Light_Source":"LED","Light_Type":"Cobra","Lighting_Type":"LED-Powered Lamp","Verification_Date":null},"id":"stl-city-public-streetlights:2:140543","sourceLayerId":2,"sourceObjectId":140543,"sourceURL":"https://maps8.stlouis-mo.gov/arcgis/rest/services/STREETS/Streets_Permitting/MapServer/2","title":"Street light L033400"},"type":"Feature"},{"geometry":{"coordinates":[-90.20925224203204,38.66686838181075],"type":"Point"},"id":"stl-city-public-streetlights:2:140544","properties":{"address":null,"attributes":{"Date_Installed":null,"LED_Powered":0,"LightID":"L033401","Light_Source":"LED","Light_Type":"Cobra","Lighting_Type":"LED-Powered Lamp","Verification_Date":null},"id":"stl-city-public-streetlights:2:140544","sourceLayerId":2,"sourceObjectId":140544,"sourceURL":"https://maps8.stlouis-mo.gov/arcgis/rest/services/STREETS/Streets_Permitting/MapServer/2","title":"Street light L033401"},"type":"Feature"},{"geometry":{"coordinates":[-90.20883708305767,38.666682382222916],"type":"Point"},"id":"stl-city-public-streetlights:2:140545","properties":{"address":null,"attributes":{"Date_Installed":null,"LED_Powered":0,"LightID":"L033402","Light_Source":"LED","Light_Type":"Cobra","Lighting_Type":"LED-Powered Lamp","Verification_Date":null},"id":"stl-city-public-streetlights:2:140545","sourceLayerId":2,"sourceObjectId":140545,"sourceURL":"https://maps8.stlouis-mo.gov/arcgis/rest/services/STREETS/Streets_Permitting/MapServer/2","title":"Street light L033402"},"type":"Feature"},{"geometry":{"coordinates":[-90.20896977963149,38.66691366319709],"type":"Point"},"id":"stl-city-public-streetlights:2:140546","properties":{"address":null,"attributes":{"Date_Installed":null,"LED_Powered":0,"LightID":"L033403","Light_Source":"LED","Light_Type":"Cobra","Lighting_Type":"LED-Powered Lamp","Verification_Date":null},"id":"stl-city-public-streetlights:2:140546","sourceLayerId":2,"sourceObjectId":140546,"sourceURL":"https://maps8.stlouis-mo.gov/arcgis/rest/services/STREETS/Streets_Permitting/MapServer/2","title":"Street light L033403"},"type":"Feature"},{"geometry":{"coordinates":[-90.20901732879061,38.666658736604795],"type":"Point"},"id":"stl-city-public-streetlights:2:140547","properties":{"address":null,"attributes":{"Date_Installed":null,"LED_Powered":0,"LightID":"L033404","Light_Source":"LED","Light_Type":"Cobra","Lighting_Type":"LED-Powered Lamp","Verification_Date":null},"id":"stl-city-public-streetlights:2:140547","sourceLayerId":2,"sourceObjectId":140547,"sourceURL":"https://maps8.stlouis-mo.gov/arcgis/rest/services/STREETS/Streets_Permitting/MapServer/2","title":"Street light L033404"},"type":"Feature"},{"geometry":{"coordinates":[-90.20921800191319,38.66635461236808],"type":"Point"},"id":"stl-city-public-streetlights:2:140548","properties":{"address":null,"attributes":{"Date_Installed":null,"LED_Powered":0,"LightID":"L033405","Light_Source":"LED","Light_Type":"Cobra","Lighting_Type":"LED-Powered Lamp","Verification_Date":null},"id":"stl-city-public-streetlights:2:140548","sourceLayerId":2,"sourceObjectId":140548,"sourceURL":"https://maps8.stlouis-mo.gov/arcgis/rest/services/STREETS/Streets_Permitting/MapServer/2","title":"Street light L033405"},"type":"Feature"},{"geometry":{"coordinates":[-90.20944908988218,38.66604693996553],"type":"Point"},"id":"stl-city-public-streetlights:2:140549","properties":{"address":null,"attributes":{"Date_Installed":null,"LED_Powered":0,"LightID":"L033406","Light_Source":"LED","Light_Type":"Cobra","Lighting_Type":"LED-Powered Lamp","Verification_Date":null},"id":"stl-city-public-streetlights:2:140549","sourceLayerId":2,"sourceObjectId":140549,"sourceURL":"https://maps8.stlouis-mo.gov/arcgis/rest/services/STREETS/Streets_Permitting/MapServer/2","title":"Street light L033406"},"type":"Feature"},{"geometry":{"coordinates":[-90.209676065428,38.66573334527543],"type":"Point"},"id":"stl-city-public-streetlights:2:140550","properties":{"address":null,"attributes":{"Date_Installed":null,"LED_Powered":0,"LightID":"L033407","Light_Source":"LED","Light_Type":"Cobra","Lighting_Type":"LED-Powered Lamp","Verification_Date":null},"id":"stl-city-public-streetlights:2:140550","sourceLayerId":2,"sourceObjectId":140550,"sourceURL":"https://maps8.stlouis-mo.gov/arcgis/rest/services/STREETS/Streets_Permitting/MapServer/2","title":"Street light L033407"},"type":"Feature"},{"geometry":{"coordinates":[-90.20989251605687,38.6654359327388],"type":"Point"},"id":"stl-city-public-streetlights:2:140551","properties":{"address":null,"attributes":{"Date_Installed":null,"LED_Powered":0,"LightID":"L033408","Light_Source":"LED","Light_Type":"Cobra","Lighting_Type":"LED-Powered Lamp","Verification_Date":null},"id":"stl-city-public-streetlights:2:140551","sourceLayerId":2,"sourceObjectId":140551,"sourceURL":"https://maps8.stlouis-mo.gov/arcgis/rest/services/STREETS/Streets_Permitting/MapServer/2","title":"Street light L033408"},"type":"Feature"},{"geometry":{"coordinates":[-90.2085912331646,38.66607960977645],"type":"Point"},"id":"stl-city-public-streetlights:2:140562","properties":{"address":null,"attributes":{"Date_Installed":"8/22/2018","LED_Powered":1,"LightID":"L033419","Light_Source":"LED","Light_Type":"Cobra","Lighting_Type":"LED-Powered Lamp","Verification_Date":null},"id":"stl-city-public-streetlights:2:140562","sourceLayerId":2,"sourceObjectId":140562,"sourceURL":"https://maps8.stlouis-mo.gov/arcgis/rest/services/STREETS/Streets_Permitting/MapServer/2","title":"Street light L033419"},"type":"Feature"},{"geometry":{"coordinates":[-90.20887561395477,38.665675583808984],"type":"Point"},"id":"stl-city-public-streetlights:2:140563","properties":{"address":null,"attributes":{"Date_Installed":"8/22/2018","LED_Powered":1,"LightID":"L033420","Light_Source":"LED","Light_Type":"Cobra","Lighting_Type":"LED-Powered Lamp","Verification_Date":null},"id":"stl-city-public-streetlights:2:140563","sourceLayerId":2,"sourceObjectId":140563,"sourceURL":"https://maps8.stlouis-mo.gov/arcgis/rest/services/STREETS/Streets_Permitting/MapServer/2","title":"Street light L033420"},"type":"Feature"},{"geometry":{"coordinates":[-90.20917672719906,38.665260299825334],"type":"Point"},"id":"stl-city-public-streetlights:2:140564","properties":{"address":null,"attributes":{"Date_Installed":"8/22/2018","LED_Powered":1,"LightID":"L033421","Light_Source":"LED","Light_Type":"Cobra","Lighting_Type":"LED-Powered Lamp","Verification_Date":null},"id":"stl-city-public-streetlights:2:140564","sourceLayerId":2,"sourceObjectId":140564,"sourceURL":"https://maps8.stlouis-mo.gov/arcgis/rest/services/STREETS/Streets_Permitting/MapServer/2","title":"Street light L033421"},"type":"Feature"},{"geometry":{"coordinates":[-90.20949518699693,38.66481760004859],"type":"Point"},"id":"stl-city-public-streetlights:2:140565","properties":{"address":null,"attributes":{"Date_Installed":"8/22/2018","LED_Powered":1,"LightID":"L033422","Light_Source":"LED","Light_Type":"Cobra","Lighting_Type":"LED-Powered Lamp","Verification_Date":null},"id":"stl-city-public-streetlights:2:140565","sourceLayerId":2,"sourceObjectId":140565,"sourceURL":"https://maps8.stlouis-mo.gov/arcgis/rest/services/STREETS/Streets_Permitting/MapServer/2","title":"Street light L033422"},"type":"Feature"},{"geometry":{"coordinates":[-90.20977713643109,38.66441846295927],"type":"Point"},"id":"stl-city-public-streetlights:2:140566","properties":{"address":null,"attributes":{"Date_Installed":"8/22/2018","LED_Powered":1,"LightID":"L033423","Light_Source":"LED","Light_Type":"Cobra","Lighting_Type":"LED-Powered Lamp","Verification_Date":null},"id":"stl-city-public-streetlights:2:140566","sourceLayerId":2,"sourceObjectId":140566,"sourceURL":"https://maps8.stlouis-mo.gov/arcgis/rest/services/STREETS/Streets_Permitting/MapServer/2","title":"Street light L033423"},"type":"Feature"},{"geometry":{"coordinates":[-90.20983903346594,38.66742084685275],"type":"Point"},"id":"stl-city-public-streetlights:2:140809","properties":{"address":null,"attributes":{"Date_Installed":null,"LED_Powered":0,"LightID":"L033666","Light_Source":"LED","Light_Type":"Cobra","Lighting_Type":"LED-Powered Lamp","Verification_Date":null},"id":"stl-city-public-streetlights:2:140809","sourceLayerId":2,"sourceObjectId":140809,"sourceURL":"https://maps8.stlouis-mo.gov/arcgis/rest/services/STREETS/Streets_Permitting/MapServer/2","title":"Street light L033666"},"type":"Feature"},{"geometry":{"coordinates":[-90.20959484258094,38.66775364551368],"type":"Point"},"id":"stl-city-public-streetlights:2:140810","properties":{"address":null,"attributes":{"Date_Installed":null,"LED_Powered":0,"LightID":"L033667","Light_Source":"LED","Light_Type":"Cobra","Lighting_Type":"LED-Powered Lamp","Verification_Date":null},"id":"stl-city-public-streetlights:2:140810","sourceLayerId":2,"sourceObjectId":140810,"sourceURL":"https://maps8.stlouis-mo.gov/arcgis/rest/services/STREETS/Streets_Permitting/MapServer/2","title":"Street light L033667"},"type":"Feature"},{"geometry":{"coordinates":[-90.209759121776,38.6697553872347],"type":"Point"},"id":"stl-city-public-streetlights:2:140841","properties":{"address":null,"attributes":{"Date_Installed":null,"LED_Powered":1,"LightID":"L033698","Light_Source":"LED","Light_Type":"Cobra","Lighting_Type":"LED-Powered Lamp","Verification_Date":1661990400000},"id":"stl-city-public-streetlights:2:140841","sourceLayerId":2,"sourceObjectId":140841,"sourceURL":"https://maps8.stlouis-mo.gov/arcgis/rest/services/STREETS/Streets_Permitting/MapServer/2","title":"Street light L033698"},"type":"Feature"},{"geometry":{"coordinates":[-90.20690134988656,38.66998775827992],"type":"Point"},"id":"stl-city-public-streetlights:2:141053","properties":{"address":null,"attributes":{"Date_Installed":null,"LED_Powered":0,"LightID":"L033910","Light_Source":"LED","Light_Type":"Cobra","Lighting_Type":"LED-Powered Lamp","Verification_Date":null},"id":"stl-city-public-streetlights:2:141053","sourceLayerId":2,"sourceObjectId":141053,"sourceURL":"https://maps8.stlouis-mo.gov/arcgis/rest/services/STREETS/Streets_Permitting/MapServer/2","title":"Street light L033910"},"type":"Feature"},{"geometry":{"coordinates":[-90.20723990036183,38.669876100160955],"type":"Point"},"id":"stl-city-public-streetlights:2:141054","properties":{"address":null,"attributes":{"Date_Installed":null,"LED_Powered":0,"LightID":"L033911","Light_Source":"LED","Light_Type":"Cobra","Lighting_Type":"LED-Powered Lamp","Verification_Date":null},"id":"stl-city-public-streetlights:2:141054","sourceLayerId":2,"sourceObjectId":141054,"sourceURL":"https://maps8.stlouis-mo.gov/arcgis/rest/services/STREETS/Streets_Permitting/MapServer/2","title":"Street light L033911"},"type":"Feature"},{"geometry":{"coordinates":[-90.20762872056217,38.66973882396597],"type":"Point"},"id":"stl-city-public-streetlights:2:141055","properties":{"address":null,"attributes":{"Date_Installed":null,"LED_Powered":0,"LightID":"L033912","Light_Source":"LED","Light_Type":"Cobra","Lighting_Type":"LED-Powered Lamp","Verification_Date":null},"id":"stl-city-public-streetlights:2:141055","sourceLayerId":2,"sourceObjectId":141055,"sourceURL":"https://maps8.stlouis-mo.gov/arcgis/rest/services/STREETS/Streets_Permitting/MapServer/2","title":"Street light L033912"},"type":"Feature"},{"geometry":{"coordinates":[-90.20795683646071,38.669605781324904],"type":"Point"},"id":"stl-city-public-streetlights:2:141056","properties":{"address":null,"attributes":{"Date_Installed":null,"LED_Powered":0,"LightID":"L033913","Light_Source":"LED","Light_Type":"Cobra","Lighting_Type":"LED-Powered Lamp","Verification_Date":null},"id":"stl-city-public-streetlights:2:141056","sourceLayerId":2,"sourceObjectId":141056,"sourceURL":"https://maps8.stlouis-mo.gov/arcgis/rest/services/STREETS/Streets_Permitting/MapServer/2","title":"Street light L033913"},"type":"Feature"},{"geometry":{"coordinates":[-90.20826959971966,38.66943456234467],"type":"Point"},"id":"stl-city-public-streetlights:2:141057","properties":{"address":null,"attributes":{"Date_Installed":null,"LED_Powered":0,"LightID":"L033914","Light_Source":"LED","Light_Type":"Cobra","Lighting_Type":"LED-Powered Lamp","Verification_Date":null},"id":"stl-city-public-streetlights:2:141057","sourceLayerId":2,"sourceObjectId":141057,"sourceURL":"https://maps8.stlouis-mo.gov/arcgis/rest/services/STREETS/Streets_Permitting/MapServer/2","title":"Street light L033914"},"type":"Feature"},{"geometry":{"coordinates":[-90.2086003878968,38.66925652179076],"type":"Point"},"id":"stl-city-public-streetlights:2:141058","properties":{"address":null,"attributes":{"Date_Installed":null,"LED_Powered":0,"LightID":"L033915","Light_Source":"LED","Light_Type":"Cobra","Lighting_Type":"LED-Powered Lamp","Verification_Date":null},"id":"stl-city-public-streetlights:2:141058","sourceLayerId":2,"sourceObjectId":141058,"sourceURL":"https://maps8.stlouis-mo.gov/arcgis/rest/services/STREETS/Streets_Permitting/MapServer/2","title":"Street light L033915"},"type":"Feature"},{"geometry":{"coordinates":[-90.20894018593408,38.66907931350985],"type":"Point"},"id":"stl-city-public-streetlights:2:141059","properties":{"address":null,"attributes":{"Date_Installed":null,"LED_Powered":0,"LightID":"L033916","Light_Source":"LED","Light_Type":"Cobra","Lighting_Type":"LED-Powered Lamp","Verification_Date":null},"id":"stl-city-public-streetlights:2:141059","sourceLayerId":2,"sourceObjectId":141059,"sourceURL":"https://maps8.stlouis-mo.gov/arcgis/rest/services/STREETS/Streets_Permitting/MapServer/2","title":"Street light L033916"},"type":"Feature"},{"geometry":{"coordinates":[-90.20226590587706,38.668439784973806],"type":"Point"},"id":"stl-city-public-streetlights:2:141060","properties":{"address":null,"attributes":{"Date_Installed":null,"LED_Powered":0,"LightID":"L033917","Light_Source":"LED","Light_Type":"Cobra","Lighting_Type":"LED-Powered Lamp","Verification_Date":null},"id":"stl-city-public-streetlights:2:141060","sourceLayerId":2,"sourceObjectId":141060,"sourceURL":"https://maps8.stlouis-mo.gov/arcgis/rest/services/STREETS/Streets_Permitting/MapServer/2","title":"Street light L033917"},"type":"Feature"},{"geometry":{"coordinates":[-90.20265800231982,38.66846652514444],"type":"Point"},"id":"stl-city-public-streetlights:2:141061","properties":{"address":null,"attributes":{"Date_Installed":null,"LED_Powered":0,"LightID":"L033918","Light_Source":"LED","Light_Type":"Cobra","Lighting_Type":"LED-Powered Lamp","Verification_Date":null},"id":"stl-city-public-streetlights:2:141061","sourceLayerId":2,"sourceObjectId":141061,"sourceURL":"https://maps8.stlouis-mo.gov/arcgis/rest/services/STREETS/Streets_Permitting/MapServer/2","title":"Street light L033918"},"type":"Feature"},{"geometry":{"coordinates":[-90.20314177804245,38.66850429471279],"type":"Point"},"id":"stl-city-public-streetlights:2:141062","properties":{"address":null,"attributes":{"Date_Installed":null,"LED_Powered":0,"LightID":"L033919","Light_Source":"LED","Light_Type":"Cobra","Lighting_Type":"LED-Powered Lamp","Verification_Date":null},"id":"stl-city-public-streetlights:2:141062","sourceLayerId":2,"sourceObjectId":141062,"sourceURL":"https://maps8.stlouis-mo.gov/arcgis/rest/services/STREETS/Streets_Permitting/MapServer/2","title":"Street light L033919"},"type":"Feature"},{"geometry":{"coordinates":[-90.20359829835009,38.66853929867249],"type":"Point"},"id":"stl-city-public-streetlights:2:141063","properties":{"address":null,"attributes":{"Date_Installed":null,"LED_Powered":0,"LightID":"L033920","Light_Source":"LED","Light_Type":"Cobra","Lighting_Type":"LED-Powered Lamp","Verification_Date":null},"id":"stl-city-public-streetlights:2:141063","sourceLayerId":2,"sourceObjectId":141063,"sourceURL":"https://maps8.stlouis-mo.gov/arcgis/rest/services/STREETS/Streets_Permitting/MapServer/2","title":"Street light L033920"},"type":"Feature"},{"geometry":{"coordinates":[-90.20403024959015,38.66845658592507],"type":"Point"},"id":"stl-city-public-streetlights:2:141064","properties":{"address":null,"attributes":{"Date_Installed":null,"LED_Powered":0,"LightID":"L033921","Light_Source":"LED","Light_Type":"Cobra","Lighting_Type":"LED-Powered Lamp","Verification_Date":null},"id":"stl-city-public-streetlights:2:141064","sourceLayerId":2,"sourceObjectId":141064,"sourceURL":"https://maps8.stlouis-mo.gov/arcgis/rest/services/STREETS/Streets_Permitting/MapServer/2","title":"Street light L033921"},"type":"Feature"},{"geometry":{"coordinates":[-90.20436598583078,38.6683484568326],"type":"Point"},"id":"stl-city-public-streetlights:2:141065","properties":{"address":null,"attributes":{"Date_Installed":null,"LED_Powered":0,"LightID":"L033922","Light_Source":"LED","Light_Type":"Cobra","Lighting_Type":"LED-Powered Lamp","Verification_Date":null},"id":"stl-city-public-streetlights:2:141065","sourceLayerId":2,"sourceObjectId":141065,"sourceURL":"https://maps8.stlouis-mo.gov/arcgis/rest/services/STREETS/Streets_Permitting/MapServer/2","title":"Street light L033922"},"type":"Feature"},{"geometry":{"coordinates":[-90.20464107271621,38.668260624610944],"type":"Point"},"id":"stl-city-public-streetlights:2:141066","properties":{"address":null,"attributes":{"Date_Installed":null,"LED_Powered":0,"LightID":"L033923","Light_Source":"LED","Light_Type":"Cobra","Lighting_Type":"LED-Powered Lamp","Verification_Date":null},"id":"stl-city-public-streetlights:2:141066","sourceLayerId":2,"sourceObjectId":141066,"sourceURL":"https://maps8.stlouis-mo.gov/arcgis/rest/services/STREETS/Streets_Permitting/MapServer/2","title":"Street light L033923"},"type":"Feature"},{"geometry":{"coordinates":[-90.20499705743522,38.66814503686079],"type":"Point"},"id":"stl-city-public-streetlights:2:141067","properties":{"address":null,"attributes":{"Date_Installed":null,"LED_Powered":0,"LightID":"L033924","Light_Source":"LED","Light_Type":"Cobra","Lighting_Type":"LED-Powered Lamp","Verification_Date":null},"id":"stl-city-public-streetlights:2:141067","sourceLayerId":2,"sourceObjectId":141067,"sourceURL":"https://maps8.stlouis-mo.gov/arcgis/rest/services/STREETS/Streets_Permitting/MapServer/2","title":"Street light L033924"},"type":"Feature"},{"geometry":{"coordinates":[-90.20538624370819,38.668021212890615],"type":"Point"},"id":"stl-city-public-streetlights:2:141068","properties":{"address":null,"attributes":{"Date_Installed":null,"LED_Powered":0,"LightID":"L033925","Light_Source":"LED","Light_Type":"Cobra","Lighting_Type":"LED-Powered Lamp","Verification_Date":null},"id":"stl-city-public-streetlights:2:141068","sourceLayerId":2,"sourceObjectId":141068,"sourceURL":"https://maps8.stlouis-mo.gov/arcgis/rest/services/STREETS/Streets_Permitting/MapServer/2","title":"Street light L033925"},"type":"Feature"},{"geometry":{"coordinates":[-90.20583048593623,38.66787597784848],"type":"Point"},"id":"stl-city-public-streetlights:2:141069","properties":{"address":null,"attributes":{"Date_Installed":null,"LED_Powered":0,"LightID":"L033926","Light_Source":"LED","Light_Type":"Cobra","Lighting_Type":"LED-Powered Lamp","Verification_Date":null},"id":"stl-city-public-streetlights:2:141069","sourceLayerId":2,"sourceObjectId":141069,"sourceURL":"https://maps8.stlouis-mo.gov/arcgis/rest/services/STREETS/Streets_Permitting/MapServer/2","title":"Street light L033926"},"type":"Feature"},{"geometry":{"coordinates":[-90.20621112104668,38.66776061594711],"type":"Point"},"id":"stl-city-public-streetlights:2:141070","properties":{"address":null,"attributes":{"Date_Installed":null,"LED_Powered":0,"LightID":"L033927","Light_Source":"LED","Light_Type":"Cobra","Lighting_Type":"LED-Powered Lamp","Verification_Date":null},"id":"stl-city-public-streetlights:2:141070","sourceLayerId":2,"sourceObjectId":141070,"sourceURL":"https://maps8.stlouis-mo.gov/arcgis/rest/services/STREETS/Streets_Permitting/MapServer/2","title":"Street light L033927"},"type":"Feature"},{"geometry":{"coordinates":[-90.206588644877,38.66763272991421],"type":"Point"},"id":"stl-city-public-streetlights:2:141071","properties":{"address":null,"attributes":{"Date_Installed":null,"LED_Powered":0,"LightID":"L033928","Light_Source":"LED","Light_Type":"Cobra","Lighting_Type":"LED-Powered Lamp","Verification_Date":null},"id":"stl-city-public-streetlights:2:141071","sourceLayerId":2,"sourceObjectId":141071,"sourceURL":"https://maps8.stlouis-mo.gov/arcgis/rest/services/STREETS/Streets_Permitting/MapServer/2","title":"Street light L033928"},"type":"Feature"},{"geometry":{"coordinates":[-90.20700264210387,38.66750707993397],"type":"Point"},"id":"stl-city-public-streetlights:2:141072","properties":{"address":null,"attributes":{"Date_Installed":null,"LED_Powered":0,"LightID":"L033929","Light_Source":"LED","Light_Type":"Cobra","Lighting_Type":"LED-Powered Lamp","Verification_Date":null},"id":"stl-city-public-streetlights:2:141072","sourceLayerId":2,"sourceObjectId":141072,"sourceURL":"https://maps8.stlouis-mo.gov/arcgis/rest/services/STREETS/Streets_Permitting/MapServer/2","title":"Street light L033929"},"type":"Feature"},{"geometry":{"coordinates":[-90.2073580065571,38.667384785343906],"type":"Point"},"id":"stl-city-public-streetlights:2:141073","properties":{"address":null,"attributes":{"Date_Installed":null,"LED_Powered":0,"LightID":"L033930","Light_Source":"LED","Light_Type":"Cobra","Lighting_Type":"LED-Powered Lamp","Verification_Date":null},"id":"stl-city-public-streetlights:2:141073","sourceLayerId":2,"sourceObjectId":141073,"sourceURL":"https://maps8.stlouis-mo.gov/arcgis/rest/services/STREETS/Streets_Permitting/MapServer/2","title":"Street light L033930"},"type":"Feature"},{"geometry":{"coordinates":[-90.20762104660308,38.66729734476906],"type":"Point"},"id":"stl-city-public-streetlights:2:141074","properties":{"address":null,"attributes":{"Date_Installed":null,"LED_Powered":0,"LightID":"L033931","Light_Source":"LED","Light_Type":"Cobra","Lighting_Type":"LED-Powered Lamp","Verification_Date":null},"id":"stl-city-public-streetlights:2:141074","sourceLayerId":2,"sourceObjectId":141074,"sourceURL":"https://maps8.stlouis-mo.gov/arcgis/rest/services/STREETS/Streets_Permitting/MapServer/2","title":"Street light L033931"},"type":"Feature"},{"geometry":{"coordinates":[-90.20807378104604,38.66715488811825],"type":"Point"},"id":"stl-city-public-streetlights:2:141075","properties":{"address":null,"attributes":{"Date_Installed":null,"LED_Powered":0,"LightID":"L033932","Light_Source":"LED","Light_Type":"Cobra","Lighting_Type":"LED-Powered Lamp","Verification_Date":null},"id":"stl-city-public-streetlights:2:141075","sourceLayerId":2,"sourceObjectId":141075,"sourceURL":"https://maps8.stlouis-mo.gov/arcgis/rest/services/STREETS/Streets_Permitting/MapServer/2","title":"Street light L033932"},"type":"Feature"},{"geometry":{"coordinates":[-90.20841839340878,38.667044195678066],"type":"Point"},"id":"stl-city-public-streetlights:2:141076","properties":{"address":null,"attributes":{"Date_Installed":null,"LED_Powered":0,"LightID":"L033933","Light_Source":"LED","Light_Type":"Cobra","Lighting_Type":"LED-Powered Lamp","Verification_Date":null},"id":"stl-city-public-streetlights:2:141076","sourceLayerId":2,"sourceObjectId":141076,"sourceURL":"https://maps8.stlouis-mo.gov/arcgis/rest/services/STREETS/Streets_Permitting/MapServer/2","title":"Street light L033933"},"type":"Feature"},{"geometry":{"coordinates":[-90.20989720308376,38.66528528401337],"type":"Point"},"id":"stl-city-public-streetlights:2:141084","properties":{"address":null,"attributes":{"Date_Installed":null,"LED_Powered":0,"LightID":"L033941","Light_Source":"LED","Light_Type":"Cobra","Lighting_Type":"LED-Powered Lamp","Verification_Date":null},"id":"stl-city-public-streetlights:2:141084","sourceLayerId":2,"sourceObjectId":141084,"sourceURL":"https://maps8.stlouis-mo.gov/arcgis/rest/services/STREETS/Streets_Permitting/MapServer/2","title":"Street light L033941"},"type":"Feature"},{"geometry":{"coordinates":[-90.20954568408769,38.665129167609464],"type":"Point"},"id":"stl-city-public-streetlights:2:141085","properties":{"address":null,"attributes":{"Date_Installed":null,"LED_Powered":0,"LightID":"L033942","Light_Source":"LED","Light_Type":"Cobra","Lighting_Type":"LED-Powered Lamp","Verification_Date":null},"id":"stl-city-public-streetlights:2:141085","sourceLayerId":2,"sourceObjectId":141085,"sourceURL":"https://maps8.stlouis-mo.gov/arcgis/rest/services/STREETS/Streets_Permitting/MapServer/2","title":"Street light L033942"},"type":"Feature"},{"geometry":{"coordinates":[-90.20923728863987,38.66499488038457],"type":"Point"},"id":"stl-city-public-streetlights:2:141086","properties":{"address":null,"attributes":{"Date_Installed":"8/22/2018","LED_Powered":1,"LightID":"L033943","Light_Source":"LED","Light_Type":"Cobra","Lighting_Type":"LED-Powered Lamp","Verification_Date":null},"id":"stl-city-public-streetlights:2:141086","sourceLayerId":2,"sourceObjectId":141086,"sourceURL":"https://maps8.stlouis-mo.gov/arcgis/rest/services/STREETS/Streets_Permitting/MapServer/2","title":"Street light L033943"},"type":"Feature"},{"geometry":{"coordinates":[-90.20906523710109,38.66468839860343],"type":"Point"},"id":"stl-city-public-streetlights:2:141087","properties":{"address":null,"attributes":{"Date_Installed":"8/22/2018","LED_Powered":1,"LightID":"L033944","Light_Source":"LED","Light_Type":"Cobra","Lighting_Type":"LED-Powered Lamp","Verification_Date":null},"id":"stl-city-public-streetlights:2:141087","sourceLayerId":2,"sourceObjectId":141087,"sourceURL":"https://maps8.stlouis-mo.gov/arcgis/rest/services/STREETS/Streets_Permitting/MapServer/2","title":"Street light L033944"},"type":"Feature"},{"geometry":{"coordinates":[-90.20891872899146,38.66438055041868],"type":"Point"},"id":"stl-city-public-streetlights:2:141088","properties":{"address":null,"attributes":{"Date_Installed":"8/22/2018","LED_Powered":1,"LightID":"L033945","Light_Source":"LED","Light_Type":"Cobra","Lighting_Type":"LED-Powered Lamp","Verification_Date":null},"id":"stl-city-public-streetlights:2:141088","sourceLayerId":2,"sourceObjectId":141088,"sourceURL":"https://maps8.stlouis-mo.gov/arcgis/rest/services/STREETS/Streets_Permitting/MapServer/2","title":"Street light L033945"},"type":"Feature"},{"geometry":{"coordinates":[-90.20876491882936,38.66407440004116],"type":"Point"},"id":"stl-city-public-streetlights:2:141089","properties":{"address":null,"attributes":{"Date_Installed":"8/22/2018","LED_Powered":1,"LightID":"L033946","Light_Source":"LED","Light_Type":"Cobra","Lighting_Type":"LED-Powered Lamp","Verification_Date":null},"id":"stl-city-public-streetlights:2:141089","sourceLayerId":2,"sourceObjectId":141089,"sourceURL":"https://maps8.stlouis-mo.gov/arcgis/rest/services/STREETS/Streets_Permitting/MapServer/2","title":"Street light L033946"},"type":"Feature"},{"geometry":{"coordinates":[-90.2086292603491,38.663790890658866],"type":"Point"},"id":"stl-city-public-streetlights:2:141090","properties":{"address":null,"attributes":{"Date_Installed":"8/22/2018","LED_Powered":1,"LightID":"L033947","Light_Source":"LED","Light_Type":"Cobra","Lighting_Type":"LED-Powered Lamp","Verification_Date":null},"id":"stl-city-public-streetlights:2:141090","sourceLayerId":2,"sourceObjectId":141090,"sourceURL":"https://maps8.stlouis-mo.gov/arcgis/rest/services/STREETS/Streets_Permitting/MapServer/2","title":"Street light L033947"},"type":"Feature"},{"geometry":{"coordinates":[-90.20871429930595,38.664573493913466],"type":"Point"},"id":"stl-city-public-streetlights:2:141091","properties":{"address":null,"attributes":{"Date_Installed":"8/22/2018","LED_Powered":1,"LightID":"L033948","Light_Source":"LED","Light_Type":"Cobra","Lighting_Type":"LED-Powered Lamp","Verification_Date":null},"id":"stl-city-public-streetlights:2:141091","sourceLayerId":2,"sourceObjectId":141091,"sourceURL":"https://maps8.stlouis-mo.gov/arcgis/rest/services/STREETS/Streets_Permitting/MapServer/2","title":"Street light L033948"},"type":"Feature"},{"geometry":{"coordinates":[-90.20827745896887,38.664714229740625],"type":"Point"},"id":"stl-city-public-streetlights:2:141092","properties":{"address":null,"attributes":{"Date_Installed":"8/22/2018","LED_Powered":1,"LightID":"L033949","Light_Source":"LED","Light_Type":"Cobra","Lighting_Type":"LED-Powered Lamp","Verification_Date":null},"id":"stl-city-public-streetlights:2:141092","sourceLayerId":2,"sourceObjectId":141092,"sourceURL":"https://maps8.stlouis-mo.gov/arcgis/rest/services/STREETS/Streets_Permitting/MapServer/2","title":"Street light L033949"},"type":"Feature"},{"geometry":{"coordinates":[-90.20786842362375,38.66485026589458],"type":"Point"},"id":"stl-city-public-streetlights:2:141093","properties":{"address":null,"attributes":{"Date_Installed":"8/22/2018","LED_Powered":1,"LightID":"L033950","Light_Source":"LED","Light_Type":"Cobra","Lighting_Type":"LED-Powered Lamp","Verification_Date":null},"id":"stl-city-public-streetlights:2:141093","sourceLayerId":2,"sourceObjectId":141093,"sourceURL":"https://maps8.stlouis-mo.gov/arcgis/rest/services/STREETS/Streets_Permitting/MapServer/2","title":"Street light L033950"},"type":"Feature"},{"geometry":{"coordinates":[-90.20747569608461,38.66498300361949],"type":"Point"},"id":"stl-city-public-streetlights:2:141094","properties":{"address":null,"attributes":{"Date_Installed":"8/22/2018","LED_Powered":1,"LightID":"L033951","Light_Source":"LED","Light_Type":"Cobra","Lighting_Type":"LED-Powered Lamp","Verification_Date":null},"id":"stl-city-public-streetlights:2:141094","sourceLayerId":2,"sourceObjectId":141094,"sourceURL":"https://maps8.stlouis-mo.gov/arcgis/rest/services/STREETS/Streets_Permitting/MapServer/2","title":"Street light L033951"},"type":"Feature"},{"geometry":{"coordinates":[-90.20707747087829,38.66512144777181],"type":"Point"},"id":"stl-city-public-streetlights:2:141095","properties":{"address":null,"attributes":{"Date_Installed":"8/22/2018","LED_Powered":1,"LightID":"L033952","Light_Source":"LED","Light_Type":"Cobra","Lighting_Type":"LED-Powered Lamp","Verification_Date":null},"id":"stl-city-public-streetlights:2:141095","sourceLayerId":2,"sourceObjectId":141095,"sourceURL":"https://maps8.stlouis-mo.gov/arcgis/rest/services/STREETS/Streets_Permitting/MapServer/2","title":"Street light L033952"},"type":"Feature"},{"geometry":{"coordinates":[-90.20663579729437,38.66527163904436],"type":"Point"},"id":"stl-city-public-streetlights:2:141096","properties":{"address":null,"attributes":{"Date_Installed":"8/22/2018","LED_Powered":1,"LightID":"L033953","Light_Source":"LED","Light_Type":"Cobra","Lighting_Type":"LED-Powered Lamp","Verification_Date":null},"id":"stl-city-public-streetlights:2:141096","sourceLayerId":2,"sourceObjectId":141096,"sourceURL":"https://maps8.stlouis-mo.gov/arcgis/rest/services/STREETS/Streets_Permitting/MapServer/2","title":"Street light L033953"},"type":"Feature"},{"geometry":{"coordinates":[-90.2062386949233,38.6653951861178],"type":"Point"},"id":"stl-city-public-streetlights:2:141097","properties":{"address":null,"attributes":{"Date_Installed":"8/22/2018","LED_Powered":1,"LightID":"L033954","Light_Source":"LED","Light_Type":"Cobra","Lighting_Type":"LED-Powered Lamp","Verification_Date":null},"id":"stl-city-public-streetlights:2:141097","sourceLayerId":2,"sourceObjectId":141097,"sourceURL":"https://maps8.stlouis-mo.gov/arcgis/rest/services/STREETS/Streets_Permitting/MapServer/2","title":"Street light L033954"},"type":"Feature"},{"geometry":{"coordinates":[-90.20582831146213,38.66553192612637],"type":"Point"},"id":"stl-city-public-streetlights:2:141098","properties":{"address":null,"attributes":{"Date_Installed":"8/22/2018","LED_Powered":1,"LightID":"L033955","Light_Source":"LED","Light_Type":"Cobra","Lighting_Type":"LED-Powered Lamp","Verification_Date":null},"id":"stl-city-public-streetlights:2:141098","sourceLayerId":2,"sourceObjectId":141098,"sourceURL":"https://maps8.stlouis-mo.gov/arcgis/rest/services/STREETS/Streets_Permitting/MapServer/2","title":"Street light L033955"},"type":"Feature"},{"geometry":{"coordinates":[-90.20546785789787,38.66565103308984],"type":"Point"},"id":"stl-city-public-streetlights:2:141099","properties":{"address":null,"attributes":{"Date_Installed":"8/22/2018","LED_Powered":1,"LightID":"L033956","Light_Source":"LED","Light_Type":"Cobra","Lighting_Type":"LED-Powered Lamp","Verification_Date":null},"id":"stl-city-public-streetlights:2:141099","sourceLayerId":2,"sourceObjectId":141099,"sourceURL":"https://maps8.stlouis-mo.gov/arcgis/rest/services/STREETS/Streets_Permitting/MapServer/2","title":"Street light L033956"},"type":"Feature"},{"geometry":{"coordinates":[-90.20508318008503,38.66578318753545],"type":"Point"},"id":"stl-city-public-streetlights:2:141100","properties":{"address":null,"attributes":{"Date_Installed":"8/22/2018","LED_Powered":1,"LightID":"L033957","Light_Source":"LED","Light_Type":"Cobra","Lighting_Type":"LED-Powered Lamp","Verification_Date":null},"id":"stl-city-public-streetlights:2:141100","sourceLayerId":2,"sourceObjectId":141100,"sourceURL":"https://maps8.stlouis-mo.gov/arcgis/rest/services/STREETS/Streets_Permitting/MapServer/2","title":"Street light L033957"},"type":"Feature"},{"geometry":{"coordinates":[-90.20473307779325,38.66589850488021],"type":"Point"},"id":"stl-city-public-streetlights:2:141101","properties":{"address":null,"attributes":{"Date_Installed":"8/22/2018","LED_Powered":1,"LightID":"L033958","Light_Source":"LED","Light_Type":"Cobra","Lighting_Type":"LED-Powered Lamp","Verification_Date":null},"id":"stl-city-public-streetlights:2:141101","sourceLayerId":2,"sourceObjectId":141101,"sourceURL":"https://maps8.stlouis-mo.gov/arcgis/rest/services/STREETS/Streets_Permitting/MapServer/2","title":"Street light L033958"},"type":"Feature"},{"geometry":{"coordinates":[-90.20436393559766,38.666022710726764],"type":"Point"},"id":"stl-city-public-streetlights:2:141102","properties":{"address":null,"attributes":{"Date_Installed":"8/22/2018","LED_Powered":1,"LightID":"L033959","Light_Source":"LED","Light_Type":"Cobra","Lighting_Type":"LED-Powered Lamp","Verification_Date":null},"id":"stl-city-public-streetlights:2:141102","sourceLayerId":2,"sourceObjectId":141102,"sourceURL":"https://maps8.stlouis-mo.gov/arcgis/rest/services/STREETS/Streets_Permitting/MapServer/2","title":"Street light L033959"},"type":"Feature"},{"geometry":{"coordinates":[-90.20399328075227,38.66614476656998],"type":"Point"},"id":"stl-city-public-streetlights:2:141103","properties":{"address":null,"attributes":{"Date_Installed":"8/22/2018","LED_Powered":1,"LightID":"L033960","Light_Source":"LED","Light_Type":"Cobra","Lighting_Type":"LED-Powered Lamp","Verification_Date":null},"id":"stl-city-public-streetlights:2:141103","sourceLayerId":2,"sourceObjectId":141103,"sourceURL":"https://maps8.stlouis-mo.gov/arcgis/rest/services/STREETS/Streets_Permitting/MapServer/2","title":"Street light L033960"},"type":"Feature"},{"geometry":{"coordinates":[-90.20362108675239,38.66627110824686],"type":"Point"},"id":"stl-city-public-streetlights:2:141104","properties":{"address":null,"attributes":{"Date_Installed":"8/22/2018","LED_Powered":1,"LightID":"L033961","Light_Source":"LED","Light_Type":"Cobra","Lighting_Type":"LED-Powered Lamp","Verification_Date":null},"id":"stl-city-public-streetlights:2:141104","sourceLayerId":2,"sourceObjectId":141104,"sourceURL":"https://maps8.stlouis-mo.gov/arcgis/rest/services/STREETS/Streets_Permitting/MapServer/2","title":"Street light L033961"},"type":"Feature"},{"geometry":{"coordinates":[-90.20315186212392,38.66642663982492],"type":"Point"},"id":"stl-city-public-streetlights:2:141105","properties":{"address":null,"attributes":{"Date_Installed":"8/22/2018","LED_Powered":1,"LightID":"L033962","Light_Source":"LED","Light_Type":"Cobra","Lighting_Type":"LED-Powered Lamp","Verification_Date":null},"id":"stl-city-public-streetlights:2:141105","sourceLayerId":2,"sourceObjectId":141105,"sourceURL":"https://maps8.stlouis-mo.gov/arcgis/rest/services/STREETS/Streets_Permitting/MapServer/2","title":"Street light L033962"},"type":"Feature"},{"geometry":{"coordinates":[-90.20273969631096,38.66656890667317],"type":"Point"},"id":"stl-city-public-streetlights:2:141106","properties":{"address":null,"attributes":{"Date_Installed":"8/22/2018","LED_Powered":1,"LightID":"L033963","Light_Source":"LED","Light_Type":"Cobra","Lighting_Type":"LED-Powered Lamp","Verification_Date":null},"id":"stl-city-public-streetlights:2:141106","sourceLayerId":2,"sourceObjectId":141106,"sourceURL":"https://maps8.stlouis-mo.gov/arcgis/rest/services/STREETS/Streets_Permitting/MapServer/2","title":"Street light L033963"},"type":"Feature"},{"geometry":{"coordinates":[-90.20234774506457,38.66669304906483],"type":"Point"},"id":"stl-city-public-streetlights:2:141107","properties":{"address":null,"attributes":{"Date_Installed":"8/22/2018","LED_Powered":1,"LightID":"L033964","Light_Source":"LED","Light_Type":"Cobra","Lighting_Type":"LED-Powered Lamp","Verification_Date":null},"id":"stl-city-public-streetlights:2:141107","sourceLayerId":2,"sourceObjectId":141107,"sourceURL":"https://maps8.stlouis-mo.gov/arcgis/rest/services/STREETS/Streets_Permitting/MapServer/2","title":"Street light L033964"},"type":"Feature"},{"geometry":{"coordinates":[-90.20195005354223,38.666826708669454],"type":"Point"},"id":"stl-city-public-streetlights:2:141108","properties":{"address":null,"attributes":{"Date_Installed":"8/22/2018","LED_Powered":1,"LightID":"L033965","Light_Source":"LED","Light_Type":"Cobra","Lighting_Type":"LED-Powered Lamp","Verification_Date":null},"id":"stl-city-public-streetlights:2:141108","sourceLayerId":2,"sourceObjectId":141108,"sourceURL":"https://maps8.stlouis-mo.gov/arcgis/rest/services/STREETS/Streets_Permitting/MapServer/2","title":"Street light L033965"},"type":"Feature"},{"geometry":{"coordinates":[-90.20154780860555,38.66695797245953],"type":"Point"},"id":"stl-city-public-streetlights:2:141109","properties":{"address":null,"attributes":{"Date_Installed":"8/22/2018","LED_Powered":1,"LightID":"L033966","Light_Source":"LED","Light_Type":"Cobra","Lighting_Type":"LED-Powered Lamp","Verification_Date":null},"id":"stl-city-public-streetlights:2:141109","sourceLayerId":2,"sourceObjectId":141109,"sourceURL":"https://maps8.stlouis-mo.gov/arcgis/rest/services/STREETS/Streets_Permitting/MapServer/2","title":"Street light L033966"},"type":"Feature"},{"geometry":{"coordinates":[-90.20113626700567,38.66709481280603],"type":"Point"},"id":"stl-city-public-streetlights:2:141110","properties":{"address":null,"attributes":{"Date_Installed":"8/22/2018","LED_Powered":1,"LightID":"L033967","Light_Source":"LED","Light_Type":"Cobra","Lighting_Type":"LED-Powered Lamp","Verification_Date":null},"id":"stl-city-public-streetlights:2:141110","sourceLayerId":2,"sourceObjectId":141110,"sourceURL":"https://maps8.stlouis-mo.gov/arcgis/rest/services/STREETS/Streets_Permitting/MapServer/2","title":"Street light L033967"},"type":"Feature"},{"geometry":{"coordinates":[-90.2025989989228,38.66750232820342],"type":"Point"},"id":"stl-city-public-streetlights:2:141111","properties":{"address":null,"attributes":{"Date_Installed":"8/22/2018","LED_Powered":1,"LightID":"L033968","Light_Source":"LED","Light_Type":"Cobra","Lighting_Type":"LED-Powered Lamp","Verification_Date":null},"id":"stl-city-public-streetlights:2:141111","sourceLayerId":2,"sourceObjectId":141111,"sourceURL":"https://maps8.stlouis-mo.gov/arcgis/rest/services/STREETS/Streets_Permitting/MapServer/2","title":"Street light L033968"},"type":"Feature"},{"geometry":{"coordinates":[-90.2030382523106,38.66735837843592],"type":"Point"},"id":"stl-city-public-streetlights:2:141112","properties":{"address":null,"attributes":{"Date_Installed":"8/22/2018","LED_Powered":1,"LightID":"L033969","Light_Source":"LED","Light_Type":"Cobra","Lighting_Type":"LED-Powered Lamp","Verification_Date":null},"id":"stl-city-public-streetlights:2:141112","sourceLayerId":2,"sourceObjectId":141112,"sourceURL":"https://maps8.stlouis-mo.gov/arcgis/rest/services/STREETS/Streets_Permitting/MapServer/2","title":"Street light L033969"},"type":"Feature"},{"geometry":{"coordinates":[-90.20346871309448,38.667211711979434],"type":"Point"},"id":"stl-city-public-streetlights:2:141113","properties":{"address":null,"attributes":{"Date_Installed":"8/22/2018","LED_Powered":1,"LightID":"L033970","Light_Source":"LED","Light_Type":"Cobra","Lighting_Type":"LED-Powered Lamp","Verification_Date":null},"id":"stl-city-public-streetlights:2:141113","sourceLayerId":2,"sourceObjectId":141113,"sourceURL":"https://maps8.stlouis-mo.gov/arcgis/rest/services/STREETS/Streets_Permitting/MapServer/2","title":"Street light L033970"},"type":"Feature"},{"geometry":{"coordinates":[-90.20391271004222,38.66706660249436],"type":"Point"},"id":"stl-city-public-streetlights:2:141114","properties":{"address":null,"attributes":{"Date_Installed":"8/22/2018","LED_Powered":1,"LightID":"L033971","Light_Source":"LED","Light_Type":"Cobra","Lighting_Type":"LED-Powered Lamp","Verification_Date":null},"id":"stl-city-public-streetlights:2:141114","sourceLayerId":2,"sourceObjectId":141114,"sourceURL":"https://maps8.stlouis-mo.gov/arcgis/rest/services/STREETS/Streets_Permitting/MapServer/2","title":"Street light L033971"},"type":"Feature"},{"geometry":{"coordinates":[-90.20431686395699,38.66693938757193],"type":"Point"},"id":"stl-city-public-streetlights:2:141115","properties":{"address":null,"attributes":{"Date_Installed":"8/22/2018","LED_Powered":1,"LightID":"L033972","Light_Source":"LED","Light_Type":"Cobra","Lighting_Type":"LED-Powered Lamp","Verification_Date":null},"id":"stl-city-public-streetlights:2:141115","sourceLayerId":2,"sourceObjectId":141115,"sourceURL":"https://maps8.stlouis-mo.gov/arcgis/rest/services/STREETS/Streets_Permitting/MapServer/2","title":"Street light L033972"},"type":"Feature"},{"geometry":{"coordinates":[-90.20472956418547,38.666796580496495],"type":"Point"},"id":"stl-city-public-streetlights:2:141116","properties":{"address":null,"attributes":{"Date_Installed":"8/22/2018","LED_Powered":1,"LightID":"L033973","Light_Source":"LED","Light_Type":"Cobra","Lighting_Type":"LED-Powered Lamp","Verification_Date":null},"id":"stl-city-public-streetlights:2:141116","sourceLayerId":2,"sourceObjectId":141116,"sourceURL":"https://maps8.stlouis-mo.gov/arcgis/rest/services/STREETS/Streets_Permitting/MapServer/2","title":"Street light L033973"},"type":"Feature"},{"geometry":{"coordinates":[-90.20502287958874,38.66670340697064],"type":"Point"},"id":"stl-city-public-streetlights:2:141117","properties":{"address":null,"attributes":{"Date_Installed":"8/22/2018","LED_Powered":1,"LightID":"L033974","Light_Source":"LED","Light_Type":"Cobra","Lighting_Type":"LED-Powered Lamp","Verification_Date":null},"id":"stl-city-public-streetlights:2:141117","sourceLayerId":2,"sourceObjectId":141117,"sourceURL":"https://maps8.stlouis-mo.gov/arcgis/rest/services/STREETS/Streets_Permitting/MapServer/2","title":"Street light L033974"},"type":"Feature"},{"geometry":{"coordinates":[-90.20544880302207,38.66656003430844],"type":"Point"},"id":"stl-city-public-streetlights:2:141118","properties":{"address":null,"attributes":{"Date_Installed":"8/22/2018","LED_Powered":1,"LightID":"L033975","Light_Source":"LED","Light_Type":"Cobra","Lighting_Type":"LED-Powered Lamp","Verification_Date":null},"id":"stl-city-public-streetlights:2:141118","sourceLayerId":2,"sourceObjectId":141118,"sourceURL":"https://maps8.stlouis-mo.gov/arcgis/rest/services/STREETS/Streets_Permitting/MapServer/2","title":"Street light L033975"},"type":"Feature"},{"geometry":{"coordinates":[-90.20589067933174,38.66641872719281],"type":"Point"},"id":"stl-city-public-streetlights:2:141119","properties":{"address":null,"attributes":{"Date_Installed":"8/22/2018","LED_Powered":1,"LightID":"L033976","Light_Source":"LED","Light_Type":"Cobra","Lighting_Type":"LED-Powered Lamp","Verification_Date":null},"id":"stl-city-public-streetlights:2:141119","sourceLayerId":2,"sourceObjectId":141119,"sourceURL":"https://maps8.stlouis-mo.gov/arcgis/rest/services/STREETS/Streets_Permitting/MapServer/2","title":"Street light L033976"},"type":"Feature"},{"geometry":{"coordinates":[-90.20068683575306,38.66636474550339],"type":"Point"},"id":"stl-city-public-streetlights:2:141120","properties":{"address":null,"attributes":{"Date_Installed":"7/31/2017","LED_Powered":1,"LightID":"L033977","Light_Source":"LED","Light_Type":"Cobra","Lighting_Type":"LED-Powered Lamp","Verification_Date":null},"id":"stl-city-public-streetlights:2:141120","sourceLayerId":2,"sourceObjectId":141120,"sourceURL":"https://maps8.stlouis-mo.gov/arcgis/rest/services/STREETS/Streets_Permitting/MapServer/2","title":"Street light L033977"},"type":"Feature"},{"geometry":{"coordinates":[-90.2010865714573,38.66623242060779],"type":"Point"},"id":"stl-city-public-streetlights:2:141121","properties":{"address":null,"attributes":{"Date_Installed":"7/31/2017","LED_Powered":1,"LightID":"L033978","Light_Source":"LED","Light_Type":"Cobra","Lighting_Type":"LED-Powered Lamp","Verification_Date":null},"id":"stl-city-public-streetlights:2:141121","sourceLayerId":2,"sourceObjectId":141121,"sourceURL":"https://maps8.stlouis-mo.gov/arcgis/rest/services/STREETS/Streets_Permitting/MapServer/2","title":"Street light L033978"},"type":"Feature"},{"geometry":{"coordinates":[-90.20148598144876,38.666105679893974],"type":"Point"},"id":"stl-city-public-streetlights:2:141122","properties":{"address":null,"attributes":{"Date_Installed":"7/31/2017","LED_Powered":1,"LightID":"L033979","Light_Source":"LED","Light_Type":"Cobra","Lighting_Type":"LED-Powered Lamp","Verification_Date":null},"id":"stl-city-public-streetlights:2:141122","sourceLayerId":2,"sourceObjectId":141122,"sourceURL":"https://maps8.stlouis-mo.gov/arcgis/rest/services/STREETS/Streets_Permitting/MapServer/2","title":"Street light L033979"},"type":"Feature"},{"geometry":{"coordinates":[-90.20189273401505,38.66596751529258],"type":"Point"},"id":"stl-city-public-streetlights:2:141123","properties":{"address":null,"attributes":{"Date_Installed":"7/31/2017","LED_Powered":1,"LightID":"L033980","Light_Source":"LED","Light_Type":"Cobra","Lighting_Type":"LED-Powered Lamp","Verification_Date":null},"id":"stl-city-public-streetlights:2:141123","sourceLayerId":2,"sourceObjectId":141123,"sourceURL":"https://maps8.stlouis-mo.gov/arcgis/rest/services/STREETS/Streets_Permitting/MapServer/2","title":"Street light L033980"},"type":"Feature"},{"geometry":{"coordinates":[-90.20227827299578,38.66584188063415],"type":"Point"},"id":"stl-city-public-streetlights:2:141124","properties":{"address":null,"attributes":{"Date_Installed":"7/31/2017","LED_Powered":1,"LightID":"L033981","Light_Source":"LED","Light_Type":"Cobra","Lighting_Type":"LED-Powered Lamp","Verification_Date":null},"id":"stl-city-public-streetlights:2:141124","sourceLayerId":2,"sourceObjectId":141124,"sourceURL":"https://maps8.stlouis-mo.gov/arcgis/rest/services/STREETS/Streets_Permitting/MapServer/2","title":"Street light L033981"},"type":"Feature"},{"geometry":{"coordinates":[-90.2026533487643,38.665716981151455],"type":"Point"},"id":"stl-city-public-streetlights:2:141125","properties":{"address":null,"attributes":{"Date_Installed":"7/31/2017","LED_Powered":1,"LightID":"L033982","Light_Source":"LED","Light_Type":"Cobra","Lighting_Type":"LED-Powered Lamp","Verification_Date":null},"id":"stl-city-public-streetlights:2:141125","sourceLayerId":2,"sourceObjectId":141125,"sourceURL":"https://maps8.stlouis-mo.gov/arcgis/rest/services/STREETS/Streets_Permitting/MapServer/2","title":"Street light L033982"},"type":"Feature"},{"geometry":{"coordinates":[-90.20306649631584,38.665575134181694],"type":"Point"},"id":"stl-city-public-streetlights:2:141126","properties":{"address":null,"attributes":{"Date_Installed":"7/31/2017","LED_Powered":1,"LightID":"L033983","Light_Source":"LED","Light_Type":"Cobra","Lighting_Type":"LED-Powered Lamp","Verification_Date":null},"id":"stl-city-public-streetlights:2:141126","sourceLayerId":2,"sourceObjectId":141126,"sourceURL":"https://maps8.stlouis-mo.gov/arcgis/rest/services/STREETS/Streets_Permitting/MapServer/2","title":"Street light L033983"},"type":"Feature"},{"geometry":{"coordinates":[-90.20345294871929,38.66544823491557],"type":"Point"},"id":"stl-city-public-streetlights:2:141127","properties":{"address":null,"attributes":{"Date_Installed":"7/31/2017","LED_Powered":1,"LightID":"L033984","Light_Source":"LED","Light_Type":"Cobra","Lighting_Type":"LED-Powered Lamp","Verification_Date":null},"id":"stl-city-public-streetlights:2:141127","sourceLayerId":2,"sourceObjectId":141127,"sourceURL":"https://maps8.stlouis-mo.gov/arcgis/rest/services/STREETS/Streets_Permitting/MapServer/2","title":"Street light L033984"},"type":"Feature"},{"geometry":{"coordinates":[-90.20383746125046,38.665319671828605],"type":"Point"},"id":"stl-city-public-streetlights:2:141128","properties":{"address":null,"attributes":{"Date_Installed":"7/31/2017","LED_Powered":1,"LightID":"L033985","Light_Source":"LED","Light_Type":"Cobra","Lighting_Type":"LED-Powered Lamp","Verification_Date":null},"id":"stl-city-public-streetlights:2:141128","sourceLayerId":2,"sourceObjectId":141128,"sourceURL":"https://maps8.stlouis-mo.gov/arcgis/rest/services/STREETS/Streets_Permitting/MapServer/2","title":"Street light L033985"},"type":"Feature"},{"geometry":{"coordinates":[-90.20422059813319,38.665192225595554],"type":"Point"},"id":"stl-city-public-streetlights:2:141129","properties":{"address":null,"attributes":{"Date_Installed":"7/31/2017","LED_Powered":1,"LightID":"L033986","Light_Source":"LED","Light_Type":"Cobra","Lighting_Type":"LED-Powered Lamp","Verification_Date":null},"id":"stl-city-public-streetlights:2:141129","sourceLayerId":2,"sourceObjectId":141129,"sourceURL":"https://maps8.stlouis-mo.gov/arcgis/rest/services/STREETS/Streets_Permitting/MapServer/2","title":"Street light L033986"},"type":"Feature"},{"geometry":{"coordinates":[-90.20461540741421,38.665065224689336],"type":"Point"},"id":"stl-city-public-streetlights:2:141130","properties":{"address":null,"attributes":{"Date_Installed":"7/31/2017","LED_Powered":1,"LightID":"L033987","Light_Source":"LED","Light_Type":"Cobra","Lighting_Type":"LED-Powered Lamp","Verification_Date":null},"id":"stl-city-public-streetlights:2:141130","sourceLayerId":2,"sourceObjectId":141130,"sourceURL":"https://maps8.stlouis-mo.gov/arcgis/rest/services/STREETS/Streets_Permitting/MapServer/2","title":"Street light L033987"},"type":"Feature"},{"geometry":{"coordinates":[-90.20498560338274,38.66494221164842],"type":"Point"},"id":"stl-city-public-streetlights:2:141131","properties":{"address":null,"attributes":{"Date_Installed":"7/31/2017","LED_Powered":1,"LightID":"L033988","Light_Source":"LED","Light_Type":"Cobra","Lighting_Type":"LED-Powered Lamp","Verification_Date":null},"id":"stl-city-public-streetlights:2:141131","sourceLayerId":2,"sourceObjectId":141131,"sourceURL":"https://maps8.stlouis-mo.gov/arcgis/rest/services/STREETS/Streets_Permitting/MapServer/2","title":"Street light L033988"},"type":"Feature"},{"geometry":{"coordinates":[-90.20542643525464,38.66479363256007],"type":"Point"},"id":"stl-city-public-streetlights:2:141132","properties":{"address":null,"attributes":{"Date_Installed":"7/31/2017","LED_Powered":1,"LightID":"L033989","Light_Source":"LED","Light_Type":"Cobra","Lighting_Type":"LED-Powered Lamp","Verification_Date":null},"id":"stl-city-public-streetlights:2:141132","sourceLayerId":2,"sourceObjectId":141132,"sourceURL":"https://maps8.stlouis-mo.gov/arcgis/rest/services/STREETS/Streets_Permitting/MapServer/2","title":"Street light L033989"},"type":"Feature"},{"geometry":{"coordinates":[-90.2058131841437,38.664666368562315],"type":"Point"},"id":"stl-city-public-streetlights:2:141133","properties":{"address":null,"attributes":{"Date_Installed":"7/31/2017","LED_Powered":1,"LightID":"L033990","Light_Source":"LED","Light_Type":"Cobra","Lighting_Type":"LED-Powered Lamp","Verification_Date":null},"id":"stl-city-public-streetlights:2:141133","sourceLayerId":2,"sourceObjectId":141133,"sourceURL":"https://maps8.stlouis-mo.gov/arcgis/rest/services/STREETS/Streets_Permitting/MapServer/2","title":"Street light L033990"},"type":"Feature"},{"geometry":{"coordinates":[-90.20617972702986,38.66454382000893],"type":"Point"},"id":"stl-city-public-streetlights:2:141134","properties":{"address":null,"attributes":{"Date_Installed":"7/31/2017","LED_Powered":1,"LightID":"L033991","Light_Source":"LED","Light_Type":"Cobra","Lighting_Type":"LED-Powered Lamp","Verification_Date":null},"id":"stl-city-public-streetlights:2:141134","sourceLayerId":2,"sourceObjectId":141134,"sourceURL":"https://maps8.stlouis-mo.gov/arcgis/rest/services/STREETS/Streets_Permitting/MapServer/2","title":"Street light L033991"},"type":"Feature"},{"geometry":{"coordinates":[-90.20650606931663,38.664437853826776],"type":"Point"},"id":"stl-city-public-streetlights:2:141135","properties":{"address":null,"attributes":{"Date_Installed":"7/31/2017","LED_Powered":1,"LightID":"L033992","Light_Source":"LED","Light_Type":"Cobra","Lighting_Type":"LED-Powered Lamp","Verification_Date":null},"id":"stl-city-public-streetlights:2:141135","sourceLayerId":2,"sourceObjectId":141135,"sourceURL":"https://maps8.stlouis-mo.gov/arcgis/rest/services/STREETS/Streets_Permitting/MapServer/2","title":"Street light L033992"},"type":"Feature"},{"geometry":{"coordinates":[-90.20688206174316,38.66432324014601],"type":"Point"},"id":"stl-city-public-streetlights:2:141136","properties":{"address":null,"attributes":{"Date_Installed":"7/31/2017","LED_Powered":1,"LightID":"L033993","Light_Source":"LED","Light_Type":"Cobra","Lighting_Type":"LED-Powered Lamp","Verification_Date":null},"id":"stl-city-public-streetlights:2:141136","sourceLayerId":2,"sourceObjectId":141136,"sourceURL":"https://maps8.stlouis-mo.gov/arcgis/rest/services/STREETS/Streets_Permitting/MapServer/2","title":"Street light L033993"},"type":"Feature"},{"geometry":{"coordinates":[-90.20722791293525,38.66420397331963],"type":"Point"},"id":"stl-city-public-streetlights:2:141137","properties":{"address":null,"attributes":{"Date_Installed":"7/31/2017","LED_Powered":1,"LightID":"L033994","Light_Source":"LED","Light_Type":"Cobra","Lighting_Type":"LED-Powered Lamp","Verification_Date":null},"id":"stl-city-public-streetlights:2:141137","sourceLayerId":2,"sourceObjectId":141137,"sourceURL":"https://maps8.stlouis-mo.gov/arcgis/rest/services/STREETS/Streets_Permitting/MapServer/2","title":"Street light L033994"},"type":"Feature"},{"geometry":{"coordinates":[-90.20768620627354,38.66404931778388],"type":"Point"},"id":"stl-city-public-streetlights:2:141138","properties":{"address":null,"attributes":{"Date_Installed":"7/31/2017","LED_Powered":1,"LightID":"L033995","Light_Source":"LED","Light_Type":"Cobra","Lighting_Type":"LED-Powered Lamp","Verification_Date":null},"id":"stl-city-public-streetlights:2:141138","sourceLayerId":2,"sourceObjectId":141138,"sourceURL":"https://maps8.stlouis-mo.gov/arcgis/rest/services/STREETS/Streets_Permitting/MapServer/2","title":"Street light L033995"},"type":"Feature"},{"geometry":{"coordinates":[-90.20823088415277,38.66387357633163],"type":"Point"},"id":"stl-city-public-streetlights:2:141139","properties":{"address":null,"attributes":{"Date_Installed":"7/31/2017","LED_Powered":1,"LightID":"L033996","Light_Source":"LED","Light_Type":"Cobra","Lighting_Type":"LED-Powered Lamp","Verification_Date":null},"id":"stl-city-public-streetlights:2:141139","sourceLayerId":2,"sourceObjectId":141139,"sourceURL":"https://maps8.stlouis-mo.gov/arcgis/rest/services/STREETS/Streets_Permitting/MapServer/2","title":"Street light L033996"},"type":"Feature"},{"geometry":{"coordinates":[-90.20875706664798,38.663695880011836],"type":"Point"},"id":"stl-city-public-streetlights:2:141140","properties":{"address":null,"attributes":{"Date_Installed":null,"LED_Powered":1,"LightID":"L033997","Light_Source":"LED","Light_Type":"Cobra","Lighting_Type":"LED-Powered Lamp","Verification_Date":null},"id":"stl-city-public-streetlights:2:141140","sourceLayerId":2,"sourceObjectId":141140,"sourceURL":"https://maps8.stlouis-mo.gov/arcgis/rest/services/STREETS/Streets_Permitting/MapServer/2","title":"Street light L033997"},"type":"Feature"},{"geometry":{"coordinates":[-90.2093585521504,38.663510739753676],"type":"Point"},"id":"stl-city-public-streetlights:2:141141","properties":{"address":null,"attributes":{"Date_Installed":null,"LED_Powered":1,"LightID":"L033998","Light_Source":"LED","Light_Type":"Cobra","Lighting_Type":"LED-Powered Lamp","Verification_Date":null},"id":"stl-city-public-streetlights:2:141141","sourceLayerId":2,"sourceObjectId":141141,"sourceURL":"https://maps8.stlouis-mo.gov/arcgis/rest/services/STREETS/Streets_Permitting/MapServer/2","title":"Street light L033998"},"type":"Feature"},{"geometry":{"coordinates":[-90.20991208102731,38.663335536752],"type":"Point"},"id":"stl-city-public-streetlights:2:141142","properties":{"address":null,"attributes":{"Date_Installed":null,"LED_Powered":1,"LightID":"L033999","Light_Source":"LED","Light_Type":"Cobra","Lighting_Type":"LED-Powered Lamp","Verification_Date":null},"id":"stl-city-public-streetlights:2:141142","sourceLayerId":2,"sourceObjectId":141142,"sourceURL":"https://maps8.stlouis-mo.gov/arcgis/rest/services/STREETS/Streets_Permitting/MapServer/2","title":"Street light L033999"},"type":"Feature"},{"geometry":{"coordinates":[-90.20688829912338,38.662803583664825],"type":"Point"},"id":"stl-city-public-streetlights:2:141328","properties":{"address":null,"attributes":{"Date_Installed":"8/22/2018","LED_Powered":1,"LightID":"L034185","Light_Source":"LED","Light_Type":"Cobra","Lighting_Type":"LED-Powered Lamp","Verification_Date":null},"id":"stl-city-public-streetlights:2:141328","sourceLayerId":2,"sourceObjectId":141328,"sourceURL":"https://maps8.stlouis-mo.gov/arcgis/rest/services/STREETS/Streets_Permitting/MapServer/2","title":"Street light L034185"},"type":"Feature"},{"geometry":{"coordinates":[-90.20738995872664,38.66264466230274],"type":"Point"},"id":"stl-city-public-streetlights:2:141329","properties":{"address":null,"attributes":{"Date_Installed":"8/22/2018","LED_Powered":1,"LightID":"L034186","Light_Source":"LED","Light_Type":"Cobra","Lighting_Type":"LED-Powered Lamp","Verification_Date":null},"id":"stl-city-public-streetlights:2:141329","sourceLayerId":2,"sourceObjectId":141329,"sourceURL":"https://maps8.stlouis-mo.gov/arcgis/rest/services/STREETS/Streets_Permitting/MapServer/2","title":"Street light L034186"},"type":"Feature"},{"geometry":{"coordinates":[-90.20775399836246,38.66253604639245],"type":"Point"},"id":"stl-city-public-streetlights:2:141330","properties":{"address":null,"attributes":{"Date_Installed":"8/22/2018","LED_Powered":1,"LightID":"L034187","Light_Source":"LED","Light_Type":"Cobra","Lighting_Type":"LED-Powered Lamp","Verification_Date":null},"id":"stl-city-public-streetlights:2:141330","sourceLayerId":2,"sourceObjectId":141330,"sourceURL":"https://maps8.stlouis-mo.gov/arcgis/rest/services/STREETS/Streets_Permitting/MapServer/2","title":"Street light L034187"},"type":"Feature"},{"geometry":{"coordinates":[-90.20808997790591,38.66243111241089],"type":"Point"},"id":"stl-city-public-streetlights:2:141331","properties":{"address":null,"attributes":{"Date_Installed":"8/22/2018","LED_Powered":1,"LightID":"L034188","Light_Source":"LED","Light_Type":"Cobra","Lighting_Type":"LED-Powered Lamp","Verification_Date":null},"id":"stl-city-public-streetlights:2:141331","sourceLayerId":2,"sourceObjectId":141331,"sourceURL":"https://maps8.stlouis-mo.gov/arcgis/rest/services/STREETS/Streets_Permitting/MapServer/2","title":"Street light L034188"},"type":"Feature"},{"geometry":{"coordinates":[-90.20849518008387,38.662310858369516],"type":"Point"},"id":"stl-city-public-streetlights:2:141332","properties":{"address":null,"attributes":{"Date_Installed":"8/22/2018","LED_Powered":1,"LightID":"L034189","Light_Source":"LED","Light_Type":"Cobra","Lighting_Type":"LED-Powered Lamp","Verification_Date":null},"id":"stl-city-public-streetlights:2:141332","sourceLayerId":2,"sourceObjectId":141332,"sourceURL":"https://maps8.stlouis-mo.gov/arcgis/rest/services/STREETS/Streets_Permitting/MapServer/2","title":"Street light L034189"},"type":"Feature"},{"geometry":{"coordinates":[-90.20881981967162,38.662209172344966],"type":"Point"},"id":"stl-city-public-streetlights:2:141333","properties":{"address":null,"attributes":{"Date_Installed":"8/22/2018","LED_Powered":1,"LightID":"L034190","Light_Source":"LED","Light_Type":"Cobra","Lighting_Type":"LED-Powered Lamp","Verification_Date":null},"id":"stl-city-public-streetlights:2:141333","sourceLayerId":2,"sourceObjectId":141333,"sourceURL":"https://maps8.stlouis-mo.gov/arcgis/rest/services/STREETS/Streets_Permitting/MapServer/2","title":"Street light L034190"},"type":"Feature"},{"geometry":{"coordinates":[-90.20924292998959,38.66207674337879],"type":"Point"},"id":"stl-city-public-streetlights:2:141334","properties":{"address":null,"attributes":{"Date_Installed":"8/22/2018","LED_Powered":1,"LightID":"L034191","Light_Source":"LED","Light_Type":"Cobra","Lighting_Type":"LED-Powered Lamp","Verification_Date":null},"id":"stl-city-public-streetlights:2:141334","sourceLayerId":2,"sourceObjectId":141334,"sourceURL":"https://maps8.stlouis-mo.gov/arcgis/rest/services/STREETS/Streets_Permitting/MapServer/2","title":"Street light L034191"},"type":"Feature"},{"geometry":{"coordinates":[-90.20961914644617,38.66196255020803],"type":"Point"},"id":"stl-city-public-streetlights:2:141335","properties":{"address":null,"attributes":{"Date_Installed":"8/22/2018","LED_Powered":1,"LightID":"L034192","Light_Source":"LED","Light_Type":"Cobra","Lighting_Type":"LED-Powered Lamp","Verification_Date":null},"id":"stl-city-public-streetlights:2:141335","sourceLayerId":2,"sourceObjectId":141335,"sourceURL":"https://maps8.stlouis-mo.gov/arcgis/rest/services/STREETS/Streets_Permitting/MapServer/2","title":"Street light L034192"},"type":"Feature"},{"geometry":{"coordinates":[-90.20995480929868,38.661862437909804],"type":"Point"},"id":"stl-city-public-streetlights:2:141336","properties":{"address":null,"attributes":{"Date_Installed":"8/22/2018","LED_Powered":1,"LightID":"L034193","Light_Source":"LED","Light_Type":"Cobra","Lighting_Type":"LED-Powered Lamp","Verification_Date":null},"id":"stl-city-public-streetlights:2:141336","sourceLayerId":2,"sourceObjectId":141336,"sourceURL":"https://maps8.stlouis-mo.gov/arcgis/rest/services/STREETS/Streets_Permitting/MapServer/2","title":"Street light L034193"},"type":"Feature"},{"geometry":{"coordinates":[-90.2063151200572,38.6615537975885],"type":"Point"},"id":"stl-city-public-streetlights:2:141340","properties":{"address":null,"attributes":{"Date_Installed":"8/22/2018","LED_Powered":1,"LightID":"L034197","Light_Source":"LED","Light_Type":"Cobra","Lighting_Type":"LED-Powered Lamp","Verification_Date":null},"id":"stl-city-public-streetlights:2:141340","sourceLayerId":2,"sourceObjectId":141340,"sourceURL":"https://maps8.stlouis-mo.gov/arcgis/rest/services/STREETS/Streets_Permitting/MapServer/2","title":"Street light L034197"},"type":"Feature"},{"geometry":{"coordinates":[-90.20688205035678,38.66137823710406],"type":"Point"},"id":"stl-city-public-streetlights:2:141341","properties":{"address":null,"attributes":{"Date_Installed":"8/22/2018","LED_Powered":1,"LightID":"L034198","Light_Source":"LED","Light_Type":"Cobra","Lighting_Type":"LED-Powered Lamp","Verification_Date":null},"id":"stl-city-public-streetlights:2:141341","sourceLayerId":2,"sourceObjectId":141341,"sourceURL":"https://maps8.stlouis-mo.gov/arcgis/rest/services/STREETS/Streets_Permitting/MapServer/2","title":"Street light L034198"},"type":"Feature"},{"geometry":{"coordinates":[-90.20290466058736,38.66001403972071],"type":"Point"},"id":"stl-city-public-streetlights:2:149460","properties":{"address":null,"attributes":{"Date_Installed":null,"LED_Powered":0,"LightID":"L042316","Light_Source":"High Pressure Sodium","Light_Type":"Decorative","Lighting_Type":"King Luminaire (Historic Light Fixture)","Verification_Date":null},"id":"stl-city-public-streetlights:2:149460","sourceLayerId":2,"sourceObjectId":149460,"sourceURL":"https://maps8.stlouis-mo.gov/arcgis/rest/services/STREETS/Streets_Permitting/MapServer/2","title":"Street light L042316"},"type":"Feature"},{"geometry":{"coordinates":[-90.20248818777154,38.66015885706985],"type":"Point"},"id":"stl-city-public-streetlights:2:149461","properties":{"address":null,"attributes":{"Date_Installed":null,"LED_Powered":0,"LightID":"L042317","Light_Source":"High Pressure Sodium","Light_Type":"Decorative","Lighting_Type":"King Luminaire (Historic Light Fixture)","Verification_Date":null},"id":"stl-city-public-streetlights:2:149461","sourceLayerId":2,"sourceObjectId":149461,"sourceURL":"https://maps8.stlouis-mo.gov/arcgis/rest/services/STREETS/Streets_Permitting/MapServer/2","title":"Street light L042317"},"type":"Feature"},{"geometry":{"coordinates":[-90.20226168773515,38.660236940673684],"type":"Point"},"id":"stl-city-public-streetlights:2:149462","properties":{"address":null,"attributes":{"Date_Installed":null,"LED_Powered":0,"LightID":"L042318","Light_Source":"High Pressure Sodium","Light_Type":"Decorative","Lighting_Type":"King Luminaire (Historic Light Fixture)","Verification_Date":null},"id":"stl-city-public-streetlights:2:149462","sourceLayerId":2,"sourceObjectId":149462,"sourceURL":"https://maps8.stlouis-mo.gov/arcgis/rest/services/STREETS/Streets_Permitting/MapServer/2","title":"Street light L042318"},"type":"Feature"},{"geometry":{"coordinates":[-90.2017886383559,38.66038876182937],"type":"Point"},"id":"stl-city-public-streetlights:2:149463","properties":{"address":null,"attributes":{"Date_Installed":null,"LED_Powered":0,"LightID":"L042319","Light_Source":"High Pressure Sodium","Light_Type":"Decorative","Lighting_Type":"King Luminaire (Historic Light Fixture)","Verification_Date":null},"id":"stl-city-public-streetlights:2:149463","sourceLayerId":2,"sourceObjectId":149463,"sourceURL":"https://maps8.stlouis-mo.gov/arcgis/rest/services/STREETS/Streets_Permitting/MapServer/2","title":"Street light L042319"},"type":"Feature"},{"geometry":{"coordinates":[-90.2015238157309,38.66047103540882],"type":"Point"},"id":"stl-city-public-streetlights:2:149464","properties":{"address":null,"attributes":{"Date_Installed":null,"LED_Powered":0,"LightID":"L042320","Light_Source":"High Pressure Sodium","Light_Type":"Decorative","Lighting_Type":"King Luminaire (Historic Light Fixture)","Verification_Date":null},"id":"stl-city-public-streetlights:2:149464","sourceLayerId":2,"sourceObjectId":149464,"sourceURL":"https://maps8.stlouis-mo.gov/arcgis/rest/services/STREETS/Streets_Permitting/MapServer/2","title":"Street light L042320"},"type":"Feature"},{"geometry":{"coordinates":[-90.20122741280908,38.660580638964944],"type":"Point"},"id":"stl-city-public-streetlights:2:149465","properties":{"address":null,"attributes":{"Date_Installed":null,"LED_Powered":0,"LightID":"L042321","Light_Source":"High Pressure Sodium","Light_Type":"Decorative","Lighting_Type":"King Luminaire (Historic Light Fixture)","Verification_Date":null},"id":"stl-city-public-streetlights:2:149465","sourceLayerId":2,"sourceObjectId":149465,"sourceURL":"https://maps8.stlouis-mo.gov/arcgis/rest/services/STREETS/Streets_Permitting/MapServer/2","title":"Street light L042321"},"type":"Feature"},{"geometry":{"coordinates":[-90.20092602146097,38.66068355525471],"type":"Point"},"id":"stl-city-public-streetlights:2:149466","properties":{"address":null,"attributes":{"Date_Installed":null,"LED_Powered":0,"LightID":"L042322","Light_Source":"High Pressure Sodium","Light_Type":"Decorative","Lighting_Type":"King Luminaire (Historic Light Fixture)","Verification_Date":null},"id":"stl-city-public-streetlights:2:149466","sourceLayerId":2,"sourceObjectId":149466,"sourceURL":"https://maps8.stlouis-mo.gov/arcgis/rest/services/STREETS/Streets_Permitting/MapServer/2","title":"Street light L042322"},"type":"Feature"},{"geometry":{"coordinates":[-90.20064598885129,38.660767457290575],"type":"Point"},"id":"stl-city-public-streetlights:2:149467","properties":{"address":null,"attributes":{"Date_Installed":null,"LED_Powered":0,"LightID":"L042323","Light_Source":"High Pressure Sodium","Light_Type":"Decorative","Lighting_Type":"King Luminaire (Historic Light Fixture)","Verification_Date":null},"id":"stl-city-public-streetlights:2:149467","sourceLayerId":2,"sourceObjectId":149467,"sourceURL":"https://maps8.stlouis-mo.gov/arcgis/rest/services/STREETS/Streets_Permitting/MapServer/2","title":"Street light L042323"},"type":"Feature"},{"geometry":{"coordinates":[-90.20034308076313,38.66086917631995],"type":"Point"},"id":"stl-city-public-streetlights:2:149468","properties":{"address":null,"attributes":{"Date_Installed":null,"LED_Powered":0,"LightID":"L042324","Light_Source":"High Pressure Sodium","Light_Type":"Decorative","Lighting_Type":"King Luminaire (Historic Light Fixture)","Verification_Date":null},"id":"stl-city-public-streetlights:2:149468","sourceLayerId":2,"sourceObjectId":149468,"sourceURL":"https://maps8.stlouis-mo.gov/arcgis/rest/services/STREETS/Streets_Permitting/MapServer/2","title":"Street light L042324"},"type":"Feature"},{"geometry":{"coordinates":[-90.20001723297044,38.66098585258945],"type":"Point"},"id":"stl-city-public-streetlights:2:149469","properties":{"address":null,"attributes":{"Date_Installed":null,"LED_Powered":0,"LightID":"L042325","Light_Source":"High Pressure Sodium","Light_Type":"Decorative","Lighting_Type":"King Luminaire (Historic Light Fixture)","Verification_Date":null},"id":"stl-city-public-streetlights:2:149469","sourceLayerId":2,"sourceObjectId":149469,"sourceURL":"https://maps8.stlouis-mo.gov/arcgis/rest/services/STREETS/Streets_Permitting/MapServer/2","title":"Street light L042325"},"type":"Feature"},{"geometry":{"coordinates":[-90.20007675206662,38.66109271866488],"type":"Point"},"id":"stl-city-public-streetlights:2:149484","properties":{"address":null,"attributes":{"Date_Installed":null,"LED_Powered":0,"LightID":"L042340","Light_Source":"High Pressure Sodium","Light_Type":"Decorative","Lighting_Type":"King Luminaire (Historic Light Fixture)","Verification_Date":null},"id":"stl-city-public-streetlights:2:149484","sourceLayerId":2,"sourceObjectId":149484,"sourceURL":"https://maps8.stlouis-mo.gov/arcgis/rest/services/STREETS/Streets_Permitting/MapServer/2","title":"Street light L042340"},"type":"Feature"},{"geometry":{"coordinates":[-90.20093031202015,38.66080505870564],"type":"Point"},"id":"stl-city-public-streetlights:2:149485","properties":{"address":null,"attributes":{"Date_Installed":null,"LED_Powered":0,"LightID":"L042341","Light_Source":"High Pressure Sodium","Light_Type":"Decorative","Lighting_Type":"King Luminaire (Historic Light Fixture)","Verification_Date":null},"id":"stl-city-public-streetlights:2:149485","sourceLayerId":2,"sourceObjectId":149485,"sourceURL":"https://maps8.stlouis-mo.gov/arcgis/rest/services/STREETS/Streets_Permitting/MapServer/2","title":"Street light L042341"},"type":"Feature"},{"geometry":{"coordinates":[-90.20121290326527,38.660708707786505],"type":"Point"},"id":"stl-city-public-streetlights:2:149486","properties":{"address":null,"attributes":{"Date_Installed":null,"LED_Powered":0,"LightID":"L042342","Light_Source":"High Pressure Sodium","Light_Type":"Decorative","Lighting_Type":"King Luminaire (Historic Light Fixture)","Verification_Date":null},"id":"stl-city-public-streetlights:2:149486","sourceLayerId":2,"sourceObjectId":149486,"sourceURL":"https://maps8.stlouis-mo.gov/arcgis/rest/services/STREETS/Streets_Permitting/MapServer/2","title":"Street light L042342"},"type":"Feature"},{"geometry":{"coordinates":[-90.20140826147069,38.660645565392024],"type":"Point"},"id":"stl-city-public-streetlights:2:149487","properties":{"address":null,"attributes":{"Date_Installed":null,"LED_Powered":0,"LightID":"L042343","Light_Source":"High Pressure Sodium","Light_Type":"Decorative","Lighting_Type":"King Luminaire (Historic Light Fixture)","Verification_Date":null},"id":"stl-city-public-streetlights:2:149487","sourceLayerId":2,"sourceObjectId":149487,"sourceURL":"https://maps8.stlouis-mo.gov/arcgis/rest/services/STREETS/Streets_Permitting/MapServer/2","title":"Street light L042343"},"type":"Feature"},{"geometry":{"coordinates":[-90.20173782412058,38.660530146037125],"type":"Point"},"id":"stl-city-public-streetlights:2:149488","properties":{"address":null,"attributes":{"Date_Installed":null,"LED_Powered":0,"LightID":"L042344","Light_Source":"High Pressure Sodium","Light_Type":"Decorative","Lighting_Type":"King Luminaire (Historic Light Fixture)","Verification_Date":null},"id":"stl-city-public-streetlights:2:149488","sourceLayerId":2,"sourceObjectId":149488,"sourceURL":"https://maps8.stlouis-mo.gov/arcgis/rest/services/STREETS/Streets_Permitting/MapServer/2","title":"Street light L042344"},"type":"Feature"},{"geometry":{"coordinates":[-90.20200691552206,38.66044502163713],"type":"Point"},"id":"stl-city-public-streetlights:2:149489","properties":{"address":null,"attributes":{"Date_Installed":null,"LED_Powered":0,"LightID":"L042345","Light_Source":"High Pressure Sodium","Light_Type":"Decorative","Lighting_Type":"King Luminaire (Historic Light Fixture)","Verification_Date":null},"id":"stl-city-public-streetlights:2:149489","sourceLayerId":2,"sourceObjectId":149489,"sourceURL":"https://maps8.stlouis-mo.gov/arcgis/rest/services/STREETS/Streets_Permitting/MapServer/2","title":"Street light L042345"},"type":"Feature"},{"geometry":{"coordinates":[-90.20222059071139,38.66038073357201],"type":"Point"},"id":"stl-city-public-streetlights:2:149490","properties":{"address":null,"attributes":{"Date_Installed":null,"LED_Powered":0,"LightID":"L042346","Light_Source":"High Pressure Sodium","Light_Type":"Decorative","Lighting_Type":"King Luminaire (Historic Light Fixture)","Verification_Date":null},"id":"stl-city-public-streetlights:2:149490","sourceLayerId":2,"sourceObjectId":149490,"sourceURL":"https://maps8.stlouis-mo.gov/arcgis/rest/services/STREETS/Streets_Permitting/MapServer/2","title":"Street light L042346"},"type":"Feature"},{"geometry":{"coordinates":[-90.20241021761946,38.66030970747627],"type":"Point"},"id":"stl-city-public-streetlights:2:149491","properties":{"address":null,"attributes":{"Date_Installed":null,"LED_Powered":0,"LightID":"L042347","Light_Source":"High Pressure Sodium","Light_Type":"Decorative","Lighting_Type":"King Luminaire (Historic Light Fixture)","Verification_Date":null},"id":"stl-city-public-streetlights:2:149491","sourceLayerId":2,"sourceObjectId":149491,"sourceURL":"https://maps8.stlouis-mo.gov/arcgis/rest/services/STREETS/Streets_Permitting/MapServer/2","title":"Street light L042347"},"type":"Feature"},{"geometry":{"coordinates":[-90.20283369836707,38.66016145241722],"type":"Point"},"id":"stl-city-public-streetlights:2:149492","properties":{"address":null,"attributes":{"Date_Installed":null,"LED_Powered":0,"LightID":"L042348","Light_Source":"High Pressure Sodium","Light_Type":"Decorative","Lighting_Type":"King Luminaire (Historic Light Fixture)","Verification_Date":null},"id":"stl-city-public-streetlights:2:149492","sourceLayerId":2,"sourceObjectId":149492,"sourceURL":"https://maps8.stlouis-mo.gov/arcgis/rest/services/STREETS/Streets_Permitting/MapServer/2","title":"Street light L042348"},"type":"Feature"},{"geometry":{"coordinates":[-90.20314297659398,38.660061172787785],"type":"Point"},"id":"stl-city-public-streetlights:2:149493","properties":{"address":null,"attributes":{"Date_Installed":null,"LED_Powered":0,"LightID":"L042349","Light_Source":"High Pressure Sodium","Light_Type":"Decorative","Lighting_Type":"King Luminaire (Historic Light Fixture)","Verification_Date":null},"id":"stl-city-public-streetlights:2:149493","sourceLayerId":2,"sourceObjectId":149493,"sourceURL":"https://maps8.stlouis-mo.gov/arcgis/rest/services/STREETS/Streets_Permitting/MapServer/2","title":"Street light L042349"},"type":"Feature"},{"geometry":{"coordinates":[-90.20008391065318,38.6645501963066],"type":"Point"},"id":"stl-city-public-streetlights:2:154907","properties":{"address":null,"attributes":{"Date_Installed":"8/22/2018","LED_Powered":1,"LightID":"L047639","Light_Source":"LED","Light_Type":"Cobra","Lighting_Type":"LED-Powered Lamp","Verification_Date":null},"id":"stl-city-public-streetlights:2:154907","sourceLayerId":2,"sourceObjectId":154907,"sourceURL":"https://maps8.stlouis-mo.gov/arcgis/rest/services/STREETS/Streets_Permitting/MapServer/2","title":"Street light L047639"},"type":"Feature"},{"geometry":{"coordinates":[-90.2004905302596,38.66441351364569],"type":"Point"},"id":"stl-city-public-streetlights:2:154908","properties":{"address":null,"attributes":{"Date_Installed":"8/22/2018","LED_Powered":1,"LightID":"L047640","Light_Source":"LED","Light_Type":"Cobra","Lighting_Type":"LED-Powered Lamp","Verification_Date":null},"id":"stl-city-public-streetlights:2:154908","sourceLayerId":2,"sourceObjectId":154908,"sourceURL":"https://maps8.stlouis-mo.gov/arcgis/rest/services/STREETS/Streets_Permitting/MapServer/2","title":"Street light L047640"},"type":"Feature"},{"geometry":{"coordinates":[-90.2008905548659,38.66428296304141],"type":"Point"},"id":"stl-city-public-streetlights:2:154909","properties":{"address":null,"attributes":{"Date_Installed":"8/22/2018","LED_Powered":1,"LightID":"L047641","Light_Source":"LED","Light_Type":"Cobra","Lighting_Type":"LED-Powered Lamp","Verification_Date":null},"id":"stl-city-public-streetlights:2:154909","sourceLayerId":2,"sourceObjectId":154909,"sourceURL":"https://maps8.stlouis-mo.gov/arcgis/rest/services/STREETS/Streets_Permitting/MapServer/2","title":"Street light L047641"},"type":"Feature"},{"geometry":{"coordinates":[-90.20126392200095,38.664158063603345],"type":"Point"},"id":"stl-city-public-streetlights:2:154910","properties":{"address":null,"attributes":{"Date_Installed":"8/22/2018","LED_Powered":1,"LightID":"L047642","Light_Source":"LED","Light_Type":"Cobra","Lighting_Type":"LED-Powered Lamp","Verification_Date":null},"id":"stl-city-public-streetlights:2:154910","sourceLayerId":2,"sourceObjectId":154910,"sourceURL":"https://maps8.stlouis-mo.gov/arcgis/rest/services/STREETS/Streets_Permitting/MapServer/2","title":"Street light L047642"},"type":"Feature"},{"geometry":{"coordinates":[-90.20164568214274,38.66403275465507],"type":"Point"},"id":"stl-city-public-streetlights:2:154911","properties":{"address":null,"attributes":{"Date_Installed":"8/22/2018","LED_Powered":1,"LightID":"L047643","Light_Source":"LED","Light_Type":"Cobra","Lighting_Type":"LED-Powered Lamp","Verification_Date":null},"id":"stl-city-public-streetlights:2:154911","sourceLayerId":2,"sourceObjectId":154911,"sourceURL":"https://maps8.stlouis-mo.gov/arcgis/rest/services/STREETS/Streets_Permitting/MapServer/2","title":"Street light L047643"},"type":"Feature"},{"geometry":{"coordinates":[-90.20745626093239,38.661205611839605],"type":"Point"},"id":"stl-city-public-streetlights:2:154912","properties":{"address":null,"attributes":{"Date_Installed":"8/22/2018","LED_Powered":1,"LightID":"L047644","Light_Source":"LED","Light_Type":"Cobra","Lighting_Type":"LED-Powered Lamp","Verification_Date":null},"id":"stl-city-public-streetlights:2:154912","sourceLayerId":2,"sourceObjectId":154912,"sourceURL":"https://maps8.stlouis-mo.gov/arcgis/rest/services/STREETS/Streets_Permitting/MapServer/2","title":"Street light L047644"},"type":"Feature"},{"geometry":{"coordinates":[-90.20803114587659,38.661031198974975],"type":"Point"},"id":"stl-city-public-streetlights:2:154913","properties":{"address":null,"attributes":{"Date_Installed":"8/22/2018","LED_Powered":1,"LightID":"L047645","Light_Source":"LED","Light_Type":"Cobra","Lighting_Type":"LED-Powered Lamp","Verification_Date":null},"id":"stl-city-public-streetlights:2:154913","sourceLayerId":2,"sourceObjectId":154913,"sourceURL":"https://maps8.stlouis-mo.gov/arcgis/rest/services/STREETS/Streets_Permitting/MapServer/2","title":"Street light L047645"},"type":"Feature"},{"geometry":{"coordinates":[-90.20865083125214,38.66084160954811],"type":"Point"},"id":"stl-city-public-streetlights:2:154914","properties":{"address":null,"attributes":{"Date_Installed":"8/22/2018","LED_Powered":1,"LightID":"L047646","Light_Source":"LED","Light_Type":"Cobra","Lighting_Type":"LED-Powered Lamp","Verification_Date":null},"id":"stl-city-public-streetlights:2:154914","sourceLayerId":2,"sourceObjectId":154914,"sourceURL":"https://maps8.stlouis-mo.gov/arcgis/rest/services/STREETS/Streets_Permitting/MapServer/2","title":"Street light L047646"},"type":"Feature"},{"geometry":{"coordinates":[-90.20922535685565,38.660664269229684],"type":"Point"},"id":"stl-city-public-streetlights:2:154915","properties":{"address":null,"attributes":{"Date_Installed":"8/22/2018","LED_Powered":1,"LightID":"L047647","Light_Source":"LED","Light_Type":"Cobra","Lighting_Type":"LED-Powered Lamp","Verification_Date":null},"id":"stl-city-public-streetlights:2:154915","sourceLayerId":2,"sourceObjectId":154915,"sourceURL":"https://maps8.stlouis-mo.gov/arcgis/rest/services/STREETS/Streets_Permitting/MapServer/2","title":"Street light L047647"},"type":"Feature"},{"geometry":{"coordinates":[-90.20979152210829,38.66048630985324],"type":"Point"},"id":"stl-city-public-streetlights:2:154916","properties":{"address":null,"attributes":{"Date_Installed":"8/22/2018","LED_Powered":1,"LightID":"L047648","Light_Source":"LED","Light_Type":"Cobra","Lighting_Type":"LED-Powered Lamp","Verification_Date":null},"id":"stl-city-public-streetlights:2:154916","sourceLayerId":2,"sourceObjectId":154916,"sourceURL":"https://maps8.stlouis-mo.gov/arcgis/rest/services/STREETS/Streets_Permitting/MapServer/2","title":"Street light L047648"},"type":"Feature"},{"geometry":{"coordinates":[-90.20691052361353,38.66008908657715],"type":"Point"},"id":"stl-city-public-streetlights:2:154932","properties":{"address":null,"attributes":{"Date_Installed":"8/22/2018","LED_Powered":1,"LightID":"L047664","Light_Source":"LED","Light_Type":"Cobra","Lighting_Type":"LED-Powered Lamp","Verification_Date":null},"id":"stl-city-public-streetlights:2:154932","sourceLayerId":2,"sourceObjectId":154932,"sourceURL":"https://maps8.stlouis-mo.gov/arcgis/rest/services/STREETS/Streets_Permitting/MapServer/2","title":"Street light L047664"},"type":"Feature"},{"geometry":{"coordinates":[-90.20649581229193,38.660213781522856],"type":"Point"},"id":"stl-city-public-streetlights:2:154933","properties":{"address":null,"attributes":{"Date_Installed":"8/22/2018","LED_Powered":1,"LightID":"L047665","Light_Source":"LED","Light_Type":"Cobra","Lighting_Type":"LED-Powered Lamp","Verification_Date":null},"id":"stl-city-public-streetlights:2:154933","sourceLayerId":2,"sourceObjectId":154933,"sourceURL":"https://maps8.stlouis-mo.gov/arcgis/rest/services/STREETS/Streets_Permitting/MapServer/2","title":"Street light L047665"},"type":"Feature"},{"geometry":{"coordinates":[-90.20607652581126,38.660342038210686],"type":"Point"},"id":"stl-city-public-streetlights:2:154934","properties":{"address":null,"attributes":{"Date_Installed":"8/22/2018","LED_Powered":1,"LightID":"L047666","Light_Source":"LED","Light_Type":"Cobra","Lighting_Type":"LED-Powered Lamp","Verification_Date":null},"id":"stl-city-public-streetlights:2:154934","sourceLayerId":2,"sourceObjectId":154934,"sourceURL":"https://maps8.stlouis-mo.gov/arcgis/rest/services/STREETS/Streets_Permitting/MapServer/2","title":"Street light L047666"},"type":"Feature"},{"geometry":{"coordinates":[-90.20570212042159,38.66045968127654],"type":"Point"},"id":"stl-city-public-streetlights:2:154935","properties":{"address":null,"attributes":{"Date_Installed":"8/22/2018","LED_Powered":1,"LightID":"L047667","Light_Source":"LED","Light_Type":"Cobra","Lighting_Type":"LED-Powered Lamp","Verification_Date":null},"id":"stl-city-public-streetlights:2:154935","sourceLayerId":2,"sourceObjectId":154935,"sourceURL":"https://maps8.stlouis-mo.gov/arcgis/rest/services/STREETS/Streets_Permitting/MapServer/2","title":"Street light L047667"},"type":"Feature"},{"geometry":{"coordinates":[-90.20011724037924,38.6610827938175],"type":"Point"},"id":"stl-city-public-streetlights:2:155009","properties":{"address":null,"attributes":{"Date_Installed":"8/22/2018","LED_Powered":1,"LightID":"L047741","Light_Source":"LED","Light_Type":"Cobra","Lighting_Type":"LED-Powered Lamp","Verification_Date":null},"id":"stl-city-public-streetlights:2:155009","sourceLayerId":2,"sourceObjectId":155009,"sourceURL":"https://maps8.stlouis-mo.gov/arcgis/rest/services/STREETS/Streets_Permitting/MapServer/2","title":"Street light L047741"},"type":"Feature"},{"geometry":{"coordinates":[-90.20061349265555,38.66090887075763],"type":"Point"},"id":"stl-city-public-streetlights:2:155010","properties":{"address":null,"attributes":{"Date_Installed":"8/22/2018","LED_Powered":1,"LightID":"L047742","Light_Source":"LED","Light_Type":"Cobra","Lighting_Type":"LED-Powered Lamp","Verification_Date":null},"id":"stl-city-public-streetlights:2:155010","sourceLayerId":2,"sourceObjectId":155010,"sourceURL":"https://maps8.stlouis-mo.gov/arcgis/rest/services/STREETS/Streets_Permitting/MapServer/2","title":"Street light L047742"},"type":"Feature"},{"geometry":{"coordinates":[-90.20110150072458,38.66074326671517],"type":"Point"},"id":"stl-city-public-streetlights:2:155011","properties":{"address":null,"attributes":{"Date_Installed":"8/22/2018","LED_Powered":1,"LightID":"L047743","Light_Source":"LED","Light_Type":"Cobra","Lighting_Type":"LED-Powered Lamp","Verification_Date":null},"id":"stl-city-public-streetlights:2:155011","sourceLayerId":2,"sourceObjectId":155011,"sourceURL":"https://maps8.stlouis-mo.gov/arcgis/rest/services/STREETS/Streets_Permitting/MapServer/2","title":"Street light L047743"},"type":"Feature"},{"geometry":{"coordinates":[-90.20158340754782,38.660582412548635],"type":"Point"},"id":"stl-city-public-streetlights:2:155012","properties":{"address":null,"attributes":{"Date_Installed":"8/22/2018","LED_Powered":1,"LightID":"L047744","Light_Source":"LED","Light_Type":"Cobra","Lighting_Type":"LED-Powered Lamp","Verification_Date":null},"id":"stl-city-public-streetlights:2:155012","sourceLayerId":2,"sourceObjectId":155012,"sourceURL":"https://maps8.stlouis-mo.gov/arcgis/rest/services/STREETS/Streets_Permitting/MapServer/2","title":"Street light L047744"},"type":"Feature"},{"geometry":{"coordinates":[-90.20207244880669,38.66042288534853],"type":"Point"},"id":"stl-city-public-streetlights:2:155013","properties":{"address":null,"attributes":{"Date_Installed":"8/22/2018","LED_Powered":1,"LightID":"L047745","Light_Source":"LED","Light_Type":"Cobra","Lighting_Type":"LED-Powered Lamp","Verification_Date":null},"id":"stl-city-public-streetlights:2:155013","sourceLayerId":2,"sourceObjectId":155013,"sourceURL":"https://maps8.stlouis-mo.gov/arcgis/rest/services/STREETS/Streets_Permitting/MapServer/2","title":"Street light L047745"},"type":"Feature"},{"geometry":{"coordinates":[-90.2025433926056,38.66026557490296],"type":"Point"},"id":"stl-city-public-streetlights:2:155014","properties":{"address":null,"attributes":{"Date_Installed":"8/22/2018","LED_Powered":1,"LightID":"L047746","Light_Source":"LED","Light_Type":"Cobra","Lighting_Type":"LED-Powered Lamp","Verification_Date":null},"id":"stl-city-public-streetlights:2:155014","sourceLayerId":2,"sourceObjectId":155014,"sourceURL":"https://maps8.stlouis-mo.gov/arcgis/rest/services/STREETS/Streets_Permitting/MapServer/2","title":"Street light L047746"},"type":"Feature"},{"geometry":{"coordinates":[-90.20306731302152,38.66008813613234],"type":"Point"},"id":"stl-city-public-streetlights:2:155015","properties":{"address":null,"attributes":{"Date_Installed":"8/22/2018","LED_Powered":1,"LightID":"L047747","Light_Source":"LED","Light_Type":"Cobra","Lighting_Type":"LED-Powered Lamp","Verification_Date":null},"id":"stl-city-public-streetlights:2:155015","sourceLayerId":2,"sourceObjectId":155015,"sourceURL":"https://maps8.stlouis-mo.gov/arcgis/rest/services/STREETS/Streets_Permitting/MapServer/2","title":"Street light L047747"},"type":"Feature"},{"geometry":{"coordinates":[-90.20343746209403,38.66107643282482],"type":"Point"},"id":"stl-city-public-streetlights:2:155020","properties":{"address":null,"attributes":{"Date_Installed":"8/22/2018","LED_Powered":1,"LightID":"L047752","Light_Source":"LED","Light_Type":"Cobra","Lighting_Type":"LED-Powered Lamp","Verification_Date":null},"id":"stl-city-public-streetlights:2:155020","sourceLayerId":2,"sourceObjectId":155020,"sourceURL":"https://maps8.stlouis-mo.gov/arcgis/rest/services/STREETS/Streets_Permitting/MapServer/2","title":"Street light L047752"},"type":"Feature"},{"geometry":{"coordinates":[-90.20383743336323,38.66095302222438],"type":"Point"},"id":"stl-city-public-streetlights:2:155021","properties":{"address":null,"attributes":{"Date_Installed":"8/22/2018","LED_Powered":1,"LightID":"L047753","Light_Source":"LED","Light_Type":"Cobra","Lighting_Type":"LED-Powered Lamp","Verification_Date":null},"id":"stl-city-public-streetlights:2:155021","sourceLayerId":2,"sourceObjectId":155021,"sourceURL":"https://maps8.stlouis-mo.gov/arcgis/rest/services/STREETS/Streets_Permitting/MapServer/2","title":"Street light L047753"},"type":"Feature"},{"geometry":{"coordinates":[-90.2042428817341,38.66082819439519],"type":"Point"},"id":"stl-city-public-streetlights:2:155022","properties":{"address":null,"attributes":{"Date_Installed":"8/22/2018","LED_Powered":1,"LightID":"L047754","Light_Source":"LED","Light_Type":"Cobra","Lighting_Type":"LED-Powered Lamp","Verification_Date":null},"id":"stl-city-public-streetlights:2:155022","sourceLayerId":2,"sourceObjectId":155022,"sourceURL":"https://maps8.stlouis-mo.gov/arcgis/rest/services/STREETS/Streets_Permitting/MapServer/2","title":"Street light L047754"},"type":"Feature"},{"geometry":{"coordinates":[-90.20463965693696,38.66068274901836],"type":"Point"},"id":"stl-city-public-streetlights:2:155023","properties":{"address":null,"attributes":{"Date_Installed":"8/22/2018","LED_Powered":1,"LightID":"L047755","Light_Source":"LED","Light_Type":"Cobra","Lighting_Type":"LED-Powered Lamp","Verification_Date":null},"id":"stl-city-public-streetlights:2:155023","sourceLayerId":2,"sourceObjectId":155023,"sourceURL":"https://maps8.stlouis-mo.gov/arcgis/rest/services/STREETS/Streets_Permitting/MapServer/2","title":"Street light L047755"},"type":"Feature"},{"geometry":{"coordinates":[-90.20504513173772,38.6605507672374],"type":"Point"},"id":"stl-city-public-streetlights:2:155024","properties":{"address":null,"attributes":{"Date_Installed":"8/22/2018","LED_Powered":1,"LightID":"L047756","Light_Source":"LED","Light_Type":"Cobra","Lighting_Type":"LED-Powered Lamp","Verification_Date":null},"id":"stl-city-public-streetlights:2:155024","sourceLayerId":2,"sourceObjectId":155024,"sourceURL":"https://maps8.stlouis-mo.gov/arcgis/rest/services/STREETS/Streets_Permitting/MapServer/2","title":"Street light L047756"},"type":"Feature"},{"geometry":{"coordinates":[-90.205408582319,38.66043584008416],"type":"Point"},"id":"stl-city-public-streetlights:2:155025","properties":{"address":null,"attributes":{"Date_Installed":"8/22/2018","LED_Powered":1,"LightID":"L047757","Light_Source":"LED","Light_Type":"Cobra","Lighting_Type":"LED-Powered Lamp","Verification_Date":null},"id":"stl-city-public-streetlights:2:155025","sourceLayerId":2,"sourceObjectId":155025,"sourceURL":"https://maps8.stlouis-mo.gov/arcgis/rest/services/STREETS/Streets_Permitting/MapServer/2","title":"Street light L047757"},"type":"Feature"},{"geometry":{"coordinates":[-90.20597871065266,38.66165998124336],"type":"Point"},"id":"stl-city-public-streetlights:2:155026","properties":{"address":null,"attributes":{"Date_Installed":"7/31/2017","LED_Powered":1,"LightID":"L047758","Light_Source":"LED","Light_Type":"Cobra","Lighting_Type":"LED-Powered Lamp","Verification_Date":null},"id":"stl-city-public-streetlights:2:155026","sourceLayerId":2,"sourceObjectId":155026,"sourceURL":"https://maps8.stlouis-mo.gov/arcgis/rest/services/STREETS/Streets_Permitting/MapServer/2","title":"Street light L047758"},"type":"Feature"},{"geometry":{"coordinates":[-90.20560317368673,38.66179269742468],"type":"Point"},"id":"stl-city-public-streetlights:2:155027","properties":{"address":null,"attributes":{"Date_Installed":"7/31/2017","LED_Powered":1,"LightID":"L047759","Light_Source":"LED","Light_Type":"Cobra","Lighting_Type":"LED-Powered Lamp","Verification_Date":null},"id":"stl-city-public-streetlights:2:155027","sourceLayerId":2,"sourceObjectId":155027,"sourceURL":"https://maps8.stlouis-mo.gov/arcgis/rest/services/STREETS/Streets_Permitting/MapServer/2","title":"Street light L047759"},"type":"Feature"},{"geometry":{"coordinates":[-90.2052397036669,38.6619104854078],"type":"Point"},"id":"stl-city-public-streetlights:2:155028","properties":{"address":null,"attributes":{"Date_Installed":"7/31/2017","LED_Powered":1,"LightID":"L047760","Light_Source":"LED","Light_Type":"Cobra","Lighting_Type":"LED-Powered Lamp","Verification_Date":null},"id":"stl-city-public-streetlights:2:155028","sourceLayerId":2,"sourceObjectId":155028,"sourceURL":"https://maps8.stlouis-mo.gov/arcgis/rest/services/STREETS/Streets_Permitting/MapServer/2","title":"Street light L047760"},"type":"Feature"},{"geometry":{"coordinates":[-90.20480442719915,38.662042869185655],"type":"Point"},"id":"stl-city-public-streetlights:2:155029","properties":{"address":null,"attributes":{"Date_Installed":"7/31/2017","LED_Powered":1,"LightID":"L047761","Light_Source":"LED","Light_Type":"Cobra","Lighting_Type":"LED-Powered Lamp","Verification_Date":null},"id":"stl-city-public-streetlights:2:155029","sourceLayerId":2,"sourceObjectId":155029,"sourceURL":"https://maps8.stlouis-mo.gov/arcgis/rest/services/STREETS/Streets_Permitting/MapServer/2","title":"Street light L047761"},"type":"Feature"},{"geometry":{"coordinates":[-90.2043751904522,38.662184800669515],"type":"Point"},"id":"stl-city-public-streetlights:2:155030","properties":{"address":null,"attributes":{"Date_Installed":"7/31/2017","LED_Powered":1,"LightID":"L047762","Light_Source":"LED","Light_Type":"Cobra","Lighting_Type":"LED-Powered Lamp","Verification_Date":null},"id":"stl-city-public-streetlights:2:155030","sourceLayerId":2,"sourceObjectId":155030,"sourceURL":"https://maps8.stlouis-mo.gov/arcgis/rest/services/STREETS/Streets_Permitting/MapServer/2","title":"Street light L047762"},"type":"Feature"},{"geometry":{"coordinates":[-90.20398093235586,38.662322051613565],"type":"Point"},"id":"stl-city-public-streetlights:2:155031","properties":{"address":null,"attributes":{"Date_Installed":"7/31/2017","LED_Powered":1,"LightID":"L047763","Light_Source":"LED","Light_Type":"Cobra","Lighting_Type":"LED-Powered Lamp","Verification_Date":null},"id":"stl-city-public-streetlights:2:155031","sourceLayerId":2,"sourceObjectId":155031,"sourceURL":"https://maps8.stlouis-mo.gov/arcgis/rest/services/STREETS/Streets_Permitting/MapServer/2","title":"Street light L047763"},"type":"Feature"},{"geometry":{"coordinates":[-90.20361136880129,38.66244196500568],"type":"Point"},"id":"stl-city-public-streetlights:2:155032","properties":{"address":null,"attributes":{"Date_Installed":"7/31/2017","LED_Powered":1,"LightID":"L047764","Light_Source":"LED","Light_Type":"Cobra","Lighting_Type":"LED-Powered Lamp","Verification_Date":null},"id":"stl-city-public-streetlights:2:155032","sourceLayerId":2,"sourceObjectId":155032,"sourceURL":"https://maps8.stlouis-mo.gov/arcgis/rest/services/STREETS/Streets_Permitting/MapServer/2","title":"Street light L047764"},"type":"Feature"},{"geometry":{"coordinates":[-90.20318215685914,38.662576740932835],"type":"Point"},"id":"stl-city-public-streetlights:2:155033","properties":{"address":null,"attributes":{"Date_Installed":"7/31/2017","LED_Powered":1,"LightID":"L047765","Light_Source":"LED","Light_Type":"Cobra","Lighting_Type":"LED-Powered Lamp","Verification_Date":null},"id":"stl-city-public-streetlights:2:155033","sourceLayerId":2,"sourceObjectId":155033,"sourceURL":"https://maps8.stlouis-mo.gov/arcgis/rest/services/STREETS/Streets_Permitting/MapServer/2","title":"Street light L047765"},"type":"Feature"},{"geometry":{"coordinates":[-90.20281684365267,38.66269737699262],"type":"Point"},"id":"stl-city-public-streetlights:2:155034","properties":{"address":null,"attributes":{"Date_Installed":"7/31/2017","LED_Powered":1,"LightID":"L047766","Light_Source":"LED","Light_Type":"Cobra","Lighting_Type":"LED-Powered Lamp","Verification_Date":null},"id":"stl-city-public-streetlights:2:155034","sourceLayerId":2,"sourceObjectId":155034,"sourceURL":"https://maps8.stlouis-mo.gov/arcgis/rest/services/STREETS/Streets_Permitting/MapServer/2","title":"Street light L047766"},"type":"Feature"},{"geometry":{"coordinates":[-90.20238158760492,38.66282260145148],"type":"Point"},"id":"stl-city-public-streetlights:2:155035","properties":{"address":null,"attributes":{"Date_Installed":"7/31/2017","LED_Powered":1,"LightID":"L047767","Light_Source":"LED","Light_Type":"Cobra","Lighting_Type":"LED-Powered Lamp","Verification_Date":null},"id":"stl-city-public-streetlights:2:155035","sourceLayerId":2,"sourceObjectId":155035,"sourceURL":"https://maps8.stlouis-mo.gov/arcgis/rest/services/STREETS/Streets_Permitting/MapServer/2","title":"Street light L047767"},"type":"Feature"},{"geometry":{"coordinates":[-90.20201019239825,38.66294321860731],"type":"Point"},"id":"stl-city-public-streetlights:2:155036","properties":{"address":null,"attributes":{"Date_Installed":"7/31/2017","LED_Powered":1,"LightID":"L047768","Light_Source":"LED","Light_Type":"Cobra","Lighting_Type":"LED-Powered Lamp","Verification_Date":null},"id":"stl-city-public-streetlights:2:155036","sourceLayerId":2,"sourceObjectId":155036,"sourceURL":"https://maps8.stlouis-mo.gov/arcgis/rest/services/STREETS/Streets_Permitting/MapServer/2","title":"Street light L047768"},"type":"Feature"},{"geometry":{"coordinates":[-90.20162416077281,38.66307380967992],"type":"Point"},"id":"stl-city-public-streetlights:2:155037","properties":{"address":null,"attributes":{"Date_Installed":"7/31/2017","LED_Powered":1,"LightID":"L047769","Light_Source":"LED","Light_Type":"Cobra","Lighting_Type":"LED-Powered Lamp","Verification_Date":null},"id":"stl-city-public-streetlights:2:155037","sourceLayerId":2,"sourceObjectId":155037,"sourceURL":"https://maps8.stlouis-mo.gov/arcgis/rest/services/STREETS/Streets_Permitting/MapServer/2","title":"Street light L047769"},"type":"Feature"},{"geometry":{"coordinates":[-90.2011769522253,38.6632212852418],"type":"Point"},"id":"stl-city-public-streetlights:2:155038","properties":{"address":null,"attributes":{"Date_Installed":"8/22/2018","LED_Powered":1,"LightID":"L047770","Light_Source":"LED","Light_Type":"Cobra","Lighting_Type":"LED-Powered Lamp","Verification_Date":null},"id":"stl-city-public-streetlights:2:155038","sourceLayerId":2,"sourceObjectId":155038,"sourceURL":"https://maps8.stlouis-mo.gov/arcgis/rest/services/STREETS/Streets_Permitting/MapServer/2","title":"Street light L047770"},"type":"Feature"},{"geometry":{"coordinates":[-90.20079703392625,38.663343307362624],"type":"Point"},"id":"stl-city-public-streetlights:2:155039","properties":{"address":null,"attributes":{"Date_Installed":"8/22/2018","LED_Powered":1,"LightID":"L047771","Light_Source":"LED","Light_Type":"Cobra","Lighting_Type":"LED-Powered Lamp","Verification_Date":null},"id":"stl-city-public-streetlights:2:155039","sourceLayerId":2,"sourceObjectId":155039,"sourceURL":"https://maps8.stlouis-mo.gov/arcgis/rest/services/STREETS/Streets_Permitting/MapServer/2","title":"Street light L047771"},"type":"Feature"},{"geometry":{"coordinates":[-90.20040431067339,38.66347387637643],"type":"Point"},"id":"stl-city-public-streetlights:2:155040","properties":{"address":null,"attributes":{"Date_Installed":"8/22/2018","LED_Powered":1,"LightID":"L047772","Light_Source":"LED","Light_Type":"Cobra","Lighting_Type":"LED-Powered Lamp","Verification_Date":null},"id":"stl-city-public-streetlights:2:155040","sourceLayerId":2,"sourceObjectId":155040,"sourceURL":"https://maps8.stlouis-mo.gov/arcgis/rest/services/STREETS/Streets_Permitting/MapServer/2","title":"Street light L047772"},"type":"Feature"},{"geometry":{"coordinates":[-90.20003132776078,38.6635944840602],"type":"Point"},"id":"stl-city-public-streetlights:2:155041","properties":{"address":null,"attributes":{"Date_Installed":"8/22/2018","LED_Powered":1,"LightID":"L047773","Light_Source":"LED","Light_Type":"Cobra","Lighting_Type":"LED-Powered Lamp","Verification_Date":null},"id":"stl-city-public-streetlights:2:155041","sourceLayerId":2,"sourceObjectId":155041,"sourceURL":"https://maps8.stlouis-mo.gov/arcgis/rest/services/STREETS/Streets_Permitting/MapServer/2","title":"Street light L047773"},"type":"Feature"},{"geometry":{"coordinates":[-90.2007159287198,38.66212828178652],"type":"Point"},"id":"stl-city-public-streetlights:2:155044","properties":{"address":null,"attributes":{"Date_Installed":"8/22/2018","LED_Powered":1,"LightID":"L047776","Light_Source":"LED","Light_Type":"Cobra","Lighting_Type":"LED-Powered Lamp","Verification_Date":null},"id":"stl-city-public-streetlights:2:155044","sourceLayerId":2,"sourceObjectId":155044,"sourceURL":"https://maps8.stlouis-mo.gov/arcgis/rest/services/STREETS/Streets_Permitting/MapServer/2","title":"Street light L047776"},"type":"Feature"},{"geometry":{"coordinates":[-90.20033477694322,38.662255782066055],"type":"Point"},"id":"stl-city-public-streetlights:2:155045","properties":{"address":null,"attributes":{"Date_Installed":"8/22/2018","LED_Powered":1,"LightID":"L047777","Light_Source":"LED","Light_Type":"Cobra","Lighting_Type":"LED-Powered Lamp","Verification_Date":null},"id":"stl-city-public-streetlights:2:155045","sourceLayerId":2,"sourceObjectId":155045,"sourceURL":"https://maps8.stlouis-mo.gov/arcgis/rest/services/STREETS/Streets_Permitting/MapServer/2","title":"Street light L047777"},"type":"Feature"},{"geometry":{"coordinates":[-90.20010716245945,38.66543846323462],"type":"Point"},"id":"stl-city-public-streetlights:2:155051","properties":{"address":null,"attributes":{"Date_Installed":"7/31/2017","LED_Powered":1,"LightID":"L047783","Light_Source":"LED","Light_Type":"Cobra","Lighting_Type":"LED-Powered Lamp","Verification_Date":null},"id":"stl-city-public-streetlights:2:155051","sourceLayerId":2,"sourceObjectId":155051,"sourceURL":"https://maps8.stlouis-mo.gov/arcgis/rest/services/STREETS/Streets_Permitting/MapServer/2","title":"Street light L047783"},"type":"Feature"},{"geometry":{"coordinates":[-90.20048710492748,38.6653135822687],"type":"Point"},"id":"stl-city-public-streetlights:2:155052","properties":{"address":null,"attributes":{"Date_Installed":"7/31/2017","LED_Powered":1,"LightID":"L047784","Light_Source":"LED","Light_Type":"Cobra","Lighting_Type":"LED-Powered Lamp","Verification_Date":null},"id":"stl-city-public-streetlights:2:155052","sourceLayerId":2,"sourceObjectId":155052,"sourceURL":"https://maps8.stlouis-mo.gov/arcgis/rest/services/STREETS/Streets_Permitting/MapServer/2","title":"Street light L047784"},"type":"Feature"},{"geometry":{"coordinates":[-90.20084999682874,38.66519437797622],"type":"Point"},"id":"stl-city-public-streetlights:2:155053","properties":{"address":null,"attributes":{"Date_Installed":"7/31/2017","LED_Powered":1,"LightID":"L047785","Light_Source":"LED","Light_Type":"Cobra","Lighting_Type":"LED-Powered Lamp","Verification_Date":null},"id":"stl-city-public-streetlights:2:155053","sourceLayerId":2,"sourceObjectId":155053,"sourceURL":"https://maps8.stlouis-mo.gov/arcgis/rest/services/STREETS/Streets_Permitting/MapServer/2","title":"Street light L047785"},"type":"Feature"},{"geometry":{"coordinates":[-90.20122095007386,38.665066421232204],"type":"Point"},"id":"stl-city-public-streetlights:2:155054","properties":{"address":null,"attributes":{"Date_Installed":"7/31/2017","LED_Powered":1,"LightID":"L047786","Light_Source":"LED","Light_Type":"Cobra","Lighting_Type":"LED-Powered Lamp","Verification_Date":null},"id":"stl-city-public-streetlights:2:155054","sourceLayerId":2,"sourceObjectId":155054,"sourceURL":"https://maps8.stlouis-mo.gov/arcgis/rest/services/STREETS/Streets_Permitting/MapServer/2","title":"Street light L047786"},"type":"Feature"},{"geometry":{"coordinates":[-90.20161551993786,38.66493204078867],"type":"Point"},"id":"stl-city-public-streetlights:2:155055","properties":{"address":null,"attributes":{"Date_Installed":"7/31/2017","LED_Powered":1,"LightID":"L047787","Light_Source":"LED","Light_Type":"Cobra","Lighting_Type":"LED-Powered Lamp","Verification_Date":null},"id":"stl-city-public-streetlights:2:155055","sourceLayerId":2,"sourceObjectId":155055,"sourceURL":"https://maps8.stlouis-mo.gov/arcgis/rest/services/STREETS/Streets_Permitting/MapServer/2","title":"Street light L047787"},"type":"Feature"},{"geometry":{"coordinates":[-90.20200760954668,38.66480909302407],"type":"Point"},"id":"stl-city-public-streetlights:2:155056","properties":{"address":null,"attributes":{"Date_Installed":"7/31/2017","LED_Powered":1,"LightID":"L047788","Light_Source":"LED","Light_Type":"Cobra","Lighting_Type":"LED-Powered Lamp","Verification_Date":null},"id":"stl-city-public-streetlights:2:155056","sourceLayerId":2,"sourceObjectId":155056,"sourceURL":"https://maps8.stlouis-mo.gov/arcgis/rest/services/STREETS/Streets_Permitting/MapServer/2","title":"Street light L047788"},"type":"Feature"},{"geometry":{"coordinates":[-90.20248566343575,38.664659666707976],"type":"Point"},"id":"stl-city-public-streetlights:2:155057","properties":{"address":null,"attributes":{"Date_Installed":"7/31/2017","LED_Powered":1,"LightID":"L047789","Light_Source":"LED","Light_Type":"Cobra","Lighting_Type":"LED-Powered Lamp","Verification_Date":null},"id":"stl-city-public-streetlights:2:155057","sourceLayerId":2,"sourceObjectId":155057,"sourceURL":"https://maps8.stlouis-mo.gov/arcgis/rest/services/STREETS/Streets_Permitting/MapServer/2","title":"Street light L047789"},"type":"Feature"},{"geometry":{"coordinates":[-90.20287536485291,38.66452526871469],"type":"Point"},"id":"stl-city-public-streetlights:2:155058","properties":{"address":null,"attributes":{"Date_Installed":"7/31/2017","LED_Powered":1,"LightID":"L047790","Light_Source":"LED","Light_Type":"Cobra","Lighting_Type":"LED-Powered Lamp","Verification_Date":null},"id":"stl-city-public-streetlights:2:155058","sourceLayerId":2,"sourceObjectId":155058,"sourceURL":"https://maps8.stlouis-mo.gov/arcgis/rest/services/STREETS/Streets_Permitting/MapServer/2","title":"Street light L047790"},"type":"Feature"},{"geometry":{"coordinates":[-90.20326503448973,38.664398497128055],"type":"Point"},"id":"stl-city-public-streetlights:2:155059","properties":{"address":null,"attributes":{"Date_Installed":"7/31/2017","LED_Powered":1,"LightID":"L047791","Light_Source":"LED","Light_Type":"Cobra","Lighting_Type":"LED-Powered Lamp","Verification_Date":null},"id":"stl-city-public-streetlights:2:155059","sourceLayerId":2,"sourceObjectId":155059,"sourceURL":"https://maps8.stlouis-mo.gov/arcgis/rest/services/STREETS/Streets_Permitting/MapServer/2","title":"Street light L047791"},"type":"Feature"},{"geometry":{"coordinates":[-90.20366033125643,38.66426296748092],"type":"Point"},"id":"stl-city-public-streetlights:2:155060","properties":{"address":null,"attributes":{"Date_Installed":"7/31/2017","LED_Powered":1,"LightID":"L047792","Light_Source":"LED","Light_Type":"Cobra","Lighting_Type":"LED-Powered Lamp","Verification_Date":null},"id":"stl-city-public-streetlights:2:155060","sourceLayerId":2,"sourceObjectId":155060,"sourceURL":"https://maps8.stlouis-mo.gov/arcgis/rest/services/STREETS/Streets_Permitting/MapServer/2","title":"Street light L047792"},"type":"Feature"},{"geometry":{"coordinates":[-90.20408163840413,38.66413055269369],"type":"Point"},"id":"stl-city-public-streetlights:2:155061","properties":{"address":null,"attributes":{"Date_Installed":"7/31/2017","LED_Powered":1,"LightID":"L047793","Light_Source":"LED","Light_Type":"Cobra","Lighting_Type":"LED-Powered Lamp","Verification_Date":null},"id":"stl-city-public-streetlights:2:155061","sourceLayerId":2,"sourceObjectId":155061,"sourceURL":"https://maps8.stlouis-mo.gov/arcgis/rest/services/STREETS/Streets_Permitting/MapServer/2","title":"Street light L047793"},"type":"Feature"},{"geometry":{"coordinates":[-90.20449684882018,38.66400193442707],"type":"Point"},"id":"stl-city-public-streetlights:2:155062","properties":{"address":null,"attributes":{"Date_Installed":"7/31/2017","LED_Powered":1,"LightID":"L047794","Light_Source":"LED","Light_Type":"Cobra","Lighting_Type":"LED-Powered Lamp","Verification_Date":null},"id":"stl-city-public-streetlights:2:155062","sourceLayerId":2,"sourceObjectId":155062,"sourceURL":"https://maps8.stlouis-mo.gov/arcgis/rest/services/STREETS/Streets_Permitting/MapServer/2","title":"Street light L047794"},"type":"Feature"},{"geometry":{"coordinates":[-90.20485053242805,38.663882273700544],"type":"Point"},"id":"stl-city-public-streetlights:2:155063","properties":{"address":null,"attributes":{"Date_Installed":"7/31/2017","LED_Powered":1,"LightID":"L047795","Light_Source":"LED","Light_Type":"Cobra","Lighting_Type":"LED-Powered Lamp","Verification_Date":null},"id":"stl-city-public-streetlights:2:155063","sourceLayerId":2,"sourceObjectId":155063,"sourceURL":"https://maps8.stlouis-mo.gov/arcgis/rest/services/STREETS/Streets_Permitting/MapServer/2","title":"Street light L047795"},"type":"Feature"},{"geometry":{"coordinates":[-90.20523708779677,38.66375725970251],"type":"Point"},"id":"stl-city-public-streetlights:2:155064","properties":{"address":null,"attributes":{"Date_Installed":"7/31/2017","LED_Powered":1,"LightID":"L047796","Light_Source":"LED","Light_Type":"Cobra","Lighting_Type":"LED-Powered Lamp","Verification_Date":null},"id":"stl-city-public-streetlights:2:155064","sourceLayerId":2,"sourceObjectId":155064,"sourceURL":"https://maps8.stlouis-mo.gov/arcgis/rest/services/STREETS/Streets_Permitting/MapServer/2","title":"Street light L047796"},"type":"Feature"},{"geometry":{"coordinates":[-90.20053999102299,38.66630884724351],"type":"Point"},"id":"stl-city-public-streetlights:2:155065","properties":{"address":null,"attributes":{"Date_Installed":"8/22/2018","LED_Powered":1,"LightID":"L047797","Light_Source":"LED","Light_Type":"Cobra","Lighting_Type":"LED-Powered Lamp","Verification_Date":null},"id":"stl-city-public-streetlights:2:155065","sourceLayerId":2,"sourceObjectId":155065,"sourceURL":"https://maps8.stlouis-mo.gov/arcgis/rest/services/STREETS/Streets_Permitting/MapServer/2","title":"Street light L047797"},"type":"Feature"},{"geometry":{"coordinates":[-90.20026666983804,38.66615951566762],"type":"Point"},"id":"stl-city-public-streetlights:2:155066","properties":{"address":null,"attributes":{"Date_Installed":"8/22/2018","LED_Powered":1,"LightID":"L047798","Light_Source":"LED","Light_Type":"Cobra","Lighting_Type":"LED-Powered Lamp","Verification_Date":null},"id":"stl-city-public-streetlights:2:155066","sourceLayerId":2,"sourceObjectId":155066,"sourceURL":"https://maps8.stlouis-mo.gov/arcgis/rest/services/STREETS/Streets_Permitting/MapServer/2","title":"Street light L047798"},"type":"Feature"},{"geometry":{"coordinates":[-90.20007646709041,38.66583962675884],"type":"Point"},"id":"stl-city-public-streetlights:2:155067","properties":{"address":null,"attributes":{"Date_Installed":"8/22/2018","LED_Powered":1,"LightID":"L047799","Light_Source":"LED","Light_Type":"Cobra","Lighting_Type":"LED-Powered Lamp","Verification_Date":null},"id":"stl-city-public-streetlights:2:155067","sourceLayerId":2,"sourceObjectId":155067,"sourceURL":"https://maps8.stlouis-mo.gov/arcgis/rest/services/STREETS/Streets_Permitting/MapServer/2","title":"Street light L047799"},"type":"Feature"},{"geometry":{"coordinates":[-90.20362589535576,38.66606740973823],"type":"Point"},"id":"stl-city-public-streetlights:2:157654","properties":{"address":null,"attributes":{"Date_Installed":"8/22/2018","LED_Powered":1,"LightID":"L050367","Light_Source":"LED","Light_Type":"Cobra","Lighting_Type":"LED-Powered Lamp","Verification_Date":null},"id":"stl-city-public-streetlights:2:157654","sourceLayerId":2,"sourceObjectId":157654,"sourceURL":"https://maps8.stlouis-mo.gov/arcgis/rest/services/STREETS/Streets_Permitting/MapServer/2","title":"Street light L050367"},"type":"Feature"},{"geometry":{"coordinates":[-90.20379858816649,38.66577075529391],"type":"Point"},"id":"stl-city-public-streetlights:2:157655","properties":{"address":null,"attributes":{"Date_Installed":"8/22/2018","LED_Powered":1,"LightID":"L050368","Light_Source":"LED","Light_Type":"Cobra","Lighting_Type":"LED-Powered Lamp","Verification_Date":null},"id":"stl-city-public-streetlights:2:157655","sourceLayerId":2,"sourceObjectId":157655,"sourceURL":"https://maps8.stlouis-mo.gov/arcgis/rest/services/STREETS/Streets_Permitting/MapServer/2","title":"Street light L050368"},"type":"Feature"},{"geometry":{"coordinates":[-90.203717751185,38.66561514077598],"type":"Point"},"id":"stl-city-public-streetlights:2:157656","properties":{"address":null,"attributes":{"Date_Installed":"8/22/2018","LED_Powered":1,"LightID":"L050369","Light_Source":"LED","Light_Type":"Cobra","Lighting_Type":"LED-Powered Lamp","Verification_Date":null},"id":"stl-city-public-streetlights:2:157656","sourceLayerId":2,"sourceObjectId":157656,"sourceURL":"https://maps8.stlouis-mo.gov/arcgis/rest/services/STREETS/Streets_Permitting/MapServer/2","title":"Street light L050369"},"type":"Feature"},{"geometry":{"coordinates":[-90.20357825850445,38.66552802407053],"type":"Point"},"id":"stl-city-public-streetlights:2:157657","properties":{"address":null,"attributes":{"Date_Installed":"8/22/2018","LED_Powered":1,"LightID":"L050370","Light_Source":"LED","Light_Type":"Cobra","Lighting_Type":"LED-Powered Lamp","Verification_Date":null},"id":"stl-city-public-streetlights:2:157657","sourceLayerId":2,"sourceObjectId":157657,"sourceURL":"https://maps8.stlouis-mo.gov/arcgis/rest/services/STREETS/Streets_Permitting/MapServer/2","title":"Street light L050370"},"type":"Feature"},{"geometry":{"coordinates":[-90.20338947339918,38.66556573670042],"type":"Point"},"id":"stl-city-public-streetlights:2:157658","properties":{"address":null,"attributes":{"Date_Installed":"8/22/2018","LED_Powered":1,"LightID":"L050371","Light_Source":"LED","Light_Type":"Cobra","Lighting_Type":"LED-Powered Lamp","Verification_Date":null},"id":"stl-city-public-streetlights:2:157658","sourceLayerId":2,"sourceObjectId":157658,"sourceURL":"https://maps8.stlouis-mo.gov/arcgis/rest/services/STREETS/Streets_Permitting/MapServer/2","title":"Street light L050371"},"type":"Feature"},{"geometry":{"coordinates":[-90.20341731275347,38.66589226441414],"type":"Point"},"id":"stl-city-public-streetlights:2:157659","properties":{"address":null,"attributes":{"Date_Installed":"8/22/2018","LED_Powered":1,"LightID":"L050372","Light_Source":"LED","Light_Type":"Cobra","Lighting_Type":"LED-Powered Lamp","Verification_Date":null},"id":"stl-city-public-streetlights:2:157659","sourceLayerId":2,"sourceObjectId":157659,"sourceURL":"https://maps8.stlouis-mo.gov/arcgis/rest/services/STREETS/Streets_Permitting/MapServer/2","title":"Street light L050372"},"type":"Feature"},{"geometry":{"coordinates":[-90.20335096878762,38.66576109405776],"type":"Point"},"id":"stl-city-public-streetlights:2:157660","properties":{"address":null,"attributes":{"Date_Installed":"8/22/2018","LED_Powered":1,"LightID":"L050373","Light_Source":"LED","Light_Type":"Cobra","Lighting_Type":"LED-Powered Lamp","Verification_Date":null},"id":"stl-city-public-streetlights:2:157660","sourceLayerId":2,"sourceObjectId":157660,"sourceURL":"https://maps8.stlouis-mo.gov/arcgis/rest/services/STREETS/Streets_Permitting/MapServer/2","title":"Street light L050373"},"type":"Feature"},{"geometry":{"coordinates":[-90.20318364370577,38.66564053573014],"type":"Point"},"id":"stl-city-public-streetlights:2:157661","properties":{"address":null,"attributes":{"Date_Installed":"8/22/2018","LED_Powered":1,"LightID":"L050374","Light_Source":"LED","Light_Type":"Cobra","Lighting_Type":"LED-Powered Lamp","Verification_Date":null},"id":"stl-city-public-streetlights:2:157661","sourceLayerId":2,"sourceObjectId":157661,"sourceURL":"https://maps8.stlouis-mo.gov/arcgis/rest/services/STREETS/Streets_Permitting/MapServer/2","title":"Street light L050374"},"type":"Feature"},{"geometry":{"coordinates":[-90.20094503023816,38.66991146046806],"type":"Point"},"id":"stl-city-public-streetlights:2:157669","properties":{"address":null,"attributes":{"Date_Installed":"4/1/2017","LED_Powered":1,"LightID":"L050382","Light_Source":"LED","Light_Type":"Cobra","Lighting_Type":"LED-Powered Lamp","Verification_Date":null},"id":"stl-city-public-streetlights:2:157669","sourceLayerId":2,"sourceObjectId":157669,"sourceURL":"https://maps8.stlouis-mo.gov/arcgis/rest/services/STREETS/Streets_Permitting/MapServer/2","title":"Street light L050382"},"type":"Feature"},{"geometry":{"coordinates":[-90.20058904694403,38.66953441904037],"type":"Point"},"id":"stl-city-public-streetlights:2:157670","properties":{"address":null,"attributes":{"Date_Installed":"4/1/2017","LED_Powered":1,"LightID":"L050383","Light_Source":"LED","Light_Type":"Cobra","Lighting_Type":"LED-Powered Lamp","Verification_Date":null},"id":"stl-city-public-streetlights:2:157670","sourceLayerId":2,"sourceObjectId":157670,"sourceURL":"https://maps8.stlouis-mo.gov/arcgis/rest/services/STREETS/Streets_Permitting/MapServer/2","title":"Street light L050383"},"type":"Feature"},{"geometry":{"coordinates":[-90.20020855710779,38.66912913945732],"type":"Point"},"id":"stl-city-public-streetlights:2:157671","properties":{"address":null,"attributes":{"Date_Installed":"4/1/2017","LED_Powered":1,"LightID":"L050384","Light_Source":"LED","Light_Type":"Cobra","Lighting_Type":"LED-Powered Lamp","Verification_Date":null},"id":"stl-city-public-streetlights:2:157671","sourceLayerId":2,"sourceObjectId":157671,"sourceURL":"https://maps8.stlouis-mo.gov/arcgis/rest/services/STREETS/Streets_Permitting/MapServer/2","title":"Street light L050384"},"type":"Feature"},{"geometry":{"coordinates":[-90.20183593407775,38.66836422533367],"type":"Point"},"id":"stl-city-public-streetlights:2:157676","properties":{"address":null,"attributes":{"Date_Installed":null,"LED_Powered":0,"LightID":"L050389","Light_Source":"LED","Light_Type":"Cobra","Lighting_Type":"LED-Powered Lamp","Verification_Date":null},"id":"stl-city-public-streetlights:2:157676","sourceLayerId":2,"sourceObjectId":157676,"sourceURL":"https://maps8.stlouis-mo.gov/arcgis/rest/services/STREETS/Streets_Permitting/MapServer/2","title":"Street light L050389"},"type":"Feature"},{"geometry":{"coordinates":[-90.20149990634266,38.6680647801499],"type":"Point"},"id":"stl-city-public-streetlights:2:157677","properties":{"address":null,"attributes":{"Date_Installed":"8/22/2018","LED_Powered":1,"LightID":"L050390","Light_Source":"LED","Light_Type":"Cobra","Lighting_Type":"LED-Powered Lamp","Verification_Date":null},"id":"stl-city-public-streetlights:2:157677","sourceLayerId":2,"sourceObjectId":157677,"sourceURL":"https://maps8.stlouis-mo.gov/arcgis/rest/services/STREETS/Streets_Permitting/MapServer/2","title":"Street light L050390"},"type":"Feature"},{"geometry":{"coordinates":[-90.2012108489869,38.66764525351383],"type":"Point"},"id":"stl-city-public-streetlights:2:157678","properties":{"address":null,"attributes":{"Date_Installed":"8/22/2018","LED_Powered":1,"LightID":"L050391","Light_Source":"LED","Light_Type":"Cobra","Lighting_Type":"LED-Powered Lamp","Verification_Date":null},"id":"stl-city-public-streetlights:2:157678","sourceLayerId":2,"sourceObjectId":157678,"sourceURL":"https://maps8.stlouis-mo.gov/arcgis/rest/services/STREETS/Streets_Permitting/MapServer/2","title":"Street light L050391"},"type":"Feature"},{"geometry":{"coordinates":[-90.20096071044779,38.667251354000705],"type":"Point"},"id":"stl-city-public-streetlights:2:157679","properties":{"address":null,"attributes":{"Date_Installed":"8/22/2018","LED_Powered":1,"LightID":"L050392","Light_Source":"LED","Light_Type":"Cobra","Lighting_Type":"LED-Powered Lamp","Verification_Date":null},"id":"stl-city-public-streetlights:2:157679","sourceLayerId":2,"sourceObjectId":157679,"sourceURL":"https://maps8.stlouis-mo.gov/arcgis/rest/services/STREETS/Streets_Permitting/MapServer/2","title":"Street light L050392"},"type":"Feature"},{"geometry":{"coordinates":[-90.20073582673787,38.666873247086215],"type":"Point"},"id":"stl-city-public-streetlights:2:157680","properties":{"address":null,"attributes":{"Date_Installed":"8/22/2018","LED_Powered":1,"LightID":"L050393","Light_Source":"LED","Light_Type":"Cobra","Lighting_Type":"LED-Powered Lamp","Verification_Date":null},"id":"stl-city-public-streetlights:2:157680","sourceLayerId":2,"sourceObjectId":157680,"sourceURL":"https://maps8.stlouis-mo.gov/arcgis/rest/services/STREETS/Streets_Permitting/MapServer/2","title":"Street light L050393"},"type":"Feature"},{"geometry":{"coordinates":[-90.2004884881644,38.666507725232975],"type":"Point"},"id":"stl-city-public-streetlights:2:157681","properties":{"address":null,"attributes":{"Date_Installed":"8/22/2018","LED_Powered":1,"LightID":"L050394","Light_Source":"LED","Light_Type":"Cobra","Lighting_Type":"LED-Powered Lamp","Verification_Date":null},"id":"stl-city-public-streetlights:2:157681","sourceLayerId":2,"sourceObjectId":157681,"sourceURL":"https://maps8.stlouis-mo.gov/arcgis/rest/services/STREETS/Streets_Permitting/MapServer/2","title":"Street light L050394"},"type":"Feature"},{"geometry":{"coordinates":[-90.20020738816493,38.669409447388446],"type":"Point"},"id":"stl-city-public-streetlights:2:157688","properties":{"address":null,"attributes":{"Date_Installed":"4/1/2017","LED_Powered":1,"LightID":"L050401","Light_Source":"LED","Light_Type":"Cobra","Lighting_Type":"LED-Powered Lamp","Verification_Date":null},"id":"stl-city-public-streetlights:2:157688","sourceLayerId":2,"sourceObjectId":157688,"sourceURL":"https://maps8.stlouis-mo.gov/arcgis/rest/services/STREETS/Streets_Permitting/MapServer/2","title":"Street light L050401"},"type":"Feature"},{"geometry":{"coordinates":[-90.20056971459445,38.66979608802093],"type":"Point"},"id":"stl-city-public-streetlights:2:157689","properties":{"address":null,"attributes":{"Date_Installed":"4/1/2017","LED_Powered":1,"LightID":"L050402","Light_Source":"LED","Light_Type":"Cobra","Lighting_Type":"LED-Powered Lamp","Verification_Date":null},"id":"stl-city-public-streetlights:2:157689","sourceLayerId":2,"sourceObjectId":157689,"sourceURL":"https://maps8.stlouis-mo.gov/arcgis/rest/services/STREETS/Streets_Permitting/MapServer/2","title":"Street light L050402"},"type":"Feature"},{"geometry":{"coordinates":[-90.20020198491235,38.66655192196178],"type":"Point"},"id":"stl-city-public-streetlights:2:157690","properties":{"address":null,"attributes":{"Date_Installed":null,"LED_Powered":0,"LightID":"L050403","Light_Source":"High Pressure Sodium","Light_Type":"Cobra","Lighting_Type":"70-W High Pressure Sodium Vapor Wallpack","Verification_Date":null},"id":"stl-city-public-streetlights:2:157690","sourceLayerId":2,"sourceObjectId":157690,"sourceURL":"https://maps8.stlouis-mo.gov/arcgis/rest/services/STREETS/Streets_Permitting/MapServer/2","title":"Street light L050403"},"type":"Feature"},{"geometry":{"coordinates":[-90.2000571879086,38.666643915713514],"type":"Point"},"id":"stl-city-public-streetlights:2:157691","properties":{"address":null,"attributes":{"Date_Installed":null,"LED_Powered":0,"LightID":"L050404","Light_Source":"High Pressure Sodium","Light_Type":"Cobra","Lighting_Type":"70-W High Pressure Sodium Vapor Wallpack","Verification_Date":null},"id":"stl-city-public-streetlights:2:157691","sourceLayerId":2,"sourceObjectId":157691,"sourceURL":"https://maps8.stlouis-mo.gov/arcgis/rest/services/STREETS/Streets_Permitting/MapServer/2","title":"Street light L050404"},"type":"Feature"},{"geometry":{"coordinates":[-90.20029642936115,38.66963908384851],"type":"Point"},"id":"stl-city-public-streetlights:2:157725","properties":{"address":null,"attributes":{"Date_Installed":null,"LED_Powered":0,"LightID":"L050438","Light_Source":"LED","Light_Type":"Cobra","Lighting_Type":"LED-Powered Lamp","Verification_Date":null},"id":"stl-city-public-streetlights:2:157725","sourceLayerId":2,"sourceObjectId":157725,"sourceURL":"https://maps8.stlouis-mo.gov/arcgis/rest/services/STREETS/Streets_Permitting/MapServer/2","title":"Street light L050438"},"type":"Feature"}],"layerId":"city-streetlights","retrievedAt":"2026-09-13T21:56:18.173251+00:00","schema":"property-infrastructure-geojson-v1","sourceId":"stl-city-public-streetlights","tileId":"-9021_3866","type":"FeatureCollection"}