{"features":[{"geometry":{"coordinates":[-90.22028414532278,38.66806490013891],"type":"Point"},"id":"stl-city-public-streetlights:2:129325","properties":{"address":null,"attributes":{"Date_Installed":null,"LED_Powered":0,"LightID":"L022041","Light_Source":"LED","Light_Type":"Cobra","Lighting_Type":"LED-Powered Lamp","Verification_Date":null},"id":"stl-city-public-streetlights:2:129325","sourceLayerId":2,"sourceObjectId":129325,"sourceURL":"https://maps8.stlouis-mo.gov/arcgis/rest/services/STREETS/Streets_Permitting/MapServer/2","title":"Street light L022041"},"type":"Feature"},{"geometry":{"coordinates":[-90.22069994743995,38.66825181467672],"type":"Point"},"id":"stl-city-public-streetlights:2:129326","properties":{"address":null,"attributes":{"Date_Installed":null,"LED_Powered":0,"LightID":"L022042","Light_Source":"LED","Light_Type":"Cobra","Lighting_Type":"LED-Powered Lamp","Verification_Date":null},"id":"stl-city-public-streetlights:2:129326","sourceLayerId":2,"sourceObjectId":129326,"sourceURL":"https://maps8.stlouis-mo.gov/arcgis/rest/services/STREETS/Streets_Permitting/MapServer/2","title":"Street light L022042"},"type":"Feature"},{"geometry":{"coordinates":[-90.22112579378759,38.668436367040364],"type":"Point"},"id":"stl-city-public-streetlights:2:129327","properties":{"address":null,"attributes":{"Date_Installed":null,"LED_Powered":0,"LightID":"L022043","Light_Source":"LED","Light_Type":"Cobra","Lighting_Type":"LED-Powered Lamp","Verification_Date":null},"id":"stl-city-public-streetlights:2:129327","sourceLayerId":2,"sourceObjectId":129327,"sourceURL":"https://maps8.stlouis-mo.gov/arcgis/rest/services/STREETS/Streets_Permitting/MapServer/2","title":"Street light L022043"},"type":"Feature"},{"geometry":{"coordinates":[-90.22160236130672,38.66863534102579],"type":"Point"},"id":"stl-city-public-streetlights:2:129328","properties":{"address":null,"attributes":{"Date_Installed":null,"LED_Powered":0,"LightID":"L022044","Light_Source":"LED","Light_Type":"Cobra","Lighting_Type":"LED-Powered Lamp","Verification_Date":null},"id":"stl-city-public-streetlights:2:129328","sourceLayerId":2,"sourceObjectId":129328,"sourceURL":"https://maps8.stlouis-mo.gov/arcgis/rest/services/STREETS/Streets_Permitting/MapServer/2","title":"Street light L022044"},"type":"Feature"},{"geometry":{"coordinates":[-90.22392172658036,38.66916325950072],"type":"Point"},"id":"stl-city-public-streetlights:2:129353","properties":{"address":null,"attributes":{"Date_Installed":"4/23/2018","LED_Powered":1,"LightID":"L022069","Light_Source":"LED","Light_Type":"Cobra","Lighting_Type":"LED-Powered Lamp","Verification_Date":null},"id":"stl-city-public-streetlights:2:129353","sourceLayerId":2,"sourceObjectId":129353,"sourceURL":"https://maps8.stlouis-mo.gov/arcgis/rest/services/STREETS/Streets_Permitting/MapServer/2","title":"Street light L022069"},"type":"Feature"},{"geometry":{"coordinates":[-90.22370161108329,38.66947737449461],"type":"Point"},"id":"stl-city-public-streetlights:2:129354","properties":{"address":null,"attributes":{"Date_Installed":"4/23/2018","LED_Powered":1,"LightID":"L022070","Light_Source":"LED","Light_Type":"Cobra","Lighting_Type":"LED-Powered Lamp","Verification_Date":null},"id":"stl-city-public-streetlights:2:129354","sourceLayerId":2,"sourceObjectId":129354,"sourceURL":"https://maps8.stlouis-mo.gov/arcgis/rest/services/STREETS/Streets_Permitting/MapServer/2","title":"Street light L022070"},"type":"Feature"},{"geometry":{"coordinates":[-90.2235069546956,38.669764089387606],"type":"Point"},"id":"stl-city-public-streetlights:2:129355","properties":{"address":null,"attributes":{"Date_Installed":"4/23/2018","LED_Powered":1,"LightID":"L022071","Light_Source":"LED","Light_Type":"Cobra","Lighting_Type":"LED-Powered Lamp","Verification_Date":null},"id":"stl-city-public-streetlights:2:129355","sourceLayerId":2,"sourceObjectId":129355,"sourceURL":"https://maps8.stlouis-mo.gov/arcgis/rest/services/STREETS/Streets_Permitting/MapServer/2","title":"Street light L022071"},"type":"Feature"},{"geometry":{"coordinates":[-90.22293534636106,38.66870956968948],"type":"Point"},"id":"stl-city-public-streetlights:2:129364","properties":{"address":null,"attributes":{"Date_Installed":"4/23/2018","LED_Powered":1,"LightID":"L022080","Light_Source":"LED","Light_Type":"Cobra","Lighting_Type":"LED-Powered Lamp","Verification_Date":null},"id":"stl-city-public-streetlights:2:129364","sourceLayerId":2,"sourceObjectId":129364,"sourceURL":"https://maps8.stlouis-mo.gov/arcgis/rest/services/STREETS/Streets_Permitting/MapServer/2","title":"Street light L022080"},"type":"Feature"},{"geometry":{"coordinates":[-90.22272068349025,38.66902798578482],"type":"Point"},"id":"stl-city-public-streetlights:2:129365","properties":{"address":null,"attributes":{"Date_Installed":"4/23/2018","LED_Powered":1,"LightID":"L022081","Light_Source":"LED","Light_Type":"Cobra","Lighting_Type":"LED-Powered Lamp","Verification_Date":null},"id":"stl-city-public-streetlights:2:129365","sourceLayerId":2,"sourceObjectId":129365,"sourceURL":"https://maps8.stlouis-mo.gov/arcgis/rest/services/STREETS/Streets_Permitting/MapServer/2","title":"Street light L022081"},"type":"Feature"},{"geometry":{"coordinates":[-90.22249023101281,38.66934040555684],"type":"Point"},"id":"stl-city-public-streetlights:2:129366","properties":{"address":null,"attributes":{"Date_Installed":"4/23/2018","LED_Powered":1,"LightID":"L022082","Light_Source":"LED","Light_Type":"Cobra","Lighting_Type":"LED-Powered Lamp","Verification_Date":null},"id":"stl-city-public-streetlights:2:129366","sourceLayerId":2,"sourceObjectId":129366,"sourceURL":"https://maps8.stlouis-mo.gov/arcgis/rest/services/STREETS/Streets_Permitting/MapServer/2","title":"Street light L022082"},"type":"Feature"},{"geometry":{"coordinates":[-90.22225178353983,38.66967592616349],"type":"Point"},"id":"stl-city-public-streetlights:2:129367","properties":{"address":null,"attributes":{"Date_Installed":"4/23/2018","LED_Powered":1,"LightID":"L022083","Light_Source":"LED","Light_Type":"Cobra","Lighting_Type":"LED-Powered Lamp","Verification_Date":null},"id":"stl-city-public-streetlights:2:129367","sourceLayerId":2,"sourceObjectId":129367,"sourceURL":"https://maps8.stlouis-mo.gov/arcgis/rest/services/STREETS/Streets_Permitting/MapServer/2","title":"Street light L022083"},"type":"Feature"},{"geometry":{"coordinates":[-90.22198803574597,38.66839166373118],"type":"Point"},"id":"stl-city-public-streetlights:2:129368","properties":{"address":null,"attributes":{"Date_Installed":"4/23/2018","LED_Powered":1,"LightID":"L022084","Light_Source":"LED","Light_Type":"Cobra","Lighting_Type":"LED-Powered Lamp","Verification_Date":null},"id":"stl-city-public-streetlights:2:129368","sourceLayerId":2,"sourceObjectId":129368,"sourceURL":"https://maps8.stlouis-mo.gov/arcgis/rest/services/STREETS/Streets_Permitting/MapServer/2","title":"Street light L022084"},"type":"Feature"},{"geometry":{"coordinates":[-90.221678701666,38.668817591431875],"type":"Point"},"id":"stl-city-public-streetlights:2:129369","properties":{"address":null,"attributes":{"Date_Installed":"4/23/2018","LED_Powered":1,"LightID":"L022085","Light_Source":"LED","Light_Type":"Cobra","Lighting_Type":"LED-Powered Lamp","Verification_Date":null},"id":"stl-city-public-streetlights:2:129369","sourceLayerId":2,"sourceObjectId":129369,"sourceURL":"https://maps8.stlouis-mo.gov/arcgis/rest/services/STREETS/Streets_Permitting/MapServer/2","title":"Street light L022085"},"type":"Feature"},{"geometry":{"coordinates":[-90.22132255644706,38.66931825132258],"type":"Point"},"id":"stl-city-public-streetlights:2:129370","properties":{"address":null,"attributes":{"Date_Installed":"4/23/2018","LED_Powered":1,"LightID":"L022086","Light_Source":"LED","Light_Type":"Cobra","Lighting_Type":"LED-Powered Lamp","Verification_Date":null},"id":"stl-city-public-streetlights:2:129370","sourceLayerId":2,"sourceObjectId":129370,"sourceURL":"https://maps8.stlouis-mo.gov/arcgis/rest/services/STREETS/Streets_Permitting/MapServer/2","title":"Street light L022086"},"type":"Feature"},{"geometry":{"coordinates":[-90.22108438385968,38.66965972954732],"type":"Point"},"id":"stl-city-public-streetlights:2:129371","properties":{"address":null,"attributes":{"Date_Installed":"4/23/2018","LED_Powered":1,"LightID":"L022087","Light_Source":"LED","Light_Type":"Cobra","Lighting_Type":"LED-Powered Lamp","Verification_Date":null},"id":"stl-city-public-streetlights:2:129371","sourceLayerId":2,"sourceObjectId":129371,"sourceURL":"https://maps8.stlouis-mo.gov/arcgis/rest/services/STREETS/Streets_Permitting/MapServer/2","title":"Street light L022087"},"type":"Feature"},{"geometry":{"coordinates":[-90.22026818631292,38.667501766828515],"type":"Point"},"id":"stl-city-public-streetlights:2:129584","properties":{"address":null,"attributes":{"Date_Installed":null,"LED_Powered":0,"LightID":"L022300","Light_Source":"LED","Light_Type":"Cobra","Lighting_Type":"LED-Powered Lamp","Verification_Date":null},"id":"stl-city-public-streetlights:2:129584","sourceLayerId":2,"sourceObjectId":129584,"sourceURL":"https://maps8.stlouis-mo.gov/arcgis/rest/services/STREETS/Streets_Permitting/MapServer/2","title":"Street light L022300"},"type":"Feature"},{"geometry":{"coordinates":[-90.22086914757483,38.66776539773348],"type":"Point"},"id":"stl-city-public-streetlights:2:129585","properties":{"address":null,"attributes":{"Date_Installed":null,"LED_Powered":0,"LightID":"L022301","Light_Source":"LED","Light_Type":"Cobra","Lighting_Type":"LED-Powered Lamp","Verification_Date":null},"id":"stl-city-public-streetlights:2:129585","sourceLayerId":2,"sourceObjectId":129585,"sourceURL":"https://maps8.stlouis-mo.gov/arcgis/rest/services/STREETS/Streets_Permitting/MapServer/2","title":"Street light L022301"},"type":"Feature"},{"geometry":{"coordinates":[-90.22143673739228,38.668011546391256],"type":"Point"},"id":"stl-city-public-streetlights:2:129586","properties":{"address":null,"attributes":{"Date_Installed":null,"LED_Powered":0,"LightID":"L022302","Light_Source":"LED","Light_Type":"Cobra","Lighting_Type":"LED-Powered Lamp","Verification_Date":null},"id":"stl-city-public-streetlights:2:129586","sourceLayerId":2,"sourceObjectId":129586,"sourceURL":"https://maps8.stlouis-mo.gov/arcgis/rest/services/STREETS/Streets_Permitting/MapServer/2","title":"Street light L022302"},"type":"Feature"},{"geometry":{"coordinates":[-90.22208353313246,38.6682967320539],"type":"Point"},"id":"stl-city-public-streetlights:2:129587","properties":{"address":null,"attributes":{"Date_Installed":"4/23/2018","LED_Powered":1,"LightID":"L022303","Light_Source":"LED","Light_Type":"Cobra","Lighting_Type":"LED-Powered Lamp","Verification_Date":null},"id":"stl-city-public-streetlights:2:129587","sourceLayerId":2,"sourceObjectId":129587,"sourceURL":"https://maps8.stlouis-mo.gov/arcgis/rest/services/STREETS/Streets_Permitting/MapServer/2","title":"Street light L022303"},"type":"Feature"},{"geometry":{"coordinates":[-90.22257829727971,38.668507663104165],"type":"Point"},"id":"stl-city-public-streetlights:2:129588","properties":{"address":null,"attributes":{"Date_Installed":"4/23/2018","LED_Powered":1,"LightID":"L022304","Light_Source":"LED","Light_Type":"Cobra","Lighting_Type":"LED-Powered Lamp","Verification_Date":null},"id":"stl-city-public-streetlights:2:129588","sourceLayerId":2,"sourceObjectId":129588,"sourceURL":"https://maps8.stlouis-mo.gov/arcgis/rest/services/STREETS/Streets_Permitting/MapServer/2","title":"Street light L022304"},"type":"Feature"},{"geometry":{"coordinates":[-90.22310642647383,38.66874012290629],"type":"Point"},"id":"stl-city-public-streetlights:2:129589","properties":{"address":null,"attributes":{"Date_Installed":"4/23/2018","LED_Powered":1,"LightID":"L022305","Light_Source":"LED","Light_Type":"Cobra","Lighting_Type":"LED-Powered Lamp","Verification_Date":null},"id":"stl-city-public-streetlights:2:129589","sourceLayerId":2,"sourceObjectId":129589,"sourceURL":"https://maps8.stlouis-mo.gov/arcgis/rest/services/STREETS/Streets_Permitting/MapServer/2","title":"Street light L022305"},"type":"Feature"},{"geometry":{"coordinates":[-90.22359269714087,38.66894793140958],"type":"Point"},"id":"stl-city-public-streetlights:2:129590","properties":{"address":null,"attributes":{"Date_Installed":"4/23/2018","LED_Powered":1,"LightID":"L022306","Light_Source":"LED","Light_Type":"Cobra","Lighting_Type":"LED-Powered Lamp","Verification_Date":null},"id":"stl-city-public-streetlights:2:129590","sourceLayerId":2,"sourceObjectId":129590,"sourceURL":"https://maps8.stlouis-mo.gov/arcgis/rest/services/STREETS/Streets_Permitting/MapServer/2","title":"Street light L022306"},"type":"Feature"},{"geometry":{"coordinates":[-90.22409652786018,38.66917556182928],"type":"Point"},"id":"stl-city-public-streetlights:2:129591","properties":{"address":null,"attributes":{"Date_Installed":"4/23/2018","LED_Powered":1,"LightID":"L022307","Light_Source":"LED","Light_Type":"Cobra","Lighting_Type":"LED-Powered Lamp","Verification_Date":null},"id":"stl-city-public-streetlights:2:129591","sourceLayerId":2,"sourceObjectId":129591,"sourceURL":"https://maps8.stlouis-mo.gov/arcgis/rest/services/STREETS/Streets_Permitting/MapServer/2","title":"Street light L022307"},"type":"Feature"},{"geometry":{"coordinates":[-90.2246155817207,38.66939845933751],"type":"Point"},"id":"stl-city-public-streetlights:2:129592","properties":{"address":null,"attributes":{"Date_Installed":"4/23/2018","LED_Powered":1,"LightID":"L022308","Light_Source":"LED","Light_Type":"Cobra","Lighting_Type":"LED-Powered Lamp","Verification_Date":null},"id":"stl-city-public-streetlights:2:129592","sourceLayerId":2,"sourceObjectId":129592,"sourceURL":"https://maps8.stlouis-mo.gov/arcgis/rest/services/STREETS/Streets_Permitting/MapServer/2","title":"Street light L022308"},"type":"Feature"},{"geometry":{"coordinates":[-90.22509394457654,38.6696093411105],"type":"Point"},"id":"stl-city-public-streetlights:2:129593","properties":{"address":null,"attributes":{"Date_Installed":"4/23/2018","LED_Powered":1,"LightID":"L022309","Light_Source":"LED","Light_Type":"Cobra","Lighting_Type":"LED-Powered Lamp","Verification_Date":null},"id":"stl-city-public-streetlights:2:129593","sourceLayerId":2,"sourceObjectId":129593,"sourceURL":"https://maps8.stlouis-mo.gov/arcgis/rest/services/STREETS/Streets_Permitting/MapServer/2","title":"Street light L022309"},"type":"Feature"},{"geometry":{"coordinates":[-90.22561146891769,38.66983628367445],"type":"Point"},"id":"stl-city-public-streetlights:2:129594","properties":{"address":null,"attributes":{"Date_Installed":"4/23/2018","LED_Powered":1,"LightID":"L022310","Light_Source":"LED","Light_Type":"Cobra","Lighting_Type":"LED-Powered Lamp","Verification_Date":null},"id":"stl-city-public-streetlights:2:129594","sourceLayerId":2,"sourceObjectId":129594,"sourceURL":"https://maps8.stlouis-mo.gov/arcgis/rest/services/STREETS/Streets_Permitting/MapServer/2","title":"Street light L022310"},"type":"Feature"},{"geometry":{"coordinates":[-90.22749474143829,38.66602120969578],"type":"Point"},"id":"stl-city-public-streetlights:2:129596","properties":{"address":null,"attributes":{"Date_Installed":null,"LED_Powered":1,"LightID":"L022312","Light_Source":"LED","Light_Type":"Cobra","Lighting_Type":"LED-Powered Lamp","Verification_Date":null},"id":"stl-city-public-streetlights:2:129596","sourceLayerId":2,"sourceObjectId":129596,"sourceURL":"https://maps8.stlouis-mo.gov/arcgis/rest/services/STREETS/Streets_Permitting/MapServer/2","title":"Street light L022312"},"type":"Feature"},{"geometry":{"coordinates":[-90.22795123414225,38.666222875942665],"type":"Point"},"id":"stl-city-public-streetlights:2:129597","properties":{"address":null,"attributes":{"Date_Installed":null,"LED_Powered":1,"LightID":"L022313","Light_Source":"LED","Light_Type":"Cobra","Lighting_Type":"LED-Powered Lamp","Verification_Date":null},"id":"stl-city-public-streetlights:2:129597","sourceLayerId":2,"sourceObjectId":129597,"sourceURL":"https://maps8.stlouis-mo.gov/arcgis/rest/services/STREETS/Streets_Permitting/MapServer/2","title":"Street light L022313"},"type":"Feature"},{"geometry":{"coordinates":[-90.22838870428616,38.66641718645445],"type":"Point"},"id":"stl-city-public-streetlights:2:129598","properties":{"address":null,"attributes":{"Date_Installed":null,"LED_Powered":1,"LightID":"L022314","Light_Source":"LED","Light_Type":"Cobra","Lighting_Type":"LED-Powered Lamp","Verification_Date":null},"id":"stl-city-public-streetlights:2:129598","sourceLayerId":2,"sourceObjectId":129598,"sourceURL":"https://maps8.stlouis-mo.gov/arcgis/rest/services/STREETS/Streets_Permitting/MapServer/2","title":"Street light L022314"},"type":"Feature"},{"geometry":{"coordinates":[-90.22833335133399,38.66650796349207],"type":"Point"},"id":"stl-city-public-streetlights:2:129599","properties":{"address":null,"attributes":{"Date_Installed":null,"LED_Powered":0,"LightID":"L022315","Light_Source":"LED","Light_Type":"Cobra","Lighting_Type":"LED-Powered Lamp","Verification_Date":null},"id":"stl-city-public-streetlights:2:129599","sourceLayerId":2,"sourceObjectId":129599,"sourceURL":"https://maps8.stlouis-mo.gov/arcgis/rest/services/STREETS/Streets_Permitting/MapServer/2","title":"Street light L022315"},"type":"Feature"},{"geometry":{"coordinates":[-90.22785925448721,38.66661889094281],"type":"Point"},"id":"stl-city-public-streetlights:2:129600","properties":{"address":null,"attributes":{"Date_Installed":null,"LED_Powered":0,"LightID":"L022316","Light_Source":"LED","Light_Type":"Cobra","Lighting_Type":"LED-Powered Lamp","Verification_Date":null},"id":"stl-city-public-streetlights:2:129600","sourceLayerId":2,"sourceObjectId":129600,"sourceURL":"https://maps8.stlouis-mo.gov/arcgis/rest/services/STREETS/Streets_Permitting/MapServer/2","title":"Street light L022316"},"type":"Feature"},{"geometry":{"coordinates":[-90.22739517184267,38.66673460638852],"type":"Point"},"id":"stl-city-public-streetlights:2:129601","properties":{"address":null,"attributes":{"Date_Installed":null,"LED_Powered":0,"LightID":"L022317","Light_Source":"LED","Light_Type":"Cobra","Lighting_Type":"LED-Powered Lamp","Verification_Date":null},"id":"stl-city-public-streetlights:2:129601","sourceLayerId":2,"sourceObjectId":129601,"sourceURL":"https://maps8.stlouis-mo.gov/arcgis/rest/services/STREETS/Streets_Permitting/MapServer/2","title":"Street light L022317"},"type":"Feature"},{"geometry":{"coordinates":[-90.2269384058406,38.66684437771692],"type":"Point"},"id":"stl-city-public-streetlights:2:129602","properties":{"address":null,"attributes":{"Date_Installed":null,"LED_Powered":0,"LightID":"L022318","Light_Source":"LED","Light_Type":"Cobra","Lighting_Type":"LED-Powered Lamp","Verification_Date":null},"id":"stl-city-public-streetlights:2:129602","sourceLayerId":2,"sourceObjectId":129602,"sourceURL":"https://maps8.stlouis-mo.gov/arcgis/rest/services/STREETS/Streets_Permitting/MapServer/2","title":"Street light L022318"},"type":"Feature"},{"geometry":{"coordinates":[-90.22647131155261,38.666951740265525],"type":"Point"},"id":"stl-city-public-streetlights:2:129603","properties":{"address":null,"attributes":{"Date_Installed":null,"LED_Powered":0,"LightID":"L022319","Light_Source":"LED","Light_Type":"Cobra","Lighting_Type":"LED-Powered Lamp","Verification_Date":null},"id":"stl-city-public-streetlights:2:129603","sourceLayerId":2,"sourceObjectId":129603,"sourceURL":"https://maps8.stlouis-mo.gov/arcgis/rest/services/STREETS/Streets_Permitting/MapServer/2","title":"Street light L022319"},"type":"Feature"},{"geometry":{"coordinates":[-90.22516357628729,38.66542692723321],"type":"Point"},"id":"stl-city-public-streetlights:2:129604","properties":{"address":null,"attributes":{"Date_Installed":null,"LED_Powered":0,"LightID":"L022320","Light_Source":"LED","Light_Type":"Cobra","Lighting_Type":"LED-Powered Lamp","Verification_Date":null},"id":"stl-city-public-streetlights:2:129604","sourceLayerId":2,"sourceObjectId":129604,"sourceURL":"https://maps8.stlouis-mo.gov/arcgis/rest/services/STREETS/Streets_Permitting/MapServer/2","title":"Street light L022320"},"type":"Feature"},{"geometry":{"coordinates":[-90.22528808490515,38.665782256656804],"type":"Point"},"id":"stl-city-public-streetlights:2:129605","properties":{"address":null,"attributes":{"Date_Installed":null,"LED_Powered":0,"LightID":"L022321","Light_Source":"LED","Light_Type":"Cobra","Lighting_Type":"LED-Powered Lamp","Verification_Date":null},"id":"stl-city-public-streetlights:2:129605","sourceLayerId":2,"sourceObjectId":129605,"sourceURL":"https://maps8.stlouis-mo.gov/arcgis/rest/services/STREETS/Streets_Permitting/MapServer/2","title":"Street light L022321"},"type":"Feature"},{"geometry":{"coordinates":[-90.22518030296891,38.66601440383863],"type":"Point"},"id":"stl-city-public-streetlights:2:129606","properties":{"address":null,"attributes":{"Date_Installed":null,"LED_Powered":0,"LightID":"L022322","Light_Source":"LED","Light_Type":"Cobra","Lighting_Type":"LED-Powered Lamp","Verification_Date":null},"id":"stl-city-public-streetlights:2:129606","sourceLayerId":2,"sourceObjectId":129606,"sourceURL":"https://maps8.stlouis-mo.gov/arcgis/rest/services/STREETS/Streets_Permitting/MapServer/2","title":"Street light L022322"},"type":"Feature"},{"geometry":{"coordinates":[-90.2246414024803,38.66621621930747],"type":"Point"},"id":"stl-city-public-streetlights:2:129607","properties":{"address":null,"attributes":{"Date_Installed":null,"LED_Powered":0,"LightID":"L022323","Light_Source":"LED","Light_Type":"Cobra","Lighting_Type":"LED-Powered Lamp","Verification_Date":null},"id":"stl-city-public-streetlights:2:129607","sourceLayerId":2,"sourceObjectId":129607,"sourceURL":"https://maps8.stlouis-mo.gov/arcgis/rest/services/STREETS/Streets_Permitting/MapServer/2","title":"Street light L022323"},"type":"Feature"},{"geometry":{"coordinates":[-90.22473448778867,38.666322845510756],"type":"Point"},"id":"stl-city-public-streetlights:2:129608","properties":{"address":null,"attributes":{"Date_Installed":null,"LED_Powered":0,"LightID":"L022324","Light_Source":"LED","Light_Type":"Cobra","Lighting_Type":"LED-Powered Lamp","Verification_Date":null},"id":"stl-city-public-streetlights:2:129608","sourceLayerId":2,"sourceObjectId":129608,"sourceURL":"https://maps8.stlouis-mo.gov/arcgis/rest/services/STREETS/Streets_Permitting/MapServer/2","title":"Street light L022324"},"type":"Feature"},{"geometry":{"coordinates":[-90.22518745987476,38.66644988404558],"type":"Point"},"id":"stl-city-public-streetlights:2:129609","properties":{"address":null,"attributes":{"Date_Installed":null,"LED_Powered":0,"LightID":"L022325","Light_Source":"LED","Light_Type":"Cobra","Lighting_Type":"LED-Powered Lamp","Verification_Date":null},"id":"stl-city-public-streetlights:2:129609","sourceLayerId":2,"sourceObjectId":129609,"sourceURL":"https://maps8.stlouis-mo.gov/arcgis/rest/services/STREETS/Streets_Permitting/MapServer/2","title":"Street light L022325"},"type":"Feature"},{"geometry":{"coordinates":[-90.22542174082494,38.66613081382856],"type":"Point"},"id":"stl-city-public-streetlights:2:129610","properties":{"address":null,"attributes":{"Date_Installed":null,"LED_Powered":0,"LightID":"L022326","Light_Source":"LED","Light_Type":"Cobra","Lighting_Type":"LED-Powered Lamp","Verification_Date":null},"id":"stl-city-public-streetlights:2:129610","sourceLayerId":2,"sourceObjectId":129610,"sourceURL":"https://maps8.stlouis-mo.gov/arcgis/rest/services/STREETS/Streets_Permitting/MapServer/2","title":"Street light L022326"},"type":"Feature"},{"geometry":{"coordinates":[-90.22555622522138,38.666456230844275],"type":"Point"},"id":"stl-city-public-streetlights:2:129611","properties":{"address":null,"attributes":{"Date_Installed":null,"LED_Powered":0,"LightID":"L022327","Light_Source":"LED","Light_Type":"Cobra","Lighting_Type":"LED-Powered Lamp","Verification_Date":null},"id":"stl-city-public-streetlights:2:129611","sourceLayerId":2,"sourceObjectId":129611,"sourceURL":"https://maps8.stlouis-mo.gov/arcgis/rest/services/STREETS/Streets_Permitting/MapServer/2","title":"Street light L022327"},"type":"Feature"},{"geometry":{"coordinates":[-90.2256598241875,38.666554679321834],"type":"Point"},"id":"stl-city-public-streetlights:2:129612","properties":{"address":null,"attributes":{"Date_Installed":null,"LED_Powered":0,"LightID":"L022328","Light_Source":"LED","Light_Type":"Cobra","Lighting_Type":"LED-Powered Lamp","Verification_Date":null},"id":"stl-city-public-streetlights:2:129612","sourceLayerId":2,"sourceObjectId":129612,"sourceURL":"https://maps8.stlouis-mo.gov/arcgis/rest/services/STREETS/Streets_Permitting/MapServer/2","title":"Street light L022328"},"type":"Feature"},{"geometry":{"coordinates":[-90.22610226001174,38.66644885142704],"type":"Point"},"id":"stl-city-public-streetlights:2:129613","properties":{"address":null,"attributes":{"Date_Installed":null,"LED_Powered":0,"LightID":"L022329","Light_Source":"LED","Light_Type":"Cobra","Lighting_Type":"LED-Powered Lamp","Verification_Date":null},"id":"stl-city-public-streetlights:2:129613","sourceLayerId":2,"sourceObjectId":129613,"sourceURL":"https://maps8.stlouis-mo.gov/arcgis/rest/services/STREETS/Streets_Permitting/MapServer/2","title":"Street light L022329"},"type":"Feature"},{"geometry":{"coordinates":[-90.22605589920478,38.666853557225316],"type":"Point"},"id":"stl-city-public-streetlights:2:129614","properties":{"address":null,"attributes":{"Date_Installed":null,"LED_Powered":0,"LightID":"L022330","Light_Source":"LED","Light_Type":"Cobra","Lighting_Type":"LED-Powered Lamp","Verification_Date":null},"id":"stl-city-public-streetlights:2:129614","sourceLayerId":2,"sourceObjectId":129614,"sourceURL":"https://maps8.stlouis-mo.gov/arcgis/rest/services/STREETS/Streets_Permitting/MapServer/2","title":"Street light L022330"},"type":"Feature"},{"geometry":{"coordinates":[-90.22601302505826,38.66706114676556],"type":"Point"},"id":"stl-city-public-streetlights:2:129615","properties":{"address":null,"attributes":{"Date_Installed":null,"LED_Powered":0,"LightID":"L022331","Light_Source":"LED","Light_Type":"Cobra","Lighting_Type":"LED-Powered Lamp","Verification_Date":null},"id":"stl-city-public-streetlights:2:129615","sourceLayerId":2,"sourceObjectId":129615,"sourceURL":"https://maps8.stlouis-mo.gov/arcgis/rest/services/STREETS/Streets_Permitting/MapServer/2","title":"Street light L022331"},"type":"Feature"},{"geometry":{"coordinates":[-90.22558851390446,38.667162647069205],"type":"Point"},"id":"stl-city-public-streetlights:2:129616","properties":{"address":null,"attributes":{"Date_Installed":null,"LED_Powered":0,"LightID":"L022332","Light_Source":"LED","Light_Type":"Cobra","Lighting_Type":"LED-Powered Lamp","Verification_Date":null},"id":"stl-city-public-streetlights:2:129616","sourceLayerId":2,"sourceObjectId":129616,"sourceURL":"https://maps8.stlouis-mo.gov/arcgis/rest/services/STREETS/Streets_Permitting/MapServer/2","title":"Street light L022332"},"type":"Feature"},{"geometry":{"coordinates":[-90.22631006532883,38.66717367259747],"type":"Point"},"id":"stl-city-public-streetlights:2:129617","properties":{"address":null,"attributes":{"Date_Installed":null,"LED_Powered":0,"LightID":"L022333","Light_Source":"LED","Light_Type":"Cobra","Lighting_Type":"LED-Powered Lamp","Verification_Date":null},"id":"stl-city-public-streetlights:2:129617","sourceLayerId":2,"sourceObjectId":129617,"sourceURL":"https://maps8.stlouis-mo.gov/arcgis/rest/services/STREETS/Streets_Permitting/MapServer/2","title":"Street light L022333"},"type":"Feature"},{"geometry":{"coordinates":[-90.22658678043643,38.66748132682581],"type":"Point"},"id":"stl-city-public-streetlights:2:129618","properties":{"address":null,"attributes":{"Date_Installed":null,"LED_Powered":0,"LightID":"L022334","Light_Source":"LED","Light_Type":"Cobra","Lighting_Type":"LED-Powered Lamp","Verification_Date":null},"id":"stl-city-public-streetlights:2:129618","sourceLayerId":2,"sourceObjectId":129618,"sourceURL":"https://maps8.stlouis-mo.gov/arcgis/rest/services/STREETS/Streets_Permitting/MapServer/2","title":"Street light L022334"},"type":"Feature"},{"geometry":{"coordinates":[-90.22680009553243,38.667831784696375],"type":"Point"},"id":"stl-city-public-streetlights:2:129619","properties":{"address":null,"attributes":{"Date_Installed":null,"LED_Powered":0,"LightID":"L022335","Light_Source":"LED","Light_Type":"Cobra","Lighting_Type":"LED-Powered Lamp","Verification_Date":null},"id":"stl-city-public-streetlights:2:129619","sourceLayerId":2,"sourceObjectId":129619,"sourceURL":"https://maps8.stlouis-mo.gov/arcgis/rest/services/STREETS/Streets_Permitting/MapServer/2","title":"Street light L022335"},"type":"Feature"},{"geometry":{"coordinates":[-90.22675857195502,38.668197808088316],"type":"Point"},"id":"stl-city-public-streetlights:2:129620","properties":{"address":null,"attributes":{"Date_Installed":null,"LED_Powered":0,"LightID":"L022336","Light_Source":"LED","Light_Type":"Cobra","Lighting_Type":"LED-Powered Lamp","Verification_Date":null},"id":"stl-city-public-streetlights:2:129620","sourceLayerId":2,"sourceObjectId":129620,"sourceURL":"https://maps8.stlouis-mo.gov/arcgis/rest/services/STREETS/Streets_Permitting/MapServer/2","title":"Street light L022336"},"type":"Feature"},{"geometry":{"coordinates":[-90.22652924249742,38.66854022445292],"type":"Point"},"id":"stl-city-public-streetlights:2:129621","properties":{"address":null,"attributes":{"Date_Installed":null,"LED_Powered":0,"LightID":"L022337","Light_Source":"LED","Light_Type":"Cobra","Lighting_Type":"LED-Powered Lamp","Verification_Date":null},"id":"stl-city-public-streetlights:2:129621","sourceLayerId":2,"sourceObjectId":129621,"sourceURL":"https://maps8.stlouis-mo.gov/arcgis/rest/services/STREETS/Streets_Permitting/MapServer/2","title":"Street light L022337"},"type":"Feature"},{"geometry":{"coordinates":[-90.22609244546125,38.66875229490248],"type":"Point"},"id":"stl-city-public-streetlights:2:129726","properties":{"address":null,"attributes":{"Date_Installed":null,"LED_Powered":0,"LightID":"L022442","Light_Source":"LED","Light_Type":"Cobra","Lighting_Type":"LED-Powered Lamp","Verification_Date":null},"id":"stl-city-public-streetlights:2:129726","sourceLayerId":2,"sourceObjectId":129726,"sourceURL":"https://maps8.stlouis-mo.gov/arcgis/rest/services/STREETS/Streets_Permitting/MapServer/2","title":"Street light L022442"},"type":"Feature"},{"geometry":{"coordinates":[-90.2255831034483,38.668756821653865],"type":"Point"},"id":"stl-city-public-streetlights:2:129727","properties":{"address":null,"attributes":{"Date_Installed":null,"LED_Powered":0,"LightID":"L022443","Light_Source":"LED","Light_Type":"Cobra","Lighting_Type":"LED-Powered Lamp","Verification_Date":null},"id":"stl-city-public-streetlights:2:129727","sourceLayerId":2,"sourceObjectId":129727,"sourceURL":"https://maps8.stlouis-mo.gov/arcgis/rest/services/STREETS/Streets_Permitting/MapServer/2","title":"Street light L022443"},"type":"Feature"},{"geometry":{"coordinates":[-90.22509976300962,38.66873566452783],"type":"Point"},"id":"stl-city-public-streetlights:2:129728","properties":{"address":null,"attributes":{"Date_Installed":null,"LED_Powered":0,"LightID":"L022444","Light_Source":"LED","Light_Type":"Cobra","Lighting_Type":"LED-Powered Lamp","Verification_Date":null},"id":"stl-city-public-streetlights:2:129728","sourceLayerId":2,"sourceObjectId":129728,"sourceURL":"https://maps8.stlouis-mo.gov/arcgis/rest/services/STREETS/Streets_Permitting/MapServer/2","title":"Street light L022444"},"type":"Feature"},{"geometry":{"coordinates":[-90.22478710872164,38.66868344375133],"type":"Point"},"id":"stl-city-public-streetlights:2:129729","properties":{"address":null,"attributes":{"Date_Installed":null,"LED_Powered":0,"LightID":"L022445","Light_Source":"LED","Light_Type":"Cobra","Lighting_Type":"LED-Powered Lamp","Verification_Date":null},"id":"stl-city-public-streetlights:2:129729","sourceLayerId":2,"sourceObjectId":129729,"sourceURL":"https://maps8.stlouis-mo.gov/arcgis/rest/services/STREETS/Streets_Permitting/MapServer/2","title":"Street light L022445"},"type":"Feature"},{"geometry":{"coordinates":[-90.22462537032484,38.66876029229981],"type":"Point"},"id":"stl-city-public-streetlights:2:129730","properties":{"address":null,"attributes":{"Date_Installed":null,"LED_Powered":0,"LightID":"L022446","Light_Source":"LED","Light_Type":"Cobra","Lighting_Type":"LED-Powered Lamp","Verification_Date":null},"id":"stl-city-public-streetlights:2:129730","sourceLayerId":2,"sourceObjectId":129730,"sourceURL":"https://maps8.stlouis-mo.gov/arcgis/rest/services/STREETS/Streets_Permitting/MapServer/2","title":"Street light L022446"},"type":"Feature"},{"geometry":{"coordinates":[-90.22453429560824,38.66838427840909],"type":"Point"},"id":"stl-city-public-streetlights:2:129731","properties":{"address":null,"attributes":{"Date_Installed":null,"LED_Powered":0,"LightID":"L022447","Light_Source":"LED","Light_Type":"Cobra","Lighting_Type":"LED-Powered Lamp","Verification_Date":null},"id":"stl-city-public-streetlights:2:129731","sourceLayerId":2,"sourceObjectId":129731,"sourceURL":"https://maps8.stlouis-mo.gov/arcgis/rest/services/STREETS/Streets_Permitting/MapServer/2","title":"Street light L022447"},"type":"Feature"},{"geometry":{"coordinates":[-90.22494200934996,38.66846368150799],"type":"Point"},"id":"stl-city-public-streetlights:2:129732","properties":{"address":null,"attributes":{"Date_Installed":null,"LED_Powered":0,"LightID":"L022448","Light_Source":"LED","Light_Type":"Cobra","Lighting_Type":"LED-Powered Lamp","Verification_Date":null},"id":"stl-city-public-streetlights:2:129732","sourceLayerId":2,"sourceObjectId":129732,"sourceURL":"https://maps8.stlouis-mo.gov/arcgis/rest/services/STREETS/Streets_Permitting/MapServer/2","title":"Street light L022448"},"type":"Feature"},{"geometry":{"coordinates":[-90.22526902289331,38.66860019802435],"type":"Point"},"id":"stl-city-public-streetlights:2:129733","properties":{"address":null,"attributes":{"Date_Installed":null,"LED_Powered":0,"LightID":"L022449","Light_Source":"LED","Light_Type":"Cobra","Lighting_Type":"LED-Powered Lamp","Verification_Date":null},"id":"stl-city-public-streetlights:2:129733","sourceLayerId":2,"sourceObjectId":129733,"sourceURL":"https://maps8.stlouis-mo.gov/arcgis/rest/services/STREETS/Streets_Permitting/MapServer/2","title":"Street light L022449"},"type":"Feature"},{"geometry":{"coordinates":[-90.2248045773488,38.66803149313765],"type":"Point"},"id":"stl-city-public-streetlights:2:129734","properties":{"address":null,"attributes":{"Date_Installed":null,"LED_Powered":0,"LightID":"L022450","Light_Source":"LED","Light_Type":"Cobra","Lighting_Type":"LED-Powered Lamp","Verification_Date":null},"id":"stl-city-public-streetlights:2:129734","sourceLayerId":2,"sourceObjectId":129734,"sourceURL":"https://maps8.stlouis-mo.gov/arcgis/rest/services/STREETS/Streets_Permitting/MapServer/2","title":"Street light L022450"},"type":"Feature"},{"geometry":{"coordinates":[-90.22482822331938,38.667701340347456],"type":"Point"},"id":"stl-city-public-streetlights:2:129735","properties":{"address":null,"attributes":{"Date_Installed":null,"LED_Powered":0,"LightID":"L022451","Light_Source":"LED","Light_Type":"Cobra","Lighting_Type":"LED-Powered Lamp","Verification_Date":null},"id":"stl-city-public-streetlights:2:129735","sourceLayerId":2,"sourceObjectId":129735,"sourceURL":"https://maps8.stlouis-mo.gov/arcgis/rest/services/STREETS/Streets_Permitting/MapServer/2","title":"Street light L022451"},"type":"Feature"},{"geometry":{"coordinates":[-90.22498878708706,38.667487194827174],"type":"Point"},"id":"stl-city-public-streetlights:2:129736","properties":{"address":null,"attributes":{"Date_Installed":null,"LED_Powered":0,"LightID":"L022452","Light_Source":"LED","Light_Type":"Cobra","Lighting_Type":"LED-Powered Lamp","Verification_Date":null},"id":"stl-city-public-streetlights:2:129736","sourceLayerId":2,"sourceObjectId":129736,"sourceURL":"https://maps8.stlouis-mo.gov/arcgis/rest/services/STREETS/Streets_Permitting/MapServer/2","title":"Street light L022452"},"type":"Feature"},{"geometry":{"coordinates":[-90.22501249443827,38.6672506782612],"type":"Point"},"id":"stl-city-public-streetlights:2:129737","properties":{"address":null,"attributes":{"Date_Installed":null,"LED_Powered":0,"LightID":"L022453","Light_Source":"LED","Light_Type":"Cobra","Lighting_Type":"LED-Powered Lamp","Verification_Date":null},"id":"stl-city-public-streetlights:2:129737","sourceLayerId":2,"sourceObjectId":129737,"sourceURL":"https://maps8.stlouis-mo.gov/arcgis/rest/services/STREETS/Streets_Permitting/MapServer/2","title":"Street light L022453"},"type":"Feature"},{"geometry":{"coordinates":[-90.22460848686217,38.667157960042466],"type":"Point"},"id":"stl-city-public-streetlights:2:129738","properties":{"address":null,"attributes":{"Date_Installed":null,"LED_Powered":0,"LightID":"L022454","Light_Source":"LED","Light_Type":"Cobra","Lighting_Type":"LED-Powered Lamp","Verification_Date":null},"id":"stl-city-public-streetlights:2:129738","sourceLayerId":2,"sourceObjectId":129738,"sourceURL":"https://maps8.stlouis-mo.gov/arcgis/rest/services/STREETS/Streets_Permitting/MapServer/2","title":"Street light L022454"},"type":"Feature"},{"geometry":{"coordinates":[-90.22415741869872,38.66717441667426],"type":"Point"},"id":"stl-city-public-streetlights:2:129739","properties":{"address":null,"attributes":{"Date_Installed":null,"LED_Powered":0,"LightID":"L022455","Light_Source":"LED","Light_Type":"Cobra","Lighting_Type":"LED-Powered Lamp","Verification_Date":null},"id":"stl-city-public-streetlights:2:129739","sourceLayerId":2,"sourceObjectId":129739,"sourceURL":"https://maps8.stlouis-mo.gov/arcgis/rest/services/STREETS/Streets_Permitting/MapServer/2","title":"Street light L022455"},"type":"Feature"},{"geometry":{"coordinates":[-90.22447557996666,38.667454047100904],"type":"Point"},"id":"stl-city-public-streetlights:2:129740","properties":{"address":null,"attributes":{"Date_Installed":null,"LED_Powered":0,"LightID":"L022456","Light_Source":"LED","Light_Type":"Cobra","Lighting_Type":"LED-Powered Lamp","Verification_Date":null},"id":"stl-city-public-streetlights:2:129740","sourceLayerId":2,"sourceObjectId":129740,"sourceURL":"https://maps8.stlouis-mo.gov/arcgis/rest/services/STREETS/Streets_Permitting/MapServer/2","title":"Street light L022456"},"type":"Feature"},{"geometry":{"coordinates":[-90.2237291146288,38.66699630452211],"type":"Point"},"id":"stl-city-public-streetlights:2:129741","properties":{"address":null,"attributes":{"Date_Installed":null,"LED_Powered":0,"LightID":"L022457","Light_Source":"LED","Light_Type":"Cobra","Lighting_Type":"LED-Powered Lamp","Verification_Date":null},"id":"stl-city-public-streetlights:2:129741","sourceLayerId":2,"sourceObjectId":129741,"sourceURL":"https://maps8.stlouis-mo.gov/arcgis/rest/services/STREETS/Streets_Permitting/MapServer/2","title":"Street light L022457"},"type":"Feature"},{"geometry":{"coordinates":[-90.22328891706806,38.66682841202834],"type":"Point"},"id":"stl-city-public-streetlights:2:129742","properties":{"address":null,"attributes":{"Date_Installed":null,"LED_Powered":0,"LightID":"L022458","Light_Source":"LED","Light_Type":"Cobra","Lighting_Type":"LED-Powered Lamp","Verification_Date":null},"id":"stl-city-public-streetlights:2:129742","sourceLayerId":2,"sourceObjectId":129742,"sourceURL":"https://maps8.stlouis-mo.gov/arcgis/rest/services/STREETS/Streets_Permitting/MapServer/2","title":"Street light L022458"},"type":"Feature"},{"geometry":{"coordinates":[-90.22284372653405,38.66665454759371],"type":"Point"},"id":"stl-city-public-streetlights:2:129743","properties":{"address":null,"attributes":{"Date_Installed":null,"LED_Powered":0,"LightID":"L022459","Light_Source":"LED","Light_Type":"Cobra","Lighting_Type":"LED-Powered Lamp","Verification_Date":null},"id":"stl-city-public-streetlights:2:129743","sourceLayerId":2,"sourceObjectId":129743,"sourceURL":"https://maps8.stlouis-mo.gov/arcgis/rest/services/STREETS/Streets_Permitting/MapServer/2","title":"Street light L022459"},"type":"Feature"},{"geometry":{"coordinates":[-90.22242278226128,38.666462027627745],"type":"Point"},"id":"stl-city-public-streetlights:2:129744","properties":{"address":null,"attributes":{"Date_Installed":null,"LED_Powered":0,"LightID":"L022460","Light_Source":"LED","Light_Type":"Cobra","Lighting_Type":"LED-Powered Lamp","Verification_Date":null},"id":"stl-city-public-streetlights:2:129744","sourceLayerId":2,"sourceObjectId":129744,"sourceURL":"https://maps8.stlouis-mo.gov/arcgis/rest/services/STREETS/Streets_Permitting/MapServer/2","title":"Street light L022460"},"type":"Feature"},{"geometry":{"coordinates":[-90.22196102686385,38.66636677856565],"type":"Point"},"id":"stl-city-public-streetlights:2:129745","properties":{"address":null,"attributes":{"Date_Installed":null,"LED_Powered":0,"LightID":"L022461","Light_Source":"LED","Light_Type":"Cobra","Lighting_Type":"LED-Powered Lamp","Verification_Date":null},"id":"stl-city-public-streetlights:2:129745","sourceLayerId":2,"sourceObjectId":129745,"sourceURL":"https://maps8.stlouis-mo.gov/arcgis/rest/services/STREETS/Streets_Permitting/MapServer/2","title":"Street light L022461"},"type":"Feature"},{"geometry":{"coordinates":[-90.22148066787777,38.66628697680019],"type":"Point"},"id":"stl-city-public-streetlights:2:129746","properties":{"address":null,"attributes":{"Date_Installed":null,"LED_Powered":0,"LightID":"L022462","Light_Source":"LED","Light_Type":"Cobra","Lighting_Type":"LED-Powered Lamp","Verification_Date":null},"id":"stl-city-public-streetlights:2:129746","sourceLayerId":2,"sourceObjectId":129746,"sourceURL":"https://maps8.stlouis-mo.gov/arcgis/rest/services/STREETS/Streets_Permitting/MapServer/2","title":"Street light L022462"},"type":"Feature"},{"geometry":{"coordinates":[-90.22100015198872,38.66632635343187],"type":"Point"},"id":"stl-city-public-streetlights:2:129747","properties":{"address":null,"attributes":{"Date_Installed":null,"LED_Powered":0,"LightID":"L022463","Light_Source":"LED","Light_Type":"Cobra","Lighting_Type":"LED-Powered Lamp","Verification_Date":null},"id":"stl-city-public-streetlights:2:129747","sourceLayerId":2,"sourceObjectId":129747,"sourceURL":"https://maps8.stlouis-mo.gov/arcgis/rest/services/STREETS/Streets_Permitting/MapServer/2","title":"Street light L022463"},"type":"Feature"},{"geometry":{"coordinates":[-90.22053198856726,38.666198904743176],"type":"Point"},"id":"stl-city-public-streetlights:2:129748","properties":{"address":null,"attributes":{"Date_Installed":null,"LED_Powered":0,"LightID":"L022464","Light_Source":"LED","Light_Type":"Cobra","Lighting_Type":"LED-Powered Lamp","Verification_Date":null},"id":"stl-city-public-streetlights:2:129748","sourceLayerId":2,"sourceObjectId":129748,"sourceURL":"https://maps8.stlouis-mo.gov/arcgis/rest/services/STREETS/Streets_Permitting/MapServer/2","title":"Street light L022464"},"type":"Feature"},{"geometry":{"coordinates":[-90.2217986548549,38.666122117589296],"type":"Point"},"id":"stl-city-public-streetlights:2:129749","properties":{"address":null,"attributes":{"Date_Installed":null,"LED_Powered":0,"LightID":"L022465","Light_Source":"LED","Light_Type":"Cobra","Lighting_Type":"LED-Powered Lamp","Verification_Date":null},"id":"stl-city-public-streetlights:2:129749","sourceLayerId":2,"sourceObjectId":129749,"sourceURL":"https://maps8.stlouis-mo.gov/arcgis/rest/services/STREETS/Streets_Permitting/MapServer/2","title":"Street light L022465"},"type":"Feature"},{"geometry":{"coordinates":[-90.22224383938949,38.66603963563116],"type":"Point"},"id":"stl-city-public-streetlights:2:129750","properties":{"address":null,"attributes":{"Date_Installed":null,"LED_Powered":0,"LightID":"L022466","Light_Source":"LED","Light_Type":"Cobra","Lighting_Type":"LED-Powered Lamp","Verification_Date":null},"id":"stl-city-public-streetlights:2:129750","sourceLayerId":2,"sourceObjectId":129750,"sourceURL":"https://maps8.stlouis-mo.gov/arcgis/rest/services/STREETS/Streets_Permitting/MapServer/2","title":"Street light L022466"},"type":"Feature"},{"geometry":{"coordinates":[-90.22234999728258,38.66626203954543],"type":"Point"},"id":"stl-city-public-streetlights:2:129751","properties":{"address":null,"attributes":{"Date_Installed":null,"LED_Powered":0,"LightID":"L022467","Light_Source":"LED","Light_Type":"Cobra","Lighting_Type":"LED-Powered Lamp","Verification_Date":null},"id":"stl-city-public-streetlights:2:129751","sourceLayerId":2,"sourceObjectId":129751,"sourceURL":"https://maps8.stlouis-mo.gov/arcgis/rest/services/STREETS/Streets_Permitting/MapServer/2","title":"Street light L022467"},"type":"Feature"},{"geometry":{"coordinates":[-90.22013916927123,38.66599561241246],"type":"Point"},"id":"stl-city-public-streetlights:2:129754","properties":{"address":null,"attributes":{"Date_Installed":null,"LED_Powered":0,"LightID":"L022470","Light_Source":"LED","Light_Type":"Cobra","Lighting_Type":"LED-Powered Lamp","Verification_Date":null},"id":"stl-city-public-streetlights:2:129754","sourceLayerId":2,"sourceObjectId":129754,"sourceURL":"https://maps8.stlouis-mo.gov/arcgis/rest/services/STREETS/Streets_Permitting/MapServer/2","title":"Street light L022470"},"type":"Feature"},{"geometry":{"coordinates":[-90.22006177336766,38.6655446749087],"type":"Point"},"id":"stl-city-public-streetlights:2:129755","properties":{"address":null,"attributes":{"Date_Installed":null,"LED_Powered":0,"LightID":"L022471","Light_Source":"LED","Light_Type":"Cobra","Lighting_Type":"LED-Powered Lamp","Verification_Date":null},"id":"stl-city-public-streetlights:2:129755","sourceLayerId":2,"sourceObjectId":129755,"sourceURL":"https://maps8.stlouis-mo.gov/arcgis/rest/services/STREETS/Streets_Permitting/MapServer/2","title":"Street light L022471"},"type":"Feature"},{"geometry":{"coordinates":[-90.22021557134663,38.66586682902828],"type":"Point"},"id":"stl-city-public-streetlights:2:129756","properties":{"address":null,"attributes":{"Date_Installed":null,"LED_Powered":0,"LightID":"L022472","Light_Source":"LED","Light_Type":"Cobra","Lighting_Type":"LED-Powered Lamp","Verification_Date":null},"id":"stl-city-public-streetlights:2:129756","sourceLayerId":2,"sourceObjectId":129756,"sourceURL":"https://maps8.stlouis-mo.gov/arcgis/rest/services/STREETS/Streets_Permitting/MapServer/2","title":"Street light L022472"},"type":"Feature"},{"geometry":{"coordinates":[-90.22040310109064,38.66621961256668],"type":"Point"},"id":"stl-city-public-streetlights:2:129757","properties":{"address":null,"attributes":{"Date_Installed":null,"LED_Powered":0,"LightID":"L022473","Light_Source":"LED","Light_Type":"Cobra","Lighting_Type":"LED-Powered Lamp","Verification_Date":null},"id":"stl-city-public-streetlights:2:129757","sourceLayerId":2,"sourceObjectId":129757,"sourceURL":"https://maps8.stlouis-mo.gov/arcgis/rest/services/STREETS/Streets_Permitting/MapServer/2","title":"Street light L022473"},"type":"Feature"},{"geometry":{"coordinates":[-90.22052492058731,38.66655718231581],"type":"Point"},"id":"stl-city-public-streetlights:2:129758","properties":{"address":null,"attributes":{"Date_Installed":null,"LED_Powered":0,"LightID":"L022474","Light_Source":"LED","Light_Type":"Cobra","Lighting_Type":"LED-Powered Lamp","Verification_Date":null},"id":"stl-city-public-streetlights:2:129758","sourceLayerId":2,"sourceObjectId":129758,"sourceURL":"https://maps8.stlouis-mo.gov/arcgis/rest/services/STREETS/Streets_Permitting/MapServer/2","title":"Street light L022474"},"type":"Feature"},{"geometry":{"coordinates":[-90.22066800963306,38.66689802067579],"type":"Point"},"id":"stl-city-public-streetlights:2:129759","properties":{"address":null,"attributes":{"Date_Installed":null,"LED_Powered":0,"LightID":"L022475","Light_Source":"LED","Light_Type":"Cobra","Lighting_Type":"LED-Powered Lamp","Verification_Date":null},"id":"stl-city-public-streetlights:2:129759","sourceLayerId":2,"sourceObjectId":129759,"sourceURL":"https://maps8.stlouis-mo.gov/arcgis/rest/services/STREETS/Streets_Permitting/MapServer/2","title":"Street light L022475"},"type":"Feature"},{"geometry":{"coordinates":[-90.2207974148768,38.66723989913373],"type":"Point"},"id":"stl-city-public-streetlights:2:129760","properties":{"address":null,"attributes":{"Date_Installed":null,"LED_Powered":0,"LightID":"L022476","Light_Source":"LED","Light_Type":"Cobra","Lighting_Type":"LED-Powered Lamp","Verification_Date":null},"id":"stl-city-public-streetlights:2:129760","sourceLayerId":2,"sourceObjectId":129760,"sourceURL":"https://maps8.stlouis-mo.gov/arcgis/rest/services/STREETS/Streets_Permitting/MapServer/2","title":"Street light L022476"},"type":"Feature"},{"geometry":{"coordinates":[-90.22002950611915,38.66693844021107],"type":"Point"},"id":"stl-city-public-streetlights:2:129765","properties":{"address":null,"attributes":{"Date_Installed":null,"LED_Powered":0,"LightID":"L022481","Light_Source":"LED","Light_Type":"Cobra","Lighting_Type":"LED-Powered Lamp","Verification_Date":null},"id":"stl-city-public-streetlights:2:129765","sourceLayerId":2,"sourceObjectId":129765,"sourceURL":"https://maps8.stlouis-mo.gov/arcgis/rest/services/STREETS/Streets_Permitting/MapServer/2","title":"Street light L022481"},"type":"Feature"},{"geometry":{"coordinates":[-90.22041655236958,38.66712288158821],"type":"Point"},"id":"stl-city-public-streetlights:2:129766","properties":{"address":null,"attributes":{"Date_Installed":null,"LED_Powered":0,"LightID":"L022482","Light_Source":"LED","Light_Type":"Cobra","Lighting_Type":"LED-Powered Lamp","Verification_Date":null},"id":"stl-city-public-streetlights:2:129766","sourceLayerId":2,"sourceObjectId":129766,"sourceURL":"https://maps8.stlouis-mo.gov/arcgis/rest/services/STREETS/Streets_Permitting/MapServer/2","title":"Street light L022482"},"type":"Feature"},{"geometry":{"coordinates":[-90.22079912821113,38.6672987724268],"type":"Point"},"id":"stl-city-public-streetlights:2:129767","properties":{"address":null,"attributes":{"Date_Installed":null,"LED_Powered":0,"LightID":"L022483","Light_Source":"LED","Light_Type":"Cobra","Lighting_Type":"LED-Powered Lamp","Verification_Date":null},"id":"stl-city-public-streetlights:2:129767","sourceLayerId":2,"sourceObjectId":129767,"sourceURL":"https://maps8.stlouis-mo.gov/arcgis/rest/services/STREETS/Streets_Permitting/MapServer/2","title":"Street light L022483"},"type":"Feature"},{"geometry":{"coordinates":[-90.22120210199864,38.66749995521929],"type":"Point"},"id":"stl-city-public-streetlights:2:129768","properties":{"address":null,"attributes":{"Date_Installed":null,"LED_Powered":0,"LightID":"L022484","Light_Source":"LED","Light_Type":"Cobra","Lighting_Type":"LED-Powered Lamp","Verification_Date":null},"id":"stl-city-public-streetlights:2:129768","sourceLayerId":2,"sourceObjectId":129768,"sourceURL":"https://maps8.stlouis-mo.gov/arcgis/rest/services/STREETS/Streets_Permitting/MapServer/2","title":"Street light L022484"},"type":"Feature"},{"geometry":{"coordinates":[-90.22158596083938,38.66767611139638],"type":"Point"},"id":"stl-city-public-streetlights:2:129769","properties":{"address":null,"attributes":{"Date_Installed":null,"LED_Powered":0,"LightID":"L022485","Light_Source":"LED","Light_Type":"Cobra","Lighting_Type":"LED-Powered Lamp","Verification_Date":null},"id":"stl-city-public-streetlights:2:129769","sourceLayerId":2,"sourceObjectId":129769,"sourceURL":"https://maps8.stlouis-mo.gov/arcgis/rest/services/STREETS/Streets_Permitting/MapServer/2","title":"Street light L022485"},"type":"Feature"},{"geometry":{"coordinates":[-90.22196520830022,38.66785008692066],"type":"Point"},"id":"stl-city-public-streetlights:2:129770","properties":{"address":null,"attributes":{"Date_Installed":null,"LED_Powered":1,"LightID":"L022486","Light_Source":"LED","Light_Type":"Cobra","Lighting_Type":"LED-Powered Lamp","Verification_Date":null},"id":"stl-city-public-streetlights:2:129770","sourceLayerId":2,"sourceObjectId":129770,"sourceURL":"https://maps8.stlouis-mo.gov/arcgis/rest/services/STREETS/Streets_Permitting/MapServer/2","title":"Street light L022486"},"type":"Feature"},{"geometry":{"coordinates":[-90.2223417010307,38.66802134841645],"type":"Point"},"id":"stl-city-public-streetlights:2:129771","properties":{"address":null,"attributes":{"Date_Installed":null,"LED_Powered":0,"LightID":"L022487","Light_Source":"LED","Light_Type":"Cobra","Lighting_Type":"LED-Powered Lamp","Verification_Date":null},"id":"stl-city-public-streetlights:2:129771","sourceLayerId":2,"sourceObjectId":129771,"sourceURL":"https://maps8.stlouis-mo.gov/arcgis/rest/services/STREETS/Streets_Permitting/MapServer/2","title":"Street light L022487"},"type":"Feature"},{"geometry":{"coordinates":[-90.22273136170074,38.66820819278222],"type":"Point"},"id":"stl-city-public-streetlights:2:129772","properties":{"address":null,"attributes":{"Date_Installed":null,"LED_Powered":0,"LightID":"L022488","Light_Source":"LED","Light_Type":"Cobra","Lighting_Type":"LED-Powered Lamp","Verification_Date":null},"id":"stl-city-public-streetlights:2:129772","sourceLayerId":2,"sourceObjectId":129772,"sourceURL":"https://maps8.stlouis-mo.gov/arcgis/rest/services/STREETS/Streets_Permitting/MapServer/2","title":"Street light L022488"},"type":"Feature"},{"geometry":{"coordinates":[-90.22311600642453,38.668371712687176],"type":"Point"},"id":"stl-city-public-streetlights:2:129773","properties":{"address":null,"attributes":{"Date_Installed":null,"LED_Powered":0,"LightID":"L022489","Light_Source":"LED","Light_Type":"Cobra","Lighting_Type":"LED-Powered Lamp","Verification_Date":null},"id":"stl-city-public-streetlights:2:129773","sourceLayerId":2,"sourceObjectId":129773,"sourceURL":"https://maps8.stlouis-mo.gov/arcgis/rest/services/STREETS/Streets_Permitting/MapServer/2","title":"Street light L022489"},"type":"Feature"},{"geometry":{"coordinates":[-90.2235112695554,38.66852567461877],"type":"Point"},"id":"stl-city-public-streetlights:2:129774","properties":{"address":null,"attributes":{"Date_Installed":null,"LED_Powered":0,"LightID":"L022490","Light_Source":"LED","Light_Type":"Cobra","Lighting_Type":"LED-Powered Lamp","Verification_Date":null},"id":"stl-city-public-streetlights:2:129774","sourceLayerId":2,"sourceObjectId":129774,"sourceURL":"https://maps8.stlouis-mo.gov/arcgis/rest/services/STREETS/Streets_Permitting/MapServer/2","title":"Street light L022490"},"type":"Feature"},{"geometry":{"coordinates":[-90.22392142058692,38.668651067273906],"type":"Point"},"id":"stl-city-public-streetlights:2:129775","properties":{"address":null,"attributes":{"Date_Installed":null,"LED_Powered":0,"LightID":"L022491","Light_Source":"LED","Light_Type":"Cobra","Lighting_Type":"LED-Powered Lamp","Verification_Date":null},"id":"stl-city-public-streetlights:2:129775","sourceLayerId":2,"sourceObjectId":129775,"sourceURL":"https://maps8.stlouis-mo.gov/arcgis/rest/services/STREETS/Streets_Permitting/MapServer/2","title":"Street light L022491"},"type":"Feature"},{"geometry":{"coordinates":[-90.22433505521977,38.66877217578777],"type":"Point"},"id":"stl-city-public-streetlights:2:129776","properties":{"address":null,"attributes":{"Date_Installed":null,"LED_Powered":0,"LightID":"L022492","Light_Source":"LED","Light_Type":"Cobra","Lighting_Type":"LED-Powered Lamp","Verification_Date":null},"id":"stl-city-public-streetlights:2:129776","sourceLayerId":2,"sourceObjectId":129776,"sourceURL":"https://maps8.stlouis-mo.gov/arcgis/rest/services/STREETS/Streets_Permitting/MapServer/2","title":"Street light L022492"},"type":"Feature"},{"geometry":{"coordinates":[-90.22476332874945,38.668881876955396],"type":"Point"},"id":"stl-city-public-streetlights:2:129777","properties":{"address":null,"attributes":{"Date_Installed":null,"LED_Powered":0,"LightID":"L022493","Light_Source":"LED","Light_Type":"Cobra","Lighting_Type":"LED-Powered Lamp","Verification_Date":null},"id":"stl-city-public-streetlights:2:129777","sourceLayerId":2,"sourceObjectId":129777,"sourceURL":"https://maps8.stlouis-mo.gov/arcgis/rest/services/STREETS/Streets_Permitting/MapServer/2","title":"Street light L022493"},"type":"Feature"},{"geometry":{"coordinates":[-90.22516797040082,38.669018120542084],"type":"Point"},"id":"stl-city-public-streetlights:2:129778","properties":{"address":null,"attributes":{"Date_Installed":null,"LED_Powered":0,"LightID":"L022494","Light_Source":"LED","Light_Type":"Cobra","Lighting_Type":"LED-Powered Lamp","Verification_Date":null},"id":"stl-city-public-streetlights:2:129778","sourceLayerId":2,"sourceObjectId":129778,"sourceURL":"https://maps8.stlouis-mo.gov/arcgis/rest/services/STREETS/Streets_Permitting/MapServer/2","title":"Street light L022494"},"type":"Feature"},{"geometry":{"coordinates":[-90.22554669738749,38.66920493072377],"type":"Point"},"id":"stl-city-public-streetlights:2:129779","properties":{"address":null,"attributes":{"Date_Installed":null,"LED_Powered":0,"LightID":"L022495","Light_Source":"LED","Light_Type":"Cobra","Lighting_Type":"LED-Powered Lamp","Verification_Date":null},"id":"stl-city-public-streetlights:2:129779","sourceLayerId":2,"sourceObjectId":129779,"sourceURL":"https://maps8.stlouis-mo.gov/arcgis/rest/services/STREETS/Streets_Permitting/MapServer/2","title":"Street light L022495"},"type":"Feature"},{"geometry":{"coordinates":[-90.22588283904757,38.669437404806104],"type":"Point"},"id":"stl-city-public-streetlights:2:129780","properties":{"address":null,"attributes":{"Date_Installed":null,"LED_Powered":0,"LightID":"L022496","Light_Source":"LED","Light_Type":"Cobra","Lighting_Type":"LED-Powered Lamp","Verification_Date":null},"id":"stl-city-public-streetlights:2:129780","sourceLayerId":2,"sourceObjectId":129780,"sourceURL":"https://maps8.stlouis-mo.gov/arcgis/rest/services/STREETS/Streets_Permitting/MapServer/2","title":"Street light L022496"},"type":"Feature"},{"geometry":{"coordinates":[-90.22618748468325,38.66970198197444],"type":"Point"},"id":"stl-city-public-streetlights:2:129781","properties":{"address":null,"attributes":{"Date_Installed":null,"LED_Powered":0,"LightID":"L022497","Light_Source":"LED","Light_Type":"Cobra","Lighting_Type":"LED-Powered Lamp","Verification_Date":null},"id":"stl-city-public-streetlights:2:129781","sourceLayerId":2,"sourceObjectId":129781,"sourceURL":"https://maps8.stlouis-mo.gov/arcgis/rest/services/STREETS/Streets_Permitting/MapServer/2","title":"Street light L022497"},"type":"Feature"},{"geometry":{"coordinates":[-90.2226711175062,38.66416629799583],"type":"Point"},"id":"stl-city-public-streetlights:2:129782","properties":{"address":null,"attributes":{"Date_Installed":null,"LED_Powered":0,"LightID":"L022498","Light_Source":"LED","Light_Type":"Cobra","Lighting_Type":"LED-Powered Lamp","Verification_Date":null},"id":"stl-city-public-streetlights:2:129782","sourceLayerId":2,"sourceObjectId":129782,"sourceURL":"https://maps8.stlouis-mo.gov/arcgis/rest/services/STREETS/Streets_Permitting/MapServer/2","title":"Street light L022498"},"type":"Feature"},{"geometry":{"coordinates":[-90.22269869793993,38.66458253894485],"type":"Point"},"id":"stl-city-public-streetlights:2:129783","properties":{"address":null,"attributes":{"Date_Installed":null,"LED_Powered":0,"LightID":"L022499","Light_Source":"LED","Light_Type":"Cobra","Lighting_Type":"LED-Powered Lamp","Verification_Date":null},"id":"stl-city-public-streetlights:2:129783","sourceLayerId":2,"sourceObjectId":129783,"sourceURL":"https://maps8.stlouis-mo.gov/arcgis/rest/services/STREETS/Streets_Permitting/MapServer/2","title":"Street light L022499"},"type":"Feature"},{"geometry":{"coordinates":[-90.22272298734414,38.66498518581082],"type":"Point"},"id":"stl-city-public-streetlights:2:129784","properties":{"address":null,"attributes":{"Date_Installed":null,"LED_Powered":0,"LightID":"L022500","Light_Source":"LED","Light_Type":"Cobra","Lighting_Type":"LED-Powered Lamp","Verification_Date":null},"id":"stl-city-public-streetlights:2:129784","sourceLayerId":2,"sourceObjectId":129784,"sourceURL":"https://maps8.stlouis-mo.gov/arcgis/rest/services/STREETS/Streets_Permitting/MapServer/2","title":"Street light L022500"},"type":"Feature"},{"geometry":{"coordinates":[-90.22274419432937,38.66539879000816],"type":"Point"},"id":"stl-city-public-streetlights:2:129785","properties":{"address":null,"attributes":{"Date_Installed":null,"LED_Powered":0,"LightID":"L022501","Light_Source":"LED","Light_Type":"Cobra","Lighting_Type":"LED-Powered Lamp","Verification_Date":null},"id":"stl-city-public-streetlights:2:129785","sourceLayerId":2,"sourceObjectId":129785,"sourceURL":"https://maps8.stlouis-mo.gov/arcgis/rest/services/STREETS/Streets_Permitting/MapServer/2","title":"Street light L022501"},"type":"Feature"},{"geometry":{"coordinates":[-90.22427094231108,38.66617873825937],"type":"Point"},"id":"stl-city-public-streetlights:2:129786","properties":{"address":null,"attributes":{"Date_Installed":null,"LED_Powered":0,"LightID":"L022502","Light_Source":"LED","Light_Type":"Cobra","Lighting_Type":"LED-Powered Lamp","Verification_Date":null},"id":"stl-city-public-streetlights:2:129786","sourceLayerId":2,"sourceObjectId":129786,"sourceURL":"https://maps8.stlouis-mo.gov/arcgis/rest/services/STREETS/Streets_Permitting/MapServer/2","title":"Street light L022502"},"type":"Feature"},{"geometry":{"coordinates":[-90.22382307874005,38.66602870684456],"type":"Point"},"id":"stl-city-public-streetlights:2:129787","properties":{"address":null,"attributes":{"Date_Installed":null,"LED_Powered":0,"LightID":"L022503","Light_Source":"LED","Light_Type":"Cobra","Lighting_Type":"LED-Powered Lamp","Verification_Date":null},"id":"stl-city-public-streetlights:2:129787","sourceLayerId":2,"sourceObjectId":129787,"sourceURL":"https://maps8.stlouis-mo.gov/arcgis/rest/services/STREETS/Streets_Permitting/MapServer/2","title":"Street light L022503"},"type":"Feature"},{"geometry":{"coordinates":[-90.22338526188386,38.665875479512344],"type":"Point"},"id":"stl-city-public-streetlights:2:129788","properties":{"address":null,"attributes":{"Date_Installed":null,"LED_Powered":0,"LightID":"L022504","Light_Source":"LED","Light_Type":"Cobra","Lighting_Type":"LED-Powered Lamp","Verification_Date":null},"id":"stl-city-public-streetlights:2:129788","sourceLayerId":2,"sourceObjectId":129788,"sourceURL":"https://maps8.stlouis-mo.gov/arcgis/rest/services/STREETS/Streets_Permitting/MapServer/2","title":"Street light L022504"},"type":"Feature"},{"geometry":{"coordinates":[-90.22295678547523,38.66570523062447],"type":"Point"},"id":"stl-city-public-streetlights:2:129789","properties":{"address":null,"attributes":{"Date_Installed":null,"LED_Powered":0,"LightID":"L022505","Light_Source":"LED","Light_Type":"Cobra","Lighting_Type":"LED-Powered Lamp","Verification_Date":null},"id":"stl-city-public-streetlights:2:129789","sourceLayerId":2,"sourceObjectId":129789,"sourceURL":"https://maps8.stlouis-mo.gov/arcgis/rest/services/STREETS/Streets_Permitting/MapServer/2","title":"Street light L022505"},"type":"Feature"},{"geometry":{"coordinates":[-90.2229552482199,38.66590557205937],"type":"Point"},"id":"stl-city-public-streetlights:2:129790","properties":{"address":null,"attributes":{"Date_Installed":null,"LED_Powered":0,"LightID":"L022506","Light_Source":"LED","Light_Type":"Cobra","Lighting_Type":"LED-Powered Lamp","Verification_Date":null},"id":"stl-city-public-streetlights:2:129790","sourceLayerId":2,"sourceObjectId":129790,"sourceURL":"https://maps8.stlouis-mo.gov/arcgis/rest/services/STREETS/Streets_Permitting/MapServer/2","title":"Street light L022506"},"type":"Feature"},{"geometry":{"coordinates":[-90.22275177666705,38.66579758376469],"type":"Point"},"id":"stl-city-public-streetlights:2:129791","properties":{"address":null,"attributes":{"Date_Installed":null,"LED_Powered":0,"LightID":"L022507","Light_Source":"LED","Light_Type":"Cobra","Lighting_Type":"LED-Powered Lamp","Verification_Date":null},"id":"stl-city-public-streetlights:2:129791","sourceLayerId":2,"sourceObjectId":129791,"sourceURL":"https://maps8.stlouis-mo.gov/arcgis/rest/services/STREETS/Streets_Permitting/MapServer/2","title":"Street light L022507"},"type":"Feature"},{"geometry":{"coordinates":[-90.22258971327649,38.66549817962034],"type":"Point"},"id":"stl-city-public-streetlights:2:129792","properties":{"address":null,"attributes":{"Date_Installed":null,"LED_Powered":0,"LightID":"L022508","Light_Source":"LED","Light_Type":"Cobra","Lighting_Type":"LED-Powered Lamp","Verification_Date":null},"id":"stl-city-public-streetlights:2:129792","sourceLayerId":2,"sourceObjectId":129792,"sourceURL":"https://maps8.stlouis-mo.gov/arcgis/rest/services/STREETS/Streets_Permitting/MapServer/2","title":"Street light L022508"},"type":"Feature"},{"geometry":{"coordinates":[-90.22225248256859,38.665240427152256],"type":"Point"},"id":"stl-city-public-streetlights:2:129793","properties":{"address":null,"attributes":{"Date_Installed":null,"LED_Powered":0,"LightID":"L022509","Light_Source":"LED","Light_Type":"Cobra","Lighting_Type":"LED-Powered Lamp","Verification_Date":null},"id":"stl-city-public-streetlights:2:129793","sourceLayerId":2,"sourceObjectId":129793,"sourceURL":"https://maps8.stlouis-mo.gov/arcgis/rest/services/STREETS/Streets_Permitting/MapServer/2","title":"Street light L022509"},"type":"Feature"},{"geometry":{"coordinates":[-90.22182066315136,38.66507135802537],"type":"Point"},"id":"stl-city-public-streetlights:2:129794","properties":{"address":null,"attributes":{"Date_Installed":null,"LED_Powered":0,"LightID":"L022510","Light_Source":"LED","Light_Type":"Cobra","Lighting_Type":"LED-Powered Lamp","Verification_Date":null},"id":"stl-city-public-streetlights:2:129794","sourceLayerId":2,"sourceObjectId":129794,"sourceURL":"https://maps8.stlouis-mo.gov/arcgis/rest/services/STREETS/Streets_Permitting/MapServer/2","title":"Street light L022510"},"type":"Feature"},{"geometry":{"coordinates":[-90.22138448707845,38.66504648337864],"type":"Point"},"id":"stl-city-public-streetlights:2:129795","properties":{"address":null,"attributes":{"Date_Installed":null,"LED_Powered":0,"LightID":"L022511","Light_Source":"LED","Light_Type":"Cobra","Lighting_Type":"LED-Powered Lamp","Verification_Date":null},"id":"stl-city-public-streetlights:2:129795","sourceLayerId":2,"sourceObjectId":129795,"sourceURL":"https://maps8.stlouis-mo.gov/arcgis/rest/services/STREETS/Streets_Permitting/MapServer/2","title":"Street light L022511"},"type":"Feature"},{"geometry":{"coordinates":[-90.22248596160297,38.66391294437562],"type":"Point"},"id":"stl-city-public-streetlights:2:129796","properties":{"address":null,"attributes":{"Date_Installed":null,"LED_Powered":0,"LightID":"L022512","Light_Source":"LED","Light_Type":"Cobra","Lighting_Type":"LED-Powered Lamp","Verification_Date":null},"id":"stl-city-public-streetlights:2:129796","sourceLayerId":2,"sourceObjectId":129796,"sourceURL":"https://maps8.stlouis-mo.gov/arcgis/rest/services/STREETS/Streets_Permitting/MapServer/2","title":"Street light L022512"},"type":"Feature"},{"geometry":{"coordinates":[-90.22222393265274,38.66421885307436],"type":"Point"},"id":"stl-city-public-streetlights:2:129797","properties":{"address":null,"attributes":{"Date_Installed":null,"LED_Powered":0,"LightID":"L022513","Light_Source":"LED","Light_Type":"Cobra","Lighting_Type":"LED-Powered Lamp","Verification_Date":null},"id":"stl-city-public-streetlights:2:129797","sourceLayerId":2,"sourceObjectId":129797,"sourceURL":"https://maps8.stlouis-mo.gov/arcgis/rest/services/STREETS/Streets_Permitting/MapServer/2","title":"Street light L022513"},"type":"Feature"},{"geometry":{"coordinates":[-90.22189267599506,38.66450123664424],"type":"Point"},"id":"stl-city-public-streetlights:2:129798","properties":{"address":null,"attributes":{"Date_Installed":null,"LED_Powered":0,"LightID":"L022514","Light_Source":"LED","Light_Type":"Cobra","Lighting_Type":"LED-Powered Lamp","Verification_Date":null},"id":"stl-city-public-streetlights:2:129798","sourceLayerId":2,"sourceObjectId":129798,"sourceURL":"https://maps8.stlouis-mo.gov/arcgis/rest/services/STREETS/Streets_Permitting/MapServer/2","title":"Street light L022514"},"type":"Feature"},{"geometry":{"coordinates":[-90.22151181440893,38.664732874134764],"type":"Point"},"id":"stl-city-public-streetlights:2:129799","properties":{"address":null,"attributes":{"Date_Installed":null,"LED_Powered":0,"LightID":"L022515","Light_Source":"LED","Light_Type":"Cobra","Lighting_Type":"LED-Powered Lamp","Verification_Date":null},"id":"stl-city-public-streetlights:2:129799","sourceLayerId":2,"sourceObjectId":129799,"sourceURL":"https://maps8.stlouis-mo.gov/arcgis/rest/services/STREETS/Streets_Permitting/MapServer/2","title":"Street light L022515"},"type":"Feature"},{"geometry":{"coordinates":[-90.22109154886132,38.66491779382553],"type":"Point"},"id":"stl-city-public-streetlights:2:129800","properties":{"address":null,"attributes":{"Date_Installed":null,"LED_Powered":0,"LightID":"L022516","Light_Source":"LED","Light_Type":"Cobra","Lighting_Type":"LED-Powered Lamp","Verification_Date":null},"id":"stl-city-public-streetlights:2:129800","sourceLayerId":2,"sourceObjectId":129800,"sourceURL":"https://maps8.stlouis-mo.gov/arcgis/rest/services/STREETS/Streets_Permitting/MapServer/2","title":"Street light L022516"},"type":"Feature"},{"geometry":{"coordinates":[-90.22066709659946,38.66505264613118],"type":"Point"},"id":"stl-city-public-streetlights:2:129801","properties":{"address":null,"attributes":{"Date_Installed":null,"LED_Powered":0,"LightID":"L022517","Light_Source":"LED","Light_Type":"Cobra","Lighting_Type":"LED-Powered Lamp","Verification_Date":null},"id":"stl-city-public-streetlights:2:129801","sourceLayerId":2,"sourceObjectId":129801,"sourceURL":"https://maps8.stlouis-mo.gov/arcgis/rest/services/STREETS/Streets_Permitting/MapServer/2","title":"Street light L022517"},"type":"Feature"},{"geometry":{"coordinates":[-90.22021414200624,38.66519886905576],"type":"Point"},"id":"stl-city-public-streetlights:2:129802","properties":{"address":null,"attributes":{"Date_Installed":null,"LED_Powered":0,"LightID":"L022518","Light_Source":"LED","Light_Type":"Cobra","Lighting_Type":"LED-Powered Lamp","Verification_Date":null},"id":"stl-city-public-streetlights:2:129802","sourceLayerId":2,"sourceObjectId":129802,"sourceURL":"https://maps8.stlouis-mo.gov/arcgis/rest/services/STREETS/Streets_Permitting/MapServer/2","title":"Street light L022518"},"type":"Feature"},{"geometry":{"coordinates":[-90.22018838460419,38.663688605271766],"type":"Point"},"id":"stl-city-public-streetlights:2:129867","properties":{"address":null,"attributes":{"Date_Installed":null,"LED_Powered":0,"LightID":"L022583","Light_Source":"LED","Light_Type":"Cobra","Lighting_Type":"LED-Powered Lamp","Verification_Date":null},"id":"stl-city-public-streetlights:2:129867","sourceLayerId":2,"sourceObjectId":129867,"sourceURL":"https://maps8.stlouis-mo.gov/arcgis/rest/services/STREETS/Streets_Permitting/MapServer/2","title":"Street light L022583"},"type":"Feature"},{"geometry":{"coordinates":[-90.22030384734045,38.6633921712937],"type":"Point"},"id":"stl-city-public-streetlights:2:129868","properties":{"address":null,"attributes":{"Date_Installed":null,"LED_Powered":0,"LightID":"L022584","Light_Source":"LED","Light_Type":"Cobra","Lighting_Type":"LED-Powered Lamp","Verification_Date":null},"id":"stl-city-public-streetlights:2:129868","sourceLayerId":2,"sourceObjectId":129868,"sourceURL":"https://maps8.stlouis-mo.gov/arcgis/rest/services/STREETS/Streets_Permitting/MapServer/2","title":"Street light L022584"},"type":"Feature"},{"geometry":{"coordinates":[-90.22039507355728,38.66307394089363],"type":"Point"},"id":"stl-city-public-streetlights:2:129869","properties":{"address":null,"attributes":{"Date_Installed":null,"LED_Powered":0,"LightID":"L022585","Light_Source":"LED","Light_Type":"Cobra","Lighting_Type":"LED-Powered Lamp","Verification_Date":null},"id":"stl-city-public-streetlights:2:129869","sourceLayerId":2,"sourceObjectId":129869,"sourceURL":"https://maps8.stlouis-mo.gov/arcgis/rest/services/STREETS/Streets_Permitting/MapServer/2","title":"Street light L022585"},"type":"Feature"},{"geometry":{"coordinates":[-90.22059687913784,38.6633147360365],"type":"Point"},"id":"stl-city-public-streetlights:2:129870","properties":{"address":null,"attributes":{"Date_Installed":null,"LED_Powered":0,"LightID":"L022586","Light_Source":"LED","Light_Type":"Cobra","Lighting_Type":"LED-Powered Lamp","Verification_Date":null},"id":"stl-city-public-streetlights:2:129870","sourceLayerId":2,"sourceObjectId":129870,"sourceURL":"https://maps8.stlouis-mo.gov/arcgis/rest/services/STREETS/Streets_Permitting/MapServer/2","title":"Street light L022586"},"type":"Feature"},{"geometry":{"coordinates":[-90.22078128292499,38.663270841103184],"type":"Point"},"id":"stl-city-public-streetlights:2:129871","properties":{"address":null,"attributes":{"Date_Installed":null,"LED_Powered":0,"LightID":"L022587","Light_Source":"LED","Light_Type":"Cobra","Lighting_Type":"LED-Powered Lamp","Verification_Date":null},"id":"stl-city-public-streetlights:2:129871","sourceLayerId":2,"sourceObjectId":129871,"sourceURL":"https://maps8.stlouis-mo.gov/arcgis/rest/services/STREETS/Streets_Permitting/MapServer/2","title":"Street light L022587"},"type":"Feature"},{"geometry":{"coordinates":[-90.22096184650555,38.66346054165047],"type":"Point"},"id":"stl-city-public-streetlights:2:129872","properties":{"address":null,"attributes":{"Date_Installed":null,"LED_Powered":0,"LightID":"L022588","Light_Source":"LED","Light_Type":"Cobra","Lighting_Type":"LED-Powered Lamp","Verification_Date":null},"id":"stl-city-public-streetlights:2:129872","sourceLayerId":2,"sourceObjectId":129872,"sourceURL":"https://maps8.stlouis-mo.gov/arcgis/rest/services/STREETS/Streets_Permitting/MapServer/2","title":"Street light L022588"},"type":"Feature"},{"geometry":{"coordinates":[-90.22028569628719,38.66401239810231],"type":"Point"},"id":"stl-city-public-streetlights:2:129873","properties":{"address":null,"attributes":{"Date_Installed":null,"LED_Powered":0,"LightID":"L022589","Light_Source":"High Pressure Sodium","Light_Type":"Cobra","Lighting_Type":"1000-W High Pressure Sodium Vapor Lamp","Verification_Date":null},"id":"stl-city-public-streetlights:2:129873","sourceLayerId":2,"sourceObjectId":129873,"sourceURL":"https://maps8.stlouis-mo.gov/arcgis/rest/services/STREETS/Streets_Permitting/MapServer/2","title":"Street light L022589"},"type":"Feature"},{"geometry":{"coordinates":[-90.22058988762068,38.663967836730656],"type":"Point"},"id":"stl-city-public-streetlights:2:129874","properties":{"address":null,"attributes":{"Date_Installed":null,"LED_Powered":0,"LightID":"L022590","Light_Source":"High Pressure Sodium","Light_Type":"Cobra","Lighting_Type":"1000-W High Pressure Sodium Vapor Lamp","Verification_Date":null},"id":"stl-city-public-streetlights:2:129874","sourceLayerId":2,"sourceObjectId":129874,"sourceURL":"https://maps8.stlouis-mo.gov/arcgis/rest/services/STREETS/Streets_Permitting/MapServer/2","title":"Street light L022590"},"type":"Feature"},{"geometry":{"coordinates":[-90.22083536003323,38.66377773519058],"type":"Point"},"id":"stl-city-public-streetlights:2:129875","properties":{"address":null,"attributes":{"Date_Installed":null,"LED_Powered":0,"LightID":"L022591","Light_Source":"High Pressure Sodium","Light_Type":"Cobra","Lighting_Type":"1000-W High Pressure Sodium Vapor Lamp","Verification_Date":null},"id":"stl-city-public-streetlights:2:129875","sourceLayerId":2,"sourceObjectId":129875,"sourceURL":"https://maps8.stlouis-mo.gov/arcgis/rest/services/STREETS/Streets_Permitting/MapServer/2","title":"Street light L022591"},"type":"Feature"},{"geometry":{"coordinates":[-90.2202074833881,38.6637988787544],"type":"Point"},"id":"stl-city-public-streetlights:2:129876","properties":{"address":null,"attributes":{"Date_Installed":null,"LED_Powered":0,"LightID":"L022592","Light_Source":"High Pressure Sodium","Light_Type":"Cobra","Lighting_Type":"1000-W High Pressure Sodium Vapor Lamp","Verification_Date":null},"id":"stl-city-public-streetlights:2:129876","sourceLayerId":2,"sourceObjectId":129876,"sourceURL":"https://maps8.stlouis-mo.gov/arcgis/rest/services/STREETS/Streets_Permitting/MapServer/2","title":"Street light L022592"},"type":"Feature"},{"geometry":{"coordinates":[-90.22035279363276,38.66356682581027],"type":"Point"},"id":"stl-city-public-streetlights:2:129877","properties":{"address":null,"attributes":{"Date_Installed":null,"LED_Powered":0,"LightID":"L022593","Light_Source":"High Pressure Sodium","Light_Type":"Cobra","Lighting_Type":"1000-W High Pressure Sodium Vapor Lamp","Verification_Date":null},"id":"stl-city-public-streetlights:2:129877","sourceLayerId":2,"sourceObjectId":129877,"sourceURL":"https://maps8.stlouis-mo.gov/arcgis/rest/services/STREETS/Streets_Permitting/MapServer/2","title":"Street light L022593"},"type":"Feature"},{"geometry":{"coordinates":[-90.22041277590014,38.66291366347431],"type":"Point"},"id":"stl-city-public-streetlights:2:129884","properties":{"address":null,"attributes":{"Date_Installed":null,"LED_Powered":1,"LightID":"L022600","Light_Source":"LED","Light_Type":"Cobra","Lighting_Type":"LED-Powered Lamp","Verification_Date":null},"id":"stl-city-public-streetlights:2:129884","sourceLayerId":2,"sourceObjectId":129884,"sourceURL":"https://maps8.stlouis-mo.gov/arcgis/rest/services/STREETS/Streets_Permitting/MapServer/2","title":"Street light L022600"},"type":"Feature"},{"geometry":{"coordinates":[-90.22094329276149,38.663145304688165],"type":"Point"},"id":"stl-city-public-streetlights:2:129885","properties":{"address":null,"attributes":{"Date_Installed":null,"LED_Powered":1,"LightID":"L022601","Light_Source":"LED","Light_Type":"Cobra","Lighting_Type":"LED-Powered Lamp","Verification_Date":null},"id":"stl-city-public-streetlights:2:129885","sourceLayerId":2,"sourceObjectId":129885,"sourceURL":"https://maps8.stlouis-mo.gov/arcgis/rest/services/STREETS/Streets_Permitting/MapServer/2","title":"Street light L022601"},"type":"Feature"},{"geometry":{"coordinates":[-90.22139823466871,38.66334541901355],"type":"Point"},"id":"stl-city-public-streetlights:2:129886","properties":{"address":null,"attributes":{"Date_Installed":null,"LED_Powered":1,"LightID":"L022602","Light_Source":"LED","Light_Type":"Cobra","Lighting_Type":"LED-Powered Lamp","Verification_Date":null},"id":"stl-city-public-streetlights:2:129886","sourceLayerId":2,"sourceObjectId":129886,"sourceURL":"https://maps8.stlouis-mo.gov/arcgis/rest/services/STREETS/Streets_Permitting/MapServer/2","title":"Street light L022602"},"type":"Feature"},{"geometry":{"coordinates":[-90.22185424702442,38.66354481970958],"type":"Point"},"id":"stl-city-public-streetlights:2:129887","properties":{"address":null,"attributes":{"Date_Installed":null,"LED_Powered":1,"LightID":"L022603","Light_Source":"LED","Light_Type":"Cobra","Lighting_Type":"LED-Powered Lamp","Verification_Date":null},"id":"stl-city-public-streetlights:2:129887","sourceLayerId":2,"sourceObjectId":129887,"sourceURL":"https://maps8.stlouis-mo.gov/arcgis/rest/services/STREETS/Streets_Permitting/MapServer/2","title":"Street light L022603"},"type":"Feature"},{"geometry":{"coordinates":[-90.22230995167256,38.663745409764964],"type":"Point"},"id":"stl-city-public-streetlights:2:129888","properties":{"address":null,"attributes":{"Date_Installed":null,"LED_Powered":1,"LightID":"L022604","Light_Source":"LED","Light_Type":"Cobra","Lighting_Type":"LED-Powered Lamp","Verification_Date":null},"id":"stl-city-public-streetlights:2:129888","sourceLayerId":2,"sourceObjectId":129888,"sourceURL":"https://maps8.stlouis-mo.gov/arcgis/rest/services/STREETS/Streets_Permitting/MapServer/2","title":"Street light L022604"},"type":"Feature"},{"geometry":{"coordinates":[-90.22291824689209,38.66401309987086],"type":"Point"},"id":"stl-city-public-streetlights:2:129889","properties":{"address":null,"attributes":{"Date_Installed":null,"LED_Powered":1,"LightID":"L022605","Light_Source":"LED","Light_Type":"Cobra","Lighting_Type":"LED-Powered Lamp","Verification_Date":null},"id":"stl-city-public-streetlights:2:129889","sourceLayerId":2,"sourceObjectId":129889,"sourceURL":"https://maps8.stlouis-mo.gov/arcgis/rest/services/STREETS/Streets_Permitting/MapServer/2","title":"Street light L022605"},"type":"Feature"},{"geometry":{"coordinates":[-90.22338639838415,38.664219912396476],"type":"Point"},"id":"stl-city-public-streetlights:2:129890","properties":{"address":null,"attributes":{"Date_Installed":null,"LED_Powered":1,"LightID":"L022606","Light_Source":"LED","Light_Type":"Cobra","Lighting_Type":"LED-Powered Lamp","Verification_Date":null},"id":"stl-city-public-streetlights:2:129890","sourceLayerId":2,"sourceObjectId":129890,"sourceURL":"https://maps8.stlouis-mo.gov/arcgis/rest/services/STREETS/Streets_Permitting/MapServer/2","title":"Street light L022606"},"type":"Feature"},{"geometry":{"coordinates":[-90.22381935336169,38.664409477185686],"type":"Point"},"id":"stl-city-public-streetlights:2:129891","properties":{"address":null,"attributes":{"Date_Installed":null,"LED_Powered":1,"LightID":"L022607","Light_Source":"LED","Light_Type":"Cobra","Lighting_Type":"LED-Powered Lamp","Verification_Date":null},"id":"stl-city-public-streetlights:2:129891","sourceLayerId":2,"sourceObjectId":129891,"sourceURL":"https://maps8.stlouis-mo.gov/arcgis/rest/services/STREETS/Streets_Permitting/MapServer/2","title":"Street light L022607"},"type":"Feature"},{"geometry":{"coordinates":[-90.22430527571028,38.66462133420241],"type":"Point"},"id":"stl-city-public-streetlights:2:129892","properties":{"address":null,"attributes":{"Date_Installed":null,"LED_Powered":1,"LightID":"L022608","Light_Source":"LED","Light_Type":"Cobra","Lighting_Type":"LED-Powered Lamp","Verification_Date":null},"id":"stl-city-public-streetlights:2:129892","sourceLayerId":2,"sourceObjectId":129892,"sourceURL":"https://maps8.stlouis-mo.gov/arcgis/rest/services/STREETS/Streets_Permitting/MapServer/2","title":"Street light L022608"},"type":"Feature"},{"geometry":{"coordinates":[-90.22474915691991,38.66481700046779],"type":"Point"},"id":"stl-city-public-streetlights:2:129893","properties":{"address":null,"attributes":{"Date_Installed":null,"LED_Powered":1,"LightID":"L022609","Light_Source":"LED","Light_Type":"Cobra","Lighting_Type":"LED-Powered Lamp","Verification_Date":null},"id":"stl-city-public-streetlights:2:129893","sourceLayerId":2,"sourceObjectId":129893,"sourceURL":"https://maps8.stlouis-mo.gov/arcgis/rest/services/STREETS/Streets_Permitting/MapServer/2","title":"Street light L022609"},"type":"Feature"},{"geometry":{"coordinates":[-90.2252688514271,38.66504769026746],"type":"Point"},"id":"stl-city-public-streetlights:2:129894","properties":{"address":null,"attributes":{"Date_Installed":null,"LED_Powered":1,"LightID":"L022610","Light_Source":"LED","Light_Type":"Cobra","Lighting_Type":"LED-Powered Lamp","Verification_Date":null},"id":"stl-city-public-streetlights:2:129894","sourceLayerId":2,"sourceObjectId":129894,"sourceURL":"https://maps8.stlouis-mo.gov/arcgis/rest/services/STREETS/Streets_Permitting/MapServer/2","title":"Street light L022610"},"type":"Feature"},{"geometry":{"coordinates":[-90.2257283721514,38.66524934889567],"type":"Point"},"id":"stl-city-public-streetlights:2:129895","properties":{"address":null,"attributes":{"Date_Installed":null,"LED_Powered":1,"LightID":"L022611","Light_Source":"LED","Light_Type":"Cobra","Lighting_Type":"LED-Powered Lamp","Verification_Date":null},"id":"stl-city-public-streetlights:2:129895","sourceLayerId":2,"sourceObjectId":129895,"sourceURL":"https://maps8.stlouis-mo.gov/arcgis/rest/services/STREETS/Streets_Permitting/MapServer/2","title":"Street light L022611"},"type":"Feature"},{"geometry":{"coordinates":[-90.22617284455607,38.66544358052856],"type":"Point"},"id":"stl-city-public-streetlights:2:129896","properties":{"address":null,"attributes":{"Date_Installed":null,"LED_Powered":1,"LightID":"L022612","Light_Source":"LED","Light_Type":"Cobra","Lighting_Type":"LED-Powered Lamp","Verification_Date":null},"id":"stl-city-public-streetlights:2:129896","sourceLayerId":2,"sourceObjectId":129896,"sourceURL":"https://maps8.stlouis-mo.gov/arcgis/rest/services/STREETS/Streets_Permitting/MapServer/2","title":"Street light L022612"},"type":"Feature"},{"geometry":{"coordinates":[-90.22660263580086,38.66562955287767],"type":"Point"},"id":"stl-city-public-streetlights:2:129897","properties":{"address":null,"attributes":{"Date_Installed":null,"LED_Powered":1,"LightID":"L022613","Light_Source":"LED","Light_Type":"Cobra","Lighting_Type":"LED-Powered Lamp","Verification_Date":null},"id":"stl-city-public-streetlights:2:129897","sourceLayerId":2,"sourceObjectId":129897,"sourceURL":"https://maps8.stlouis-mo.gov/arcgis/rest/services/STREETS/Streets_Permitting/MapServer/2","title":"Street light L022613"},"type":"Feature"},{"geometry":{"coordinates":[-90.22701783620177,38.66581548959349],"type":"Point"},"id":"stl-city-public-streetlights:2:129898","properties":{"address":null,"attributes":{"Date_Installed":null,"LED_Powered":1,"LightID":"L022614","Light_Source":"LED","Light_Type":"Cobra","Lighting_Type":"LED-Powered Lamp","Verification_Date":null},"id":"stl-city-public-streetlights:2:129898","sourceLayerId":2,"sourceObjectId":129898,"sourceURL":"https://maps8.stlouis-mo.gov/arcgis/rest/services/STREETS/Streets_Permitting/MapServer/2","title":"Street light L022614"},"type":"Feature"},{"geometry":{"coordinates":[-90.2266964104464,38.66592388932277],"type":"Point"},"id":"stl-city-public-streetlights:2:129899","properties":{"address":null,"attributes":{"Date_Installed":null,"LED_Powered":0,"LightID":"L022615","Light_Source":"LED","Light_Type":"Cobra","Lighting_Type":"LED-Powered Lamp","Verification_Date":null},"id":"stl-city-public-streetlights:2:129899","sourceLayerId":2,"sourceObjectId":129899,"sourceURL":"https://maps8.stlouis-mo.gov/arcgis/rest/services/STREETS/Streets_Permitting/MapServer/2","title":"Street light L022615"},"type":"Feature"},{"geometry":{"coordinates":[-90.22639475860626,38.669756586734024],"type":"Point"},"id":"stl-city-public-streetlights:2:129900","properties":{"address":null,"attributes":{"Date_Installed":null,"LED_Powered":0,"LightID":"L022616","Light_Source":"LED","Light_Type":"Cobra","Lighting_Type":"LED-Powered Lamp","Verification_Date":null},"id":"stl-city-public-streetlights:2:129900","sourceLayerId":2,"sourceObjectId":129900,"sourceURL":"https://maps8.stlouis-mo.gov/arcgis/rest/services/STREETS/Streets_Permitting/MapServer/2","title":"Street light L022616"},"type":"Feature"},{"geometry":{"coordinates":[-90.2265781339288,38.66950673816843],"type":"Point"},"id":"stl-city-public-streetlights:2:129901","properties":{"address":null,"attributes":{"Date_Installed":null,"LED_Powered":0,"LightID":"L022617","Light_Source":"LED","Light_Type":"Cobra","Lighting_Type":"LED-Powered Lamp","Verification_Date":null},"id":"stl-city-public-streetlights:2:129901","sourceLayerId":2,"sourceObjectId":129901,"sourceURL":"https://maps8.stlouis-mo.gov/arcgis/rest/services/STREETS/Streets_Permitting/MapServer/2","title":"Street light L022617"},"type":"Feature"},{"geometry":{"coordinates":[-90.22680348767217,38.66917105920551],"type":"Point"},"id":"stl-city-public-streetlights:2:129902","properties":{"address":null,"attributes":{"Date_Installed":null,"LED_Powered":0,"LightID":"L022618","Light_Source":"LED","Light_Type":"Cobra","Lighting_Type":"LED-Powered Lamp","Verification_Date":null},"id":"stl-city-public-streetlights:2:129902","sourceLayerId":2,"sourceObjectId":129902,"sourceURL":"https://maps8.stlouis-mo.gov/arcgis/rest/services/STREETS/Streets_Permitting/MapServer/2","title":"Street light L022618"},"type":"Feature"},{"geometry":{"coordinates":[-90.22701925345055,38.668878023296806],"type":"Point"},"id":"stl-city-public-streetlights:2:129903","properties":{"address":null,"attributes":{"Date_Installed":null,"LED_Powered":0,"LightID":"L022619","Light_Source":"LED","Light_Type":"Cobra","Lighting_Type":"LED-Powered Lamp","Verification_Date":null},"id":"stl-city-public-streetlights:2:129903","sourceLayerId":2,"sourceObjectId":129903,"sourceURL":"https://maps8.stlouis-mo.gov/arcgis/rest/services/STREETS/Streets_Permitting/MapServer/2","title":"Street light L022619"},"type":"Feature"},{"geometry":{"coordinates":[-90.2272563586165,38.66854506358891],"type":"Point"},"id":"stl-city-public-streetlights:2:129904","properties":{"address":null,"attributes":{"Date_Installed":null,"LED_Powered":0,"LightID":"L022620","Light_Source":"LED","Light_Type":"Cobra","Lighting_Type":"LED-Powered Lamp","Verification_Date":null},"id":"stl-city-public-streetlights:2:129904","sourceLayerId":2,"sourceObjectId":129904,"sourceURL":"https://maps8.stlouis-mo.gov/arcgis/rest/services/STREETS/Streets_Permitting/MapServer/2","title":"Street light L022620"},"type":"Feature"},{"geometry":{"coordinates":[-90.22749471456233,38.66821077118162],"type":"Point"},"id":"stl-city-public-streetlights:2:129905","properties":{"address":null,"attributes":{"Date_Installed":null,"LED_Powered":0,"LightID":"L022621","Light_Source":"LED","Light_Type":"Cobra","Lighting_Type":"LED-Powered Lamp","Verification_Date":null},"id":"stl-city-public-streetlights:2:129905","sourceLayerId":2,"sourceObjectId":129905,"sourceURL":"https://maps8.stlouis-mo.gov/arcgis/rest/services/STREETS/Streets_Permitting/MapServer/2","title":"Street light L022621"},"type":"Feature"},{"geometry":{"coordinates":[-90.22770836904981,38.66791147238369],"type":"Point"},"id":"stl-city-public-streetlights:2:129906","properties":{"address":null,"attributes":{"Date_Installed":null,"LED_Powered":0,"LightID":"L022622","Light_Source":"LED","Light_Type":"Cobra","Lighting_Type":"LED-Powered Lamp","Verification_Date":null},"id":"stl-city-public-streetlights:2:129906","sourceLayerId":2,"sourceObjectId":129906,"sourceURL":"https://maps8.stlouis-mo.gov/arcgis/rest/services/STREETS/Streets_Permitting/MapServer/2","title":"Street light L022622"},"type":"Feature"},{"geometry":{"coordinates":[-90.22791316735197,38.66762204429053],"type":"Point"},"id":"stl-city-public-streetlights:2:129907","properties":{"address":null,"attributes":{"Date_Installed":null,"LED_Powered":0,"LightID":"L022623","Light_Source":"LED","Light_Type":"Cobra","Lighting_Type":"LED-Powered Lamp","Verification_Date":null},"id":"stl-city-public-streetlights:2:129907","sourceLayerId":2,"sourceObjectId":129907,"sourceURL":"https://maps8.stlouis-mo.gov/arcgis/rest/services/STREETS/Streets_Permitting/MapServer/2","title":"Street light L022623"},"type":"Feature"},{"geometry":{"coordinates":[-90.22812269374991,38.667328038606506],"type":"Point"},"id":"stl-city-public-streetlights:2:129908","properties":{"address":null,"attributes":{"Date_Installed":null,"LED_Powered":0,"LightID":"L022624","Light_Source":"LED","Light_Type":"Cobra","Lighting_Type":"LED-Powered Lamp","Verification_Date":null},"id":"stl-city-public-streetlights:2:129908","sourceLayerId":2,"sourceObjectId":129908,"sourceURL":"https://maps8.stlouis-mo.gov/arcgis/rest/services/STREETS/Streets_Permitting/MapServer/2","title":"Street light L022624"},"type":"Feature"},{"geometry":{"coordinates":[-90.22836023264747,38.66698249220737],"type":"Point"},"id":"stl-city-public-streetlights:2:129909","properties":{"address":null,"attributes":{"Date_Installed":null,"LED_Powered":0,"LightID":"L022625","Light_Source":"LED","Light_Type":"Cobra","Lighting_Type":"LED-Powered Lamp","Verification_Date":null},"id":"stl-city-public-streetlights:2:129909","sourceLayerId":2,"sourceObjectId":129909,"sourceURL":"https://maps8.stlouis-mo.gov/arcgis/rest/services/STREETS/Streets_Permitting/MapServer/2","title":"Street light L022625"},"type":"Feature"},{"geometry":{"coordinates":[-90.22859704597292,38.666667215149864],"type":"Point"},"id":"stl-city-public-streetlights:2:129910","properties":{"address":null,"attributes":{"Date_Installed":null,"LED_Powered":0,"LightID":"L022626","Light_Source":"LED","Light_Type":"Cobra","Lighting_Type":"LED-Powered Lamp","Verification_Date":null},"id":"stl-city-public-streetlights:2:129910","sourceLayerId":2,"sourceObjectId":129910,"sourceURL":"https://maps8.stlouis-mo.gov/arcgis/rest/services/STREETS/Streets_Permitting/MapServer/2","title":"Street light L022626"},"type":"Feature"},{"geometry":{"coordinates":[-90.22891312754861,38.669268670444964],"type":"Point"},"id":"stl-city-public-streetlights:2:129911","properties":{"address":null,"attributes":{"Date_Installed":"4/23/2018","LED_Powered":1,"LightID":"L022627","Light_Source":"LED","Light_Type":"Cobra","Lighting_Type":"LED-Powered Lamp","Verification_Date":null},"id":"stl-city-public-streetlights:2:129911","sourceLayerId":2,"sourceObjectId":129911,"sourceURL":"https://maps8.stlouis-mo.gov/arcgis/rest/services/STREETS/Streets_Permitting/MapServer/2","title":"Street light L022627"},"type":"Feature"},{"geometry":{"coordinates":[-90.22913564732622,38.668955886279655],"type":"Point"},"id":"stl-city-public-streetlights:2:129912","properties":{"address":null,"attributes":{"Date_Installed":"4/23/2018","LED_Powered":1,"LightID":"L022628","Light_Source":"LED","Light_Type":"Cobra","Lighting_Type":"LED-Powered Lamp","Verification_Date":null},"id":"stl-city-public-streetlights:2:129912","sourceLayerId":2,"sourceObjectId":129912,"sourceURL":"https://maps8.stlouis-mo.gov/arcgis/rest/services/STREETS/Streets_Permitting/MapServer/2","title":"Street light L022628"},"type":"Feature"},{"geometry":{"coordinates":[-90.2293123430331,38.668700772959866],"type":"Point"},"id":"stl-city-public-streetlights:2:129913","properties":{"address":null,"attributes":{"Date_Installed":"4/23/2018","LED_Powered":1,"LightID":"L022629","Light_Source":"LED","Light_Type":"Cobra","Lighting_Type":"LED-Powered Lamp","Verification_Date":null},"id":"stl-city-public-streetlights:2:129913","sourceLayerId":2,"sourceObjectId":129913,"sourceURL":"https://maps8.stlouis-mo.gov/arcgis/rest/services/STREETS/Streets_Permitting/MapServer/2","title":"Street light L022629"},"type":"Feature"},{"geometry":{"coordinates":[-90.22957118780573,38.66834845739313],"type":"Point"},"id":"stl-city-public-streetlights:2:129914","properties":{"address":null,"attributes":{"Date_Installed":"4/23/2018","LED_Powered":1,"LightID":"L022630","Light_Source":"LED","Light_Type":"Cobra","Lighting_Type":"LED-Powered Lamp","Verification_Date":null},"id":"stl-city-public-streetlights:2:129914","sourceLayerId":2,"sourceObjectId":129914,"sourceURL":"https://maps8.stlouis-mo.gov/arcgis/rest/services/STREETS/Streets_Permitting/MapServer/2","title":"Street light L022630"},"type":"Feature"},{"geometry":{"coordinates":[-90.22978792766395,38.668035347761595],"type":"Point"},"id":"stl-city-public-streetlights:2:129915","properties":{"address":null,"attributes":{"Date_Installed":"4/23/2018","LED_Powered":1,"LightID":"L022631","Light_Source":"LED","Light_Type":"Cobra","Lighting_Type":"LED-Powered Lamp","Verification_Date":null},"id":"stl-city-public-streetlights:2:129915","sourceLayerId":2,"sourceObjectId":129915,"sourceURL":"https://maps8.stlouis-mo.gov/arcgis/rest/services/STREETS/Streets_Permitting/MapServer/2","title":"Street light L022631"},"type":"Feature"},{"geometry":{"coordinates":[-90.22998149704684,38.66775691512791],"type":"Point"},"id":"stl-city-public-streetlights:2:129916","properties":{"address":null,"attributes":{"Date_Installed":"4/23/2018","LED_Powered":1,"LightID":"L022632","Light_Source":"LED","Light_Type":"Cobra","Lighting_Type":"LED-Powered Lamp","Verification_Date":null},"id":"stl-city-public-streetlights:2:129916","sourceLayerId":2,"sourceObjectId":129916,"sourceURL":"https://maps8.stlouis-mo.gov/arcgis/rest/services/STREETS/Streets_Permitting/MapServer/2","title":"Street light L022632"},"type":"Feature"},{"geometry":{"coordinates":[-90.22987110240527,38.667020585174086],"type":"Point"},"id":"stl-city-public-streetlights:2:130971","properties":{"address":null,"attributes":{"Date_Installed":null,"LED_Powered":1,"LightID":"L023687","Light_Source":"LED","Light_Type":"Cobra","Lighting_Type":"LED-Powered Lamp","Verification_Date":null},"id":"stl-city-public-streetlights:2:130971","sourceLayerId":2,"sourceObjectId":130971,"sourceURL":"https://maps8.stlouis-mo.gov/arcgis/rest/services/STREETS/Streets_Permitting/MapServer/2","title":"Street light L023687"},"type":"Feature"},{"geometry":{"coordinates":[-90.22938582047735,38.66681125546302],"type":"Point"},"id":"stl-city-public-streetlights:2:130972","properties":{"address":null,"attributes":{"Date_Installed":"2021-05-19","LED_Powered":1,"LightID":"L023688","Light_Source":"LED","Light_Type":"Cobra","Lighting_Type":"5G Pole - 5G Pole -5G Pole - LED-Powered Lamp","Verification_Date":null},"id":"stl-city-public-streetlights:2:130972","sourceLayerId":2,"sourceObjectId":130972,"sourceURL":"https://maps8.stlouis-mo.gov/arcgis/rest/services/STREETS/Streets_Permitting/MapServer/2","title":"Street light L023688"},"type":"Feature"},{"geometry":{"coordinates":[-90.2290020936695,38.66664071603519],"type":"Point"},"id":"stl-city-public-streetlights:2:130973","properties":{"address":null,"attributes":{"Date_Installed":null,"LED_Powered":1,"LightID":"L023689","Light_Source":"LED","Light_Type":"Cobra","Lighting_Type":"LED-Powered Lamp","Verification_Date":null},"id":"stl-city-public-streetlights:2:130973","sourceLayerId":2,"sourceObjectId":130973,"sourceURL":"https://maps8.stlouis-mo.gov/arcgis/rest/services/STREETS/Streets_Permitting/MapServer/2","title":"Street light L023689"},"type":"Feature"},{"geometry":{"coordinates":[-90.22930204163727,38.66651370835788],"type":"Point"},"id":"stl-city-public-streetlights:2:130974","properties":{"address":null,"attributes":{"Date_Installed":null,"LED_Powered":1,"LightID":"L023690","Light_Source":"LED","Light_Type":"Cobra","Lighting_Type":"LED-Powered Lamp","Verification_Date":null},"id":"stl-city-public-streetlights:2:130974","sourceLayerId":2,"sourceObjectId":130974,"sourceURL":"https://maps8.stlouis-mo.gov/arcgis/rest/services/STREETS/Streets_Permitting/MapServer/2","title":"Street light L023690"},"type":"Feature"},{"geometry":{"coordinates":[-90.22976347136537,38.66671863294734],"type":"Point"},"id":"stl-city-public-streetlights:2:130975","properties":{"address":null,"attributes":{"Date_Installed":null,"LED_Powered":1,"LightID":"L023691","Light_Source":"LED","Light_Type":"Cobra","Lighting_Type":"LED-Powered Lamp","Verification_Date":null},"id":"stl-city-public-streetlights:2:130975","sourceLayerId":2,"sourceObjectId":130975,"sourceURL":"https://maps8.stlouis-mo.gov/arcgis/rest/services/STREETS/Streets_Permitting/MapServer/2","title":"Street light L023691"},"type":"Feature"},{"geometry":{"coordinates":[-90.2297488303774,38.66546203584674],"type":"Point"},"id":"stl-city-public-streetlights:2:131010","properties":{"address":null,"attributes":{"Date_Installed":"12/8/2018","LED_Powered":1,"LightID":"L023726","Light_Source":"LED","Light_Type":"Cobra","Lighting_Type":"LED-Powered Lamp","Verification_Date":null},"id":"stl-city-public-streetlights:2:131010","sourceLayerId":2,"sourceObjectId":131010,"sourceURL":"https://maps8.stlouis-mo.gov/arcgis/rest/services/STREETS/Streets_Permitting/MapServer/2","title":"Street light L023726"},"type":"Feature"},{"geometry":{"coordinates":[-90.22884208449582,38.66631693476256],"type":"Point"},"id":"stl-city-public-streetlights:2:134346","properties":{"address":null,"attributes":{"Date_Installed":null,"LED_Powered":1,"LightID":"L027062","Light_Source":"LED","Light_Type":"Cobra","Lighting_Type":"LED-Powered Lamp","Verification_Date":null},"id":"stl-city-public-streetlights:2:134346","sourceLayerId":2,"sourceObjectId":134346,"sourceURL":"https://maps8.stlouis-mo.gov/arcgis/rest/services/STREETS/Streets_Permitting/MapServer/2","title":"Street light L027062"},"type":"Feature"},{"geometry":{"coordinates":[-90.22839363367831,38.666118532950115],"type":"Point"},"id":"stl-city-public-streetlights:2:134347","properties":{"address":null,"attributes":{"Date_Installed":null,"LED_Powered":1,"LightID":"L027063","Light_Source":"LED","Light_Type":"Cobra","Lighting_Type":"LED-Powered Lamp","Verification_Date":null},"id":"stl-city-public-streetlights:2:134347","sourceLayerId":2,"sourceObjectId":134347,"sourceURL":"https://maps8.stlouis-mo.gov/arcgis/rest/services/STREETS/Streets_Permitting/MapServer/2","title":"Street light L027063"},"type":"Feature"},{"geometry":{"coordinates":[-90.2279528232069,38.6659234759547],"type":"Point"},"id":"stl-city-public-streetlights:2:134348","properties":{"address":null,"attributes":{"Date_Installed":null,"LED_Powered":1,"LightID":"L027064","Light_Source":"LED","Light_Type":"Cobra","Lighting_Type":"LED-Powered Lamp","Verification_Date":null},"id":"stl-city-public-streetlights:2:134348","sourceLayerId":2,"sourceObjectId":134348,"sourceURL":"https://maps8.stlouis-mo.gov/arcgis/rest/services/STREETS/Streets_Permitting/MapServer/2","title":"Street light L027064"},"type":"Feature"},{"geometry":{"coordinates":[-90.22745386853727,38.665703619203754],"type":"Point"},"id":"stl-city-public-streetlights:2:134349","properties":{"address":null,"attributes":{"Date_Installed":null,"LED_Powered":1,"LightID":"L027065","Light_Source":"LED","Light_Type":"Cobra","Lighting_Type":"LED-Powered Lamp","Verification_Date":null},"id":"stl-city-public-streetlights:2:134349","sourceLayerId":2,"sourceObjectId":134349,"sourceURL":"https://maps8.stlouis-mo.gov/arcgis/rest/services/STREETS/Streets_Permitting/MapServer/2","title":"Street light L027065"},"type":"Feature"},{"geometry":{"coordinates":[-90.22699713288192,38.66550271348656],"type":"Point"},"id":"stl-city-public-streetlights:2:134350","properties":{"address":null,"attributes":{"Date_Installed":null,"LED_Powered":1,"LightID":"L027066","Light_Source":"LED","Light_Type":"Cobra","Lighting_Type":"LED-Powered Lamp","Verification_Date":null},"id":"stl-city-public-streetlights:2:134350","sourceLayerId":2,"sourceObjectId":134350,"sourceURL":"https://maps8.stlouis-mo.gov/arcgis/rest/services/STREETS/Streets_Permitting/MapServer/2","title":"Street light L027066"},"type":"Feature"},{"geometry":{"coordinates":[-90.226628059945,38.665339766982406],"type":"Point"},"id":"stl-city-public-streetlights:2:134351","properties":{"address":null,"attributes":{"Date_Installed":null,"LED_Powered":1,"LightID":"L027067","Light_Source":"LED","Light_Type":"Cobra","Lighting_Type":"LED-Powered Lamp","Verification_Date":null},"id":"stl-city-public-streetlights:2:134351","sourceLayerId":2,"sourceObjectId":134351,"sourceURL":"https://maps8.stlouis-mo.gov/arcgis/rest/services/STREETS/Streets_Permitting/MapServer/2","title":"Street light L027067"},"type":"Feature"},{"geometry":{"coordinates":[-90.22615262494378,38.66513271256317],"type":"Point"},"id":"stl-city-public-streetlights:2:134352","properties":{"address":null,"attributes":{"Date_Installed":null,"LED_Powered":1,"LightID":"L027068","Light_Source":"LED","Light_Type":"Cobra","Lighting_Type":"LED-Powered Lamp","Verification_Date":null},"id":"stl-city-public-streetlights:2:134352","sourceLayerId":2,"sourceObjectId":134352,"sourceURL":"https://maps8.stlouis-mo.gov/arcgis/rest/services/STREETS/Streets_Permitting/MapServer/2","title":"Street light L027068"},"type":"Feature"},{"geometry":{"coordinates":[-90.22568277763644,38.66492852872114],"type":"Point"},"id":"stl-city-public-streetlights:2:134353","properties":{"address":null,"attributes":{"Date_Installed":null,"LED_Powered":1,"LightID":"L027069","Light_Source":"LED","Light_Type":"Cobra","Lighting_Type":"LED-Powered Lamp","Verification_Date":null},"id":"stl-city-public-streetlights:2:134353","sourceLayerId":2,"sourceObjectId":134353,"sourceURL":"https://maps8.stlouis-mo.gov/arcgis/rest/services/STREETS/Streets_Permitting/MapServer/2","title":"Street light L027069"},"type":"Feature"},{"geometry":{"coordinates":[-90.22520930914948,38.66471766072488],"type":"Point"},"id":"stl-city-public-streetlights:2:134354","properties":{"address":null,"attributes":{"Date_Installed":null,"LED_Powered":1,"LightID":"L027070","Light_Source":"LED","Light_Type":"Cobra","Lighting_Type":"LED-Powered Lamp","Verification_Date":null},"id":"stl-city-public-streetlights:2:134354","sourceLayerId":2,"sourceObjectId":134354,"sourceURL":"https://maps8.stlouis-mo.gov/arcgis/rest/services/STREETS/Streets_Permitting/MapServer/2","title":"Street light L027070"},"type":"Feature"},{"geometry":{"coordinates":[-90.22473134490093,38.66450649464776],"type":"Point"},"id":"stl-city-public-streetlights:2:134355","properties":{"address":null,"attributes":{"Date_Installed":null,"LED_Powered":1,"LightID":"L027071","Light_Source":"LED","Light_Type":"Cobra","Lighting_Type":"LED-Powered Lamp","Verification_Date":null},"id":"stl-city-public-streetlights:2:134355","sourceLayerId":2,"sourceObjectId":134355,"sourceURL":"https://maps8.stlouis-mo.gov/arcgis/rest/services/STREETS/Streets_Permitting/MapServer/2","title":"Street light L027071"},"type":"Feature"},{"geometry":{"coordinates":[-90.22425042891838,38.664296916023616],"type":"Point"},"id":"stl-city-public-streetlights:2:134356","properties":{"address":null,"attributes":{"Date_Installed":null,"LED_Powered":1,"LightID":"L027072","Light_Source":"LED","Light_Type":"Cobra","Lighting_Type":"LED-Powered Lamp","Verification_Date":null},"id":"stl-city-public-streetlights:2:134356","sourceLayerId":2,"sourceObjectId":134356,"sourceURL":"https://maps8.stlouis-mo.gov/arcgis/rest/services/STREETS/Streets_Permitting/MapServer/2","title":"Street light L027072"},"type":"Feature"},{"geometry":{"coordinates":[-90.22380905306149,38.66410322130307],"type":"Point"},"id":"stl-city-public-streetlights:2:134357","properties":{"address":null,"attributes":{"Date_Installed":null,"LED_Powered":1,"LightID":"L027073","Light_Source":"LED","Light_Type":"Cobra","Lighting_Type":"LED-Powered Lamp","Verification_Date":null},"id":"stl-city-public-streetlights:2:134357","sourceLayerId":2,"sourceObjectId":134357,"sourceURL":"https://maps8.stlouis-mo.gov/arcgis/rest/services/STREETS/Streets_Permitting/MapServer/2","title":"Street light L027073"},"type":"Feature"},{"geometry":{"coordinates":[-90.22336160442963,38.663908079045264],"type":"Point"},"id":"stl-city-public-streetlights:2:134358","properties":{"address":null,"attributes":{"Date_Installed":null,"LED_Powered":1,"LightID":"L027074","Light_Source":"LED","Light_Type":"Cobra","Lighting_Type":"LED-Powered Lamp","Verification_Date":null},"id":"stl-city-public-streetlights:2:134358","sourceLayerId":2,"sourceObjectId":134358,"sourceURL":"https://maps8.stlouis-mo.gov/arcgis/rest/services/STREETS/Streets_Permitting/MapServer/2","title":"Street light L027074"},"type":"Feature"},{"geometry":{"coordinates":[-90.22355400148818,38.663129988020366],"type":"Point"},"id":"stl-city-public-streetlights:2:134359","properties":{"address":null,"attributes":{"Date_Installed":"12/8/2018","LED_Powered":1,"LightID":"L027075","Light_Source":"LED","Light_Type":"Cobra","Lighting_Type":"LED-Powered Lamp","Verification_Date":null},"id":"stl-city-public-streetlights:2:134359","sourceLayerId":2,"sourceObjectId":134359,"sourceURL":"https://maps8.stlouis-mo.gov/arcgis/rest/services/STREETS/Streets_Permitting/MapServer/2","title":"Street light L027075"},"type":"Feature"},{"geometry":{"coordinates":[-90.22399104643085,38.66332170777582],"type":"Point"},"id":"stl-city-public-streetlights:2:134360","properties":{"address":null,"attributes":{"Date_Installed":"12/8/2018","LED_Powered":1,"LightID":"L027076","Light_Source":"LED","Light_Type":"Cobra","Lighting_Type":"LED-Powered Lamp","Verification_Date":null},"id":"stl-city-public-streetlights:2:134360","sourceLayerId":2,"sourceObjectId":134360,"sourceURL":"https://maps8.stlouis-mo.gov/arcgis/rest/services/STREETS/Streets_Permitting/MapServer/2","title":"Street light L027076"},"type":"Feature"},{"geometry":{"coordinates":[-90.22439866705031,38.66349691001041],"type":"Point"},"id":"stl-city-public-streetlights:2:134361","properties":{"address":null,"attributes":{"Date_Installed":"12/8/2018","LED_Powered":1,"LightID":"L027077","Light_Source":"LED","Light_Type":"Cobra","Lighting_Type":"LED-Powered Lamp","Verification_Date":null},"id":"stl-city-public-streetlights:2:134361","sourceLayerId":2,"sourceObjectId":134361,"sourceURL":"https://maps8.stlouis-mo.gov/arcgis/rest/services/STREETS/Streets_Permitting/MapServer/2","title":"Street light L027077"},"type":"Feature"},{"geometry":{"coordinates":[-90.22482920249033,38.663690756298244],"type":"Point"},"id":"stl-city-public-streetlights:2:134362","properties":{"address":null,"attributes":{"Date_Installed":"12/8/2018","LED_Powered":1,"LightID":"L027078","Light_Source":"LED","Light_Type":"Cobra","Lighting_Type":"LED-Powered Lamp","Verification_Date":null},"id":"stl-city-public-streetlights:2:134362","sourceLayerId":2,"sourceObjectId":134362,"sourceURL":"https://maps8.stlouis-mo.gov/arcgis/rest/services/STREETS/Streets_Permitting/MapServer/2","title":"Street light L027078"},"type":"Feature"},{"geometry":{"coordinates":[-90.22526626039924,38.66388056413627],"type":"Point"},"id":"stl-city-public-streetlights:2:134363","properties":{"address":null,"attributes":{"Date_Installed":"12/8/2018","LED_Powered":1,"LightID":"L027079","Light_Source":"LED","Light_Type":"Cobra","Lighting_Type":"LED-Powered Lamp","Verification_Date":null},"id":"stl-city-public-streetlights:2:134363","sourceLayerId":2,"sourceObjectId":134363,"sourceURL":"https://maps8.stlouis-mo.gov/arcgis/rest/services/STREETS/Streets_Permitting/MapServer/2","title":"Street light L027079"},"type":"Feature"},{"geometry":{"coordinates":[-90.22575234109127,38.664091461496085],"type":"Point"},"id":"stl-city-public-streetlights:2:134364","properties":{"address":null,"attributes":{"Date_Installed":"12/8/2018","LED_Powered":1,"LightID":"L027080","Light_Source":"LED","Light_Type":"Cobra","Lighting_Type":"LED-Powered Lamp","Verification_Date":null},"id":"stl-city-public-streetlights:2:134364","sourceLayerId":2,"sourceObjectId":134364,"sourceURL":"https://maps8.stlouis-mo.gov/arcgis/rest/services/STREETS/Streets_Permitting/MapServer/2","title":"Street light L027080"},"type":"Feature"},{"geometry":{"coordinates":[-90.22617023887828,38.66427645444255],"type":"Point"},"id":"stl-city-public-streetlights:2:134365","properties":{"address":null,"attributes":{"Date_Installed":"12/8/2018","LED_Powered":1,"LightID":"L027081","Light_Source":"LED","Light_Type":"Cobra","Lighting_Type":"LED-Powered Lamp","Verification_Date":null},"id":"stl-city-public-streetlights:2:134365","sourceLayerId":2,"sourceObjectId":134365,"sourceURL":"https://maps8.stlouis-mo.gov/arcgis/rest/services/STREETS/Streets_Permitting/MapServer/2","title":"Street light L027081"},"type":"Feature"},{"geometry":{"coordinates":[-90.22658302684849,38.66445475929124],"type":"Point"},"id":"stl-city-public-streetlights:2:134366","properties":{"address":null,"attributes":{"Date_Installed":"12/8/2018","LED_Powered":1,"LightID":"L027082","Light_Source":"LED","Light_Type":"Cobra","Lighting_Type":"LED-Powered Lamp","Verification_Date":null},"id":"stl-city-public-streetlights:2:134366","sourceLayerId":2,"sourceObjectId":134366,"sourceURL":"https://maps8.stlouis-mo.gov/arcgis/rest/services/STREETS/Streets_Permitting/MapServer/2","title":"Street light L027082"},"type":"Feature"},{"geometry":{"coordinates":[-90.22701734146327,38.6646492621868],"type":"Point"},"id":"stl-city-public-streetlights:2:134367","properties":{"address":null,"attributes":{"Date_Installed":"12/8/2018","LED_Powered":1,"LightID":"L027083","Light_Source":"LED","Light_Type":"Cobra","Lighting_Type":"LED-Powered Lamp","Verification_Date":null},"id":"stl-city-public-streetlights:2:134367","sourceLayerId":2,"sourceObjectId":134367,"sourceURL":"https://maps8.stlouis-mo.gov/arcgis/rest/services/STREETS/Streets_Permitting/MapServer/2","title":"Street light L027083"},"type":"Feature"},{"geometry":{"coordinates":[-90.22760280872848,38.664524976121896],"type":"Point"},"id":"stl-city-public-streetlights:2:134368","properties":{"address":null,"attributes":{"Date_Installed":"12/8/2018","LED_Powered":1,"LightID":"L027084","Light_Source":"LED","Light_Type":"Cobra","Lighting_Type":"LED-Powered Lamp","Verification_Date":null},"id":"stl-city-public-streetlights:2:134368","sourceLayerId":2,"sourceObjectId":134368,"sourceURL":"https://maps8.stlouis-mo.gov/arcgis/rest/services/STREETS/Streets_Permitting/MapServer/2","title":"Street light L027084"},"type":"Feature"},{"geometry":{"coordinates":[-90.22802606762941,38.66470925961585],"type":"Point"},"id":"stl-city-public-streetlights:2:134369","properties":{"address":null,"attributes":{"Date_Installed":"12/8/2018","LED_Powered":1,"LightID":"L027085","Light_Source":"LED","Light_Type":"Cobra","Lighting_Type":"LED-Powered Lamp","Verification_Date":null},"id":"stl-city-public-streetlights:2:134369","sourceLayerId":2,"sourceObjectId":134369,"sourceURL":"https://maps8.stlouis-mo.gov/arcgis/rest/services/STREETS/Streets_Permitting/MapServer/2","title":"Street light L027085"},"type":"Feature"},{"geometry":{"coordinates":[-90.2284453717363,38.66489496209858],"type":"Point"},"id":"stl-city-public-streetlights:2:134370","properties":{"address":null,"attributes":{"Date_Installed":"12/8/2018","LED_Powered":1,"LightID":"L027086","Light_Source":"LED","Light_Type":"Cobra","Lighting_Type":"LED-Powered Lamp","Verification_Date":null},"id":"stl-city-public-streetlights:2:134370","sourceLayerId":2,"sourceObjectId":134370,"sourceURL":"https://maps8.stlouis-mo.gov/arcgis/rest/services/STREETS/Streets_Permitting/MapServer/2","title":"Street light L027086"},"type":"Feature"},{"geometry":{"coordinates":[-90.22887395023126,38.66508054223289],"type":"Point"},"id":"stl-city-public-streetlights:2:134371","properties":{"address":null,"attributes":{"Date_Installed":"12/8/2018","LED_Powered":1,"LightID":"L027087","Light_Source":"LED","Light_Type":"Cobra","Lighting_Type":"LED-Powered Lamp","Verification_Date":null},"id":"stl-city-public-streetlights:2:134371","sourceLayerId":2,"sourceObjectId":134371,"sourceURL":"https://maps8.stlouis-mo.gov/arcgis/rest/services/STREETS/Streets_Permitting/MapServer/2","title":"Street light L027087"},"type":"Feature"},{"geometry":{"coordinates":[-90.22930010170407,38.665265543115126],"type":"Point"},"id":"stl-city-public-streetlights:2:134372","properties":{"address":null,"attributes":{"Date_Installed":"12/8/2018","LED_Powered":1,"LightID":"L027088","Light_Source":"LED","Light_Type":"Cobra","Lighting_Type":"LED-Powered Lamp","Verification_Date":null},"id":"stl-city-public-streetlights:2:134372","sourceLayerId":2,"sourceObjectId":134372,"sourceURL":"https://maps8.stlouis-mo.gov/arcgis/rest/services/STREETS/Streets_Permitting/MapServer/2","title":"Street light L027088"},"type":"Feature"},{"geometry":{"coordinates":[-90.22744393732003,38.66403458217656],"type":"Point"},"id":"stl-city-public-streetlights:2:134373","properties":{"address":null,"attributes":{"Date_Installed":"12/8/2018","LED_Powered":1,"LightID":"L027089","Light_Source":"LED","Light_Type":"Cobra","Lighting_Type":"LED-Powered Lamp","Verification_Date":null},"id":"stl-city-public-streetlights:2:134373","sourceLayerId":2,"sourceObjectId":134373,"sourceURL":"https://maps8.stlouis-mo.gov/arcgis/rest/services/STREETS/Streets_Permitting/MapServer/2","title":"Street light L027089"},"type":"Feature"},{"geometry":{"coordinates":[-90.22701389099414,38.66384297184019],"type":"Point"},"id":"stl-city-public-streetlights:2:134374","properties":{"address":null,"attributes":{"Date_Installed":"12/8/2018","LED_Powered":1,"LightID":"L027090","Light_Source":"LED","Light_Type":"Cobra","Lighting_Type":"LED-Powered Lamp","Verification_Date":null},"id":"stl-city-public-streetlights:2:134374","sourceLayerId":2,"sourceObjectId":134374,"sourceURL":"https://maps8.stlouis-mo.gov/arcgis/rest/services/STREETS/Streets_Permitting/MapServer/2","title":"Street light L027090"},"type":"Feature"},{"geometry":{"coordinates":[-90.22658859805824,38.66365593851836],"type":"Point"},"id":"stl-city-public-streetlights:2:134375","properties":{"address":null,"attributes":{"Date_Installed":"12/8/2018","LED_Powered":1,"LightID":"L027091","Light_Source":"LED","Light_Type":"Cobra","Lighting_Type":"LED-Powered Lamp","Verification_Date":null},"id":"stl-city-public-streetlights:2:134375","sourceLayerId":2,"sourceObjectId":134375,"sourceURL":"https://maps8.stlouis-mo.gov/arcgis/rest/services/STREETS/Streets_Permitting/MapServer/2","title":"Street light L027091"},"type":"Feature"},{"geometry":{"coordinates":[-90.22613067514908,38.66345583648868],"type":"Point"},"id":"stl-city-public-streetlights:2:134376","properties":{"address":null,"attributes":{"Date_Installed":"12/8/2018","LED_Powered":1,"LightID":"L027092","Light_Source":"LED","Light_Type":"Cobra","Lighting_Type":"LED-Powered Lamp","Verification_Date":null},"id":"stl-city-public-streetlights:2:134376","sourceLayerId":2,"sourceObjectId":134376,"sourceURL":"https://maps8.stlouis-mo.gov/arcgis/rest/services/STREETS/Streets_Permitting/MapServer/2","title":"Street light L027092"},"type":"Feature"},{"geometry":{"coordinates":[-90.22563891758416,38.663239922048646],"type":"Point"},"id":"stl-city-public-streetlights:2:134377","properties":{"address":null,"attributes":{"Date_Installed":"1/18/2018","LED_Powered":1,"LightID":"L027093","Light_Source":"LED","Light_Type":"Cobra","Lighting_Type":"LED-Powered Lamp","Verification_Date":null},"id":"stl-city-public-streetlights:2:134377","sourceLayerId":2,"sourceObjectId":134377,"sourceURL":"https://maps8.stlouis-mo.gov/arcgis/rest/services/STREETS/Streets_Permitting/MapServer/2","title":"Street light L027093"},"type":"Feature"},{"geometry":{"coordinates":[-90.2251967166111,38.663044263064215],"type":"Point"},"id":"stl-city-public-streetlights:2:134378","properties":{"address":null,"attributes":{"Date_Installed":"1/18/2018","LED_Powered":1,"LightID":"L027094","Light_Source":"LED","Light_Type":"Cobra","Lighting_Type":"LED-Powered Lamp","Verification_Date":null},"id":"stl-city-public-streetlights:2:134378","sourceLayerId":2,"sourceObjectId":134378,"sourceURL":"https://maps8.stlouis-mo.gov/arcgis/rest/services/STREETS/Streets_Permitting/MapServer/2","title":"Street light L027094"},"type":"Feature"},{"geometry":{"coordinates":[-90.22476467255177,38.66285595590737],"type":"Point"},"id":"stl-city-public-streetlights:2:134379","properties":{"address":null,"attributes":{"Date_Installed":"1/18/2018","LED_Powered":1,"LightID":"L027095","Light_Source":"LED","Light_Type":"Cobra","Lighting_Type":"LED-Powered Lamp","Verification_Date":null},"id":"stl-city-public-streetlights:2:134379","sourceLayerId":2,"sourceObjectId":134379,"sourceURL":"https://maps8.stlouis-mo.gov/arcgis/rest/services/STREETS/Streets_Permitting/MapServer/2","title":"Street light L027095"},"type":"Feature"},{"geometry":{"coordinates":[-90.22435274732715,38.66267436922331],"type":"Point"},"id":"stl-city-public-streetlights:2:134380","properties":{"address":null,"attributes":{"Date_Installed":"1/18/2018","LED_Powered":1,"LightID":"L027096","Light_Source":"LED","Light_Type":"Cobra","Lighting_Type":"LED-Powered Lamp","Verification_Date":null},"id":"stl-city-public-streetlights:2:134380","sourceLayerId":2,"sourceObjectId":134380,"sourceURL":"https://maps8.stlouis-mo.gov/arcgis/rest/services/STREETS/Streets_Permitting/MapServer/2","title":"Street light L027096"},"type":"Feature"},{"geometry":{"coordinates":[-90.22391578154136,38.662482853688154],"type":"Point"},"id":"stl-city-public-streetlights:2:134381","properties":{"address":null,"attributes":{"Date_Installed":"1/18/2018","LED_Powered":1,"LightID":"L027097","Light_Source":"LED","Light_Type":"Cobra","Lighting_Type":"LED-Powered Lamp","Verification_Date":null},"id":"stl-city-public-streetlights:2:134381","sourceLayerId":2,"sourceObjectId":134381,"sourceURL":"https://maps8.stlouis-mo.gov/arcgis/rest/services/STREETS/Streets_Permitting/MapServer/2","title":"Street light L027097"},"type":"Feature"},{"geometry":{"coordinates":[-90.22435615983379,38.66176257222098],"type":"Point"},"id":"stl-city-public-streetlights:2:134382","properties":{"address":null,"attributes":{"Date_Installed":"12/8/2018","LED_Powered":1,"LightID":"L027098","Light_Source":"LED","Light_Type":"Cobra","Lighting_Type":"LED-Powered Lamp","Verification_Date":null},"id":"stl-city-public-streetlights:2:134382","sourceLayerId":2,"sourceObjectId":134382,"sourceURL":"https://maps8.stlouis-mo.gov/arcgis/rest/services/STREETS/Streets_Permitting/MapServer/2","title":"Street light L027098"},"type":"Feature"},{"geometry":{"coordinates":[-90.22476087026944,38.66194134108511],"type":"Point"},"id":"stl-city-public-streetlights:2:134383","properties":{"address":null,"attributes":{"Date_Installed":"12/8/2018","LED_Powered":1,"LightID":"L027099","Light_Source":"LED","Light_Type":"Cobra","Lighting_Type":"LED-Powered Lamp","Verification_Date":null},"id":"stl-city-public-streetlights:2:134383","sourceLayerId":2,"sourceObjectId":134383,"sourceURL":"https://maps8.stlouis-mo.gov/arcgis/rest/services/STREETS/Streets_Permitting/MapServer/2","title":"Street light L027099"},"type":"Feature"},{"geometry":{"coordinates":[-90.22515617160174,38.66211698829354],"type":"Point"},"id":"stl-city-public-streetlights:2:134384","properties":{"address":null,"attributes":{"Date_Installed":"12/8/2018","LED_Powered":1,"LightID":"L027100","Light_Source":"LED","Light_Type":"Cobra","Lighting_Type":"LED-Powered Lamp","Verification_Date":null},"id":"stl-city-public-streetlights:2:134384","sourceLayerId":2,"sourceObjectId":134384,"sourceURL":"https://maps8.stlouis-mo.gov/arcgis/rest/services/STREETS/Streets_Permitting/MapServer/2","title":"Street light L027100"},"type":"Feature"},{"geometry":{"coordinates":[-90.22555771616886,38.66229026506864],"type":"Point"},"id":"stl-city-public-streetlights:2:134385","properties":{"address":null,"attributes":{"Date_Installed":"12/8/2018","LED_Powered":1,"LightID":"L027101","Light_Source":"LED","Light_Type":"Cobra","Lighting_Type":"LED-Powered Lamp","Verification_Date":null},"id":"stl-city-public-streetlights:2:134385","sourceLayerId":2,"sourceObjectId":134385,"sourceURL":"https://maps8.stlouis-mo.gov/arcgis/rest/services/STREETS/Streets_Permitting/MapServer/2","title":"Street light L027101"},"type":"Feature"},{"geometry":{"coordinates":[-90.22595682387005,38.66246520319339],"type":"Point"},"id":"stl-city-public-streetlights:2:134386","properties":{"address":null,"attributes":{"Date_Installed":"12/8/2018","LED_Powered":1,"LightID":"L027102","Light_Source":"LED","Light_Type":"Cobra","Lighting_Type":"LED-Powered Lamp","Verification_Date":null},"id":"stl-city-public-streetlights:2:134386","sourceLayerId":2,"sourceObjectId":134386,"sourceURL":"https://maps8.stlouis-mo.gov/arcgis/rest/services/STREETS/Streets_Permitting/MapServer/2","title":"Street light L027102"},"type":"Feature"},{"geometry":{"coordinates":[-90.2263468299113,38.66263558991021],"type":"Point"},"id":"stl-city-public-streetlights:2:134387","properties":{"address":null,"attributes":{"Date_Installed":"12/8/2018","LED_Powered":1,"LightID":"L027103","Light_Source":"LED","Light_Type":"Cobra","Lighting_Type":"LED-Powered Lamp","Verification_Date":null},"id":"stl-city-public-streetlights:2:134387","sourceLayerId":2,"sourceObjectId":134387,"sourceURL":"https://maps8.stlouis-mo.gov/arcgis/rest/services/STREETS/Streets_Permitting/MapServer/2","title":"Street light L027103"},"type":"Feature"},{"geometry":{"coordinates":[-90.22680512286303,38.66283688385119],"type":"Point"},"id":"stl-city-public-streetlights:2:134388","properties":{"address":null,"attributes":{"Date_Installed":"12/8/2018","LED_Powered":1,"LightID":"L027104","Light_Source":"LED","Light_Type":"Cobra","Lighting_Type":"LED-Powered Lamp","Verification_Date":null},"id":"stl-city-public-streetlights:2:134388","sourceLayerId":2,"sourceObjectId":134388,"sourceURL":"https://maps8.stlouis-mo.gov/arcgis/rest/services/STREETS/Streets_Permitting/MapServer/2","title":"Street light L027104"},"type":"Feature"},{"geometry":{"coordinates":[-90.22717537421839,38.66300698292537],"type":"Point"},"id":"stl-city-public-streetlights:2:134389","properties":{"address":null,"attributes":{"Date_Installed":"12/8/2018","LED_Powered":1,"LightID":"L027105","Light_Source":"LED","Light_Type":"Cobra","Lighting_Type":"LED-Powered Lamp","Verification_Date":null},"id":"stl-city-public-streetlights:2:134389","sourceLayerId":2,"sourceObjectId":134389,"sourceURL":"https://maps8.stlouis-mo.gov/arcgis/rest/services/STREETS/Streets_Permitting/MapServer/2","title":"Street light L027105"},"type":"Feature"},{"geometry":{"coordinates":[-90.22755175982451,38.663162794459346],"type":"Point"},"id":"stl-city-public-streetlights:2:134390","properties":{"address":null,"attributes":{"Date_Installed":"12/8/2018","LED_Powered":1,"LightID":"L027106","Light_Source":"LED","Light_Type":"Cobra","Lighting_Type":"LED-Powered Lamp","Verification_Date":null},"id":"stl-city-public-streetlights:2:134390","sourceLayerId":2,"sourceObjectId":134390,"sourceURL":"https://maps8.stlouis-mo.gov/arcgis/rest/services/STREETS/Streets_Permitting/MapServer/2","title":"Street light L027106"},"type":"Feature"},{"geometry":{"coordinates":[-90.22796846233692,38.66335039980183],"type":"Point"},"id":"stl-city-public-streetlights:2:134391","properties":{"address":null,"attributes":{"Date_Installed":"12/8/2018","LED_Powered":1,"LightID":"L027107","Light_Source":"LED","Light_Type":"Cobra","Lighting_Type":"LED-Powered Lamp","Verification_Date":null},"id":"stl-city-public-streetlights:2:134391","sourceLayerId":2,"sourceObjectId":134391,"sourceURL":"https://maps8.stlouis-mo.gov/arcgis/rest/services/STREETS/Streets_Permitting/MapServer/2","title":"Street light L027107"},"type":"Feature"},{"geometry":{"coordinates":[-90.22838549197807,38.663532284695634],"type":"Point"},"id":"stl-city-public-streetlights:2:134392","properties":{"address":null,"attributes":{"Date_Installed":"12/8/2018","LED_Powered":1,"LightID":"L027108","Light_Source":"LED","Light_Type":"Cobra","Lighting_Type":"LED-Powered Lamp","Verification_Date":null},"id":"stl-city-public-streetlights:2:134392","sourceLayerId":2,"sourceObjectId":134392,"sourceURL":"https://maps8.stlouis-mo.gov/arcgis/rest/services/STREETS/Streets_Permitting/MapServer/2","title":"Street light L027108"},"type":"Feature"},{"geometry":{"coordinates":[-90.22878735202787,38.66370650333091],"type":"Point"},"id":"stl-city-public-streetlights:2:134393","properties":{"address":null,"attributes":{"Date_Installed":"12/8/2018","LED_Powered":1,"LightID":"L027109","Light_Source":"LED","Light_Type":"Cobra","Lighting_Type":"LED-Powered Lamp","Verification_Date":null},"id":"stl-city-public-streetlights:2:134393","sourceLayerId":2,"sourceObjectId":134393,"sourceURL":"https://maps8.stlouis-mo.gov/arcgis/rest/services/STREETS/Streets_Permitting/MapServer/2","title":"Street light L027109"},"type":"Feature"},{"geometry":{"coordinates":[-90.2292086391323,38.663889110458605],"type":"Point"},"id":"stl-city-public-streetlights:2:134394","properties":{"address":null,"attributes":{"Date_Installed":"12/8/2018","LED_Powered":1,"LightID":"L027110","Light_Source":"LED","Light_Type":"Cobra","Lighting_Type":"LED-Powered Lamp","Verification_Date":null},"id":"stl-city-public-streetlights:2:134394","sourceLayerId":2,"sourceObjectId":134394,"sourceURL":"https://maps8.stlouis-mo.gov/arcgis/rest/services/STREETS/Streets_Permitting/MapServer/2","title":"Street light L027110"},"type":"Feature"},{"geometry":{"coordinates":[-90.22961717761248,38.66406739478067],"type":"Point"},"id":"stl-city-public-streetlights:2:134395","properties":{"address":null,"attributes":{"Date_Installed":"12/8/2018","LED_Powered":1,"LightID":"L027111","Light_Source":"LED","Light_Type":"Cobra","Lighting_Type":"LED-Powered Lamp","Verification_Date":null},"id":"stl-city-public-streetlights:2:134395","sourceLayerId":2,"sourceObjectId":134395,"sourceURL":"https://maps8.stlouis-mo.gov/arcgis/rest/services/STREETS/Streets_Permitting/MapServer/2","title":"Street light L027111"},"type":"Feature"},{"geometry":{"coordinates":[-90.22854984425273,38.66251749183947],"type":"Point"},"id":"stl-city-public-streetlights:2:134401","properties":{"address":null,"attributes":{"Date_Installed":"12/8/2018","LED_Powered":1,"LightID":"L027117","Light_Source":"LED","Light_Type":"Cobra","Lighting_Type":"LED-Powered Lamp","Verification_Date":null},"id":"stl-city-public-streetlights:2:134401","sourceLayerId":2,"sourceObjectId":134401,"sourceURL":"https://maps8.stlouis-mo.gov/arcgis/rest/services/STREETS/Streets_Permitting/MapServer/2","title":"Street light L027117"},"type":"Feature"},{"geometry":{"coordinates":[-90.22814922238543,38.662339221255394],"type":"Point"},"id":"stl-city-public-streetlights:2:134402","properties":{"address":null,"attributes":{"Date_Installed":"12/8/2018","LED_Powered":1,"LightID":"L027118","Light_Source":"LED","Light_Type":"Cobra","Lighting_Type":"LED-Powered Lamp","Verification_Date":null},"id":"stl-city-public-streetlights:2:134402","sourceLayerId":2,"sourceObjectId":134402,"sourceURL":"https://maps8.stlouis-mo.gov/arcgis/rest/services/STREETS/Streets_Permitting/MapServer/2","title":"Street light L027118"},"type":"Feature"},{"geometry":{"coordinates":[-90.22775314846011,38.66216477423067],"type":"Point"},"id":"stl-city-public-streetlights:2:134403","properties":{"address":null,"attributes":{"Date_Installed":"12/8/2018","LED_Powered":1,"LightID":"L027119","Light_Source":"LED","Light_Type":"Cobra","Lighting_Type":"LED-Powered Lamp","Verification_Date":null},"id":"stl-city-public-streetlights:2:134403","sourceLayerId":2,"sourceObjectId":134403,"sourceURL":"https://maps8.stlouis-mo.gov/arcgis/rest/services/STREETS/Streets_Permitting/MapServer/2","title":"Street light L027119"},"type":"Feature"},{"geometry":{"coordinates":[-90.2273676336145,38.66199607109592],"type":"Point"},"id":"stl-city-public-streetlights:2:134404","properties":{"address":null,"attributes":{"Date_Installed":"12/8/2018","LED_Powered":1,"LightID":"L027120","Light_Source":"LED","Light_Type":"Cobra","Lighting_Type":"LED-Powered Lamp","Verification_Date":null},"id":"stl-city-public-streetlights:2:134404","sourceLayerId":2,"sourceObjectId":134404,"sourceURL":"https://maps8.stlouis-mo.gov/arcgis/rest/services/STREETS/Streets_Permitting/MapServer/2","title":"Street light L027120"},"type":"Feature"},{"geometry":{"coordinates":[-90.22696057221115,38.661818258892886],"type":"Point"},"id":"stl-city-public-streetlights:2:134405","properties":{"address":null,"attributes":{"Date_Installed":"1/18/2018","LED_Powered":1,"LightID":"L027121","Light_Source":"LED","Light_Type":"Cobra","Lighting_Type":"LED-Powered Lamp","Verification_Date":null},"id":"stl-city-public-streetlights:2:134405","sourceLayerId":2,"sourceObjectId":134405,"sourceURL":"https://maps8.stlouis-mo.gov/arcgis/rest/services/STREETS/Streets_Permitting/MapServer/2","title":"Street light L027121"},"type":"Feature"},{"geometry":{"coordinates":[-90.22654719486636,38.66163852333098],"type":"Point"},"id":"stl-city-public-streetlights:2:134406","properties":{"address":null,"attributes":{"Date_Installed":"1/18/2018","LED_Powered":1,"LightID":"L027122","Light_Source":"LED","Light_Type":"Cobra","Lighting_Type":"LED-Powered Lamp","Verification_Date":null},"id":"stl-city-public-streetlights:2:134406","sourceLayerId":2,"sourceObjectId":134406,"sourceURL":"https://maps8.stlouis-mo.gov/arcgis/rest/services/STREETS/Streets_Permitting/MapServer/2","title":"Street light L027122"},"type":"Feature"},{"geometry":{"coordinates":[-90.22615628235,38.66146789640295],"type":"Point"},"id":"stl-city-public-streetlights:2:134407","properties":{"address":null,"attributes":{"Date_Installed":"1/18/2018","LED_Powered":1,"LightID":"L027123","Light_Source":"LED","Light_Type":"Cobra","Lighting_Type":"LED-Powered Lamp","Verification_Date":null},"id":"stl-city-public-streetlights:2:134407","sourceLayerId":2,"sourceObjectId":134407,"sourceURL":"https://maps8.stlouis-mo.gov/arcgis/rest/services/STREETS/Streets_Permitting/MapServer/2","title":"Street light L027123"},"type":"Feature"},{"geometry":{"coordinates":[-90.2257411031074,38.66128386375136],"type":"Point"},"id":"stl-city-public-streetlights:2:134408","properties":{"address":null,"attributes":{"Date_Installed":"1/18/2018","LED_Powered":1,"LightID":"L027124","Light_Source":"LED","Light_Type":"Cobra","Lighting_Type":"LED-Powered Lamp","Verification_Date":null},"id":"stl-city-public-streetlights:2:134408","sourceLayerId":2,"sourceObjectId":134408,"sourceURL":"https://maps8.stlouis-mo.gov/arcgis/rest/services/STREETS/Streets_Permitting/MapServer/2","title":"Street light L027124"},"type":"Feature"},{"geometry":{"coordinates":[-90.22533551876869,38.661103189033525],"type":"Point"},"id":"stl-city-public-streetlights:2:134409","properties":{"address":null,"attributes":{"Date_Installed":"1/18/2018","LED_Powered":1,"LightID":"L027125","Light_Source":"LED","Light_Type":"Cobra","Lighting_Type":"LED-Powered Lamp","Verification_Date":null},"id":"stl-city-public-streetlights:2:134409","sourceLayerId":2,"sourceObjectId":134409,"sourceURL":"https://maps8.stlouis-mo.gov/arcgis/rest/services/STREETS/Streets_Permitting/MapServer/2","title":"Street light L027125"},"type":"Feature"},{"geometry":{"coordinates":[-90.2249270089433,38.66092488886951],"type":"Point"},"id":"stl-city-public-streetlights:2:134410","properties":{"address":null,"attributes":{"Date_Installed":"1/18/2018","LED_Powered":1,"LightID":"L027126","Light_Source":"LED","Light_Type":"Cobra","Lighting_Type":"LED-Powered Lamp","Verification_Date":null},"id":"stl-city-public-streetlights:2:134410","sourceLayerId":2,"sourceObjectId":134410,"sourceURL":"https://maps8.stlouis-mo.gov/arcgis/rest/services/STREETS/Streets_Permitting/MapServer/2","title":"Street light L027126"},"type":"Feature"},{"geometry":{"coordinates":[-90.22574274281372,38.66006942596218],"type":"Point"},"id":"stl-city-public-streetlights:2:134411","properties":{"address":null,"attributes":{"Date_Installed":"12/8/2018","LED_Powered":1,"LightID":"L027127","Light_Source":"LED","Light_Type":"Cobra","Lighting_Type":"LED-Powered Lamp","Verification_Date":null},"id":"stl-city-public-streetlights:2:134411","sourceLayerId":2,"sourceObjectId":134411,"sourceURL":"https://maps8.stlouis-mo.gov/arcgis/rest/services/STREETS/Streets_Permitting/MapServer/2","title":"Street light L027127"},"type":"Feature"},{"geometry":{"coordinates":[-90.22617902012576,38.66025934846873],"type":"Point"},"id":"stl-city-public-streetlights:2:134412","properties":{"address":null,"attributes":{"Date_Installed":"12/8/2018","LED_Powered":1,"LightID":"L027128","Light_Source":"LED","Light_Type":"Cobra","Lighting_Type":"LED-Powered Lamp","Verification_Date":null},"id":"stl-city-public-streetlights:2:134412","sourceLayerId":2,"sourceObjectId":134412,"sourceURL":"https://maps8.stlouis-mo.gov/arcgis/rest/services/STREETS/Streets_Permitting/MapServer/2","title":"Street light L027128"},"type":"Feature"},{"geometry":{"coordinates":[-90.22660541521451,38.66045103360569],"type":"Point"},"id":"stl-city-public-streetlights:2:134413","properties":{"address":null,"attributes":{"Date_Installed":"12/8/2018","LED_Powered":1,"LightID":"L027129","Light_Source":"LED","Light_Type":"Cobra","Lighting_Type":"LED-Powered Lamp","Verification_Date":null},"id":"stl-city-public-streetlights:2:134413","sourceLayerId":2,"sourceObjectId":134413,"sourceURL":"https://maps8.stlouis-mo.gov/arcgis/rest/services/STREETS/Streets_Permitting/MapServer/2","title":"Street light L027129"},"type":"Feature"},{"geometry":{"coordinates":[-90.2270464034578,38.660642751238484],"type":"Point"},"id":"stl-city-public-streetlights:2:134414","properties":{"address":null,"attributes":{"Date_Installed":"12/8/2018","LED_Powered":1,"LightID":"L027130","Light_Source":"LED","Light_Type":"Cobra","Lighting_Type":"LED-Powered Lamp","Verification_Date":null},"id":"stl-city-public-streetlights:2:134414","sourceLayerId":2,"sourceObjectId":134414,"sourceURL":"https://maps8.stlouis-mo.gov/arcgis/rest/services/STREETS/Streets_Permitting/MapServer/2","title":"Street light L027130"},"type":"Feature"},{"geometry":{"coordinates":[-90.22745915835714,38.660824867354115],"type":"Point"},"id":"stl-city-public-streetlights:2:134415","properties":{"address":null,"attributes":{"Date_Installed":"12/8/2018","LED_Powered":1,"LightID":"L027131","Light_Source":"LED","Light_Type":"Cobra","Lighting_Type":"LED-Powered Lamp","Verification_Date":null},"id":"stl-city-public-streetlights:2:134415","sourceLayerId":2,"sourceObjectId":134415,"sourceURL":"https://maps8.stlouis-mo.gov/arcgis/rest/services/STREETS/Streets_Permitting/MapServer/2","title":"Street light L027131"},"type":"Feature"},{"geometry":{"coordinates":[-90.22790736172489,38.66101794086497],"type":"Point"},"id":"stl-city-public-streetlights:2:134416","properties":{"address":null,"attributes":{"Date_Installed":"12/8/2018","LED_Powered":1,"LightID":"L027132","Light_Source":"LED","Light_Type":"Cobra","Lighting_Type":"LED-Powered Lamp","Verification_Date":null},"id":"stl-city-public-streetlights:2:134416","sourceLayerId":2,"sourceObjectId":134416,"sourceURL":"https://maps8.stlouis-mo.gov/arcgis/rest/services/STREETS/Streets_Permitting/MapServer/2","title":"Street light L027132"},"type":"Feature"},{"geometry":{"coordinates":[-90.22832467679832,38.66120125639958],"type":"Point"},"id":"stl-city-public-streetlights:2:134417","properties":{"address":null,"attributes":{"Date_Installed":"12/8/2018","LED_Powered":1,"LightID":"L027133","Light_Source":"LED","Light_Type":"Cobra","Lighting_Type":"LED-Powered Lamp","Verification_Date":null},"id":"stl-city-public-streetlights:2:134417","sourceLayerId":2,"sourceObjectId":134417,"sourceURL":"https://maps8.stlouis-mo.gov/arcgis/rest/services/STREETS/Streets_Permitting/MapServer/2","title":"Street light L027133"},"type":"Feature"},{"geometry":{"coordinates":[-90.22875923541001,38.66139140310594],"type":"Point"},"id":"stl-city-public-streetlights:2:134418","properties":{"address":null,"attributes":{"Date_Installed":"12/8/2018","LED_Powered":1,"LightID":"L027134","Light_Source":"LED","Light_Type":"Cobra","Lighting_Type":"LED-Powered Lamp","Verification_Date":null},"id":"stl-city-public-streetlights:2:134418","sourceLayerId":2,"sourceObjectId":134418,"sourceURL":"https://maps8.stlouis-mo.gov/arcgis/rest/services/STREETS/Streets_Permitting/MapServer/2","title":"Street light L027134"},"type":"Feature"},{"geometry":{"coordinates":[-90.22916986148438,38.661572077630375],"type":"Point"},"id":"stl-city-public-streetlights:2:134419","properties":{"address":null,"attributes":{"Date_Installed":"12/8/2018","LED_Powered":1,"LightID":"L027135","Light_Source":"LED","Light_Type":"Cobra","Lighting_Type":"LED-Powered Lamp","Verification_Date":null},"id":"stl-city-public-streetlights:2:134419","sourceLayerId":2,"sourceObjectId":134419,"sourceURL":"https://maps8.stlouis-mo.gov/arcgis/rest/services/STREETS/Streets_Permitting/MapServer/2","title":"Street light L027135"},"type":"Feature"},{"geometry":{"coordinates":[-90.22957013651647,38.661765122064914],"type":"Point"},"id":"stl-city-public-streetlights:2:134420","properties":{"address":null,"attributes":{"Date_Installed":"12/8/2018","LED_Powered":1,"LightID":"L027136","Light_Source":"LED","Light_Type":"Cobra","Lighting_Type":"LED-Powered Lamp","Verification_Date":null},"id":"stl-city-public-streetlights:2:134420","sourceLayerId":2,"sourceObjectId":134420,"sourceURL":"https://maps8.stlouis-mo.gov/arcgis/rest/services/STREETS/Streets_Permitting/MapServer/2","title":"Street light L027136"},"type":"Feature"},{"geometry":{"coordinates":[-90.22985112793661,38.660810682118345],"type":"Point"},"id":"stl-city-public-streetlights:2:134433","properties":{"address":null,"attributes":{"Date_Installed":"12/8/2018","LED_Powered":1,"LightID":"L027149","Light_Source":"LED","Light_Type":"Cobra","Lighting_Type":"LED-Powered Lamp","Verification_Date":null},"id":"stl-city-public-streetlights:2:134433","sourceLayerId":2,"sourceObjectId":134433,"sourceURL":"https://maps8.stlouis-mo.gov/arcgis/rest/services/STREETS/Streets_Permitting/MapServer/2","title":"Street light L027149"},"type":"Feature"},{"geometry":{"coordinates":[-90.22944030405226,38.66063105813889],"type":"Point"},"id":"stl-city-public-streetlights:2:134434","properties":{"address":null,"attributes":{"Date_Installed":"12/8/2018","LED_Powered":1,"LightID":"L027150","Light_Source":"LED","Light_Type":"Cobra","Lighting_Type":"LED-Powered Lamp","Verification_Date":null},"id":"stl-city-public-streetlights:2:134434","sourceLayerId":2,"sourceObjectId":134434,"sourceURL":"https://maps8.stlouis-mo.gov/arcgis/rest/services/STREETS/Streets_Permitting/MapServer/2","title":"Street light L027150"},"type":"Feature"},{"geometry":{"coordinates":[-90.22904210845374,38.66045660962766],"type":"Point"},"id":"stl-city-public-streetlights:2:134435","properties":{"address":null,"attributes":{"Date_Installed":"12/8/2018","LED_Powered":1,"LightID":"L027151","Light_Source":"LED","Light_Type":"Cobra","Lighting_Type":"LED-Powered Lamp","Verification_Date":null},"id":"stl-city-public-streetlights:2:134435","sourceLayerId":2,"sourceObjectId":134435,"sourceURL":"https://maps8.stlouis-mo.gov/arcgis/rest/services/STREETS/Streets_Permitting/MapServer/2","title":"Street light L027151"},"type":"Feature"},{"geometry":{"coordinates":[-90.22864876399777,38.66028598626311],"type":"Point"},"id":"stl-city-public-streetlights:2:134436","properties":{"address":null,"attributes":{"Date_Installed":"12/8/2018","LED_Powered":1,"LightID":"L027152","Light_Source":"LED","Light_Type":"Cobra","Lighting_Type":"LED-Powered Lamp","Verification_Date":null},"id":"stl-city-public-streetlights:2:134436","sourceLayerId":2,"sourceObjectId":134436,"sourceURL":"https://maps8.stlouis-mo.gov/arcgis/rest/services/STREETS/Streets_Permitting/MapServer/2","title":"Street light L027152"},"type":"Feature"},{"geometry":{"coordinates":[-90.22537401611172,38.66419678192149],"type":"Point"},"id":"stl-city-public-streetlights:2:134627","properties":{"address":null,"attributes":{"Date_Installed":"12/8/2018","LED_Powered":1,"LightID":"L027343","Light_Source":"LED","Light_Type":"Cobra","Lighting_Type":"LED-Powered Lamp","Verification_Date":null},"id":"stl-city-public-streetlights:2:134627","sourceLayerId":2,"sourceObjectId":134627,"sourceURL":"https://maps8.stlouis-mo.gov/arcgis/rest/services/STREETS/Streets_Permitting/MapServer/2","title":"Street light L027343"},"type":"Feature"},{"geometry":{"coordinates":[-90.22514289566672,38.664532326861334],"type":"Point"},"id":"stl-city-public-streetlights:2:134628","properties":{"address":null,"attributes":{"Date_Installed":"2021-05-19","LED_Powered":1,"LightID":"L027344","Light_Source":"LED","Light_Type":"Cobra","Lighting_Type":"5G Pole - 5G Pole -5G Pole - LED-Powered Lamp","Verification_Date":null},"id":"stl-city-public-streetlights:2:134628","sourceLayerId":2,"sourceObjectId":134628,"sourceURL":"https://maps8.stlouis-mo.gov/arcgis/rest/services/STREETS/Streets_Permitting/MapServer/2","title":"Street light L027344"},"type":"Feature"},{"geometry":{"coordinates":[-90.22672088160265,38.66526985088616],"type":"Point"},"id":"stl-city-public-streetlights:2:134629","properties":{"address":null,"attributes":{"Date_Installed":"12/8/2018","LED_Powered":1,"LightID":"L027345","Light_Source":"LED","Light_Type":"Cobra","Lighting_Type":"LED-Powered Lamp","Verification_Date":null},"id":"stl-city-public-streetlights:2:134629","sourceLayerId":2,"sourceObjectId":134629,"sourceURL":"https://maps8.stlouis-mo.gov/arcgis/rest/services/STREETS/Streets_Permitting/MapServer/2","title":"Street light L027345"},"type":"Feature"},{"geometry":{"coordinates":[-90.22695656345219,38.664932788313415],"type":"Point"},"id":"stl-city-public-streetlights:2:134630","properties":{"address":null,"attributes":{"Date_Installed":"12/8/2018","LED_Powered":1,"LightID":"L027346","Light_Source":"LED","Light_Type":"Cobra","Lighting_Type":"LED-Powered Lamp","Verification_Date":null},"id":"stl-city-public-streetlights:2:134630","sourceLayerId":2,"sourceObjectId":134630,"sourceURL":"https://maps8.stlouis-mo.gov/arcgis/rest/services/STREETS/Streets_Permitting/MapServer/2","title":"Street light L027346"},"type":"Feature"},{"geometry":{"coordinates":[-90.22724709028128,38.664547085531424],"type":"Point"},"id":"stl-city-public-streetlights:2:134631","properties":{"address":null,"attributes":{"Date_Installed":"12/8/2018","LED_Powered":1,"LightID":"L027347","Light_Source":"LED","Light_Type":"Cobra","Lighting_Type":"LED-Powered Lamp","Verification_Date":null},"id":"stl-city-public-streetlights:2:134631","sourceLayerId":2,"sourceObjectId":134631,"sourceURL":"https://maps8.stlouis-mo.gov/arcgis/rest/services/STREETS/Streets_Permitting/MapServer/2","title":"Street light L027347"},"type":"Feature"},{"geometry":{"coordinates":[-90.22747636164746,38.66421570411278],"type":"Point"},"id":"stl-city-public-streetlights:2:134632","properties":{"address":null,"attributes":{"Date_Installed":"12/8/2018","LED_Powered":1,"LightID":"L027348","Light_Source":"LED","Light_Type":"Cobra","Lighting_Type":"LED-Powered Lamp","Verification_Date":null},"id":"stl-city-public-streetlights:2:134632","sourceLayerId":2,"sourceObjectId":134632,"sourceURL":"https://maps8.stlouis-mo.gov/arcgis/rest/services/STREETS/Streets_Permitting/MapServer/2","title":"Street light L027348"},"type":"Feature"},{"geometry":{"coordinates":[-90.22769715546028,38.66391469294977],"type":"Point"},"id":"stl-city-public-streetlights:2:134633","properties":{"address":null,"attributes":{"Date_Installed":"12/8/2018","LED_Powered":1,"LightID":"L027349","Light_Source":"LED","Light_Type":"Cobra","Lighting_Type":"LED-Powered Lamp","Verification_Date":null},"id":"stl-city-public-streetlights:2:134633","sourceLayerId":2,"sourceObjectId":134633,"sourceURL":"https://maps8.stlouis-mo.gov/arcgis/rest/services/STREETS/Streets_Permitting/MapServer/2","title":"Street light L027349"},"type":"Feature"},{"geometry":{"coordinates":[-90.22793984612267,38.66357106635743],"type":"Point"},"id":"stl-city-public-streetlights:2:134634","properties":{"address":null,"attributes":{"Date_Installed":"12/8/2018","LED_Powered":1,"LightID":"L027350","Light_Source":"LED","Light_Type":"Cobra","Lighting_Type":"LED-Powered Lamp","Verification_Date":null},"id":"stl-city-public-streetlights:2:134634","sourceLayerId":2,"sourceObjectId":134634,"sourceURL":"https://maps8.stlouis-mo.gov/arcgis/rest/services/STREETS/Streets_Permitting/MapServer/2","title":"Street light L027350"},"type":"Feature"},{"geometry":{"coordinates":[-90.22817059187261,38.66324981739894],"type":"Point"},"id":"stl-city-public-streetlights:2:134635","properties":{"address":null,"attributes":{"Date_Installed":"12/8/2018","LED_Powered":1,"LightID":"L027351","Light_Source":"LED","Light_Type":"Cobra","Lighting_Type":"LED-Powered Lamp","Verification_Date":null},"id":"stl-city-public-streetlights:2:134635","sourceLayerId":2,"sourceObjectId":134635,"sourceURL":"https://maps8.stlouis-mo.gov/arcgis/rest/services/STREETS/Streets_Permitting/MapServer/2","title":"Street light L027351"},"type":"Feature"},{"geometry":{"coordinates":[-90.2284044431702,38.662911055657865],"type":"Point"},"id":"stl-city-public-streetlights:2:134636","properties":{"address":null,"attributes":{"Date_Installed":"12/8/2018","LED_Powered":1,"LightID":"L027352","Light_Source":"LED","Light_Type":"Cobra","Lighting_Type":"LED-Powered Lamp","Verification_Date":null},"id":"stl-city-public-streetlights:2:134636","sourceLayerId":2,"sourceObjectId":134636,"sourceURL":"https://maps8.stlouis-mo.gov/arcgis/rest/services/STREETS/Streets_Permitting/MapServer/2","title":"Street light L027352"},"type":"Feature"},{"geometry":{"coordinates":[-90.22863717970264,38.66258516179069],"type":"Point"},"id":"stl-city-public-streetlights:2:134637","properties":{"address":null,"attributes":{"Date_Installed":"12/8/2018","LED_Powered":1,"LightID":"L027353","Light_Source":"LED","Light_Type":"Cobra","Lighting_Type":"LED-Powered Lamp","Verification_Date":null},"id":"stl-city-public-streetlights:2:134637","sourceLayerId":2,"sourceObjectId":134637,"sourceURL":"https://maps8.stlouis-mo.gov/arcgis/rest/services/STREETS/Streets_Permitting/MapServer/2","title":"Street light L027353"},"type":"Feature"},{"geometry":{"coordinates":[-90.228903637217,38.66219234313916],"type":"Point"},"id":"stl-city-public-streetlights:2:134638","properties":{"address":null,"attributes":{"Date_Installed":"12/8/2018","LED_Powered":1,"LightID":"L027354","Light_Source":"LED","Light_Type":"Cobra","Lighting_Type":"LED-Powered Lamp","Verification_Date":null},"id":"stl-city-public-streetlights:2:134638","sourceLayerId":2,"sourceObjectId":134638,"sourceURL":"https://maps8.stlouis-mo.gov/arcgis/rest/services/STREETS/Streets_Permitting/MapServer/2","title":"Street light L027354"},"type":"Feature"},{"geometry":{"coordinates":[-90.22915378966964,38.661833698127644],"type":"Point"},"id":"stl-city-public-streetlights:2:134639","properties":{"address":null,"attributes":{"Date_Installed":"12/8/2018","LED_Powered":1,"LightID":"L027355","Light_Source":"LED","Light_Type":"Cobra","Lighting_Type":"LED-Powered Lamp","Verification_Date":null},"id":"stl-city-public-streetlights:2:134639","sourceLayerId":2,"sourceObjectId":134639,"sourceURL":"https://maps8.stlouis-mo.gov/arcgis/rest/services/STREETS/Streets_Permitting/MapServer/2","title":"Street light L027355"},"type":"Feature"},{"geometry":{"coordinates":[-90.22940078316378,38.66147387049327],"type":"Point"},"id":"stl-city-public-streetlights:2:134640","properties":{"address":null,"attributes":{"Date_Installed":"12/8/2018","LED_Powered":1,"LightID":"L027356","Light_Source":"LED","Light_Type":"Cobra","Lighting_Type":"LED-Powered Lamp","Verification_Date":null},"id":"stl-city-public-streetlights:2:134640","sourceLayerId":2,"sourceObjectId":134640,"sourceURL":"https://maps8.stlouis-mo.gov/arcgis/rest/services/STREETS/Streets_Permitting/MapServer/2","title":"Street light L027356"},"type":"Feature"},{"geometry":{"coordinates":[-90.22290445146794,38.66370748965635],"type":"Point"},"id":"stl-city-public-streetlights:2:134644","properties":{"address":null,"attributes":{"Date_Installed":null,"LED_Powered":1,"LightID":"L027360","Light_Source":"LED","Light_Type":"Cobra","Lighting_Type":"LED-Powered Lamp","Verification_Date":null},"id":"stl-city-public-streetlights:2:134644","sourceLayerId":2,"sourceObjectId":134644,"sourceURL":"https://maps8.stlouis-mo.gov/arcgis/rest/services/STREETS/Streets_Permitting/MapServer/2","title":"Street light L027360"},"type":"Feature"},{"geometry":{"coordinates":[-90.22309895821707,38.66334048820595],"type":"Point"},"id":"stl-city-public-streetlights:2:134645","properties":{"address":null,"attributes":{"Date_Installed":"12/8/2018","LED_Powered":1,"LightID":"L027361","Light_Source":"LED","Light_Type":"Cobra","Lighting_Type":"LED-Powered Lamp","Verification_Date":null},"id":"stl-city-public-streetlights:2:134645","sourceLayerId":2,"sourceObjectId":134645,"sourceURL":"https://maps8.stlouis-mo.gov/arcgis/rest/services/STREETS/Streets_Permitting/MapServer/2","title":"Street light L027361"},"type":"Feature"},{"geometry":{"coordinates":[-90.22338875414157,38.66292714321991],"type":"Point"},"id":"stl-city-public-streetlights:2:134646","properties":{"address":null,"attributes":{"Date_Installed":"12/8/2018","LED_Powered":1,"LightID":"L027362","Light_Source":"LED","Light_Type":"Cobra","Lighting_Type":"LED-Powered Lamp","Verification_Date":null},"id":"stl-city-public-streetlights:2:134646","sourceLayerId":2,"sourceObjectId":134646,"sourceURL":"https://maps8.stlouis-mo.gov/arcgis/rest/services/STREETS/Streets_Permitting/MapServer/2","title":"Street light L027362"},"type":"Feature"},{"geometry":{"coordinates":[-90.22372593791071,38.66245191138643],"type":"Point"},"id":"stl-city-public-streetlights:2:134647","properties":{"address":null,"attributes":{"Date_Installed":"12/8/2018","LED_Powered":1,"LightID":"L027363","Light_Source":"LED","Light_Type":"Cobra","Lighting_Type":"LED-Powered Lamp","Verification_Date":null},"id":"stl-city-public-streetlights:2:134647","sourceLayerId":2,"sourceObjectId":134647,"sourceURL":"https://maps8.stlouis-mo.gov/arcgis/rest/services/STREETS/Streets_Permitting/MapServer/2","title":"Street light L027363"},"type":"Feature"},{"geometry":{"coordinates":[-90.22406289765355,38.661986285050205],"type":"Point"},"id":"stl-city-public-streetlights:2:134648","properties":{"address":null,"attributes":{"Date_Installed":"12/8/2018","LED_Powered":1,"LightID":"L027364","Light_Source":"LED","Light_Type":"Cobra","Lighting_Type":"LED-Powered Lamp","Verification_Date":null},"id":"stl-city-public-streetlights:2:134648","sourceLayerId":2,"sourceObjectId":134648,"sourceURL":"https://maps8.stlouis-mo.gov/arcgis/rest/services/STREETS/Streets_Permitting/MapServer/2","title":"Street light L027364"},"type":"Feature"},{"geometry":{"coordinates":[-90.22435815008221,38.66157428553595],"type":"Point"},"id":"stl-city-public-streetlights:2:134649","properties":{"address":null,"attributes":{"Date_Installed":"12/8/2018","LED_Powered":1,"LightID":"L027365","Light_Source":"LED","Light_Type":"Cobra","Lighting_Type":"LED-Powered Lamp","Verification_Date":null},"id":"stl-city-public-streetlights:2:134649","sourceLayerId":2,"sourceObjectId":134649,"sourceURL":"https://maps8.stlouis-mo.gov/arcgis/rest/services/STREETS/Streets_Permitting/MapServer/2","title":"Street light L027365"},"type":"Feature"},{"geometry":{"coordinates":[-90.22461494871145,38.66120018866754],"type":"Point"},"id":"stl-city-public-streetlights:2:134650","properties":{"address":null,"attributes":{"Date_Installed":"12/8/2018","LED_Powered":1,"LightID":"L027366","Light_Source":"LED","Light_Type":"Cobra","Lighting_Type":"LED-Powered Lamp","Verification_Date":null},"id":"stl-city-public-streetlights:2:134650","sourceLayerId":2,"sourceObjectId":134650,"sourceURL":"https://maps8.stlouis-mo.gov/arcgis/rest/services/STREETS/Streets_Permitting/MapServer/2","title":"Street light L027366"},"type":"Feature"},{"geometry":{"coordinates":[-90.2249620940675,38.66071503708873],"type":"Point"},"id":"stl-city-public-streetlights:2:134651","properties":{"address":null,"attributes":{"Date_Installed":"2021-05-19","LED_Powered":1,"LightID":"L027367","Light_Source":"LED","Light_Type":"Cobra","Lighting_Type":"5G Pole - 5G Pole -5G Pole - LED-Powered Lamp","Verification_Date":null},"id":"stl-city-public-streetlights:2:134651","sourceLayerId":2,"sourceObjectId":134651,"sourceURL":"https://maps8.stlouis-mo.gov/arcgis/rest/services/STREETS/Streets_Permitting/MapServer/2","title":"Street light L027367"},"type":"Feature"},{"geometry":{"coordinates":[-90.22521920374852,38.66035352583611],"type":"Point"},"id":"stl-city-public-streetlights:2:134652","properties":{"address":null,"attributes":{"Date_Installed":"12/8/2018","LED_Powered":1,"LightID":"L027368","Light_Source":"LED","Light_Type":"Cobra","Lighting_Type":"LED-Powered Lamp","Verification_Date":null},"id":"stl-city-public-streetlights:2:134652","sourceLayerId":2,"sourceObjectId":134652,"sourceURL":"https://maps8.stlouis-mo.gov/arcgis/rest/services/STREETS/Streets_Permitting/MapServer/2","title":"Street light L027368"},"type":"Feature"},{"geometry":{"coordinates":[-90.22525715309388,38.660016812535474],"type":"Point"},"id":"stl-city-public-streetlights:2:134697","properties":{"address":null,"attributes":{"Date_Installed":"1/2020","LED_Powered":1,"LightID":"L027413","Light_Source":"LED","Light_Type":"Cobra","Lighting_Type":"LED-Powered Lamp","Verification_Date":null},"id":"stl-city-public-streetlights:2:134697","sourceLayerId":2,"sourceObjectId":134697,"sourceURL":"https://maps8.stlouis-mo.gov/arcgis/rest/services/STREETS/Streets_Permitting/MapServer/2","title":"Street light L027413"},"type":"Feature"},{"geometry":{"coordinates":[-90.22495217840736,38.660446144444386],"type":"Point"},"id":"stl-city-public-streetlights:2:134698","properties":{"address":null,"attributes":{"Date_Installed":"1/2020","LED_Powered":1,"LightID":"L027414","Light_Source":"LED","Light_Type":"Cobra","Lighting_Type":"LED-Powered Lamp","Verification_Date":null},"id":"stl-city-public-streetlights:2:134698","sourceLayerId":2,"sourceObjectId":134698,"sourceURL":"https://maps8.stlouis-mo.gov/arcgis/rest/services/STREETS/Streets_Permitting/MapServer/2","title":"Street light L027414"},"type":"Feature"},{"geometry":{"coordinates":[-90.2246417061674,38.660881325544146],"type":"Point"},"id":"stl-city-public-streetlights:2:134699","properties":{"address":null,"attributes":{"Date_Installed":"1/2020","LED_Powered":1,"LightID":"L027415","Light_Source":"LED","Light_Type":"Cobra","Lighting_Type":"LED-Powered Lamp","Verification_Date":null},"id":"stl-city-public-streetlights:2:134699","sourceLayerId":2,"sourceObjectId":134699,"sourceURL":"https://maps8.stlouis-mo.gov/arcgis/rest/services/STREETS/Streets_Permitting/MapServer/2","title":"Street light L027415"},"type":"Feature"},{"geometry":{"coordinates":[-90.22433180887079,38.66130821358501],"type":"Point"},"id":"stl-city-public-streetlights:2:134700","properties":{"address":null,"attributes":{"Date_Installed":"1/2020","LED_Powered":1,"LightID":"L027416","Light_Source":"LED","Light_Type":"Cobra","Lighting_Type":"LED-Powered Lamp","Verification_Date":null},"id":"stl-city-public-streetlights:2:134700","sourceLayerId":2,"sourceObjectId":134700,"sourceURL":"https://maps8.stlouis-mo.gov/arcgis/rest/services/STREETS/Streets_Permitting/MapServer/2","title":"Street light L027416"},"type":"Feature"},{"geometry":{"coordinates":[-90.22403101703385,38.661737839321795],"type":"Point"},"id":"stl-city-public-streetlights:2:134701","properties":{"address":null,"attributes":{"Date_Installed":"1/2020","LED_Powered":1,"LightID":"L027417","Light_Source":"LED","Light_Type":"Cobra","Lighting_Type":"LED-Powered Lamp","Verification_Date":null},"id":"stl-city-public-streetlights:2:134701","sourceLayerId":2,"sourceObjectId":134701,"sourceURL":"https://maps8.stlouis-mo.gov/arcgis/rest/services/STREETS/Streets_Permitting/MapServer/2","title":"Street light L027417"},"type":"Feature"},{"geometry":{"coordinates":[-90.22372748641945,38.66216760012],"type":"Point"},"id":"stl-city-public-streetlights:2:134702","properties":{"address":null,"attributes":{"Date_Installed":"1/2020","LED_Powered":1,"LightID":"L027418","Light_Source":"LED","Light_Type":"Cobra","Lighting_Type":"LED-Powered Lamp","Verification_Date":null},"id":"stl-city-public-streetlights:2:134702","sourceLayerId":2,"sourceObjectId":134702,"sourceURL":"https://maps8.stlouis-mo.gov/arcgis/rest/services/STREETS/Streets_Permitting/MapServer/2","title":"Street light L027418"},"type":"Feature"},{"geometry":{"coordinates":[-90.22342669340536,38.66259565128137],"type":"Point"},"id":"stl-city-public-streetlights:2:134703","properties":{"address":null,"attributes":{"Date_Installed":"1/2020","LED_Powered":1,"LightID":"L027419","Light_Source":"LED","Light_Type":"Cobra","Lighting_Type":"LED-Powered Lamp","Verification_Date":null},"id":"stl-city-public-streetlights:2:134703","sourceLayerId":2,"sourceObjectId":134703,"sourceURL":"https://maps8.stlouis-mo.gov/arcgis/rest/services/STREETS/Streets_Permitting/MapServer/2","title":"Street light L027419"},"type":"Feature"},{"geometry":{"coordinates":[-90.22314500559042,38.662988063689156],"type":"Point"},"id":"stl-city-public-streetlights:2:134704","properties":{"address":null,"attributes":{"Date_Installed":"1/2020","LED_Powered":1,"LightID":"L027420","Light_Source":"LED","Light_Type":"Cobra","Lighting_Type":"LED-Powered Lamp","Verification_Date":null},"id":"stl-city-public-streetlights:2:134704","sourceLayerId":2,"sourceObjectId":134704,"sourceURL":"https://maps8.stlouis-mo.gov/arcgis/rest/services/STREETS/Streets_Permitting/MapServer/2","title":"Street light L027420"},"type":"Feature"},{"geometry":{"coordinates":[-90.22283139196662,38.66342795296842],"type":"Point"},"id":"stl-city-public-streetlights:2:134705","properties":{"address":null,"attributes":{"Date_Installed":"1/2020","LED_Powered":1,"LightID":"L027421","Light_Source":"LED","Light_Type":"Cobra","Lighting_Type":"LED-Powered Lamp","Verification_Date":null},"id":"stl-city-public-streetlights:2:134705","sourceLayerId":2,"sourceObjectId":134705,"sourceURL":"https://maps8.stlouis-mo.gov/arcgis/rest/services/STREETS/Streets_Permitting/MapServer/2","title":"Street light L027421"},"type":"Feature"},{"geometry":{"coordinates":[-90.22822218187837,38.660098823368436],"type":"Point"},"id":"stl-city-public-streetlights:2:135136","properties":{"address":null,"attributes":{"Date_Installed":"1/18/2018","LED_Powered":1,"LightID":"L027852","Light_Source":"LED","Light_Type":"Cobra","Lighting_Type":"LED-Powered Lamp","Verification_Date":null},"id":"stl-city-public-streetlights:2:135136","sourceLayerId":2,"sourceObjectId":135136,"sourceURL":"https://maps8.stlouis-mo.gov/arcgis/rest/services/STREETS/Streets_Permitting/MapServer/2","title":"Street light L027852"},"type":"Feature"},{"geometry":{"coordinates":[-90.22299473483663,38.66007720274228],"type":"Point"},"id":"stl-city-public-streetlights:2:135163","properties":{"address":null,"attributes":{"Date_Installed":"1/2020","LED_Powered":1,"LightID":"L027879","Light_Source":"LED","Light_Type":"Cobra","Lighting_Type":"LED-Powered Lamp","Verification_Date":null},"id":"stl-city-public-streetlights:2:135163","sourceLayerId":2,"sourceObjectId":135163,"sourceURL":"https://maps8.stlouis-mo.gov/arcgis/rest/services/STREETS/Streets_Permitting/MapServer/2","title":"Street light L027879"},"type":"Feature"},{"geometry":{"coordinates":[-90.22340444885718,38.66025627466423],"type":"Point"},"id":"stl-city-public-streetlights:2:135241","properties":{"address":null,"attributes":{"Date_Installed":"1/2020","LED_Powered":1,"LightID":"L027957","Light_Source":"LED","Light_Type":"Cobra","Lighting_Type":"LED-Powered Lamp","Verification_Date":null},"id":"stl-city-public-streetlights:2:135241","sourceLayerId":2,"sourceObjectId":135241,"sourceURL":"https://maps8.stlouis-mo.gov/arcgis/rest/services/STREETS/Streets_Permitting/MapServer/2","title":"Street light L027957"},"type":"Feature"},{"geometry":{"coordinates":[-90.22378563449968,38.66042307438956],"type":"Point"},"id":"stl-city-public-streetlights:2:135242","properties":{"address":null,"attributes":{"Date_Installed":"1/2020","LED_Powered":1,"LightID":"L027958","Light_Source":"LED","Light_Type":"Cobra","Lighting_Type":"LED-Powered Lamp","Verification_Date":null},"id":"stl-city-public-streetlights:2:135242","sourceLayerId":2,"sourceObjectId":135242,"sourceURL":"https://maps8.stlouis-mo.gov/arcgis/rest/services/STREETS/Streets_Permitting/MapServer/2","title":"Street light L027958"},"type":"Feature"},{"geometry":{"coordinates":[-90.2241862494424,38.6605975455824],"type":"Point"},"id":"stl-city-public-streetlights:2:135243","properties":{"address":null,"attributes":{"Date_Installed":"1/2020","LED_Powered":1,"LightID":"L027959","Light_Source":"LED","Light_Type":"Cobra","Lighting_Type":"LED-Powered Lamp","Verification_Date":null},"id":"stl-city-public-streetlights:2:135243","sourceLayerId":2,"sourceObjectId":135243,"sourceURL":"https://maps8.stlouis-mo.gov/arcgis/rest/services/STREETS/Streets_Permitting/MapServer/2","title":"Street light L027959"},"type":"Feature"},{"geometry":{"coordinates":[-90.22447882059983,38.66072504193481],"type":"Point"},"id":"stl-city-public-streetlights:2:135244","properties":{"address":null,"attributes":{"Date_Installed":"1/2020","LED_Powered":1,"LightID":"L027960","Light_Source":"LED","Light_Type":"Cobra","Lighting_Type":"LED-Powered Lamp","Verification_Date":null},"id":"stl-city-public-streetlights:2:135244","sourceLayerId":2,"sourceObjectId":135244,"sourceURL":"https://maps8.stlouis-mo.gov/arcgis/rest/services/STREETS/Streets_Permitting/MapServer/2","title":"Street light L027960"},"type":"Feature"},{"geometry":{"coordinates":[-90.22401366265517,38.66161414373567],"type":"Point"},"id":"stl-city-public-streetlights:2:135245","properties":{"address":null,"attributes":{"Date_Installed":"1/2020","LED_Powered":1,"LightID":"L027961","Light_Source":"LED","Light_Type":"Cobra","Lighting_Type":"LED-Powered Lamp","Verification_Date":null},"id":"stl-city-public-streetlights:2:135245","sourceLayerId":2,"sourceObjectId":135245,"sourceURL":"https://maps8.stlouis-mo.gov/arcgis/rest/services/STREETS/Streets_Permitting/MapServer/2","title":"Street light L027961"},"type":"Feature"},{"geometry":{"coordinates":[-90.22363307684586,38.6614473470963],"type":"Point"},"id":"stl-city-public-streetlights:2:135246","properties":{"address":null,"attributes":{"Date_Installed":"1/2020","LED_Powered":1,"LightID":"L027962","Light_Source":"LED","Light_Type":"Cobra","Lighting_Type":"LED-Powered Lamp","Verification_Date":null},"id":"stl-city-public-streetlights:2:135246","sourceLayerId":2,"sourceObjectId":135246,"sourceURL":"https://maps8.stlouis-mo.gov/arcgis/rest/services/STREETS/Streets_Permitting/MapServer/2","title":"Street light L027962"},"type":"Feature"},{"geometry":{"coordinates":[-90.22320825151519,38.66125942057568],"type":"Point"},"id":"stl-city-public-streetlights:2:135247","properties":{"address":null,"attributes":{"Date_Installed":"1/2020","LED_Powered":1,"LightID":"L027963","Light_Source":"LED","Light_Type":"Cobra","Lighting_Type":"LED-Powered Lamp","Verification_Date":null},"id":"stl-city-public-streetlights:2:135247","sourceLayerId":2,"sourceObjectId":135247,"sourceURL":"https://maps8.stlouis-mo.gov/arcgis/rest/services/STREETS/Streets_Permitting/MapServer/2","title":"Street light L027963"},"type":"Feature"},{"geometry":{"coordinates":[-90.22280764998747,38.661081132634514],"type":"Point"},"id":"stl-city-public-streetlights:2:135248","properties":{"address":null,"attributes":{"Date_Installed":"1/2020","LED_Powered":1,"LightID":"L027964","Light_Source":"LED","Light_Type":"Cobra","Lighting_Type":"LED-Powered Lamp","Verification_Date":null},"id":"stl-city-public-streetlights:2:135248","sourceLayerId":2,"sourceObjectId":135248,"sourceURL":"https://maps8.stlouis-mo.gov/arcgis/rest/services/STREETS/Streets_Permitting/MapServer/2","title":"Street light L027964"},"type":"Feature"},{"geometry":{"coordinates":[-90.22240082731622,38.66090854827744],"type":"Point"},"id":"stl-city-public-streetlights:2:135249","properties":{"address":null,"attributes":{"Date_Installed":"1/2020","LED_Powered":1,"LightID":"L027965","Light_Source":"LED","Light_Type":"Cobra","Lighting_Type":"LED-Powered Lamp","Verification_Date":null},"id":"stl-city-public-streetlights:2:135249","sourceLayerId":2,"sourceObjectId":135249,"sourceURL":"https://maps8.stlouis-mo.gov/arcgis/rest/services/STREETS/Streets_Permitting/MapServer/2","title":"Street light L027965"},"type":"Feature"},{"geometry":{"coordinates":[-90.22201478309114,38.66074030370328],"type":"Point"},"id":"stl-city-public-streetlights:2:135250","properties":{"address":null,"attributes":{"Date_Installed":"1/2020","LED_Powered":1,"LightID":"L027966","Light_Source":"LED","Light_Type":"Cobra","Lighting_Type":"LED-Powered Lamp","Verification_Date":null},"id":"stl-city-public-streetlights:2:135250","sourceLayerId":2,"sourceObjectId":135250,"sourceURL":"https://maps8.stlouis-mo.gov/arcgis/rest/services/STREETS/Streets_Permitting/MapServer/2","title":"Street light L027966"},"type":"Feature"},{"geometry":{"coordinates":[-90.22157101212164,38.66083082597418],"type":"Point"},"id":"stl-city-public-streetlights:2:135251","properties":{"address":null,"attributes":{"Date_Installed":null,"LED_Powered":0,"LightID":"L027967","Light_Source":"LED","Light_Type":"Cobra","Lighting_Type":"LED-Powered Lamp","Verification_Date":null},"id":"stl-city-public-streetlights:2:135251","sourceLayerId":2,"sourceObjectId":135251,"sourceURL":"https://maps8.stlouis-mo.gov/arcgis/rest/services/STREETS/Streets_Permitting/MapServer/2","title":"Street light L027967"},"type":"Feature"},{"geometry":{"coordinates":[-90.22121602255876,38.66067746954442],"type":"Point"},"id":"stl-city-public-streetlights:2:135252","properties":{"address":null,"attributes":{"Date_Installed":null,"LED_Powered":0,"LightID":"L027968","Light_Source":"LED","Light_Type":"Cobra","Lighting_Type":"LED-Powered Lamp","Verification_Date":null},"id":"stl-city-public-streetlights:2:135252","sourceLayerId":2,"sourceObjectId":135252,"sourceURL":"https://maps8.stlouis-mo.gov/arcgis/rest/services/STREETS/Streets_Permitting/MapServer/2","title":"Street light L027968"},"type":"Feature"},{"geometry":{"coordinates":[-90.22080630982748,38.66049915302733],"type":"Point"},"id":"stl-city-public-streetlights:2:135253","properties":{"address":null,"attributes":{"Date_Installed":null,"LED_Powered":0,"LightID":"L027969","Light_Source":"LED","Light_Type":"Cobra","Lighting_Type":"LED-Powered Lamp","Verification_Date":null},"id":"stl-city-public-streetlights:2:135253","sourceLayerId":2,"sourceObjectId":135253,"sourceURL":"https://maps8.stlouis-mo.gov/arcgis/rest/services/STREETS/Streets_Permitting/MapServer/2","title":"Street light L027969"},"type":"Feature"},{"geometry":{"coordinates":[-90.22039971133545,38.660317981303606],"type":"Point"},"id":"stl-city-public-streetlights:2:135254","properties":{"address":null,"attributes":{"Date_Installed":null,"LED_Powered":0,"LightID":"L027970","Light_Source":"LED","Light_Type":"Cobra","Lighting_Type":"LED-Powered Lamp","Verification_Date":null},"id":"stl-city-public-streetlights:2:135254","sourceLayerId":2,"sourceObjectId":135254,"sourceURL":"https://maps8.stlouis-mo.gov/arcgis/rest/services/STREETS/Streets_Permitting/MapServer/2","title":"Street light L027970"},"type":"Feature"},{"geometry":{"coordinates":[-90.2201302844796,38.66128649255685],"type":"Point"},"id":"stl-city-public-streetlights:2:135266","properties":{"address":null,"attributes":{"Date_Installed":null,"LED_Powered":0,"LightID":"L027982","Light_Source":"LED","Light_Type":"Cobra","Lighting_Type":"LED-Powered Lamp","Verification_Date":null},"id":"stl-city-public-streetlights:2:135266","sourceLayerId":2,"sourceObjectId":135266,"sourceURL":"https://maps8.stlouis-mo.gov/arcgis/rest/services/STREETS/Streets_Permitting/MapServer/2","title":"Street light L027982"},"type":"Feature"},{"geometry":{"coordinates":[-90.22052605268102,38.66145524403515],"type":"Point"},"id":"stl-city-public-streetlights:2:135267","properties":{"address":null,"attributes":{"Date_Installed":null,"LED_Powered":0,"LightID":"L027983","Light_Source":"LED","Light_Type":"Cobra","Lighting_Type":"LED-Powered Lamp","Verification_Date":null},"id":"stl-city-public-streetlights:2:135267","sourceLayerId":2,"sourceObjectId":135267,"sourceURL":"https://maps8.stlouis-mo.gov/arcgis/rest/services/STREETS/Streets_Permitting/MapServer/2","title":"Street light L027983"},"type":"Feature"},{"geometry":{"coordinates":[-90.22094488230485,38.661635490435614],"type":"Point"},"id":"stl-city-public-streetlights:2:135268","properties":{"address":null,"attributes":{"Date_Installed":null,"LED_Powered":0,"LightID":"L027984","Light_Source":"LED","Light_Type":"Cobra","Lighting_Type":"LED-Powered Lamp","Verification_Date":null},"id":"stl-city-public-streetlights:2:135268","sourceLayerId":2,"sourceObjectId":135268,"sourceURL":"https://maps8.stlouis-mo.gov/arcgis/rest/services/STREETS/Streets_Permitting/MapServer/2","title":"Street light L027984"},"type":"Feature"},{"geometry":{"coordinates":[-90.22267532521703,38.66360206920278],"type":"Point"},"id":"stl-city-public-streetlights:2:135269","properties":{"address":null,"attributes":{"Date_Installed":null,"LED_Powered":1,"LightID":"L027985","Light_Source":"LED","Light_Type":"Cobra","Lighting_Type":"LED-Powered Lamp","Verification_Date":null},"id":"stl-city-public-streetlights:2:135269","sourceLayerId":2,"sourceObjectId":135269,"sourceURL":"https://maps8.stlouis-mo.gov/arcgis/rest/services/STREETS/Streets_Permitting/MapServer/2","title":"Street light L027985"},"type":"Feature"},{"geometry":{"coordinates":[-90.22224281956458,38.663416313776494],"type":"Point"},"id":"stl-city-public-streetlights:2:135270","properties":{"address":null,"attributes":{"Date_Installed":null,"LED_Powered":1,"LightID":"L027986","Light_Source":"LED","Light_Type":"Cobra","Lighting_Type":"LED-Powered Lamp","Verification_Date":null},"id":"stl-city-public-streetlights:2:135270","sourceLayerId":2,"sourceObjectId":135270,"sourceURL":"https://maps8.stlouis-mo.gov/arcgis/rest/services/STREETS/Streets_Permitting/MapServer/2","title":"Street light L027986"},"type":"Feature"},{"geometry":{"coordinates":[-90.22178710681335,38.663218107174366],"type":"Point"},"id":"stl-city-public-streetlights:2:135271","properties":{"address":null,"attributes":{"Date_Installed":null,"LED_Powered":1,"LightID":"L027987","Light_Source":"LED","Light_Type":"Cobra","Lighting_Type":"LED-Powered Lamp","Verification_Date":null},"id":"stl-city-public-streetlights:2:135271","sourceLayerId":2,"sourceObjectId":135271,"sourceURL":"https://maps8.stlouis-mo.gov/arcgis/rest/services/STREETS/Streets_Permitting/MapServer/2","title":"Street light L027987"},"type":"Feature"},{"geometry":{"coordinates":[-90.22130075148614,38.66300433236355],"type":"Point"},"id":"stl-city-public-streetlights:2:135272","properties":{"address":null,"attributes":{"Date_Installed":null,"LED_Powered":1,"LightID":"L027988","Light_Source":"LED","Light_Type":"Cobra","Lighting_Type":"LED-Powered Lamp","Verification_Date":null},"id":"stl-city-public-streetlights:2:135272","sourceLayerId":2,"sourceObjectId":135272,"sourceURL":"https://maps8.stlouis-mo.gov/arcgis/rest/services/STREETS/Streets_Permitting/MapServer/2","title":"Street light L027988"},"type":"Feature"},{"geometry":{"coordinates":[-90.22080697961354,38.66278350641523],"type":"Point"},"id":"stl-city-public-streetlights:2:135273","properties":{"address":null,"attributes":{"Date_Installed":null,"LED_Powered":1,"LightID":"L027989","Light_Source":"LED","Light_Type":"Cobra","Lighting_Type":"LED-Powered Lamp","Verification_Date":null},"id":"stl-city-public-streetlights:2:135273","sourceLayerId":2,"sourceObjectId":135273,"sourceURL":"https://maps8.stlouis-mo.gov/arcgis/rest/services/STREETS/Streets_Permitting/MapServer/2","title":"Street light L027989"},"type":"Feature"},{"geometry":{"coordinates":[-90.22028086750194,38.662553404809564],"type":"Point"},"id":"stl-city-public-streetlights:2:135274","properties":{"address":null,"attributes":{"Date_Installed":null,"LED_Powered":1,"LightID":"L027990","Light_Source":"LED","Light_Type":"Cobra","Lighting_Type":"LED-Powered Lamp","Verification_Date":null},"id":"stl-city-public-streetlights:2:135274","sourceLayerId":2,"sourceObjectId":135274,"sourceURL":"https://maps8.stlouis-mo.gov/arcgis/rest/services/STREETS/Streets_Permitting/MapServer/2","title":"Street light L027990"},"type":"Feature"},{"geometry":{"coordinates":[-90.22060704195229,38.66250427079543],"type":"Point"},"id":"stl-city-public-streetlights:2:135281","properties":{"address":null,"attributes":{"Date_Installed":"1/2020","LED_Powered":1,"LightID":"L027997","Light_Source":"LED","Light_Type":"Cobra","Lighting_Type":"LED-Powered Lamp","Verification_Date":null},"id":"stl-city-public-streetlights:2:135281","sourceLayerId":2,"sourceObjectId":135281,"sourceURL":"https://maps8.stlouis-mo.gov/arcgis/rest/services/STREETS/Streets_Permitting/MapServer/2","title":"Street light L027997"},"type":"Feature"},{"geometry":{"coordinates":[-90.22083722968489,38.66217802873136],"type":"Point"},"id":"stl-city-public-streetlights:2:135282","properties":{"address":null,"attributes":{"Date_Installed":"1/2020","LED_Powered":1,"LightID":"L027998","Light_Source":"LED","Light_Type":"Cobra","Lighting_Type":"LED-Powered Lamp","Verification_Date":null},"id":"stl-city-public-streetlights:2:135282","sourceLayerId":2,"sourceObjectId":135282,"sourceURL":"https://maps8.stlouis-mo.gov/arcgis/rest/services/STREETS/Streets_Permitting/MapServer/2","title":"Street light L027998"},"type":"Feature"},{"geometry":{"coordinates":[-90.22107606442599,38.661855502244514],"type":"Point"},"id":"stl-city-public-streetlights:2:135283","properties":{"address":null,"attributes":{"Date_Installed":"1/2020","LED_Powered":1,"LightID":"L027999","Light_Source":"LED","Light_Type":"Cobra","Lighting_Type":"LED-Powered Lamp","Verification_Date":null},"id":"stl-city-public-streetlights:2:135283","sourceLayerId":2,"sourceObjectId":135283,"sourceURL":"https://maps8.stlouis-mo.gov/arcgis/rest/services/STREETS/Streets_Permitting/MapServer/2","title":"Street light L027999"},"type":"Feature"},{"geometry":{"coordinates":[-90.22130109178345,38.66152614877551],"type":"Point"},"id":"stl-city-public-streetlights:2:135284","properties":{"address":null,"attributes":{"Date_Installed":"1/2020","LED_Powered":1,"LightID":"L028000","Light_Source":"LED","Light_Type":"Cobra","Lighting_Type":"LED-Powered Lamp","Verification_Date":null},"id":"stl-city-public-streetlights:2:135284","sourceLayerId":2,"sourceObjectId":135284,"sourceURL":"https://maps8.stlouis-mo.gov/arcgis/rest/services/STREETS/Streets_Permitting/MapServer/2","title":"Street light L028000"},"type":"Feature"},{"geometry":{"coordinates":[-90.2215416709091,38.66119950119845],"type":"Point"},"id":"stl-city-public-streetlights:2:135285","properties":{"address":null,"attributes":{"Date_Installed":"1/2020","LED_Powered":1,"LightID":"L028001","Light_Source":"LED","Light_Type":"Cobra","Lighting_Type":"LED-Powered Lamp","Verification_Date":null},"id":"stl-city-public-streetlights:2:135285","sourceLayerId":2,"sourceObjectId":135285,"sourceURL":"https://maps8.stlouis-mo.gov/arcgis/rest/services/STREETS/Streets_Permitting/MapServer/2","title":"Street light L028001"},"type":"Feature"},{"geometry":{"coordinates":[-90.22177156508562,38.66086825119242],"type":"Point"},"id":"stl-city-public-streetlights:2:135286","properties":{"address":null,"attributes":{"Date_Installed":"2021-05-19","LED_Powered":1,"LightID":"L028002","Light_Source":"LED","Light_Type":"Cobra","Lighting_Type":"5G Pole - LED-Powered Lamp","Verification_Date":null},"id":"stl-city-public-streetlights:2:135286","sourceLayerId":2,"sourceObjectId":135286,"sourceURL":"https://maps8.stlouis-mo.gov/arcgis/rest/services/STREETS/Streets_Permitting/MapServer/2","title":"Street light L028002"},"type":"Feature"},{"geometry":{"coordinates":[-90.22199703765635,38.66056357624032],"type":"Point"},"id":"stl-city-public-streetlights:2:135287","properties":{"address":null,"attributes":{"Date_Installed":"1/2020","LED_Powered":1,"LightID":"L028003","Light_Source":"LED","Light_Type":"Cobra","Lighting_Type":"LED-Powered Lamp","Verification_Date":null},"id":"stl-city-public-streetlights:2:135287","sourceLayerId":2,"sourceObjectId":135287,"sourceURL":"https://maps8.stlouis-mo.gov/arcgis/rest/services/STREETS/Streets_Permitting/MapServer/2","title":"Street light L028003"},"type":"Feature"},{"geometry":{"coordinates":[-90.22220186425467,38.66026730481589],"type":"Point"},"id":"stl-city-public-streetlights:2:135288","properties":{"address":null,"attributes":{"Date_Installed":"1/2020","LED_Powered":1,"LightID":"L028004","Light_Source":"LED","Light_Type":"Cobra","Lighting_Type":"LED-Powered Lamp","Verification_Date":null},"id":"stl-city-public-streetlights:2:135288","sourceLayerId":2,"sourceObjectId":135288,"sourceURL":"https://maps8.stlouis-mo.gov/arcgis/rest/services/STREETS/Streets_Permitting/MapServer/2","title":"Street light L028004"},"type":"Feature"},{"geometry":{"coordinates":[-90.22791111677091,38.66982402458152],"type":"Point"},"id":"stl-city-public-streetlights:2:152806","properties":{"address":null,"attributes":{"Date_Installed":"4/23/2018","LED_Powered":1,"LightID":"L045660","Light_Source":"LED","Light_Type":"Cobra","Lighting_Type":"LED-Powered Lamp","Verification_Date":null},"id":"stl-city-public-streetlights:2:152806","sourceLayerId":2,"sourceObjectId":152806,"sourceURL":"https://maps8.stlouis-mo.gov/arcgis/rest/services/STREETS/Streets_Permitting/MapServer/2","title":"Street light L045660"},"type":"Feature"},{"geometry":{"coordinates":[-90.22748654503756,38.66963718733121],"type":"Point"},"id":"stl-city-public-streetlights:2:152807","properties":{"address":null,"attributes":{"Date_Installed":"4/23/2018","LED_Powered":1,"LightID":"L045661","Light_Source":"LED","Light_Type":"Cobra","Lighting_Type":"LED-Powered Lamp","Verification_Date":null},"id":"stl-city-public-streetlights:2:152807","sourceLayerId":2,"sourceObjectId":152807,"sourceURL":"https://maps8.stlouis-mo.gov/arcgis/rest/services/STREETS/Streets_Permitting/MapServer/2","title":"Street light L045661"},"type":"Feature"},{"geometry":{"coordinates":[-90.22706993245703,38.669456910231915],"type":"Point"},"id":"stl-city-public-streetlights:2:152808","properties":{"address":null,"attributes":{"Date_Installed":"4/23/2018","LED_Powered":1,"LightID":"L045662","Light_Source":"LED","Light_Type":"Cobra","Lighting_Type":"LED-Powered Lamp","Verification_Date":null},"id":"stl-city-public-streetlights:2:152808","sourceLayerId":2,"sourceObjectId":152808,"sourceURL":"https://maps8.stlouis-mo.gov/arcgis/rest/services/STREETS/Streets_Permitting/MapServer/2","title":"Street light L045662"},"type":"Feature"},{"geometry":{"coordinates":[-90.22729426503538,38.668796041990845],"type":"Point"},"id":"stl-city-public-streetlights:2:152809","properties":{"address":null,"attributes":{"Date_Installed":"4/23/2018","LED_Powered":1,"LightID":"L045663","Light_Source":"LED","Light_Type":"Cobra","Lighting_Type":"LED-Powered Lamp","Verification_Date":null},"id":"stl-city-public-streetlights:2:152809","sourceLayerId":2,"sourceObjectId":152809,"sourceURL":"https://maps8.stlouis-mo.gov/arcgis/rest/services/STREETS/Streets_Permitting/MapServer/2","title":"Street light L045663"},"type":"Feature"},{"geometry":{"coordinates":[-90.22779995497436,38.66898736237741],"type":"Point"},"id":"stl-city-public-streetlights:2:152810","properties":{"address":null,"attributes":{"Date_Installed":"4/23/2018","LED_Powered":1,"LightID":"L045664","Light_Source":"LED","Light_Type":"Cobra","Lighting_Type":"LED-Powered Lamp","Verification_Date":null},"id":"stl-city-public-streetlights:2:152810","sourceLayerId":2,"sourceObjectId":152810,"sourceURL":"https://maps8.stlouis-mo.gov/arcgis/rest/services/STREETS/Streets_Permitting/MapServer/2","title":"Street light L045664"},"type":"Feature"},{"geometry":{"coordinates":[-90.22813422088512,38.66913043989085],"type":"Point"},"id":"stl-city-public-streetlights:2:152811","properties":{"address":null,"attributes":{"Date_Installed":"4/23/2018","LED_Powered":1,"LightID":"L045665","Light_Source":"LED","Light_Type":"Cobra","Lighting_Type":"LED-Powered Lamp","Verification_Date":null},"id":"stl-city-public-streetlights:2:152811","sourceLayerId":2,"sourceObjectId":152811,"sourceURL":"https://maps8.stlouis-mo.gov/arcgis/rest/services/STREETS/Streets_Permitting/MapServer/2","title":"Street light L045665"},"type":"Feature"},{"geometry":{"coordinates":[-90.22852577323971,38.66930516145614],"type":"Point"},"id":"stl-city-public-streetlights:2:152812","properties":{"address":null,"attributes":{"Date_Installed":"4/23/2018","LED_Powered":1,"LightID":"L045666","Light_Source":"LED","Light_Type":"Cobra","Lighting_Type":"LED-Powered Lamp","Verification_Date":null},"id":"stl-city-public-streetlights:2:152812","sourceLayerId":2,"sourceObjectId":152812,"sourceURL":"https://maps8.stlouis-mo.gov/arcgis/rest/services/STREETS/Streets_Permitting/MapServer/2","title":"Street light L045666"},"type":"Feature"},{"geometry":{"coordinates":[-90.22890520308158,38.669469508756734],"type":"Point"},"id":"stl-city-public-streetlights:2:152813","properties":{"address":null,"attributes":{"Date_Installed":"4/23/2018","LED_Powered":1,"LightID":"L045667","Light_Source":"LED","Light_Type":"Cobra","Lighting_Type":"LED-Powered Lamp","Verification_Date":null},"id":"stl-city-public-streetlights:2:152813","sourceLayerId":2,"sourceObjectId":152813,"sourceURL":"https://maps8.stlouis-mo.gov/arcgis/rest/services/STREETS/Streets_Permitting/MapServer/2","title":"Street light L045667"},"type":"Feature"},{"geometry":{"coordinates":[-90.22928341088819,38.66963628258174],"type":"Point"},"id":"stl-city-public-streetlights:2:152814","properties":{"address":null,"attributes":{"Date_Installed":"4/23/2018","LED_Powered":1,"LightID":"L045668","Light_Source":"LED","Light_Type":"Cobra","Lighting_Type":"LED-Powered Lamp","Verification_Date":null},"id":"stl-city-public-streetlights:2:152814","sourceLayerId":2,"sourceObjectId":152814,"sourceURL":"https://maps8.stlouis-mo.gov/arcgis/rest/services/STREETS/Streets_Permitting/MapServer/2","title":"Street light L045668"},"type":"Feature"},{"geometry":{"coordinates":[-90.22963998744541,38.66978822797814],"type":"Point"},"id":"stl-city-public-streetlights:2:152815","properties":{"address":null,"attributes":{"Date_Installed":"4/23/2018","LED_Powered":1,"LightID":"L045669","Light_Source":"LED","Light_Type":"Cobra","Lighting_Type":"LED-Powered Lamp","Verification_Date":null},"id":"stl-city-public-streetlights:2:152815","sourceLayerId":2,"sourceObjectId":152815,"sourceURL":"https://maps8.stlouis-mo.gov/arcgis/rest/services/STREETS/Streets_Permitting/MapServer/2","title":"Street light L045669"},"type":"Feature"},{"geometry":{"coordinates":[-90.22957154478705,38.66864365735897],"type":"Point"},"id":"stl-city-public-streetlights:2:152844","properties":{"address":null,"attributes":{"Date_Installed":"4/23/2018","LED_Powered":1,"LightID":"L045698","Light_Source":"LED","Light_Type":"Cobra","Lighting_Type":"LED-Powered Lamp","Verification_Date":null},"id":"stl-city-public-streetlights:2:152844","sourceLayerId":2,"sourceObjectId":152844,"sourceURL":"https://maps8.stlouis-mo.gov/arcgis/rest/services/STREETS/Streets_Permitting/MapServer/2","title":"Street light L045698"},"type":"Feature"},{"geometry":{"coordinates":[-90.22917147917903,38.668469682613825],"type":"Point"},"id":"stl-city-public-streetlights:2:152845","properties":{"address":null,"attributes":{"Date_Installed":"4/23/2018","LED_Powered":1,"LightID":"L045699","Light_Source":"LED","Light_Type":"Cobra","Lighting_Type":"LED-Powered Lamp","Verification_Date":null},"id":"stl-city-public-streetlights:2:152845","sourceLayerId":2,"sourceObjectId":152845,"sourceURL":"https://maps8.stlouis-mo.gov/arcgis/rest/services/STREETS/Streets_Permitting/MapServer/2","title":"Street light L045699"},"type":"Feature"},{"geometry":{"coordinates":[-90.2287822610014,38.66830175046035],"type":"Point"},"id":"stl-city-public-streetlights:2:152846","properties":{"address":null,"attributes":{"Date_Installed":"4/23/2018","LED_Powered":1,"LightID":"L045700","Light_Source":"LED","Light_Type":"Cobra","Lighting_Type":"LED-Powered Lamp","Verification_Date":null},"id":"stl-city-public-streetlights:2:152846","sourceLayerId":2,"sourceObjectId":152846,"sourceURL":"https://maps8.stlouis-mo.gov/arcgis/rest/services/STREETS/Streets_Permitting/MapServer/2","title":"Street light L045700"},"type":"Feature"},{"geometry":{"coordinates":[-90.22838834207872,38.66813149442388],"type":"Point"},"id":"stl-city-public-streetlights:2:152847","properties":{"address":null,"attributes":{"Date_Installed":"4/23/2018","LED_Powered":1,"LightID":"L045701","Light_Source":"LED","Light_Type":"Cobra","Lighting_Type":"LED-Powered Lamp","Verification_Date":null},"id":"stl-city-public-streetlights:2:152847","sourceLayerId":2,"sourceObjectId":152847,"sourceURL":"https://maps8.stlouis-mo.gov/arcgis/rest/services/STREETS/Streets_Permitting/MapServer/2","title":"Street light L045701"},"type":"Feature"},{"geometry":{"coordinates":[-90.22797685418651,38.6679438920094],"type":"Point"},"id":"stl-city-public-streetlights:2:152848","properties":{"address":null,"attributes":{"Date_Installed":"4/23/2018","LED_Powered":1,"LightID":"L045702","Light_Source":"LED","Light_Type":"Cobra","Lighting_Type":"LED-Powered Lamp","Verification_Date":null},"id":"stl-city-public-streetlights:2:152848","sourceLayerId":2,"sourceObjectId":152848,"sourceURL":"https://maps8.stlouis-mo.gov/arcgis/rest/services/STREETS/Streets_Permitting/MapServer/2","title":"Street light L045702"},"type":"Feature"},{"geometry":{"coordinates":[-90.22856933031949,38.66721469507814],"type":"Point"},"id":"stl-city-public-streetlights:2:152849","properties":{"address":null,"attributes":{"Date_Installed":"4/23/2018","LED_Powered":1,"LightID":"L045703","Light_Source":"LED","Light_Type":"Cobra","Lighting_Type":"LED-Powered Lamp","Verification_Date":null},"id":"stl-city-public-streetlights:2:152849","sourceLayerId":2,"sourceObjectId":152849,"sourceURL":"https://maps8.stlouis-mo.gov/arcgis/rest/services/STREETS/Streets_Permitting/MapServer/2","title":"Street light L045703"},"type":"Feature"},{"geometry":{"coordinates":[-90.2289335903098,38.667368089305924],"type":"Point"},"id":"stl-city-public-streetlights:2:152850","properties":{"address":null,"attributes":{"Date_Installed":"4/23/2018","LED_Powered":1,"LightID":"L045704","Light_Source":"LED","Light_Type":"Cobra","Lighting_Type":"LED-Powered Lamp","Verification_Date":null},"id":"stl-city-public-streetlights:2:152850","sourceLayerId":2,"sourceObjectId":152850,"sourceURL":"https://maps8.stlouis-mo.gov/arcgis/rest/services/STREETS/Streets_Permitting/MapServer/2","title":"Street light L045704"},"type":"Feature"},{"geometry":{"coordinates":[-90.22933181664476,38.66754444437344],"type":"Point"},"id":"stl-city-public-streetlights:2:152851","properties":{"address":null,"attributes":{"Date_Installed":"4/23/2018","LED_Powered":1,"LightID":"L045705","Light_Source":"LED","Light_Type":"Cobra","Lighting_Type":"LED-Powered Lamp","Verification_Date":null},"id":"stl-city-public-streetlights:2:152851","sourceLayerId":2,"sourceObjectId":152851,"sourceURL":"https://maps8.stlouis-mo.gov/arcgis/rest/services/STREETS/Streets_Permitting/MapServer/2","title":"Street light L045705"},"type":"Feature"},{"geometry":{"coordinates":[-90.22970367203796,38.66770548156491],"type":"Point"},"id":"stl-city-public-streetlights:2:152852","properties":{"address":null,"attributes":{"Date_Installed":"4/23/2018","LED_Powered":1,"LightID":"L045706","Light_Source":"LED","Light_Type":"Cobra","Lighting_Type":"LED-Powered Lamp","Verification_Date":null},"id":"stl-city-public-streetlights:2:152852","sourceLayerId":2,"sourceObjectId":152852,"sourceURL":"https://maps8.stlouis-mo.gov/arcgis/rest/services/STREETS/Streets_Permitting/MapServer/2","title":"Street light L045706"},"type":"Feature"},{"geometry":{"coordinates":[-90.22031136664378,38.66994190811914],"type":"Point"},"id":"stl-city-public-streetlights:2:154165","properties":{"address":null,"attributes":{"Date_Installed":null,"LED_Powered":0,"LightID":"L047019","Light_Source":"LED","Light_Type":"Cobra","Lighting_Type":"LED-Powered Lamp","Verification_Date":null},"id":"stl-city-public-streetlights:2:154165","sourceLayerId":2,"sourceObjectId":154165,"sourceURL":"https://maps8.stlouis-mo.gov/arcgis/rest/services/STREETS/Streets_Permitting/MapServer/2","title":"Street light L047019"},"type":"Feature"},{"geometry":{"coordinates":[-90.22272525216957,38.669966533335774],"type":"Point"},"id":"stl-city-public-streetlights:2:154183","properties":{"address":null,"attributes":{"Date_Installed":"4/23/2018","LED_Powered":1,"LightID":"L047037","Light_Source":"LED","Light_Type":"Cobra","Lighting_Type":"LED-Powered Lamp","Verification_Date":null},"id":"stl-city-public-streetlights:2:154183","sourceLayerId":2,"sourceObjectId":154183,"sourceURL":"https://maps8.stlouis-mo.gov/arcgis/rest/services/STREETS/Streets_Permitting/MapServer/2","title":"Street light L047037"},"type":"Feature"},{"geometry":{"coordinates":[-90.22233763285945,38.66979971508969],"type":"Point"},"id":"stl-city-public-streetlights:2:154184","properties":{"address":null,"attributes":{"Date_Installed":"4/23/2018","LED_Powered":1,"LightID":"L047038","Light_Source":"LED","Light_Type":"Cobra","Lighting_Type":"LED-Powered Lamp","Verification_Date":null},"id":"stl-city-public-streetlights:2:154184","sourceLayerId":2,"sourceObjectId":154184,"sourceURL":"https://maps8.stlouis-mo.gov/arcgis/rest/services/STREETS/Streets_Permitting/MapServer/2","title":"Street light L047038"},"type":"Feature"},{"geometry":{"coordinates":[-90.22184226996431,38.6695840150546],"type":"Point"},"id":"stl-city-public-streetlights:2:154185","properties":{"address":null,"attributes":{"Date_Installed":"4/23/2018","LED_Powered":1,"LightID":"L047039","Light_Source":"LED","Light_Type":"Cobra","Lighting_Type":"LED-Powered Lamp","Verification_Date":null},"id":"stl-city-public-streetlights:2:154185","sourceLayerId":2,"sourceObjectId":154185,"sourceURL":"https://maps8.stlouis-mo.gov/arcgis/rest/services/STREETS/Streets_Permitting/MapServer/2","title":"Street light L047039"},"type":"Feature"},{"geometry":{"coordinates":[-90.22133241375631,38.66935883892341],"type":"Point"},"id":"stl-city-public-streetlights:2:154186","properties":{"address":null,"attributes":{"Date_Installed":null,"LED_Powered":0,"LightID":"L047040","Light_Source":"LED","Light_Type":"Cobra","Lighting_Type":"LED-Powered Lamp","Verification_Date":null},"id":"stl-city-public-streetlights:2:154186","sourceLayerId":2,"sourceObjectId":154186,"sourceURL":"https://maps8.stlouis-mo.gov/arcgis/rest/services/STREETS/Streets_Permitting/MapServer/2","title":"Street light L047040"},"type":"Feature"},{"geometry":{"coordinates":[-90.22081514211577,38.66913392844614],"type":"Point"},"id":"stl-city-public-streetlights:2:154187","properties":{"address":null,"attributes":{"Date_Installed":null,"LED_Powered":0,"LightID":"L047041","Light_Source":"LED","Light_Type":"Cobra","Lighting_Type":"LED-Powered Lamp","Verification_Date":null},"id":"stl-city-public-streetlights:2:154187","sourceLayerId":2,"sourceObjectId":154187,"sourceURL":"https://maps8.stlouis-mo.gov/arcgis/rest/services/STREETS/Streets_Permitting/MapServer/2","title":"Street light L047041"},"type":"Feature"},{"geometry":{"coordinates":[-90.22027790515133,38.66889905279938],"type":"Point"},"id":"stl-city-public-streetlights:2:154188","properties":{"address":null,"attributes":{"Date_Installed":null,"LED_Powered":0,"LightID":"L047042","Light_Source":"LED","Light_Type":"Cobra","Lighting_Type":"LED-Powered Lamp","Verification_Date":null},"id":"stl-city-public-streetlights:2:154188","sourceLayerId":2,"sourceObjectId":154188,"sourceURL":"https://maps8.stlouis-mo.gov/arcgis/rest/services/STREETS/Streets_Permitting/MapServer/2","title":"Street light L047042"},"type":"Feature"},{"geometry":{"coordinates":[-90.22894988679397,38.66624645074498],"type":"Point"},"id":"stl-city-public-streetlights:2:154472","properties":{"address":null,"attributes":{"Date_Installed":"12/8/2018","LED_Powered":1,"LightID":"L047204","Light_Source":"LED","Light_Type":"Cobra","Lighting_Type":"LED-Powered Lamp","Verification_Date":null},"id":"stl-city-public-streetlights:2:154472","sourceLayerId":2,"sourceObjectId":154472,"sourceURL":"https://maps8.stlouis-mo.gov/arcgis/rest/services/STREETS/Streets_Permitting/MapServer/2","title":"Street light L047204"},"type":"Feature"},{"geometry":{"coordinates":[-90.22919745327708,38.66590021140623],"type":"Point"},"id":"stl-city-public-streetlights:2:154473","properties":{"address":null,"attributes":{"Date_Installed":"12/8/2018","LED_Powered":1,"LightID":"L047205","Light_Source":"LED","Light_Type":"Cobra","Lighting_Type":"LED-Powered Lamp","Verification_Date":null},"id":"stl-city-public-streetlights:2:154473","sourceLayerId":2,"sourceObjectId":154473,"sourceURL":"https://maps8.stlouis-mo.gov/arcgis/rest/services/STREETS/Streets_Permitting/MapServer/2","title":"Street light L047205"},"type":"Feature"},{"geometry":{"coordinates":[-90.22943690925341,38.665554050956125],"type":"Point"},"id":"stl-city-public-streetlights:2:154474","properties":{"address":null,"attributes":{"Date_Installed":"12/8/2018","LED_Powered":1,"LightID":"L047206","Light_Source":"LED","Light_Type":"Cobra","Lighting_Type":"LED-Powered Lamp","Verification_Date":null},"id":"stl-city-public-streetlights:2:154474","sourceLayerId":2,"sourceObjectId":154474,"sourceURL":"https://maps8.stlouis-mo.gov/arcgis/rest/services/STREETS/Streets_Permitting/MapServer/2","title":"Street light L047206"},"type":"Feature"},{"geometry":{"coordinates":[-90.2296847423371,38.665216629919094],"type":"Point"},"id":"stl-city-public-streetlights:2:154475","properties":{"address":null,"attributes":{"Date_Installed":"12/8/2018","LED_Powered":1,"LightID":"L047207","Light_Source":"LED","Light_Type":"Cobra","Lighting_Type":"LED-Powered Lamp","Verification_Date":null},"id":"stl-city-public-streetlights:2:154475","sourceLayerId":2,"sourceObjectId":154475,"sourceURL":"https://maps8.stlouis-mo.gov/arcgis/rest/services/STREETS/Streets_Permitting/MapServer/2","title":"Street light L047207"},"type":"Feature"},{"geometry":{"coordinates":[-90.22993502595735,38.66487349337197],"type":"Point"},"id":"stl-city-public-streetlights:2:154476","properties":{"address":null,"attributes":{"Date_Installed":"12/8/2018","LED_Powered":1,"LightID":"L047208","Light_Source":"LED","Light_Type":"Cobra","Lighting_Type":"LED-Powered Lamp","Verification_Date":null},"id":"stl-city-public-streetlights:2:154476","sourceLayerId":2,"sourceObjectId":154476,"sourceURL":"https://maps8.stlouis-mo.gov/arcgis/rest/services/STREETS/Streets_Permitting/MapServer/2","title":"Street light L047208"},"type":"Feature"},{"geometry":{"coordinates":[-90.22925322639445,38.66356750394078],"type":"Point"},"id":"stl-city-public-streetlights:2:154493","properties":{"address":null,"attributes":{"Date_Installed":"12/8/2018","LED_Powered":1,"LightID":"L047225","Light_Source":"LED","Light_Type":"Cobra","Lighting_Type":"LED-Powered Lamp","Verification_Date":null},"id":"stl-city-public-streetlights:2:154493","sourceLayerId":2,"sourceObjectId":154493,"sourceURL":"https://maps8.stlouis-mo.gov/arcgis/rest/services/STREETS/Streets_Permitting/MapServer/2","title":"Street light L047225"},"type":"Feature"},{"geometry":{"coordinates":[-90.22951727373598,38.66320151755537],"type":"Point"},"id":"stl-city-public-streetlights:2:154494","properties":{"address":null,"attributes":{"Date_Installed":"12/8/2018","LED_Powered":1,"LightID":"L047226","Light_Source":"LED","Light_Type":"Cobra","Lighting_Type":"LED-Powered Lamp","Verification_Date":null},"id":"stl-city-public-streetlights:2:154494","sourceLayerId":2,"sourceObjectId":154494,"sourceURL":"https://maps8.stlouis-mo.gov/arcgis/rest/services/STREETS/Streets_Permitting/MapServer/2","title":"Street light L047226"},"type":"Feature"},{"geometry":{"coordinates":[-90.22975756562292,38.66284596377511],"type":"Point"},"id":"stl-city-public-streetlights:2:154495","properties":{"address":null,"attributes":{"Date_Installed":"12/8/2018","LED_Powered":1,"LightID":"L047227","Light_Source":"LED","Light_Type":"Cobra","Lighting_Type":"LED-Powered Lamp","Verification_Date":null},"id":"stl-city-public-streetlights:2:154495","sourceLayerId":2,"sourceObjectId":154495,"sourceURL":"https://maps8.stlouis-mo.gov/arcgis/rest/services/STREETS/Streets_Permitting/MapServer/2","title":"Street light L047227"},"type":"Feature"},{"geometry":{"coordinates":[-90.22820904727915,38.66021085944009],"type":"Point"},"id":"stl-city-public-streetlights:2:154559","properties":{"address":null,"attributes":{"Date_Installed":"12/8/2018","LED_Powered":1,"LightID":"L047291","Light_Source":"LED","Light_Type":"Cobra","Lighting_Type":"LED-Powered Lamp","Verification_Date":null},"id":"stl-city-public-streetlights:2:154559","sourceLayerId":2,"sourceObjectId":154559,"sourceURL":"https://maps8.stlouis-mo.gov/arcgis/rest/services/STREETS/Streets_Permitting/MapServer/2","title":"Street light L047291"},"type":"Feature"},{"geometry":{"coordinates":[-90.22798076665542,38.66052579917814],"type":"Point"},"id":"stl-city-public-streetlights:2:154560","properties":{"address":null,"attributes":{"Date_Installed":"12/8/2018","LED_Powered":1,"LightID":"L047292","Light_Source":"LED","Light_Type":"Cobra","Lighting_Type":"LED-Powered Lamp","Verification_Date":null},"id":"stl-city-public-streetlights:2:154560","sourceLayerId":2,"sourceObjectId":154560,"sourceURL":"https://maps8.stlouis-mo.gov/arcgis/rest/services/STREETS/Streets_Permitting/MapServer/2","title":"Street light L047292"},"type":"Feature"},{"geometry":{"coordinates":[-90.22775859602532,38.66083240866829],"type":"Point"},"id":"stl-city-public-streetlights:2:154561","properties":{"address":null,"attributes":{"Date_Installed":"12/8/2018","LED_Powered":1,"LightID":"L047293","Light_Source":"LED","Light_Type":"Cobra","Lighting_Type":"LED-Powered Lamp","Verification_Date":null},"id":"stl-city-public-streetlights:2:154561","sourceLayerId":2,"sourceObjectId":154561,"sourceURL":"https://maps8.stlouis-mo.gov/arcgis/rest/services/STREETS/Streets_Permitting/MapServer/2","title":"Street light L047293"},"type":"Feature"},{"geometry":{"coordinates":[-90.22751407477864,38.661179844241204],"type":"Point"},"id":"stl-city-public-streetlights:2:154562","properties":{"address":null,"attributes":{"Date_Installed":"12/8/2018","LED_Powered":1,"LightID":"L047294","Light_Source":"LED","Light_Type":"Cobra","Lighting_Type":"LED-Powered Lamp","Verification_Date":null},"id":"stl-city-public-streetlights:2:154562","sourceLayerId":2,"sourceObjectId":154562,"sourceURL":"https://maps8.stlouis-mo.gov/arcgis/rest/services/STREETS/Streets_Permitting/MapServer/2","title":"Street light L047294"},"type":"Feature"},{"geometry":{"coordinates":[-90.22732456049457,38.661451609709],"type":"Point"},"id":"stl-city-public-streetlights:2:154563","properties":{"address":null,"attributes":{"Date_Installed":"12/8/2018","LED_Powered":1,"LightID":"L047295","Light_Source":"LED","Light_Type":"Cobra","Lighting_Type":"LED-Powered Lamp","Verification_Date":null},"id":"stl-city-public-streetlights:2:154563","sourceLayerId":2,"sourceObjectId":154563,"sourceURL":"https://maps8.stlouis-mo.gov/arcgis/rest/services/STREETS/Streets_Permitting/MapServer/2","title":"Street light L047295"},"type":"Feature"},{"geometry":{"coordinates":[-90.22699062214359,38.6619187489379],"type":"Point"},"id":"stl-city-public-streetlights:2:154564","properties":{"address":null,"attributes":{"Date_Installed":"12/8/2018","LED_Powered":1,"LightID":"L047296","Light_Source":"LED","Light_Type":"Cobra","Lighting_Type":"LED-Powered Lamp","Verification_Date":null},"id":"stl-city-public-streetlights:2:154564","sourceLayerId":2,"sourceObjectId":154564,"sourceURL":"https://maps8.stlouis-mo.gov/arcgis/rest/services/STREETS/Streets_Permitting/MapServer/2","title":"Street light L047296"},"type":"Feature"},{"geometry":{"coordinates":[-90.22675496865375,38.662250710118364],"type":"Point"},"id":"stl-city-public-streetlights:2:154565","properties":{"address":null,"attributes":{"Date_Installed":"12/8/2018","LED_Powered":1,"LightID":"L047297","Light_Source":"LED","Light_Type":"Cobra","Lighting_Type":"LED-Powered Lamp","Verification_Date":null},"id":"stl-city-public-streetlights:2:154565","sourceLayerId":2,"sourceObjectId":154565,"sourceURL":"https://maps8.stlouis-mo.gov/arcgis/rest/services/STREETS/Streets_Permitting/MapServer/2","title":"Street light L047297"},"type":"Feature"},{"geometry":{"coordinates":[-90.22653856975754,38.66255568655342],"type":"Point"},"id":"stl-city-public-streetlights:2:154566","properties":{"address":null,"attributes":{"Date_Installed":"2021-05-19","LED_Powered":1,"LightID":"L047298","Light_Source":"LED","Light_Type":"Cobra","Lighting_Type":"5G Pole - 5G Pole -5G Pole - LED-Powered Lamp","Verification_Date":null},"id":"stl-city-public-streetlights:2:154566","sourceLayerId":2,"sourceObjectId":154566,"sourceURL":"https://maps8.stlouis-mo.gov/arcgis/rest/services/STREETS/Streets_Permitting/MapServer/2","title":"Street light L047298"},"type":"Feature"},{"geometry":{"coordinates":[-90.22633194494755,38.66286759793094],"type":"Point"},"id":"stl-city-public-streetlights:2:154567","properties":{"address":null,"attributes":{"Date_Installed":"12/8/2018","LED_Powered":1,"LightID":"L047299","Light_Source":"LED","Light_Type":"Cobra","Lighting_Type":"LED-Powered Lamp","Verification_Date":null},"id":"stl-city-public-streetlights:2:154567","sourceLayerId":2,"sourceObjectId":154567,"sourceURL":"https://maps8.stlouis-mo.gov/arcgis/rest/services/STREETS/Streets_Permitting/MapServer/2","title":"Street light L047299"},"type":"Feature"},{"geometry":{"coordinates":[-90.22607549955607,38.66320975840559],"type":"Point"},"id":"stl-city-public-streetlights:2:154568","properties":{"address":null,"attributes":{"Date_Installed":"12/8/2018","LED_Powered":1,"LightID":"L047300","Light_Source":"LED","Light_Type":"Cobra","Lighting_Type":"LED-Powered Lamp","Verification_Date":null},"id":"stl-city-public-streetlights:2:154568","sourceLayerId":2,"sourceObjectId":154568,"sourceURL":"https://maps8.stlouis-mo.gov/arcgis/rest/services/STREETS/Streets_Permitting/MapServer/2","title":"Street light L047300"},"type":"Feature"},{"geometry":{"coordinates":[-90.22583893028234,38.66354100110942],"type":"Point"},"id":"stl-city-public-streetlights:2:154569","properties":{"address":null,"attributes":{"Date_Installed":"12/8/2018","LED_Powered":1,"LightID":"L047301","Light_Source":"LED","Light_Type":"Cobra","Lighting_Type":"LED-Powered Lamp","Verification_Date":null},"id":"stl-city-public-streetlights:2:154569","sourceLayerId":2,"sourceObjectId":154569,"sourceURL":"https://maps8.stlouis-mo.gov/arcgis/rest/services/STREETS/Streets_Permitting/MapServer/2","title":"Street light L047301"},"type":"Feature"},{"geometry":{"coordinates":[-90.22559960049011,38.66387752863683],"type":"Point"},"id":"stl-city-public-streetlights:2:154570","properties":{"address":null,"attributes":{"Date_Installed":"12/8/2018","LED_Powered":1,"LightID":"L047302","Light_Source":"LED","Light_Type":"Cobra","Lighting_Type":"LED-Powered Lamp","Verification_Date":null},"id":"stl-city-public-streetlights:2:154570","sourceLayerId":2,"sourceObjectId":154570,"sourceURL":"https://maps8.stlouis-mo.gov/arcgis/rest/services/STREETS/Streets_Permitting/MapServer/2","title":"Street light L047302"},"type":"Feature"},{"geometry":{"coordinates":[-90.22269337802146,38.66414810514608],"type":"Point"},"id":"stl-city-public-streetlights:2:160947","properties":{"address":null,"attributes":{"Date_Installed":null,"LED_Powered":null,"LightID":null,"Light_Source":"LED","Light_Type":"Cobra","Lighting_Type":"LED-Powered Lamp","Verification_Date":null},"id":"stl-city-public-streetlights:2:160947","sourceLayerId":2,"sourceObjectId":160947,"sourceURL":"https://maps8.stlouis-mo.gov/arcgis/rest/services/STREETS/Streets_Permitting/MapServer/2","title":"Street light 160947"},"type":"Feature"}],"layerId":"city-streetlights","retrievedAt":"2026-09-13T21:56:18.173251+00:00","schema":"property-infrastructure-geojson-v1","sourceId":"stl-city-public-streetlights","tileId":"-9023_3866","type":"FeatureCollection"}