{"features":[{"geometry":{"coordinates":[-90.22064370296592,38.606246940930696],"type":"Point"},"id":"stl-city-public-streetlights:2:117720","properties":{"address":null,"attributes":{"Date_Installed":"6/9/2017","LED_Powered":1,"LightID":"L010445","Light_Source":"LED","Light_Type":"Cobra","Lighting_Type":"LED-Powered Lamp","Verification_Date":null},"id":"stl-city-public-streetlights:2:117720","sourceLayerId":2,"sourceObjectId":117720,"sourceURL":"https://maps8.stlouis-mo.gov/arcgis/rest/services/STREETS/Streets_Permitting/MapServer/2","title":"Street light L010445"},"type":"Feature"},{"geometry":{"coordinates":[-90.22117042167908,38.60598671443752],"type":"Point"},"id":"stl-city-public-streetlights:2:117721","properties":{"address":null,"attributes":{"Date_Installed":"6/9/2017","LED_Powered":1,"LightID":"L010446","Light_Source":"LED","Light_Type":"Cobra","Lighting_Type":"LED-Powered Lamp","Verification_Date":null},"id":"stl-city-public-streetlights:2:117721","sourceLayerId":2,"sourceObjectId":117721,"sourceURL":"https://maps8.stlouis-mo.gov/arcgis/rest/services/STREETS/Streets_Permitting/MapServer/2","title":"Street light L010446"},"type":"Feature"},{"geometry":{"coordinates":[-90.22165473768582,38.605724477515444],"type":"Point"},"id":"stl-city-public-streetlights:2:117722","properties":{"address":null,"attributes":{"Date_Installed":"6/9/2017","LED_Powered":1,"LightID":"L010447","Light_Source":"LED","Light_Type":"Cobra","Lighting_Type":"LED-Powered Lamp","Verification_Date":null},"id":"stl-city-public-streetlights:2:117722","sourceLayerId":2,"sourceObjectId":117722,"sourceURL":"https://maps8.stlouis-mo.gov/arcgis/rest/services/STREETS/Streets_Permitting/MapServer/2","title":"Street light L010447"},"type":"Feature"},{"geometry":{"coordinates":[-90.222098800709,38.605493558968696],"type":"Point"},"id":"stl-city-public-streetlights:2:117723","properties":{"address":null,"attributes":{"Date_Installed":"6/9/2017","LED_Powered":1,"LightID":"L010448","Light_Source":"LED","Light_Type":"Cobra","Lighting_Type":"LED-Powered Lamp","Verification_Date":null},"id":"stl-city-public-streetlights:2:117723","sourceLayerId":2,"sourceObjectId":117723,"sourceURL":"https://maps8.stlouis-mo.gov/arcgis/rest/services/STREETS/Streets_Permitting/MapServer/2","title":"Street light L010448"},"type":"Feature"},{"geometry":{"coordinates":[-90.22277378557972,38.605176230791095],"type":"Point"},"id":"stl-city-public-streetlights:2:117724","properties":{"address":null,"attributes":{"Date_Installed":"6/9/2017","LED_Powered":1,"LightID":"L010449","Light_Source":"LED","Light_Type":"Cobra","Lighting_Type":"LED-Powered Lamp","Verification_Date":null},"id":"stl-city-public-streetlights:2:117724","sourceLayerId":2,"sourceObjectId":117724,"sourceURL":"https://maps8.stlouis-mo.gov/arcgis/rest/services/STREETS/Streets_Permitting/MapServer/2","title":"Street light L010449"},"type":"Feature"},{"geometry":{"coordinates":[-90.22282251038841,38.6052408790592],"type":"Point"},"id":"stl-city-public-streetlights:2:117725","properties":{"address":null,"attributes":{"Date_Installed":"6/15/2017","LED_Powered":1,"LightID":"L010450","Light_Source":"LED","Light_Type":"Cobra","Lighting_Type":"LED-Powered Lamp","Verification_Date":null},"id":"stl-city-public-streetlights:2:117725","sourceLayerId":2,"sourceObjectId":117725,"sourceURL":"https://maps8.stlouis-mo.gov/arcgis/rest/services/STREETS/Streets_Permitting/MapServer/2","title":"Street light L010450"},"type":"Feature"},{"geometry":{"coordinates":[-90.22318468675988,38.6049886598371],"type":"Point"},"id":"stl-city-public-streetlights:2:117726","properties":{"address":null,"attributes":{"Date_Installed":"6/9/2017","LED_Powered":1,"LightID":"L010451","Light_Source":"LED","Light_Type":"Cobra","Lighting_Type":"LED-Powered Lamp","Verification_Date":null},"id":"stl-city-public-streetlights:2:117726","sourceLayerId":2,"sourceObjectId":117726,"sourceURL":"https://maps8.stlouis-mo.gov/arcgis/rest/services/STREETS/Streets_Permitting/MapServer/2","title":"Street light L010451"},"type":"Feature"},{"geometry":{"coordinates":[-90.22383823447342,38.60469818628264],"type":"Point"},"id":"stl-city-public-streetlights:2:117727","properties":{"address":null,"attributes":{"Date_Installed":"6/9/2017","LED_Powered":1,"LightID":"L010452","Light_Source":"LED","Light_Type":"Cobra","Lighting_Type":"LED-Powered Lamp","Verification_Date":null},"id":"stl-city-public-streetlights:2:117727","sourceLayerId":2,"sourceObjectId":117727,"sourceURL":"https://maps8.stlouis-mo.gov/arcgis/rest/services/STREETS/Streets_Permitting/MapServer/2","title":"Street light L010452"},"type":"Feature"},{"geometry":{"coordinates":[-90.22445786356474,38.604427199325606],"type":"Point"},"id":"stl-city-public-streetlights:2:117728","properties":{"address":null,"attributes":{"Date_Installed":"6/9/2017","LED_Powered":1,"LightID":"L010453","Light_Source":"LED","Light_Type":"Cobra","Lighting_Type":"LED-Powered Lamp","Verification_Date":null},"id":"stl-city-public-streetlights:2:117728","sourceLayerId":2,"sourceObjectId":117728,"sourceURL":"https://maps8.stlouis-mo.gov/arcgis/rest/services/STREETS/Streets_Permitting/MapServer/2","title":"Street light L010453"},"type":"Feature"},{"geometry":{"coordinates":[-90.22495931820818,38.60420510310229],"type":"Point"},"id":"stl-city-public-streetlights:2:117729","properties":{"address":null,"attributes":{"Date_Installed":"6/9/2017","LED_Powered":1,"LightID":"L010454","Light_Source":"LED","Light_Type":"Cobra","Lighting_Type":"LED-Powered Lamp","Verification_Date":null},"id":"stl-city-public-streetlights:2:117729","sourceLayerId":2,"sourceObjectId":117729,"sourceURL":"https://maps8.stlouis-mo.gov/arcgis/rest/services/STREETS/Streets_Permitting/MapServer/2","title":"Street light L010454"},"type":"Feature"},{"geometry":{"coordinates":[-90.22547672020313,38.60398237636768],"type":"Point"},"id":"stl-city-public-streetlights:2:117730","properties":{"address":null,"attributes":{"Date_Installed":"6/9/2017","LED_Powered":1,"LightID":"L010455","Light_Source":"LED","Light_Type":"Cobra","Lighting_Type":"LED-Powered Lamp","Verification_Date":null},"id":"stl-city-public-streetlights:2:117730","sourceLayerId":2,"sourceObjectId":117730,"sourceURL":"https://maps8.stlouis-mo.gov/arcgis/rest/services/STREETS/Streets_Permitting/MapServer/2","title":"Street light L010455"},"type":"Feature"},{"geometry":{"coordinates":[-90.22603187719751,38.60374331332183],"type":"Point"},"id":"stl-city-public-streetlights:2:117731","properties":{"address":null,"attributes":{"Date_Installed":"6/9/2017","LED_Powered":1,"LightID":"L010456","Light_Source":"LED","Light_Type":"Cobra","Lighting_Type":"LED-Powered Lamp","Verification_Date":null},"id":"stl-city-public-streetlights:2:117731","sourceLayerId":2,"sourceObjectId":117731,"sourceURL":"https://maps8.stlouis-mo.gov/arcgis/rest/services/STREETS/Streets_Permitting/MapServer/2","title":"Street light L010456"},"type":"Feature"},{"geometry":{"coordinates":[-90.22659200372493,38.60350673759878],"type":"Point"},"id":"stl-city-public-streetlights:2:117732","properties":{"address":null,"attributes":{"Date_Installed":"6/9/2017","LED_Powered":1,"LightID":"L010457","Light_Source":"LED","Light_Type":"Cobra","Lighting_Type":"LED-Powered Lamp","Verification_Date":null},"id":"stl-city-public-streetlights:2:117732","sourceLayerId":2,"sourceObjectId":117732,"sourceURL":"https://maps8.stlouis-mo.gov/arcgis/rest/services/STREETS/Streets_Permitting/MapServer/2","title":"Street light L010457"},"type":"Feature"},{"geometry":{"coordinates":[-90.22719777031526,38.60324929005403],"type":"Point"},"id":"stl-city-public-streetlights:2:117733","properties":{"address":null,"attributes":{"Date_Installed":"6/9/2017","LED_Powered":1,"LightID":"L010458","Light_Source":"LED","Light_Type":"Cobra","Lighting_Type":"LED-Powered Lamp","Verification_Date":null},"id":"stl-city-public-streetlights:2:117733","sourceLayerId":2,"sourceObjectId":117733,"sourceURL":"https://maps8.stlouis-mo.gov/arcgis/rest/services/STREETS/Streets_Permitting/MapServer/2","title":"Street light L010458"},"type":"Feature"},{"geometry":{"coordinates":[-90.22780017708538,38.60299540719228],"type":"Point"},"id":"stl-city-public-streetlights:2:117734","properties":{"address":null,"attributes":{"Date_Installed":"6/9/2017","LED_Powered":1,"LightID":"L010459","Light_Source":"LED","Light_Type":"Cobra","Lighting_Type":"LED-Powered Lamp","Verification_Date":null},"id":"stl-city-public-streetlights:2:117734","sourceLayerId":2,"sourceObjectId":117734,"sourceURL":"https://maps8.stlouis-mo.gov/arcgis/rest/services/STREETS/Streets_Permitting/MapServer/2","title":"Street light L010459"},"type":"Feature"},{"geometry":{"coordinates":[-90.2283654701787,38.60275506831149],"type":"Point"},"id":"stl-city-public-streetlights:2:117735","properties":{"address":null,"attributes":{"Date_Installed":"6/9/2017","LED_Powered":1,"LightID":"L010460","Light_Source":"LED","Light_Type":"Cobra","Lighting_Type":"LED-Powered Lamp","Verification_Date":null},"id":"stl-city-public-streetlights:2:117735","sourceLayerId":2,"sourceObjectId":117735,"sourceURL":"https://maps8.stlouis-mo.gov/arcgis/rest/services/STREETS/Streets_Permitting/MapServer/2","title":"Street light L010460"},"type":"Feature"},{"geometry":{"coordinates":[-90.22894262253813,38.602510119050926],"type":"Point"},"id":"stl-city-public-streetlights:2:117736","properties":{"address":null,"attributes":{"Date_Installed":"6/9/2017","LED_Powered":1,"LightID":"L010461","Light_Source":"LED","Light_Type":"Cobra","Lighting_Type":"LED-Powered Lamp","Verification_Date":null},"id":"stl-city-public-streetlights:2:117736","sourceLayerId":2,"sourceObjectId":117736,"sourceURL":"https://maps8.stlouis-mo.gov/arcgis/rest/services/STREETS/Streets_Permitting/MapServer/2","title":"Street light L010461"},"type":"Feature"},{"geometry":{"coordinates":[-90.22851458313349,38.60244119397957],"type":"Point"},"id":"stl-city-public-streetlights:2:117737","properties":{"address":null,"attributes":{"Date_Installed":"6/9/2017","LED_Powered":1,"LightID":"L010462","Light_Source":"LED","Light_Type":"Cobra","Lighting_Type":"LED-Powered Lamp","Verification_Date":null},"id":"stl-city-public-streetlights:2:117737","sourceLayerId":2,"sourceObjectId":117737,"sourceURL":"https://maps8.stlouis-mo.gov/arcgis/rest/services/STREETS/Streets_Permitting/MapServer/2","title":"Street light L010462"},"type":"Feature"},{"geometry":{"coordinates":[-90.22797395095212,38.6026675865166],"type":"Point"},"id":"stl-city-public-streetlights:2:117738","properties":{"address":null,"attributes":{"Date_Installed":"6/9/2017","LED_Powered":1,"LightID":"L010463","Light_Source":"LED","Light_Type":"Cobra","Lighting_Type":"LED-Powered Lamp","Verification_Date":null},"id":"stl-city-public-streetlights:2:117738","sourceLayerId":2,"sourceObjectId":117738,"sourceURL":"https://maps8.stlouis-mo.gov/arcgis/rest/services/STREETS/Streets_Permitting/MapServer/2","title":"Street light L010463"},"type":"Feature"},{"geometry":{"coordinates":[-90.22735389968743,38.602929294895866],"type":"Point"},"id":"stl-city-public-streetlights:2:117739","properties":{"address":null,"attributes":{"Date_Installed":"6/9/2017","LED_Powered":1,"LightID":"L010464","Light_Source":"LED","Light_Type":"Cobra","Lighting_Type":"LED-Powered Lamp","Verification_Date":null},"id":"stl-city-public-streetlights:2:117739","sourceLayerId":2,"sourceObjectId":117739,"sourceURL":"https://maps8.stlouis-mo.gov/arcgis/rest/services/STREETS/Streets_Permitting/MapServer/2","title":"Street light L010464"},"type":"Feature"},{"geometry":{"coordinates":[-90.22677336519307,38.60318251212071],"type":"Point"},"id":"stl-city-public-streetlights:2:117740","properties":{"address":null,"attributes":{"Date_Installed":"6/9/2017","LED_Powered":1,"LightID":"L010465","Light_Source":"LED","Light_Type":"Cobra","Lighting_Type":"LED-Powered Lamp","Verification_Date":null},"id":"stl-city-public-streetlights:2:117740","sourceLayerId":2,"sourceObjectId":117740,"sourceURL":"https://maps8.stlouis-mo.gov/arcgis/rest/services/STREETS/Streets_Permitting/MapServer/2","title":"Street light L010465"},"type":"Feature"},{"geometry":{"coordinates":[-90.22617552056546,38.60343330218032],"type":"Point"},"id":"stl-city-public-streetlights:2:117741","properties":{"address":null,"attributes":{"Date_Installed":"6/9/2017","LED_Powered":1,"LightID":"L010466","Light_Source":"LED","Light_Type":"Cobra","Lighting_Type":"LED-Powered Lamp","Verification_Date":null},"id":"stl-city-public-streetlights:2:117741","sourceLayerId":2,"sourceObjectId":117741,"sourceURL":"https://maps8.stlouis-mo.gov/arcgis/rest/services/STREETS/Streets_Permitting/MapServer/2","title":"Street light L010466"},"type":"Feature"},{"geometry":{"coordinates":[-90.22560409083984,38.60365468915732],"type":"Point"},"id":"stl-city-public-streetlights:2:117742","properties":{"address":null,"attributes":{"Date_Installed":"6/9/2017","LED_Powered":1,"LightID":"L010467","Light_Source":"LED","Light_Type":"Cobra","Lighting_Type":"LED-Powered Lamp","Verification_Date":null},"id":"stl-city-public-streetlights:2:117742","sourceLayerId":2,"sourceObjectId":117742,"sourceURL":"https://maps8.stlouis-mo.gov/arcgis/rest/services/STREETS/Streets_Permitting/MapServer/2","title":"Street light L010467"},"type":"Feature"},{"geometry":{"coordinates":[-90.22509344013862,38.60389995649309],"type":"Point"},"id":"stl-city-public-streetlights:2:117743","properties":{"address":null,"attributes":{"Date_Installed":"6/9/2017","LED_Powered":1,"LightID":"L010468","Light_Source":"LED","Light_Type":"Cobra","Lighting_Type":"LED-Powered Lamp","Verification_Date":null},"id":"stl-city-public-streetlights:2:117743","sourceLayerId":2,"sourceObjectId":117743,"sourceURL":"https://maps8.stlouis-mo.gov/arcgis/rest/services/STREETS/Streets_Permitting/MapServer/2","title":"Street light L010468"},"type":"Feature"},{"geometry":{"coordinates":[-90.22458297419529,38.604120005987134],"type":"Point"},"id":"stl-city-public-streetlights:2:117744","properties":{"address":null,"attributes":{"Date_Installed":"6/9/2017","LED_Powered":1,"LightID":"L010469","Light_Source":"LED","Light_Type":"Cobra","Lighting_Type":"LED-Powered Lamp","Verification_Date":null},"id":"stl-city-public-streetlights:2:117744","sourceLayerId":2,"sourceObjectId":117744,"sourceURL":"https://maps8.stlouis-mo.gov/arcgis/rest/services/STREETS/Streets_Permitting/MapServer/2","title":"Street light L010469"},"type":"Feature"},{"geometry":{"coordinates":[-90.22401447077509,38.60436751708335],"type":"Point"},"id":"stl-city-public-streetlights:2:117745","properties":{"address":null,"attributes":{"Date_Installed":"6/9/2017","LED_Powered":1,"LightID":"L010470","Light_Source":"LED","Light_Type":"Cobra","Lighting_Type":"LED-Powered Lamp","Verification_Date":null},"id":"stl-city-public-streetlights:2:117745","sourceLayerId":2,"sourceObjectId":117745,"sourceURL":"https://maps8.stlouis-mo.gov/arcgis/rest/services/STREETS/Streets_Permitting/MapServer/2","title":"Street light L010470"},"type":"Feature"},{"geometry":{"coordinates":[-90.22338955591272,38.604638489200056],"type":"Point"},"id":"stl-city-public-streetlights:2:117746","properties":{"address":null,"attributes":{"Date_Installed":"6/9/2017","LED_Powered":1,"LightID":"L010471","Light_Source":"LED","Light_Type":"Cobra","Lighting_Type":"LED-Powered Lamp","Verification_Date":null},"id":"stl-city-public-streetlights:2:117746","sourceLayerId":2,"sourceObjectId":117746,"sourceURL":"https://maps8.stlouis-mo.gov/arcgis/rest/services/STREETS/Streets_Permitting/MapServer/2","title":"Street light L010471"},"type":"Feature"},{"geometry":{"coordinates":[-90.22282837843119,38.604882698328225],"type":"Point"},"id":"stl-city-public-streetlights:2:117747","properties":{"address":null,"attributes":{"Date_Installed":"6/9/2017","LED_Powered":1,"LightID":"L010472","Light_Source":"LED","Light_Type":"Cobra","Lighting_Type":"LED-Powered Lamp","Verification_Date":null},"id":"stl-city-public-streetlights:2:117747","sourceLayerId":2,"sourceObjectId":117747,"sourceURL":"https://maps8.stlouis-mo.gov/arcgis/rest/services/STREETS/Streets_Permitting/MapServer/2","title":"Street light L010472"},"type":"Feature"},{"geometry":{"coordinates":[-90.2222652489609,38.605144145934354],"type":"Point"},"id":"stl-city-public-streetlights:2:117748","properties":{"address":null,"attributes":{"Date_Installed":"6/9/2017","LED_Powered":1,"LightID":"L010473","Light_Source":"LED","Light_Type":"Cobra","Lighting_Type":"LED-Powered Lamp","Verification_Date":null},"id":"stl-city-public-streetlights:2:117748","sourceLayerId":2,"sourceObjectId":117748,"sourceURL":"https://maps8.stlouis-mo.gov/arcgis/rest/services/STREETS/Streets_Permitting/MapServer/2","title":"Street light L010473"},"type":"Feature"},{"geometry":{"coordinates":[-90.22184975574164,38.605354562023585],"type":"Point"},"id":"stl-city-public-streetlights:2:117749","properties":{"address":null,"attributes":{"Date_Installed":"6/9/2017","LED_Powered":1,"LightID":"L010474","Light_Source":"LED","Light_Type":"Cobra","Lighting_Type":"LED-Powered Lamp","Verification_Date":null},"id":"stl-city-public-streetlights:2:117749","sourceLayerId":2,"sourceObjectId":117749,"sourceURL":"https://maps8.stlouis-mo.gov/arcgis/rest/services/STREETS/Streets_Permitting/MapServer/2","title":"Street light L010474"},"type":"Feature"},{"geometry":{"coordinates":[-90.22124088735153,38.605675104505515],"type":"Point"},"id":"stl-city-public-streetlights:2:117750","properties":{"address":null,"attributes":{"Date_Installed":"6/9/2017","LED_Powered":1,"LightID":"L010475","Light_Source":"LED","Light_Type":"Cobra","Lighting_Type":"LED-Powered Lamp","Verification_Date":null},"id":"stl-city-public-streetlights:2:117750","sourceLayerId":2,"sourceObjectId":117750,"sourceURL":"https://maps8.stlouis-mo.gov/arcgis/rest/services/STREETS/Streets_Permitting/MapServer/2","title":"Street light L010475"},"type":"Feature"},{"geometry":{"coordinates":[-90.22075258766804,38.60594614996188],"type":"Point"},"id":"stl-city-public-streetlights:2:117751","properties":{"address":null,"attributes":{"Date_Installed":"6/9/2017","LED_Powered":1,"LightID":"L010476","Light_Source":"LED","Light_Type":"Cobra","Lighting_Type":"LED-Powered Lamp","Verification_Date":null},"id":"stl-city-public-streetlights:2:117751","sourceLayerId":2,"sourceObjectId":117751,"sourceURL":"https://maps8.stlouis-mo.gov/arcgis/rest/services/STREETS/Streets_Permitting/MapServer/2","title":"Street light L010476"},"type":"Feature"},{"geometry":{"coordinates":[-90.22023759408975,38.60615920747318],"type":"Point"},"id":"stl-city-public-streetlights:2:117752","properties":{"address":null,"attributes":{"Date_Installed":"6/9/2017","LED_Powered":1,"LightID":"L010477","Light_Source":"LED","Light_Type":"Cobra","Lighting_Type":"LED-Powered Lamp","Verification_Date":null},"id":"stl-city-public-streetlights:2:117752","sourceLayerId":2,"sourceObjectId":117752,"sourceURL":"https://maps8.stlouis-mo.gov/arcgis/rest/services/STREETS/Streets_Permitting/MapServer/2","title":"Street light L010477"},"type":"Feature"},{"geometry":{"coordinates":[-90.22608855079096,38.60390436104794],"type":"Point"},"id":"stl-city-public-streetlights:2:117766","properties":{"address":null,"attributes":{"Date_Installed":"9/15/2017","LED_Powered":1,"LightID":"L010491","Light_Source":"LED","Light_Type":"Cobra","Lighting_Type":"LED-Powered Lamp","Verification_Date":null},"id":"stl-city-public-streetlights:2:117766","sourceLayerId":2,"sourceObjectId":117766,"sourceURL":"https://maps8.stlouis-mo.gov/arcgis/rest/services/STREETS/Streets_Permitting/MapServer/2","title":"Street light L010491"},"type":"Feature"},{"geometry":{"coordinates":[-90.2265258619916,38.604029141475166],"type":"Point"},"id":"stl-city-public-streetlights:2:117767","properties":{"address":null,"attributes":{"Date_Installed":"9/15/2017","LED_Powered":1,"LightID":"L010492","Light_Source":"LED","Light_Type":"Cobra","Lighting_Type":"LED-Powered Lamp","Verification_Date":null},"id":"stl-city-public-streetlights:2:117767","sourceLayerId":2,"sourceObjectId":117767,"sourceURL":"https://maps8.stlouis-mo.gov/arcgis/rest/services/STREETS/Streets_Permitting/MapServer/2","title":"Street light L010492"},"type":"Feature"},{"geometry":{"coordinates":[-90.22712406539497,38.60419786819992],"type":"Point"},"id":"stl-city-public-streetlights:2:117768","properties":{"address":null,"attributes":{"Date_Installed":"9/15/2017","LED_Powered":1,"LightID":"L010493","Light_Source":"LED","Light_Type":"Cobra","Lighting_Type":"LED-Powered Lamp","Verification_Date":null},"id":"stl-city-public-streetlights:2:117768","sourceLayerId":2,"sourceObjectId":117768,"sourceURL":"https://maps8.stlouis-mo.gov/arcgis/rest/services/STREETS/Streets_Permitting/MapServer/2","title":"Street light L010493"},"type":"Feature"},{"geometry":{"coordinates":[-90.2276126333836,38.60432867484039],"type":"Point"},"id":"stl-city-public-streetlights:2:117769","properties":{"address":null,"attributes":{"Date_Installed":"9/15/2017","LED_Powered":1,"LightID":"L010494","Light_Source":"LED","Light_Type":"Cobra","Lighting_Type":"LED-Powered Lamp","Verification_Date":null},"id":"stl-city-public-streetlights:2:117769","sourceLayerId":2,"sourceObjectId":117769,"sourceURL":"https://maps8.stlouis-mo.gov/arcgis/rest/services/STREETS/Streets_Permitting/MapServer/2","title":"Street light L010494"},"type":"Feature"},{"geometry":{"coordinates":[-90.2270951648781,38.603519663321585],"type":"Point"},"id":"stl-city-public-streetlights:2:117770","properties":{"address":null,"attributes":{"Date_Installed":null,"LED_Powered":0,"LightID":"L010495","Light_Source":"LED","Light_Type":"Cobra","Lighting_Type":"LED-Powered Lamp","Verification_Date":null},"id":"stl-city-public-streetlights:2:117770","sourceLayerId":2,"sourceObjectId":117770,"sourceURL":"https://maps8.stlouis-mo.gov/arcgis/rest/services/STREETS/Streets_Permitting/MapServer/2","title":"Street light L010495"},"type":"Feature"},{"geometry":{"coordinates":[-90.22760594924083,38.60366506224247],"type":"Point"},"id":"stl-city-public-streetlights:2:117771","properties":{"address":null,"attributes":{"Date_Installed":null,"LED_Powered":0,"LightID":"L010496","Light_Source":"LED","Light_Type":"Cobra","Lighting_Type":"LED-Powered Lamp","Verification_Date":null},"id":"stl-city-public-streetlights:2:117771","sourceLayerId":2,"sourceObjectId":117771,"sourceURL":"https://maps8.stlouis-mo.gov/arcgis/rest/services/STREETS/Streets_Permitting/MapServer/2","title":"Street light L010496"},"type":"Feature"},{"geometry":{"coordinates":[-90.22807343127288,38.60295279771135],"type":"Point"},"id":"stl-city-public-streetlights:2:117772","properties":{"address":null,"attributes":{"Date_Installed":null,"LED_Powered":0,"LightID":"L010497","Light_Source":"LED","Light_Type":"Cobra","Lighting_Type":"LED-Powered Lamp","Verification_Date":null},"id":"stl-city-public-streetlights:2:117772","sourceLayerId":2,"sourceObjectId":117772,"sourceURL":"https://maps8.stlouis-mo.gov/arcgis/rest/services/STREETS/Streets_Permitting/MapServer/2","title":"Street light L010497"},"type":"Feature"},{"geometry":{"coordinates":[-90.22300036916597,38.60445806004715],"type":"Point"},"id":"stl-city-public-streetlights:2:117773","properties":{"address":null,"attributes":{"Date_Installed":"6/15/2017","LED_Powered":1,"LightID":"L010498","Light_Source":"LED","Light_Type":"Cobra","Lighting_Type":"LED-Powered Lamp","Verification_Date":null},"id":"stl-city-public-streetlights:2:117773","sourceLayerId":2,"sourceObjectId":117773,"sourceURL":"https://maps8.stlouis-mo.gov/arcgis/rest/services/STREETS/Streets_Permitting/MapServer/2","title":"Street light L010498"},"type":"Feature"},{"geometry":{"coordinates":[-90.22304435179632,38.60426380430849],"type":"Point"},"id":"stl-city-public-streetlights:2:117774","properties":{"address":null,"attributes":{"Date_Installed":"6/15/2017","LED_Powered":1,"LightID":"L010499","Light_Source":"LED","Light_Type":"Cobra","Lighting_Type":"LED-Powered Lamp","Verification_Date":null},"id":"stl-city-public-streetlights:2:117774","sourceLayerId":2,"sourceObjectId":117774,"sourceURL":"https://maps8.stlouis-mo.gov/arcgis/rest/services/STREETS/Streets_Permitting/MapServer/2","title":"Street light L010499"},"type":"Feature"},{"geometry":{"coordinates":[-90.22309586038321,38.60398218140388],"type":"Point"},"id":"stl-city-public-streetlights:2:117775","properties":{"address":null,"attributes":{"Date_Installed":"6/15/2017","LED_Powered":1,"LightID":"L010500","Light_Source":"LED","Light_Type":"Cobra","Lighting_Type":"LED-Powered Lamp","Verification_Date":null},"id":"stl-city-public-streetlights:2:117775","sourceLayerId":2,"sourceObjectId":117775,"sourceURL":"https://maps8.stlouis-mo.gov/arcgis/rest/services/STREETS/Streets_Permitting/MapServer/2","title":"Street light L010500"},"type":"Feature"},{"geometry":{"coordinates":[-90.22313917471178,38.60377705474084],"type":"Point"},"id":"stl-city-public-streetlights:2:117776","properties":{"address":null,"attributes":{"Date_Installed":"6/15/2017","LED_Powered":1,"LightID":"L010501","Light_Source":"LED","Light_Type":"Cobra","Lighting_Type":"LED-Powered Lamp","Verification_Date":null},"id":"stl-city-public-streetlights:2:117776","sourceLayerId":2,"sourceObjectId":117776,"sourceURL":"https://maps8.stlouis-mo.gov/arcgis/rest/services/STREETS/Streets_Permitting/MapServer/2","title":"Street light L010501"},"type":"Feature"},{"geometry":{"coordinates":[-90.22323813889436,38.6033189182475],"type":"Point"},"id":"stl-city-public-streetlights:2:117777","properties":{"address":null,"attributes":{"Date_Installed":"6/15/2017","LED_Powered":1,"LightID":"L010502","Light_Source":"LED","Light_Type":"Cobra","Lighting_Type":"LED-Powered Lamp","Verification_Date":null},"id":"stl-city-public-streetlights:2:117777","sourceLayerId":2,"sourceObjectId":117777,"sourceURL":"https://maps8.stlouis-mo.gov/arcgis/rest/services/STREETS/Streets_Permitting/MapServer/2","title":"Street light L010502"},"type":"Feature"},{"geometry":{"coordinates":[-90.22334338847116,38.60280549688227],"type":"Point"},"id":"stl-city-public-streetlights:2:117778","properties":{"address":null,"attributes":{"Date_Installed":"6/15/2017","LED_Powered":1,"LightID":"L010503","Light_Source":"LED","Light_Type":"Cobra","Lighting_Type":"LED-Powered Lamp","Verification_Date":null},"id":"stl-city-public-streetlights:2:117778","sourceLayerId":2,"sourceObjectId":117778,"sourceURL":"https://maps8.stlouis-mo.gov/arcgis/rest/services/STREETS/Streets_Permitting/MapServer/2","title":"Street light L010503"},"type":"Feature"},{"geometry":{"coordinates":[-90.2234393300871,38.60234270527828],"type":"Point"},"id":"stl-city-public-streetlights:2:117779","properties":{"address":null,"attributes":{"Date_Installed":"6/15/2017","LED_Powered":1,"LightID":"L010504","Light_Source":"LED","Light_Type":"Cobra","Lighting_Type":"LED-Powered Lamp","Verification_Date":null},"id":"stl-city-public-streetlights:2:117779","sourceLayerId":2,"sourceObjectId":117779,"sourceURL":"https://maps8.stlouis-mo.gov/arcgis/rest/services/STREETS/Streets_Permitting/MapServer/2","title":"Street light L010504"},"type":"Feature"},{"geometry":{"coordinates":[-90.22352535156136,38.60185590470126],"type":"Point"},"id":"stl-city-public-streetlights:2:117780","properties":{"address":null,"attributes":{"Date_Installed":"6/15/2017","LED_Powered":1,"LightID":"L010505","Light_Source":"LED","Light_Type":"Cobra","Lighting_Type":"LED-Powered Lamp","Verification_Date":null},"id":"stl-city-public-streetlights:2:117780","sourceLayerId":2,"sourceObjectId":117780,"sourceURL":"https://maps8.stlouis-mo.gov/arcgis/rest/services/STREETS/Streets_Permitting/MapServer/2","title":"Street light L010505"},"type":"Feature"},{"geometry":{"coordinates":[-90.22363847938597,38.601386181431515],"type":"Point"},"id":"stl-city-public-streetlights:2:117781","properties":{"address":null,"attributes":{"Date_Installed":"6/15/2017","LED_Powered":1,"LightID":"L010506","Light_Source":"LED","Light_Type":"Cobra","Lighting_Type":"LED-Powered Lamp","Verification_Date":null},"id":"stl-city-public-streetlights:2:117781","sourceLayerId":2,"sourceObjectId":117781,"sourceURL":"https://maps8.stlouis-mo.gov/arcgis/rest/services/STREETS/Streets_Permitting/MapServer/2","title":"Street light L010506"},"type":"Feature"},{"geometry":{"coordinates":[-90.22374893956021,38.60085906561458],"type":"Point"},"id":"stl-city-public-streetlights:2:117782","properties":{"address":null,"attributes":{"Date_Installed":"2020-01-24","LED_Powered":1,"LightID":"L010507","Light_Source":"LED","Light_Type":"Cobra","Lighting_Type":"5G Pole - 5G Pole -5G Pole - 1A","Verification_Date":null},"id":"stl-city-public-streetlights:2:117782","sourceLayerId":2,"sourceObjectId":117782,"sourceURL":"https://maps8.stlouis-mo.gov/arcgis/rest/services/STREETS/Streets_Permitting/MapServer/2","title":"Street light L010507"},"type":"Feature"},{"geometry":{"coordinates":[-90.22385564926024,38.600359352324205],"type":"Point"},"id":"stl-city-public-streetlights:2:117783","properties":{"address":null,"attributes":{"Date_Installed":"6/15/2017","LED_Powered":1,"LightID":"L010508","Light_Source":"LED","Light_Type":"Cobra","Lighting_Type":"LED-Powered Lamp","Verification_Date":null},"id":"stl-city-public-streetlights:2:117783","sourceLayerId":2,"sourceObjectId":117783,"sourceURL":"https://maps8.stlouis-mo.gov/arcgis/rest/services/STREETS/Streets_Permitting/MapServer/2","title":"Street light L010508"},"type":"Feature"},{"geometry":{"coordinates":[-90.22135085977979,38.604391819248335],"type":"Point"},"id":"stl-city-public-streetlights:2:117787","properties":{"address":null,"attributes":{"Date_Installed":null,"LED_Powered":0,"LightID":"L010512","Light_Source":"LED","Light_Type":"Cobra","Lighting_Type":"LED-Powered Lamp","Verification_Date":null},"id":"stl-city-public-streetlights:2:117787","sourceLayerId":2,"sourceObjectId":117787,"sourceURL":"https://maps8.stlouis-mo.gov/arcgis/rest/services/STREETS/Streets_Permitting/MapServer/2","title":"Street light L010512"},"type":"Feature"},{"geometry":{"coordinates":[-90.22150899433284,38.60403179291201],"type":"Point"},"id":"stl-city-public-streetlights:2:117788","properties":{"address":null,"attributes":{"Date_Installed":null,"LED_Powered":0,"LightID":"L010513","Light_Source":"LED","Light_Type":"Cobra","Lighting_Type":"LED-Powered Lamp","Verification_Date":null},"id":"stl-city-public-streetlights:2:117788","sourceLayerId":2,"sourceObjectId":117788,"sourceURL":"https://maps8.stlouis-mo.gov/arcgis/rest/services/STREETS/Streets_Permitting/MapServer/2","title":"Street light L010513"},"type":"Feature"},{"geometry":{"coordinates":[-90.22166710244011,38.603678201363365],"type":"Point"},"id":"stl-city-public-streetlights:2:117789","properties":{"address":null,"attributes":{"Date_Installed":null,"LED_Powered":0,"LightID":"L010514","Light_Source":"LED","Light_Type":"Cobra","Lighting_Type":"LED-Powered Lamp","Verification_Date":null},"id":"stl-city-public-streetlights:2:117789","sourceLayerId":2,"sourceObjectId":117789,"sourceURL":"https://maps8.stlouis-mo.gov/arcgis/rest/services/STREETS/Streets_Permitting/MapServer/2","title":"Street light L010514"},"type":"Feature"},{"geometry":{"coordinates":[-90.2218233787295,38.60332675025296],"type":"Point"},"id":"stl-city-public-streetlights:2:117790","properties":{"address":null,"attributes":{"Date_Installed":null,"LED_Powered":0,"LightID":"L010515","Light_Source":"LED","Light_Type":"Cobra","Lighting_Type":"LED-Powered Lamp","Verification_Date":null},"id":"stl-city-public-streetlights:2:117790","sourceLayerId":2,"sourceObjectId":117790,"sourceURL":"https://maps8.stlouis-mo.gov/arcgis/rest/services/STREETS/Streets_Permitting/MapServer/2","title":"Street light L010515"},"type":"Feature"},{"geometry":{"coordinates":[-90.22198585231254,38.60297459832323],"type":"Point"},"id":"stl-city-public-streetlights:2:117791","properties":{"address":null,"attributes":{"Date_Installed":null,"LED_Powered":0,"LightID":"L010516","Light_Source":"LED","Light_Type":"Cobra","Lighting_Type":"LED-Powered Lamp","Verification_Date":null},"id":"stl-city-public-streetlights:2:117791","sourceLayerId":2,"sourceObjectId":117791,"sourceURL":"https://maps8.stlouis-mo.gov/arcgis/rest/services/STREETS/Streets_Permitting/MapServer/2","title":"Street light L010516"},"type":"Feature"},{"geometry":{"coordinates":[-90.22221368090858,38.602578743946985],"type":"Point"},"id":"stl-city-public-streetlights:2:117792","properties":{"address":null,"attributes":{"Date_Installed":"3/17/20","LED_Powered":1,"LightID":"L010517","Light_Source":"LED","Light_Type":"Cobra","Lighting_Type":"LED-Powered Lamp","Verification_Date":null},"id":"stl-city-public-streetlights:2:117792","sourceLayerId":2,"sourceObjectId":117792,"sourceURL":"https://maps8.stlouis-mo.gov/arcgis/rest/services/STREETS/Streets_Permitting/MapServer/2","title":"Street light L010517"},"type":"Feature"},{"geometry":{"coordinates":[-90.22228823766,38.60222829002085],"type":"Point"},"id":"stl-city-public-streetlights:2:117793","properties":{"address":null,"attributes":{"Date_Installed":"3/17/20","LED_Powered":1,"LightID":"L010518","Light_Source":"LED","Light_Type":"Cobra","Lighting_Type":"LED-Powered Lamp","Verification_Date":null},"id":"stl-city-public-streetlights:2:117793","sourceLayerId":2,"sourceObjectId":117793,"sourceURL":"https://maps8.stlouis-mo.gov/arcgis/rest/services/STREETS/Streets_Permitting/MapServer/2","title":"Street light L010518"},"type":"Feature"},{"geometry":{"coordinates":[-90.2223661783242,38.60186616395375],"type":"Point"},"id":"stl-city-public-streetlights:2:117794","properties":{"address":null,"attributes":{"Date_Installed":"3/17/20","LED_Powered":1,"LightID":"L010519","Light_Source":"LED","Light_Type":"Cobra","Lighting_Type":"LED-Powered Lamp","Verification_Date":null},"id":"stl-city-public-streetlights:2:117794","sourceLayerId":2,"sourceObjectId":117794,"sourceURL":"https://maps8.stlouis-mo.gov/arcgis/rest/services/STREETS/Streets_Permitting/MapServer/2","title":"Street light L010519"},"type":"Feature"},{"geometry":{"coordinates":[-90.22243290283576,38.60151807507691],"type":"Point"},"id":"stl-city-public-streetlights:2:117795","properties":{"address":null,"attributes":{"Date_Installed":"3/17/20","LED_Powered":1,"LightID":"L010520","Light_Source":"LED","Light_Type":"Cobra","Lighting_Type":"LED-Powered Lamp","Verification_Date":null},"id":"stl-city-public-streetlights:2:117795","sourceLayerId":2,"sourceObjectId":117795,"sourceURL":"https://maps8.stlouis-mo.gov/arcgis/rest/services/STREETS/Streets_Permitting/MapServer/2","title":"Street light L010520"},"type":"Feature"},{"geometry":{"coordinates":[-90.2225046178787,38.60117547991879],"type":"Point"},"id":"stl-city-public-streetlights:2:117796","properties":{"address":null,"attributes":{"Date_Installed":"3/17/20","LED_Powered":1,"LightID":"L010521","Light_Source":"LED","Light_Type":"Cobra","Lighting_Type":"LED-Powered Lamp","Verification_Date":null},"id":"stl-city-public-streetlights:2:117796","sourceLayerId":2,"sourceObjectId":117796,"sourceURL":"https://maps8.stlouis-mo.gov/arcgis/rest/services/STREETS/Streets_Permitting/MapServer/2","title":"Street light L010521"},"type":"Feature"},{"geometry":{"coordinates":[-90.2225697443905,38.60082762586901],"type":"Point"},"id":"stl-city-public-streetlights:2:117797","properties":{"address":null,"attributes":{"Date_Installed":"3/17/20","LED_Powered":1,"LightID":"L010522","Light_Source":"LED","Light_Type":"Cobra","Lighting_Type":"LED-Powered Lamp","Verification_Date":null},"id":"stl-city-public-streetlights:2:117797","sourceLayerId":2,"sourceObjectId":117797,"sourceURL":"https://maps8.stlouis-mo.gov/arcgis/rest/services/STREETS/Streets_Permitting/MapServer/2","title":"Street light L010522"},"type":"Feature"},{"geometry":{"coordinates":[-90.22264197237006,38.60048145704948],"type":"Point"},"id":"stl-city-public-streetlights:2:117798","properties":{"address":null,"attributes":{"Date_Installed":"3/17/20","LED_Powered":1,"LightID":"L010523","Light_Source":"LED","Light_Type":"Cobra","Lighting_Type":"LED-Powered Lamp","Verification_Date":null},"id":"stl-city-public-streetlights:2:117798","sourceLayerId":2,"sourceObjectId":117798,"sourceURL":"https://maps8.stlouis-mo.gov/arcgis/rest/services/STREETS/Streets_Permitting/MapServer/2","title":"Street light L010523"},"type":"Feature"},{"geometry":{"coordinates":[-90.22272202557753,38.6001221959804],"type":"Point"},"id":"stl-city-public-streetlights:2:117799","properties":{"address":null,"attributes":{"Date_Installed":"3/17/20","LED_Powered":1,"LightID":"L010524","Light_Source":"LED","Light_Type":"Cobra","Lighting_Type":"LED-Powered Lamp","Verification_Date":null},"id":"stl-city-public-streetlights:2:117799","sourceLayerId":2,"sourceObjectId":117799,"sourceURL":"https://maps8.stlouis-mo.gov/arcgis/rest/services/STREETS/Streets_Permitting/MapServer/2","title":"Street light L010524"},"type":"Feature"},{"geometry":{"coordinates":[-90.22155770891199,38.60025887387935],"type":"Point"},"id":"stl-city-public-streetlights:2:117809","properties":{"address":null,"attributes":{"Date_Installed":"3/17/20","LED_Powered":1,"LightID":"L010534","Light_Source":"LED","Light_Type":"Cobra","Lighting_Type":"LED-Powered Lamp","Verification_Date":null},"id":"stl-city-public-streetlights:2:117809","sourceLayerId":2,"sourceObjectId":117809,"sourceURL":"https://maps8.stlouis-mo.gov/arcgis/rest/services/STREETS/Streets_Permitting/MapServer/2","title":"Street light L010534"},"type":"Feature"},{"geometry":{"coordinates":[-90.22149966170527,38.60054188611742],"type":"Point"},"id":"stl-city-public-streetlights:2:117810","properties":{"address":null,"attributes":{"Date_Installed":"3/17/20","LED_Powered":1,"LightID":"L010535","Light_Source":"LED","Light_Type":"Cobra","Lighting_Type":"LED-Powered Lamp","Verification_Date":null},"id":"stl-city-public-streetlights:2:117810","sourceLayerId":2,"sourceObjectId":117810,"sourceURL":"https://maps8.stlouis-mo.gov/arcgis/rest/services/STREETS/Streets_Permitting/MapServer/2","title":"Street light L010535"},"type":"Feature"},{"geometry":{"coordinates":[-90.221428582724,38.60088815245064],"type":"Point"},"id":"stl-city-public-streetlights:2:117811","properties":{"address":null,"attributes":{"Date_Installed":"3/17/20","LED_Powered":1,"LightID":"L010536","Light_Source":"LED","Light_Type":"Cobra","Lighting_Type":"LED-Powered Lamp","Verification_Date":null},"id":"stl-city-public-streetlights:2:117811","sourceLayerId":2,"sourceObjectId":117811,"sourceURL":"https://maps8.stlouis-mo.gov/arcgis/rest/services/STREETS/Streets_Permitting/MapServer/2","title":"Street light L010536"},"type":"Feature"},{"geometry":{"coordinates":[-90.22136163126497,38.6012350483624],"type":"Point"},"id":"stl-city-public-streetlights:2:117812","properties":{"address":null,"attributes":{"Date_Installed":"3/17/20","LED_Powered":1,"LightID":"L010537","Light_Source":"LED","Light_Type":"Cobra","Lighting_Type":"LED-Powered Lamp","Verification_Date":null},"id":"stl-city-public-streetlights:2:117812","sourceLayerId":2,"sourceObjectId":117812,"sourceURL":"https://maps8.stlouis-mo.gov/arcgis/rest/services/STREETS/Streets_Permitting/MapServer/2","title":"Street light L010537"},"type":"Feature"},{"geometry":{"coordinates":[-90.22128490710871,38.601595269496734],"type":"Point"},"id":"stl-city-public-streetlights:2:117813","properties":{"address":null,"attributes":{"Date_Installed":"3/17/20","LED_Powered":1,"LightID":"L010538","Light_Source":"LED","Light_Type":"Cobra","Lighting_Type":"LED-Powered Lamp","Verification_Date":null},"id":"stl-city-public-streetlights:2:117813","sourceLayerId":2,"sourceObjectId":117813,"sourceURL":"https://maps8.stlouis-mo.gov/arcgis/rest/services/STREETS/Streets_Permitting/MapServer/2","title":"Street light L010538"},"type":"Feature"},{"geometry":{"coordinates":[-90.22121303445925,38.60195740840814],"type":"Point"},"id":"stl-city-public-streetlights:2:117814","properties":{"address":null,"attributes":{"Date_Installed":"3/17/20","LED_Powered":1,"LightID":"L010539","Light_Source":"LED","Light_Type":"Cobra","Lighting_Type":"LED-Powered Lamp","Verification_Date":null},"id":"stl-city-public-streetlights:2:117814","sourceLayerId":2,"sourceObjectId":117814,"sourceURL":"https://maps8.stlouis-mo.gov/arcgis/rest/services/STREETS/Streets_Permitting/MapServer/2","title":"Street light L010539"},"type":"Feature"},{"geometry":{"coordinates":[-90.22113397543312,38.60229283391837],"type":"Point"},"id":"stl-city-public-streetlights:2:117815","properties":{"address":null,"attributes":{"Date_Installed":"3/17/20","LED_Powered":1,"LightID":"L010540","Light_Source":"LED","Light_Type":"Cobra","Lighting_Type":"LED-Powered Lamp","Verification_Date":null},"id":"stl-city-public-streetlights:2:117815","sourceLayerId":2,"sourceObjectId":117815,"sourceURL":"https://maps8.stlouis-mo.gov/arcgis/rest/services/STREETS/Streets_Permitting/MapServer/2","title":"Street light L010540"},"type":"Feature"},{"geometry":{"coordinates":[-90.22084836042237,38.60262776772635],"type":"Point"},"id":"stl-city-public-streetlights:2:117816","properties":{"address":null,"attributes":{"Date_Installed":null,"LED_Powered":0,"LightID":"L010541","Light_Source":"LED","Light_Type":"Cobra","Lighting_Type":"LED-Powered Lamp","Verification_Date":null},"id":"stl-city-public-streetlights:2:117816","sourceLayerId":2,"sourceObjectId":117816,"sourceURL":"https://maps8.stlouis-mo.gov/arcgis/rest/services/STREETS/Streets_Permitting/MapServer/2","title":"Street light L010541"},"type":"Feature"},{"geometry":{"coordinates":[-90.22069390773562,38.60297826787739],"type":"Point"},"id":"stl-city-public-streetlights:2:117817","properties":{"address":null,"attributes":{"Date_Installed":null,"LED_Powered":0,"LightID":"L010542","Light_Source":"LED","Light_Type":"Cobra","Lighting_Type":"LED-Powered Lamp","Verification_Date":null},"id":"stl-city-public-streetlights:2:117817","sourceLayerId":2,"sourceObjectId":117817,"sourceURL":"https://maps8.stlouis-mo.gov/arcgis/rest/services/STREETS/Streets_Permitting/MapServer/2","title":"Street light L010542"},"type":"Feature"},{"geometry":{"coordinates":[-90.22054303947444,38.6033440321072],"type":"Point"},"id":"stl-city-public-streetlights:2:117818","properties":{"address":null,"attributes":{"Date_Installed":null,"LED_Powered":0,"LightID":"L010543","Light_Source":"LED","Light_Type":"Cobra","Lighting_Type":"LED-Powered Lamp","Verification_Date":null},"id":"stl-city-public-streetlights:2:117818","sourceLayerId":2,"sourceObjectId":117818,"sourceURL":"https://maps8.stlouis-mo.gov/arcgis/rest/services/STREETS/Streets_Permitting/MapServer/2","title":"Street light L010543"},"type":"Feature"},{"geometry":{"coordinates":[-90.22038126206162,38.60370261875254],"type":"Point"},"id":"stl-city-public-streetlights:2:117819","properties":{"address":null,"attributes":{"Date_Installed":null,"LED_Powered":0,"LightID":"L010544","Light_Source":"LED","Light_Type":"Cobra","Lighting_Type":"LED-Powered Lamp","Verification_Date":null},"id":"stl-city-public-streetlights:2:117819","sourceLayerId":2,"sourceObjectId":117819,"sourceURL":"https://maps8.stlouis-mo.gov/arcgis/rest/services/STREETS/Streets_Permitting/MapServer/2","title":"Street light L010544"},"type":"Feature"},{"geometry":{"coordinates":[-90.22021764878042,38.604064061100296],"type":"Point"},"id":"stl-city-public-streetlights:2:117820","properties":{"address":null,"attributes":{"Date_Installed":null,"LED_Powered":0,"LightID":"L010545","Light_Source":"LED","Light_Type":"Cobra","Lighting_Type":"LED-Powered Lamp","Verification_Date":null},"id":"stl-city-public-streetlights:2:117820","sourceLayerId":2,"sourceObjectId":117820,"sourceURL":"https://maps8.stlouis-mo.gov/arcgis/rest/services/STREETS/Streets_Permitting/MapServer/2","title":"Street light L010545"},"type":"Feature"},{"geometry":{"coordinates":[-90.2200571298679,38.609738368913575],"type":"Point"},"id":"stl-city-public-streetlights:2:118783","properties":{"address":null,"attributes":{"Date_Installed":null,"LED_Powered":0,"LightID":"L011508","Light_Source":"LED","Light_Type":"Cobra","Lighting_Type":"LED-Powered Lamp","Verification_Date":null},"id":"stl-city-public-streetlights:2:118783","sourceLayerId":2,"sourceObjectId":118783,"sourceURL":"https://maps8.stlouis-mo.gov/arcgis/rest/services/STREETS/Streets_Permitting/MapServer/2","title":"Street light L011508"},"type":"Feature"},{"geometry":{"coordinates":[-90.2200690333921,38.607519057730414],"type":"Point"},"id":"stl-city-public-streetlights:2:118790","properties":{"address":null,"attributes":{"Date_Installed":null,"LED_Powered":0,"LightID":"L011515","Light_Source":"LED","Light_Type":"Cobra","Lighting_Type":"LED-Powered Lamp","Verification_Date":null},"id":"stl-city-public-streetlights:2:118790","sourceLayerId":2,"sourceObjectId":118790,"sourceURL":"https://maps8.stlouis-mo.gov/arcgis/rest/services/STREETS/Streets_Permitting/MapServer/2","title":"Street light L011515"},"type":"Feature"},{"geometry":{"coordinates":[-90.22081822675692,38.609577553390885],"type":"Point"},"id":"stl-city-public-streetlights:2:118796","properties":{"address":null,"attributes":{"Date_Installed":null,"LED_Powered":0,"LightID":"L011521","Light_Source":"LED","Light_Type":"Cobra","Lighting_Type":"LED-Powered Lamp","Verification_Date":null},"id":"stl-city-public-streetlights:2:118796","sourceLayerId":2,"sourceObjectId":118796,"sourceURL":"https://maps8.stlouis-mo.gov/arcgis/rest/services/STREETS/Streets_Permitting/MapServer/2","title":"Street light L011521"},"type":"Feature"},{"geometry":{"coordinates":[-90.22087871177973,38.60925590843382],"type":"Point"},"id":"stl-city-public-streetlights:2:118797","properties":{"address":null,"attributes":{"Date_Installed":null,"LED_Powered":0,"LightID":"L011522","Light_Source":"LED","Light_Type":"Cobra","Lighting_Type":"LED-Powered Lamp","Verification_Date":null},"id":"stl-city-public-streetlights:2:118797","sourceLayerId":2,"sourceObjectId":118797,"sourceURL":"https://maps8.stlouis-mo.gov/arcgis/rest/services/STREETS/Streets_Permitting/MapServer/2","title":"Street light L011522"},"type":"Feature"},{"geometry":{"coordinates":[-90.22094933986678,38.60890354011751],"type":"Point"},"id":"stl-city-public-streetlights:2:118798","properties":{"address":null,"attributes":{"Date_Installed":null,"LED_Powered":0,"LightID":"L011523","Light_Source":"LED","Light_Type":"Cobra","Lighting_Type":"LED-Powered Lamp","Verification_Date":null},"id":"stl-city-public-streetlights:2:118798","sourceLayerId":2,"sourceObjectId":118798,"sourceURL":"https://maps8.stlouis-mo.gov/arcgis/rest/services/STREETS/Streets_Permitting/MapServer/2","title":"Street light L011523"},"type":"Feature"},{"geometry":{"coordinates":[-90.22100882462595,38.608604776268066],"type":"Point"},"id":"stl-city-public-streetlights:2:118799","properties":{"address":null,"attributes":{"Date_Installed":null,"LED_Powered":0,"LightID":"L011524","Light_Source":"LED","Light_Type":"Cobra","Lighting_Type":"LED-Powered Lamp","Verification_Date":null},"id":"stl-city-public-streetlights:2:118799","sourceLayerId":2,"sourceObjectId":118799,"sourceURL":"https://maps8.stlouis-mo.gov/arcgis/rest/services/STREETS/Streets_Permitting/MapServer/2","title":"Street light L011524"},"type":"Feature"},{"geometry":{"coordinates":[-90.22107752020504,38.60828029129047],"type":"Point"},"id":"stl-city-public-streetlights:2:118800","properties":{"address":null,"attributes":{"Date_Installed":null,"LED_Powered":0,"LightID":"L011525","Light_Source":"LED","Light_Type":"Cobra","Lighting_Type":"LED-Powered Lamp","Verification_Date":null},"id":"stl-city-public-streetlights:2:118800","sourceLayerId":2,"sourceObjectId":118800,"sourceURL":"https://maps8.stlouis-mo.gov/arcgis/rest/services/STREETS/Streets_Permitting/MapServer/2","title":"Street light L011525"},"type":"Feature"},{"geometry":{"coordinates":[-90.2211352028061,38.60797580147204],"type":"Point"},"id":"stl-city-public-streetlights:2:118801","properties":{"address":null,"attributes":{"Date_Installed":null,"LED_Powered":0,"LightID":"L011526","Light_Source":"LED","Light_Type":"Cobra","Lighting_Type":"LED-Powered Lamp","Verification_Date":null},"id":"stl-city-public-streetlights:2:118801","sourceLayerId":2,"sourceObjectId":118801,"sourceURL":"https://maps8.stlouis-mo.gov/arcgis/rest/services/STREETS/Streets_Permitting/MapServer/2","title":"Street light L011526"},"type":"Feature"},{"geometry":{"coordinates":[-90.22121127638182,38.607628451259366],"type":"Point"},"id":"stl-city-public-streetlights:2:118802","properties":{"address":null,"attributes":{"Date_Installed":null,"LED_Powered":0,"LightID":"L011527","Light_Source":"LED","Light_Type":"Cobra","Lighting_Type":"LED-Powered Lamp","Verification_Date":null},"id":"stl-city-public-streetlights:2:118802","sourceLayerId":2,"sourceObjectId":118802,"sourceURL":"https://maps8.stlouis-mo.gov/arcgis/rest/services/STREETS/Streets_Permitting/MapServer/2","title":"Street light L011527"},"type":"Feature"},{"geometry":{"coordinates":[-90.22129640056926,38.60729756924876],"type":"Point"},"id":"stl-city-public-streetlights:2:118803","properties":{"address":null,"attributes":{"Date_Installed":null,"LED_Powered":0,"LightID":"L011528","Light_Source":"LED","Light_Type":"Cobra","Lighting_Type":"LED-Powered Lamp","Verification_Date":null},"id":"stl-city-public-streetlights:2:118803","sourceLayerId":2,"sourceObjectId":118803,"sourceURL":"https://maps8.stlouis-mo.gov/arcgis/rest/services/STREETS/Streets_Permitting/MapServer/2","title":"Street light L011528"},"type":"Feature"},{"geometry":{"coordinates":[-90.22138000101215,38.606888739091],"type":"Point"},"id":"stl-city-public-streetlights:2:118804","properties":{"address":null,"attributes":{"Date_Installed":null,"LED_Powered":0,"LightID":"L011529","Light_Source":"LED","Light_Type":"Cobra","Lighting_Type":"LED-Powered Lamp","Verification_Date":null},"id":"stl-city-public-streetlights:2:118804","sourceLayerId":2,"sourceObjectId":118804,"sourceURL":"https://maps8.stlouis-mo.gov/arcgis/rest/services/STREETS/Streets_Permitting/MapServer/2","title":"Street light L011529"},"type":"Feature"},{"geometry":{"coordinates":[-90.22145995084976,38.60648133077409],"type":"Point"},"id":"stl-city-public-streetlights:2:118805","properties":{"address":null,"attributes":{"Date_Installed":null,"LED_Powered":0,"LightID":"L011530","Light_Source":"LED","Light_Type":"Cobra","Lighting_Type":"LED-Powered Lamp","Verification_Date":null},"id":"stl-city-public-streetlights:2:118805","sourceLayerId":2,"sourceObjectId":118805,"sourceURL":"https://maps8.stlouis-mo.gov/arcgis/rest/services/STREETS/Streets_Permitting/MapServer/2","title":"Street light L011530"},"type":"Feature"},{"geometry":{"coordinates":[-90.22155076249314,38.60609253996805],"type":"Point"},"id":"stl-city-public-streetlights:2:118806","properties":{"address":null,"attributes":{"Date_Installed":null,"LED_Powered":0,"LightID":"L011531","Light_Source":"LED","Light_Type":"Cobra","Lighting_Type":"LED-Powered Lamp","Verification_Date":null},"id":"stl-city-public-streetlights:2:118806","sourceLayerId":2,"sourceObjectId":118806,"sourceURL":"https://maps8.stlouis-mo.gov/arcgis/rest/services/STREETS/Streets_Permitting/MapServer/2","title":"Street light L011531"},"type":"Feature"},{"geometry":{"coordinates":[-90.22274090726526,38.60566587624785],"type":"Point"},"id":"stl-city-public-streetlights:2:118807","properties":{"address":null,"attributes":{"Date_Installed":"6/15/2017","LED_Powered":1,"LightID":"L011532","Light_Source":"LED","Light_Type":"Cobra","Lighting_Type":"LED-Powered Lamp","Verification_Date":null},"id":"stl-city-public-streetlights:2:118807","sourceLayerId":2,"sourceObjectId":118807,"sourceURL":"https://maps8.stlouis-mo.gov/arcgis/rest/services/STREETS/Streets_Permitting/MapServer/2","title":"Street light L011532"},"type":"Feature"},{"geometry":{"coordinates":[-90.22267672911286,38.60602261155942],"type":"Point"},"id":"stl-city-public-streetlights:2:118808","properties":{"address":null,"attributes":{"Date_Installed":"6/15/2017","LED_Powered":1,"LightID":"L011533","Light_Source":"LED","Light_Type":"Cobra","Lighting_Type":"LED-Powered Lamp","Verification_Date":null},"id":"stl-city-public-streetlights:2:118808","sourceLayerId":2,"sourceObjectId":118808,"sourceURL":"https://maps8.stlouis-mo.gov/arcgis/rest/services/STREETS/Streets_Permitting/MapServer/2","title":"Street light L011533"},"type":"Feature"},{"geometry":{"coordinates":[-90.22260412411897,38.60636536298144],"type":"Point"},"id":"stl-city-public-streetlights:2:118809","properties":{"address":null,"attributes":{"Date_Installed":"6/15/2017","LED_Powered":1,"LightID":"L011534","Light_Source":"LED","Light_Type":"Cobra","Lighting_Type":"LED-Powered Lamp","Verification_Date":null},"id":"stl-city-public-streetlights:2:118809","sourceLayerId":2,"sourceObjectId":118809,"sourceURL":"https://maps8.stlouis-mo.gov/arcgis/rest/services/STREETS/Streets_Permitting/MapServer/2","title":"Street light L011534"},"type":"Feature"},{"geometry":{"coordinates":[-90.22250009240719,38.60687521059509],"type":"Point"},"id":"stl-city-public-streetlights:2:118810","properties":{"address":null,"attributes":{"Date_Installed":"6/15/2017","LED_Powered":1,"LightID":"L011535","Light_Source":"LED","Light_Type":"Cobra","Lighting_Type":"LED-Powered Lamp","Verification_Date":null},"id":"stl-city-public-streetlights:2:118810","sourceLayerId":2,"sourceObjectId":118810,"sourceURL":"https://maps8.stlouis-mo.gov/arcgis/rest/services/STREETS/Streets_Permitting/MapServer/2","title":"Street light L011535"},"type":"Feature"},{"geometry":{"coordinates":[-90.22240759968462,38.60732263548202],"type":"Point"},"id":"stl-city-public-streetlights:2:118811","properties":{"address":null,"attributes":{"Date_Installed":"6/15/2017","LED_Powered":1,"LightID":"L011536","Light_Source":"LED","Light_Type":"Cobra","Lighting_Type":"LED-Powered Lamp","Verification_Date":null},"id":"stl-city-public-streetlights:2:118811","sourceLayerId":2,"sourceObjectId":118811,"sourceURL":"https://maps8.stlouis-mo.gov/arcgis/rest/services/STREETS/Streets_Permitting/MapServer/2","title":"Street light L011536"},"type":"Feature"},{"geometry":{"coordinates":[-90.22231759954651,38.60776946978308],"type":"Point"},"id":"stl-city-public-streetlights:2:118812","properties":{"address":null,"attributes":{"Date_Installed":"6/15/2017","LED_Powered":1,"LightID":"L011537","Light_Source":"LED","Light_Type":"Cobra","Lighting_Type":"LED-Powered Lamp","Verification_Date":null},"id":"stl-city-public-streetlights:2:118812","sourceLayerId":2,"sourceObjectId":118812,"sourceURL":"https://maps8.stlouis-mo.gov/arcgis/rest/services/STREETS/Streets_Permitting/MapServer/2","title":"Street light L011537"},"type":"Feature"},{"geometry":{"coordinates":[-90.22222324958817,38.60820961983357],"type":"Point"},"id":"stl-city-public-streetlights:2:118813","properties":{"address":null,"attributes":{"Date_Installed":"6/15/2017","LED_Powered":1,"LightID":"L011538","Light_Source":"LED","Light_Type":"Cobra","Lighting_Type":"LED-Powered Lamp","Verification_Date":null},"id":"stl-city-public-streetlights:2:118813","sourceLayerId":2,"sourceObjectId":118813,"sourceURL":"https://maps8.stlouis-mo.gov/arcgis/rest/services/STREETS/Streets_Permitting/MapServer/2","title":"Street light L011538"},"type":"Feature"},{"geometry":{"coordinates":[-90.2221365118483,38.60864502031943],"type":"Point"},"id":"stl-city-public-streetlights:2:118814","properties":{"address":null,"attributes":{"Date_Installed":"6/15/2017","LED_Powered":1,"LightID":"L011539","Light_Source":"LED","Light_Type":"Cobra","Lighting_Type":"LED-Powered Lamp","Verification_Date":null},"id":"stl-city-public-streetlights:2:118814","sourceLayerId":2,"sourceObjectId":118814,"sourceURL":"https://maps8.stlouis-mo.gov/arcgis/rest/services/STREETS/Streets_Permitting/MapServer/2","title":"Street light L011539"},"type":"Feature"},{"geometry":{"coordinates":[-90.22204722285085,38.60911140178217],"type":"Point"},"id":"stl-city-public-streetlights:2:118815","properties":{"address":null,"attributes":{"Date_Installed":"6/15/2017","LED_Powered":1,"LightID":"L011540","Light_Source":"LED","Light_Type":"Cobra","Lighting_Type":"LED-Powered Lamp","Verification_Date":null},"id":"stl-city-public-streetlights:2:118815","sourceLayerId":2,"sourceObjectId":118815,"sourceURL":"https://maps8.stlouis-mo.gov/arcgis/rest/services/STREETS/Streets_Permitting/MapServer/2","title":"Street light L011540"},"type":"Feature"},{"geometry":{"coordinates":[-90.2219498452003,38.60954796776789],"type":"Point"},"id":"stl-city-public-streetlights:2:118816","properties":{"address":null,"attributes":{"Date_Installed":"6/15/2017","LED_Powered":1,"LightID":"L011541","Light_Source":"LED","Light_Type":"Cobra","Lighting_Type":"LED-Powered Lamp","Verification_Date":null},"id":"stl-city-public-streetlights:2:118816","sourceLayerId":2,"sourceObjectId":118816,"sourceURL":"https://maps8.stlouis-mo.gov/arcgis/rest/services/STREETS/Streets_Permitting/MapServer/2","title":"Street light L011541"},"type":"Feature"},{"geometry":{"coordinates":[-90.22186471174908,38.60996013231352],"type":"Point"},"id":"stl-city-public-streetlights:2:118817","properties":{"address":null,"attributes":{"Date_Installed":"6/15/2017","LED_Powered":1,"LightID":"L011542","Light_Source":"LED","Light_Type":"Cobra","Lighting_Type":"LED-Powered Lamp","Verification_Date":null},"id":"stl-city-public-streetlights:2:118817","sourceLayerId":2,"sourceObjectId":118817,"sourceURL":"https://maps8.stlouis-mo.gov/arcgis/rest/services/STREETS/Streets_Permitting/MapServer/2","title":"Street light L011542"},"type":"Feature"},{"geometry":{"coordinates":[-90.22221554255842,38.60957839403549],"type":"Point"},"id":"stl-city-public-streetlights:2:118832","properties":{"address":null,"attributes":{"Date_Installed":"6/15/2017","LED_Powered":1,"LightID":"L011557","Light_Source":"LED","Light_Type":"Cobra","Lighting_Type":"LED-Powered Lamp","Verification_Date":null},"id":"stl-city-public-streetlights:2:118832","sourceLayerId":2,"sourceObjectId":118832,"sourceURL":"https://maps8.stlouis-mo.gov/arcgis/rest/services/STREETS/Streets_Permitting/MapServer/2","title":"Street light L011557"},"type":"Feature"},{"geometry":{"coordinates":[-90.22230533737263,38.60913823418817],"type":"Point"},"id":"stl-city-public-streetlights:2:118833","properties":{"address":null,"attributes":{"Date_Installed":"6/15/2017","LED_Powered":1,"LightID":"L011558","Light_Source":"LED","Light_Type":"Cobra","Lighting_Type":"LED-Powered Lamp","Verification_Date":null},"id":"stl-city-public-streetlights:2:118833","sourceLayerId":2,"sourceObjectId":118833,"sourceURL":"https://maps8.stlouis-mo.gov/arcgis/rest/services/STREETS/Streets_Permitting/MapServer/2","title":"Street light L011558"},"type":"Feature"},{"geometry":{"coordinates":[-90.2223991128532,38.60868974050458],"type":"Point"},"id":"stl-city-public-streetlights:2:118834","properties":{"address":null,"attributes":{"Date_Installed":"6/15/2017","LED_Powered":1,"LightID":"L011559","Light_Source":"LED","Light_Type":"Cobra","Lighting_Type":"LED-Powered Lamp","Verification_Date":null},"id":"stl-city-public-streetlights:2:118834","sourceLayerId":2,"sourceObjectId":118834,"sourceURL":"https://maps8.stlouis-mo.gov/arcgis/rest/services/STREETS/Streets_Permitting/MapServer/2","title":"Street light L011559"},"type":"Feature"},{"geometry":{"coordinates":[-90.2224889008188,38.6082507714117],"type":"Point"},"id":"stl-city-public-streetlights:2:118835","properties":{"address":null,"attributes":{"Date_Installed":"6/15/2017","LED_Powered":1,"LightID":"L011560","Light_Source":"LED","Light_Type":"Cobra","Lighting_Type":"LED-Powered Lamp","Verification_Date":null},"id":"stl-city-public-streetlights:2:118835","sourceLayerId":2,"sourceObjectId":118835,"sourceURL":"https://maps8.stlouis-mo.gov/arcgis/rest/services/STREETS/Streets_Permitting/MapServer/2","title":"Street light L011560"},"type":"Feature"},{"geometry":{"coordinates":[-90.22258482784967,38.607795131315676],"type":"Point"},"id":"stl-city-public-streetlights:2:118836","properties":{"address":null,"attributes":{"Date_Installed":"6/15/2017","LED_Powered":1,"LightID":"L011561","Light_Source":"LED","Light_Type":"Cobra","Lighting_Type":"LED-Powered Lamp","Verification_Date":null},"id":"stl-city-public-streetlights:2:118836","sourceLayerId":2,"sourceObjectId":118836,"sourceURL":"https://maps8.stlouis-mo.gov/arcgis/rest/services/STREETS/Streets_Permitting/MapServer/2","title":"Street light L011561"},"type":"Feature"},{"geometry":{"coordinates":[-90.22267685973267,38.607356644801555],"type":"Point"},"id":"stl-city-public-streetlights:2:118837","properties":{"address":null,"attributes":{"Date_Installed":"6/15/2017","LED_Powered":1,"LightID":"L011562","Light_Source":"LED","Light_Type":"Cobra","Lighting_Type":"LED-Powered Lamp","Verification_Date":null},"id":"stl-city-public-streetlights:2:118837","sourceLayerId":2,"sourceObjectId":118837,"sourceURL":"https://maps8.stlouis-mo.gov/arcgis/rest/services/STREETS/Streets_Permitting/MapServer/2","title":"Street light L011562"},"type":"Feature"},{"geometry":{"coordinates":[-90.2227586138433,38.606952099333704],"type":"Point"},"id":"stl-city-public-streetlights:2:118838","properties":{"address":null,"attributes":{"Date_Installed":"6/15/2017","LED_Powered":1,"LightID":"L011563","Light_Source":"LED","Light_Type":"Cobra","Lighting_Type":"LED-Powered Lamp","Verification_Date":null},"id":"stl-city-public-streetlights:2:118838","sourceLayerId":2,"sourceObjectId":118838,"sourceURL":"https://maps8.stlouis-mo.gov/arcgis/rest/services/STREETS/Streets_Permitting/MapServer/2","title":"Street light L011563"},"type":"Feature"},{"geometry":{"coordinates":[-90.22286521888878,38.60640469121061],"type":"Point"},"id":"stl-city-public-streetlights:2:118839","properties":{"address":null,"attributes":{"Date_Installed":"2020-01-20","LED_Powered":1,"LightID":"L011564","Light_Source":"LED","Light_Type":"Cobra","Lighting_Type":"5G Pole - 5G Pole -5G Pole - 1A","Verification_Date":null},"id":"stl-city-public-streetlights:2:118839","sourceLayerId":2,"sourceObjectId":118839,"sourceURL":"https://maps8.stlouis-mo.gov/arcgis/rest/services/STREETS/Streets_Permitting/MapServer/2","title":"Street light L011564"},"type":"Feature"},{"geometry":{"coordinates":[-90.22293907372348,38.606052789502904],"type":"Point"},"id":"stl-city-public-streetlights:2:118840","properties":{"address":null,"attributes":{"Date_Installed":"6/15/2017","LED_Powered":1,"LightID":"L011565","Light_Source":"LED","Light_Type":"Cobra","Lighting_Type":"LED-Powered Lamp","Verification_Date":null},"id":"stl-city-public-streetlights:2:118840","sourceLayerId":2,"sourceObjectId":118840,"sourceURL":"https://maps8.stlouis-mo.gov/arcgis/rest/services/STREETS/Streets_Permitting/MapServer/2","title":"Street light L011565"},"type":"Feature"},{"geometry":{"coordinates":[-90.22302134353309,38.60567130696637],"type":"Point"},"id":"stl-city-public-streetlights:2:118841","properties":{"address":null,"attributes":{"Date_Installed":"6/15/2017","LED_Powered":1,"LightID":"L011566","Light_Source":"LED","Light_Type":"Cobra","Lighting_Type":"LED-Powered Lamp","Verification_Date":null},"id":"stl-city-public-streetlights:2:118841","sourceLayerId":2,"sourceObjectId":118841,"sourceURL":"https://maps8.stlouis-mo.gov/arcgis/rest/services/STREETS/Streets_Permitting/MapServer/2","title":"Street light L011566"},"type":"Feature"},{"geometry":{"coordinates":[-90.22311097993698,38.60526978426851],"type":"Point"},"id":"stl-city-public-streetlights:2:118842","properties":{"address":null,"attributes":{"Date_Installed":"6/15/2017","LED_Powered":1,"LightID":"L011567","Light_Source":"LED","Light_Type":"Cobra","Lighting_Type":"LED-Powered Lamp","Verification_Date":null},"id":"stl-city-public-streetlights:2:118842","sourceLayerId":2,"sourceObjectId":118842,"sourceURL":"https://maps8.stlouis-mo.gov/arcgis/rest/services/STREETS/Streets_Permitting/MapServer/2","title":"Street light L011567"},"type":"Feature"},{"geometry":{"coordinates":[-90.22424418170615,38.604655860991016],"type":"Point"},"id":"stl-city-public-streetlights:2:118843","properties":{"address":null,"attributes":{"Date_Installed":"9/15/2017","LED_Powered":1,"LightID":"L011568","Light_Source":"LED","Light_Type":"Cobra","Lighting_Type":"LED-Powered Lamp","Verification_Date":null},"id":"stl-city-public-streetlights:2:118843","sourceLayerId":2,"sourceObjectId":118843,"sourceURL":"https://maps8.stlouis-mo.gov/arcgis/rest/services/STREETS/Streets_Permitting/MapServer/2","title":"Street light L011568"},"type":"Feature"},{"geometry":{"coordinates":[-90.22417976558104,38.60497797437314],"type":"Point"},"id":"stl-city-public-streetlights:2:118844","properties":{"address":null,"attributes":{"Date_Installed":"9/15/2017","LED_Powered":1,"LightID":"L011569","Light_Source":"LED","Light_Type":"Cobra","Lighting_Type":"LED-Powered Lamp","Verification_Date":null},"id":"stl-city-public-streetlights:2:118844","sourceLayerId":2,"sourceObjectId":118844,"sourceURL":"https://maps8.stlouis-mo.gov/arcgis/rest/services/STREETS/Streets_Permitting/MapServer/2","title":"Street light L011569"},"type":"Feature"},{"geometry":{"coordinates":[-90.22410308061,38.60533056935984],"type":"Point"},"id":"stl-city-public-streetlights:2:118845","properties":{"address":null,"attributes":{"Date_Installed":"9/15/2017","LED_Powered":1,"LightID":"L011570","Light_Source":"LED","Light_Type":"Cobra","Lighting_Type":"LED-Powered Lamp","Verification_Date":null},"id":"stl-city-public-streetlights:2:118845","sourceLayerId":2,"sourceObjectId":118845,"sourceURL":"https://maps8.stlouis-mo.gov/arcgis/rest/services/STREETS/Streets_Permitting/MapServer/2","title":"Street light L011570"},"type":"Feature"},{"geometry":{"coordinates":[-90.22398346361074,38.605695435900756],"type":"Point"},"id":"stl-city-public-streetlights:2:118846","properties":{"address":null,"attributes":{"Date_Installed":"9/15/2017","LED_Powered":1,"LightID":"L011571","Light_Source":"LED","Light_Type":"Cobra","Lighting_Type":"LED-Powered Lamp","Verification_Date":null},"id":"stl-city-public-streetlights:2:118846","sourceLayerId":2,"sourceObjectId":118846,"sourceURL":"https://maps8.stlouis-mo.gov/arcgis/rest/services/STREETS/Streets_Permitting/MapServer/2","title":"Street light L011571"},"type":"Feature"},{"geometry":{"coordinates":[-90.22390934234113,38.606021818942786],"type":"Point"},"id":"stl-city-public-streetlights:2:118847","properties":{"address":null,"attributes":{"Date_Installed":"9/15/2017","LED_Powered":1,"LightID":"L011572","Light_Source":"LED","Light_Type":"Cobra","Lighting_Type":"LED-Powered Lamp","Verification_Date":null},"id":"stl-city-public-streetlights:2:118847","sourceLayerId":2,"sourceObjectId":118847,"sourceURL":"https://maps8.stlouis-mo.gov/arcgis/rest/services/STREETS/Streets_Permitting/MapServer/2","title":"Street light L011572"},"type":"Feature"},{"geometry":{"coordinates":[-90.22382924691233,38.60637450924037],"type":"Point"},"id":"stl-city-public-streetlights:2:118848","properties":{"address":null,"attributes":{"Date_Installed":"9/15/2017","LED_Powered":1,"LightID":"L011573","Light_Source":"LED","Light_Type":"Cobra","Lighting_Type":"LED-Powered Lamp","Verification_Date":null},"id":"stl-city-public-streetlights:2:118848","sourceLayerId":2,"sourceObjectId":118848,"sourceURL":"https://maps8.stlouis-mo.gov/arcgis/rest/services/STREETS/Streets_Permitting/MapServer/2","title":"Street light L011573"},"type":"Feature"},{"geometry":{"coordinates":[-90.22376970383829,38.606714189518144],"type":"Point"},"id":"stl-city-public-streetlights:2:119956","properties":{"address":null,"attributes":{"Date_Installed":"9/15/2017","LED_Powered":1,"LightID":"L012681","Light_Source":"LED","Light_Type":"Cobra","Lighting_Type":"LED-Powered Lamp","Verification_Date":null},"id":"stl-city-public-streetlights:2:119956","sourceLayerId":2,"sourceObjectId":119956,"sourceURL":"https://maps8.stlouis-mo.gov/arcgis/rest/services/STREETS/Streets_Permitting/MapServer/2","title":"Street light L012681"},"type":"Feature"},{"geometry":{"coordinates":[-90.22370040906745,38.60704010538638],"type":"Point"},"id":"stl-city-public-streetlights:2:119957","properties":{"address":null,"attributes":{"Date_Installed":"9/15/2017","LED_Powered":1,"LightID":"L012682","Light_Source":"LED","Light_Type":"Cobra","Lighting_Type":"LED-Powered Lamp","Verification_Date":null},"id":"stl-city-public-streetlights:2:119957","sourceLayerId":2,"sourceObjectId":119957,"sourceURL":"https://maps8.stlouis-mo.gov/arcgis/rest/services/STREETS/Streets_Permitting/MapServer/2","title":"Street light L012682"},"type":"Feature"},{"geometry":{"coordinates":[-90.22363537523424,38.60736340965635],"type":"Point"},"id":"stl-city-public-streetlights:2:119958","properties":{"address":null,"attributes":{"Date_Installed":"9/15/2017","LED_Powered":1,"LightID":"L012683","Light_Source":"LED","Light_Type":"Cobra","Lighting_Type":"LED-Powered Lamp","Verification_Date":null},"id":"stl-city-public-streetlights:2:119958","sourceLayerId":2,"sourceObjectId":119958,"sourceURL":"https://maps8.stlouis-mo.gov/arcgis/rest/services/STREETS/Streets_Permitting/MapServer/2","title":"Street light L012683"},"type":"Feature"},{"geometry":{"coordinates":[-90.2235765429347,38.60765383328433],"type":"Point"},"id":"stl-city-public-streetlights:2:119959","properties":{"address":null,"attributes":{"Date_Installed":"9/15/2017","LED_Powered":1,"LightID":"L012684","Light_Source":"LED","Light_Type":"Cobra","Lighting_Type":"LED-Powered Lamp","Verification_Date":null},"id":"stl-city-public-streetlights:2:119959","sourceLayerId":2,"sourceObjectId":119959,"sourceURL":"https://maps8.stlouis-mo.gov/arcgis/rest/services/STREETS/Streets_Permitting/MapServer/2","title":"Street light L012684"},"type":"Feature"},{"geometry":{"coordinates":[-90.22567011565083,38.604076297676755],"type":"Point"},"id":"stl-city-public-streetlights:2:119960","properties":{"address":null,"attributes":{"Date_Installed":"10/1/2016","LED_Powered":1,"LightID":"L012685","Light_Source":"LED","Light_Type":"Cobra","Lighting_Type":"LED-Powered Lamp","Verification_Date":null},"id":"stl-city-public-streetlights:2:119960","sourceLayerId":2,"sourceObjectId":119960,"sourceURL":"https://maps8.stlouis-mo.gov/arcgis/rest/services/STREETS/Streets_Permitting/MapServer/2","title":"Street light L012685"},"type":"Feature"},{"geometry":{"coordinates":[-90.22559309410357,38.604439857701315],"type":"Point"},"id":"stl-city-public-streetlights:2:119961","properties":{"address":null,"attributes":{"Date_Installed":"10/1/2016","LED_Powered":1,"LightID":"L012686","Light_Source":"LED","Light_Type":"Cobra","Lighting_Type":"LED-Powered Lamp","Verification_Date":null},"id":"stl-city-public-streetlights:2:119961","sourceLayerId":2,"sourceObjectId":119961,"sourceURL":"https://maps8.stlouis-mo.gov/arcgis/rest/services/STREETS/Streets_Permitting/MapServer/2","title":"Street light L012686"},"type":"Feature"},{"geometry":{"coordinates":[-90.22553635572812,38.60474149090496],"type":"Point"},"id":"stl-city-public-streetlights:2:119962","properties":{"address":null,"attributes":{"Date_Installed":"10/1/2016","LED_Powered":1,"LightID":"L012687","Light_Source":"LED","Light_Type":"Cobra","Lighting_Type":"LED-Powered Lamp","Verification_Date":null},"id":"stl-city-public-streetlights:2:119962","sourceLayerId":2,"sourceObjectId":119962,"sourceURL":"https://maps8.stlouis-mo.gov/arcgis/rest/services/STREETS/Streets_Permitting/MapServer/2","title":"Street light L012687"},"type":"Feature"},{"geometry":{"coordinates":[-90.22547944635905,38.60500832302008],"type":"Point"},"id":"stl-city-public-streetlights:2:119963","properties":{"address":null,"attributes":{"Date_Installed":"10/1/2016","LED_Powered":1,"LightID":"L012688","Light_Source":"LED","Light_Type":"Cobra","Lighting_Type":"LED-Powered Lamp","Verification_Date":null},"id":"stl-city-public-streetlights:2:119963","sourceLayerId":2,"sourceObjectId":119963,"sourceURL":"https://maps8.stlouis-mo.gov/arcgis/rest/services/STREETS/Streets_Permitting/MapServer/2","title":"Street light L012688"},"type":"Feature"},{"geometry":{"coordinates":[-90.22541505244386,38.60532567049074],"type":"Point"},"id":"stl-city-public-streetlights:2:119964","properties":{"address":null,"attributes":{"Date_Installed":"10/1/2016","LED_Powered":1,"LightID":"L012689","Light_Source":"LED","Light_Type":"Cobra","Lighting_Type":"LED-Powered Lamp","Verification_Date":null},"id":"stl-city-public-streetlights:2:119964","sourceLayerId":2,"sourceObjectId":119964,"sourceURL":"https://maps8.stlouis-mo.gov/arcgis/rest/services/STREETS/Streets_Permitting/MapServer/2","title":"Street light L012689"},"type":"Feature"},{"geometry":{"coordinates":[-90.22535079357124,38.605607740111004],"type":"Point"},"id":"stl-city-public-streetlights:2:119965","properties":{"address":null,"attributes":{"Date_Installed":"10/1/2016","LED_Powered":1,"LightID":"L012690","Light_Source":"LED","Light_Type":"Cobra","Lighting_Type":"LED-Powered Lamp","Verification_Date":null},"id":"stl-city-public-streetlights:2:119965","sourceLayerId":2,"sourceObjectId":119965,"sourceURL":"https://maps8.stlouis-mo.gov/arcgis/rest/services/STREETS/Streets_Permitting/MapServer/2","title":"Street light L012690"},"type":"Feature"},{"geometry":{"coordinates":[-90.22523655067695,38.60599647891427],"type":"Point"},"id":"stl-city-public-streetlights:2:119966","properties":{"address":null,"attributes":{"Date_Installed":"9/15/2017","LED_Powered":1,"LightID":"L012691","Light_Source":"LED","Light_Type":"Cobra","Lighting_Type":"LED-Powered Lamp","Verification_Date":null},"id":"stl-city-public-streetlights:2:119966","sourceLayerId":2,"sourceObjectId":119966,"sourceURL":"https://maps8.stlouis-mo.gov/arcgis/rest/services/STREETS/Streets_Permitting/MapServer/2","title":"Street light L012691"},"type":"Feature"},{"geometry":{"coordinates":[-90.22516470056385,38.606341076944666],"type":"Point"},"id":"stl-city-public-streetlights:2:119967","properties":{"address":null,"attributes":{"Date_Installed":"9/15/2017","LED_Powered":1,"LightID":"L012692","Light_Source":"LED","Light_Type":"Cobra","Lighting_Type":"LED-Powered Lamp","Verification_Date":null},"id":"stl-city-public-streetlights:2:119967","sourceLayerId":2,"sourceObjectId":119967,"sourceURL":"https://maps8.stlouis-mo.gov/arcgis/rest/services/STREETS/Streets_Permitting/MapServer/2","title":"Street light L012692"},"type":"Feature"},{"geometry":{"coordinates":[-90.22509053434214,38.606687385671805],"type":"Point"},"id":"stl-city-public-streetlights:2:119968","properties":{"address":null,"attributes":{"Date_Installed":"9/15/2017","LED_Powered":1,"LightID":"L012693","Light_Source":"LED","Light_Type":"Cobra","Lighting_Type":"LED-Powered Lamp","Verification_Date":null},"id":"stl-city-public-streetlights:2:119968","sourceLayerId":2,"sourceObjectId":119968,"sourceURL":"https://maps8.stlouis-mo.gov/arcgis/rest/services/STREETS/Streets_Permitting/MapServer/2","title":"Street light L012693"},"type":"Feature"},{"geometry":{"coordinates":[-90.22500881728062,38.60708573474221],"type":"Point"},"id":"stl-city-public-streetlights:2:119969","properties":{"address":null,"attributes":{"Date_Installed":"9/15/2017","LED_Powered":1,"LightID":"L012694","Light_Source":"LED","Light_Type":"Cobra","Lighting_Type":"LED-Powered Lamp","Verification_Date":null},"id":"stl-city-public-streetlights:2:119969","sourceLayerId":2,"sourceObjectId":119969,"sourceURL":"https://maps8.stlouis-mo.gov/arcgis/rest/services/STREETS/Streets_Permitting/MapServer/2","title":"Street light L012694"},"type":"Feature"},{"geometry":{"coordinates":[-90.22493695404778,38.607448829687584],"type":"Point"},"id":"stl-city-public-streetlights:2:119970","properties":{"address":null,"attributes":{"Date_Installed":"9/15/2017","LED_Powered":1,"LightID":"L012695","Light_Source":"LED","Light_Type":"Cobra","Lighting_Type":"LED-Powered Lamp","Verification_Date":null},"id":"stl-city-public-streetlights:2:119970","sourceLayerId":2,"sourceObjectId":119970,"sourceURL":"https://maps8.stlouis-mo.gov/arcgis/rest/services/STREETS/Streets_Permitting/MapServer/2","title":"Street light L012695"},"type":"Feature"},{"geometry":{"coordinates":[-90.22486271524106,38.60779761729086],"type":"Point"},"id":"stl-city-public-streetlights:2:119971","properties":{"address":null,"attributes":{"Date_Installed":"9/15/2017","LED_Powered":1,"LightID":"L012696","Light_Source":"LED","Light_Type":"Cobra","Lighting_Type":"LED-Powered Lamp","Verification_Date":null},"id":"stl-city-public-streetlights:2:119971","sourceLayerId":2,"sourceObjectId":119971,"sourceURL":"https://maps8.stlouis-mo.gov/arcgis/rest/services/STREETS/Streets_Permitting/MapServer/2","title":"Street light L012696"},"type":"Feature"},{"geometry":{"coordinates":[-90.2266205731212,38.60430607247795],"type":"Point"},"id":"stl-city-public-streetlights:2:119972","properties":{"address":null,"attributes":{"Date_Installed":"9/15/2017","LED_Powered":1,"LightID":"L012697","Light_Source":"LED","Light_Type":"Cobra","Lighting_Type":"LED-Powered Lamp","Verification_Date":null},"id":"stl-city-public-streetlights:2:119972","sourceLayerId":2,"sourceObjectId":119972,"sourceURL":"https://maps8.stlouis-mo.gov/arcgis/rest/services/STREETS/Streets_Permitting/MapServer/2","title":"Street light L012697"},"type":"Feature"},{"geometry":{"coordinates":[-90.22654798024787,38.60462411587322],"type":"Point"},"id":"stl-city-public-streetlights:2:119973","properties":{"address":null,"attributes":{"Date_Installed":"9/15/2017","LED_Powered":1,"LightID":"L012698","Light_Source":"LED","Light_Type":"Cobra","Lighting_Type":"LED-Powered Lamp","Verification_Date":null},"id":"stl-city-public-streetlights:2:119973","sourceLayerId":2,"sourceObjectId":119973,"sourceURL":"https://maps8.stlouis-mo.gov/arcgis/rest/services/STREETS/Streets_Permitting/MapServer/2","title":"Street light L012698"},"type":"Feature"},{"geometry":{"coordinates":[-90.2264829824823,38.604942177858206],"type":"Point"},"id":"stl-city-public-streetlights:2:119974","properties":{"address":null,"attributes":{"Date_Installed":"9/15/2017","LED_Powered":1,"LightID":"L012699","Light_Source":"LED","Light_Type":"Cobra","Lighting_Type":"LED-Powered Lamp","Verification_Date":null},"id":"stl-city-public-streetlights:2:119974","sourceLayerId":2,"sourceObjectId":119974,"sourceURL":"https://maps8.stlouis-mo.gov/arcgis/rest/services/STREETS/Streets_Permitting/MapServer/2","title":"Street light L012699"},"type":"Feature"},{"geometry":{"coordinates":[-90.22641645139113,38.60526357221566],"type":"Point"},"id":"stl-city-public-streetlights:2:119975","properties":{"address":null,"attributes":{"Date_Installed":"9/15/2017","LED_Powered":1,"LightID":"L012700","Light_Source":"LED","Light_Type":"Cobra","Lighting_Type":"LED-Powered Lamp","Verification_Date":null},"id":"stl-city-public-streetlights:2:119975","sourceLayerId":2,"sourceObjectId":119975,"sourceURL":"https://maps8.stlouis-mo.gov/arcgis/rest/services/STREETS/Streets_Permitting/MapServer/2","title":"Street light L012700"},"type":"Feature"},{"geometry":{"coordinates":[-90.22635309450338,38.60554922015232],"type":"Point"},"id":"stl-city-public-streetlights:2:119976","properties":{"address":null,"attributes":{"Date_Installed":"9/15/2017","LED_Powered":1,"LightID":"L012701","Light_Source":"LED","Light_Type":"Cobra","Lighting_Type":"LED-Powered Lamp","Verification_Date":null},"id":"stl-city-public-streetlights:2:119976","sourceLayerId":2,"sourceObjectId":119976,"sourceURL":"https://maps8.stlouis-mo.gov/arcgis/rest/services/STREETS/Streets_Permitting/MapServer/2","title":"Street light L012701"},"type":"Feature"},{"geometry":{"coordinates":[-90.22627432946389,38.60589227751445],"type":"Point"},"id":"stl-city-public-streetlights:2:119977","properties":{"address":null,"attributes":{"Date_Installed":"9/15/2017","LED_Powered":1,"LightID":"L012702","Light_Source":"LED","Light_Type":"Cobra","Lighting_Type":"LED-Powered Lamp","Verification_Date":null},"id":"stl-city-public-streetlights:2:119977","sourceLayerId":2,"sourceObjectId":119977,"sourceURL":"https://maps8.stlouis-mo.gov/arcgis/rest/services/STREETS/Streets_Permitting/MapServer/2","title":"Street light L012702"},"type":"Feature"},{"geometry":{"coordinates":[-90.22619997632741,38.60629866806782],"type":"Point"},"id":"stl-city-public-streetlights:2:119978","properties":{"address":null,"attributes":{"Date_Installed":"9/15/2017","LED_Powered":1,"LightID":"L012703","Light_Source":"LED","Light_Type":"Cobra","Lighting_Type":"LED-Powered Lamp","Verification_Date":null},"id":"stl-city-public-streetlights:2:119978","sourceLayerId":2,"sourceObjectId":119978,"sourceURL":"https://maps8.stlouis-mo.gov/arcgis/rest/services/STREETS/Streets_Permitting/MapServer/2","title":"Street light L012703"},"type":"Feature"},{"geometry":{"coordinates":[-90.22613029175872,38.606650088810746],"type":"Point"},"id":"stl-city-public-streetlights:2:119979","properties":{"address":null,"attributes":{"Date_Installed":"9/15/2017","LED_Powered":1,"LightID":"L012704","Light_Source":"LED","Light_Type":"Cobra","Lighting_Type":"LED-Powered Lamp","Verification_Date":null},"id":"stl-city-public-streetlights:2:119979","sourceLayerId":2,"sourceObjectId":119979,"sourceURL":"https://maps8.stlouis-mo.gov/arcgis/rest/services/STREETS/Streets_Permitting/MapServer/2","title":"Street light L012704"},"type":"Feature"},{"geometry":{"coordinates":[-90.22606444865245,38.60698960055653],"type":"Point"},"id":"stl-city-public-streetlights:2:119980","properties":{"address":null,"attributes":{"Date_Installed":"9/15/2017","LED_Powered":1,"LightID":"L012705","Light_Source":"LED","Light_Type":"Cobra","Lighting_Type":"LED-Powered Lamp","Verification_Date":null},"id":"stl-city-public-streetlights:2:119980","sourceLayerId":2,"sourceObjectId":119980,"sourceURL":"https://maps8.stlouis-mo.gov/arcgis/rest/services/STREETS/Streets_Permitting/MapServer/2","title":"Street light L012705"},"type":"Feature"},{"geometry":{"coordinates":[-90.22618249342021,38.607525357354206],"type":"Point"},"id":"stl-city-public-streetlights:2:119981","properties":{"address":null,"attributes":{"Date_Installed":"10/1/2016","LED_Powered":1,"LightID":"L012706","Light_Source":"LED","Light_Type":"Cobra","Lighting_Type":"LED-Powered Lamp","Verification_Date":null},"id":"stl-city-public-streetlights:2:119981","sourceLayerId":2,"sourceObjectId":119981,"sourceURL":"https://maps8.stlouis-mo.gov/arcgis/rest/services/STREETS/Streets_Permitting/MapServer/2","title":"Street light L012706"},"type":"Feature"},{"geometry":{"coordinates":[-90.22614684321917,38.60773208312442],"type":"Point"},"id":"stl-city-public-streetlights:2:119982","properties":{"address":null,"attributes":{"Date_Installed":"10/1/2016","LED_Powered":1,"LightID":"L012707","Light_Source":"LED","Light_Type":"Cobra","Lighting_Type":"LED-Powered Lamp","Verification_Date":null},"id":"stl-city-public-streetlights:2:119982","sourceLayerId":2,"sourceObjectId":119982,"sourceURL":"https://maps8.stlouis-mo.gov/arcgis/rest/services/STREETS/Streets_Permitting/MapServer/2","title":"Street light L012707"},"type":"Feature"},{"geometry":{"coordinates":[-90.2264884213982,38.60777817081568],"type":"Point"},"id":"stl-city-public-streetlights:2:119983","properties":{"address":null,"attributes":{"Date_Installed":"10/1/2016","LED_Powered":1,"LightID":"L012708","Light_Source":"LED","Light_Type":"Cobra","Lighting_Type":"LED-Powered Lamp","Verification_Date":null},"id":"stl-city-public-streetlights:2:119983","sourceLayerId":2,"sourceObjectId":119983,"sourceURL":"https://maps8.stlouis-mo.gov/arcgis/rest/services/STREETS/Streets_Permitting/MapServer/2","title":"Street light L012708"},"type":"Feature"},{"geometry":{"coordinates":[-90.2247940178108,38.6081268720665],"type":"Point"},"id":"stl-city-public-streetlights:2:119984","properties":{"address":null,"attributes":{"Date_Installed":null,"LED_Powered":0,"LightID":"L012709","Light_Source":"LED","Light_Type":"Cobra","Lighting_Type":"LED-Powered Lamp","Verification_Date":null},"id":"stl-city-public-streetlights:2:119984","sourceLayerId":2,"sourceObjectId":119984,"sourceURL":"https://maps8.stlouis-mo.gov/arcgis/rest/services/STREETS/Streets_Permitting/MapServer/2","title":"Street light L012709"},"type":"Feature"},{"geometry":{"coordinates":[-90.22471973797813,38.60848602782582],"type":"Point"},"id":"stl-city-public-streetlights:2:119985","properties":{"address":null,"attributes":{"Date_Installed":null,"LED_Powered":0,"LightID":"L012710","Light_Source":"LED","Light_Type":"Cobra","Lighting_Type":"LED-Powered Lamp","Verification_Date":null},"id":"stl-city-public-streetlights:2:119985","sourceLayerId":2,"sourceObjectId":119985,"sourceURL":"https://maps8.stlouis-mo.gov/arcgis/rest/services/STREETS/Streets_Permitting/MapServer/2","title":"Street light L012710"},"type":"Feature"},{"geometry":{"coordinates":[-90.22463309924346,38.60889938192395],"type":"Point"},"id":"stl-city-public-streetlights:2:119986","properties":{"address":null,"attributes":{"Date_Installed":null,"LED_Powered":0,"LightID":"L012711","Light_Source":"LED","Light_Type":"Cobra","Lighting_Type":"LED-Powered Lamp","Verification_Date":null},"id":"stl-city-public-streetlights:2:119986","sourceLayerId":2,"sourceObjectId":119986,"sourceURL":"https://maps8.stlouis-mo.gov/arcgis/rest/services/STREETS/Streets_Permitting/MapServer/2","title":"Street light L012711"},"type":"Feature"},{"geometry":{"coordinates":[-90.22457843603888,38.609172773589535],"type":"Point"},"id":"stl-city-public-streetlights:2:119987","properties":{"address":null,"attributes":{"Date_Installed":null,"LED_Powered":0,"LightID":"L012712","Light_Source":"LED","Light_Type":"Cobra","Lighting_Type":"LED-Powered Lamp","Verification_Date":null},"id":"stl-city-public-streetlights:2:119987","sourceLayerId":2,"sourceObjectId":119987,"sourceURL":"https://maps8.stlouis-mo.gov/arcgis/rest/services/STREETS/Streets_Permitting/MapServer/2","title":"Street light L012712"},"type":"Feature"},{"geometry":{"coordinates":[-90.22449806655403,38.60953489406307],"type":"Point"},"id":"stl-city-public-streetlights:2:119988","properties":{"address":null,"attributes":{"Date_Installed":null,"LED_Powered":0,"LightID":"L012713","Light_Source":"LED","Light_Type":"Cobra","Lighting_Type":"LED-Powered Lamp","Verification_Date":null},"id":"stl-city-public-streetlights:2:119988","sourceLayerId":2,"sourceObjectId":119988,"sourceURL":"https://maps8.stlouis-mo.gov/arcgis/rest/services/STREETS/Streets_Permitting/MapServer/2","title":"Street light L012713"},"type":"Feature"},{"geometry":{"coordinates":[-90.2244236902925,38.60991848244887],"type":"Point"},"id":"stl-city-public-streetlights:2:119989","properties":{"address":null,"attributes":{"Date_Installed":null,"LED_Powered":0,"LightID":"L012714","Light_Source":"LED","Light_Type":"Cobra","Lighting_Type":"LED-Powered Lamp","Verification_Date":null},"id":"stl-city-public-streetlights:2:119989","sourceLayerId":2,"sourceObjectId":119989,"sourceURL":"https://maps8.stlouis-mo.gov/arcgis/rest/services/STREETS/Streets_Permitting/MapServer/2","title":"Street light L012714"},"type":"Feature"},{"geometry":{"coordinates":[-90.22175932895556,38.60997128169567],"type":"Point"},"id":"stl-city-public-streetlights:2:121063","properties":{"address":null,"attributes":{"Date_Installed":null,"LED_Powered":0,"LightID":"L013783","Light_Source":"LED","Light_Type":"Cobra","Lighting_Type":"LED-Powered Lamp","Verification_Date":null},"id":"stl-city-public-streetlights:2:121063","sourceLayerId":2,"sourceObjectId":121063,"sourceURL":"https://maps8.stlouis-mo.gov/arcgis/rest/services/STREETS/Streets_Permitting/MapServer/2","title":"Street light L013783"},"type":"Feature"},{"geometry":{"coordinates":[-90.22124255991362,38.609819883700816],"type":"Point"},"id":"stl-city-public-streetlights:2:121064","properties":{"address":null,"attributes":{"Date_Installed":null,"LED_Powered":0,"LightID":"L013784","Light_Source":"LED","Light_Type":"Cobra","Lighting_Type":"LED-Powered Lamp","Verification_Date":null},"id":"stl-city-public-streetlights:2:121064","sourceLayerId":2,"sourceObjectId":121064,"sourceURL":"https://maps8.stlouis-mo.gov/arcgis/rest/services/STREETS/Streets_Permitting/MapServer/2","title":"Street light L013784"},"type":"Feature"},{"geometry":{"coordinates":[-90.22070560149506,38.60966605147424],"type":"Point"},"id":"stl-city-public-streetlights:2:121065","properties":{"address":null,"attributes":{"Date_Installed":null,"LED_Powered":0,"LightID":"L013785","Light_Source":"LED","Light_Type":"Cobra","Lighting_Type":"LED-Powered Lamp","Verification_Date":null},"id":"stl-city-public-streetlights:2:121065","sourceLayerId":2,"sourceObjectId":121065,"sourceURL":"https://maps8.stlouis-mo.gov/arcgis/rest/services/STREETS/Streets_Permitting/MapServer/2","title":"Street light L013785"},"type":"Feature"},{"geometry":{"coordinates":[-90.22015175799767,38.6095193276965],"type":"Point"},"id":"stl-city-public-streetlights:2:121066","properties":{"address":null,"attributes":{"Date_Installed":null,"LED_Powered":0,"LightID":"L013786","Light_Source":"LED","Light_Type":"Cobra","Lighting_Type":"LED-Powered Lamp","Verification_Date":null},"id":"stl-city-public-streetlights:2:121066","sourceLayerId":2,"sourceObjectId":121066,"sourceURL":"https://maps8.stlouis-mo.gov/arcgis/rest/services/STREETS/Streets_Permitting/MapServer/2","title":"Street light L013786"},"type":"Feature"},{"geometry":{"coordinates":[-90.22654007571278,38.60996416947835],"type":"Point"},"id":"stl-city-public-streetlights:2:121077","properties":{"address":null,"attributes":{"Date_Installed":null,"LED_Powered":0,"LightID":"L013797","Light_Source":"LED","Light_Type":"Cobra","Lighting_Type":"LED-Powered Lamp","Verification_Date":null},"id":"stl-city-public-streetlights:2:121077","sourceLayerId":2,"sourceObjectId":121077,"sourceURL":"https://maps8.stlouis-mo.gov/arcgis/rest/services/STREETS/Streets_Permitting/MapServer/2","title":"Street light L013797"},"type":"Feature"},{"geometry":{"coordinates":[-90.2261653841656,38.6099156206942],"type":"Point"},"id":"stl-city-public-streetlights:2:121078","properties":{"address":null,"attributes":{"Date_Installed":null,"LED_Powered":0,"LightID":"L013798","Light_Source":"LED","Light_Type":"Cobra","Lighting_Type":"LED-Powered Lamp","Verification_Date":null},"id":"stl-city-public-streetlights:2:121078","sourceLayerId":2,"sourceObjectId":121078,"sourceURL":"https://maps8.stlouis-mo.gov/arcgis/rest/services/STREETS/Streets_Permitting/MapServer/2","title":"Street light L013798"},"type":"Feature"},{"geometry":{"coordinates":[-90.22575242911672,38.60986340629729],"type":"Point"},"id":"stl-city-public-streetlights:2:121079","properties":{"address":null,"attributes":{"Date_Installed":null,"LED_Powered":0,"LightID":"L013799","Light_Source":"LED","Light_Type":"Cobra","Lighting_Type":"LED-Powered Lamp","Verification_Date":null},"id":"stl-city-public-streetlights:2:121079","sourceLayerId":2,"sourceObjectId":121079,"sourceURL":"https://maps8.stlouis-mo.gov/arcgis/rest/services/STREETS/Streets_Permitting/MapServer/2","title":"Street light L013799"},"type":"Feature"},{"geometry":{"coordinates":[-90.22533112401145,38.60980997806153],"type":"Point"},"id":"stl-city-public-streetlights:2:121080","properties":{"address":null,"attributes":{"Date_Installed":null,"LED_Powered":0,"LightID":"L013800","Light_Source":"LED","Light_Type":"Cobra","Lighting_Type":"LED-Powered Lamp","Verification_Date":null},"id":"stl-city-public-streetlights:2:121080","sourceLayerId":2,"sourceObjectId":121080,"sourceURL":"https://maps8.stlouis-mo.gov/arcgis/rest/services/STREETS/Streets_Permitting/MapServer/2","title":"Street light L013800"},"type":"Feature"},{"geometry":{"coordinates":[-90.2249051166068,38.609755346273815],"type":"Point"},"id":"stl-city-public-streetlights:2:121081","properties":{"address":null,"attributes":{"Date_Installed":null,"LED_Powered":0,"LightID":"L013801","Light_Source":"LED","Light_Type":"Cobra","Lighting_Type":"LED-Powered Lamp","Verification_Date":null},"id":"stl-city-public-streetlights:2:121081","sourceLayerId":2,"sourceObjectId":121081,"sourceURL":"https://maps8.stlouis-mo.gov/arcgis/rest/services/STREETS/Streets_Permitting/MapServer/2","title":"Street light L013801"},"type":"Feature"},{"geometry":{"coordinates":[-90.22450681539983,38.609711504203844],"type":"Point"},"id":"stl-city-public-streetlights:2:121082","properties":{"address":null,"attributes":{"Date_Installed":null,"LED_Powered":0,"LightID":"L013802","Light_Source":"LED","Light_Type":"Cobra","Lighting_Type":"LED-Powered Lamp","Verification_Date":null},"id":"stl-city-public-streetlights:2:121082","sourceLayerId":2,"sourceObjectId":121082,"sourceURL":"https://maps8.stlouis-mo.gov/arcgis/rest/services/STREETS/Streets_Permitting/MapServer/2","title":"Street light L013802"},"type":"Feature"},{"geometry":{"coordinates":[-90.22408332624957,38.60965770868013],"type":"Point"},"id":"stl-city-public-streetlights:2:121083","properties":{"address":null,"attributes":{"Date_Installed":null,"LED_Powered":0,"LightID":"L013803","Light_Source":"LED","Light_Type":"Cobra","Lighting_Type":"LED-Powered Lamp","Verification_Date":null},"id":"stl-city-public-streetlights:2:121083","sourceLayerId":2,"sourceObjectId":121083,"sourceURL":"https://maps8.stlouis-mo.gov/arcgis/rest/services/STREETS/Streets_Permitting/MapServer/2","title":"Street light L013803"},"type":"Feature"},{"geometry":{"coordinates":[-90.22364844726329,38.60960376670983],"type":"Point"},"id":"stl-city-public-streetlights:2:121084","properties":{"address":null,"attributes":{"Date_Installed":null,"LED_Powered":0,"LightID":"L013804","Light_Source":"LED","Light_Type":"Cobra","Lighting_Type":"LED-Powered Lamp","Verification_Date":null},"id":"stl-city-public-streetlights:2:121084","sourceLayerId":2,"sourceObjectId":121084,"sourceURL":"https://maps8.stlouis-mo.gov/arcgis/rest/services/STREETS/Streets_Permitting/MapServer/2","title":"Street light L013804"},"type":"Feature"},{"geometry":{"coordinates":[-90.22322579293551,38.60954699080008],"type":"Point"},"id":"stl-city-public-streetlights:2:121085","properties":{"address":null,"attributes":{"Date_Installed":"2020-01-15","LED_Powered":1,"LightID":"L013805","Light_Source":"LED","Light_Type":"Cobra","Lighting_Type":"5G Pole - 5G Pole -5G Pole - 2A","Verification_Date":null},"id":"stl-city-public-streetlights:2:121085","sourceLayerId":2,"sourceObjectId":121085,"sourceURL":"https://maps8.stlouis-mo.gov/arcgis/rest/services/STREETS/Streets_Permitting/MapServer/2","title":"Street light L013805"},"type":"Feature"},{"geometry":{"coordinates":[-90.22278799339723,38.609494182859876],"type":"Point"},"id":"stl-city-public-streetlights:2:121086","properties":{"address":null,"attributes":{"Date_Installed":null,"LED_Powered":0,"LightID":"L013806","Light_Source":"LED","Light_Type":"Cobra","Lighting_Type":"LED-Powered Lamp","Verification_Date":null},"id":"stl-city-public-streetlights:2:121086","sourceLayerId":2,"sourceObjectId":121086,"sourceURL":"https://maps8.stlouis-mo.gov/arcgis/rest/services/STREETS/Streets_Permitting/MapServer/2","title":"Street light L013806"},"type":"Feature"},{"geometry":{"coordinates":[-90.22239756840881,38.609446347798475],"type":"Point"},"id":"stl-city-public-streetlights:2:121087","properties":{"address":null,"attributes":{"Date_Installed":null,"LED_Powered":0,"LightID":"L013807","Light_Source":"LED","Light_Type":"Cobra","Lighting_Type":"LED-Powered Lamp","Verification_Date":null},"id":"stl-city-public-streetlights:2:121087","sourceLayerId":2,"sourceObjectId":121087,"sourceURL":"https://maps8.stlouis-mo.gov/arcgis/rest/services/STREETS/Streets_Permitting/MapServer/2","title":"Street light L013807"},"type":"Feature"},{"geometry":{"coordinates":[-90.22661161296628,38.609074342071075],"type":"Point"},"id":"stl-city-public-streetlights:2:121088","properties":{"address":null,"attributes":{"Date_Installed":null,"LED_Powered":0,"LightID":"L013808","Light_Source":"LED","Light_Type":"Cobra","Lighting_Type":"LED-Powered Lamp","Verification_Date":null},"id":"stl-city-public-streetlights:2:121088","sourceLayerId":2,"sourceObjectId":121088,"sourceURL":"https://maps8.stlouis-mo.gov/arcgis/rest/services/STREETS/Streets_Permitting/MapServer/2","title":"Street light L013808"},"type":"Feature"},{"geometry":{"coordinates":[-90.22618336169269,38.60901766826731],"type":"Point"},"id":"stl-city-public-streetlights:2:121089","properties":{"address":null,"attributes":{"Date_Installed":null,"LED_Powered":0,"LightID":"L013809","Light_Source":"LED","Light_Type":"Cobra","Lighting_Type":"LED-Powered Lamp","Verification_Date":null},"id":"stl-city-public-streetlights:2:121089","sourceLayerId":2,"sourceObjectId":121089,"sourceURL":"https://maps8.stlouis-mo.gov/arcgis/rest/services/STREETS/Streets_Permitting/MapServer/2","title":"Street light L013809"},"type":"Feature"},{"geometry":{"coordinates":[-90.2257814100062,38.608976019272454],"type":"Point"},"id":"stl-city-public-streetlights:2:121090","properties":{"address":null,"attributes":{"Date_Installed":null,"LED_Powered":0,"LightID":"L013810","Light_Source":"LED","Light_Type":"Cobra","Lighting_Type":"LED-Powered Lamp","Verification_Date":null},"id":"stl-city-public-streetlights:2:121090","sourceLayerId":2,"sourceObjectId":121090,"sourceURL":"https://maps8.stlouis-mo.gov/arcgis/rest/services/STREETS/Streets_Permitting/MapServer/2","title":"Street light L013810"},"type":"Feature"},{"geometry":{"coordinates":[-90.22536511188382,38.60892037227816],"type":"Point"},"id":"stl-city-public-streetlights:2:121091","properties":{"address":null,"attributes":{"Date_Installed":null,"LED_Powered":0,"LightID":"L013811","Light_Source":"LED","Light_Type":"Cobra","Lighting_Type":"LED-Powered Lamp","Verification_Date":null},"id":"stl-city-public-streetlights:2:121091","sourceLayerId":2,"sourceObjectId":121091,"sourceURL":"https://maps8.stlouis-mo.gov/arcgis/rest/services/STREETS/Streets_Permitting/MapServer/2","title":"Street light L013811"},"type":"Feature"},{"geometry":{"coordinates":[-90.22491392976433,38.60886623728782],"type":"Point"},"id":"stl-city-public-streetlights:2:121092","properties":{"address":null,"attributes":{"Date_Installed":null,"LED_Powered":0,"LightID":"L013812","Light_Source":"LED","Light_Type":"Cobra","Lighting_Type":"LED-Powered Lamp","Verification_Date":null},"id":"stl-city-public-streetlights:2:121092","sourceLayerId":2,"sourceObjectId":121092,"sourceURL":"https://maps8.stlouis-mo.gov/arcgis/rest/services/STREETS/Streets_Permitting/MapServer/2","title":"Street light L013812"},"type":"Feature"},{"geometry":{"coordinates":[-90.22445238404248,38.60881175814032],"type":"Point"},"id":"stl-city-public-streetlights:2:121093","properties":{"address":null,"attributes":{"Date_Installed":null,"LED_Powered":0,"LightID":"L013813","Light_Source":"LED","Light_Type":"Cobra","Lighting_Type":"LED-Powered Lamp","Verification_Date":null},"id":"stl-city-public-streetlights:2:121093","sourceLayerId":2,"sourceObjectId":121093,"sourceURL":"https://maps8.stlouis-mo.gov/arcgis/rest/services/STREETS/Streets_Permitting/MapServer/2","title":"Street light L013813"},"type":"Feature"},{"geometry":{"coordinates":[-90.22404674286808,38.60875550272648],"type":"Point"},"id":"stl-city-public-streetlights:2:121094","properties":{"address":null,"attributes":{"Date_Installed":null,"LED_Powered":0,"LightID":"L013814","Light_Source":"LED","Light_Type":"Cobra","Lighting_Type":"LED-Powered Lamp","Verification_Date":null},"id":"stl-city-public-streetlights:2:121094","sourceLayerId":2,"sourceObjectId":121094,"sourceURL":"https://maps8.stlouis-mo.gov/arcgis/rest/services/STREETS/Streets_Permitting/MapServer/2","title":"Street light L013814"},"type":"Feature"},{"geometry":{"coordinates":[-90.22361242501904,38.608699177279156],"type":"Point"},"id":"stl-city-public-streetlights:2:121095","properties":{"address":null,"attributes":{"Date_Installed":null,"LED_Powered":0,"LightID":"L013815","Light_Source":"LED","Light_Type":"Cobra","Lighting_Type":"LED-Powered Lamp","Verification_Date":null},"id":"stl-city-public-streetlights:2:121095","sourceLayerId":2,"sourceObjectId":121095,"sourceURL":"https://maps8.stlouis-mo.gov/arcgis/rest/services/STREETS/Streets_Permitting/MapServer/2","title":"Street light L013815"},"type":"Feature"},{"geometry":{"coordinates":[-90.22307242404767,38.60863459212808],"type":"Point"},"id":"stl-city-public-streetlights:2:121096","properties":{"address":null,"attributes":{"Date_Installed":null,"LED_Powered":0,"LightID":"L013816","Light_Source":"LED","Light_Type":"Cobra","Lighting_Type":"LED-Powered Lamp","Verification_Date":null},"id":"stl-city-public-streetlights:2:121096","sourceLayerId":2,"sourceObjectId":121096,"sourceURL":"https://maps8.stlouis-mo.gov/arcgis/rest/services/STREETS/Streets_Permitting/MapServer/2","title":"Street light L013816"},"type":"Feature"},{"geometry":{"coordinates":[-90.22262692673205,38.6085786185464],"type":"Point"},"id":"stl-city-public-streetlights:2:121097","properties":{"address":null,"attributes":{"Date_Installed":null,"LED_Powered":0,"LightID":"L013817","Light_Source":"LED","Light_Type":"Cobra","Lighting_Type":"LED-Powered Lamp","Verification_Date":null},"id":"stl-city-public-streetlights:2:121097","sourceLayerId":2,"sourceObjectId":121097,"sourceURL":"https://maps8.stlouis-mo.gov/arcgis/rest/services/STREETS/Streets_Permitting/MapServer/2","title":"Street light L013817"},"type":"Feature"},{"geometry":{"coordinates":[-90.22691989085186,38.60809622193203],"type":"Point"},"id":"stl-city-public-streetlights:2:121098","properties":{"address":null,"attributes":{"Date_Installed":"1/24/2018","LED_Powered":1,"LightID":"L013818","Light_Source":"LED","Light_Type":"Cobra","Lighting_Type":"LED-Powered Lamp","Verification_Date":null},"id":"stl-city-public-streetlights:2:121098","sourceLayerId":2,"sourceObjectId":121098,"sourceURL":"https://maps8.stlouis-mo.gov/arcgis/rest/services/STREETS/Streets_Permitting/MapServer/2","title":"Street light L013818"},"type":"Feature"},{"geometry":{"coordinates":[-90.22637042061278,38.60802974522795],"type":"Point"},"id":"stl-city-public-streetlights:2:121099","properties":{"address":null,"attributes":{"Date_Installed":"1/24/2018","LED_Powered":1,"LightID":"L013819","Light_Source":"LED","Light_Type":"Cobra","Lighting_Type":"LED-Powered Lamp","Verification_Date":null},"id":"stl-city-public-streetlights:2:121099","sourceLayerId":2,"sourceObjectId":121099,"sourceURL":"https://maps8.stlouis-mo.gov/arcgis/rest/services/STREETS/Streets_Permitting/MapServer/2","title":"Street light L013819"},"type":"Feature"},{"geometry":{"coordinates":[-90.22583717022694,38.607963544484605],"type":"Point"},"id":"stl-city-public-streetlights:2:121100","properties":{"address":null,"attributes":{"Date_Installed":"1/24/2018","LED_Powered":1,"LightID":"L013820","Light_Source":"LED","Light_Type":"Cobra","Lighting_Type":"LED-Powered Lamp","Verification_Date":null},"id":"stl-city-public-streetlights:2:121100","sourceLayerId":2,"sourceObjectId":121100,"sourceURL":"https://maps8.stlouis-mo.gov/arcgis/rest/services/STREETS/Streets_Permitting/MapServer/2","title":"Street light L013820"},"type":"Feature"},{"geometry":{"coordinates":[-90.22527622063821,38.607896440258294],"type":"Point"},"id":"stl-city-public-streetlights:2:121101","properties":{"address":null,"attributes":{"Date_Installed":"1/24/2018","LED_Powered":1,"LightID":"L013821","Light_Source":"LED","Light_Type":"Cobra","Lighting_Type":"LED-Powered Lamp","Verification_Date":null},"id":"stl-city-public-streetlights:2:121101","sourceLayerId":2,"sourceObjectId":121101,"sourceURL":"https://maps8.stlouis-mo.gov/arcgis/rest/services/STREETS/Streets_Permitting/MapServer/2","title":"Street light L013821"},"type":"Feature"},{"geometry":{"coordinates":[-90.22465874869752,38.60781857071985],"type":"Point"},"id":"stl-city-public-streetlights:2:121102","properties":{"address":null,"attributes":{"Date_Installed":null,"LED_Powered":0,"LightID":"L013822","Light_Source":"LED","Light_Type":"Cobra","Lighting_Type":"LED-Powered Lamp","Verification_Date":null},"id":"stl-city-public-streetlights:2:121102","sourceLayerId":2,"sourceObjectId":121102,"sourceURL":"https://maps8.stlouis-mo.gov/arcgis/rest/services/STREETS/Streets_Permitting/MapServer/2","title":"Street light L013822"},"type":"Feature"},{"geometry":{"coordinates":[-90.22405632376432,38.60774659642333],"type":"Point"},"id":"stl-city-public-streetlights:2:121103","properties":{"address":null,"attributes":{"Date_Installed":null,"LED_Powered":0,"LightID":"L013823","Light_Source":"LED","Light_Type":"Cobra","Lighting_Type":"LED-Powered Lamp","Verification_Date":null},"id":"stl-city-public-streetlights:2:121103","sourceLayerId":2,"sourceObjectId":121103,"sourceURL":"https://maps8.stlouis-mo.gov/arcgis/rest/services/STREETS/Streets_Permitting/MapServer/2","title":"Street light L013823"},"type":"Feature"},{"geometry":{"coordinates":[-90.22347189880543,38.60767061024291],"type":"Point"},"id":"stl-city-public-streetlights:2:121104","properties":{"address":null,"attributes":{"Date_Installed":null,"LED_Powered":0,"LightID":"L013824","Light_Source":"LED","Light_Type":"Cobra","Lighting_Type":"LED-Powered Lamp","Verification_Date":null},"id":"stl-city-public-streetlights:2:121104","sourceLayerId":2,"sourceObjectId":121104,"sourceURL":"https://maps8.stlouis-mo.gov/arcgis/rest/services/STREETS/Streets_Permitting/MapServer/2","title":"Street light L013824"},"type":"Feature"},{"geometry":{"coordinates":[-90.22287189752669,38.60760078060569],"type":"Point"},"id":"stl-city-public-streetlights:2:121105","properties":{"address":null,"attributes":{"Date_Installed":null,"LED_Powered":0,"LightID":"L013825","Light_Source":"LED","Light_Type":"Cobra","Lighting_Type":"LED-Powered Lamp","Verification_Date":null},"id":"stl-city-public-streetlights:2:121105","sourceLayerId":2,"sourceObjectId":121105,"sourceURL":"https://maps8.stlouis-mo.gov/arcgis/rest/services/STREETS/Streets_Permitting/MapServer/2","title":"Street light L013825"},"type":"Feature"},{"geometry":{"coordinates":[-90.2222632827356,38.60755929299224],"type":"Point"},"id":"stl-city-public-streetlights:2:121106","properties":{"address":null,"attributes":{"Date_Installed":null,"LED_Powered":0,"LightID":"L013826","Light_Source":"LED","Light_Type":"Cobra","Lighting_Type":"LED-Powered Lamp","Verification_Date":null},"id":"stl-city-public-streetlights:2:121106","sourceLayerId":2,"sourceObjectId":121106,"sourceURL":"https://maps8.stlouis-mo.gov/arcgis/rest/services/STREETS/Streets_Permitting/MapServer/2","title":"Street light L013826"},"type":"Feature"},{"geometry":{"coordinates":[-90.22170822938917,38.60749313970678],"type":"Point"},"id":"stl-city-public-streetlights:2:121107","properties":{"address":null,"attributes":{"Date_Installed":null,"LED_Powered":0,"LightID":"L013827","Light_Source":"LED","Light_Type":"Cobra","Lighting_Type":"LED-Powered Lamp","Verification_Date":null},"id":"stl-city-public-streetlights:2:121107","sourceLayerId":2,"sourceObjectId":121107,"sourceURL":"https://maps8.stlouis-mo.gov/arcgis/rest/services/STREETS/Streets_Permitting/MapServer/2","title":"Street light L013827"},"type":"Feature"},{"geometry":{"coordinates":[-90.22113374942843,38.60742312401338],"type":"Point"},"id":"stl-city-public-streetlights:2:121108","properties":{"address":null,"attributes":{"Date_Installed":null,"LED_Powered":0,"LightID":"L013828","Light_Source":"LED","Light_Type":"Cobra","Lighting_Type":"LED-Powered Lamp","Verification_Date":null},"id":"stl-city-public-streetlights:2:121108","sourceLayerId":2,"sourceObjectId":121108,"sourceURL":"https://maps8.stlouis-mo.gov/arcgis/rest/services/STREETS/Streets_Permitting/MapServer/2","title":"Street light L013828"},"type":"Feature"},{"geometry":{"coordinates":[-90.22056776968329,38.6073550320893],"type":"Point"},"id":"stl-city-public-streetlights:2:121109","properties":{"address":null,"attributes":{"Date_Installed":null,"LED_Powered":0,"LightID":"L013829","Light_Source":"LED","Light_Type":"Cobra","Lighting_Type":"LED-Powered Lamp","Verification_Date":null},"id":"stl-city-public-streetlights:2:121109","sourceLayerId":2,"sourceObjectId":121109,"sourceURL":"https://maps8.stlouis-mo.gov/arcgis/rest/services/STREETS/Streets_Permitting/MapServer/2","title":"Street light L013829"},"type":"Feature"},{"geometry":{"coordinates":[-90.22024546591467,38.60696727498149],"type":"Point"},"id":"stl-city-public-streetlights:2:121116","properties":{"address":null,"attributes":{"Date_Installed":null,"LED_Powered":0,"LightID":"L013836","Light_Source":"LED","Light_Type":"Cobra","Lighting_Type":"LED-Powered Lamp","Verification_Date":null},"id":"stl-city-public-streetlights:2:121116","sourceLayerId":2,"sourceObjectId":121116,"sourceURL":"https://maps8.stlouis-mo.gov/arcgis/rest/services/STREETS/Streets_Permitting/MapServer/2","title":"Street light L013836"},"type":"Feature"},{"geometry":{"coordinates":[-90.2207291619938,38.60702720642253],"type":"Point"},"id":"stl-city-public-streetlights:2:121533","properties":{"address":null,"attributes":{"Date_Installed":null,"LED_Powered":0,"LightID":"L014253","Light_Source":"LED","Light_Type":"Cobra","Lighting_Type":"LED-Powered Lamp","Verification_Date":null},"id":"stl-city-public-streetlights:2:121533","sourceLayerId":2,"sourceObjectId":121533,"sourceURL":"https://maps8.stlouis-mo.gov/arcgis/rest/services/STREETS/Streets_Permitting/MapServer/2","title":"Street light L014253"},"type":"Feature"},{"geometry":{"coordinates":[-90.22122771550191,38.6070886811573],"type":"Point"},"id":"stl-city-public-streetlights:2:121534","properties":{"address":null,"attributes":{"Date_Installed":null,"LED_Powered":0,"LightID":"L014254","Light_Source":"LED","Light_Type":"Cobra","Lighting_Type":"LED-Powered Lamp","Verification_Date":null},"id":"stl-city-public-streetlights:2:121534","sourceLayerId":2,"sourceObjectId":121534,"sourceURL":"https://maps8.stlouis-mo.gov/arcgis/rest/services/STREETS/Streets_Permitting/MapServer/2","title":"Street light L014254"},"type":"Feature"},{"geometry":{"coordinates":[-90.22056578885328,38.60638262323203],"type":"Point"},"id":"stl-city-public-streetlights:2:121535","properties":{"address":null,"attributes":{"Date_Installed":null,"LED_Powered":0,"LightID":"L014255","Light_Source":"LED","Light_Type":"Cobra","Lighting_Type":"LED-Powered Lamp","Verification_Date":null},"id":"stl-city-public-streetlights:2:121535","sourceLayerId":2,"sourceObjectId":121535,"sourceURL":"https://maps8.stlouis-mo.gov/arcgis/rest/services/STREETS/Streets_Permitting/MapServer/2","title":"Street light L014255"},"type":"Feature"},{"geometry":{"coordinates":[-90.22086259275943,38.60663440621442],"type":"Point"},"id":"stl-city-public-streetlights:2:121536","properties":{"address":null,"attributes":{"Date_Installed":null,"LED_Powered":0,"LightID":"L014256","Light_Source":"LED","Light_Type":"Cobra","Lighting_Type":"LED-Powered Lamp","Verification_Date":null},"id":"stl-city-public-streetlights:2:121536","sourceLayerId":2,"sourceObjectId":121536,"sourceURL":"https://maps8.stlouis-mo.gov/arcgis/rest/services/STREETS/Streets_Permitting/MapServer/2","title":"Street light L014256"},"type":"Feature"},{"geometry":{"coordinates":[-90.22135508569099,38.60669421731467],"type":"Point"},"id":"stl-city-public-streetlights:2:121537","properties":{"address":null,"attributes":{"Date_Installed":null,"LED_Powered":0,"LightID":"L014257","Light_Source":"LED","Light_Type":"Cobra","Lighting_Type":"LED-Powered Lamp","Verification_Date":null},"id":"stl-city-public-streetlights:2:121537","sourceLayerId":2,"sourceObjectId":121537,"sourceURL":"https://maps8.stlouis-mo.gov/arcgis/rest/services/STREETS/Streets_Permitting/MapServer/2","title":"Street light L014257"},"type":"Feature"},{"geometry":{"coordinates":[-90.22185758445599,38.60674356191822],"type":"Point"},"id":"stl-city-public-streetlights:2:121538","properties":{"address":null,"attributes":{"Date_Installed":null,"LED_Powered":0,"LightID":"L014258","Light_Source":"LED","Light_Type":"Cobra","Lighting_Type":"LED-Powered Lamp","Verification_Date":null},"id":"stl-city-public-streetlights:2:121538","sourceLayerId":2,"sourceObjectId":121538,"sourceURL":"https://maps8.stlouis-mo.gov/arcgis/rest/services/STREETS/Streets_Permitting/MapServer/2","title":"Street light L014258"},"type":"Feature"},{"geometry":{"coordinates":[-90.22231912846655,38.60679423690977],"type":"Point"},"id":"stl-city-public-streetlights:2:121539","properties":{"address":null,"attributes":{"Date_Installed":null,"LED_Powered":0,"LightID":"L014259","Light_Source":"LED","Light_Type":"Cobra","Lighting_Type":"LED-Powered Lamp","Verification_Date":null},"id":"stl-city-public-streetlights:2:121539","sourceLayerId":2,"sourceObjectId":121539,"sourceURL":"https://maps8.stlouis-mo.gov/arcgis/rest/services/STREETS/Streets_Permitting/MapServer/2","title":"Street light L014259"},"type":"Feature"},{"geometry":{"coordinates":[-90.22164514505782,38.60588143458719],"type":"Point"},"id":"stl-city-public-streetlights:2:121540","properties":{"address":null,"attributes":{"Date_Installed":null,"LED_Powered":0,"LightID":"L014260","Light_Source":"LED","Light_Type":"Cobra","Lighting_Type":"LED-Powered Lamp","Verification_Date":null},"id":"stl-city-public-streetlights:2:121540","sourceLayerId":2,"sourceObjectId":121540,"sourceURL":"https://maps8.stlouis-mo.gov/arcgis/rest/services/STREETS/Streets_Permitting/MapServer/2","title":"Street light L014260"},"type":"Feature"},{"geometry":{"coordinates":[-90.22205661036158,38.605998256745984],"type":"Point"},"id":"stl-city-public-streetlights:2:121541","properties":{"address":null,"attributes":{"Date_Installed":null,"LED_Powered":0,"LightID":"L014261","Light_Source":"LED","Light_Type":"Cobra","Lighting_Type":"LED-Powered Lamp","Verification_Date":null},"id":"stl-city-public-streetlights:2:121541","sourceLayerId":2,"sourceObjectId":121541,"sourceURL":"https://maps8.stlouis-mo.gov/arcgis/rest/services/STREETS/Streets_Permitting/MapServer/2","title":"Street light L014261"},"type":"Feature"},{"geometry":{"coordinates":[-90.22242256049324,38.6061020975315],"type":"Point"},"id":"stl-city-public-streetlights:2:121542","properties":{"address":null,"attributes":{"Date_Installed":null,"LED_Powered":0,"LightID":"L014262","Light_Source":"LED","Light_Type":"Cobra","Lighting_Type":"LED-Powered Lamp","Verification_Date":null},"id":"stl-city-public-streetlights:2:121542","sourceLayerId":2,"sourceObjectId":121542,"sourceURL":"https://maps8.stlouis-mo.gov/arcgis/rest/services/STREETS/Streets_Permitting/MapServer/2","title":"Street light L014262"},"type":"Feature"},{"geometry":{"coordinates":[-90.2230412620876,38.60626660273897],"type":"Point"},"id":"stl-city-public-streetlights:2:121543","properties":{"address":null,"attributes":{"Date_Installed":"9/15/2017","LED_Powered":1,"LightID":"L014263","Light_Source":"LED","Light_Type":"Cobra","Lighting_Type":"LED-Powered Lamp","Verification_Date":null},"id":"stl-city-public-streetlights:2:121543","sourceLayerId":2,"sourceObjectId":121543,"sourceURL":"https://maps8.stlouis-mo.gov/arcgis/rest/services/STREETS/Streets_Permitting/MapServer/2","title":"Street light L014263"},"type":"Feature"},{"geometry":{"coordinates":[-90.22343267141848,38.60638623292802],"type":"Point"},"id":"stl-city-public-streetlights:2:121544","properties":{"address":null,"attributes":{"Date_Installed":"9/15/2017","LED_Powered":1,"LightID":"L014264","Light_Source":"LED","Light_Type":"Cobra","Lighting_Type":"LED-Powered Lamp","Verification_Date":null},"id":"stl-city-public-streetlights:2:121544","sourceLayerId":2,"sourceObjectId":121544,"sourceURL":"https://maps8.stlouis-mo.gov/arcgis/rest/services/STREETS/Streets_Permitting/MapServer/2","title":"Street light L014264"},"type":"Feature"},{"geometry":{"coordinates":[-90.22376714581391,38.606476408732384],"type":"Point"},"id":"stl-city-public-streetlights:2:121545","properties":{"address":null,"attributes":{"Date_Installed":"9/15/2017","LED_Powered":1,"LightID":"L014265","Light_Source":"LED","Light_Type":"Cobra","Lighting_Type":"LED-Powered Lamp","Verification_Date":null},"id":"stl-city-public-streetlights:2:121545","sourceLayerId":2,"sourceObjectId":121545,"sourceURL":"https://maps8.stlouis-mo.gov/arcgis/rest/services/STREETS/Streets_Permitting/MapServer/2","title":"Street light L014265"},"type":"Feature"},{"geometry":{"coordinates":[-90.22421867213961,38.606604759197104],"type":"Point"},"id":"stl-city-public-streetlights:2:121546","properties":{"address":null,"attributes":{"Date_Installed":"9/15/2017","LED_Powered":1,"LightID":"L014266","Light_Source":"LED","Light_Type":"Cobra","Lighting_Type":"LED-Powered Lamp","Verification_Date":null},"id":"stl-city-public-streetlights:2:121546","sourceLayerId":2,"sourceObjectId":121546,"sourceURL":"https://maps8.stlouis-mo.gov/arcgis/rest/services/STREETS/Streets_Permitting/MapServer/2","title":"Street light L014266"},"type":"Feature"},{"geometry":{"coordinates":[-90.22465015880428,38.60672698243667],"type":"Point"},"id":"stl-city-public-streetlights:2:121547","properties":{"address":null,"attributes":{"Date_Installed":"9/15/2017","LED_Powered":1,"LightID":"L014267","Light_Source":"LED","Light_Type":"Cobra","Lighting_Type":"LED-Powered Lamp","Verification_Date":null},"id":"stl-city-public-streetlights:2:121547","sourceLayerId":2,"sourceObjectId":121547,"sourceURL":"https://maps8.stlouis-mo.gov/arcgis/rest/services/STREETS/Streets_Permitting/MapServer/2","title":"Street light L014267"},"type":"Feature"},{"geometry":{"coordinates":[-90.22511207482124,38.60686000161087],"type":"Point"},"id":"stl-city-public-streetlights:2:121548","properties":{"address":null,"attributes":{"Date_Installed":"9/15/2017","LED_Powered":1,"LightID":"L014268","Light_Source":"LED","Light_Type":"Cobra","Lighting_Type":"LED-Powered Lamp","Verification_Date":null},"id":"stl-city-public-streetlights:2:121548","sourceLayerId":2,"sourceObjectId":121548,"sourceURL":"https://maps8.stlouis-mo.gov/arcgis/rest/services/STREETS/Streets_Permitting/MapServer/2","title":"Street light L014268"},"type":"Feature"},{"geometry":{"coordinates":[-90.22547441029405,38.606958103681706],"type":"Point"},"id":"stl-city-public-streetlights:2:121549","properties":{"address":null,"attributes":{"Date_Installed":"9/15/2017","LED_Powered":1,"LightID":"L014269","Light_Source":"LED","Light_Type":"Cobra","Lighting_Type":"LED-Powered Lamp","Verification_Date":null},"id":"stl-city-public-streetlights:2:121549","sourceLayerId":2,"sourceObjectId":121549,"sourceURL":"https://maps8.stlouis-mo.gov/arcgis/rest/services/STREETS/Streets_Permitting/MapServer/2","title":"Street light L014269"},"type":"Feature"},{"geometry":{"coordinates":[-90.22586548527404,38.60707200426909],"type":"Point"},"id":"stl-city-public-streetlights:2:121550","properties":{"address":null,"attributes":{"Date_Installed":"9/15/2017","LED_Powered":1,"LightID":"L014270","Light_Source":"LED","Light_Type":"Cobra","Lighting_Type":"LED-Powered Lamp","Verification_Date":null},"id":"stl-city-public-streetlights:2:121550","sourceLayerId":2,"sourceObjectId":121550,"sourceURL":"https://maps8.stlouis-mo.gov/arcgis/rest/services/STREETS/Streets_Permitting/MapServer/2","title":"Street light L014270"},"type":"Feature"},{"geometry":{"coordinates":[-90.22627113501945,38.607187653844804],"type":"Point"},"id":"stl-city-public-streetlights:2:121551","properties":{"address":null,"attributes":{"Date_Installed":"9/15/2017","LED_Powered":1,"LightID":"L014271","Light_Source":"LED","Light_Type":"Cobra","Lighting_Type":"LED-Powered Lamp","Verification_Date":null},"id":"stl-city-public-streetlights:2:121551","sourceLayerId":2,"sourceObjectId":121551,"sourceURL":"https://maps8.stlouis-mo.gov/arcgis/rest/services/STREETS/Streets_Permitting/MapServer/2","title":"Street light L014271"},"type":"Feature"},{"geometry":{"coordinates":[-90.22669901818234,38.60730492690185],"type":"Point"},"id":"stl-city-public-streetlights:2:121552","properties":{"address":null,"attributes":{"Date_Installed":"9/15/2017","LED_Powered":1,"LightID":"L014272","Light_Source":"LED","Light_Type":"Cobra","Lighting_Type":"LED-Powered Lamp","Verification_Date":null},"id":"stl-city-public-streetlights:2:121552","sourceLayerId":2,"sourceObjectId":121552,"sourceURL":"https://maps8.stlouis-mo.gov/arcgis/rest/services/STREETS/Streets_Permitting/MapServer/2","title":"Street light L014272"},"type":"Feature"},{"geometry":{"coordinates":[-90.22706180305077,38.60740588544371],"type":"Point"},"id":"stl-city-public-streetlights:2:121553","properties":{"address":null,"attributes":{"Date_Installed":"9/15/2017","LED_Powered":1,"LightID":"L014273","Light_Source":"LED","Light_Type":"Cobra","Lighting_Type":"LED-Powered Lamp","Verification_Date":null},"id":"stl-city-public-streetlights:2:121553","sourceLayerId":2,"sourceObjectId":121553,"sourceURL":"https://maps8.stlouis-mo.gov/arcgis/rest/services/STREETS/Streets_Permitting/MapServer/2","title":"Street light L014273"},"type":"Feature"},{"geometry":{"coordinates":[-90.22586618558006,38.60601886260882],"type":"Point"},"id":"stl-city-public-streetlights:2:121554","properties":{"address":null,"attributes":{"Date_Installed":"9/15/2017","LED_Powered":1,"LightID":"L014274","Light_Source":"LED","Light_Type":"Cobra","Lighting_Type":"LED-Powered Lamp","Verification_Date":null},"id":"stl-city-public-streetlights:2:121554","sourceLayerId":2,"sourceObjectId":121554,"sourceURL":"https://maps8.stlouis-mo.gov/arcgis/rest/services/STREETS/Streets_Permitting/MapServer/2","title":"Street light L014274"},"type":"Feature"},{"geometry":{"coordinates":[-90.22542073116468,38.60590769476893],"type":"Point"},"id":"stl-city-public-streetlights:2:121555","properties":{"address":null,"attributes":{"Date_Installed":"9/15/2017","LED_Powered":1,"LightID":"L014275","Light_Source":"LED","Light_Type":"Cobra","Lighting_Type":"LED-Powered Lamp","Verification_Date":null},"id":"stl-city-public-streetlights:2:121555","sourceLayerId":2,"sourceObjectId":121555,"sourceURL":"https://maps8.stlouis-mo.gov/arcgis/rest/services/STREETS/Streets_Permitting/MapServer/2","title":"Street light L014275"},"type":"Feature"},{"geometry":{"coordinates":[-90.2248406774876,38.60574853711288],"type":"Point"},"id":"stl-city-public-streetlights:2:121556","properties":{"address":null,"attributes":{"Date_Installed":"9/15/2017","LED_Powered":1,"LightID":"L014276","Light_Source":"LED","Light_Type":"Cobra","Lighting_Type":"LED-Powered Lamp","Verification_Date":null},"id":"stl-city-public-streetlights:2:121556","sourceLayerId":2,"sourceObjectId":121556,"sourceURL":"https://maps8.stlouis-mo.gov/arcgis/rest/services/STREETS/Streets_Permitting/MapServer/2","title":"Street light L014276"},"type":"Feature"},{"geometry":{"coordinates":[-90.22425746501041,38.605581741267116],"type":"Point"},"id":"stl-city-public-streetlights:2:121557","properties":{"address":null,"attributes":{"Date_Installed":"9/15/2017","LED_Powered":1,"LightID":"L014277","Light_Source":"LED","Light_Type":"Cobra","Lighting_Type":"LED-Powered Lamp","Verification_Date":null},"id":"stl-city-public-streetlights:2:121557","sourceLayerId":2,"sourceObjectId":121557,"sourceURL":"https://maps8.stlouis-mo.gov/arcgis/rest/services/STREETS/Streets_Permitting/MapServer/2","title":"Street light L014277"},"type":"Feature"},{"geometry":{"coordinates":[-90.2236810677072,38.60542103693876],"type":"Point"},"id":"stl-city-public-streetlights:2:121558","properties":{"address":null,"attributes":{"Date_Installed":"9/15/2017","LED_Powered":1,"LightID":"L014278","Light_Source":"LED","Light_Type":"Cobra","Lighting_Type":"LED-Powered Lamp","Verification_Date":null},"id":"stl-city-public-streetlights:2:121558","sourceLayerId":2,"sourceObjectId":121558,"sourceURL":"https://maps8.stlouis-mo.gov/arcgis/rest/services/STREETS/Streets_Permitting/MapServer/2","title":"Street light L014278"},"type":"Feature"},{"geometry":{"coordinates":[-90.22329829878363,38.60531109369123],"type":"Point"},"id":"stl-city-public-streetlights:2:121559","properties":{"address":null,"attributes":{"Date_Installed":"9/15/2017","LED_Powered":1,"LightID":"L014279","Light_Source":"LED","Light_Type":"Cobra","Lighting_Type":"LED-Powered Lamp","Verification_Date":null},"id":"stl-city-public-streetlights:2:121559","sourceLayerId":2,"sourceObjectId":121559,"sourceURL":"https://maps8.stlouis-mo.gov/arcgis/rest/services/STREETS/Streets_Permitting/MapServer/2","title":"Street light L014279"},"type":"Feature"},{"geometry":{"coordinates":[-90.22988696172219,38.60937267021215],"type":"Point"},"id":"stl-city-public-streetlights:2:121603","properties":{"address":null,"attributes":{"Date_Installed":null,"LED_Powered":0,"LightID":"L014323","Light_Source":"LED","Light_Type":"Cobra","Lighting_Type":"LED-Powered Lamp","Verification_Date":null},"id":"stl-city-public-streetlights:2:121603","sourceLayerId":2,"sourceObjectId":121603,"sourceURL":"https://maps8.stlouis-mo.gov/arcgis/rest/services/STREETS/Streets_Permitting/MapServer/2","title":"Street light L014323"},"type":"Feature"},{"geometry":{"coordinates":[-90.22941607580492,38.60931199183053],"type":"Point"},"id":"stl-city-public-streetlights:2:121604","properties":{"address":null,"attributes":{"Date_Installed":null,"LED_Powered":0,"LightID":"L014324","Light_Source":"LED","Light_Type":"Cobra","Lighting_Type":"LED-Powered Lamp","Verification_Date":null},"id":"stl-city-public-streetlights:2:121604","sourceLayerId":2,"sourceObjectId":121604,"sourceURL":"https://maps8.stlouis-mo.gov/arcgis/rest/services/STREETS/Streets_Permitting/MapServer/2","title":"Street light L014324"},"type":"Feature"},{"geometry":{"coordinates":[-90.22977635392301,38.608452171739025],"type":"Point"},"id":"stl-city-public-streetlights:2:121610","properties":{"address":null,"attributes":{"Date_Installed":null,"LED_Powered":0,"LightID":"L014330","Light_Source":"LED","Light_Type":"Cobra","Lighting_Type":"LED-Powered Lamp","Verification_Date":null},"id":"stl-city-public-streetlights:2:121610","sourceLayerId":2,"sourceObjectId":121610,"sourceURL":"https://maps8.stlouis-mo.gov/arcgis/rest/services/STREETS/Streets_Permitting/MapServer/2","title":"Street light L014330"},"type":"Feature"},{"geometry":{"coordinates":[-90.22921411712682,38.60838615727824],"type":"Point"},"id":"stl-city-public-streetlights:2:121611","properties":{"address":null,"attributes":{"Date_Installed":"1/24/2018","LED_Powered":1,"LightID":"L014331","Light_Source":"LED","Light_Type":"Cobra","Lighting_Type":"LED-Powered Lamp","Verification_Date":null},"id":"stl-city-public-streetlights:2:121611","sourceLayerId":2,"sourceObjectId":121611,"sourceURL":"https://maps8.stlouis-mo.gov/arcgis/rest/services/STREETS/Streets_Permitting/MapServer/2","title":"Street light L014331"},"type":"Feature"},{"geometry":{"coordinates":[-90.22862568195224,38.608307565049664],"type":"Point"},"id":"stl-city-public-streetlights:2:121612","properties":{"address":null,"attributes":{"Date_Installed":"1/24/2018","LED_Powered":1,"LightID":"L014332","Light_Source":"LED","Light_Type":"Cobra","Lighting_Type":"LED-Powered Lamp","Verification_Date":null},"id":"stl-city-public-streetlights:2:121612","sourceLayerId":2,"sourceObjectId":121612,"sourceURL":"https://maps8.stlouis-mo.gov/arcgis/rest/services/STREETS/Streets_Permitting/MapServer/2","title":"Street light L014332"},"type":"Feature"},{"geometry":{"coordinates":[-90.2280608496993,38.608237128254174],"type":"Point"},"id":"stl-city-public-streetlights:2:121613","properties":{"address":null,"attributes":{"Date_Installed":"1/24/2018","LED_Powered":1,"LightID":"L014333","Light_Source":"LED","Light_Type":"Cobra","Lighting_Type":"LED-Powered Lamp","Verification_Date":null},"id":"stl-city-public-streetlights:2:121613","sourceLayerId":2,"sourceObjectId":121613,"sourceURL":"https://maps8.stlouis-mo.gov/arcgis/rest/services/STREETS/Streets_Permitting/MapServer/2","title":"Street light L014333"},"type":"Feature"},{"geometry":{"coordinates":[-90.2275137963966,38.60817340485487],"type":"Point"},"id":"stl-city-public-streetlights:2:121614","properties":{"address":null,"attributes":{"Date_Installed":"1/24/2018","LED_Powered":1,"LightID":"L014334","Light_Source":"LED","Light_Type":"Cobra","Lighting_Type":"LED-Powered Lamp","Verification_Date":null},"id":"stl-city-public-streetlights:2:121614","sourceLayerId":2,"sourceObjectId":121614,"sourceURL":"https://maps8.stlouis-mo.gov/arcgis/rest/services/STREETS/Streets_Permitting/MapServer/2","title":"Street light L014334"},"type":"Feature"},{"geometry":{"coordinates":[-90.22967098965783,38.60751956270461],"type":"Point"},"id":"stl-city-public-streetlights:2:121620","properties":{"address":null,"attributes":{"Date_Installed":null,"LED_Powered":0,"LightID":"L014340","Light_Source":"LED","Light_Type":"Cobra","Lighting_Type":"LED-Powered Lamp","Verification_Date":null},"id":"stl-city-public-streetlights:2:121620","sourceLayerId":2,"sourceObjectId":121620,"sourceURL":"https://maps8.stlouis-mo.gov/arcgis/rest/services/STREETS/Streets_Permitting/MapServer/2","title":"Street light L014340"},"type":"Feature"},{"geometry":{"coordinates":[-90.2292401059465,38.607471966002315],"type":"Point"},"id":"stl-city-public-streetlights:2:121621","properties":{"address":null,"attributes":{"Date_Installed":null,"LED_Powered":0,"LightID":"L014341","Light_Source":"LED","Light_Type":"Cobra","Lighting_Type":"LED-Powered Lamp","Verification_Date":null},"id":"stl-city-public-streetlights:2:121621","sourceLayerId":2,"sourceObjectId":121621,"sourceURL":"https://maps8.stlouis-mo.gov/arcgis/rest/services/STREETS/Streets_Permitting/MapServer/2","title":"Street light L014341"},"type":"Feature"},{"geometry":{"coordinates":[-90.22880851682153,38.60741793189464],"type":"Point"},"id":"stl-city-public-streetlights:2:121622","properties":{"address":null,"attributes":{"Date_Installed":null,"LED_Powered":0,"LightID":"L014342","Light_Source":"LED","Light_Type":"Cobra","Lighting_Type":"LED-Powered Lamp","Verification_Date":null},"id":"stl-city-public-streetlights:2:121622","sourceLayerId":2,"sourceObjectId":121622,"sourceURL":"https://maps8.stlouis-mo.gov/arcgis/rest/services/STREETS/Streets_Permitting/MapServer/2","title":"Street light L014342"},"type":"Feature"},{"geometry":{"coordinates":[-90.22835860800444,38.60735676093404],"type":"Point"},"id":"stl-city-public-streetlights:2:121623","properties":{"address":null,"attributes":{"Date_Installed":null,"LED_Powered":0,"LightID":"L014343","Light_Source":"LED","Light_Type":"Cobra","Lighting_Type":"LED-Powered Lamp","Verification_Date":null},"id":"stl-city-public-streetlights:2:121623","sourceLayerId":2,"sourceObjectId":121623,"sourceURL":"https://maps8.stlouis-mo.gov/arcgis/rest/services/STREETS/Streets_Permitting/MapServer/2","title":"Street light L014343"},"type":"Feature"},{"geometry":{"coordinates":[-90.22794958648508,38.60731195254825],"type":"Point"},"id":"stl-city-public-streetlights:2:121624","properties":{"address":null,"attributes":{"Date_Installed":null,"LED_Powered":0,"LightID":"L014344","Light_Source":"LED","Light_Type":"Cobra","Lighting_Type":"LED-Powered Lamp","Verification_Date":null},"id":"stl-city-public-streetlights:2:121624","sourceLayerId":2,"sourceObjectId":121624,"sourceURL":"https://maps8.stlouis-mo.gov/arcgis/rest/services/STREETS/Streets_Permitting/MapServer/2","title":"Street light L014344"},"type":"Feature"},{"geometry":{"coordinates":[-90.22740222815962,38.607250313487164],"type":"Point"},"id":"stl-city-public-streetlights:2:121625","properties":{"address":null,"attributes":{"Date_Installed":null,"LED_Powered":0,"LightID":"L014345","Light_Source":"LED","Light_Type":"Cobra","Lighting_Type":"LED-Powered Lamp","Verification_Date":null},"id":"stl-city-public-streetlights:2:121625","sourceLayerId":2,"sourceObjectId":121625,"sourceURL":"https://maps8.stlouis-mo.gov/arcgis/rest/services/STREETS/Streets_Permitting/MapServer/2","title":"Street light L014345"},"type":"Feature"},{"geometry":{"coordinates":[-90.2298562872112,38.606623808282954],"type":"Point"},"id":"stl-city-public-streetlights:2:121631","properties":{"address":null,"attributes":{"Date_Installed":null,"LED_Powered":0,"LightID":"L014351","Light_Source":"LED","Light_Type":"Cobra","Lighting_Type":"LED-Powered Lamp","Verification_Date":null},"id":"stl-city-public-streetlights:2:121631","sourceLayerId":2,"sourceObjectId":121631,"sourceURL":"https://maps8.stlouis-mo.gov/arcgis/rest/services/STREETS/Streets_Permitting/MapServer/2","title":"Street light L014351"},"type":"Feature"},{"geometry":{"coordinates":[-90.22928152649729,38.60655550128577],"type":"Point"},"id":"stl-city-public-streetlights:2:121632","properties":{"address":null,"attributes":{"Date_Installed":null,"LED_Powered":0,"LightID":"L014352","Light_Source":"LED","Light_Type":"Cobra","Lighting_Type":"LED-Powered Lamp","Verification_Date":null},"id":"stl-city-public-streetlights:2:121632","sourceLayerId":2,"sourceObjectId":121632,"sourceURL":"https://maps8.stlouis-mo.gov/arcgis/rest/services/STREETS/Streets_Permitting/MapServer/2","title":"Street light L014352"},"type":"Feature"},{"geometry":{"coordinates":[-90.22871844250727,38.60648435639514],"type":"Point"},"id":"stl-city-public-streetlights:2:121633","properties":{"address":null,"attributes":{"Date_Installed":null,"LED_Powered":0,"LightID":"L014353","Light_Source":"LED","Light_Type":"Cobra","Lighting_Type":"LED-Powered Lamp","Verification_Date":null},"id":"stl-city-public-streetlights:2:121633","sourceLayerId":2,"sourceObjectId":121633,"sourceURL":"https://maps8.stlouis-mo.gov/arcgis/rest/services/STREETS/Streets_Permitting/MapServer/2","title":"Street light L014353"},"type":"Feature"},{"geometry":{"coordinates":[-90.22812577321584,38.6064130220483],"type":"Point"},"id":"stl-city-public-streetlights:2:121634","properties":{"address":null,"attributes":{"Date_Installed":null,"LED_Powered":0,"LightID":"L014354","Light_Source":"LED","Light_Type":"Cobra","Lighting_Type":"LED-Powered Lamp","Verification_Date":null},"id":"stl-city-public-streetlights:2:121634","sourceLayerId":2,"sourceObjectId":121634,"sourceURL":"https://maps8.stlouis-mo.gov/arcgis/rest/services/STREETS/Streets_Permitting/MapServer/2","title":"Street light L014354"},"type":"Feature"},{"geometry":{"coordinates":[-90.22753263183733,38.60633810795272],"type":"Point"},"id":"stl-city-public-streetlights:2:121635","properties":{"address":null,"attributes":{"Date_Installed":"2020-01-24","LED_Powered":1,"LightID":"L014355","Light_Source":"LED","Light_Type":"Cobra","Lighting_Type":"5G Pole - 5G Pole -5G Pole - 2A","Verification_Date":null},"id":"stl-city-public-streetlights:2:121635","sourceLayerId":2,"sourceObjectId":121635,"sourceURL":"https://maps8.stlouis-mo.gov/arcgis/rest/services/STREETS/Streets_Permitting/MapServer/2","title":"Street light L014355"},"type":"Feature"},{"geometry":{"coordinates":[-90.2269447913248,38.606283821082044],"type":"Point"},"id":"stl-city-public-streetlights:2:121636","properties":{"address":null,"attributes":{"Date_Installed":"9/15/2017","LED_Powered":1,"LightID":"L014356","Light_Source":"LED","Light_Type":"Cobra","Lighting_Type":"LED-Powered Lamp","Verification_Date":null},"id":"stl-city-public-streetlights:2:121636","sourceLayerId":2,"sourceObjectId":121636,"sourceURL":"https://maps8.stlouis-mo.gov/arcgis/rest/services/STREETS/Streets_Permitting/MapServer/2","title":"Street light L014356"},"type":"Feature"},{"geometry":{"coordinates":[-90.22880955712954,38.60003946513001],"type":"Point"},"id":"stl-city-public-streetlights:2:121837","properties":{"address":null,"attributes":{"Date_Installed":null,"LED_Powered":0,"LightID":"L014557","Light_Source":"LED","Light_Type":"Cobra","Lighting_Type":"LED-Powered Lamp","Verification_Date":1651363200000},"id":"stl-city-public-streetlights:2:121837","sourceLayerId":2,"sourceObjectId":121837,"sourceURL":"https://maps8.stlouis-mo.gov/arcgis/rest/services/STREETS/Streets_Permitting/MapServer/2","title":"Street light L014557"},"type":"Feature"},{"geometry":{"coordinates":[-90.22991022783582,38.600397765876885],"type":"Point"},"id":"stl-city-public-streetlights:2:121838","properties":{"address":null,"attributes":{"Date_Installed":null,"LED_Powered":0,"LightID":"L014558","Light_Source":"LED","Light_Type":"Cobra","Lighting_Type":"LED-Powered Lamp","Verification_Date":null},"id":"stl-city-public-streetlights:2:121838","sourceLayerId":2,"sourceObjectId":121838,"sourceURL":"https://maps8.stlouis-mo.gov/arcgis/rest/services/STREETS/Streets_Permitting/MapServer/2","title":"Street light L014558"},"type":"Feature"},{"geometry":{"coordinates":[-90.22996135912474,38.60012772346345],"type":"Point"},"id":"stl-city-public-streetlights:2:121839","properties":{"address":null,"attributes":{"Date_Installed":null,"LED_Powered":0,"LightID":"L014559","Light_Source":"LED","Light_Type":"Cobra","Lighting_Type":"LED-Powered Lamp","Verification_Date":null},"id":"stl-city-public-streetlights:2:121839","sourceLayerId":2,"sourceObjectId":121839,"sourceURL":"https://maps8.stlouis-mo.gov/arcgis/rest/services/STREETS/Streets_Permitting/MapServer/2","title":"Street light L014559"},"type":"Feature"},{"geometry":{"coordinates":[-90.2264243799782,38.60613601304609],"type":"Point"},"id":"stl-city-public-streetlights:2:122157","properties":{"address":null,"attributes":{"Date_Installed":"9/15/2017","LED_Powered":1,"LightID":"L014877","Light_Source":"LED","Light_Type":"Cobra","Lighting_Type":"LED-Powered Lamp","Verification_Date":null},"id":"stl-city-public-streetlights:2:122157","sourceLayerId":2,"sourceObjectId":122157,"sourceURL":"https://maps8.stlouis-mo.gov/arcgis/rest/services/STREETS/Streets_Permitting/MapServer/2","title":"Street light L014877"},"type":"Feature"},{"geometry":{"coordinates":[-90.22973991129122,38.60426673445622],"type":"Point"},"id":"stl-city-public-streetlights:2:122164","properties":{"address":null,"attributes":{"Date_Installed":null,"LED_Powered":0,"LightID":"L014884","Light_Source":"LED","Light_Type":"Cobra","Lighting_Type":"LED-Powered Lamp","Verification_Date":null},"id":"stl-city-public-streetlights:2:122164","sourceLayerId":2,"sourceObjectId":122164,"sourceURL":"https://maps8.stlouis-mo.gov/arcgis/rest/services/STREETS/Streets_Permitting/MapServer/2","title":"Street light L014884"},"type":"Feature"},{"geometry":{"coordinates":[-90.22921191146581,38.60411963656261],"type":"Point"},"id":"stl-city-public-streetlights:2:122165","properties":{"address":null,"attributes":{"Date_Installed":null,"LED_Powered":0,"LightID":"L014885","Light_Source":"LED","Light_Type":"Cobra","Lighting_Type":"LED-Powered Lamp","Verification_Date":null},"id":"stl-city-public-streetlights:2:122165","sourceLayerId":2,"sourceObjectId":122165,"sourceURL":"https://maps8.stlouis-mo.gov/arcgis/rest/services/STREETS/Streets_Permitting/MapServer/2","title":"Street light L014885"},"type":"Feature"},{"geometry":{"coordinates":[-90.22865171984462,38.603955299607414],"type":"Point"},"id":"stl-city-public-streetlights:2:122166","properties":{"address":null,"attributes":{"Date_Installed":null,"LED_Powered":0,"LightID":"L014886","Light_Source":"LED","Light_Type":"Cobra","Lighting_Type":"LED-Powered Lamp","Verification_Date":null},"id":"stl-city-public-streetlights:2:122166","sourceLayerId":2,"sourceObjectId":122166,"sourceURL":"https://maps8.stlouis-mo.gov/arcgis/rest/services/STREETS/Streets_Permitting/MapServer/2","title":"Street light L014886"},"type":"Feature"},{"geometry":{"coordinates":[-90.22812067955819,38.603810096031154],"type":"Point"},"id":"stl-city-public-streetlights:2:122167","properties":{"address":null,"attributes":{"Date_Installed":null,"LED_Powered":0,"LightID":"L014887","Light_Source":"LED","Light_Type":"Cobra","Lighting_Type":"LED-Powered Lamp","Verification_Date":null},"id":"stl-city-public-streetlights:2:122167","sourceLayerId":2,"sourceObjectId":122167,"sourceURL":"https://maps8.stlouis-mo.gov/arcgis/rest/services/STREETS/Streets_Permitting/MapServer/2","title":"Street light L014887"},"type":"Feature"},{"geometry":{"coordinates":[-90.22961901670908,38.60269822661566],"type":"Point"},"id":"stl-city-public-streetlights:2:122175","properties":{"address":null,"attributes":{"Date_Installed":"9/15/2017","LED_Powered":1,"LightID":"L014895","Light_Source":"LED","Light_Type":"Cobra","Lighting_Type":"LED-Powered Lamp","Verification_Date":null},"id":"stl-city-public-streetlights:2:122175","sourceLayerId":2,"sourceObjectId":122175,"sourceURL":"https://maps8.stlouis-mo.gov/arcgis/rest/services/STREETS/Streets_Permitting/MapServer/2","title":"Street light L014895"},"type":"Feature"},{"geometry":{"coordinates":[-90.22912982463767,38.60255765307429],"type":"Point"},"id":"stl-city-public-streetlights:2:122176","properties":{"address":null,"attributes":{"Date_Installed":"9/15/2017","LED_Powered":1,"LightID":"L014896","Light_Source":"LED","Light_Type":"Cobra","Lighting_Type":"LED-Powered Lamp","Verification_Date":null},"id":"stl-city-public-streetlights:2:122176","sourceLayerId":2,"sourceObjectId":122176,"sourceURL":"https://maps8.stlouis-mo.gov/arcgis/rest/services/STREETS/Streets_Permitting/MapServer/2","title":"Street light L014896"},"type":"Feature"},{"geometry":{"coordinates":[-90.22908929881773,38.609973024100086],"type":"Point"},"id":"stl-city-public-streetlights:2:122251","properties":{"address":null,"attributes":{"Date_Installed":null,"LED_Powered":0,"LightID":"L014971","Light_Source":"LED","Light_Type":"Cobra","Lighting_Type":"LED-Powered Lamp","Verification_Date":null},"id":"stl-city-public-streetlights:2:122251","sourceLayerId":2,"sourceObjectId":122251,"sourceURL":"https://maps8.stlouis-mo.gov/arcgis/rest/services/STREETS/Streets_Permitting/MapServer/2","title":"Street light L014971"},"type":"Feature"},{"geometry":{"coordinates":[-90.2291799393266,38.60951524573637],"type":"Point"},"id":"stl-city-public-streetlights:2:122252","properties":{"address":null,"attributes":{"Date_Installed":null,"LED_Powered":0,"LightID":"L014972","Light_Source":"LED","Light_Type":"Cobra","Lighting_Type":"LED-Powered Lamp","Verification_Date":null},"id":"stl-city-public-streetlights:2:122252","sourceLayerId":2,"sourceObjectId":122252,"sourceURL":"https://maps8.stlouis-mo.gov/arcgis/rest/services/STREETS/Streets_Permitting/MapServer/2","title":"Street light L014972"},"type":"Feature"},{"geometry":{"coordinates":[-90.2292701464692,38.60907531837169],"type":"Point"},"id":"stl-city-public-streetlights:2:122253","properties":{"address":null,"attributes":{"Date_Installed":null,"LED_Powered":0,"LightID":"L014973","Light_Source":"LED","Light_Type":"Cobra","Lighting_Type":"LED-Powered Lamp","Verification_Date":null},"id":"stl-city-public-streetlights:2:122253","sourceLayerId":2,"sourceObjectId":122253,"sourceURL":"https://maps8.stlouis-mo.gov/arcgis/rest/services/STREETS/Streets_Permitting/MapServer/2","title":"Street light L014973"},"type":"Feature"},{"geometry":{"coordinates":[-90.2293589487041,38.608631614710674],"type":"Point"},"id":"stl-city-public-streetlights:2:122254","properties":{"address":null,"attributes":{"Date_Installed":"2020-01-15","LED_Powered":1,"LightID":"L014974","Light_Source":"LED","Light_Type":"Cobra","Lighting_Type":"5G Pole - 5G Pole -5G Pole - 1A","Verification_Date":null},"id":"stl-city-public-streetlights:2:122254","sourceLayerId":2,"sourceObjectId":122254,"sourceURL":"https://maps8.stlouis-mo.gov/arcgis/rest/services/STREETS/Streets_Permitting/MapServer/2","title":"Street light L014974"},"type":"Feature"},{"geometry":{"coordinates":[-90.22945532278307,38.60817513666152],"type":"Point"},"id":"stl-city-public-streetlights:2:122255","properties":{"address":null,"attributes":{"Date_Installed":null,"LED_Powered":0,"LightID":"L014975","Light_Source":"LED","Light_Type":"Cobra","Lighting_Type":"LED-Powered Lamp","Verification_Date":null},"id":"stl-city-public-streetlights:2:122255","sourceLayerId":2,"sourceObjectId":122255,"sourceURL":"https://maps8.stlouis-mo.gov/arcgis/rest/services/STREETS/Streets_Permitting/MapServer/2","title":"Street light L014975"},"type":"Feature"},{"geometry":{"coordinates":[-90.22955546508496,38.60771771315774],"type":"Point"},"id":"stl-city-public-streetlights:2:122256","properties":{"address":null,"attributes":{"Date_Installed":null,"LED_Powered":0,"LightID":"L014976","Light_Source":"LED","Light_Type":"Cobra","Lighting_Type":"LED-Powered Lamp","Verification_Date":null},"id":"stl-city-public-streetlights:2:122256","sourceLayerId":2,"sourceObjectId":122256,"sourceURL":"https://maps8.stlouis-mo.gov/arcgis/rest/services/STREETS/Streets_Permitting/MapServer/2","title":"Street light L014976"},"type":"Feature"},{"geometry":{"coordinates":[-90.22964736900204,38.60726956592221],"type":"Point"},"id":"stl-city-public-streetlights:2:122257","properties":{"address":null,"attributes":{"Date_Installed":null,"LED_Powered":0,"LightID":"L014977","Light_Source":"LED","Light_Type":"Cobra","Lighting_Type":"LED-Powered Lamp","Verification_Date":null},"id":"stl-city-public-streetlights:2:122257","sourceLayerId":2,"sourceObjectId":122257,"sourceURL":"https://maps8.stlouis-mo.gov/arcgis/rest/services/STREETS/Streets_Permitting/MapServer/2","title":"Street light L014977"},"type":"Feature"},{"geometry":{"coordinates":[-90.22974585854945,38.606814998701665],"type":"Point"},"id":"stl-city-public-streetlights:2:122258","properties":{"address":null,"attributes":{"Date_Installed":null,"LED_Powered":0,"LightID":"L014978","Light_Source":"LED","Light_Type":"Cobra","Lighting_Type":"LED-Powered Lamp","Verification_Date":null},"id":"stl-city-public-streetlights:2:122258","sourceLayerId":2,"sourceObjectId":122258,"sourceURL":"https://maps8.stlouis-mo.gov/arcgis/rest/services/STREETS/Streets_Permitting/MapServer/2","title":"Street light L014978"},"type":"Feature"},{"geometry":{"coordinates":[-90.22984175786202,38.60635399029488],"type":"Point"},"id":"stl-city-public-streetlights:2:122259","properties":{"address":null,"attributes":{"Date_Installed":null,"LED_Powered":0,"LightID":"L014979","Light_Source":"LED","Light_Type":"Cobra","Lighting_Type":"LED-Powered Lamp","Verification_Date":null},"id":"stl-city-public-streetlights:2:122259","sourceLayerId":2,"sourceObjectId":122259,"sourceURL":"https://maps8.stlouis-mo.gov/arcgis/rest/services/STREETS/Streets_Permitting/MapServer/2","title":"Street light L014979"},"type":"Feature"},{"geometry":{"coordinates":[-90.2299474669156,38.60586869017645],"type":"Point"},"id":"stl-city-public-streetlights:2:122260","properties":{"address":null,"attributes":{"Date_Installed":null,"LED_Powered":0,"LightID":"L014980","Light_Source":"LED","Light_Type":"Cobra","Lighting_Type":"LED-Powered Lamp","Verification_Date":null},"id":"stl-city-public-streetlights:2:122260","sourceLayerId":2,"sourceObjectId":122260,"sourceURL":"https://maps8.stlouis-mo.gov/arcgis/rest/services/STREETS/Streets_Permitting/MapServer/2","title":"Street light L014980"},"type":"Feature"},{"geometry":{"coordinates":[-90.22969536662815,38.60194065142559],"type":"Point"},"id":"stl-city-public-streetlights:2:122616","properties":{"address":null,"attributes":{"Date_Installed":"6/9/2017","LED_Powered":1,"LightID":"L015336","Light_Source":"LED","Light_Type":"Cobra","Lighting_Type":"LED-Powered Lamp","Verification_Date":null},"id":"stl-city-public-streetlights:2:122616","sourceLayerId":2,"sourceObjectId":122616,"sourceURL":"https://maps8.stlouis-mo.gov/arcgis/rest/services/STREETS/Streets_Permitting/MapServer/2","title":"Street light L015336"},"type":"Feature"},{"geometry":{"coordinates":[-90.22910271752336,38.602188488360554],"type":"Point"},"id":"stl-city-public-streetlights:2:122617","properties":{"address":null,"attributes":{"Date_Installed":"6/9/2017","LED_Powered":1,"LightID":"L015337","Light_Source":"LED","Light_Type":"Cobra","Lighting_Type":"LED-Powered Lamp","Verification_Date":null},"id":"stl-city-public-streetlights:2:122617","sourceLayerId":2,"sourceObjectId":122617,"sourceURL":"https://maps8.stlouis-mo.gov/arcgis/rest/services/STREETS/Streets_Permitting/MapServer/2","title":"Street light L015337"},"type":"Feature"},{"geometry":{"coordinates":[-90.22949332356909,38.60240361204703],"type":"Point"},"id":"stl-city-public-streetlights:2:122618","properties":{"address":null,"attributes":{"Date_Installed":null,"LED_Powered":0,"LightID":"L015338","Light_Source":"LED","Light_Type":"Cobra","Lighting_Type":"LED-Powered Lamp","Verification_Date":null},"id":"stl-city-public-streetlights:2:122618","sourceLayerId":2,"sourceObjectId":122618,"sourceURL":"https://maps8.stlouis-mo.gov/arcgis/rest/services/STREETS/Streets_Permitting/MapServer/2","title":"Street light L015338"},"type":"Feature"},{"geometry":{"coordinates":[-90.22953015136817,38.60225669547337],"type":"Point"},"id":"stl-city-public-streetlights:2:122619","properties":{"address":null,"attributes":{"Date_Installed":"2020-01-24","LED_Powered":1,"LightID":"L015339","Light_Source":"LED","Light_Type":"Cobra","Lighting_Type":"5G Pole - 5G Pole -5G Pole - 1A","Verification_Date":null},"id":"stl-city-public-streetlights:2:122619","sourceLayerId":2,"sourceObjectId":122619,"sourceURL":"https://maps8.stlouis-mo.gov/arcgis/rest/services/STREETS/Streets_Permitting/MapServer/2","title":"Street light L015339"},"type":"Feature"},{"geometry":{"coordinates":[-90.22865877722117,38.60638912058679],"type":"Point"},"id":"stl-city-public-streetlights:2:123422","properties":{"address":null,"attributes":{"Date_Installed":null,"LED_Powered":0,"LightID":"L016142","Light_Source":"LED","Light_Type":"Cobra","Lighting_Type":"LED-Powered Lamp","Verification_Date":null},"id":"stl-city-public-streetlights:2:123422","sourceLayerId":2,"sourceObjectId":123422,"sourceURL":"https://maps8.stlouis-mo.gov/arcgis/rest/services/STREETS/Streets_Permitting/MapServer/2","title":"Street light L016142"},"type":"Feature"},{"geometry":{"coordinates":[-90.22873135697444,38.60607226782053],"type":"Point"},"id":"stl-city-public-streetlights:2:123423","properties":{"address":null,"attributes":{"Date_Installed":null,"LED_Powered":0,"LightID":"L016143","Light_Source":"LED","Light_Type":"Cobra","Lighting_Type":"LED-Powered Lamp","Verification_Date":null},"id":"stl-city-public-streetlights:2:123423","sourceLayerId":2,"sourceObjectId":123423,"sourceURL":"https://maps8.stlouis-mo.gov/arcgis/rest/services/STREETS/Streets_Permitting/MapServer/2","title":"Street light L016143"},"type":"Feature"},{"geometry":{"coordinates":[-90.22879699473778,38.60574348007329],"type":"Point"},"id":"stl-city-public-streetlights:2:123424","properties":{"address":null,"attributes":{"Date_Installed":null,"LED_Powered":0,"LightID":"L016144","Light_Source":"LED","Light_Type":"Cobra","Lighting_Type":"LED-Powered Lamp","Verification_Date":null},"id":"stl-city-public-streetlights:2:123424","sourceLayerId":2,"sourceObjectId":123424,"sourceURL":"https://maps8.stlouis-mo.gov/arcgis/rest/services/STREETS/Streets_Permitting/MapServer/2","title":"Street light L016144"},"type":"Feature"},{"geometry":{"coordinates":[-90.2288680498021,38.6054278146343],"type":"Point"},"id":"stl-city-public-streetlights:2:123425","properties":{"address":null,"attributes":{"Date_Installed":null,"LED_Powered":0,"LightID":"L016145","Light_Source":"LED","Light_Type":"Cobra","Lighting_Type":"LED-Powered Lamp","Verification_Date":null},"id":"stl-city-public-streetlights:2:123425","sourceLayerId":2,"sourceObjectId":123425,"sourceURL":"https://maps8.stlouis-mo.gov/arcgis/rest/services/STREETS/Streets_Permitting/MapServer/2","title":"Street light L016145"},"type":"Feature"},{"geometry":{"coordinates":[-90.22894065120876,38.605105002318076],"type":"Point"},"id":"stl-city-public-streetlights:2:123426","properties":{"address":null,"attributes":{"Date_Installed":null,"LED_Powered":0,"LightID":"L016146","Light_Source":"LED","Light_Type":"Cobra","Lighting_Type":"LED-Powered Lamp","Verification_Date":null},"id":"stl-city-public-streetlights:2:123426","sourceLayerId":2,"sourceObjectId":123426,"sourceURL":"https://maps8.stlouis-mo.gov/arcgis/rest/services/STREETS/Streets_Permitting/MapServer/2","title":"Street light L016146"},"type":"Feature"},{"geometry":{"coordinates":[-90.22900721995262,38.604770258037334],"type":"Point"},"id":"stl-city-public-streetlights:2:123427","properties":{"address":null,"attributes":{"Date_Installed":null,"LED_Powered":0,"LightID":"L016147","Light_Source":"LED","Light_Type":"Cobra","Lighting_Type":"LED-Powered Lamp","Verification_Date":null},"id":"stl-city-public-streetlights:2:123427","sourceLayerId":2,"sourceObjectId":123427,"sourceURL":"https://maps8.stlouis-mo.gov/arcgis/rest/services/STREETS/Streets_Permitting/MapServer/2","title":"Street light L016147"},"type":"Feature"},{"geometry":{"coordinates":[-90.22915786972466,38.60404820300327],"type":"Point"},"id":"stl-city-public-streetlights:2:123428","properties":{"address":null,"attributes":{"Date_Installed":null,"LED_Powered":0,"LightID":"L016148","Light_Source":"LED","Light_Type":"Cobra","Lighting_Type":"LED-Powered Lamp","Verification_Date":null},"id":"stl-city-public-streetlights:2:123428","sourceLayerId":2,"sourceObjectId":123428,"sourceURL":"https://maps8.stlouis-mo.gov/arcgis/rest/services/STREETS/Streets_Permitting/MapServer/2","title":"Street light L016148"},"type":"Feature"},{"geometry":{"coordinates":[-90.22922431989883,38.60372828338148],"type":"Point"},"id":"stl-city-public-streetlights:2:123429","properties":{"address":null,"attributes":{"Date_Installed":null,"LED_Powered":0,"LightID":"L016149","Light_Source":"LED","Light_Type":"Cobra","Lighting_Type":"LED-Powered Lamp","Verification_Date":null},"id":"stl-city-public-streetlights:2:123429","sourceLayerId":2,"sourceObjectId":123429,"sourceURL":"https://maps8.stlouis-mo.gov/arcgis/rest/services/STREETS/Streets_Permitting/MapServer/2","title":"Street light L016149"},"type":"Feature"},{"geometry":{"coordinates":[-90.22929044245782,38.60340648097706],"type":"Point"},"id":"stl-city-public-streetlights:2:123430","properties":{"address":null,"attributes":{"Date_Installed":null,"LED_Powered":0,"LightID":"L016150","Light_Source":"LED","Light_Type":"Cobra","Lighting_Type":"LED-Powered Lamp","Verification_Date":null},"id":"stl-city-public-streetlights:2:123430","sourceLayerId":2,"sourceObjectId":123430,"sourceURL":"https://maps8.stlouis-mo.gov/arcgis/rest/services/STREETS/Streets_Permitting/MapServer/2","title":"Street light L016150"},"type":"Feature"},{"geometry":{"coordinates":[-90.22935650722604,38.60308401082025],"type":"Point"},"id":"stl-city-public-streetlights:2:123431","properties":{"address":null,"attributes":{"Date_Installed":null,"LED_Powered":0,"LightID":"L016151","Light_Source":"LED","Light_Type":"Cobra","Lighting_Type":"LED-Powered Lamp","Verification_Date":null},"id":"stl-city-public-streetlights:2:123431","sourceLayerId":2,"sourceObjectId":123431,"sourceURL":"https://maps8.stlouis-mo.gov/arcgis/rest/services/STREETS/Streets_Permitting/MapServer/2","title":"Street light L016151"},"type":"Feature"},{"geometry":{"coordinates":[-90.22942156334237,38.60274687801669],"type":"Point"},"id":"stl-city-public-streetlights:2:123432","properties":{"address":null,"attributes":{"Date_Installed":null,"LED_Powered":0,"LightID":"L016152","Light_Source":"LED","Light_Type":"Cobra","Lighting_Type":"LED-Powered Lamp","Verification_Date":null},"id":"stl-city-public-streetlights:2:123432","sourceLayerId":2,"sourceObjectId":123432,"sourceURL":"https://maps8.stlouis-mo.gov/arcgis/rest/services/STREETS/Streets_Permitting/MapServer/2","title":"Street light L016152"},"type":"Feature"},{"geometry":{"coordinates":[-90.2281435126302,38.60328180417257],"type":"Point"},"id":"stl-city-public-streetlights:2:123436","properties":{"address":null,"attributes":{"Date_Installed":null,"LED_Powered":0,"LightID":"L016156","Light_Source":"LED","Light_Type":"Cobra","Lighting_Type":"LED-Powered Lamp","Verification_Date":null},"id":"stl-city-public-streetlights:2:123436","sourceLayerId":2,"sourceObjectId":123436,"sourceURL":"https://maps8.stlouis-mo.gov/arcgis/rest/services/STREETS/Streets_Permitting/MapServer/2","title":"Street light L016156"},"type":"Feature"},{"geometry":{"coordinates":[-90.22805072808569,38.60373647906459],"type":"Point"},"id":"stl-city-public-streetlights:2:123437","properties":{"address":null,"attributes":{"Date_Installed":null,"LED_Powered":0,"LightID":"L016157","Light_Source":"LED","Light_Type":"Cobra","Lighting_Type":"LED-Powered Lamp","Verification_Date":null},"id":"stl-city-public-streetlights:2:123437","sourceLayerId":2,"sourceObjectId":123437,"sourceURL":"https://maps8.stlouis-mo.gov/arcgis/rest/services/STREETS/Streets_Permitting/MapServer/2","title":"Street light L016157"},"type":"Feature"},{"geometry":{"coordinates":[-90.22795355698814,38.6042108326962],"type":"Point"},"id":"stl-city-public-streetlights:2:123438","properties":{"address":null,"attributes":{"Date_Installed":null,"LED_Powered":0,"LightID":"L016158","Light_Source":"LED","Light_Type":"Cobra","Lighting_Type":"LED-Powered Lamp","Verification_Date":null},"id":"stl-city-public-streetlights:2:123438","sourceLayerId":2,"sourceObjectId":123438,"sourceURL":"https://maps8.stlouis-mo.gov/arcgis/rest/services/STREETS/Streets_Permitting/MapServer/2","title":"Street light L016158"},"type":"Feature"},{"geometry":{"coordinates":[-90.2278588929188,38.60466397687636],"type":"Point"},"id":"stl-city-public-streetlights:2:123439","properties":{"address":null,"attributes":{"Date_Installed":null,"LED_Powered":0,"LightID":"L016159","Light_Source":"LED","Light_Type":"Cobra","Lighting_Type":"LED-Powered Lamp","Verification_Date":null},"id":"stl-city-public-streetlights:2:123439","sourceLayerId":2,"sourceObjectId":123439,"sourceURL":"https://maps8.stlouis-mo.gov/arcgis/rest/services/STREETS/Streets_Permitting/MapServer/2","title":"Street light L016159"},"type":"Feature"},{"geometry":{"coordinates":[-90.22775508280809,38.60512568158509],"type":"Point"},"id":"stl-city-public-streetlights:2:123440","properties":{"address":null,"attributes":{"Date_Installed":null,"LED_Powered":0,"LightID":"L016160","Light_Source":"LED","Light_Type":"Cobra","Lighting_Type":"LED-Powered Lamp","Verification_Date":null},"id":"stl-city-public-streetlights:2:123440","sourceLayerId":2,"sourceObjectId":123440,"sourceURL":"https://maps8.stlouis-mo.gov/arcgis/rest/services/STREETS/Streets_Permitting/MapServer/2","title":"Street light L016160"},"type":"Feature"},{"geometry":{"coordinates":[-90.2276604027407,38.60558240114234],"type":"Point"},"id":"stl-city-public-streetlights:2:123441","properties":{"address":null,"attributes":{"Date_Installed":null,"LED_Powered":0,"LightID":"L016161","Light_Source":"LED","Light_Type":"Cobra","Lighting_Type":"LED-Powered Lamp","Verification_Date":null},"id":"stl-city-public-streetlights:2:123441","sourceLayerId":2,"sourceObjectId":123441,"sourceURL":"https://maps8.stlouis-mo.gov/arcgis/rest/services/STREETS/Streets_Permitting/MapServer/2","title":"Street light L016161"},"type":"Feature"},{"geometry":{"coordinates":[-90.2275675392411,38.60604055543461],"type":"Point"},"id":"stl-city-public-streetlights:2:123442","properties":{"address":null,"attributes":{"Date_Installed":null,"LED_Powered":0,"LightID":"L016162","Light_Source":"LED","Light_Type":"Cobra","Lighting_Type":"LED-Powered Lamp","Verification_Date":null},"id":"stl-city-public-streetlights:2:123442","sourceLayerId":2,"sourceObjectId":123442,"sourceURL":"https://maps8.stlouis-mo.gov/arcgis/rest/services/STREETS/Streets_Permitting/MapServer/2","title":"Street light L016162"},"type":"Feature"},{"geometry":{"coordinates":[-90.2274707412602,38.60649440949461],"type":"Point"},"id":"stl-city-public-streetlights:2:123443","properties":{"address":null,"attributes":{"Date_Installed":null,"LED_Powered":0,"LightID":"L016163","Light_Source":"LED","Light_Type":"Cobra","Lighting_Type":"LED-Powered Lamp","Verification_Date":null},"id":"stl-city-public-streetlights:2:123443","sourceLayerId":2,"sourceObjectId":123443,"sourceURL":"https://maps8.stlouis-mo.gov/arcgis/rest/services/STREETS/Streets_Permitting/MapServer/2","title":"Street light L016163"},"type":"Feature"},{"geometry":{"coordinates":[-90.22737244810608,38.60694164559084],"type":"Point"},"id":"stl-city-public-streetlights:2:123444","properties":{"address":null,"attributes":{"Date_Installed":null,"LED_Powered":0,"LightID":"L016164","Light_Source":"LED","Light_Type":"Cobra","Lighting_Type":"LED-Powered Lamp","Verification_Date":null},"id":"stl-city-public-streetlights:2:123444","sourceLayerId":2,"sourceObjectId":123444,"sourceURL":"https://maps8.stlouis-mo.gov/arcgis/rest/services/STREETS/Streets_Permitting/MapServer/2","title":"Street light L016164"},"type":"Feature"},{"geometry":{"coordinates":[-90.22727932749042,38.60738668913595],"type":"Point"},"id":"stl-city-public-streetlights:2:123445","properties":{"address":null,"attributes":{"Date_Installed":null,"LED_Powered":0,"LightID":"L016165","Light_Source":"LED","Light_Type":"Cobra","Lighting_Type":"LED-Powered Lamp","Verification_Date":null},"id":"stl-city-public-streetlights:2:123445","sourceLayerId":2,"sourceObjectId":123445,"sourceURL":"https://maps8.stlouis-mo.gov/arcgis/rest/services/STREETS/Streets_Permitting/MapServer/2","title":"Street light L016165"},"type":"Feature"},{"geometry":{"coordinates":[-90.22718220894488,38.60784387901167],"type":"Point"},"id":"stl-city-public-streetlights:2:123446","properties":{"address":null,"attributes":{"Date_Installed":"1/24/2018","LED_Powered":1,"LightID":"L016166","Light_Source":"LED","Light_Type":"Cobra","Lighting_Type":"LED-Powered Lamp","Verification_Date":null},"id":"stl-city-public-streetlights:2:123446","sourceLayerId":2,"sourceObjectId":123446,"sourceURL":"https://maps8.stlouis-mo.gov/arcgis/rest/services/STREETS/Streets_Permitting/MapServer/2","title":"Street light L016166"},"type":"Feature"},{"geometry":{"coordinates":[-90.22708629600383,38.608303455345954],"type":"Point"},"id":"stl-city-public-streetlights:2:123447","properties":{"address":null,"attributes":{"Date_Installed":"1/24/2018","LED_Powered":1,"LightID":"L016167","Light_Source":"LED","Light_Type":"Cobra","Lighting_Type":"LED-Powered Lamp","Verification_Date":null},"id":"stl-city-public-streetlights:2:123447","sourceLayerId":2,"sourceObjectId":123447,"sourceURL":"https://maps8.stlouis-mo.gov/arcgis/rest/services/STREETS/Streets_Permitting/MapServer/2","title":"Street light L016167"},"type":"Feature"},{"geometry":{"coordinates":[-90.22699704081798,38.608769483080735],"type":"Point"},"id":"stl-city-public-streetlights:2:123448","properties":{"address":null,"attributes":{"Date_Installed":"1/24/2018","LED_Powered":1,"LightID":"L016168","Light_Source":"LED","Light_Type":"Cobra","Lighting_Type":"LED-Powered Lamp","Verification_Date":null},"id":"stl-city-public-streetlights:2:123448","sourceLayerId":2,"sourceObjectId":123448,"sourceURL":"https://maps8.stlouis-mo.gov/arcgis/rest/services/STREETS/Streets_Permitting/MapServer/2","title":"Street light L016168"},"type":"Feature"},{"geometry":{"coordinates":[-90.22690058401105,38.60921165805869],"type":"Point"},"id":"stl-city-public-streetlights:2:123449","properties":{"address":null,"attributes":{"Date_Installed":"1/24/2018","LED_Powered":1,"LightID":"L016169","Light_Source":"LED","Light_Type":"Cobra","Lighting_Type":"LED-Powered Lamp","Verification_Date":null},"id":"stl-city-public-streetlights:2:123449","sourceLayerId":2,"sourceObjectId":123449,"sourceURL":"https://maps8.stlouis-mo.gov/arcgis/rest/services/STREETS/Streets_Permitting/MapServer/2","title":"Street light L016169"},"type":"Feature"},{"geometry":{"coordinates":[-90.22681623003155,38.60966625567023],"type":"Point"},"id":"stl-city-public-streetlights:2:123450","properties":{"address":null,"attributes":{"Date_Installed":"1/24/2018","LED_Powered":1,"LightID":"L016170","Light_Source":"LED","Light_Type":"Cobra","Lighting_Type":"LED-Powered Lamp","Verification_Date":null},"id":"stl-city-public-streetlights:2:123450","sourceLayerId":2,"sourceObjectId":123450,"sourceURL":"https://maps8.stlouis-mo.gov/arcgis/rest/services/STREETS/Streets_Permitting/MapServer/2","title":"Street light L016170"},"type":"Feature"},{"geometry":{"coordinates":[-90.22779328017457,38.60989408292479],"type":"Point"},"id":"stl-city-public-streetlights:2:123472","properties":{"address":null,"attributes":{"Date_Installed":"1/24/2018","LED_Powered":1,"LightID":"L016192","Light_Source":"LED","Light_Type":"Cobra","Lighting_Type":"LED-Powered Lamp","Verification_Date":null},"id":"stl-city-public-streetlights:2:123472","sourceLayerId":2,"sourceObjectId":123472,"sourceURL":"https://maps8.stlouis-mo.gov/arcgis/rest/services/STREETS/Streets_Permitting/MapServer/2","title":"Street light L016192"},"type":"Feature"},{"geometry":{"coordinates":[-90.22786200165916,38.60955529146997],"type":"Point"},"id":"stl-city-public-streetlights:2:123473","properties":{"address":null,"attributes":{"Date_Installed":"1/24/2018","LED_Powered":1,"LightID":"L016193","Light_Source":"LED","Light_Type":"Cobra","Lighting_Type":"LED-Powered Lamp","Verification_Date":null},"id":"stl-city-public-streetlights:2:123473","sourceLayerId":2,"sourceObjectId":123473,"sourceURL":"https://maps8.stlouis-mo.gov/arcgis/rest/services/STREETS/Streets_Permitting/MapServer/2","title":"Street light L016193"},"type":"Feature"},{"geometry":{"coordinates":[-90.2279316734794,38.609205777025025],"type":"Point"},"id":"stl-city-public-streetlights:2:123474","properties":{"address":null,"attributes":{"Date_Installed":"1/24/2018","LED_Powered":1,"LightID":"L016194","Light_Source":"LED","Light_Type":"Cobra","Lighting_Type":"LED-Powered Lamp","Verification_Date":null},"id":"stl-city-public-streetlights:2:123474","sourceLayerId":2,"sourceObjectId":123474,"sourceURL":"https://maps8.stlouis-mo.gov/arcgis/rest/services/STREETS/Streets_Permitting/MapServer/2","title":"Street light L016194"},"type":"Feature"},{"geometry":{"coordinates":[-90.2280011587094,38.60885745306459],"type":"Point"},"id":"stl-city-public-streetlights:2:123475","properties":{"address":null,"attributes":{"Date_Installed":"1/24/2018","LED_Powered":1,"LightID":"L016195","Light_Source":"LED","Light_Type":"Cobra","Lighting_Type":"LED-Powered Lamp","Verification_Date":null},"id":"stl-city-public-streetlights:2:123475","sourceLayerId":2,"sourceObjectId":123475,"sourceURL":"https://maps8.stlouis-mo.gov/arcgis/rest/services/STREETS/Streets_Permitting/MapServer/2","title":"Street light L016195"},"type":"Feature"},{"geometry":{"coordinates":[-90.22807293123928,38.608514378458864],"type":"Point"},"id":"stl-city-public-streetlights:2:123476","properties":{"address":null,"attributes":{"Date_Installed":"1/24/2018","LED_Powered":1,"LightID":"L016196","Light_Source":"LED","Light_Type":"Cobra","Lighting_Type":"LED-Powered Lamp","Verification_Date":null},"id":"stl-city-public-streetlights:2:123476","sourceLayerId":2,"sourceObjectId":123476,"sourceURL":"https://maps8.stlouis-mo.gov/arcgis/rest/services/STREETS/Streets_Permitting/MapServer/2","title":"Street light L016196"},"type":"Feature"},{"geometry":{"coordinates":[-90.2234359130605,38.60096525078774],"type":"Point"},"id":"stl-city-public-streetlights:2:123739","properties":{"address":null,"attributes":{"Date_Installed":"3/17/20","LED_Powered":1,"LightID":"L016467","Light_Source":"LED","Light_Type":"Cobra","Lighting_Type":"LED-Powered Lamp","Verification_Date":null},"id":"stl-city-public-streetlights:2:123739","sourceLayerId":2,"sourceObjectId":123739,"sourceURL":"https://maps8.stlouis-mo.gov/arcgis/rest/services/STREETS/Streets_Permitting/MapServer/2","title":"Street light L016467"},"type":"Feature"},{"geometry":{"coordinates":[-90.22298149759249,38.600839751632144],"type":"Point"},"id":"stl-city-public-streetlights:2:123740","properties":{"address":null,"attributes":{"Date_Installed":"3/17/20","LED_Powered":1,"LightID":"L016468","Light_Source":"LED","Light_Type":"Cobra","Lighting_Type":"LED-Powered Lamp","Verification_Date":null},"id":"stl-city-public-streetlights:2:123740","sourceLayerId":2,"sourceObjectId":123740,"sourceURL":"https://maps8.stlouis-mo.gov/arcgis/rest/services/STREETS/Streets_Permitting/MapServer/2","title":"Street light L016468"},"type":"Feature"},{"geometry":{"coordinates":[-90.22252300422876,38.60070812666936],"type":"Point"},"id":"stl-city-public-streetlights:2:123741","properties":{"address":null,"attributes":{"Date_Installed":"3/17/20","LED_Powered":1,"LightID":"L016469","Light_Source":"LED","Light_Type":"Cobra","Lighting_Type":"LED-Powered Lamp","Verification_Date":null},"id":"stl-city-public-streetlights:2:123741","sourceLayerId":2,"sourceObjectId":123741,"sourceURL":"https://maps8.stlouis-mo.gov/arcgis/rest/services/STREETS/Streets_Permitting/MapServer/2","title":"Street light L016469"},"type":"Feature"},{"geometry":{"coordinates":[-90.22208615493113,38.600588778256046],"type":"Point"},"id":"stl-city-public-streetlights:2:123742","properties":{"address":null,"attributes":{"Date_Installed":"3/17/20","LED_Powered":1,"LightID":"L016470","Light_Source":"LED","Light_Type":"Cobra","Lighting_Type":"LED-Powered Lamp","Verification_Date":null},"id":"stl-city-public-streetlights:2:123742","sourceLayerId":2,"sourceObjectId":123742,"sourceURL":"https://maps8.stlouis-mo.gov/arcgis/rest/services/STREETS/Streets_Permitting/MapServer/2","title":"Street light L016470"},"type":"Feature"},{"geometry":{"coordinates":[-90.22169566044144,38.600477012280365],"type":"Point"},"id":"stl-city-public-streetlights:2:123743","properties":{"address":null,"attributes":{"Date_Installed":"3/17/20","LED_Powered":1,"LightID":"L016471","Light_Source":"LED","Light_Type":"Cobra","Lighting_Type":"LED-Powered Lamp","Verification_Date":null},"id":"stl-city-public-streetlights:2:123743","sourceLayerId":2,"sourceObjectId":123743,"sourceURL":"https://maps8.stlouis-mo.gov/arcgis/rest/services/STREETS/Streets_Permitting/MapServer/2","title":"Street light L016471"},"type":"Feature"},{"geometry":{"coordinates":[-90.2212350651965,38.600348630402806],"type":"Point"},"id":"stl-city-public-streetlights:2:123744","properties":{"address":null,"attributes":{"Date_Installed":"3/17/20","LED_Powered":1,"LightID":"L016472","Light_Source":"LED","Light_Type":"Cobra","Lighting_Type":"LED-Powered Lamp","Verification_Date":null},"id":"stl-city-public-streetlights:2:123744","sourceLayerId":2,"sourceObjectId":123744,"sourceURL":"https://maps8.stlouis-mo.gov/arcgis/rest/services/STREETS/Streets_Permitting/MapServer/2","title":"Street light L016472"},"type":"Feature"},{"geometry":{"coordinates":[-90.22081452165855,38.60023178363176],"type":"Point"},"id":"stl-city-public-streetlights:2:123745","properties":{"address":null,"attributes":{"Date_Installed":"3/17/20","LED_Powered":1,"LightID":"L016473","Light_Source":"LED","Light_Type":"Cobra","Lighting_Type":"LED-Powered Lamp","Verification_Date":null},"id":"stl-city-public-streetlights:2:123745","sourceLayerId":2,"sourceObjectId":123745,"sourceURL":"https://maps8.stlouis-mo.gov/arcgis/rest/services/STREETS/Streets_Permitting/MapServer/2","title":"Street light L016473"},"type":"Feature"},{"geometry":{"coordinates":[-90.22036053417568,38.60009983932345],"type":"Point"},"id":"stl-city-public-streetlights:2:123746","properties":{"address":null,"attributes":{"Date_Installed":"3/17/20","LED_Powered":1,"LightID":"L016474","Light_Source":"LED","Light_Type":"Cobra","Lighting_Type":"LED-Powered Lamp","Verification_Date":null},"id":"stl-city-public-streetlights:2:123746","sourceLayerId":2,"sourceObjectId":123746,"sourceURL":"https://maps8.stlouis-mo.gov/arcgis/rest/services/STREETS/Streets_Permitting/MapServer/2","title":"Street light L016474"},"type":"Feature"},{"geometry":{"coordinates":[-90.22043034188232,38.60229360193028],"type":"Point"},"id":"stl-city-public-streetlights:2:128911","properties":{"address":null,"attributes":{"Date_Installed":"3/17/20","LED_Powered":1,"LightID":"L021627","Light_Source":"LED","Light_Type":"Cobra","Lighting_Type":"LED-Powered Lamp","Verification_Date":null},"id":"stl-city-public-streetlights:2:128911","sourceLayerId":2,"sourceObjectId":128911,"sourceURL":"https://maps8.stlouis-mo.gov/arcgis/rest/services/STREETS/Streets_Permitting/MapServer/2","title":"Street light L021627"},"type":"Feature"},{"geometry":{"coordinates":[-90.2208812563132,38.60243054487911],"type":"Point"},"id":"stl-city-public-streetlights:2:128912","properties":{"address":null,"attributes":{"Date_Installed":"3/17/20","LED_Powered":1,"LightID":"L021628","Light_Source":"LED","Light_Type":"Cobra","Lighting_Type":"LED-Powered Lamp","Verification_Date":null},"id":"stl-city-public-streetlights:2:128912","sourceLayerId":2,"sourceObjectId":128912,"sourceURL":"https://maps8.stlouis-mo.gov/arcgis/rest/services/STREETS/Streets_Permitting/MapServer/2","title":"Street light L021628"},"type":"Feature"},{"geometry":{"coordinates":[-90.2213254896536,38.60255173785866],"type":"Point"},"id":"stl-city-public-streetlights:2:128913","properties":{"address":null,"attributes":{"Date_Installed":"2020-01-15","LED_Powered":1,"LightID":"L021629","Light_Source":"LED","Light_Type":"Cobra","Lighting_Type":"5G Pole - 5G Pole -5G Pole - 2A","Verification_Date":null},"id":"stl-city-public-streetlights:2:128913","sourceLayerId":2,"sourceObjectId":128913,"sourceURL":"https://maps8.stlouis-mo.gov/arcgis/rest/services/STREETS/Streets_Permitting/MapServer/2","title":"Street light L021629"},"type":"Feature"},{"geometry":{"coordinates":[-90.22180174680062,38.60268706914812],"type":"Point"},"id":"stl-city-public-streetlights:2:128914","properties":{"address":null,"attributes":{"Date_Installed":"3/17/20","LED_Powered":1,"LightID":"L021630","Light_Source":"LED","Light_Type":"Cobra","Lighting_Type":"LED-Powered Lamp","Verification_Date":null},"id":"stl-city-public-streetlights:2:128914","sourceLayerId":2,"sourceObjectId":128914,"sourceURL":"https://maps8.stlouis-mo.gov/arcgis/rest/services/STREETS/Streets_Permitting/MapServer/2","title":"Street light L021630"},"type":"Feature"},{"geometry":{"coordinates":[-90.22223609830111,38.60281157209148],"type":"Point"},"id":"stl-city-public-streetlights:2:128915","properties":{"address":null,"attributes":{"Date_Installed":"3/17/20","LED_Powered":1,"LightID":"L021631","Light_Source":"LED","Light_Type":"Cobra","Lighting_Type":"LED-Powered Lamp","Verification_Date":null},"id":"stl-city-public-streetlights:2:128915","sourceLayerId":2,"sourceObjectId":128915,"sourceURL":"https://maps8.stlouis-mo.gov/arcgis/rest/services/STREETS/Streets_Permitting/MapServer/2","title":"Street light L021631"},"type":"Feature"},{"geometry":{"coordinates":[-90.22266269638861,38.6029303343676],"type":"Point"},"id":"stl-city-public-streetlights:2:128916","properties":{"address":null,"attributes":{"Date_Installed":"3/17/20","LED_Powered":1,"LightID":"L021632","Light_Source":"LED","Light_Type":"Cobra","Lighting_Type":"LED-Powered Lamp","Verification_Date":null},"id":"stl-city-public-streetlights:2:128916","sourceLayerId":2,"sourceObjectId":128916,"sourceURL":"https://maps8.stlouis-mo.gov/arcgis/rest/services/STREETS/Streets_Permitting/MapServer/2","title":"Street light L021632"},"type":"Feature"},{"geometry":{"coordinates":[-90.22313422396846,38.603064457140334],"type":"Point"},"id":"stl-city-public-streetlights:2:128917","properties":{"address":null,"attributes":{"Date_Installed":"3/17/20","LED_Powered":1,"LightID":"L021633","Light_Source":"LED","Light_Type":"Cobra","Lighting_Type":"LED-Powered Lamp","Verification_Date":null},"id":"stl-city-public-streetlights:2:128917","sourceLayerId":2,"sourceObjectId":128917,"sourceURL":"https://maps8.stlouis-mo.gov/arcgis/rest/services/STREETS/Streets_Permitting/MapServer/2","title":"Street light L021633"},"type":"Feature"},{"geometry":{"coordinates":[-90.22236633756512,38.60490386597515],"type":"Point"},"id":"stl-city-public-streetlights:2:128932","properties":{"address":null,"attributes":{"Date_Installed":"1/11/2018","LED_Powered":1,"LightID":"L021648","Light_Source":"LED","Light_Type":"Cobra","Lighting_Type":"LED-Powered Lamp","Verification_Date":null},"id":"stl-city-public-streetlights:2:128932","sourceLayerId":2,"sourceObjectId":128932,"sourceURL":"https://maps8.stlouis-mo.gov/arcgis/rest/services/STREETS/Streets_Permitting/MapServer/2","title":"Street light L021648"},"type":"Feature"},{"geometry":{"coordinates":[-90.2218563817608,38.604759638069815],"type":"Point"},"id":"stl-city-public-streetlights:2:128933","properties":{"address":null,"attributes":{"Date_Installed":"1/11/2018","LED_Powered":1,"LightID":"L021649","Light_Source":"LED","Light_Type":"Cobra","Lighting_Type":"LED-Powered Lamp","Verification_Date":null},"id":"stl-city-public-streetlights:2:128933","sourceLayerId":2,"sourceObjectId":128933,"sourceURL":"https://maps8.stlouis-mo.gov/arcgis/rest/services/STREETS/Streets_Permitting/MapServer/2","title":"Street light L021649"},"type":"Feature"},{"geometry":{"coordinates":[-90.22144702614185,38.604649017465476],"type":"Point"},"id":"stl-city-public-streetlights:2:128934","properties":{"address":null,"attributes":{"Date_Installed":"1/11/2018","LED_Powered":1,"LightID":"L021650","Light_Source":"LED","Light_Type":"Cobra","Lighting_Type":"LED-Powered Lamp","Verification_Date":null},"id":"stl-city-public-streetlights:2:128934","sourceLayerId":2,"sourceObjectId":128934,"sourceURL":"https://maps8.stlouis-mo.gov/arcgis/rest/services/STREETS/Streets_Permitting/MapServer/2","title":"Street light L021650"},"type":"Feature"},{"geometry":{"coordinates":[-90.22098823595726,38.60451825610331],"type":"Point"},"id":"stl-city-public-streetlights:2:128935","properties":{"address":null,"attributes":{"Date_Installed":"1/11/2018","LED_Powered":1,"LightID":"L021651","Light_Source":"LED","Light_Type":"Cobra","Lighting_Type":"LED-Powered Lamp","Verification_Date":null},"id":"stl-city-public-streetlights:2:128935","sourceLayerId":2,"sourceObjectId":128935,"sourceURL":"https://maps8.stlouis-mo.gov/arcgis/rest/services/STREETS/Streets_Permitting/MapServer/2","title":"Street light L021651"},"type":"Feature"},{"geometry":{"coordinates":[-90.22054009629574,38.60439895883227],"type":"Point"},"id":"stl-city-public-streetlights:2:128936","properties":{"address":null,"attributes":{"Date_Installed":"1/11/2018","LED_Powered":1,"LightID":"L021652","Light_Source":"LED","Light_Type":"Cobra","Lighting_Type":"LED-Powered Lamp","Verification_Date":null},"id":"stl-city-public-streetlights:2:128936","sourceLayerId":2,"sourceObjectId":128936,"sourceURL":"https://maps8.stlouis-mo.gov/arcgis/rest/services/STREETS/Streets_Permitting/MapServer/2","title":"Street light L021652"},"type":"Feature"},{"geometry":{"coordinates":[-90.22005460089333,38.604262408453216],"type":"Point"},"id":"stl-city-public-streetlights:2:128937","properties":{"address":null,"attributes":{"Date_Installed":"1/11/2018","LED_Powered":1,"LightID":"L021653","Light_Source":"LED","Light_Type":"Cobra","Lighting_Type":"LED-Powered Lamp","Verification_Date":null},"id":"stl-city-public-streetlights:2:128937","sourceLayerId":2,"sourceObjectId":128937,"sourceURL":"https://maps8.stlouis-mo.gov/arcgis/rest/services/STREETS/Streets_Permitting/MapServer/2","title":"Street light L021653"},"type":"Feature"},{"geometry":{"coordinates":[-90.2203897395856,38.605520689487555],"type":"Point"},"id":"stl-city-public-streetlights:2:128963","properties":{"address":null,"attributes":{"Date_Installed":null,"LED_Powered":0,"LightID":"L021679","Light_Source":"LED","Light_Type":"Cobra","Lighting_Type":"LED-Powered Lamp","Verification_Date":null},"id":"stl-city-public-streetlights:2:128963","sourceLayerId":2,"sourceObjectId":128963,"sourceURL":"https://maps8.stlouis-mo.gov/arcgis/rest/services/STREETS/Streets_Permitting/MapServer/2","title":"Street light L021679"},"type":"Feature"},{"geometry":{"coordinates":[-90.22075992541687,38.60562764376948],"type":"Point"},"id":"stl-city-public-streetlights:2:128964","properties":{"address":null,"attributes":{"Date_Installed":null,"LED_Powered":0,"LightID":"L021680","Light_Source":"LED","Light_Type":"Cobra","Lighting_Type":"LED-Powered Lamp","Verification_Date":null},"id":"stl-city-public-streetlights:2:128964","sourceLayerId":2,"sourceObjectId":128964,"sourceURL":"https://maps8.stlouis-mo.gov/arcgis/rest/services/STREETS/Streets_Permitting/MapServer/2","title":"Street light L021680"},"type":"Feature"},{"geometry":{"coordinates":[-90.22016329295018,38.60568371814004],"type":"Point"},"id":"stl-city-public-streetlights:2:128965","properties":{"address":null,"attributes":{"Date_Installed":null,"LED_Powered":0,"LightID":"L021681","Light_Source":"LED","Light_Type":"Cobra","Lighting_Type":"LED-Powered Lamp","Verification_Date":null},"id":"stl-city-public-streetlights:2:128965","sourceLayerId":2,"sourceObjectId":128965,"sourceURL":"https://maps8.stlouis-mo.gov/arcgis/rest/services/STREETS/Streets_Permitting/MapServer/2","title":"Street light L021681"},"type":"Feature"},{"geometry":{"coordinates":[-90.22003716823433,38.60645525019016],"type":"Point"},"id":"stl-city-public-streetlights:2:128997","properties":{"address":null,"attributes":{"Date_Installed":"6/9/2017","LED_Powered":1,"LightID":"L021713","Light_Source":"LED","Light_Type":"Cobra","Lighting_Type":"LED-Powered Lamp","Verification_Date":null},"id":"stl-city-public-streetlights:2:128997","sourceLayerId":2,"sourceObjectId":128997,"sourceURL":"https://maps8.stlouis-mo.gov/arcgis/rest/services/STREETS/Streets_Permitting/MapServer/2","title":"Street light L021713"},"type":"Feature"},{"geometry":{"coordinates":[-90.22005119462877,38.602028855064596],"type":"Point"},"id":"stl-city-public-streetlights:2:129008","properties":{"address":null,"attributes":{"Date_Installed":"3/17/20","LED_Powered":1,"LightID":"L021724","Light_Source":"LED","Light_Type":"Cobra","Lighting_Type":"LED-Powered Lamp","Verification_Date":null},"id":"stl-city-public-streetlights:2:129008","sourceLayerId":2,"sourceObjectId":129008,"sourceURL":"https://maps8.stlouis-mo.gov/arcgis/rest/services/STREETS/Streets_Permitting/MapServer/2","title":"Street light L021724"},"type":"Feature"},{"geometry":{"coordinates":[-90.22011800503417,38.60172009719571],"type":"Point"},"id":"stl-city-public-streetlights:2:129009","properties":{"address":null,"attributes":{"Date_Installed":"3/17/20","LED_Powered":1,"LightID":"L021725","Light_Source":"LED","Light_Type":"Cobra","Lighting_Type":"LED-Powered Lamp","Verification_Date":null},"id":"stl-city-public-streetlights:2:129009","sourceLayerId":2,"sourceObjectId":129009,"sourceURL":"https://maps8.stlouis-mo.gov/arcgis/rest/services/STREETS/Streets_Permitting/MapServer/2","title":"Street light L021725"},"type":"Feature"},{"geometry":{"coordinates":[-90.22019410563149,38.60136559693375],"type":"Point"},"id":"stl-city-public-streetlights:2:129010","properties":{"address":null,"attributes":{"Date_Installed":"3/17/20","LED_Powered":1,"LightID":"L021726","Light_Source":"LED","Light_Type":"Cobra","Lighting_Type":"LED-Powered Lamp","Verification_Date":null},"id":"stl-city-public-streetlights:2:129010","sourceLayerId":2,"sourceObjectId":129010,"sourceURL":"https://maps8.stlouis-mo.gov/arcgis/rest/services/STREETS/Streets_Permitting/MapServer/2","title":"Street light L021726"},"type":"Feature"},{"geometry":{"coordinates":[-90.22026107023481,38.60101679454276],"type":"Point"},"id":"stl-city-public-streetlights:2:129011","properties":{"address":null,"attributes":{"Date_Installed":"3/17/20","LED_Powered":1,"LightID":"L021727","Light_Source":"LED","Light_Type":"Cobra","Lighting_Type":"LED-Powered Lamp","Verification_Date":null},"id":"stl-city-public-streetlights:2:129011","sourceLayerId":2,"sourceObjectId":129011,"sourceURL":"https://maps8.stlouis-mo.gov/arcgis/rest/services/STREETS/Streets_Permitting/MapServer/2","title":"Street light L021727"},"type":"Feature"},{"geometry":{"coordinates":[-90.2203334483308,38.60068159142354],"type":"Point"},"id":"stl-city-public-streetlights:2:129012","properties":{"address":null,"attributes":{"Date_Installed":"3/17/20","LED_Powered":1,"LightID":"L021728","Light_Source":"LED","Light_Type":"Cobra","Lighting_Type":"LED-Powered Lamp","Verification_Date":null},"id":"stl-city-public-streetlights:2:129012","sourceLayerId":2,"sourceObjectId":129012,"sourceURL":"https://maps8.stlouis-mo.gov/arcgis/rest/services/STREETS/Streets_Permitting/MapServer/2","title":"Street light L021728"},"type":"Feature"},{"geometry":{"coordinates":[-90.22040965493785,38.60029920220602],"type":"Point"},"id":"stl-city-public-streetlights:2:129013","properties":{"address":null,"attributes":{"Date_Installed":"3/17/20","LED_Powered":1,"LightID":"L021729","Light_Source":"LED","Light_Type":"Cobra","Lighting_Type":"LED-Powered Lamp","Verification_Date":null},"id":"stl-city-public-streetlights:2:129013","sourceLayerId":2,"sourceObjectId":129013,"sourceURL":"https://maps8.stlouis-mo.gov/arcgis/rest/services/STREETS/Streets_Permitting/MapServer/2","title":"Street light L021729"},"type":"Feature"},{"geometry":{"coordinates":[-90.22795388092868,38.600026847689286],"type":"Point"},"id":"stl-city-public-streetlights:2:129111","properties":{"address":null,"attributes":{"Date_Installed":null,"LED_Powered":1,"LightID":"L021827","Light_Source":"LED","Light_Type":"Cobra","Lighting_Type":"LED-Powered Lamp","Verification_Date":1651363200000},"id":"stl-city-public-streetlights:2:129111","sourceLayerId":2,"sourceObjectId":129111,"sourceURL":"https://maps8.stlouis-mo.gov/arcgis/rest/services/STREETS/Streets_Permitting/MapServer/2","title":"Street light L021827"},"type":"Feature"},{"geometry":{"coordinates":[-90.22852432310424,38.60018727942466],"type":"Point"},"id":"stl-city-public-streetlights:2:129112","properties":{"address":null,"attributes":{"Date_Installed":null,"LED_Powered":1,"LightID":"L021828","Light_Source":"LED","Light_Type":"Cobra","Lighting_Type":"LED-Powered Lamp","Verification_Date":1651363200000},"id":"stl-city-public-streetlights:2:129112","sourceLayerId":2,"sourceObjectId":129112,"sourceURL":"https://maps8.stlouis-mo.gov/arcgis/rest/services/STREETS/Streets_Permitting/MapServer/2","title":"Street light L021828"},"type":"Feature"},{"geometry":{"coordinates":[-90.22909751579266,38.60034354360144],"type":"Point"},"id":"stl-city-public-streetlights:2:129113","properties":{"address":null,"attributes":{"Date_Installed":null,"LED_Powered":0,"LightID":"L021829","Light_Source":"LED","Light_Type":"Cobra","Lighting_Type":"LED-Powered Lamp","Verification_Date":1651363200000},"id":"stl-city-public-streetlights:2:129113","sourceLayerId":2,"sourceObjectId":129113,"sourceURL":"https://maps8.stlouis-mo.gov/arcgis/rest/services/STREETS/Streets_Permitting/MapServer/2","title":"Street light L021829"},"type":"Feature"},{"geometry":{"coordinates":[-90.22963276158549,38.6004949488714],"type":"Point"},"id":"stl-city-public-streetlights:2:129114","properties":{"address":null,"attributes":{"Date_Installed":null,"LED_Powered":1,"LightID":"L021830","Light_Source":"LED","Light_Type":"Cobra","Lighting_Type":"LED-Powered Lamp","Verification_Date":1651363200000},"id":"stl-city-public-streetlights:2:129114","sourceLayerId":2,"sourceObjectId":129114,"sourceURL":"https://maps8.stlouis-mo.gov/arcgis/rest/services/STREETS/Streets_Permitting/MapServer/2","title":"Street light L021830"},"type":"Feature"},{"geometry":{"coordinates":[-90.22927846177588,38.60144194605003],"type":"Point"},"id":"stl-city-public-streetlights:2:129118","properties":{"address":null,"attributes":{"Date_Installed":null,"LED_Powered":0,"LightID":"L021834","Light_Source":"LED","Light_Type":"Cobra","Lighting_Type":"LED-Powered Lamp","Verification_Date":null},"id":"stl-city-public-streetlights:2:129118","sourceLayerId":2,"sourceObjectId":129118,"sourceURL":"https://maps8.stlouis-mo.gov/arcgis/rest/services/STREETS/Streets_Permitting/MapServer/2","title":"Street light L021834"},"type":"Feature"},{"geometry":{"coordinates":[-90.22885584941675,38.601323292767574],"type":"Point"},"id":"stl-city-public-streetlights:2:129119","properties":{"address":null,"attributes":{"Date_Installed":null,"LED_Powered":0,"LightID":"L021835","Light_Source":"LED","Light_Type":"Cobra","Lighting_Type":"LED-Powered Lamp","Verification_Date":null},"id":"stl-city-public-streetlights:2:129119","sourceLayerId":2,"sourceObjectId":129119,"sourceURL":"https://maps8.stlouis-mo.gov/arcgis/rest/services/STREETS/Streets_Permitting/MapServer/2","title":"Street light L021835"},"type":"Feature"},{"geometry":{"coordinates":[-90.22817188586731,38.601127660533244],"type":"Point"},"id":"stl-city-public-streetlights:2:129120","properties":{"address":null,"attributes":{"Date_Installed":null,"LED_Powered":0,"LightID":"L021836","Light_Source":"LED","Light_Type":"Cobra","Lighting_Type":"LED-Powered Lamp","Verification_Date":null},"id":"stl-city-public-streetlights:2:129120","sourceLayerId":2,"sourceObjectId":129120,"sourceURL":"https://maps8.stlouis-mo.gov/arcgis/rest/services/STREETS/Streets_Permitting/MapServer/2","title":"Street light L021836"},"type":"Feature"},{"geometry":{"coordinates":[-90.22776573227566,38.601021392810196],"type":"Point"},"id":"stl-city-public-streetlights:2:129121","properties":{"address":null,"attributes":{"Date_Installed":null,"LED_Powered":0,"LightID":"L021837","Light_Source":"LED","Light_Type":"Cobra","Lighting_Type":"LED-Powered Lamp","Verification_Date":null},"id":"stl-city-public-streetlights:2:129121","sourceLayerId":2,"sourceObjectId":129121,"sourceURL":"https://maps8.stlouis-mo.gov/arcgis/rest/services/STREETS/Streets_Permitting/MapServer/2","title":"Street light L021837"},"type":"Feature"},{"geometry":{"coordinates":[-90.22706530379186,38.60081998070678],"type":"Point"},"id":"stl-city-public-streetlights:2:129122","properties":{"address":null,"attributes":{"Date_Installed":null,"LED_Powered":0,"LightID":"L021838","Light_Source":"LED","Light_Type":"Cobra","Lighting_Type":"LED-Powered Lamp","Verification_Date":null},"id":"stl-city-public-streetlights:2:129122","sourceLayerId":2,"sourceObjectId":129122,"sourceURL":"https://maps8.stlouis-mo.gov/arcgis/rest/services/STREETS/Streets_Permitting/MapServer/2","title":"Street light L021838"},"type":"Feature"},{"geometry":{"coordinates":[-90.22663898495918,38.6007009963591],"type":"Point"},"id":"stl-city-public-streetlights:2:129123","properties":{"address":null,"attributes":{"Date_Installed":null,"LED_Powered":0,"LightID":"L021839","Light_Source":"LED","Light_Type":"Cobra","Lighting_Type":"LED-Powered Lamp","Verification_Date":null},"id":"stl-city-public-streetlights:2:129123","sourceLayerId":2,"sourceObjectId":129123,"sourceURL":"https://maps8.stlouis-mo.gov/arcgis/rest/services/STREETS/Streets_Permitting/MapServer/2","title":"Street light L021839"},"type":"Feature"},{"geometry":{"coordinates":[-90.2259963844519,38.600524322665514],"type":"Point"},"id":"stl-city-public-streetlights:2:129124","properties":{"address":null,"attributes":{"Date_Installed":null,"LED_Powered":0,"LightID":"L021840","Light_Source":"LED","Light_Type":"Cobra","Lighting_Type":"LED-Powered Lamp","Verification_Date":null},"id":"stl-city-public-streetlights:2:129124","sourceLayerId":2,"sourceObjectId":129124,"sourceURL":"https://maps8.stlouis-mo.gov/arcgis/rest/services/STREETS/Streets_Permitting/MapServer/2","title":"Street light L021840"},"type":"Feature"},{"geometry":{"coordinates":[-90.22554250571311,38.600399423884575],"type":"Point"},"id":"stl-city-public-streetlights:2:129125","properties":{"address":null,"attributes":{"Date_Installed":null,"LED_Powered":0,"LightID":"L021841","Light_Source":"LED","Light_Type":"Cobra","Lighting_Type":"LED-Powered Lamp","Verification_Date":null},"id":"stl-city-public-streetlights:2:129125","sourceLayerId":2,"sourceObjectId":129125,"sourceURL":"https://maps8.stlouis-mo.gov/arcgis/rest/services/STREETS/Streets_Permitting/MapServer/2","title":"Street light L021841"},"type":"Feature"},{"geometry":{"coordinates":[-90.22491906117662,38.60022595674341],"type":"Point"},"id":"stl-city-public-streetlights:2:129126","properties":{"address":null,"attributes":{"Date_Installed":null,"LED_Powered":0,"LightID":"L021842","Light_Source":"LED","Light_Type":"Cobra","Lighting_Type":"LED-Powered Lamp","Verification_Date":null},"id":"stl-city-public-streetlights:2:129126","sourceLayerId":2,"sourceObjectId":129126,"sourceURL":"https://maps8.stlouis-mo.gov/arcgis/rest/services/STREETS/Streets_Permitting/MapServer/2","title":"Street light L021842"},"type":"Feature"},{"geometry":{"coordinates":[-90.22446517137863,38.600100127636736],"type":"Point"},"id":"stl-city-public-streetlights:2:129127","properties":{"address":null,"attributes":{"Date_Installed":null,"LED_Powered":0,"LightID":"L021843","Light_Source":"LED","Light_Type":"Cobra","Lighting_Type":"LED-Powered Lamp","Verification_Date":null},"id":"stl-city-public-streetlights:2:129127","sourceLayerId":2,"sourceObjectId":129127,"sourceURL":"https://maps8.stlouis-mo.gov/arcgis/rest/services/STREETS/Streets_Permitting/MapServer/2","title":"Street light L021843"},"type":"Feature"},{"geometry":{"coordinates":[-90.22417815863163,38.601172232675495],"type":"Point"},"id":"stl-city-public-streetlights:2:129128","properties":{"address":null,"attributes":{"Date_Installed":null,"LED_Powered":0,"LightID":"L021844","Light_Source":"LED","Light_Type":"Cobra","Lighting_Type":"LED-Powered Lamp","Verification_Date":null},"id":"stl-city-public-streetlights:2:129128","sourceLayerId":2,"sourceObjectId":129128,"sourceURL":"https://maps8.stlouis-mo.gov/arcgis/rest/services/STREETS/Streets_Permitting/MapServer/2","title":"Street light L021844"},"type":"Feature"},{"geometry":{"coordinates":[-90.22475528813365,38.60133162554779],"type":"Point"},"id":"stl-city-public-streetlights:2:129129","properties":{"address":null,"attributes":{"Date_Installed":null,"LED_Powered":0,"LightID":"L021845","Light_Source":"LED","Light_Type":"Cobra","Lighting_Type":"LED-Powered Lamp","Verification_Date":null},"id":"stl-city-public-streetlights:2:129129","sourceLayerId":2,"sourceObjectId":129129,"sourceURL":"https://maps8.stlouis-mo.gov/arcgis/rest/services/STREETS/Streets_Permitting/MapServer/2","title":"Street light L021845"},"type":"Feature"},{"geometry":{"coordinates":[-90.22518055636571,38.601455620550844],"type":"Point"},"id":"stl-city-public-streetlights:2:129130","properties":{"address":null,"attributes":{"Date_Installed":null,"LED_Powered":0,"LightID":"L021846","Light_Source":"LED","Light_Type":"Cobra","Lighting_Type":"LED-Powered Lamp","Verification_Date":null},"id":"stl-city-public-streetlights:2:129130","sourceLayerId":2,"sourceObjectId":129130,"sourceURL":"https://maps8.stlouis-mo.gov/arcgis/rest/services/STREETS/Streets_Permitting/MapServer/2","title":"Street light L021846"},"type":"Feature"},{"geometry":{"coordinates":[-90.22569651557217,38.601598418380775],"type":"Point"},"id":"stl-city-public-streetlights:2:129131","properties":{"address":null,"attributes":{"Date_Installed":null,"LED_Powered":0,"LightID":"L021847","Light_Source":"LED","Light_Type":"Cobra","Lighting_Type":"LED-Powered Lamp","Verification_Date":null},"id":"stl-city-public-streetlights:2:129131","sourceLayerId":2,"sourceObjectId":129131,"sourceURL":"https://maps8.stlouis-mo.gov/arcgis/rest/services/STREETS/Streets_Permitting/MapServer/2","title":"Street light L021847"},"type":"Feature"},{"geometry":{"coordinates":[-90.22630422119455,38.60177074635926],"type":"Point"},"id":"stl-city-public-streetlights:2:129132","properties":{"address":null,"attributes":{"Date_Installed":null,"LED_Powered":0,"LightID":"L021848","Light_Source":"LED","Light_Type":"Cobra","Lighting_Type":"LED-Powered Lamp","Verification_Date":null},"id":"stl-city-public-streetlights:2:129132","sourceLayerId":2,"sourceObjectId":129132,"sourceURL":"https://maps8.stlouis-mo.gov/arcgis/rest/services/STREETS/Streets_Permitting/MapServer/2","title":"Street light L021848"},"type":"Feature"},{"geometry":{"coordinates":[-90.22681035901527,38.60190922624587],"type":"Point"},"id":"stl-city-public-streetlights:2:129133","properties":{"address":null,"attributes":{"Date_Installed":null,"LED_Powered":0,"LightID":"L021849","Light_Source":"LED","Light_Type":"Cobra","Lighting_Type":"LED-Powered Lamp","Verification_Date":null},"id":"stl-city-public-streetlights:2:129133","sourceLayerId":2,"sourceObjectId":129133,"sourceURL":"https://maps8.stlouis-mo.gov/arcgis/rest/services/STREETS/Streets_Permitting/MapServer/2","title":"Street light L021849"},"type":"Feature"},{"geometry":{"coordinates":[-90.22736524935054,38.602064800296645],"type":"Point"},"id":"stl-city-public-streetlights:2:129134","properties":{"address":null,"attributes":{"Date_Installed":null,"LED_Powered":0,"LightID":"L021850","Light_Source":"LED","Light_Type":"Cobra","Lighting_Type":"LED-Powered Lamp","Verification_Date":null},"id":"stl-city-public-streetlights:2:129134","sourceLayerId":2,"sourceObjectId":129134,"sourceURL":"https://maps8.stlouis-mo.gov/arcgis/rest/services/STREETS/Streets_Permitting/MapServer/2","title":"Street light L021850"},"type":"Feature"},{"geometry":{"coordinates":[-90.22790037090375,38.60221138617445],"type":"Point"},"id":"stl-city-public-streetlights:2:129135","properties":{"address":null,"attributes":{"Date_Installed":null,"LED_Powered":0,"LightID":"L021851","Light_Source":"LED","Light_Type":"Cobra","Lighting_Type":"LED-Powered Lamp","Verification_Date":null},"id":"stl-city-public-streetlights:2:129135","sourceLayerId":2,"sourceObjectId":129135,"sourceURL":"https://maps8.stlouis-mo.gov/arcgis/rest/services/STREETS/Streets_Permitting/MapServer/2","title":"Street light L021851"},"type":"Feature"},{"geometry":{"coordinates":[-90.228435807228,38.60236337119869],"type":"Point"},"id":"stl-city-public-streetlights:2:129136","properties":{"address":null,"attributes":{"Date_Installed":null,"LED_Powered":0,"LightID":"L021852","Light_Source":"LED","Light_Type":"Cobra","Lighting_Type":"LED-Powered Lamp","Verification_Date":null},"id":"stl-city-public-streetlights:2:129136","sourceLayerId":2,"sourceObjectId":129136,"sourceURL":"https://maps8.stlouis-mo.gov/arcgis/rest/services/STREETS/Streets_Permitting/MapServer/2","title":"Street light L021852"},"type":"Feature"},{"geometry":{"coordinates":[-90.22520132503537,38.60365140986279],"type":"Point"},"id":"stl-city-public-streetlights:2:129137","properties":{"address":null,"attributes":{"Date_Installed":"2020-01-24","LED_Powered":1,"LightID":"L021853","Light_Source":"LED","Light_Type":"Cobra","Lighting_Type":"5G Pole - 5G Pole -5G Pole - 2A","Verification_Date":null},"id":"stl-city-public-streetlights:2:129137","sourceLayerId":2,"sourceObjectId":129137,"sourceURL":"https://maps8.stlouis-mo.gov/arcgis/rest/services/STREETS/Streets_Permitting/MapServer/2","title":"Street light L021853"},"type":"Feature"},{"geometry":{"coordinates":[-90.22480623329058,38.60354464887031],"type":"Point"},"id":"stl-city-public-streetlights:2:129138","properties":{"address":null,"attributes":{"Date_Installed":null,"LED_Powered":0,"LightID":"L021854","Light_Source":"LED","Light_Type":"Cobra","Lighting_Type":"LED-Powered Lamp","Verification_Date":null},"id":"stl-city-public-streetlights:2:129138","sourceLayerId":2,"sourceObjectId":129138,"sourceURL":"https://maps8.stlouis-mo.gov/arcgis/rest/services/STREETS/Streets_Permitting/MapServer/2","title":"Street light L021854"},"type":"Feature"},{"geometry":{"coordinates":[-90.2243951480138,38.603426406618084],"type":"Point"},"id":"stl-city-public-streetlights:2:129139","properties":{"address":null,"attributes":{"Date_Installed":null,"LED_Powered":0,"LightID":"L021855","Light_Source":"LED","Light_Type":"Cobra","Lighting_Type":"LED-Powered Lamp","Verification_Date":null},"id":"stl-city-public-streetlights:2:129139","sourceLayerId":2,"sourceObjectId":129139,"sourceURL":"https://maps8.stlouis-mo.gov/arcgis/rest/services/STREETS/Streets_Permitting/MapServer/2","title":"Street light L021855"},"type":"Feature"},{"geometry":{"coordinates":[-90.22397460874133,38.60330242084374],"type":"Point"},"id":"stl-city-public-streetlights:2:129140","properties":{"address":null,"attributes":{"Date_Installed":null,"LED_Powered":0,"LightID":"L021856","Light_Source":"LED","Light_Type":"Cobra","Lighting_Type":"LED-Powered Lamp","Verification_Date":null},"id":"stl-city-public-streetlights:2:129140","sourceLayerId":2,"sourceObjectId":129140,"sourceURL":"https://maps8.stlouis-mo.gov/arcgis/rest/services/STREETS/Streets_Permitting/MapServer/2","title":"Street light L021856"},"type":"Feature"},{"geometry":{"coordinates":[-90.22360573685872,38.60320286803732],"type":"Point"},"id":"stl-city-public-streetlights:2:129141","properties":{"address":null,"attributes":{"Date_Installed":null,"LED_Powered":0,"LightID":"L021857","Light_Source":"LED","Light_Type":"Cobra","Lighting_Type":"LED-Powered Lamp","Verification_Date":null},"id":"stl-city-public-streetlights:2:129141","sourceLayerId":2,"sourceObjectId":129141,"sourceURL":"https://maps8.stlouis-mo.gov/arcgis/rest/services/STREETS/Streets_Permitting/MapServer/2","title":"Street light L021857"},"type":"Feature"},{"geometry":{"coordinates":[-90.22335378961587,38.60405977285143],"type":"Point"},"id":"stl-city-public-streetlights:2:129142","properties":{"address":null,"attributes":{"Date_Installed":"6/15/2017","LED_Powered":1,"LightID":"L021858","Light_Source":"LED","Light_Type":"Cobra","Lighting_Type":"LED-Powered Lamp","Verification_Date":null},"id":"stl-city-public-streetlights:2:129142","sourceLayerId":2,"sourceObjectId":129142,"sourceURL":"https://maps8.stlouis-mo.gov/arcgis/rest/services/STREETS/Streets_Permitting/MapServer/2","title":"Street light L021858"},"type":"Feature"},{"geometry":{"coordinates":[-90.22345493630503,38.60357924511944],"type":"Point"},"id":"stl-city-public-streetlights:2:129143","properties":{"address":null,"attributes":{"Date_Installed":"6/15/2017","LED_Powered":1,"LightID":"L021859","Light_Source":"LED","Light_Type":"Cobra","Lighting_Type":"LED-Powered Lamp","Verification_Date":null},"id":"stl-city-public-streetlights:2:129143","sourceLayerId":2,"sourceObjectId":129143,"sourceURL":"https://maps8.stlouis-mo.gov/arcgis/rest/services/STREETS/Streets_Permitting/MapServer/2","title":"Street light L021859"},"type":"Feature"},{"geometry":{"coordinates":[-90.22357335707196,38.60303725129196],"type":"Point"},"id":"stl-city-public-streetlights:2:129144","properties":{"address":null,"attributes":{"Date_Installed":"6/15/2017","LED_Powered":1,"LightID":"L021860","Light_Source":"LED","Light_Type":"Cobra","Lighting_Type":"LED-Powered Lamp","Verification_Date":null},"id":"stl-city-public-streetlights:2:129144","sourceLayerId":2,"sourceObjectId":129144,"sourceURL":"https://maps8.stlouis-mo.gov/arcgis/rest/services/STREETS/Streets_Permitting/MapServer/2","title":"Street light L021860"},"type":"Feature"},{"geometry":{"coordinates":[-90.22365824716881,38.60260446654294],"type":"Point"},"id":"stl-city-public-streetlights:2:129145","properties":{"address":null,"attributes":{"Date_Installed":"6/15/2017","LED_Powered":1,"LightID":"L021861","Light_Source":"LED","Light_Type":"Cobra","Lighting_Type":"LED-Powered Lamp","Verification_Date":null},"id":"stl-city-public-streetlights:2:129145","sourceLayerId":2,"sourceObjectId":129145,"sourceURL":"https://maps8.stlouis-mo.gov/arcgis/rest/services/STREETS/Streets_Permitting/MapServer/2","title":"Street light L021861"},"type":"Feature"},{"geometry":{"coordinates":[-90.2237622310073,38.60213296397614],"type":"Point"},"id":"stl-city-public-streetlights:2:129146","properties":{"address":null,"attributes":{"Date_Installed":"6/15/2017","LED_Powered":1,"LightID":"L021862","Light_Source":"LED","Light_Type":"Cobra","Lighting_Type":"LED-Powered Lamp","Verification_Date":null},"id":"stl-city-public-streetlights:2:129146","sourceLayerId":2,"sourceObjectId":129146,"sourceURL":"https://maps8.stlouis-mo.gov/arcgis/rest/services/STREETS/Streets_Permitting/MapServer/2","title":"Street light L021862"},"type":"Feature"},{"geometry":{"coordinates":[-90.22385689263837,38.601659919471004],"type":"Point"},"id":"stl-city-public-streetlights:2:129147","properties":{"address":null,"attributes":{"Date_Installed":"6/15/2017","LED_Powered":1,"LightID":"L021863","Light_Source":"LED","Light_Type":"Cobra","Lighting_Type":"LED-Powered Lamp","Verification_Date":null},"id":"stl-city-public-streetlights:2:129147","sourceLayerId":2,"sourceObjectId":129147,"sourceURL":"https://maps8.stlouis-mo.gov/arcgis/rest/services/STREETS/Streets_Permitting/MapServer/2","title":"Street light L021863"},"type":"Feature"},{"geometry":{"coordinates":[-90.22395579542041,38.60117597952172],"type":"Point"},"id":"stl-city-public-streetlights:2:129148","properties":{"address":null,"attributes":{"Date_Installed":"6/15/2017","LED_Powered":1,"LightID":"L021864","Light_Source":"LED","Light_Type":"Cobra","Lighting_Type":"LED-Powered Lamp","Verification_Date":null},"id":"stl-city-public-streetlights:2:129148","sourceLayerId":2,"sourceObjectId":129148,"sourceURL":"https://maps8.stlouis-mo.gov/arcgis/rest/services/STREETS/Streets_Permitting/MapServer/2","title":"Street light L021864"},"type":"Feature"},{"geometry":{"coordinates":[-90.22405627368505,38.60071677272644],"type":"Point"},"id":"stl-city-public-streetlights:2:129149","properties":{"address":null,"attributes":{"Date_Installed":"6/15/2017","LED_Powered":1,"LightID":"L021865","Light_Source":"LED","Light_Type":"Cobra","Lighting_Type":"LED-Powered Lamp","Verification_Date":null},"id":"stl-city-public-streetlights:2:129149","sourceLayerId":2,"sourceObjectId":129149,"sourceURL":"https://maps8.stlouis-mo.gov/arcgis/rest/services/STREETS/Streets_Permitting/MapServer/2","title":"Street light L021865"},"type":"Feature"},{"geometry":{"coordinates":[-90.22416215175078,38.60019527173838],"type":"Point"},"id":"stl-city-public-streetlights:2:129150","properties":{"address":null,"attributes":{"Date_Installed":"6/15/2017","LED_Powered":1,"LightID":"L021866","Light_Source":"LED","Light_Type":"Cobra","Lighting_Type":"LED-Powered Lamp","Verification_Date":null},"id":"stl-city-public-streetlights:2:129150","sourceLayerId":2,"sourceObjectId":129150,"sourceURL":"https://maps8.stlouis-mo.gov/arcgis/rest/services/STREETS/Streets_Permitting/MapServer/2","title":"Street light L021866"},"type":"Feature"},{"geometry":{"coordinates":[-90.2251992351597,38.60007036734437],"type":"Point"},"id":"stl-city-public-streetlights:2:129155","properties":{"address":null,"attributes":{"Date_Installed":null,"LED_Powered":0,"LightID":"L021871","Light_Source":"LED","Light_Type":"Cobra","Lighting_Type":"LED-Powered Lamp","Verification_Date":null},"id":"stl-city-public-streetlights:2:129155","sourceLayerId":2,"sourceObjectId":129155,"sourceURL":"https://maps8.stlouis-mo.gov/arcgis/rest/services/STREETS/Streets_Permitting/MapServer/2","title":"Street light L021871"},"type":"Feature"},{"geometry":{"coordinates":[-90.22511376099568,38.600500291702005],"type":"Point"},"id":"stl-city-public-streetlights:2:129156","properties":{"address":null,"attributes":{"Date_Installed":null,"LED_Powered":0,"LightID":"L021872","Light_Source":"LED","Light_Type":"Cobra","Lighting_Type":"LED-Powered Lamp","Verification_Date":null},"id":"stl-city-public-streetlights:2:129156","sourceLayerId":2,"sourceObjectId":129156,"sourceURL":"https://maps8.stlouis-mo.gov/arcgis/rest/services/STREETS/Streets_Permitting/MapServer/2","title":"Street light L021872"},"type":"Feature"},{"geometry":{"coordinates":[-90.22503675579794,38.60085956066017],"type":"Point"},"id":"stl-city-public-streetlights:2:129157","properties":{"address":null,"attributes":{"Date_Installed":null,"LED_Powered":0,"LightID":"L021873","Light_Source":"LED","Light_Type":"Cobra","Lighting_Type":"LED-Powered Lamp","Verification_Date":null},"id":"stl-city-public-streetlights:2:129157","sourceLayerId":2,"sourceObjectId":129157,"sourceURL":"https://maps8.stlouis-mo.gov/arcgis/rest/services/STREETS/Streets_Permitting/MapServer/2","title":"Street light L021873"},"type":"Feature"},{"geometry":{"coordinates":[-90.22497478800295,38.60117882010973],"type":"Point"},"id":"stl-city-public-streetlights:2:129158","properties":{"address":null,"attributes":{"Date_Installed":null,"LED_Powered":0,"LightID":"L021874","Light_Source":"LED","Light_Type":"Cobra","Lighting_Type":"LED-Powered Lamp","Verification_Date":null},"id":"stl-city-public-streetlights:2:129158","sourceLayerId":2,"sourceObjectId":129158,"sourceURL":"https://maps8.stlouis-mo.gov/arcgis/rest/services/STREETS/Streets_Permitting/MapServer/2","title":"Street light L021874"},"type":"Feature"},{"geometry":{"coordinates":[-90.22489612865941,38.601524130184366],"type":"Point"},"id":"stl-city-public-streetlights:2:129159","properties":{"address":null,"attributes":{"Date_Installed":null,"LED_Powered":0,"LightID":"L021875","Light_Source":"LED","Light_Type":"Cobra","Lighting_Type":"LED-Powered Lamp","Verification_Date":null},"id":"stl-city-public-streetlights:2:129159","sourceLayerId":2,"sourceObjectId":129159,"sourceURL":"https://maps8.stlouis-mo.gov/arcgis/rest/services/STREETS/Streets_Permitting/MapServer/2","title":"Street light L021875"},"type":"Feature"},{"geometry":{"coordinates":[-90.22482363373733,38.60186338715388],"type":"Point"},"id":"stl-city-public-streetlights:2:129160","properties":{"address":null,"attributes":{"Date_Installed":null,"LED_Powered":0,"LightID":"L021876","Light_Source":"LED","Light_Type":"Cobra","Lighting_Type":"LED-Powered Lamp","Verification_Date":null},"id":"stl-city-public-streetlights:2:129160","sourceLayerId":2,"sourceObjectId":129160,"sourceURL":"https://maps8.stlouis-mo.gov/arcgis/rest/services/STREETS/Streets_Permitting/MapServer/2","title":"Street light L021876"},"type":"Feature"},{"geometry":{"coordinates":[-90.22474690433414,38.602229331210715],"type":"Point"},"id":"stl-city-public-streetlights:2:129161","properties":{"address":null,"attributes":{"Date_Installed":null,"LED_Powered":0,"LightID":"L021877","Light_Source":"LED","Light_Type":"Cobra","Lighting_Type":"LED-Powered Lamp","Verification_Date":null},"id":"stl-city-public-streetlights:2:129161","sourceLayerId":2,"sourceObjectId":129161,"sourceURL":"https://maps8.stlouis-mo.gov/arcgis/rest/services/STREETS/Streets_Permitting/MapServer/2","title":"Street light L021877"},"type":"Feature"},{"geometry":{"coordinates":[-90.22468155466878,38.60258481375092],"type":"Point"},"id":"stl-city-public-streetlights:2:129162","properties":{"address":null,"attributes":{"Date_Installed":null,"LED_Powered":0,"LightID":"L021878","Light_Source":"LED","Light_Type":"Cobra","Lighting_Type":"LED-Powered Lamp","Verification_Date":null},"id":"stl-city-public-streetlights:2:129162","sourceLayerId":2,"sourceObjectId":129162,"sourceURL":"https://maps8.stlouis-mo.gov/arcgis/rest/services/STREETS/Streets_Permitting/MapServer/2","title":"Street light L021878"},"type":"Feature"},{"geometry":{"coordinates":[-90.22460658585602,38.60288711901588],"type":"Point"},"id":"stl-city-public-streetlights:2:129163","properties":{"address":null,"attributes":{"Date_Installed":null,"LED_Powered":0,"LightID":"L021879","Light_Source":"LED","Light_Type":"Cobra","Lighting_Type":"LED-Powered Lamp","Verification_Date":null},"id":"stl-city-public-streetlights:2:129163","sourceLayerId":2,"sourceObjectId":129163,"sourceURL":"https://maps8.stlouis-mo.gov/arcgis/rest/services/STREETS/Streets_Permitting/MapServer/2","title":"Street light L021879"},"type":"Feature"},{"geometry":{"coordinates":[-90.22454222400465,38.60319588427309],"type":"Point"},"id":"stl-city-public-streetlights:2:129164","properties":{"address":null,"attributes":{"Date_Installed":null,"LED_Powered":0,"LightID":"L021880","Light_Source":"LED","Light_Type":"Cobra","Lighting_Type":"LED-Powered Lamp","Verification_Date":null},"id":"stl-city-public-streetlights:2:129164","sourceLayerId":2,"sourceObjectId":129164,"sourceURL":"https://maps8.stlouis-mo.gov/arcgis/rest/services/STREETS/Streets_Permitting/MapServer/2","title":"Street light L021880"},"type":"Feature"},{"geometry":{"coordinates":[-90.22448768319072,38.60347797729508],"type":"Point"},"id":"stl-city-public-streetlights:2:129165","properties":{"address":null,"attributes":{"Date_Installed":"9/15/2017","LED_Powered":1,"LightID":"L021881","Light_Source":"LED","Light_Type":"Cobra","Lighting_Type":"LED-Powered Lamp","Verification_Date":null},"id":"stl-city-public-streetlights:2:129165","sourceLayerId":2,"sourceObjectId":129165,"sourceURL":"https://maps8.stlouis-mo.gov/arcgis/rest/services/STREETS/Streets_Permitting/MapServer/2","title":"Street light L021881"},"type":"Feature"},{"geometry":{"coordinates":[-90.22443317840708,38.60375053529578],"type":"Point"},"id":"stl-city-public-streetlights:2:129166","properties":{"address":null,"attributes":{"Date_Installed":"9/15/2017","LED_Powered":1,"LightID":"L021882","Light_Source":"LED","Light_Type":"Cobra","Lighting_Type":"LED-Powered Lamp","Verification_Date":null},"id":"stl-city-public-streetlights:2:129166","sourceLayerId":2,"sourceObjectId":129166,"sourceURL":"https://maps8.stlouis-mo.gov/arcgis/rest/services/STREETS/Streets_Permitting/MapServer/2","title":"Street light L021882"},"type":"Feature"},{"geometry":{"coordinates":[-90.2243670246965,38.604050716071576],"type":"Point"},"id":"stl-city-public-streetlights:2:129167","properties":{"address":null,"attributes":{"Date_Installed":"9/15/2017","LED_Powered":1,"LightID":"L021883","Light_Source":"LED","Light_Type":"Cobra","Lighting_Type":"LED-Powered Lamp","Verification_Date":null},"id":"stl-city-public-streetlights:2:129167","sourceLayerId":2,"sourceObjectId":129167,"sourceURL":"https://maps8.stlouis-mo.gov/arcgis/rest/services/STREETS/Streets_Permitting/MapServer/2","title":"Street light L021883"},"type":"Feature"},{"geometry":{"coordinates":[-90.22581203102246,38.60339699369561],"type":"Point"},"id":"stl-city-public-streetlights:2:129168","properties":{"address":null,"attributes":{"Date_Installed":null,"LED_Powered":0,"LightID":"L021884","Light_Source":"LED","Light_Type":"Cobra","Lighting_Type":"LED-Powered Lamp","Verification_Date":null},"id":"stl-city-public-streetlights:2:129168","sourceLayerId":2,"sourceObjectId":129168,"sourceURL":"https://maps8.stlouis-mo.gov/arcgis/rest/services/STREETS/Streets_Permitting/MapServer/2","title":"Street light L021884"},"type":"Feature"},{"geometry":{"coordinates":[-90.22587392931335,38.603095848946104],"type":"Point"},"id":"stl-city-public-streetlights:2:129169","properties":{"address":null,"attributes":{"Date_Installed":null,"LED_Powered":0,"LightID":"L021885","Light_Source":"LED","Light_Type":"Cobra","Lighting_Type":"LED-Powered Lamp","Verification_Date":null},"id":"stl-city-public-streetlights:2:129169","sourceLayerId":2,"sourceObjectId":129169,"sourceURL":"https://maps8.stlouis-mo.gov/arcgis/rest/services/STREETS/Streets_Permitting/MapServer/2","title":"Street light L021885"},"type":"Feature"},{"geometry":{"coordinates":[-90.22594325387323,38.60275849026099],"type":"Point"},"id":"stl-city-public-streetlights:2:129170","properties":{"address":null,"attributes":{"Date_Installed":null,"LED_Powered":0,"LightID":"L021886","Light_Source":"LED","Light_Type":"Cobra","Lighting_Type":"LED-Powered Lamp","Verification_Date":null},"id":"stl-city-public-streetlights:2:129170","sourceLayerId":2,"sourceObjectId":129170,"sourceURL":"https://maps8.stlouis-mo.gov/arcgis/rest/services/STREETS/Streets_Permitting/MapServer/2","title":"Street light L021886"},"type":"Feature"},{"geometry":{"coordinates":[-90.22600517643032,38.60245067073606],"type":"Point"},"id":"stl-city-public-streetlights:2:129171","properties":{"address":null,"attributes":{"Date_Installed":null,"LED_Powered":0,"LightID":"L021887","Light_Source":"LED","Light_Type":"Cobra","Lighting_Type":"LED-Powered Lamp","Verification_Date":null},"id":"stl-city-public-streetlights:2:129171","sourceLayerId":2,"sourceObjectId":129171,"sourceURL":"https://maps8.stlouis-mo.gov/arcgis/rest/services/STREETS/Streets_Permitting/MapServer/2","title":"Street light L021887"},"type":"Feature"},{"geometry":{"coordinates":[-90.22607724524832,38.60211045891799],"type":"Point"},"id":"stl-city-public-streetlights:2:129172","properties":{"address":null,"attributes":{"Date_Installed":null,"LED_Powered":0,"LightID":"L021888","Light_Source":"LED","Light_Type":"Cobra","Lighting_Type":"LED-Powered Lamp","Verification_Date":null},"id":"stl-city-public-streetlights:2:129172","sourceLayerId":2,"sourceObjectId":129172,"sourceURL":"https://maps8.stlouis-mo.gov/arcgis/rest/services/STREETS/Streets_Permitting/MapServer/2","title":"Street light L021888"},"type":"Feature"},{"geometry":{"coordinates":[-90.22614618871128,38.6017931215471],"type":"Point"},"id":"stl-city-public-streetlights:2:129173","properties":{"address":null,"attributes":{"Date_Installed":null,"LED_Powered":0,"LightID":"L021889","Light_Source":"LED","Light_Type":"Cobra","Lighting_Type":"LED-Powered Lamp","Verification_Date":null},"id":"stl-city-public-streetlights:2:129173","sourceLayerId":2,"sourceObjectId":129173,"sourceURL":"https://maps8.stlouis-mo.gov/arcgis/rest/services/STREETS/Streets_Permitting/MapServer/2","title":"Street light L021889"},"type":"Feature"},{"geometry":{"coordinates":[-90.22621061600255,38.601465286235566],"type":"Point"},"id":"stl-city-public-streetlights:2:129174","properties":{"address":null,"attributes":{"Date_Installed":null,"LED_Powered":0,"LightID":"L021890","Light_Source":"LED","Light_Type":"Cobra","Lighting_Type":"LED-Powered Lamp","Verification_Date":null},"id":"stl-city-public-streetlights:2:129174","sourceLayerId":2,"sourceObjectId":129174,"sourceURL":"https://maps8.stlouis-mo.gov/arcgis/rest/services/STREETS/Streets_Permitting/MapServer/2","title":"Street light L021890"},"type":"Feature"},{"geometry":{"coordinates":[-90.22628484158245,38.60111649735104],"type":"Point"},"id":"stl-city-public-streetlights:2:129175","properties":{"address":null,"attributes":{"Date_Installed":null,"LED_Powered":0,"LightID":"L021891","Light_Source":"LED","Light_Type":"Cobra","Lighting_Type":"LED-Powered Lamp","Verification_Date":null},"id":"stl-city-public-streetlights:2:129175","sourceLayerId":2,"sourceObjectId":129175,"sourceURL":"https://maps8.stlouis-mo.gov/arcgis/rest/services/STREETS/Streets_Permitting/MapServer/2","title":"Street light L021891"},"type":"Feature"},{"geometry":{"coordinates":[-90.22635410548405,38.60079439301486],"type":"Point"},"id":"stl-city-public-streetlights:2:129176","properties":{"address":null,"attributes":{"Date_Installed":null,"LED_Powered":0,"LightID":"L021892","Light_Source":"LED","Light_Type":"Cobra","Lighting_Type":"LED-Powered Lamp","Verification_Date":null},"id":"stl-city-public-streetlights:2:129176","sourceLayerId":2,"sourceObjectId":129176,"sourceURL":"https://maps8.stlouis-mo.gov/arcgis/rest/services/STREETS/Streets_Permitting/MapServer/2","title":"Street light L021892"},"type":"Feature"},{"geometry":{"coordinates":[-90.2264184971869,38.600475138471694],"type":"Point"},"id":"stl-city-public-streetlights:2:129177","properties":{"address":null,"attributes":{"Date_Installed":null,"LED_Powered":0,"LightID":"L021893","Light_Source":"LED","Light_Type":"Cobra","Lighting_Type":"LED-Powered Lamp","Verification_Date":null},"id":"stl-city-public-streetlights:2:129177","sourceLayerId":2,"sourceObjectId":129177,"sourceURL":"https://maps8.stlouis-mo.gov/arcgis/rest/services/STREETS/Streets_Permitting/MapServer/2","title":"Street light L021893"},"type":"Feature"},{"geometry":{"coordinates":[-90.22648775261986,38.6001549411944],"type":"Point"},"id":"stl-city-public-streetlights:2:129178","properties":{"address":null,"attributes":{"Date_Installed":null,"LED_Powered":0,"LightID":"L021894","Light_Source":"LED","Light_Type":"Cobra","Lighting_Type":"LED-Powered Lamp","Verification_Date":null},"id":"stl-city-public-streetlights:2:129178","sourceLayerId":2,"sourceObjectId":129178,"sourceURL":"https://maps8.stlouis-mo.gov/arcgis/rest/services/STREETS/Streets_Permitting/MapServer/2","title":"Street light L021894"},"type":"Feature"},{"geometry":{"coordinates":[-90.22744660542762,38.600321108691816],"type":"Point"},"id":"stl-city-public-streetlights:2:129181","properties":{"address":null,"attributes":{"Date_Installed":null,"LED_Powered":0,"LightID":"L021897","Light_Source":"LED","Light_Type":"Cobra","Lighting_Type":"LED-Powered Lamp","Verification_Date":null},"id":"stl-city-public-streetlights:2:129181","sourceLayerId":2,"sourceObjectId":129181,"sourceURL":"https://maps8.stlouis-mo.gov/arcgis/rest/services/STREETS/Streets_Permitting/MapServer/2","title":"Street light L021897"},"type":"Feature"},{"geometry":{"coordinates":[-90.22737132503278,38.60067579497208],"type":"Point"},"id":"stl-city-public-streetlights:2:129182","properties":{"address":null,"attributes":{"Date_Installed":null,"LED_Powered":0,"LightID":"L021898","Light_Source":"LED","Light_Type":"Cobra","Lighting_Type":"LED-Powered Lamp","Verification_Date":null},"id":"stl-city-public-streetlights:2:129182","sourceLayerId":2,"sourceObjectId":129182,"sourceURL":"https://maps8.stlouis-mo.gov/arcgis/rest/services/STREETS/Streets_Permitting/MapServer/2","title":"Street light L021898"},"type":"Feature"},{"geometry":{"coordinates":[-90.22729989660282,38.60100957317986],"type":"Point"},"id":"stl-city-public-streetlights:2:129183","properties":{"address":null,"attributes":{"Date_Installed":null,"LED_Powered":0,"LightID":"L021899","Light_Source":"LED","Light_Type":"Cobra","Lighting_Type":"LED-Powered Lamp","Verification_Date":null},"id":"stl-city-public-streetlights:2:129183","sourceLayerId":2,"sourceObjectId":129183,"sourceURL":"https://maps8.stlouis-mo.gov/arcgis/rest/services/STREETS/Streets_Permitting/MapServer/2","title":"Street light L021899"},"type":"Feature"},{"geometry":{"coordinates":[-90.22722445350992,38.601360148159685],"type":"Point"},"id":"stl-city-public-streetlights:2:129184","properties":{"address":null,"attributes":{"Date_Installed":null,"LED_Powered":0,"LightID":"L021900","Light_Source":"LED","Light_Type":"Cobra","Lighting_Type":"LED-Powered Lamp","Verification_Date":null},"id":"stl-city-public-streetlights:2:129184","sourceLayerId":2,"sourceObjectId":129184,"sourceURL":"https://maps8.stlouis-mo.gov/arcgis/rest/services/STREETS/Streets_Permitting/MapServer/2","title":"Street light L021900"},"type":"Feature"},{"geometry":{"coordinates":[-90.22715938730592,38.60169787527763],"type":"Point"},"id":"stl-city-public-streetlights:2:129185","properties":{"address":null,"attributes":{"Date_Installed":null,"LED_Powered":0,"LightID":"L021901","Light_Source":"LED","Light_Type":"Cobra","Lighting_Type":"LED-Powered Lamp","Verification_Date":null},"id":"stl-city-public-streetlights:2:129185","sourceLayerId":2,"sourceObjectId":129185,"sourceURL":"https://maps8.stlouis-mo.gov/arcgis/rest/services/STREETS/Streets_Permitting/MapServer/2","title":"Street light L021901"},"type":"Feature"},{"geometry":{"coordinates":[-90.2270867611392,38.60202604963933],"type":"Point"},"id":"stl-city-public-streetlights:2:129186","properties":{"address":null,"attributes":{"Date_Installed":null,"LED_Powered":0,"LightID":"L021902","Light_Source":"LED","Light_Type":"Cobra","Lighting_Type":"LED-Powered Lamp","Verification_Date":null},"id":"stl-city-public-streetlights:2:129186","sourceLayerId":2,"sourceObjectId":129186,"sourceURL":"https://maps8.stlouis-mo.gov/arcgis/rest/services/STREETS/Streets_Permitting/MapServer/2","title":"Street light L021902"},"type":"Feature"},{"geometry":{"coordinates":[-90.2270202628425,38.60234053201912],"type":"Point"},"id":"stl-city-public-streetlights:2:129187","properties":{"address":null,"attributes":{"Date_Installed":null,"LED_Powered":0,"LightID":"L021903","Light_Source":"LED","Light_Type":"Cobra","Lighting_Type":"LED-Powered Lamp","Verification_Date":null},"id":"stl-city-public-streetlights:2:129187","sourceLayerId":2,"sourceObjectId":129187,"sourceURL":"https://maps8.stlouis-mo.gov/arcgis/rest/services/STREETS/Streets_Permitting/MapServer/2","title":"Street light L021903"},"type":"Feature"},{"geometry":{"coordinates":[-90.22695828330035,38.6026645608562],"type":"Point"},"id":"stl-city-public-streetlights:2:129188","properties":{"address":null,"attributes":{"Date_Installed":null,"LED_Powered":0,"LightID":"L021904","Light_Source":"LED","Light_Type":"Cobra","Lighting_Type":"LED-Powered Lamp","Verification_Date":null},"id":"stl-city-public-streetlights:2:129188","sourceLayerId":2,"sourceObjectId":129188,"sourceURL":"https://maps8.stlouis-mo.gov/arcgis/rest/services/STREETS/Streets_Permitting/MapServer/2","title":"Street light L021904"},"type":"Feature"},{"geometry":{"coordinates":[-90.22688302571473,38.60298557759395],"type":"Point"},"id":"stl-city-public-streetlights:2:129189","properties":{"address":null,"attributes":{"Date_Installed":null,"LED_Powered":0,"LightID":"L021905","Light_Source":"LED","Light_Type":"Cobra","Lighting_Type":"LED-Powered Lamp","Verification_Date":null},"id":"stl-city-public-streetlights:2:129189","sourceLayerId":2,"sourceObjectId":129189,"sourceURL":"https://maps8.stlouis-mo.gov/arcgis/rest/services/STREETS/Streets_Permitting/MapServer/2","title":"Street light L021905"},"type":"Feature"},{"geometry":{"coordinates":[-90.22843908753724,38.601837154480265],"type":"Point"},"id":"stl-city-public-streetlights:2:129190","properties":{"address":null,"attributes":{"Date_Installed":null,"LED_Powered":0,"LightID":"L021906","Light_Source":"LED","Light_Type":"Cobra","Lighting_Type":"LED-Powered Lamp","Verification_Date":null},"id":"stl-city-public-streetlights:2:129190","sourceLayerId":2,"sourceObjectId":129190,"sourceURL":"https://maps8.stlouis-mo.gov/arcgis/rest/services/STREETS/Streets_Permitting/MapServer/2","title":"Street light L021906"},"type":"Feature"},{"geometry":{"coordinates":[-90.2285252586096,38.601419148223115],"type":"Point"},"id":"stl-city-public-streetlights:2:129191","properties":{"address":null,"attributes":{"Date_Installed":null,"LED_Powered":0,"LightID":"L021907","Light_Source":"LED","Light_Type":"Cobra","Lighting_Type":"LED-Powered Lamp","Verification_Date":null},"id":"stl-city-public-streetlights:2:129191","sourceLayerId":2,"sourceObjectId":129191,"sourceURL":"https://maps8.stlouis-mo.gov/arcgis/rest/services/STREETS/Streets_Permitting/MapServer/2","title":"Street light L021907"},"type":"Feature"},{"geometry":{"coordinates":[-90.22862495934675,38.6009411051762],"type":"Point"},"id":"stl-city-public-streetlights:2:129192","properties":{"address":null,"attributes":{"Date_Installed":null,"LED_Powered":0,"LightID":"L021908","Light_Source":"LED","Light_Type":"Cobra","Lighting_Type":"LED-Powered Lamp","Verification_Date":null},"id":"stl-city-public-streetlights:2:129192","sourceLayerId":2,"sourceObjectId":129192,"sourceURL":"https://maps8.stlouis-mo.gov/arcgis/rest/services/STREETS/Streets_Permitting/MapServer/2","title":"Street light L021908"},"type":"Feature"},{"geometry":{"coordinates":[-90.22872252334517,38.60045697961282],"type":"Point"},"id":"stl-city-public-streetlights:2:129193","properties":{"address":null,"attributes":{"Date_Installed":null,"LED_Powered":0,"LightID":"L021909","Light_Source":"LED","Light_Type":"Cobra","Lighting_Type":"LED-Powered Lamp","Verification_Date":null},"id":"stl-city-public-streetlights:2:129193","sourceLayerId":2,"sourceObjectId":129193,"sourceURL":"https://maps8.stlouis-mo.gov/arcgis/rest/services/STREETS/Streets_Permitting/MapServer/2","title":"Street light L021909"},"type":"Feature"},{"geometry":{"coordinates":[-90.2296312098906,38.601706909306934],"type":"Point"},"id":"stl-city-public-streetlights:2:129194","properties":{"address":null,"attributes":{"Date_Installed":null,"LED_Powered":0,"LightID":"L021910","Light_Source":"LED","Light_Type":"Cobra","Lighting_Type":"LED-Powered Lamp","Verification_Date":null},"id":"stl-city-public-streetlights:2:129194","sourceLayerId":2,"sourceObjectId":129194,"sourceURL":"https://maps8.stlouis-mo.gov/arcgis/rest/services/STREETS/Streets_Permitting/MapServer/2","title":"Street light L021910"},"type":"Feature"},{"geometry":{"coordinates":[-90.22969612192549,38.601407199108124],"type":"Point"},"id":"stl-city-public-streetlights:2:129195","properties":{"address":null,"attributes":{"Date_Installed":null,"LED_Powered":0,"LightID":"L021911","Light_Source":"LED","Light_Type":"Cobra","Lighting_Type":"LED-Powered Lamp","Verification_Date":null},"id":"stl-city-public-streetlights:2:129195","sourceLayerId":2,"sourceObjectId":129195,"sourceURL":"https://maps8.stlouis-mo.gov/arcgis/rest/services/STREETS/Streets_Permitting/MapServer/2","title":"Street light L021911"},"type":"Feature"},{"geometry":{"coordinates":[-90.22975808983442,38.601082693034115],"type":"Point"},"id":"stl-city-public-streetlights:2:129196","properties":{"address":null,"attributes":{"Date_Installed":null,"LED_Powered":0,"LightID":"L021912","Light_Source":"LED","Light_Type":"Cobra","Lighting_Type":"LED-Powered Lamp","Verification_Date":null},"id":"stl-city-public-streetlights:2:129196","sourceLayerId":2,"sourceObjectId":129196,"sourceURL":"https://maps8.stlouis-mo.gov/arcgis/rest/services/STREETS/Streets_Permitting/MapServer/2","title":"Street light L021912"},"type":"Feature"},{"geometry":{"coordinates":[-90.22982303497426,38.60077416394709],"type":"Point"},"id":"stl-city-public-streetlights:2:129197","properties":{"address":null,"attributes":{"Date_Installed":null,"LED_Powered":0,"LightID":"L021913","Light_Source":"LED","Light_Type":"Cobra","Lighting_Type":"LED-Powered Lamp","Verification_Date":null},"id":"stl-city-public-streetlights:2:129197","sourceLayerId":2,"sourceObjectId":129197,"sourceURL":"https://maps8.stlouis-mo.gov/arcgis/rest/services/STREETS/Streets_Permitting/MapServer/2","title":"Street light L021913"},"type":"Feature"},{"geometry":{"coordinates":[-90.22831401047465,38.602463041867956],"type":"Point"},"id":"stl-city-public-streetlights:2:158874","properties":{"address":null,"attributes":{"Date_Installed":null,"LED_Powered":0,"LightID":"L052247","Light_Source":"LED","Light_Type":"Cobra","Lighting_Type":"LED-Powered Lamp","Verification_Date":null},"id":"stl-city-public-streetlights:2:158874","sourceLayerId":2,"sourceObjectId":158874,"sourceURL":"https://maps8.stlouis-mo.gov/arcgis/rest/services/STREETS/Streets_Permitting/MapServer/2","title":"Street light L052247"},"type":"Feature"},{"geometry":{"coordinates":[-90.22675794854807,38.603619195551886],"type":"Point"},"id":"stl-city-public-streetlights:2:158875","properties":{"address":null,"attributes":{"Date_Installed":"9/15/2017","LED_Powered":1,"LightID":"L052248","Light_Source":"LED","Light_Type":"Cobra","Lighting_Type":"LED-Powered Lamp","Verification_Date":null},"id":"stl-city-public-streetlights:2:158875","sourceLayerId":2,"sourceObjectId":158875,"sourceURL":"https://maps8.stlouis-mo.gov/arcgis/rest/services/STREETS/Streets_Permitting/MapServer/2","title":"Street light L052248"},"type":"Feature"},{"geometry":{"coordinates":[-90.2266939343806,38.60394479148516],"type":"Point"},"id":"stl-city-public-streetlights:2:158876","properties":{"address":null,"attributes":{"Date_Installed":"9/15/2017","LED_Powered":1,"LightID":"L052249","Light_Source":"LED","Light_Type":"Cobra","Lighting_Type":"LED-Powered Lamp","Verification_Date":null},"id":"stl-city-public-streetlights:2:158876","sourceLayerId":2,"sourceObjectId":158876,"sourceURL":"https://maps8.stlouis-mo.gov/arcgis/rest/services/STREETS/Streets_Permitting/MapServer/2","title":"Street light L052249"},"type":"Feature"}],"layerId":"city-streetlights","retrievedAt":"2026-09-13T21:56:18.173251+00:00","schema":"property-infrastructure-geojson-v1","sourceId":"stl-city-public-streetlights","tileId":"-9023_3860","type":"FeatureCollection"}