{"features":[{"geometry":{"coordinates":[-90.25070828762613,38.7097939194548],"type":"Point"},"id":"stl-city-public-streetlights:2:125691","properties":{"address":null,"attributes":{"Date_Installed":"4/13/20","LED_Powered":1,"LightID":"L018419","Light_Source":"LED","Light_Type":"Cobra","Lighting_Type":"LED-Powered Lamp","Verification_Date":null},"id":"stl-city-public-streetlights:2:125691","sourceLayerId":2,"sourceObjectId":125691,"sourceURL":"https://maps8.stlouis-mo.gov/arcgis/rest/services/STREETS/Streets_Permitting/MapServer/2","title":"Street light L018419"},"type":"Feature"},{"geometry":{"coordinates":[-90.25093580428748,38.709453171327],"type":"Point"},"id":"stl-city-public-streetlights:2:125692","properties":{"address":null,"attributes":{"Date_Installed":"4/13/20","LED_Powered":1,"LightID":"L018420","Light_Source":"LED","Light_Type":"Cobra","Lighting_Type":"LED-Powered Lamp","Verification_Date":null},"id":"stl-city-public-streetlights:2:125692","sourceLayerId":2,"sourceObjectId":125692,"sourceURL":"https://maps8.stlouis-mo.gov/arcgis/rest/services/STREETS/Streets_Permitting/MapServer/2","title":"Street light L018420"},"type":"Feature"},{"geometry":{"coordinates":[-90.25112298094315,38.70916467972919],"type":"Point"},"id":"stl-city-public-streetlights:2:125693","properties":{"address":null,"attributes":{"Date_Installed":"4/13/20","LED_Powered":1,"LightID":"L018421","Light_Source":"LED","Light_Type":"Cobra","Lighting_Type":"LED-Powered Lamp","Verification_Date":null},"id":"stl-city-public-streetlights:2:125693","sourceLayerId":2,"sourceObjectId":125693,"sourceURL":"https://maps8.stlouis-mo.gov/arcgis/rest/services/STREETS/Streets_Permitting/MapServer/2","title":"Street light L018421"},"type":"Feature"},{"geometry":{"coordinates":[-90.2520987419819,38.70997234601708],"type":"Point"},"id":"stl-city-public-streetlights:2:125775","properties":{"address":null,"attributes":{"Date_Installed":"6/15/2017","LED_Powered":1,"LightID":"L018503","Light_Source":"LED","Light_Type":"Cobra","Lighting_Type":"LED-Powered Lamp","Verification_Date":null},"id":"stl-city-public-streetlights:2:125775","sourceLayerId":2,"sourceObjectId":125775,"sourceURL":"https://maps8.stlouis-mo.gov/arcgis/rest/services/STREETS/Streets_Permitting/MapServer/2","title":"Street light L018503"},"type":"Feature"},{"geometry":{"coordinates":[-90.25176240454643,38.709585253780624],"type":"Point"},"id":"stl-city-public-streetlights:2:125776","properties":{"address":null,"attributes":{"Date_Installed":"6/15/2017","LED_Powered":1,"LightID":"L018504","Light_Source":"LED","Light_Type":"Cobra","Lighting_Type":"LED-Powered Lamp","Verification_Date":null},"id":"stl-city-public-streetlights:2:125776","sourceLayerId":2,"sourceObjectId":125776,"sourceURL":"https://maps8.stlouis-mo.gov/arcgis/rest/services/STREETS/Streets_Permitting/MapServer/2","title":"Street light L018504"},"type":"Feature"},{"geometry":{"coordinates":[-90.25143442416406,38.70921033567742],"type":"Point"},"id":"stl-city-public-streetlights:2:125777","properties":{"address":null,"attributes":{"Date_Installed":"6/15/2017","LED_Powered":1,"LightID":"L018505","Light_Source":"LED","Light_Type":"Cobra","Lighting_Type":"LED-Powered Lamp","Verification_Date":null},"id":"stl-city-public-streetlights:2:125777","sourceLayerId":2,"sourceObjectId":125777,"sourceURL":"https://maps8.stlouis-mo.gov/arcgis/rest/services/STREETS/Streets_Permitting/MapServer/2","title":"Street light L018505"},"type":"Feature"},{"geometry":{"coordinates":[-90.25110715475597,38.708842250411365],"type":"Point"},"id":"stl-city-public-streetlights:2:125778","properties":{"address":null,"attributes":{"Date_Installed":"6/15/2017","LED_Powered":1,"LightID":"L018506","Light_Source":"LED","Light_Type":"Cobra","Lighting_Type":"LED-Powered Lamp","Verification_Date":null},"id":"stl-city-public-streetlights:2:125778","sourceLayerId":2,"sourceObjectId":125778,"sourceURL":"https://maps8.stlouis-mo.gov/arcgis/rest/services/STREETS/Streets_Permitting/MapServer/2","title":"Street light L018506"},"type":"Feature"},{"geometry":{"coordinates":[-90.25079153046052,38.708485280647864],"type":"Point"},"id":"stl-city-public-streetlights:2:125779","properties":{"address":null,"attributes":{"Date_Installed":"6/15/2017","LED_Powered":1,"LightID":"L018507","Light_Source":"LED","Light_Type":"Cobra","Lighting_Type":"LED-Powered Lamp","Verification_Date":null},"id":"stl-city-public-streetlights:2:125779","sourceLayerId":2,"sourceObjectId":125779,"sourceURL":"https://maps8.stlouis-mo.gov/arcgis/rest/services/STREETS/Streets_Permitting/MapServer/2","title":"Street light L018507"},"type":"Feature"},{"geometry":{"coordinates":[-90.25048186853805,38.70812927586724],"type":"Point"},"id":"stl-city-public-streetlights:2:125780","properties":{"address":null,"attributes":{"Date_Installed":"6/15/2017","LED_Powered":1,"LightID":"L018508","Light_Source":"LED","Light_Type":"Cobra","Lighting_Type":"LED-Powered Lamp","Verification_Date":null},"id":"stl-city-public-streetlights:2:125780","sourceLayerId":2,"sourceObjectId":125780,"sourceURL":"https://maps8.stlouis-mo.gov/arcgis/rest/services/STREETS/Streets_Permitting/MapServer/2","title":"Street light L018508"},"type":"Feature"},{"geometry":{"coordinates":[-90.25020371123223,38.70781233389541],"type":"Point"},"id":"stl-city-public-streetlights:2:125781","properties":{"address":null,"attributes":{"Date_Installed":"6/15/2017","LED_Powered":1,"LightID":"L018509","Light_Source":"LED","Light_Type":"Cobra","Lighting_Type":"LED-Powered Lamp","Verification_Date":null},"id":"stl-city-public-streetlights:2:125781","sourceLayerId":2,"sourceObjectId":125781,"sourceURL":"https://maps8.stlouis-mo.gov/arcgis/rest/services/STREETS/Streets_Permitting/MapServer/2","title":"Street light L018509"},"type":"Feature"},{"geometry":{"coordinates":[-90.2509528634282,38.706008025439985],"type":"Point"},"id":"stl-city-public-streetlights:2:126556","properties":{"address":null,"attributes":{"Date_Installed":"4/23/2018","LED_Powered":1,"LightID":"L019272","Light_Source":"LED","Light_Type":"Cobra","Lighting_Type":"LED-Powered Lamp","Verification_Date":null},"id":"stl-city-public-streetlights:2:126556","sourceLayerId":2,"sourceObjectId":126556,"sourceURL":"https://maps8.stlouis-mo.gov/arcgis/rest/services/STREETS/Streets_Permitting/MapServer/2","title":"Street light L019272"},"type":"Feature"},{"geometry":{"coordinates":[-90.25002772427953,38.70470715569935],"type":"Point"},"id":"stl-city-public-streetlights:2:126561","properties":{"address":null,"attributes":{"Date_Installed":null,"LED_Powered":0,"LightID":"L019277","Light_Source":"LED","Light_Type":"Cobra","Lighting_Type":"LED-Powered Lamp","Verification_Date":null},"id":"stl-city-public-streetlights:2:126561","sourceLayerId":2,"sourceObjectId":126561,"sourceURL":"https://maps8.stlouis-mo.gov/arcgis/rest/services/STREETS/Streets_Permitting/MapServer/2","title":"Street light L019277"},"type":"Feature"},{"geometry":{"coordinates":[-90.2504056302102,38.70450297506738],"type":"Point"},"id":"stl-city-public-streetlights:2:126562","properties":{"address":null,"attributes":{"Date_Installed":null,"LED_Powered":0,"LightID":"L019278","Light_Source":"LED","Light_Type":"Cobra","Lighting_Type":"LED-Powered Lamp","Verification_Date":null},"id":"stl-city-public-streetlights:2:126562","sourceLayerId":2,"sourceObjectId":126562,"sourceURL":"https://maps8.stlouis-mo.gov/arcgis/rest/services/STREETS/Streets_Permitting/MapServer/2","title":"Street light L019278"},"type":"Feature"},{"geometry":{"coordinates":[-90.25077745931895,38.70429639652629],"type":"Point"},"id":"stl-city-public-streetlights:2:126563","properties":{"address":null,"attributes":{"Date_Installed":null,"LED_Powered":0,"LightID":"L019279","Light_Source":"LED","Light_Type":"Cobra","Lighting_Type":"LED-Powered Lamp","Verification_Date":null},"id":"stl-city-public-streetlights:2:126563","sourceLayerId":2,"sourceObjectId":126563,"sourceURL":"https://maps8.stlouis-mo.gov/arcgis/rest/services/STREETS/Streets_Permitting/MapServer/2","title":"Street light L019279"},"type":"Feature"},{"geometry":{"coordinates":[-90.25110845266114,38.70411046812607],"type":"Point"},"id":"stl-city-public-streetlights:2:126564","properties":{"address":null,"attributes":{"Date_Installed":null,"LED_Powered":0,"LightID":"L019280","Light_Source":"LED","Light_Type":"Cobra","Lighting_Type":"LED-Powered Lamp","Verification_Date":null},"id":"stl-city-public-streetlights:2:126564","sourceLayerId":2,"sourceObjectId":126564,"sourceURL":"https://maps8.stlouis-mo.gov/arcgis/rest/services/STREETS/Streets_Permitting/MapServer/2","title":"Street light L019280"},"type":"Feature"},{"geometry":{"coordinates":[-90.2514909299656,38.70390176406645],"type":"Point"},"id":"stl-city-public-streetlights:2:126565","properties":{"address":null,"attributes":{"Date_Installed":null,"LED_Powered":0,"LightID":"L019281","Light_Source":"LED","Light_Type":"Cobra","Lighting_Type":"LED-Powered Lamp","Verification_Date":null},"id":"stl-city-public-streetlights:2:126565","sourceLayerId":2,"sourceObjectId":126565,"sourceURL":"https://maps8.stlouis-mo.gov/arcgis/rest/services/STREETS/Streets_Permitting/MapServer/2","title":"Street light L019281"},"type":"Feature"},{"geometry":{"coordinates":[-90.25183894688865,38.70371801385165],"type":"Point"},"id":"stl-city-public-streetlights:2:126566","properties":{"address":null,"attributes":{"Date_Installed":null,"LED_Powered":0,"LightID":"L019282","Light_Source":"LED","Light_Type":"Cobra","Lighting_Type":"LED-Powered Lamp","Verification_Date":null},"id":"stl-city-public-streetlights:2:126566","sourceLayerId":2,"sourceObjectId":126566,"sourceURL":"https://maps8.stlouis-mo.gov/arcgis/rest/services/STREETS/Streets_Permitting/MapServer/2","title":"Street light L019282"},"type":"Feature"},{"geometry":{"coordinates":[-90.25227356080875,38.70347342680941],"type":"Point"},"id":"stl-city-public-streetlights:2:126567","properties":{"address":null,"attributes":{"Date_Installed":null,"LED_Powered":0,"LightID":"L019283","Light_Source":"LED","Light_Type":"Cobra","Lighting_Type":"LED-Powered Lamp","Verification_Date":null},"id":"stl-city-public-streetlights:2:126567","sourceLayerId":2,"sourceObjectId":126567,"sourceURL":"https://maps8.stlouis-mo.gov/arcgis/rest/services/STREETS/Streets_Permitting/MapServer/2","title":"Street light L019283"},"type":"Feature"},{"geometry":{"coordinates":[-90.25266790373958,38.70326212244628],"type":"Point"},"id":"stl-city-public-streetlights:2:126568","properties":{"address":null,"attributes":{"Date_Installed":null,"LED_Powered":0,"LightID":"L019284","Light_Source":"LED","Light_Type":"Cobra","Lighting_Type":"LED-Powered Lamp","Verification_Date":null},"id":"stl-city-public-streetlights:2:126568","sourceLayerId":2,"sourceObjectId":126568,"sourceURL":"https://maps8.stlouis-mo.gov/arcgis/rest/services/STREETS/Streets_Permitting/MapServer/2","title":"Street light L019284"},"type":"Feature"},{"geometry":{"coordinates":[-90.25011426915098,38.70440871360292],"type":"Point"},"id":"stl-city-public-streetlights:2:126579","properties":{"address":null,"attributes":{"Date_Installed":null,"LED_Powered":0,"LightID":"L019295","Light_Source":"LED","Light_Type":"Cobra","Lighting_Type":"LED-Powered Lamp","Verification_Date":null},"id":"stl-city-public-streetlights:2:126579","sourceLayerId":2,"sourceObjectId":126579,"sourceURL":"https://maps8.stlouis-mo.gov/arcgis/rest/services/STREETS/Streets_Permitting/MapServer/2","title":"Street light L019295"},"type":"Feature"},{"geometry":{"coordinates":[-90.25035940632384,38.70469128628988],"type":"Point"},"id":"stl-city-public-streetlights:2:126580","properties":{"address":null,"attributes":{"Date_Installed":null,"LED_Powered":0,"LightID":"L019296","Light_Source":"LED","Light_Type":"Cobra","Lighting_Type":"LED-Powered Lamp","Verification_Date":null},"id":"stl-city-public-streetlights:2:126580","sourceLayerId":2,"sourceObjectId":126580,"sourceURL":"https://maps8.stlouis-mo.gov/arcgis/rest/services/STREETS/Streets_Permitting/MapServer/2","title":"Street light L019296"},"type":"Feature"},{"geometry":{"coordinates":[-90.25056960091065,38.704930675948674],"type":"Point"},"id":"stl-city-public-streetlights:2:126581","properties":{"address":null,"attributes":{"Date_Installed":null,"LED_Powered":0,"LightID":"L019297","Light_Source":"LED","Light_Type":"Cobra","Lighting_Type":"LED-Powered Lamp","Verification_Date":null},"id":"stl-city-public-streetlights:2:126581","sourceLayerId":2,"sourceObjectId":126581,"sourceURL":"https://maps8.stlouis-mo.gov/arcgis/rest/services/STREETS/Streets_Permitting/MapServer/2","title":"Street light L019297"},"type":"Feature"},{"geometry":{"coordinates":[-90.25077885679714,38.705172281185455],"type":"Point"},"id":"stl-city-public-streetlights:2:126582","properties":{"address":null,"attributes":{"Date_Installed":null,"LED_Powered":0,"LightID":"L019298","Light_Source":"LED","Light_Type":"Cobra","Lighting_Type":"LED-Powered Lamp","Verification_Date":null},"id":"stl-city-public-streetlights:2:126582","sourceLayerId":2,"sourceObjectId":126582,"sourceURL":"https://maps8.stlouis-mo.gov/arcgis/rest/services/STREETS/Streets_Permitting/MapServer/2","title":"Street light L019298"},"type":"Feature"},{"geometry":{"coordinates":[-90.25014677998335,38.70738831634163],"type":"Point"},"id":"stl-city-public-streetlights:2:126584","properties":{"address":null,"attributes":{"Date_Installed":"6/15/2017","LED_Powered":1,"LightID":"L019300","Light_Source":"LED","Light_Type":"Cobra","Lighting_Type":"LED-Powered Lamp","Verification_Date":null},"id":"stl-city-public-streetlights:2:126584","sourceLayerId":2,"sourceObjectId":126584,"sourceURL":"https://maps8.stlouis-mo.gov/arcgis/rest/services/STREETS/Streets_Permitting/MapServer/2","title":"Street light L019300"},"type":"Feature"},{"geometry":{"coordinates":[-90.25049645665632,38.70778321189123],"type":"Point"},"id":"stl-city-public-streetlights:2:126585","properties":{"address":null,"attributes":{"Date_Installed":"6/15/2017","LED_Powered":1,"LightID":"L019301","Light_Source":"LED","Light_Type":"Cobra","Lighting_Type":"LED-Powered Lamp","Verification_Date":null},"id":"stl-city-public-streetlights:2:126585","sourceLayerId":2,"sourceObjectId":126585,"sourceURL":"https://maps8.stlouis-mo.gov/arcgis/rest/services/STREETS/Streets_Permitting/MapServer/2","title":"Street light L019301"},"type":"Feature"},{"geometry":{"coordinates":[-90.25081218952393,38.70814237545893],"type":"Point"},"id":"stl-city-public-streetlights:2:126586","properties":{"address":null,"attributes":{"Date_Installed":"6/15/2017","LED_Powered":1,"LightID":"L019302","Light_Source":"LED","Light_Type":"Cobra","Lighting_Type":"LED-Powered Lamp","Verification_Date":null},"id":"stl-city-public-streetlights:2:126586","sourceLayerId":2,"sourceObjectId":126586,"sourceURL":"https://maps8.stlouis-mo.gov/arcgis/rest/services/STREETS/Streets_Permitting/MapServer/2","title":"Street light L019302"},"type":"Feature"},{"geometry":{"coordinates":[-90.2511261085004,38.70849934155637],"type":"Point"},"id":"stl-city-public-streetlights:2:126587","properties":{"address":null,"attributes":{"Date_Installed":"6/15/2017","LED_Powered":1,"LightID":"L019303","Light_Source":"LED","Light_Type":"Cobra","Lighting_Type":"LED-Powered Lamp","Verification_Date":null},"id":"stl-city-public-streetlights:2:126587","sourceLayerId":2,"sourceObjectId":126587,"sourceURL":"https://maps8.stlouis-mo.gov/arcgis/rest/services/STREETS/Streets_Permitting/MapServer/2","title":"Street light L019303"},"type":"Feature"},{"geometry":{"coordinates":[-90.25144294436302,38.70885821925258],"type":"Point"},"id":"stl-city-public-streetlights:2:126588","properties":{"address":null,"attributes":{"Date_Installed":"6/15/2017","LED_Powered":1,"LightID":"L019304","Light_Source":"LED","Light_Type":"Cobra","Lighting_Type":"LED-Powered Lamp","Verification_Date":null},"id":"stl-city-public-streetlights:2:126588","sourceLayerId":2,"sourceObjectId":126588,"sourceURL":"https://maps8.stlouis-mo.gov/arcgis/rest/services/STREETS/Streets_Permitting/MapServer/2","title":"Street light L019304"},"type":"Feature"},{"geometry":{"coordinates":[-90.25178548610108,38.709244451768164],"type":"Point"},"id":"stl-city-public-streetlights:2:126589","properties":{"address":null,"attributes":{"Date_Installed":"6/15/2017","LED_Powered":1,"LightID":"L019305","Light_Source":"LED","Light_Type":"Cobra","Lighting_Type":"LED-Powered Lamp","Verification_Date":null},"id":"stl-city-public-streetlights:2:126589","sourceLayerId":2,"sourceObjectId":126589,"sourceURL":"https://maps8.stlouis-mo.gov/arcgis/rest/services/STREETS/Streets_Permitting/MapServer/2","title":"Street light L019305"},"type":"Feature"},{"geometry":{"coordinates":[-90.2520657500529,38.70957159593014],"type":"Point"},"id":"stl-city-public-streetlights:2:126590","properties":{"address":null,"attributes":{"Date_Installed":"6/15/2017","LED_Powered":1,"LightID":"L019306","Light_Source":"LED","Light_Type":"Cobra","Lighting_Type":"LED-Powered Lamp","Verification_Date":null},"id":"stl-city-public-streetlights:2:126590","sourceLayerId":2,"sourceObjectId":126590,"sourceURL":"https://maps8.stlouis-mo.gov/arcgis/rest/services/STREETS/Streets_Permitting/MapServer/2","title":"Street light L019306"},"type":"Feature"},{"geometry":{"coordinates":[-90.25239453246449,38.70994442931069],"type":"Point"},"id":"stl-city-public-streetlights:2:126591","properties":{"address":null,"attributes":{"Date_Installed":"6/15/2017","LED_Powered":1,"LightID":"L019307","Light_Source":"LED","Light_Type":"Cobra","Lighting_Type":"LED-Powered Lamp","Verification_Date":null},"id":"stl-city-public-streetlights:2:126591","sourceLayerId":2,"sourceObjectId":126591,"sourceURL":"https://maps8.stlouis-mo.gov/arcgis/rest/services/STREETS/Streets_Permitting/MapServer/2","title":"Street light L019307"},"type":"Feature"},{"geometry":{"coordinates":[-90.25282404510628,38.70970218281823],"type":"Point"},"id":"stl-city-public-streetlights:2:126595","properties":{"address":null,"attributes":{"Date_Installed":null,"LED_Powered":1,"LightID":"L019311","Light_Source":"LED","Light_Type":"Cobra","Lighting_Type":"LED-Powered Lamp","Verification_Date":null},"id":"stl-city-public-streetlights:2:126595","sourceLayerId":2,"sourceObjectId":126595,"sourceURL":"https://maps8.stlouis-mo.gov/arcgis/rest/services/STREETS/Streets_Permitting/MapServer/2","title":"Street light L019311"},"type":"Feature"},{"geometry":{"coordinates":[-90.25303830696359,38.709408977960564],"type":"Point"},"id":"stl-city-public-streetlights:2:126596","properties":{"address":null,"attributes":{"Date_Installed":null,"LED_Powered":1,"LightID":"L019312","Light_Source":"LED","Light_Type":"Cobra","Lighting_Type":"LED-Powered Lamp","Verification_Date":null},"id":"stl-city-public-streetlights:2:126596","sourceLayerId":2,"sourceObjectId":126596,"sourceURL":"https://maps8.stlouis-mo.gov/arcgis/rest/services/STREETS/Streets_Permitting/MapServer/2","title":"Street light L019312"},"type":"Feature"},{"geometry":{"coordinates":[-90.25324108429585,38.7091372010812],"type":"Point"},"id":"stl-city-public-streetlights:2:126597","properties":{"address":null,"attributes":{"Date_Installed":null,"LED_Powered":1,"LightID":"L019313","Light_Source":"LED","Light_Type":"Cobra","Lighting_Type":"LED-Powered Lamp","Verification_Date":null},"id":"stl-city-public-streetlights:2:126597","sourceLayerId":2,"sourceObjectId":126597,"sourceURL":"https://maps8.stlouis-mo.gov/arcgis/rest/services/STREETS/Streets_Permitting/MapServer/2","title":"Street light L019313"},"type":"Feature"},{"geometry":{"coordinates":[-90.2534539370147,38.70883249183851],"type":"Point"},"id":"stl-city-public-streetlights:2:126598","properties":{"address":null,"attributes":{"Date_Installed":null,"LED_Powered":1,"LightID":"L019314","Light_Source":"LED","Light_Type":"Cobra","Lighting_Type":"LED-Powered Lamp","Verification_Date":null},"id":"stl-city-public-streetlights:2:126598","sourceLayerId":2,"sourceObjectId":126598,"sourceURL":"https://maps8.stlouis-mo.gov/arcgis/rest/services/STREETS/Streets_Permitting/MapServer/2","title":"Street light L019314"},"type":"Feature"},{"geometry":{"coordinates":[-90.25367387143957,38.708528823209654],"type":"Point"},"id":"stl-city-public-streetlights:2:126599","properties":{"address":null,"attributes":{"Date_Installed":null,"LED_Powered":1,"LightID":"L019315","Light_Source":"LED","Light_Type":"Cobra","Lighting_Type":"LED-Powered Lamp","Verification_Date":null},"id":"stl-city-public-streetlights:2:126599","sourceLayerId":2,"sourceObjectId":126599,"sourceURL":"https://maps8.stlouis-mo.gov/arcgis/rest/services/STREETS/Streets_Permitting/MapServer/2","title":"Street light L019315"},"type":"Feature"},{"geometry":{"coordinates":[-90.25388072002063,38.70823952264957],"type":"Point"},"id":"stl-city-public-streetlights:2:126600","properties":{"address":null,"attributes":{"Date_Installed":null,"LED_Powered":1,"LightID":"L019316","Light_Source":"LED","Light_Type":"Cobra","Lighting_Type":"LED-Powered Lamp","Verification_Date":null},"id":"stl-city-public-streetlights:2:126600","sourceLayerId":2,"sourceObjectId":126600,"sourceURL":"https://maps8.stlouis-mo.gov/arcgis/rest/services/STREETS/Streets_Permitting/MapServer/2","title":"Street light L019316"},"type":"Feature"},{"geometry":{"coordinates":[-90.25196425171609,38.70920054841946],"type":"Point"},"id":"stl-city-public-streetlights:2:126601","properties":{"address":null,"attributes":{"Date_Installed":null,"LED_Powered":1,"LightID":"L019317","Light_Source":"LED","Light_Type":"Cobra","Lighting_Type":"LED-Powered Lamp","Verification_Date":null},"id":"stl-city-public-streetlights:2:126601","sourceLayerId":2,"sourceObjectId":126601,"sourceURL":"https://maps8.stlouis-mo.gov/arcgis/rest/services/STREETS/Streets_Permitting/MapServer/2","title":"Street light L019317"},"type":"Feature"},{"geometry":{"coordinates":[-90.25219196862163,38.70888744799606],"type":"Point"},"id":"stl-city-public-streetlights:2:126602","properties":{"address":null,"attributes":{"Date_Installed":null,"LED_Powered":1,"LightID":"L019318","Light_Source":"LED","Light_Type":"Cobra","Lighting_Type":"LED-Powered Lamp","Verification_Date":null},"id":"stl-city-public-streetlights:2:126602","sourceLayerId":2,"sourceObjectId":126602,"sourceURL":"https://maps8.stlouis-mo.gov/arcgis/rest/services/STREETS/Streets_Permitting/MapServer/2","title":"Street light L019318"},"type":"Feature"},{"geometry":{"coordinates":[-90.25239920101286,38.70860357328519],"type":"Point"},"id":"stl-city-public-streetlights:2:126603","properties":{"address":null,"attributes":{"Date_Installed":null,"LED_Powered":1,"LightID":"L019319","Light_Source":"LED","Light_Type":"Cobra","Lighting_Type":"LED-Powered Lamp","Verification_Date":null},"id":"stl-city-public-streetlights:2:126603","sourceLayerId":2,"sourceObjectId":126603,"sourceURL":"https://maps8.stlouis-mo.gov/arcgis/rest/services/STREETS/Streets_Permitting/MapServer/2","title":"Street light L019319"},"type":"Feature"},{"geometry":{"coordinates":[-90.25260829188825,38.70830940507915],"type":"Point"},"id":"stl-city-public-streetlights:2:126604","properties":{"address":null,"attributes":{"Date_Installed":null,"LED_Powered":1,"LightID":"L019320","Light_Source":"LED","Light_Type":"Cobra","Lighting_Type":"LED-Powered Lamp","Verification_Date":null},"id":"stl-city-public-streetlights:2:126604","sourceLayerId":2,"sourceObjectId":126604,"sourceURL":"https://maps8.stlouis-mo.gov/arcgis/rest/services/STREETS/Streets_Permitting/MapServer/2","title":"Street light L019320"},"type":"Feature"},{"geometry":{"coordinates":[-90.25281750769426,38.70802286538819],"type":"Point"},"id":"stl-city-public-streetlights:2:126605","properties":{"address":null,"attributes":{"Date_Installed":null,"LED_Powered":1,"LightID":"L019321","Light_Source":"LED","Light_Type":"Cobra","Lighting_Type":"LED-Powered Lamp","Verification_Date":null},"id":"stl-city-public-streetlights:2:126605","sourceLayerId":2,"sourceObjectId":126605,"sourceURL":"https://maps8.stlouis-mo.gov/arcgis/rest/services/STREETS/Streets_Permitting/MapServer/2","title":"Street light L019321"},"type":"Feature"},{"geometry":{"coordinates":[-90.25299587775432,38.707771059301024],"type":"Point"},"id":"stl-city-public-streetlights:2:126606","properties":{"address":null,"attributes":{"Date_Installed":null,"LED_Powered":1,"LightID":"L019322","Light_Source":"LED","Light_Type":"Cobra","Lighting_Type":"LED-Powered Lamp","Verification_Date":null},"id":"stl-city-public-streetlights:2:126606","sourceLayerId":2,"sourceObjectId":126606,"sourceURL":"https://maps8.stlouis-mo.gov/arcgis/rest/services/STREETS/Streets_Permitting/MapServer/2","title":"Street light L019322"},"type":"Feature"},{"geometry":{"coordinates":[-90.25137236274098,38.708683972593576],"type":"Point"},"id":"stl-city-public-streetlights:2:126607","properties":{"address":null,"attributes":{"Date_Installed":null,"LED_Powered":1,"LightID":"L019323","Light_Source":"LED","Light_Type":"Cobra","Lighting_Type":"LED-Powered Lamp","Verification_Date":null},"id":"stl-city-public-streetlights:2:126607","sourceLayerId":2,"sourceObjectId":126607,"sourceURL":"https://maps8.stlouis-mo.gov/arcgis/rest/services/STREETS/Streets_Permitting/MapServer/2","title":"Street light L019323"},"type":"Feature"},{"geometry":{"coordinates":[-90.25158588187576,38.70839225431948],"type":"Point"},"id":"stl-city-public-streetlights:2:126608","properties":{"address":null,"attributes":{"Date_Installed":null,"LED_Powered":1,"LightID":"L019324","Light_Source":"LED","Light_Type":"Cobra","Lighting_Type":"LED-Powered Lamp","Verification_Date":null},"id":"stl-city-public-streetlights:2:126608","sourceLayerId":2,"sourceObjectId":126608,"sourceURL":"https://maps8.stlouis-mo.gov/arcgis/rest/services/STREETS/Streets_Permitting/MapServer/2","title":"Street light L019324"},"type":"Feature"},{"geometry":{"coordinates":[-90.25179637868656,38.70809560411931],"type":"Point"},"id":"stl-city-public-streetlights:2:126609","properties":{"address":null,"attributes":{"Date_Installed":null,"LED_Powered":1,"LightID":"L019325","Light_Source":"LED","Light_Type":"Cobra","Lighting_Type":"LED-Powered Lamp","Verification_Date":null},"id":"stl-city-public-streetlights:2:126609","sourceLayerId":2,"sourceObjectId":126609,"sourceURL":"https://maps8.stlouis-mo.gov/arcgis/rest/services/STREETS/Streets_Permitting/MapServer/2","title":"Street light L019325"},"type":"Feature"},{"geometry":{"coordinates":[-90.25200224235866,38.707812998307325],"type":"Point"},"id":"stl-city-public-streetlights:2:126610","properties":{"address":null,"attributes":{"Date_Installed":null,"LED_Powered":1,"LightID":"L019326","Light_Source":"LED","Light_Type":"Cobra","Lighting_Type":"LED-Powered Lamp","Verification_Date":null},"id":"stl-city-public-streetlights:2:126610","sourceLayerId":2,"sourceObjectId":126610,"sourceURL":"https://maps8.stlouis-mo.gov/arcgis/rest/services/STREETS/Streets_Permitting/MapServer/2","title":"Street light L019326"},"type":"Feature"},{"geometry":{"coordinates":[-90.25221010460155,38.70752216592316],"type":"Point"},"id":"stl-city-public-streetlights:2:126611","properties":{"address":null,"attributes":{"Date_Installed":null,"LED_Powered":1,"LightID":"L019327","Light_Source":"LED","Light_Type":"Cobra","Lighting_Type":"LED-Powered Lamp","Verification_Date":null},"id":"stl-city-public-streetlights:2:126611","sourceLayerId":2,"sourceObjectId":126611,"sourceURL":"https://maps8.stlouis-mo.gov/arcgis/rest/services/STREETS/Streets_Permitting/MapServer/2","title":"Street light L019327"},"type":"Feature"},{"geometry":{"coordinates":[-90.25242683027226,38.7073401618758],"type":"Point"},"id":"stl-city-public-streetlights:2:126612","properties":{"address":null,"attributes":{"Date_Installed":"4/23/2018","LED_Powered":1,"LightID":"L019328","Light_Source":"LED","Light_Type":"Cobra","Lighting_Type":"LED-Powered Lamp","Verification_Date":null},"id":"stl-city-public-streetlights:2:126612","sourceLayerId":2,"sourceObjectId":126612,"sourceURL":"https://maps8.stlouis-mo.gov/arcgis/rest/services/STREETS/Streets_Permitting/MapServer/2","title":"Street light L019328"},"type":"Feature"},{"geometry":{"coordinates":[-90.25262821048585,38.707053723898554],"type":"Point"},"id":"stl-city-public-streetlights:2:126613","properties":{"address":null,"attributes":{"Date_Installed":"4/23/2018","LED_Powered":1,"LightID":"L019329","Light_Source":"LED","Light_Type":"Cobra","Lighting_Type":"LED-Powered Lamp","Verification_Date":null},"id":"stl-city-public-streetlights:2:126613","sourceLayerId":2,"sourceObjectId":126613,"sourceURL":"https://maps8.stlouis-mo.gov/arcgis/rest/services/STREETS/Streets_Permitting/MapServer/2","title":"Street light L019329"},"type":"Feature"},{"geometry":{"coordinates":[-90.2528415389333,38.70676840808454],"type":"Point"},"id":"stl-city-public-streetlights:2:126614","properties":{"address":null,"attributes":{"Date_Installed":"1/2017","LED_Powered":1,"LightID":"L019330","Light_Source":"LED","Light_Type":"Cobra","Lighting_Type":"LED-Powered Lamp","Verification_Date":null},"id":"stl-city-public-streetlights:2:126614","sourceLayerId":2,"sourceObjectId":126614,"sourceURL":"https://maps8.stlouis-mo.gov/arcgis/rest/services/STREETS/Streets_Permitting/MapServer/2","title":"Street light L019330"},"type":"Feature"},{"geometry":{"coordinates":[-90.25307769597389,38.706430199916596],"type":"Point"},"id":"stl-city-public-streetlights:2:126615","properties":{"address":null,"attributes":{"Date_Installed":"1/2017","LED_Powered":1,"LightID":"L019331","Light_Source":"LED","Light_Type":"Cobra","Lighting_Type":"LED-Powered Lamp","Verification_Date":null},"id":"stl-city-public-streetlights:2:126615","sourceLayerId":2,"sourceObjectId":126615,"sourceURL":"https://maps8.stlouis-mo.gov/arcgis/rest/services/STREETS/Streets_Permitting/MapServer/2","title":"Street light L019331"},"type":"Feature"},{"geometry":{"coordinates":[-90.25332192383149,38.7060887200669],"type":"Point"},"id":"stl-city-public-streetlights:2:126616","properties":{"address":null,"attributes":{"Date_Installed":"1/2017","LED_Powered":1,"LightID":"L019332","Light_Source":"LED","Light_Type":"Cobra","Lighting_Type":"LED-Powered Lamp","Verification_Date":null},"id":"stl-city-public-streetlights:2:126616","sourceLayerId":2,"sourceObjectId":126616,"sourceURL":"https://maps8.stlouis-mo.gov/arcgis/rest/services/STREETS/Streets_Permitting/MapServer/2","title":"Street light L019332"},"type":"Feature"},{"geometry":{"coordinates":[-90.25351885790161,38.70583242263084],"type":"Point"},"id":"stl-city-public-streetlights:2:126617","properties":{"address":null,"attributes":{"Date_Installed":"1/2017","LED_Powered":1,"LightID":"L019333","Light_Source":"LED","Light_Type":"Cobra","Lighting_Type":"LED-Powered Lamp","Verification_Date":null},"id":"stl-city-public-streetlights:2:126617","sourceLayerId":2,"sourceObjectId":126617,"sourceURL":"https://maps8.stlouis-mo.gov/arcgis/rest/services/STREETS/Streets_Permitting/MapServer/2","title":"Street light L019333"},"type":"Feature"},{"geometry":{"coordinates":[-90.25373037063264,38.70553806728317],"type":"Point"},"id":"stl-city-public-streetlights:2:126618","properties":{"address":null,"attributes":{"Date_Installed":"1/2017","LED_Powered":1,"LightID":"L019334","Light_Source":"LED","Light_Type":"Cobra","Lighting_Type":"LED-Powered Lamp","Verification_Date":null},"id":"stl-city-public-streetlights:2:126618","sourceLayerId":2,"sourceObjectId":126618,"sourceURL":"https://maps8.stlouis-mo.gov/arcgis/rest/services/STREETS/Streets_Permitting/MapServer/2","title":"Street light L019334"},"type":"Feature"},{"geometry":{"coordinates":[-90.25397244006663,38.70520296870347],"type":"Point"},"id":"stl-city-public-streetlights:2:126619","properties":{"address":null,"attributes":{"Date_Installed":"1/2017","LED_Powered":1,"LightID":"L019335","Light_Source":"LED","Light_Type":"Cobra","Lighting_Type":"LED-Powered Lamp","Verification_Date":null},"id":"stl-city-public-streetlights:2:126619","sourceLayerId":2,"sourceObjectId":126619,"sourceURL":"https://maps8.stlouis-mo.gov/arcgis/rest/services/STREETS/Streets_Permitting/MapServer/2","title":"Street light L019335"},"type":"Feature"},{"geometry":{"coordinates":[-90.25421011580102,38.70486237761402],"type":"Point"},"id":"stl-city-public-streetlights:2:126620","properties":{"address":null,"attributes":{"Date_Installed":"1/2017","LED_Powered":1,"LightID":"L019336","Light_Source":"LED","Light_Type":"Cobra","Lighting_Type":"LED-Powered Lamp","Verification_Date":null},"id":"stl-city-public-streetlights:2:126620","sourceLayerId":2,"sourceObjectId":126620,"sourceURL":"https://maps8.stlouis-mo.gov/arcgis/rest/services/STREETS/Streets_Permitting/MapServer/2","title":"Street light L019336"},"type":"Feature"},{"geometry":{"coordinates":[-90.25072529796664,38.7079001241295],"type":"Point"},"id":"stl-city-public-streetlights:2:126621","properties":{"address":null,"attributes":{"Date_Installed":"4/23/2018","LED_Powered":1,"LightID":"L019337","Light_Source":"LED","Light_Type":"Cobra","Lighting_Type":"LED-Powered Lamp","Verification_Date":null},"id":"stl-city-public-streetlights:2:126621","sourceLayerId":2,"sourceObjectId":126621,"sourceURL":"https://maps8.stlouis-mo.gov/arcgis/rest/services/STREETS/Streets_Permitting/MapServer/2","title":"Street light L019337"},"type":"Feature"},{"geometry":{"coordinates":[-90.25092917944491,38.70761858171571],"type":"Point"},"id":"stl-city-public-streetlights:2:126622","properties":{"address":null,"attributes":{"Date_Installed":"4/23/2018","LED_Powered":1,"LightID":"L019338","Light_Source":"LED","Light_Type":"Cobra","Lighting_Type":"LED-Powered Lamp","Verification_Date":null},"id":"stl-city-public-streetlights:2:126622","sourceLayerId":2,"sourceObjectId":126622,"sourceURL":"https://maps8.stlouis-mo.gov/arcgis/rest/services/STREETS/Streets_Permitting/MapServer/2","title":"Street light L019338"},"type":"Feature"},{"geometry":{"coordinates":[-90.25113281721288,38.70733358173994],"type":"Point"},"id":"stl-city-public-streetlights:2:126623","properties":{"address":null,"attributes":{"Date_Installed":"4/23/2018","LED_Powered":1,"LightID":"L019339","Light_Source":"LED","Light_Type":"Cobra","Lighting_Type":"LED-Powered Lamp","Verification_Date":null},"id":"stl-city-public-streetlights:2:126623","sourceLayerId":2,"sourceObjectId":126623,"sourceURL":"https://maps8.stlouis-mo.gov/arcgis/rest/services/STREETS/Streets_Permitting/MapServer/2","title":"Street light L019339"},"type":"Feature"},{"geometry":{"coordinates":[-90.25133944942556,38.707047292297624],"type":"Point"},"id":"stl-city-public-streetlights:2:126624","properties":{"address":null,"attributes":{"Date_Installed":"4/23/2018","LED_Powered":1,"LightID":"L019340","Light_Source":"LED","Light_Type":"Cobra","Lighting_Type":"LED-Powered Lamp","Verification_Date":null},"id":"stl-city-public-streetlights:2:126624","sourceLayerId":2,"sourceObjectId":126624,"sourceURL":"https://maps8.stlouis-mo.gov/arcgis/rest/services/STREETS/Streets_Permitting/MapServer/2","title":"Street light L019340"},"type":"Feature"},{"geometry":{"coordinates":[-90.25010662232725,38.70722901009733],"type":"Point"},"id":"stl-city-public-streetlights:2:126625","properties":{"address":null,"attributes":{"Date_Installed":"4/23/2018","LED_Powered":1,"LightID":"L019341","Light_Source":"LED","Light_Type":"Cobra","Lighting_Type":"LED-Powered Lamp","Verification_Date":null},"id":"stl-city-public-streetlights:2:126625","sourceLayerId":2,"sourceObjectId":126625,"sourceURL":"https://maps8.stlouis-mo.gov/arcgis/rest/services/STREETS/Streets_Permitting/MapServer/2","title":"Street light L019341"},"type":"Feature"},{"geometry":{"coordinates":[-90.25030194913367,38.706958056510786],"type":"Point"},"id":"stl-city-public-streetlights:2:126626","properties":{"address":null,"attributes":{"Date_Installed":"4/23/2018","LED_Powered":1,"LightID":"L019342","Light_Source":"LED","Light_Type":"Cobra","Lighting_Type":"LED-Powered Lamp","Verification_Date":null},"id":"stl-city-public-streetlights:2:126626","sourceLayerId":2,"sourceObjectId":126626,"sourceURL":"https://maps8.stlouis-mo.gov/arcgis/rest/services/STREETS/Streets_Permitting/MapServer/2","title":"Street light L019342"},"type":"Feature"},{"geometry":{"coordinates":[-90.25052293178037,38.706656981481274],"type":"Point"},"id":"stl-city-public-streetlights:2:126627","properties":{"address":null,"attributes":{"Date_Installed":"4/23/2018","LED_Powered":1,"LightID":"L019343","Light_Source":"LED","Light_Type":"Cobra","Lighting_Type":"LED-Powered Lamp","Verification_Date":null},"id":"stl-city-public-streetlights:2:126627","sourceLayerId":2,"sourceObjectId":126627,"sourceURL":"https://maps8.stlouis-mo.gov/arcgis/rest/services/STREETS/Streets_Permitting/MapServer/2","title":"Street light L019343"},"type":"Feature"},{"geometry":{"coordinates":[-90.25489967110556,38.70791058995099],"type":"Point"},"id":"stl-city-public-streetlights:2:126628","properties":{"address":null,"attributes":{"Date_Installed":"5/1/2016","LED_Powered":1,"LightID":"L019344","Light_Source":"LED","Light_Type":"Cobra","Lighting_Type":"LED-Powered Lamp","Verification_Date":null},"id":"stl-city-public-streetlights:2:126628","sourceLayerId":2,"sourceObjectId":126628,"sourceURL":"https://maps8.stlouis-mo.gov/arcgis/rest/services/STREETS/Streets_Permitting/MapServer/2","title":"Street light L019344"},"type":"Feature"},{"geometry":{"coordinates":[-90.25447065822918,38.70771304427029],"type":"Point"},"id":"stl-city-public-streetlights:2:126629","properties":{"address":null,"attributes":{"Date_Installed":"5/1/2016","LED_Powered":1,"LightID":"L019345","Light_Source":"LED","Light_Type":"Cobra","Lighting_Type":"LED-Powered Lamp","Verification_Date":null},"id":"stl-city-public-streetlights:2:126629","sourceLayerId":2,"sourceObjectId":126629,"sourceURL":"https://maps8.stlouis-mo.gov/arcgis/rest/services/STREETS/Streets_Permitting/MapServer/2","title":"Street light L019345"},"type":"Feature"},{"geometry":{"coordinates":[-90.254058488234,38.70752816546314],"type":"Point"},"id":"stl-city-public-streetlights:2:126630","properties":{"address":null,"attributes":{"Date_Installed":"5/1/2016","LED_Powered":1,"LightID":"L019346","Light_Source":"LED","Light_Type":"Cobra","Lighting_Type":"LED-Powered Lamp","Verification_Date":null},"id":"stl-city-public-streetlights:2:126630","sourceLayerId":2,"sourceObjectId":126630,"sourceURL":"https://maps8.stlouis-mo.gov/arcgis/rest/services/STREETS/Streets_Permitting/MapServer/2","title":"Street light L019346"},"type":"Feature"},{"geometry":{"coordinates":[-90.2536616512053,38.707352256923954],"type":"Point"},"id":"stl-city-public-streetlights:2:126631","properties":{"address":null,"attributes":{"Date_Installed":"5/1/2016","LED_Powered":1,"LightID":"L019347","Light_Source":"LED","Light_Type":"Cobra","Lighting_Type":"LED-Powered Lamp","Verification_Date":null},"id":"stl-city-public-streetlights:2:126631","sourceLayerId":2,"sourceObjectId":126631,"sourceURL":"https://maps8.stlouis-mo.gov/arcgis/rest/services/STREETS/Streets_Permitting/MapServer/2","title":"Street light L019347"},"type":"Feature"},{"geometry":{"coordinates":[-90.25322533491659,38.7071574317509],"type":"Point"},"id":"stl-city-public-streetlights:2:126632","properties":{"address":null,"attributes":{"Date_Installed":"5/1/2016","LED_Powered":1,"LightID":"L019348","Light_Source":"LED","Light_Type":"Cobra","Lighting_Type":"LED-Powered Lamp","Verification_Date":null},"id":"stl-city-public-streetlights:2:126632","sourceLayerId":2,"sourceObjectId":126632,"sourceURL":"https://maps8.stlouis-mo.gov/arcgis/rest/services/STREETS/Streets_Permitting/MapServer/2","title":"Street light L019348"},"type":"Feature"},{"geometry":{"coordinates":[-90.2528790784054,38.70700296009779],"type":"Point"},"id":"stl-city-public-streetlights:2:126633","properties":{"address":null,"attributes":{"Date_Installed":"5/1/2016","LED_Powered":1,"LightID":"L019349","Light_Source":"LED","Light_Type":"Cobra","Lighting_Type":"LED-Powered Lamp","Verification_Date":null},"id":"stl-city-public-streetlights:2:126633","sourceLayerId":2,"sourceObjectId":126633,"sourceURL":"https://maps8.stlouis-mo.gov/arcgis/rest/services/STREETS/Streets_Permitting/MapServer/2","title":"Street light L019349"},"type":"Feature"},{"geometry":{"coordinates":[-90.25251877160815,38.70684309384777],"type":"Point"},"id":"stl-city-public-streetlights:2:126634","properties":{"address":null,"attributes":{"Date_Installed":"5/1/2016","LED_Powered":1,"LightID":"L019350","Light_Source":"LED","Light_Type":"Cobra","Lighting_Type":"LED-Powered Lamp","Verification_Date":null},"id":"stl-city-public-streetlights:2:126634","sourceLayerId":2,"sourceObjectId":126634,"sourceURL":"https://maps8.stlouis-mo.gov/arcgis/rest/services/STREETS/Streets_Permitting/MapServer/2","title":"Street light L019350"},"type":"Feature"},{"geometry":{"coordinates":[-90.25212390156842,38.70667242735693],"type":"Point"},"id":"stl-city-public-streetlights:2:126635","properties":{"address":null,"attributes":{"Date_Installed":"5/1/2016","LED_Powered":1,"LightID":"L019351","Light_Source":"LED","Light_Type":"Cobra","Lighting_Type":"LED-Powered Lamp","Verification_Date":null},"id":"stl-city-public-streetlights:2:126635","sourceLayerId":2,"sourceObjectId":126635,"sourceURL":"https://maps8.stlouis-mo.gov/arcgis/rest/services/STREETS/Streets_Permitting/MapServer/2","title":"Street light L019351"},"type":"Feature"},{"geometry":{"coordinates":[-90.25174654267758,38.70649673106539],"type":"Point"},"id":"stl-city-public-streetlights:2:126636","properties":{"address":null,"attributes":{"Date_Installed":"5/1/2016","LED_Powered":1,"LightID":"L019352","Light_Source":"LED","Light_Type":"Cobra","Lighting_Type":"LED-Powered Lamp","Verification_Date":null},"id":"stl-city-public-streetlights:2:126636","sourceLayerId":2,"sourceObjectId":126636,"sourceURL":"https://maps8.stlouis-mo.gov/arcgis/rest/services/STREETS/Streets_Permitting/MapServer/2","title":"Street light L019352"},"type":"Feature"},{"geometry":{"coordinates":[-90.25136077378532,38.70633412616345],"type":"Point"},"id":"stl-city-public-streetlights:2:126637","properties":{"address":null,"attributes":{"Date_Installed":"5/1/2016","LED_Powered":1,"LightID":"L019353","Light_Source":"LED","Light_Type":"Cobra","Lighting_Type":"LED-Powered Lamp","Verification_Date":null},"id":"stl-city-public-streetlights:2:126637","sourceLayerId":2,"sourceObjectId":126637,"sourceURL":"https://maps8.stlouis-mo.gov/arcgis/rest/services/STREETS/Streets_Permitting/MapServer/2","title":"Street light L019353"},"type":"Feature"},{"geometry":{"coordinates":[-90.250969157678,38.706148089182584],"type":"Point"},"id":"stl-city-public-streetlights:2:126638","properties":{"address":null,"attributes":{"Date_Installed":"5/1/2016","LED_Powered":1,"LightID":"L019354","Light_Source":"LED","Light_Type":"Cobra","Lighting_Type":"LED-Powered Lamp","Verification_Date":null},"id":"stl-city-public-streetlights:2:126638","sourceLayerId":2,"sourceObjectId":126638,"sourceURL":"https://maps8.stlouis-mo.gov/arcgis/rest/services/STREETS/Streets_Permitting/MapServer/2","title":"Street light L019354"},"type":"Feature"},{"geometry":{"coordinates":[-90.25057506546956,38.70597443989948],"type":"Point"},"id":"stl-city-public-streetlights:2:126639","properties":{"address":null,"attributes":{"Date_Installed":"5/1/2016","LED_Powered":1,"LightID":"L019355","Light_Source":"LED","Light_Type":"Cobra","Lighting_Type":"LED-Powered Lamp","Verification_Date":null},"id":"stl-city-public-streetlights:2:126639","sourceLayerId":2,"sourceObjectId":126639,"sourceURL":"https://maps8.stlouis-mo.gov/arcgis/rest/services/STREETS/Streets_Permitting/MapServer/2","title":"Street light L019355"},"type":"Feature"},{"geometry":{"coordinates":[-90.25546588744798,38.70712406131352],"type":"Point"},"id":"stl-city-public-streetlights:2:126640","properties":{"address":null,"attributes":{"Date_Installed":"5/1/2016","LED_Powered":1,"LightID":"L019356","Light_Source":"LED","Light_Type":"Cobra","Lighting_Type":"LED-Powered Lamp","Verification_Date":null},"id":"stl-city-public-streetlights:2:126640","sourceLayerId":2,"sourceObjectId":126640,"sourceURL":"https://maps8.stlouis-mo.gov/arcgis/rest/services/STREETS/Streets_Permitting/MapServer/2","title":"Street light L019356"},"type":"Feature"},{"geometry":{"coordinates":[-90.25507573350319,38.70695091200951],"type":"Point"},"id":"stl-city-public-streetlights:2:126641","properties":{"address":null,"attributes":{"Date_Installed":"5/1/2016","LED_Powered":1,"LightID":"L019357","Light_Source":"LED","Light_Type":"Cobra","Lighting_Type":"LED-Powered Lamp","Verification_Date":null},"id":"stl-city-public-streetlights:2:126641","sourceLayerId":2,"sourceObjectId":126641,"sourceURL":"https://maps8.stlouis-mo.gov/arcgis/rest/services/STREETS/Streets_Permitting/MapServer/2","title":"Street light L019357"},"type":"Feature"},{"geometry":{"coordinates":[-90.25464427235555,38.70675908239327],"type":"Point"},"id":"stl-city-public-streetlights:2:126642","properties":{"address":null,"attributes":{"Date_Installed":"5/1/2016","LED_Powered":1,"LightID":"L019358","Light_Source":"LED","Light_Type":"Cobra","Lighting_Type":"LED-Powered Lamp","Verification_Date":null},"id":"stl-city-public-streetlights:2:126642","sourceLayerId":2,"sourceObjectId":126642,"sourceURL":"https://maps8.stlouis-mo.gov/arcgis/rest/services/STREETS/Streets_Permitting/MapServer/2","title":"Street light L019358"},"type":"Feature"},{"geometry":{"coordinates":[-90.25423696792319,38.706576360294],"type":"Point"},"id":"stl-city-public-streetlights:2:126643","properties":{"address":null,"attributes":{"Date_Installed":"5/1/2016","LED_Powered":1,"LightID":"L019359","Light_Source":"LED","Light_Type":"Cobra","Lighting_Type":"LED-Powered Lamp","Verification_Date":null},"id":"stl-city-public-streetlights:2:126643","sourceLayerId":2,"sourceObjectId":126643,"sourceURL":"https://maps8.stlouis-mo.gov/arcgis/rest/services/STREETS/Streets_Permitting/MapServer/2","title":"Street light L019359"},"type":"Feature"},{"geometry":{"coordinates":[-90.25385115646868,38.706402262891494],"type":"Point"},"id":"stl-city-public-streetlights:2:126644","properties":{"address":null,"attributes":{"Date_Installed":"5/1/2016","LED_Powered":1,"LightID":"L019360","Light_Source":"LED","Light_Type":"Cobra","Lighting_Type":"LED-Powered Lamp","Verification_Date":null},"id":"stl-city-public-streetlights:2:126644","sourceLayerId":2,"sourceObjectId":126644,"sourceURL":"https://maps8.stlouis-mo.gov/arcgis/rest/services/STREETS/Streets_Permitting/MapServer/2","title":"Street light L019360"},"type":"Feature"},{"geometry":{"coordinates":[-90.25341226299855,38.706206479835345],"type":"Point"},"id":"stl-city-public-streetlights:2:126645","properties":{"address":null,"attributes":{"Date_Installed":"5/1/2016","LED_Powered":1,"LightID":"L019361","Light_Source":"LED","Light_Type":"Cobra","Lighting_Type":"LED-Powered Lamp","Verification_Date":null},"id":"stl-city-public-streetlights:2:126645","sourceLayerId":2,"sourceObjectId":126645,"sourceURL":"https://maps8.stlouis-mo.gov/arcgis/rest/services/STREETS/Streets_Permitting/MapServer/2","title":"Street light L019361"},"type":"Feature"},{"geometry":{"coordinates":[-90.25306114403138,38.706051639897304],"type":"Point"},"id":"stl-city-public-streetlights:2:126646","properties":{"address":null,"attributes":{"Date_Installed":"5/1/2016","LED_Powered":1,"LightID":"L019362","Light_Source":"LED","Light_Type":"Cobra","Lighting_Type":"LED-Powered Lamp","Verification_Date":null},"id":"stl-city-public-streetlights:2:126646","sourceLayerId":2,"sourceObjectId":126646,"sourceURL":"https://maps8.stlouis-mo.gov/arcgis/rest/services/STREETS/Streets_Permitting/MapServer/2","title":"Street light L019362"},"type":"Feature"},{"geometry":{"coordinates":[-90.25268467410866,38.705883160030545],"type":"Point"},"id":"stl-city-public-streetlights:2:126647","properties":{"address":null,"attributes":{"Date_Installed":"5/1/2016","LED_Powered":1,"LightID":"L019363","Light_Source":"LED","Light_Type":"Cobra","Lighting_Type":"LED-Powered Lamp","Verification_Date":null},"id":"stl-city-public-streetlights:2:126647","sourceLayerId":2,"sourceObjectId":126647,"sourceURL":"https://maps8.stlouis-mo.gov/arcgis/rest/services/STREETS/Streets_Permitting/MapServer/2","title":"Street light L019363"},"type":"Feature"},{"geometry":{"coordinates":[-90.25231078802172,38.705715398819244],"type":"Point"},"id":"stl-city-public-streetlights:2:126648","properties":{"address":null,"attributes":{"Date_Installed":"5/1/2016","LED_Powered":1,"LightID":"L019364","Light_Source":"LED","Light_Type":"Cobra","Lighting_Type":"LED-Powered Lamp","Verification_Date":null},"id":"stl-city-public-streetlights:2:126648","sourceLayerId":2,"sourceObjectId":126648,"sourceURL":"https://maps8.stlouis-mo.gov/arcgis/rest/services/STREETS/Streets_Permitting/MapServer/2","title":"Street light L019364"},"type":"Feature"},{"geometry":{"coordinates":[-90.25199385379331,38.7055727845378],"type":"Point"},"id":"stl-city-public-streetlights:2:126649","properties":{"address":null,"attributes":{"Date_Installed":"5/1/2016","LED_Powered":1,"LightID":"L019365","Light_Source":"LED","Light_Type":"Cobra","Lighting_Type":"LED-Powered Lamp","Verification_Date":null},"id":"stl-city-public-streetlights:2:126649","sourceLayerId":2,"sourceObjectId":126649,"sourceURL":"https://maps8.stlouis-mo.gov/arcgis/rest/services/STREETS/Streets_Permitting/MapServer/2","title":"Street light L019365"},"type":"Feature"},{"geometry":{"coordinates":[-90.25157773638844,38.705391107409895],"type":"Point"},"id":"stl-city-public-streetlights:2:126650","properties":{"address":null,"attributes":{"Date_Installed":"5/1/2016","LED_Powered":1,"LightID":"L019366","Light_Source":"LED","Light_Type":"Cobra","Lighting_Type":"LED-Powered Lamp","Verification_Date":null},"id":"stl-city-public-streetlights:2:126650","sourceLayerId":2,"sourceObjectId":126650,"sourceURL":"https://maps8.stlouis-mo.gov/arcgis/rest/services/STREETS/Streets_Permitting/MapServer/2","title":"Street light L019366"},"type":"Feature"},{"geometry":{"coordinates":[-90.25122041504987,38.70522885974426],"type":"Point"},"id":"stl-city-public-streetlights:2:126651","properties":{"address":null,"attributes":{"Date_Installed":"5/1/2016","LED_Powered":1,"LightID":"L019367","Light_Source":"LED","Light_Type":"Cobra","Lighting_Type":"LED-Powered Lamp","Verification_Date":null},"id":"stl-city-public-streetlights:2:126651","sourceLayerId":2,"sourceObjectId":126651,"sourceURL":"https://maps8.stlouis-mo.gov/arcgis/rest/services/STREETS/Streets_Permitting/MapServer/2","title":"Street light L019367"},"type":"Feature"},{"geometry":{"coordinates":[-90.25603505505835,38.70636095522447],"type":"Point"},"id":"stl-city-public-streetlights:2:126652","properties":{"address":null,"attributes":{"Date_Installed":"5/1/2016","LED_Powered":1,"LightID":"L019368","Light_Source":"LED","Light_Type":"Cobra","Lighting_Type":"LED-Powered Lamp","Verification_Date":null},"id":"stl-city-public-streetlights:2:126652","sourceLayerId":2,"sourceObjectId":126652,"sourceURL":"https://maps8.stlouis-mo.gov/arcgis/rest/services/STREETS/Streets_Permitting/MapServer/2","title":"Street light L019368"},"type":"Feature"},{"geometry":{"coordinates":[-90.25563339383984,38.70617300573167],"type":"Point"},"id":"stl-city-public-streetlights:2:126653","properties":{"address":null,"attributes":{"Date_Installed":"5/1/2016","LED_Powered":1,"LightID":"L019369","Light_Source":"LED","Light_Type":"Cobra","Lighting_Type":"LED-Powered Lamp","Verification_Date":null},"id":"stl-city-public-streetlights:2:126653","sourceLayerId":2,"sourceObjectId":126653,"sourceURL":"https://maps8.stlouis-mo.gov/arcgis/rest/services/STREETS/Streets_Permitting/MapServer/2","title":"Street light L019369"},"type":"Feature"},{"geometry":{"coordinates":[-90.25522902643468,38.7059987542654],"type":"Point"},"id":"stl-city-public-streetlights:2:126654","properties":{"address":null,"attributes":{"Date_Installed":"5/1/2016","LED_Powered":1,"LightID":"L019370","Light_Source":"LED","Light_Type":"Cobra","Lighting_Type":"LED-Powered Lamp","Verification_Date":null},"id":"stl-city-public-streetlights:2:126654","sourceLayerId":2,"sourceObjectId":126654,"sourceURL":"https://maps8.stlouis-mo.gov/arcgis/rest/services/STREETS/Streets_Permitting/MapServer/2","title":"Street light L019370"},"type":"Feature"},{"geometry":{"coordinates":[-90.25482660012173,38.70581318321836],"type":"Point"},"id":"stl-city-public-streetlights:2:126655","properties":{"address":null,"attributes":{"Date_Installed":"5/1/2016","LED_Powered":1,"LightID":"L019371","Light_Source":"LED","Light_Type":"Cobra","Lighting_Type":"LED-Powered Lamp","Verification_Date":null},"id":"stl-city-public-streetlights:2:126655","sourceLayerId":2,"sourceObjectId":126655,"sourceURL":"https://maps8.stlouis-mo.gov/arcgis/rest/services/STREETS/Streets_Permitting/MapServer/2","title":"Street light L019371"},"type":"Feature"},{"geometry":{"coordinates":[-90.25442037383189,38.705627603703235],"type":"Point"},"id":"stl-city-public-streetlights:2:126656","properties":{"address":null,"attributes":{"Date_Installed":"5/1/2016","LED_Powered":1,"LightID":"L019372","Light_Source":"LED","Light_Type":"Cobra","Lighting_Type":"LED-Powered Lamp","Verification_Date":null},"id":"stl-city-public-streetlights:2:126656","sourceLayerId":2,"sourceObjectId":126656,"sourceURL":"https://maps8.stlouis-mo.gov/arcgis/rest/services/STREETS/Streets_Permitting/MapServer/2","title":"Street light L019372"},"type":"Feature"},{"geometry":{"coordinates":[-90.25400651492639,38.70545094433971],"type":"Point"},"id":"stl-city-public-streetlights:2:126657","properties":{"address":null,"attributes":{"Date_Installed":"5/1/2016","LED_Powered":1,"LightID":"L019373","Light_Source":"LED","Light_Type":"Cobra","Lighting_Type":"LED-Powered Lamp","Verification_Date":null},"id":"stl-city-public-streetlights:2:126657","sourceLayerId":2,"sourceObjectId":126657,"sourceURL":"https://maps8.stlouis-mo.gov/arcgis/rest/services/STREETS/Streets_Permitting/MapServer/2","title":"Street light L019373"},"type":"Feature"},{"geometry":{"coordinates":[-90.25361320055632,38.705271049400196],"type":"Point"},"id":"stl-city-public-streetlights:2:126658","properties":{"address":null,"attributes":{"Date_Installed":"5/1/2016","LED_Powered":1,"LightID":"L019374","Light_Source":"LED","Light_Type":"Cobra","Lighting_Type":"LED-Powered Lamp","Verification_Date":null},"id":"stl-city-public-streetlights:2:126658","sourceLayerId":2,"sourceObjectId":126658,"sourceURL":"https://maps8.stlouis-mo.gov/arcgis/rest/services/STREETS/Streets_Permitting/MapServer/2","title":"Street light L019374"},"type":"Feature"},{"geometry":{"coordinates":[-90.25317902493384,38.70507694470964],"type":"Point"},"id":"stl-city-public-streetlights:2:126659","properties":{"address":null,"attributes":{"Date_Installed":"5/1/2016","LED_Powered":1,"LightID":"L019375","Light_Source":"LED","Light_Type":"Cobra","Lighting_Type":"LED-Powered Lamp","Verification_Date":null},"id":"stl-city-public-streetlights:2:126659","sourceLayerId":2,"sourceObjectId":126659,"sourceURL":"https://maps8.stlouis-mo.gov/arcgis/rest/services/STREETS/Streets_Permitting/MapServer/2","title":"Street light L019375"},"type":"Feature"},{"geometry":{"coordinates":[-90.25280711317934,38.704910977478534],"type":"Point"},"id":"stl-city-public-streetlights:2:126660","properties":{"address":null,"attributes":{"Date_Installed":"5/1/2016","LED_Powered":1,"LightID":"L019376","Light_Source":"LED","Light_Type":"Cobra","Lighting_Type":"LED-Powered Lamp","Verification_Date":null},"id":"stl-city-public-streetlights:2:126660","sourceLayerId":2,"sourceObjectId":126660,"sourceURL":"https://maps8.stlouis-mo.gov/arcgis/rest/services/STREETS/Streets_Permitting/MapServer/2","title":"Street light L019376"},"type":"Feature"},{"geometry":{"coordinates":[-90.25241061642458,38.70472982043567],"type":"Point"},"id":"stl-city-public-streetlights:2:126661","properties":{"address":null,"attributes":{"Date_Installed":"5/1/2016","LED_Powered":1,"LightID":"L019377","Light_Source":"LED","Light_Type":"Cobra","Lighting_Type":"LED-Powered Lamp","Verification_Date":null},"id":"stl-city-public-streetlights:2:126661","sourceLayerId":2,"sourceObjectId":126661,"sourceURL":"https://maps8.stlouis-mo.gov/arcgis/rest/services/STREETS/Streets_Permitting/MapServer/2","title":"Street light L019377"},"type":"Feature"},{"geometry":{"coordinates":[-90.2520029463172,38.70455176169762],"type":"Point"},"id":"stl-city-public-streetlights:2:126662","properties":{"address":null,"attributes":{"Date_Installed":"5/1/2016","LED_Powered":1,"LightID":"L019378","Light_Source":"LED","Light_Type":"Cobra","Lighting_Type":"LED-Powered Lamp","Verification_Date":null},"id":"stl-city-public-streetlights:2:126662","sourceLayerId":2,"sourceObjectId":126662,"sourceURL":"https://maps8.stlouis-mo.gov/arcgis/rest/services/STREETS/Streets_Permitting/MapServer/2","title":"Street light L019378"},"type":"Feature"},{"geometry":{"coordinates":[-90.25846621853022,38.70994148146073],"type":"Point"},"id":"stl-city-public-streetlights:2:126674","properties":{"address":null,"attributes":{"Date_Installed":"4/23/2018","LED_Powered":1,"LightID":"L019390","Light_Source":"LED","Light_Type":"Cobra","Lighting_Type":"LED-Powered Lamp","Verification_Date":null},"id":"stl-city-public-streetlights:2:126674","sourceLayerId":2,"sourceObjectId":126674,"sourceURL":"https://maps8.stlouis-mo.gov/arcgis/rest/services/STREETS/Streets_Permitting/MapServer/2","title":"Street light L019390"},"type":"Feature"},{"geometry":{"coordinates":[-90.25807083429895,38.709765387332205],"type":"Point"},"id":"stl-city-public-streetlights:2:126675","properties":{"address":null,"attributes":{"Date_Installed":"4/23/2018","LED_Powered":1,"LightID":"L019391","Light_Source":"LED","Light_Type":"Cobra","Lighting_Type":"LED-Powered Lamp","Verification_Date":null},"id":"stl-city-public-streetlights:2:126675","sourceLayerId":2,"sourceObjectId":126675,"sourceURL":"https://maps8.stlouis-mo.gov/arcgis/rest/services/STREETS/Streets_Permitting/MapServer/2","title":"Street light L019391"},"type":"Feature"},{"geometry":{"coordinates":[-90.2577141205932,38.70960580762741],"type":"Point"},"id":"stl-city-public-streetlights:2:126676","properties":{"address":null,"attributes":{"Date_Installed":"4/23/2018","LED_Powered":1,"LightID":"L019392","Light_Source":"LED","Light_Type":"Cobra","Lighting_Type":"LED-Powered Lamp","Verification_Date":null},"id":"stl-city-public-streetlights:2:126676","sourceLayerId":2,"sourceObjectId":126676,"sourceURL":"https://maps8.stlouis-mo.gov/arcgis/rest/services/STREETS/Streets_Permitting/MapServer/2","title":"Street light L019392"},"type":"Feature"},{"geometry":{"coordinates":[-90.25980376235836,38.70839674954554],"type":"Point"},"id":"stl-city-public-streetlights:2:126677","properties":{"address":null,"attributes":{"Date_Installed":"4/23/2018","LED_Powered":1,"LightID":"L019393","Light_Source":"LED","Light_Type":"Cobra","Lighting_Type":"LED-Powered Lamp","Verification_Date":null},"id":"stl-city-public-streetlights:2:126677","sourceLayerId":2,"sourceObjectId":126677,"sourceURL":"https://maps8.stlouis-mo.gov/arcgis/rest/services/STREETS/Streets_Permitting/MapServer/2","title":"Street light L019393"},"type":"Feature"},{"geometry":{"coordinates":[-90.25941689403894,38.70821989095361],"type":"Point"},"id":"stl-city-public-streetlights:2:126678","properties":{"address":null,"attributes":{"Date_Installed":"4/23/2018","LED_Powered":1,"LightID":"L019394","Light_Source":"LED","Light_Type":"Cobra","Lighting_Type":"LED-Powered Lamp","Verification_Date":null},"id":"stl-city-public-streetlights:2:126678","sourceLayerId":2,"sourceObjectId":126678,"sourceURL":"https://maps8.stlouis-mo.gov/arcgis/rest/services/STREETS/Streets_Permitting/MapServer/2","title":"Street light L019394"},"type":"Feature"},{"geometry":{"coordinates":[-90.25900766027488,38.70803280685647],"type":"Point"},"id":"stl-city-public-streetlights:2:126679","properties":{"address":null,"attributes":{"Date_Installed":"4/23/2018","LED_Powered":1,"LightID":"L019395","Light_Source":"LED","Light_Type":"Cobra","Lighting_Type":"LED-Powered Lamp","Verification_Date":null},"id":"stl-city-public-streetlights:2:126679","sourceLayerId":2,"sourceObjectId":126679,"sourceURL":"https://maps8.stlouis-mo.gov/arcgis/rest/services/STREETS/Streets_Permitting/MapServer/2","title":"Street light L019395"},"type":"Feature"},{"geometry":{"coordinates":[-90.25571427318744,38.709908562542914],"type":"Point"},"id":"stl-city-public-streetlights:2:126683","properties":{"address":null,"attributes":{"Date_Installed":"4/23/2018","LED_Powered":1,"LightID":"L019399","Light_Source":"LED","Light_Type":"Cobra","Lighting_Type":"LED-Powered Lamp","Verification_Date":null},"id":"stl-city-public-streetlights:2:126683","sourceLayerId":2,"sourceObjectId":126683,"sourceURL":"https://maps8.stlouis-mo.gov/arcgis/rest/services/STREETS/Streets_Permitting/MapServer/2","title":"Street light L019399"},"type":"Feature"},{"geometry":{"coordinates":[-90.25535067270201,38.70974953240635],"type":"Point"},"id":"stl-city-public-streetlights:2:126684","properties":{"address":null,"attributes":{"Date_Installed":"4/23/2018","LED_Powered":1,"LightID":"L019400","Light_Source":"LED","Light_Type":"Cobra","Lighting_Type":"LED-Powered Lamp","Verification_Date":null},"id":"stl-city-public-streetlights:2:126684","sourceLayerId":2,"sourceObjectId":126684,"sourceURL":"https://maps8.stlouis-mo.gov/arcgis/rest/services/STREETS/Streets_Permitting/MapServer/2","title":"Street light L019400"},"type":"Feature"},{"geometry":{"coordinates":[-90.25500772126524,38.70960234320939],"type":"Point"},"id":"stl-city-public-streetlights:2:126685","properties":{"address":null,"attributes":{"Date_Installed":"4/23/2018","LED_Powered":1,"LightID":"L019401","Light_Source":"LED","Light_Type":"Cobra","Lighting_Type":"LED-Powered Lamp","Verification_Date":null},"id":"stl-city-public-streetlights:2:126685","sourceLayerId":2,"sourceObjectId":126685,"sourceURL":"https://maps8.stlouis-mo.gov/arcgis/rest/services/STREETS/Streets_Permitting/MapServer/2","title":"Street light L019401"},"type":"Feature"},{"geometry":{"coordinates":[-90.25464474068175,38.70944080953103],"type":"Point"},"id":"stl-city-public-streetlights:2:126686","properties":{"address":null,"attributes":{"Date_Installed":"4/23/2018","LED_Powered":1,"LightID":"L019402","Light_Source":"LED","Light_Type":"Cobra","Lighting_Type":"LED-Powered Lamp","Verification_Date":null},"id":"stl-city-public-streetlights:2:126686","sourceLayerId":2,"sourceObjectId":126686,"sourceURL":"https://maps8.stlouis-mo.gov/arcgis/rest/services/STREETS/Streets_Permitting/MapServer/2","title":"Street light L019402"},"type":"Feature"},{"geometry":{"coordinates":[-90.25430425695333,38.70928397052996],"type":"Point"},"id":"stl-city-public-streetlights:2:126687","properties":{"address":null,"attributes":{"Date_Installed":"4/23/2018","LED_Powered":1,"LightID":"L019403","Light_Source":"LED","Light_Type":"Cobra","Lighting_Type":"LED-Powered Lamp","Verification_Date":null},"id":"stl-city-public-streetlights:2:126687","sourceLayerId":2,"sourceObjectId":126687,"sourceURL":"https://maps8.stlouis-mo.gov/arcgis/rest/services/STREETS/Streets_Permitting/MapServer/2","title":"Street light L019403"},"type":"Feature"},{"geometry":{"coordinates":[-90.25858797974783,38.7078467546853],"type":"Point"},"id":"stl-city-public-streetlights:2:126688","properties":{"address":null,"attributes":{"Date_Installed":"4/23/2018","LED_Powered":1,"LightID":"L019404","Light_Source":"LED","Light_Type":"Cobra","Lighting_Type":"LED-Powered Lamp","Verification_Date":null},"id":"stl-city-public-streetlights:2:126688","sourceLayerId":2,"sourceObjectId":126688,"sourceURL":"https://maps8.stlouis-mo.gov/arcgis/rest/services/STREETS/Streets_Permitting/MapServer/2","title":"Street light L019404"},"type":"Feature"},{"geometry":{"coordinates":[-90.2581782983915,38.70766445852956],"type":"Point"},"id":"stl-city-public-streetlights:2:126689","properties":{"address":null,"attributes":{"Date_Installed":"4/23/2018","LED_Powered":1,"LightID":"L019405","Light_Source":"LED","Light_Type":"Cobra","Lighting_Type":"LED-Powered Lamp","Verification_Date":null},"id":"stl-city-public-streetlights:2:126689","sourceLayerId":2,"sourceObjectId":126689,"sourceURL":"https://maps8.stlouis-mo.gov/arcgis/rest/services/STREETS/Streets_Permitting/MapServer/2","title":"Street light L019405"},"type":"Feature"},{"geometry":{"coordinates":[-90.25777697269828,38.7074856934738],"type":"Point"},"id":"stl-city-public-streetlights:2:126690","properties":{"address":null,"attributes":{"Date_Installed":"4/23/2018","LED_Powered":1,"LightID":"L019406","Light_Source":"LED","Light_Type":"Cobra","Lighting_Type":"LED-Powered Lamp","Verification_Date":null},"id":"stl-city-public-streetlights:2:126690","sourceLayerId":2,"sourceObjectId":126690,"sourceURL":"https://maps8.stlouis-mo.gov/arcgis/rest/services/STREETS/Streets_Permitting/MapServer/2","title":"Street light L019406"},"type":"Feature"},{"geometry":{"coordinates":[-90.25740868569787,38.70732082137505],"type":"Point"},"id":"stl-city-public-streetlights:2:126691","properties":{"address":null,"attributes":{"Date_Installed":"4/23/2018","LED_Powered":1,"LightID":"L019407","Light_Source":"LED","Light_Type":"Cobra","Lighting_Type":"LED-Powered Lamp","Verification_Date":null},"id":"stl-city-public-streetlights:2:126691","sourceLayerId":2,"sourceObjectId":126691,"sourceURL":"https://maps8.stlouis-mo.gov/arcgis/rest/services/STREETS/Streets_Permitting/MapServer/2","title":"Street light L019407"},"type":"Feature"},{"geometry":{"coordinates":[-90.25701306340407,38.70714331594376],"type":"Point"},"id":"stl-city-public-streetlights:2:126692","properties":{"address":null,"attributes":{"Date_Installed":"4/23/2018","LED_Powered":1,"LightID":"L019408","Light_Source":"LED","Light_Type":"Cobra","Lighting_Type":"LED-Powered Lamp","Verification_Date":null},"id":"stl-city-public-streetlights:2:126692","sourceLayerId":2,"sourceObjectId":126692,"sourceURL":"https://maps8.stlouis-mo.gov/arcgis/rest/services/STREETS/Streets_Permitting/MapServer/2","title":"Street light L019408"},"type":"Feature"},{"geometry":{"coordinates":[-90.25665083098777,38.70698792857852],"type":"Point"},"id":"stl-city-public-streetlights:2:126693","properties":{"address":null,"attributes":{"Date_Installed":"4/23/2018","LED_Powered":1,"LightID":"L019409","Light_Source":"LED","Light_Type":"Cobra","Lighting_Type":"LED-Powered Lamp","Verification_Date":null},"id":"stl-city-public-streetlights:2:126693","sourceLayerId":2,"sourceObjectId":126693,"sourceURL":"https://maps8.stlouis-mo.gov/arcgis/rest/services/STREETS/Streets_Permitting/MapServer/2","title":"Street light L019409"},"type":"Feature"},{"geometry":{"coordinates":[-90.25628787847967,38.706820917248415],"type":"Point"},"id":"stl-city-public-streetlights:2:126694","properties":{"address":null,"attributes":{"Date_Installed":"4/23/2018","LED_Powered":1,"LightID":"L019410","Light_Source":"LED","Light_Type":"Cobra","Lighting_Type":"LED-Powered Lamp","Verification_Date":null},"id":"stl-city-public-streetlights:2:126694","sourceLayerId":2,"sourceObjectId":126694,"sourceURL":"https://maps8.stlouis-mo.gov/arcgis/rest/services/STREETS/Streets_Permitting/MapServer/2","title":"Street light L019410"},"type":"Feature"},{"geometry":{"coordinates":[-90.25995479974183,38.70671425200364],"type":"Point"},"id":"stl-city-public-streetlights:2:126697","properties":{"address":null,"attributes":{"Date_Installed":"4/23/2018","LED_Powered":1,"LightID":"L019413","Light_Source":"LED","Light_Type":"Cobra","Lighting_Type":"LED-Powered Lamp","Verification_Date":null},"id":"stl-city-public-streetlights:2:126697","sourceLayerId":2,"sourceObjectId":126697,"sourceURL":"https://maps8.stlouis-mo.gov/arcgis/rest/services/STREETS/Streets_Permitting/MapServer/2","title":"Street light L019413"},"type":"Feature"},{"geometry":{"coordinates":[-90.25954345663692,38.706515110747915],"type":"Point"},"id":"stl-city-public-streetlights:2:126698","properties":{"address":null,"attributes":{"Date_Installed":"4/23/2018","LED_Powered":1,"LightID":"L019414","Light_Source":"LED","Light_Type":"Cobra","Lighting_Type":"LED-Powered Lamp","Verification_Date":null},"id":"stl-city-public-streetlights:2:126698","sourceLayerId":2,"sourceObjectId":126698,"sourceURL":"https://maps8.stlouis-mo.gov/arcgis/rest/services/STREETS/Streets_Permitting/MapServer/2","title":"Street light L019414"},"type":"Feature"},{"geometry":{"coordinates":[-90.25912412308989,38.70633238001372],"type":"Point"},"id":"stl-city-public-streetlights:2:126699","properties":{"address":null,"attributes":{"Date_Installed":"4/23/2018","LED_Powered":1,"LightID":"L019415","Light_Source":"LED","Light_Type":"Cobra","Lighting_Type":"LED-Powered Lamp","Verification_Date":null},"id":"stl-city-public-streetlights:2:126699","sourceLayerId":2,"sourceObjectId":126699,"sourceURL":"https://maps8.stlouis-mo.gov/arcgis/rest/services/STREETS/Streets_Permitting/MapServer/2","title":"Street light L019415"},"type":"Feature"},{"geometry":{"coordinates":[-90.25874459403788,38.70616427009346],"type":"Point"},"id":"stl-city-public-streetlights:2:126700","properties":{"address":null,"attributes":{"Date_Installed":"4/23/2018","LED_Powered":1,"LightID":"L019416","Light_Source":"LED","Light_Type":"Cobra","Lighting_Type":"LED-Powered Lamp","Verification_Date":null},"id":"stl-city-public-streetlights:2:126700","sourceLayerId":2,"sourceObjectId":126700,"sourceURL":"https://maps8.stlouis-mo.gov/arcgis/rest/services/STREETS/Streets_Permitting/MapServer/2","title":"Street light L019416"},"type":"Feature"},{"geometry":{"coordinates":[-90.25833697458047,38.70598251472905],"type":"Point"},"id":"stl-city-public-streetlights:2:126701","properties":{"address":null,"attributes":{"Date_Installed":"4/23/2018","LED_Powered":1,"LightID":"L019417","Light_Source":"LED","Light_Type":"Cobra","Lighting_Type":"LED-Powered Lamp","Verification_Date":null},"id":"stl-city-public-streetlights:2:126701","sourceLayerId":2,"sourceObjectId":126701,"sourceURL":"https://maps8.stlouis-mo.gov/arcgis/rest/services/STREETS/Streets_Permitting/MapServer/2","title":"Street light L019417"},"type":"Feature"},{"geometry":{"coordinates":[-90.25793011875275,38.70580028295616],"type":"Point"},"id":"stl-city-public-streetlights:2:126702","properties":{"address":null,"attributes":{"Date_Installed":"4/23/2018","LED_Powered":1,"LightID":"L019418","Light_Source":"LED","Light_Type":"Cobra","Lighting_Type":"LED-Powered Lamp","Verification_Date":null},"id":"stl-city-public-streetlights:2:126702","sourceLayerId":2,"sourceObjectId":126702,"sourceURL":"https://maps8.stlouis-mo.gov/arcgis/rest/services/STREETS/Streets_Permitting/MapServer/2","title":"Street light L019418"},"type":"Feature"},{"geometry":{"coordinates":[-90.25752280937067,38.70561781009088],"type":"Point"},"id":"stl-city-public-streetlights:2:126703","properties":{"address":null,"attributes":{"Date_Installed":"4/23/2018","LED_Powered":1,"LightID":"L019419","Light_Source":"LED","Light_Type":"Cobra","Lighting_Type":"LED-Powered Lamp","Verification_Date":null},"id":"stl-city-public-streetlights:2:126703","sourceLayerId":2,"sourceObjectId":126703,"sourceURL":"https://maps8.stlouis-mo.gov/arcgis/rest/services/STREETS/Streets_Permitting/MapServer/2","title":"Street light L019419"},"type":"Feature"},{"geometry":{"coordinates":[-90.25714222209447,38.70544969276357],"type":"Point"},"id":"stl-city-public-streetlights:2:126704","properties":{"address":null,"attributes":{"Date_Installed":"4/23/2018","LED_Powered":1,"LightID":"L019420","Light_Source":"LED","Light_Type":"Cobra","Lighting_Type":"LED-Powered Lamp","Verification_Date":null},"id":"stl-city-public-streetlights:2:126704","sourceLayerId":2,"sourceObjectId":126704,"sourceURL":"https://maps8.stlouis-mo.gov/arcgis/rest/services/STREETS/Streets_Permitting/MapServer/2","title":"Street light L019420"},"type":"Feature"},{"geometry":{"coordinates":[-90.25653176262367,38.70554501829247],"type":"Point"},"id":"stl-city-public-streetlights:2:126705","properties":{"address":null,"attributes":{"Date_Installed":"5/1/2016","LED_Powered":1,"LightID":"L019421","Light_Source":"LED","Light_Type":"Cobra","Lighting_Type":"LED-Powered Lamp","Verification_Date":null},"id":"stl-city-public-streetlights:2:126705","sourceLayerId":2,"sourceObjectId":126705,"sourceURL":"https://maps8.stlouis-mo.gov/arcgis/rest/services/STREETS/Streets_Permitting/MapServer/2","title":"Street light L019421"},"type":"Feature"},{"geometry":{"coordinates":[-90.25612703017198,38.70536659718256],"type":"Point"},"id":"stl-city-public-streetlights:2:126706","properties":{"address":null,"attributes":{"Date_Installed":"5/1/2016","LED_Powered":1,"LightID":"L019422","Light_Source":"LED","Light_Type":"Cobra","Lighting_Type":"LED-Powered Lamp","Verification_Date":null},"id":"stl-city-public-streetlights:2:126706","sourceLayerId":2,"sourceObjectId":126706,"sourceURL":"https://maps8.stlouis-mo.gov/arcgis/rest/services/STREETS/Streets_Permitting/MapServer/2","title":"Street light L019422"},"type":"Feature"},{"geometry":{"coordinates":[-90.25574174153917,38.705195844832296],"type":"Point"},"id":"stl-city-public-streetlights:2:126707","properties":{"address":null,"attributes":{"Date_Installed":"5/1/2016","LED_Powered":1,"LightID":"L019423","Light_Source":"LED","Light_Type":"Cobra","Lighting_Type":"LED-Powered Lamp","Verification_Date":null},"id":"stl-city-public-streetlights:2:126707","sourceLayerId":2,"sourceObjectId":126707,"sourceURL":"https://maps8.stlouis-mo.gov/arcgis/rest/services/STREETS/Streets_Permitting/MapServer/2","title":"Street light L019423"},"type":"Feature"},{"geometry":{"coordinates":[-90.25533824158619,38.705013847970726],"type":"Point"},"id":"stl-city-public-streetlights:2:126708","properties":{"address":null,"attributes":{"Date_Installed":"5/1/2016","LED_Powered":1,"LightID":"L019424","Light_Source":"LED","Light_Type":"Cobra","Lighting_Type":"LED-Powered Lamp","Verification_Date":null},"id":"stl-city-public-streetlights:2:126708","sourceLayerId":2,"sourceObjectId":126708,"sourceURL":"https://maps8.stlouis-mo.gov/arcgis/rest/services/STREETS/Streets_Permitting/MapServer/2","title":"Street light L019424"},"type":"Feature"},{"geometry":{"coordinates":[-90.25496488417177,38.704846990898176],"type":"Point"},"id":"stl-city-public-streetlights:2:126709","properties":{"address":null,"attributes":{"Date_Installed":"5/1/2016","LED_Powered":1,"LightID":"L019425","Light_Source":"LED","Light_Type":"Cobra","Lighting_Type":"LED-Powered Lamp","Verification_Date":null},"id":"stl-city-public-streetlights:2:126709","sourceLayerId":2,"sourceObjectId":126709,"sourceURL":"https://maps8.stlouis-mo.gov/arcgis/rest/services/STREETS/Streets_Permitting/MapServer/2","title":"Street light L019425"},"type":"Feature"},{"geometry":{"coordinates":[-90.25454877806091,38.70466103255103],"type":"Point"},"id":"stl-city-public-streetlights:2:126710","properties":{"address":null,"attributes":{"Date_Installed":"5/1/2016","LED_Powered":1,"LightID":"L019426","Light_Source":"LED","Light_Type":"Cobra","Lighting_Type":"LED-Powered Lamp","Verification_Date":null},"id":"stl-city-public-streetlights:2:126710","sourceLayerId":2,"sourceObjectId":126710,"sourceURL":"https://maps8.stlouis-mo.gov/arcgis/rest/services/STREETS/Streets_Permitting/MapServer/2","title":"Street light L019426"},"type":"Feature"},{"geometry":{"coordinates":[-90.2539051326876,38.70335321536607],"type":"Point"},"id":"stl-city-public-streetlights:2:126711","properties":{"address":null,"attributes":{"Date_Installed":"5/1/2016","LED_Powered":1,"LightID":"L019427","Light_Source":"LED","Light_Type":"Cobra","Lighting_Type":"LED-Powered Lamp","Verification_Date":null},"id":"stl-city-public-streetlights:2:126711","sourceLayerId":2,"sourceObjectId":126711,"sourceURL":"https://maps8.stlouis-mo.gov/arcgis/rest/services/STREETS/Streets_Permitting/MapServer/2","title":"Street light L019427"},"type":"Feature"},{"geometry":{"coordinates":[-90.25431348043111,38.703537252571955],"type":"Point"},"id":"stl-city-public-streetlights:2:126712","properties":{"address":null,"attributes":{"Date_Installed":"5/1/2016","LED_Powered":1,"LightID":"L019428","Light_Source":"LED","Light_Type":"Cobra","Lighting_Type":"LED-Powered Lamp","Verification_Date":null},"id":"stl-city-public-streetlights:2:126712","sourceLayerId":2,"sourceObjectId":126712,"sourceURL":"https://maps8.stlouis-mo.gov/arcgis/rest/services/STREETS/Streets_Permitting/MapServer/2","title":"Street light L019428"},"type":"Feature"},{"geometry":{"coordinates":[-90.2546803772818,38.70370082079884],"type":"Point"},"id":"stl-city-public-streetlights:2:126713","properties":{"address":null,"attributes":{"Date_Installed":"5/1/2016","LED_Powered":1,"LightID":"L019429","Light_Source":"LED","Light_Type":"Cobra","Lighting_Type":"LED-Powered Lamp","Verification_Date":null},"id":"stl-city-public-streetlights:2:126713","sourceLayerId":2,"sourceObjectId":126713,"sourceURL":"https://maps8.stlouis-mo.gov/arcgis/rest/services/STREETS/Streets_Permitting/MapServer/2","title":"Street light L019429"},"type":"Feature"},{"geometry":{"coordinates":[-90.25510051264074,38.703887049296625],"type":"Point"},"id":"stl-city-public-streetlights:2:126714","properties":{"address":null,"attributes":{"Date_Installed":"5/1/2016","LED_Powered":1,"LightID":"L019430","Light_Source":"LED","Light_Type":"Cobra","Lighting_Type":"LED-Powered Lamp","Verification_Date":null},"id":"stl-city-public-streetlights:2:126714","sourceLayerId":2,"sourceObjectId":126714,"sourceURL":"https://maps8.stlouis-mo.gov/arcgis/rest/services/STREETS/Streets_Permitting/MapServer/2","title":"Street light L019430"},"type":"Feature"},{"geometry":{"coordinates":[-90.25551136509964,38.70406963263507],"type":"Point"},"id":"stl-city-public-streetlights:2:126715","properties":{"address":null,"attributes":{"Date_Installed":"5/1/2016","LED_Powered":1,"LightID":"L019431","Light_Source":"LED","Light_Type":"Cobra","Lighting_Type":"LED-Powered Lamp","Verification_Date":null},"id":"stl-city-public-streetlights:2:126715","sourceLayerId":2,"sourceObjectId":126715,"sourceURL":"https://maps8.stlouis-mo.gov/arcgis/rest/services/STREETS/Streets_Permitting/MapServer/2","title":"Street light L019431"},"type":"Feature"},{"geometry":{"coordinates":[-90.2559342965788,38.70426048819066],"type":"Point"},"id":"stl-city-public-streetlights:2:126716","properties":{"address":null,"attributes":{"Date_Installed":"5/1/2016","LED_Powered":1,"LightID":"L019432","Light_Source":"LED","Light_Type":"Cobra","Lighting_Type":"LED-Powered Lamp","Verification_Date":null},"id":"stl-city-public-streetlights:2:126716","sourceLayerId":2,"sourceObjectId":126716,"sourceURL":"https://maps8.stlouis-mo.gov/arcgis/rest/services/STREETS/Streets_Permitting/MapServer/2","title":"Street light L019432"},"type":"Feature"},{"geometry":{"coordinates":[-90.25634554507221,38.70444416668923],"type":"Point"},"id":"stl-city-public-streetlights:2:126717","properties":{"address":null,"attributes":{"Date_Installed":"5/1/2016","LED_Powered":1,"LightID":"L019433","Light_Source":"LED","Light_Type":"Cobra","Lighting_Type":"LED-Powered Lamp","Verification_Date":null},"id":"stl-city-public-streetlights:2:126717","sourceLayerId":2,"sourceObjectId":126717,"sourceURL":"https://maps8.stlouis-mo.gov/arcgis/rest/services/STREETS/Streets_Permitting/MapServer/2","title":"Street light L019433"},"type":"Feature"},{"geometry":{"coordinates":[-90.25675958752856,38.704629422485425],"type":"Point"},"id":"stl-city-public-streetlights:2:126718","properties":{"address":null,"attributes":{"Date_Installed":"5/1/2016","LED_Powered":1,"LightID":"L019434","Light_Source":"LED","Light_Type":"Cobra","Lighting_Type":"LED-Powered Lamp","Verification_Date":null},"id":"stl-city-public-streetlights:2:126718","sourceLayerId":2,"sourceObjectId":126718,"sourceURL":"https://maps8.stlouis-mo.gov/arcgis/rest/services/STREETS/Streets_Permitting/MapServer/2","title":"Street light L019434"},"type":"Feature"},{"geometry":{"coordinates":[-90.25718967313071,38.70482100276869],"type":"Point"},"id":"stl-city-public-streetlights:2:126719","properties":{"address":null,"attributes":{"Date_Installed":"5/1/2016","LED_Powered":1,"LightID":"L019435","Light_Source":"LED","Light_Type":"Cobra","Lighting_Type":"LED-Powered Lamp","Verification_Date":null},"id":"stl-city-public-streetlights:2:126719","sourceLayerId":2,"sourceObjectId":126719,"sourceURL":"https://maps8.stlouis-mo.gov/arcgis/rest/services/STREETS/Streets_Permitting/MapServer/2","title":"Street light L019435"},"type":"Feature"},{"geometry":{"coordinates":[-90.254539496451,38.70264531410087],"type":"Point"},"id":"stl-city-public-streetlights:2:126720","properties":{"address":null,"attributes":{"Date_Installed":"4/23/2018","LED_Powered":1,"LightID":"L019436","Light_Source":"LED","Light_Type":"Cobra","Lighting_Type":"LED-Powered Lamp","Verification_Date":null},"id":"stl-city-public-streetlights:2:126720","sourceLayerId":2,"sourceObjectId":126720,"sourceURL":"https://maps8.stlouis-mo.gov/arcgis/rest/services/STREETS/Streets_Permitting/MapServer/2","title":"Street light L019436"},"type":"Feature"},{"geometry":{"coordinates":[-90.25485037563506,38.702844160676186],"type":"Point"},"id":"stl-city-public-streetlights:2:126721","properties":{"address":null,"attributes":{"Date_Installed":"4/23/2018","LED_Powered":1,"LightID":"L019437","Light_Source":"LED","Light_Type":"Cobra","Lighting_Type":"LED-Powered Lamp","Verification_Date":null},"id":"stl-city-public-streetlights:2:126721","sourceLayerId":2,"sourceObjectId":126721,"sourceURL":"https://maps8.stlouis-mo.gov/arcgis/rest/services/STREETS/Streets_Permitting/MapServer/2","title":"Street light L019437"},"type":"Feature"},{"geometry":{"coordinates":[-90.25523873531642,38.7030243393375],"type":"Point"},"id":"stl-city-public-streetlights:2:126722","properties":{"address":null,"attributes":{"Date_Installed":"4/23/2018","LED_Powered":1,"LightID":"L019438","Light_Source":"LED","Light_Type":"Cobra","Lighting_Type":"LED-Powered Lamp","Verification_Date":null},"id":"stl-city-public-streetlights:2:126722","sourceLayerId":2,"sourceObjectId":126722,"sourceURL":"https://maps8.stlouis-mo.gov/arcgis/rest/services/STREETS/Streets_Permitting/MapServer/2","title":"Street light L019438"},"type":"Feature"},{"geometry":{"coordinates":[-90.25562812953575,38.70319128945098],"type":"Point"},"id":"stl-city-public-streetlights:2:126723","properties":{"address":null,"attributes":{"Date_Installed":"4/23/2018","LED_Powered":1,"LightID":"L019439","Light_Source":"LED","Light_Type":"Cobra","Lighting_Type":"LED-Powered Lamp","Verification_Date":null},"id":"stl-city-public-streetlights:2:126723","sourceLayerId":2,"sourceObjectId":126723,"sourceURL":"https://maps8.stlouis-mo.gov/arcgis/rest/services/STREETS/Streets_Permitting/MapServer/2","title":"Street light L019439"},"type":"Feature"},{"geometry":{"coordinates":[-90.25601322300906,38.70337157672333],"type":"Point"},"id":"stl-city-public-streetlights:2:126724","properties":{"address":null,"attributes":{"Date_Installed":"4/23/2018","LED_Powered":1,"LightID":"L019440","Light_Source":"LED","Light_Type":"Cobra","Lighting_Type":"LED-Powered Lamp","Verification_Date":null},"id":"stl-city-public-streetlights:2:126724","sourceLayerId":2,"sourceObjectId":126724,"sourceURL":"https://maps8.stlouis-mo.gov/arcgis/rest/services/STREETS/Streets_Permitting/MapServer/2","title":"Street light L019440"},"type":"Feature"},{"geometry":{"coordinates":[-90.25642552718409,38.703547296092964],"type":"Point"},"id":"stl-city-public-streetlights:2:126725","properties":{"address":null,"attributes":{"Date_Installed":"4/23/2018","LED_Powered":1,"LightID":"L019441","Light_Source":"LED","Light_Type":"Cobra","Lighting_Type":"LED-Powered Lamp","Verification_Date":null},"id":"stl-city-public-streetlights:2:126725","sourceLayerId":2,"sourceObjectId":126725,"sourceURL":"https://maps8.stlouis-mo.gov/arcgis/rest/services/STREETS/Streets_Permitting/MapServer/2","title":"Street light L019441"},"type":"Feature"},{"geometry":{"coordinates":[-90.25681994657525,38.70372304798333],"type":"Point"},"id":"stl-city-public-streetlights:2:126726","properties":{"address":null,"attributes":{"Date_Installed":"4/23/2018","LED_Powered":1,"LightID":"L019442","Light_Source":"LED","Light_Type":"Cobra","Lighting_Type":"LED-Powered Lamp","Verification_Date":null},"id":"stl-city-public-streetlights:2:126726","sourceLayerId":2,"sourceObjectId":126726,"sourceURL":"https://maps8.stlouis-mo.gov/arcgis/rest/services/STREETS/Streets_Permitting/MapServer/2","title":"Street light L019442"},"type":"Feature"},{"geometry":{"coordinates":[-90.25721400122109,38.70389979866008],"type":"Point"},"id":"stl-city-public-streetlights:2:126727","properties":{"address":null,"attributes":{"Date_Installed":"4/23/2018","LED_Powered":1,"LightID":"L019443","Light_Source":"LED","Light_Type":"Cobra","Lighting_Type":"LED-Powered Lamp","Verification_Date":null},"id":"stl-city-public-streetlights:2:126727","sourceLayerId":2,"sourceObjectId":126727,"sourceURL":"https://maps8.stlouis-mo.gov/arcgis/rest/services/STREETS/Streets_Permitting/MapServer/2","title":"Street light L019443"},"type":"Feature"},{"geometry":{"coordinates":[-90.25765943988232,38.70410163499451],"type":"Point"},"id":"stl-city-public-streetlights:2:126728","properties":{"address":null,"attributes":{"Date_Installed":"4/23/2018","LED_Powered":1,"LightID":"L019444","Light_Source":"LED","Light_Type":"Cobra","Lighting_Type":"LED-Powered Lamp","Verification_Date":null},"id":"stl-city-public-streetlights:2:126728","sourceLayerId":2,"sourceObjectId":126728,"sourceURL":"https://maps8.stlouis-mo.gov/arcgis/rest/services/STREETS/Streets_Permitting/MapServer/2","title":"Street light L019444"},"type":"Feature"},{"geometry":{"coordinates":[-90.25821505742894,38.70418650839229],"type":"Point"},"id":"stl-city-public-streetlights:2:126729","properties":{"address":null,"attributes":{"Date_Installed":"4/23/2018","LED_Powered":1,"LightID":"L019445","Light_Source":"LED","Light_Type":"Cobra","Lighting_Type":"LED-Powered Lamp","Verification_Date":null},"id":"stl-city-public-streetlights:2:126729","sourceLayerId":2,"sourceObjectId":126729,"sourceURL":"https://maps8.stlouis-mo.gov/arcgis/rest/services/STREETS/Streets_Permitting/MapServer/2","title":"Street light L019445"},"type":"Feature"},{"geometry":{"coordinates":[-90.25817699443083,38.7042432787817],"type":"Point"},"id":"stl-city-public-streetlights:2:126730","properties":{"address":null,"attributes":{"Date_Installed":"4/23/2018","LED_Powered":1,"LightID":"L019446","Light_Source":"LED","Light_Type":"Cobra","Lighting_Type":"LED-Powered Lamp","Verification_Date":null},"id":"stl-city-public-streetlights:2:126730","sourceLayerId":2,"sourceObjectId":126730,"sourceURL":"https://maps8.stlouis-mo.gov/arcgis/rest/services/STREETS/Streets_Permitting/MapServer/2","title":"Street light L019446"},"type":"Feature"},{"geometry":{"coordinates":[-90.25852435967272,38.70429383687783],"type":"Point"},"id":"stl-city-public-streetlights:2:126731","properties":{"address":null,"attributes":{"Date_Installed":"4/23/2018","LED_Powered":1,"LightID":"L019447","Light_Source":"LED","Light_Type":"Cobra","Lighting_Type":"LED-Powered Lamp","Verification_Date":null},"id":"stl-city-public-streetlights:2:126731","sourceLayerId":2,"sourceObjectId":126731,"sourceURL":"https://maps8.stlouis-mo.gov/arcgis/rest/services/STREETS/Streets_Permitting/MapServer/2","title":"Street light L019447"},"type":"Feature"},{"geometry":{"coordinates":[-90.25849606826363,38.70438506907089],"type":"Point"},"id":"stl-city-public-streetlights:2:126732","properties":{"address":null,"attributes":{"Date_Installed":"4/23/2018","LED_Powered":1,"LightID":"L019448","Light_Source":"LED","Light_Type":"Cobra","Lighting_Type":"LED-Powered Lamp","Verification_Date":null},"id":"stl-city-public-streetlights:2:126732","sourceLayerId":2,"sourceObjectId":126732,"sourceURL":"https://maps8.stlouis-mo.gov/arcgis/rest/services/STREETS/Streets_Permitting/MapServer/2","title":"Street light L019448"},"type":"Feature"},{"geometry":{"coordinates":[-90.25893507718571,38.70447470434535],"type":"Point"},"id":"stl-city-public-streetlights:2:126733","properties":{"address":null,"attributes":{"Date_Installed":"4/23/2018","LED_Powered":1,"LightID":"L019449","Light_Source":"LED","Light_Type":"Cobra","Lighting_Type":"LED-Powered Lamp","Verification_Date":null},"id":"stl-city-public-streetlights:2:126733","sourceLayerId":2,"sourceObjectId":126733,"sourceURL":"https://maps8.stlouis-mo.gov/arcgis/rest/services/STREETS/Streets_Permitting/MapServer/2","title":"Street light L019449"},"type":"Feature"},{"geometry":{"coordinates":[-90.25888118449006,38.704557839896076],"type":"Point"},"id":"stl-city-public-streetlights:2:126734","properties":{"address":null,"attributes":{"Date_Installed":"4/23/2018","LED_Powered":1,"LightID":"L019450","Light_Source":"LED","Light_Type":"Cobra","Lighting_Type":"LED-Powered Lamp","Verification_Date":null},"id":"stl-city-public-streetlights:2:126734","sourceLayerId":2,"sourceObjectId":126734,"sourceURL":"https://maps8.stlouis-mo.gov/arcgis/rest/services/STREETS/Streets_Permitting/MapServer/2","title":"Street light L019450"},"type":"Feature"},{"geometry":{"coordinates":[-90.25930349946353,38.7046415395031],"type":"Point"},"id":"stl-city-public-streetlights:2:126735","properties":{"address":null,"attributes":{"Date_Installed":"4/23/2018","LED_Powered":1,"LightID":"L019451","Light_Source":"LED","Light_Type":"Cobra","Lighting_Type":"LED-Powered Lamp","Verification_Date":null},"id":"stl-city-public-streetlights:2:126735","sourceLayerId":2,"sourceObjectId":126735,"sourceURL":"https://maps8.stlouis-mo.gov/arcgis/rest/services/STREETS/Streets_Permitting/MapServer/2","title":"Street light L019451"},"type":"Feature"},{"geometry":{"coordinates":[-90.25925940755344,38.70472761424881],"type":"Point"},"id":"stl-city-public-streetlights:2:126736","properties":{"address":null,"attributes":{"Date_Installed":"4/23/2018","LED_Powered":1,"LightID":"L019452","Light_Source":"LED","Light_Type":"Cobra","Lighting_Type":"LED-Powered Lamp","Verification_Date":null},"id":"stl-city-public-streetlights:2:126736","sourceLayerId":2,"sourceObjectId":126736,"sourceURL":"https://maps8.stlouis-mo.gov/arcgis/rest/services/STREETS/Streets_Permitting/MapServer/2","title":"Street light L019452"},"type":"Feature"},{"geometry":{"coordinates":[-90.25969039438279,38.70481595542557],"type":"Point"},"id":"stl-city-public-streetlights:2:126737","properties":{"address":null,"attributes":{"Date_Installed":"4/23/2018","LED_Powered":1,"LightID":"L019453","Light_Source":"LED","Light_Type":"Cobra","Lighting_Type":"LED-Powered Lamp","Verification_Date":null},"id":"stl-city-public-streetlights:2:126737","sourceLayerId":2,"sourceObjectId":126737,"sourceURL":"https://maps8.stlouis-mo.gov/arcgis/rest/services/STREETS/Streets_Permitting/MapServer/2","title":"Street light L019453"},"type":"Feature"},{"geometry":{"coordinates":[-90.2596481322179,38.70490024673129],"type":"Point"},"id":"stl-city-public-streetlights:2:126738","properties":{"address":null,"attributes":{"Date_Installed":"4/23/2018","LED_Powered":1,"LightID":"L019454","Light_Source":"LED","Light_Type":"Cobra","Lighting_Type":"LED-Powered Lamp","Verification_Date":null},"id":"stl-city-public-streetlights:2:126738","sourceLayerId":2,"sourceObjectId":126738,"sourceURL":"https://maps8.stlouis-mo.gov/arcgis/rest/services/STREETS/Streets_Permitting/MapServer/2","title":"Street light L019454"},"type":"Feature"},{"geometry":{"coordinates":[-90.25970865623178,38.703169057256005],"type":"Point"},"id":"stl-city-public-streetlights:2:126758","properties":{"address":null,"attributes":{"Date_Installed":"4/23/2018","LED_Powered":1,"LightID":"L019474","Light_Source":"LED","Light_Type":"Cobra","Lighting_Type":"LED-Powered Lamp","Verification_Date":null},"id":"stl-city-public-streetlights:2:126758","sourceLayerId":2,"sourceObjectId":126758,"sourceURL":"https://maps8.stlouis-mo.gov/arcgis/rest/services/STREETS/Streets_Permitting/MapServer/2","title":"Street light L019474"},"type":"Feature"},{"geometry":{"coordinates":[-90.2593417534053,38.703004311103086],"type":"Point"},"id":"stl-city-public-streetlights:2:126759","properties":{"address":null,"attributes":{"Date_Installed":"4/23/2018","LED_Powered":1,"LightID":"L019475","Light_Source":"LED","Light_Type":"Cobra","Lighting_Type":"LED-Powered Lamp","Verification_Date":null},"id":"stl-city-public-streetlights:2:126759","sourceLayerId":2,"sourceObjectId":126759,"sourceURL":"https://maps8.stlouis-mo.gov/arcgis/rest/services/STREETS/Streets_Permitting/MapServer/2","title":"Street light L019475"},"type":"Feature"},{"geometry":{"coordinates":[-90.25902527510999,38.702860883435605],"type":"Point"},"id":"stl-city-public-streetlights:2:126760","properties":{"address":null,"attributes":{"Date_Installed":"4/23/2018","LED_Powered":1,"LightID":"L019476","Light_Source":"LED","Light_Type":"Cobra","Lighting_Type":"LED-Powered Lamp","Verification_Date":null},"id":"stl-city-public-streetlights:2:126760","sourceLayerId":2,"sourceObjectId":126760,"sourceURL":"https://maps8.stlouis-mo.gov/arcgis/rest/services/STREETS/Streets_Permitting/MapServer/2","title":"Street light L019476"},"type":"Feature"},{"geometry":{"coordinates":[-90.25826955820291,38.703349892262125],"type":"Point"},"id":"stl-city-public-streetlights:2:126761","properties":{"address":null,"attributes":{"Date_Installed":"4/23/2018","LED_Powered":1,"LightID":"L019477","Light_Source":"LED","Light_Type":"Cobra","Lighting_Type":"LED-Powered Lamp","Verification_Date":null},"id":"stl-city-public-streetlights:2:126761","sourceLayerId":2,"sourceObjectId":126761,"sourceURL":"https://maps8.stlouis-mo.gov/arcgis/rest/services/STREETS/Streets_Permitting/MapServer/2","title":"Street light L019477"},"type":"Feature"},{"geometry":{"coordinates":[-90.25786470824515,38.703163691464496],"type":"Point"},"id":"stl-city-public-streetlights:2:126762","properties":{"address":null,"attributes":{"Date_Installed":"4/23/2018","LED_Powered":1,"LightID":"L019478","Light_Source":"LED","Light_Type":"Cobra","Lighting_Type":"LED-Powered Lamp","Verification_Date":null},"id":"stl-city-public-streetlights:2:126762","sourceLayerId":2,"sourceObjectId":126762,"sourceURL":"https://maps8.stlouis-mo.gov/arcgis/rest/services/STREETS/Streets_Permitting/MapServer/2","title":"Street light L019478"},"type":"Feature"},{"geometry":{"coordinates":[-90.25745619680733,38.70298145454651],"type":"Point"},"id":"stl-city-public-streetlights:2:126763","properties":{"address":null,"attributes":{"Date_Installed":"4/23/2018","LED_Powered":1,"LightID":"L019479","Light_Source":"LED","Light_Type":"Cobra","Lighting_Type":"LED-Powered Lamp","Verification_Date":null},"id":"stl-city-public-streetlights:2:126763","sourceLayerId":2,"sourceObjectId":126763,"sourceURL":"https://maps8.stlouis-mo.gov/arcgis/rest/services/STREETS/Streets_Permitting/MapServer/2","title":"Street light L019479"},"type":"Feature"},{"geometry":{"coordinates":[-90.25569498787515,38.70894877751047],"type":"Point"},"id":"stl-city-public-streetlights:2:126868","properties":{"address":null,"attributes":{"Date_Installed":"4/23/2018","LED_Powered":1,"LightID":"L019584","Light_Source":"LED","Light_Type":"Cobra","Lighting_Type":"LED-Powered Lamp","Verification_Date":null},"id":"stl-city-public-streetlights:2:126868","sourceLayerId":2,"sourceObjectId":126868,"sourceURL":"https://maps8.stlouis-mo.gov/arcgis/rest/services/STREETS/Streets_Permitting/MapServer/2","title":"Street light L019584"},"type":"Feature"},{"geometry":{"coordinates":[-90.25545466191123,38.70928406235697],"type":"Point"},"id":"stl-city-public-streetlights:2:126869","properties":{"address":null,"attributes":{"Date_Installed":"4/23/2018","LED_Powered":1,"LightID":"L019585","Light_Source":"LED","Light_Type":"Cobra","Lighting_Type":"LED-Powered Lamp","Verification_Date":null},"id":"stl-city-public-streetlights:2:126869","sourceLayerId":2,"sourceObjectId":126869,"sourceURL":"https://maps8.stlouis-mo.gov/arcgis/rest/services/STREETS/Streets_Permitting/MapServer/2","title":"Street light L019585"},"type":"Feature"},{"geometry":{"coordinates":[-90.25523297948423,38.709593403475736],"type":"Point"},"id":"stl-city-public-streetlights:2:126870","properties":{"address":null,"attributes":{"Date_Installed":"4/23/2018","LED_Powered":1,"LightID":"L019586","Light_Source":"LED","Light_Type":"Cobra","Lighting_Type":"LED-Powered Lamp","Verification_Date":null},"id":"stl-city-public-streetlights:2:126870","sourceLayerId":2,"sourceObjectId":126870,"sourceURL":"https://maps8.stlouis-mo.gov/arcgis/rest/services/STREETS/Streets_Permitting/MapServer/2","title":"Street light L019586"},"type":"Feature"},{"geometry":{"coordinates":[-90.25500212433481,38.70990650412223],"type":"Point"},"id":"stl-city-public-streetlights:2:126871","properties":{"address":null,"attributes":{"Date_Installed":null,"LED_Powered":1,"LightID":"L019587","Light_Source":"LED","Light_Type":"Cobra","Lighting_Type":"LED-Powered Lamp","Verification_Date":null},"id":"stl-city-public-streetlights:2:126871","sourceLayerId":2,"sourceObjectId":126871,"sourceURL":"https://maps8.stlouis-mo.gov/arcgis/rest/services/STREETS/Streets_Permitting/MapServer/2","title":"Street light L019587"},"type":"Feature"},{"geometry":{"coordinates":[-90.25632429337324,38.70972730477338],"type":"Point"},"id":"stl-city-public-streetlights:2:126885","properties":{"address":null,"attributes":{"Date_Installed":"4/23/2018","LED_Powered":1,"LightID":"L019601","Light_Source":"LED","Light_Type":"Cobra","Lighting_Type":"LED-Powered Lamp","Verification_Date":null},"id":"stl-city-public-streetlights:2:126885","sourceLayerId":2,"sourceObjectId":126885,"sourceURL":"https://maps8.stlouis-mo.gov/arcgis/rest/services/STREETS/Streets_Permitting/MapServer/2","title":"Street light L019601"},"type":"Feature"},{"geometry":{"coordinates":[-90.25655889845471,38.70940505637958],"type":"Point"},"id":"stl-city-public-streetlights:2:126886","properties":{"address":null,"attributes":{"Date_Installed":"4/23/2018","LED_Powered":1,"LightID":"L019602","Light_Source":"LED","Light_Type":"Cobra","Lighting_Type":"LED-Powered Lamp","Verification_Date":null},"id":"stl-city-public-streetlights:2:126886","sourceLayerId":2,"sourceObjectId":126886,"sourceURL":"https://maps8.stlouis-mo.gov/arcgis/rest/services/STREETS/Streets_Permitting/MapServer/2","title":"Street light L019602"},"type":"Feature"},{"geometry":{"coordinates":[-90.2567963203095,38.70908019179646],"type":"Point"},"id":"stl-city-public-streetlights:2:126887","properties":{"address":null,"attributes":{"Date_Installed":"4/23/2018","LED_Powered":1,"LightID":"L019603","Light_Source":"LED","Light_Type":"Cobra","Lighting_Type":"LED-Powered Lamp","Verification_Date":null},"id":"stl-city-public-streetlights:2:126887","sourceLayerId":2,"sourceObjectId":126887,"sourceURL":"https://maps8.stlouis-mo.gov/arcgis/rest/services/STREETS/Streets_Permitting/MapServer/2","title":"Street light L019603"},"type":"Feature"},{"geometry":{"coordinates":[-90.2570225765999,38.70876088084995],"type":"Point"},"id":"stl-city-public-streetlights:2:126888","properties":{"address":null,"attributes":{"Date_Installed":"4/23/2018","LED_Powered":1,"LightID":"L019604","Light_Source":"LED","Light_Type":"Cobra","Lighting_Type":"LED-Powered Lamp","Verification_Date":null},"id":"stl-city-public-streetlights:2:126888","sourceLayerId":2,"sourceObjectId":126888,"sourceURL":"https://maps8.stlouis-mo.gov/arcgis/rest/services/STREETS/Streets_Permitting/MapServer/2","title":"Street light L019604"},"type":"Feature"},{"geometry":{"coordinates":[-90.25725053751434,38.708440428868585],"type":"Point"},"id":"stl-city-public-streetlights:2:126889","properties":{"address":null,"attributes":{"Date_Installed":"4/23/2018","LED_Powered":1,"LightID":"L019605","Light_Source":"LED","Light_Type":"Cobra","Lighting_Type":"LED-Powered Lamp","Verification_Date":null},"id":"stl-city-public-streetlights:2:126889","sourceLayerId":2,"sourceObjectId":126889,"sourceURL":"https://maps8.stlouis-mo.gov/arcgis/rest/services/STREETS/Streets_Permitting/MapServer/2","title":"Street light L019605"},"type":"Feature"},{"geometry":{"coordinates":[-90.25748804629248,38.708114163034566],"type":"Point"},"id":"stl-city-public-streetlights:2:126890","properties":{"address":null,"attributes":{"Date_Installed":"4/23/2018","LED_Powered":1,"LightID":"L019606","Light_Source":"LED","Light_Type":"Cobra","Lighting_Type":"LED-Powered Lamp","Verification_Date":null},"id":"stl-city-public-streetlights:2:126890","sourceLayerId":2,"sourceObjectId":126890,"sourceURL":"https://maps8.stlouis-mo.gov/arcgis/rest/services/STREETS/Streets_Permitting/MapServer/2","title":"Street light L019606"},"type":"Feature"},{"geometry":{"coordinates":[-90.25773010456432,38.70777977208785],"type":"Point"},"id":"stl-city-public-streetlights:2:126891","properties":{"address":null,"attributes":{"Date_Installed":"4/23/2018","LED_Powered":1,"LightID":"L019607","Light_Source":"LED","Light_Type":"Cobra","Lighting_Type":"LED-Powered Lamp","Verification_Date":null},"id":"stl-city-public-streetlights:2:126891","sourceLayerId":2,"sourceObjectId":126891,"sourceURL":"https://maps8.stlouis-mo.gov/arcgis/rest/services/STREETS/Streets_Permitting/MapServer/2","title":"Street light L019607"},"type":"Feature"},{"geometry":{"coordinates":[-90.25978278549579,38.706407830478256],"type":"Point"},"id":"stl-city-public-streetlights:2:126904","properties":{"address":null,"attributes":{"Date_Installed":"4/23/2018","LED_Powered":1,"LightID":"L019620","Light_Source":"LED","Light_Type":"Cobra","Lighting_Type":"LED-Powered Lamp","Verification_Date":null},"id":"stl-city-public-streetlights:2:126904","sourceLayerId":2,"sourceObjectId":126904,"sourceURL":"https://maps8.stlouis-mo.gov/arcgis/rest/services/STREETS/Streets_Permitting/MapServer/2","title":"Street light L019620"},"type":"Feature"},{"geometry":{"coordinates":[-90.25954531958175,38.70673777856398],"type":"Point"},"id":"stl-city-public-streetlights:2:126905","properties":{"address":null,"attributes":{"Date_Installed":"4/23/2018","LED_Powered":1,"LightID":"L019621","Light_Source":"LED","Light_Type":"Cobra","Lighting_Type":"LED-Powered Lamp","Verification_Date":null},"id":"stl-city-public-streetlights:2:126905","sourceLayerId":2,"sourceObjectId":126905,"sourceURL":"https://maps8.stlouis-mo.gov/arcgis/rest/services/STREETS/Streets_Permitting/MapServer/2","title":"Street light L019621"},"type":"Feature"},{"geometry":{"coordinates":[-90.25928617788502,38.707090015219464],"type":"Point"},"id":"stl-city-public-streetlights:2:126906","properties":{"address":null,"attributes":{"Date_Installed":"4/23/2018","LED_Powered":1,"LightID":"L019622","Light_Source":"LED","Light_Type":"Cobra","Lighting_Type":"LED-Powered Lamp","Verification_Date":null},"id":"stl-city-public-streetlights:2:126906","sourceLayerId":2,"sourceObjectId":126906,"sourceURL":"https://maps8.stlouis-mo.gov/arcgis/rest/services/STREETS/Streets_Permitting/MapServer/2","title":"Street light L019622"},"type":"Feature"},{"geometry":{"coordinates":[-90.25903678773146,38.70743616971865],"type":"Point"},"id":"stl-city-public-streetlights:2:126907","properties":{"address":null,"attributes":{"Date_Installed":"4/23/2018","LED_Powered":1,"LightID":"L019623","Light_Source":"LED","Light_Type":"Cobra","Lighting_Type":"LED-Powered Lamp","Verification_Date":null},"id":"stl-city-public-streetlights:2:126907","sourceLayerId":2,"sourceObjectId":126907,"sourceURL":"https://maps8.stlouis-mo.gov/arcgis/rest/services/STREETS/Streets_Permitting/MapServer/2","title":"Street light L019623"},"type":"Feature"},{"geometry":{"coordinates":[-90.25877054273575,38.70780030827261],"type":"Point"},"id":"stl-city-public-streetlights:2:126908","properties":{"address":null,"attributes":{"Date_Installed":"4/23/2018","LED_Powered":1,"LightID":"L019624","Light_Source":"LED","Light_Type":"Cobra","Lighting_Type":"LED-Powered Lamp","Verification_Date":null},"id":"stl-city-public-streetlights:2:126908","sourceLayerId":2,"sourceObjectId":126908,"sourceURL":"https://maps8.stlouis-mo.gov/arcgis/rest/services/STREETS/Streets_Permitting/MapServer/2","title":"Street light L019624"},"type":"Feature"},{"geometry":{"coordinates":[-90.25851088962862,38.70816660570187],"type":"Point"},"id":"stl-city-public-streetlights:2:126909","properties":{"address":null,"attributes":{"Date_Installed":"4/23/2018","LED_Powered":1,"LightID":"L019625","Light_Source":"LED","Light_Type":"Cobra","Lighting_Type":"LED-Powered Lamp","Verification_Date":null},"id":"stl-city-public-streetlights:2:126909","sourceLayerId":2,"sourceObjectId":126909,"sourceURL":"https://maps8.stlouis-mo.gov/arcgis/rest/services/STREETS/Streets_Permitting/MapServer/2","title":"Street light L019625"},"type":"Feature"},{"geometry":{"coordinates":[-90.25825310399794,38.708520082379636],"type":"Point"},"id":"stl-city-public-streetlights:2:126910","properties":{"address":null,"attributes":{"Date_Installed":"4/23/2018","LED_Powered":1,"LightID":"L019626","Light_Source":"LED","Light_Type":"Cobra","Lighting_Type":"LED-Powered Lamp","Verification_Date":null},"id":"stl-city-public-streetlights:2:126910","sourceLayerId":2,"sourceObjectId":126910,"sourceURL":"https://maps8.stlouis-mo.gov/arcgis/rest/services/STREETS/Streets_Permitting/MapServer/2","title":"Street light L019626"},"type":"Feature"},{"geometry":{"coordinates":[-90.25799507538828,38.70887666779526],"type":"Point"},"id":"stl-city-public-streetlights:2:126911","properties":{"address":null,"attributes":{"Date_Installed":"4/23/2018","LED_Powered":1,"LightID":"L019627","Light_Source":"LED","Light_Type":"Cobra","Lighting_Type":"LED-Powered Lamp","Verification_Date":null},"id":"stl-city-public-streetlights:2:126911","sourceLayerId":2,"sourceObjectId":126911,"sourceURL":"https://maps8.stlouis-mo.gov/arcgis/rest/services/STREETS/Streets_Permitting/MapServer/2","title":"Street light L019627"},"type":"Feature"},{"geometry":{"coordinates":[-90.25774630531012,38.70922004419691],"type":"Point"},"id":"stl-city-public-streetlights:2:126912","properties":{"address":null,"attributes":{"Date_Installed":"4/23/2018","LED_Powered":1,"LightID":"L019628","Light_Source":"LED","Light_Type":"Cobra","Lighting_Type":"LED-Powered Lamp","Verification_Date":null},"id":"stl-city-public-streetlights:2:126912","sourceLayerId":2,"sourceObjectId":126912,"sourceURL":"https://maps8.stlouis-mo.gov/arcgis/rest/services/STREETS/Streets_Permitting/MapServer/2","title":"Street light L019628"},"type":"Feature"},{"geometry":{"coordinates":[-90.25747384840815,38.70959141256877],"type":"Point"},"id":"stl-city-public-streetlights:2:126913","properties":{"address":null,"attributes":{"Date_Installed":"4/23/2018","LED_Powered":1,"LightID":"L019629","Light_Source":"LED","Light_Type":"Cobra","Lighting_Type":"LED-Powered Lamp","Verification_Date":null},"id":"stl-city-public-streetlights:2:126913","sourceLayerId":2,"sourceObjectId":126913,"sourceURL":"https://maps8.stlouis-mo.gov/arcgis/rest/services/STREETS/Streets_Permitting/MapServer/2","title":"Street light L019629"},"type":"Feature"},{"geometry":{"coordinates":[-90.25719967663953,38.709974004367574],"type":"Point"},"id":"stl-city-public-streetlights:2:126914","properties":{"address":null,"attributes":{"Date_Installed":"4/23/2018","LED_Powered":1,"LightID":"L019630","Light_Source":"LED","Light_Type":"Cobra","Lighting_Type":"LED-Powered Lamp","Verification_Date":null},"id":"stl-city-public-streetlights:2:126914","sourceLayerId":2,"sourceObjectId":126914,"sourceURL":"https://maps8.stlouis-mo.gov/arcgis/rest/services/STREETS/Streets_Permitting/MapServer/2","title":"Street light L019630"},"type":"Feature"},{"geometry":{"coordinates":[-90.25865602428978,38.70973410464287],"type":"Point"},"id":"stl-city-public-streetlights:2:126936","properties":{"address":null,"attributes":{"Date_Installed":"4/23/2018","LED_Powered":1,"LightID":"L019652","Light_Source":"LED","Light_Type":"Cobra","Lighting_Type":"LED-Powered Lamp","Verification_Date":null},"id":"stl-city-public-streetlights:2:126936","sourceLayerId":2,"sourceObjectId":126936,"sourceURL":"https://maps8.stlouis-mo.gov/arcgis/rest/services/STREETS/Streets_Permitting/MapServer/2","title":"Street light L019652"},"type":"Feature"},{"geometry":{"coordinates":[-90.25887787545429,38.709429488787855],"type":"Point"},"id":"stl-city-public-streetlights:2:126937","properties":{"address":null,"attributes":{"Date_Installed":"4/23/2018","LED_Powered":1,"LightID":"L019653","Light_Source":"LED","Light_Type":"Cobra","Lighting_Type":"LED-Powered Lamp","Verification_Date":null},"id":"stl-city-public-streetlights:2:126937","sourceLayerId":2,"sourceObjectId":126937,"sourceURL":"https://maps8.stlouis-mo.gov/arcgis/rest/services/STREETS/Streets_Permitting/MapServer/2","title":"Street light L019653"},"type":"Feature"},{"geometry":{"coordinates":[-90.25910303972496,38.70912480634832],"type":"Point"},"id":"stl-city-public-streetlights:2:126938","properties":{"address":null,"attributes":{"Date_Installed":"4/23/2018","LED_Powered":1,"LightID":"L019654","Light_Source":"LED","Light_Type":"Cobra","Lighting_Type":"LED-Powered Lamp","Verification_Date":null},"id":"stl-city-public-streetlights:2:126938","sourceLayerId":2,"sourceObjectId":126938,"sourceURL":"https://maps8.stlouis-mo.gov/arcgis/rest/services/STREETS/Streets_Permitting/MapServer/2","title":"Street light L019654"},"type":"Feature"},{"geometry":{"coordinates":[-90.25933229711077,38.708796582910345],"type":"Point"},"id":"stl-city-public-streetlights:2:126939","properties":{"address":null,"attributes":{"Date_Installed":"4/23/2018","LED_Powered":1,"LightID":"L019655","Light_Source":"LED","Light_Type":"Cobra","Lighting_Type":"LED-Powered Lamp","Verification_Date":null},"id":"stl-city-public-streetlights:2:126939","sourceLayerId":2,"sourceObjectId":126939,"sourceURL":"https://maps8.stlouis-mo.gov/arcgis/rest/services/STREETS/Streets_Permitting/MapServer/2","title":"Street light L019655"},"type":"Feature"},{"geometry":{"coordinates":[-90.25953244274035,38.70853122552376],"type":"Point"},"id":"stl-city-public-streetlights:2:126940","properties":{"address":null,"attributes":{"Date_Installed":"4/23/2018","LED_Powered":1,"LightID":"L019656","Light_Source":"LED","Light_Type":"Cobra","Lighting_Type":"LED-Powered Lamp","Verification_Date":null},"id":"stl-city-public-streetlights:2:126940","sourceLayerId":2,"sourceObjectId":126940,"sourceURL":"https://maps8.stlouis-mo.gov/arcgis/rest/services/STREETS/Streets_Permitting/MapServer/2","title":"Street light L019656"},"type":"Feature"},{"geometry":{"coordinates":[-90.25461226428192,38.70119336034406],"type":"Point"},"id":"stl-city-public-streetlights:2:128129","properties":{"address":null,"attributes":{"Date_Installed":null,"LED_Powered":0,"LightID":"L020845","Light_Source":"LED","Light_Type":"Cobra","Lighting_Type":"LED-Powered Lamp","Verification_Date":null},"id":"stl-city-public-streetlights:2:128129","sourceLayerId":2,"sourceObjectId":128129,"sourceURL":"https://maps8.stlouis-mo.gov/arcgis/rest/services/STREETS/Streets_Permitting/MapServer/2","title":"Street light L020845"},"type":"Feature"},{"geometry":{"coordinates":[-90.25485288465018,38.701473172918796],"type":"Point"},"id":"stl-city-public-streetlights:2:128130","properties":{"address":null,"attributes":{"Date_Installed":null,"LED_Powered":0,"LightID":"L020846","Light_Source":"LED","Light_Type":"Cobra","Lighting_Type":"LED-Powered Lamp","Verification_Date":null},"id":"stl-city-public-streetlights:2:128130","sourceLayerId":2,"sourceObjectId":128130,"sourceURL":"https://maps8.stlouis-mo.gov/arcgis/rest/services/STREETS/Streets_Permitting/MapServer/2","title":"Street light L020846"},"type":"Feature"},{"geometry":{"coordinates":[-90.25509922909072,38.70175185375877],"type":"Point"},"id":"stl-city-public-streetlights:2:128131","properties":{"address":null,"attributes":{"Date_Installed":null,"LED_Powered":0,"LightID":"L020847","Light_Source":"LED","Light_Type":"Cobra","Lighting_Type":"LED-Powered Lamp","Verification_Date":null},"id":"stl-city-public-streetlights:2:128131","sourceLayerId":2,"sourceObjectId":128131,"sourceURL":"https://maps8.stlouis-mo.gov/arcgis/rest/services/STREETS/Streets_Permitting/MapServer/2","title":"Street light L020847"},"type":"Feature"},{"geometry":{"coordinates":[-90.25378831169476,38.701637072055654],"type":"Point"},"id":"stl-city-public-streetlights:2:128132","properties":{"address":null,"attributes":{"Date_Installed":null,"LED_Powered":0,"LightID":"L020848","Light_Source":"LED","Light_Type":"Cobra","Lighting_Type":"LED-Powered Lamp","Verification_Date":null},"id":"stl-city-public-streetlights:2:128132","sourceLayerId":2,"sourceObjectId":128132,"sourceURL":"https://maps8.stlouis-mo.gov/arcgis/rest/services/STREETS/Streets_Permitting/MapServer/2","title":"Street light L020848"},"type":"Feature"},{"geometry":{"coordinates":[-90.25403554643196,38.70192161992442],"type":"Point"},"id":"stl-city-public-streetlights:2:128133","properties":{"address":null,"attributes":{"Date_Installed":null,"LED_Powered":0,"LightID":"L020849","Light_Source":"LED","Light_Type":"Cobra","Lighting_Type":"LED-Powered Lamp","Verification_Date":null},"id":"stl-city-public-streetlights:2:128133","sourceLayerId":2,"sourceObjectId":128133,"sourceURL":"https://maps8.stlouis-mo.gov/arcgis/rest/services/STREETS/Streets_Permitting/MapServer/2","title":"Street light L020849"},"type":"Feature"},{"geometry":{"coordinates":[-90.25429009494734,38.70220246469646],"type":"Point"},"id":"stl-city-public-streetlights:2:128134","properties":{"address":null,"attributes":{"Date_Installed":null,"LED_Powered":0,"LightID":"L020850","Light_Source":"LED","Light_Type":"Cobra","Lighting_Type":"LED-Powered Lamp","Verification_Date":null},"id":"stl-city-public-streetlights:2:128134","sourceLayerId":2,"sourceObjectId":128134,"sourceURL":"https://maps8.stlouis-mo.gov/arcgis/rest/services/STREETS/Streets_Permitting/MapServer/2","title":"Street light L020850"},"type":"Feature"},{"geometry":{"coordinates":[-90.25814718563994,38.700002243535714],"type":"Point"},"id":"stl-city-public-streetlights:2:128145","properties":{"address":null,"attributes":{"Date_Installed":null,"LED_Powered":0,"LightID":"L020861","Light_Source":"High Pressure Sodium","Light_Type":"Cobra","Lighting_Type":"250-W High Pressure Sodium Vapor Lamp","Verification_Date":null},"id":"stl-city-public-streetlights:2:128145","sourceLayerId":2,"sourceObjectId":128145,"sourceURL":"https://maps8.stlouis-mo.gov/arcgis/rest/services/STREETS/Streets_Permitting/MapServer/2","title":"Street light L020861"},"type":"Feature"},{"geometry":{"coordinates":[-90.25772711253128,38.7002544501215],"type":"Point"},"id":"stl-city-public-streetlights:2:128146","properties":{"address":null,"attributes":{"Date_Installed":null,"LED_Powered":0,"LightID":"L020862","Light_Source":"High Pressure Sodium","Light_Type":"Cobra","Lighting_Type":"250-W High Pressure Sodium Vapor Lamp","Verification_Date":null},"id":"stl-city-public-streetlights:2:128146","sourceLayerId":2,"sourceObjectId":128146,"sourceURL":"https://maps8.stlouis-mo.gov/arcgis/rest/services/STREETS/Streets_Permitting/MapServer/2","title":"Street light L020862"},"type":"Feature"},{"geometry":{"coordinates":[-90.25728219948695,38.70051971413561],"type":"Point"},"id":"stl-city-public-streetlights:2:128147","properties":{"address":null,"attributes":{"Date_Installed":null,"LED_Powered":0,"LightID":"L020863","Light_Source":"High Pressure Sodium","Light_Type":"Cobra","Lighting_Type":"250-W High Pressure Sodium Vapor Lamp","Verification_Date":null},"id":"stl-city-public-streetlights:2:128147","sourceLayerId":2,"sourceObjectId":128147,"sourceURL":"https://maps8.stlouis-mo.gov/arcgis/rest/services/STREETS/Streets_Permitting/MapServer/2","title":"Street light L020863"},"type":"Feature"},{"geometry":{"coordinates":[-90.25684616316002,38.70079101367822],"type":"Point"},"id":"stl-city-public-streetlights:2:128148","properties":{"address":null,"attributes":{"Date_Installed":null,"LED_Powered":0,"LightID":"L020864","Light_Source":"High Pressure Sodium","Light_Type":"Cobra","Lighting_Type":"250-W High Pressure Sodium Vapor Lamp","Verification_Date":null},"id":"stl-city-public-streetlights:2:128148","sourceLayerId":2,"sourceObjectId":128148,"sourceURL":"https://maps8.stlouis-mo.gov/arcgis/rest/services/STREETS/Streets_Permitting/MapServer/2","title":"Street light L020864"},"type":"Feature"},{"geometry":{"coordinates":[-90.25649468867068,38.70100426923156],"type":"Point"},"id":"stl-city-public-streetlights:2:128149","properties":{"address":null,"attributes":{"Date_Installed":null,"LED_Powered":0,"LightID":"L020865","Light_Source":"High Pressure Sodium","Light_Type":"Cobra","Lighting_Type":"250-W High Pressure Sodium Vapor Lamp","Verification_Date":null},"id":"stl-city-public-streetlights:2:128149","sourceLayerId":2,"sourceObjectId":128149,"sourceURL":"https://maps8.stlouis-mo.gov/arcgis/rest/services/STREETS/Streets_Permitting/MapServer/2","title":"Street light L020865"},"type":"Feature"},{"geometry":{"coordinates":[-90.25605419748335,38.7012643531726],"type":"Point"},"id":"stl-city-public-streetlights:2:128150","properties":{"address":null,"attributes":{"Date_Installed":null,"LED_Powered":0,"LightID":"L020866","Light_Source":"High Pressure Sodium","Light_Type":"Cobra","Lighting_Type":"250-W High Pressure Sodium Vapor Lamp","Verification_Date":null},"id":"stl-city-public-streetlights:2:128150","sourceLayerId":2,"sourceObjectId":128150,"sourceURL":"https://maps8.stlouis-mo.gov/arcgis/rest/services/STREETS/Streets_Permitting/MapServer/2","title":"Street light L020866"},"type":"Feature"},{"geometry":{"coordinates":[-90.25568787259611,38.70148955159417],"type":"Point"},"id":"stl-city-public-streetlights:2:128151","properties":{"address":null,"attributes":{"Date_Installed":null,"LED_Powered":0,"LightID":"L020867","Light_Source":"High Pressure Sodium","Light_Type":"Cobra","Lighting_Type":"250-W High Pressure Sodium Vapor Lamp","Verification_Date":null},"id":"stl-city-public-streetlights:2:128151","sourceLayerId":2,"sourceObjectId":128151,"sourceURL":"https://maps8.stlouis-mo.gov/arcgis/rest/services/STREETS/Streets_Permitting/MapServer/2","title":"Street light L020867"},"type":"Feature"},{"geometry":{"coordinates":[-90.25530475950082,38.70171337952499],"type":"Point"},"id":"stl-city-public-streetlights:2:128152","properties":{"address":null,"attributes":{"Date_Installed":null,"LED_Powered":0,"LightID":"L020868","Light_Source":"High Pressure Sodium","Light_Type":"Cobra","Lighting_Type":"250-W High Pressure Sodium Vapor Lamp","Verification_Date":null},"id":"stl-city-public-streetlights:2:128152","sourceLayerId":2,"sourceObjectId":128152,"sourceURL":"https://maps8.stlouis-mo.gov/arcgis/rest/services/STREETS/Streets_Permitting/MapServer/2","title":"Street light L020868"},"type":"Feature"},{"geometry":{"coordinates":[-90.25486785368855,38.70197608891885],"type":"Point"},"id":"stl-city-public-streetlights:2:128153","properties":{"address":null,"attributes":{"Date_Installed":null,"LED_Powered":0,"LightID":"L020869","Light_Source":"LED","Light_Type":"Cobra","Lighting_Type":"LED-Powered Lamp","Verification_Date":null},"id":"stl-city-public-streetlights:2:128153","sourceLayerId":2,"sourceObjectId":128153,"sourceURL":"https://maps8.stlouis-mo.gov/arcgis/rest/services/STREETS/Streets_Permitting/MapServer/2","title":"Street light L020869"},"type":"Feature"},{"geometry":{"coordinates":[-90.25443440207988,38.70224204528374],"type":"Point"},"id":"stl-city-public-streetlights:2:128154","properties":{"address":null,"attributes":{"Date_Installed":null,"LED_Powered":0,"LightID":"L020870","Light_Source":"LED","Light_Type":"Cobra","Lighting_Type":"LED-Powered Lamp","Verification_Date":null},"id":"stl-city-public-streetlights:2:128154","sourceLayerId":2,"sourceObjectId":128154,"sourceURL":"https://maps8.stlouis-mo.gov/arcgis/rest/services/STREETS/Streets_Permitting/MapServer/2","title":"Street light L020870"},"type":"Feature"},{"geometry":{"coordinates":[-90.25401687946625,38.70249215913404],"type":"Point"},"id":"stl-city-public-streetlights:2:128155","properties":{"address":null,"attributes":{"Date_Installed":null,"LED_Powered":0,"LightID":"L020871","Light_Source":"LED","Light_Type":"Cobra","Lighting_Type":"LED-Powered Lamp","Verification_Date":null},"id":"stl-city-public-streetlights:2:128155","sourceLayerId":2,"sourceObjectId":128155,"sourceURL":"https://maps8.stlouis-mo.gov/arcgis/rest/services/STREETS/Streets_Permitting/MapServer/2","title":"Street light L020871"},"type":"Feature"},{"geometry":{"coordinates":[-90.25358161852448,38.70275152937696],"type":"Point"},"id":"stl-city-public-streetlights:2:128156","properties":{"address":null,"attributes":{"Date_Installed":null,"LED_Powered":0,"LightID":"L020872","Light_Source":"LED","Light_Type":"Cobra","Lighting_Type":"LED-Powered Lamp","Verification_Date":null},"id":"stl-city-public-streetlights:2:128156","sourceLayerId":2,"sourceObjectId":128156,"sourceURL":"https://maps8.stlouis-mo.gov/arcgis/rest/services/STREETS/Streets_Permitting/MapServer/2","title":"Street light L020872"},"type":"Feature"},{"geometry":{"coordinates":[-90.2531482194299,38.70299946164501],"type":"Point"},"id":"stl-city-public-streetlights:2:128157","properties":{"address":null,"attributes":{"Date_Installed":null,"LED_Powered":0,"LightID":"L020873","Light_Source":"LED","Light_Type":"Cobra","Lighting_Type":"LED-Powered Lamp","Verification_Date":null},"id":"stl-city-public-streetlights:2:128157","sourceLayerId":2,"sourceObjectId":128157,"sourceURL":"https://maps8.stlouis-mo.gov/arcgis/rest/services/STREETS/Streets_Permitting/MapServer/2","title":"Street light L020873"},"type":"Feature"},{"geometry":{"coordinates":[-90.25513001932204,38.70048009833425],"type":"Point"},"id":"stl-city-public-streetlights:2:128158","properties":{"address":null,"attributes":{"Date_Installed":"7/31/2017","LED_Powered":1,"LightID":"L020874","Light_Source":"LED","Light_Type":"Cobra","Lighting_Type":"LED-Powered Lamp","Verification_Date":null},"id":"stl-city-public-streetlights:2:128158","sourceLayerId":2,"sourceObjectId":128158,"sourceURL":"https://maps8.stlouis-mo.gov/arcgis/rest/services/STREETS/Streets_Permitting/MapServer/2","title":"Street light L020874"},"type":"Feature"},{"geometry":{"coordinates":[-90.25511695641441,38.70072374369959],"type":"Point"},"id":"stl-city-public-streetlights:2:128159","properties":{"address":null,"attributes":{"Date_Installed":"7/31/2017","LED_Powered":1,"LightID":"L020875","Light_Source":"LED","Light_Type":"Cobra","Lighting_Type":"LED-Powered Lamp","Verification_Date":null},"id":"stl-city-public-streetlights:2:128159","sourceLayerId":2,"sourceObjectId":128159,"sourceURL":"https://maps8.stlouis-mo.gov/arcgis/rest/services/STREETS/Streets_Permitting/MapServer/2","title":"Street light L020875"},"type":"Feature"},{"geometry":{"coordinates":[-90.25475217442838,38.700924630395015],"type":"Point"},"id":"stl-city-public-streetlights:2:128160","properties":{"address":null,"attributes":{"Date_Installed":"7/31/2017","LED_Powered":1,"LightID":"L020876","Light_Source":"LED","Light_Type":"Cobra","Lighting_Type":"LED-Powered Lamp","Verification_Date":null},"id":"stl-city-public-streetlights:2:128160","sourceLayerId":2,"sourceObjectId":128160,"sourceURL":"https://maps8.stlouis-mo.gov/arcgis/rest/services/STREETS/Streets_Permitting/MapServer/2","title":"Street light L020876"},"type":"Feature"},{"geometry":{"coordinates":[-90.25438186764033,38.70113926978362],"type":"Point"},"id":"stl-city-public-streetlights:2:128161","properties":{"address":null,"attributes":{"Date_Installed":"3/2/20","LED_Powered":1,"LightID":"L020877","Light_Source":"LED","Light_Type":"Cobra","Lighting_Type":"LED-Powered Lamp","Verification_Date":null},"id":"stl-city-public-streetlights:2:128161","sourceLayerId":2,"sourceObjectId":128161,"sourceURL":"https://maps8.stlouis-mo.gov/arcgis/rest/services/STREETS/Streets_Permitting/MapServer/2","title":"Street light L020877"},"type":"Feature"},{"geometry":{"coordinates":[-90.25402531978625,38.701341839916765],"type":"Point"},"id":"stl-city-public-streetlights:2:128162","properties":{"address":null,"attributes":{"Date_Installed":"3/2/20","LED_Powered":1,"LightID":"L020878","Light_Source":"LED","Light_Type":"Cobra","Lighting_Type":"LED-Powered Lamp","Verification_Date":null},"id":"stl-city-public-streetlights:2:128162","sourceLayerId":2,"sourceObjectId":128162,"sourceURL":"https://maps8.stlouis-mo.gov/arcgis/rest/services/STREETS/Streets_Permitting/MapServer/2","title":"Street light L020878"},"type":"Feature"},{"geometry":{"coordinates":[-90.25365718339327,38.70154319267724],"type":"Point"},"id":"stl-city-public-streetlights:2:128163","properties":{"address":null,"attributes":{"Date_Installed":"3/2/20","LED_Powered":1,"LightID":"L020879","Light_Source":"LED","Light_Type":"Cobra","Lighting_Type":"LED-Powered Lamp","Verification_Date":null},"id":"stl-city-public-streetlights:2:128163","sourceLayerId":2,"sourceObjectId":128163,"sourceURL":"https://maps8.stlouis-mo.gov/arcgis/rest/services/STREETS/Streets_Permitting/MapServer/2","title":"Street light L020879"},"type":"Feature"},{"geometry":{"coordinates":[-90.2532841757396,38.7017456781093],"type":"Point"},"id":"stl-city-public-streetlights:2:128164","properties":{"address":null,"attributes":{"Date_Installed":"3/2/20","LED_Powered":1,"LightID":"L020880","Light_Source":"LED","Light_Type":"Cobra","Lighting_Type":"LED-Powered Lamp","Verification_Date":null},"id":"stl-city-public-streetlights:2:128164","sourceLayerId":2,"sourceObjectId":128164,"sourceURL":"https://maps8.stlouis-mo.gov/arcgis/rest/services/STREETS/Streets_Permitting/MapServer/2","title":"Street light L020880"},"type":"Feature"},{"geometry":{"coordinates":[-90.25295017583957,38.70192612545894],"type":"Point"},"id":"stl-city-public-streetlights:2:128165","properties":{"address":null,"attributes":{"Date_Installed":"3/2/20","LED_Powered":1,"LightID":"L020881","Light_Source":"LED","Light_Type":"Cobra","Lighting_Type":"LED-Powered Lamp","Verification_Date":null},"id":"stl-city-public-streetlights:2:128165","sourceLayerId":2,"sourceObjectId":128165,"sourceURL":"https://maps8.stlouis-mo.gov/arcgis/rest/services/STREETS/Streets_Permitting/MapServer/2","title":"Street light L020881"},"type":"Feature"},{"geometry":{"coordinates":[-90.25254985324699,38.70214456846087],"type":"Point"},"id":"stl-city-public-streetlights:2:128166","properties":{"address":null,"attributes":{"Date_Installed":"3/2/20","LED_Powered":1,"LightID":"L020882","Light_Source":"LED","Light_Type":"Cobra","Lighting_Type":"LED-Powered Lamp","Verification_Date":null},"id":"stl-city-public-streetlights:2:128166","sourceLayerId":2,"sourceObjectId":128166,"sourceURL":"https://maps8.stlouis-mo.gov/arcgis/rest/services/STREETS/Streets_Permitting/MapServer/2","title":"Street light L020882"},"type":"Feature"},{"geometry":{"coordinates":[-90.257392473441,38.70074173602408],"type":"Point"},"id":"stl-city-public-streetlights:2:128196","properties":{"address":null,"attributes":{"Date_Installed":"4/23/2018","LED_Powered":1,"LightID":"L020912","Light_Source":"LED","Light_Type":"Cobra","Lighting_Type":"LED-Powered Lamp","Verification_Date":null},"id":"stl-city-public-streetlights:2:128196","sourceLayerId":2,"sourceObjectId":128196,"sourceURL":"https://maps8.stlouis-mo.gov/arcgis/rest/services/STREETS/Streets_Permitting/MapServer/2","title":"Street light L020912"},"type":"Feature"},{"geometry":{"coordinates":[-90.25781812640365,38.70048233157848],"type":"Point"},"id":"stl-city-public-streetlights:2:128197","properties":{"address":null,"attributes":{"Date_Installed":"4/23/2018","LED_Powered":1,"LightID":"L020913","Light_Source":"LED","Light_Type":"Cobra","Lighting_Type":"LED-Powered Lamp","Verification_Date":null},"id":"stl-city-public-streetlights:2:128197","sourceLayerId":2,"sourceObjectId":128197,"sourceURL":"https://maps8.stlouis-mo.gov/arcgis/rest/services/STREETS/Streets_Permitting/MapServer/2","title":"Street light L020913"},"type":"Feature"},{"geometry":{"coordinates":[-90.25819497082924,38.700264059735524],"type":"Point"},"id":"stl-city-public-streetlights:2:128198","properties":{"address":null,"attributes":{"Date_Installed":"4/23/2018","LED_Powered":1,"LightID":"L020914","Light_Source":"LED","Light_Type":"Cobra","Lighting_Type":"LED-Powered Lamp","Verification_Date":null},"id":"stl-city-public-streetlights:2:128198","sourceLayerId":2,"sourceObjectId":128198,"sourceURL":"https://maps8.stlouis-mo.gov/arcgis/rest/services/STREETS/Streets_Permitting/MapServer/2","title":"Street light L020914"},"type":"Feature"},{"geometry":{"coordinates":[-90.25700065263192,38.70097963854454],"type":"Point"},"id":"stl-city-public-streetlights:2:128203","properties":{"address":null,"attributes":{"Date_Installed":"4/23/2018","LED_Powered":1,"LightID":"L020919","Light_Source":"LED","Light_Type":"Cobra","Lighting_Type":"LED-Powered Lamp","Verification_Date":null},"id":"stl-city-public-streetlights:2:128203","sourceLayerId":2,"sourceObjectId":128203,"sourceURL":"https://maps8.stlouis-mo.gov/arcgis/rest/services/STREETS/Streets_Permitting/MapServer/2","title":"Street light L020919"},"type":"Feature"},{"geometry":{"coordinates":[-90.25655546207534,38.70124698471255],"type":"Point"},"id":"stl-city-public-streetlights:2:128204","properties":{"address":null,"attributes":{"Date_Installed":"4/23/2018","LED_Powered":1,"LightID":"L020920","Light_Source":"LED","Light_Type":"Cobra","Lighting_Type":"LED-Powered Lamp","Verification_Date":null},"id":"stl-city-public-streetlights:2:128204","sourceLayerId":2,"sourceObjectId":128204,"sourceURL":"https://maps8.stlouis-mo.gov/arcgis/rest/services/STREETS/Streets_Permitting/MapServer/2","title":"Street light L020920"},"type":"Feature"},{"geometry":{"coordinates":[-90.25611969100879,38.70150475444443],"type":"Point"},"id":"stl-city-public-streetlights:2:128205","properties":{"address":null,"attributes":{"Date_Installed":"4/23/2018","LED_Powered":1,"LightID":"L020921","Light_Source":"LED","Light_Type":"Cobra","Lighting_Type":"LED-Powered Lamp","Verification_Date":null},"id":"stl-city-public-streetlights:2:128205","sourceLayerId":2,"sourceObjectId":128205,"sourceURL":"https://maps8.stlouis-mo.gov/arcgis/rest/services/STREETS/Streets_Permitting/MapServer/2","title":"Street light L020921"},"type":"Feature"},{"geometry":{"coordinates":[-90.2556698689437,38.701774447854795],"type":"Point"},"id":"stl-city-public-streetlights:2:128206","properties":{"address":null,"attributes":{"Date_Installed":"4/23/2018","LED_Powered":1,"LightID":"L020922","Light_Source":"LED","Light_Type":"Cobra","Lighting_Type":"LED-Powered Lamp","Verification_Date":null},"id":"stl-city-public-streetlights:2:128206","sourceLayerId":2,"sourceObjectId":128206,"sourceURL":"https://maps8.stlouis-mo.gov/arcgis/rest/services/STREETS/Streets_Permitting/MapServer/2","title":"Street light L020922"},"type":"Feature"},{"geometry":{"coordinates":[-90.25268120753073,38.70317907057236],"type":"Point"},"id":"stl-city-public-streetlights:2:129510","properties":{"address":null,"attributes":{"Date_Installed":"3/2/20","LED_Powered":1,"LightID":"L022226","Light_Source":"LED","Light_Type":"Cobra","Lighting_Type":"LED-Powered Lamp","Verification_Date":null},"id":"stl-city-public-streetlights:2:129510","sourceLayerId":2,"sourceObjectId":129510,"sourceURL":"https://maps8.stlouis-mo.gov/arcgis/rest/services/STREETS/Streets_Permitting/MapServer/2","title":"Street light L022226"},"type":"Feature"},{"geometry":{"coordinates":[-90.25242925159937,38.70288802537595],"type":"Point"},"id":"stl-city-public-streetlights:2:129511","properties":{"address":null,"attributes":{"Date_Installed":"3/2/20","LED_Powered":1,"LightID":"L022227","Light_Source":"LED","Light_Type":"Cobra","Lighting_Type":"LED-Powered Lamp","Verification_Date":null},"id":"stl-city-public-streetlights:2:129511","sourceLayerId":2,"sourceObjectId":129511,"sourceURL":"https://maps8.stlouis-mo.gov/arcgis/rest/services/STREETS/Streets_Permitting/MapServer/2","title":"Street light L022227"},"type":"Feature"},{"geometry":{"coordinates":[-90.25221137708273,38.702637622061374],"type":"Point"},"id":"stl-city-public-streetlights:2:129512","properties":{"address":null,"attributes":{"Date_Installed":"3/2/20","LED_Powered":1,"LightID":"L022228","Light_Source":"LED","Light_Type":"Cobra","Lighting_Type":"LED-Powered Lamp","Verification_Date":null},"id":"stl-city-public-streetlights:2:129512","sourceLayerId":2,"sourceObjectId":129512,"sourceURL":"https://maps8.stlouis-mo.gov/arcgis/rest/services/STREETS/Streets_Permitting/MapServer/2","title":"Street light L022228"},"type":"Feature"},{"geometry":{"coordinates":[-90.25196702533819,38.702356556589585],"type":"Point"},"id":"stl-city-public-streetlights:2:129513","properties":{"address":null,"attributes":{"Date_Installed":"3/2/20","LED_Powered":1,"LightID":"L022229","Light_Source":"LED","Light_Type":"Cobra","Lighting_Type":"LED-Powered Lamp","Verification_Date":null},"id":"stl-city-public-streetlights:2:129513","sourceLayerId":2,"sourceObjectId":129513,"sourceURL":"https://maps8.stlouis-mo.gov/arcgis/rest/services/STREETS/Streets_Permitting/MapServer/2","title":"Street light L022229"},"type":"Feature"},{"geometry":{"coordinates":[-90.2517263433106,38.70207935955776],"type":"Point"},"id":"stl-city-public-streetlights:2:129514","properties":{"address":null,"attributes":{"Date_Installed":"3/2/20","LED_Powered":1,"LightID":"L022230","Light_Source":"LED","Light_Type":"Cobra","Lighting_Type":"LED-Powered Lamp","Verification_Date":null},"id":"stl-city-public-streetlights:2:129514","sourceLayerId":2,"sourceObjectId":129514,"sourceURL":"https://maps8.stlouis-mo.gov/arcgis/rest/services/STREETS/Streets_Permitting/MapServer/2","title":"Street light L022230"},"type":"Feature"},{"geometry":{"coordinates":[-90.25149668185911,38.701817630122285],"type":"Point"},"id":"stl-city-public-streetlights:2:129515","properties":{"address":null,"attributes":{"Date_Installed":"3/2/20","LED_Powered":1,"LightID":"L022231","Light_Source":"LED","Light_Type":"Cobra","Lighting_Type":"LED-Powered Lamp","Verification_Date":null},"id":"stl-city-public-streetlights:2:129515","sourceLayerId":2,"sourceObjectId":129515,"sourceURL":"https://maps8.stlouis-mo.gov/arcgis/rest/services/STREETS/Streets_Permitting/MapServer/2","title":"Street light L022231"},"type":"Feature"},{"geometry":{"coordinates":[-90.25125612019283,38.701541577375345],"type":"Point"},"id":"stl-city-public-streetlights:2:129516","properties":{"address":null,"attributes":{"Date_Installed":"3/2/20","LED_Powered":1,"LightID":"L022232","Light_Source":"LED","Light_Type":"Cobra","Lighting_Type":"LED-Powered Lamp","Verification_Date":null},"id":"stl-city-public-streetlights:2:129516","sourceLayerId":2,"sourceObjectId":129516,"sourceURL":"https://maps8.stlouis-mo.gov/arcgis/rest/services/STREETS/Streets_Permitting/MapServer/2","title":"Street light L022232"},"type":"Feature"},{"geometry":{"coordinates":[-90.25106051766042,38.70131805825371],"type":"Point"},"id":"stl-city-public-streetlights:2:129517","properties":{"address":null,"attributes":{"Date_Installed":"3/2/20","LED_Powered":1,"LightID":"L022233","Light_Source":"LED","Light_Type":"Cobra","Lighting_Type":"LED-Powered Lamp","Verification_Date":null},"id":"stl-city-public-streetlights:2:129517","sourceLayerId":2,"sourceObjectId":129517,"sourceURL":"https://maps8.stlouis-mo.gov/arcgis/rest/services/STREETS/Streets_Permitting/MapServer/2","title":"Street light L022233"},"type":"Feature"},{"geometry":{"coordinates":[-90.25191505991775,38.702488270272454],"type":"Point"},"id":"stl-city-public-streetlights:2:129952","properties":{"address":null,"attributes":{"Date_Installed":"3/2/20","LED_Powered":1,"LightID":"L022668","Light_Source":"LED","Light_Type":"Cobra","Lighting_Type":"LED-Powered Lamp","Verification_Date":null},"id":"stl-city-public-streetlights:2:129952","sourceLayerId":2,"sourceObjectId":129952,"sourceURL":"https://maps8.stlouis-mo.gov/arcgis/rest/services/STREETS/Streets_Permitting/MapServer/2","title":"Street light L022668"},"type":"Feature"},{"geometry":{"coordinates":[-90.25153661554623,38.702694219549976],"type":"Point"},"id":"stl-city-public-streetlights:2:129953","properties":{"address":null,"attributes":{"Date_Installed":"3/2/20","LED_Powered":1,"LightID":"L022669","Light_Source":"LED","Light_Type":"Cobra","Lighting_Type":"LED-Powered Lamp","Verification_Date":null},"id":"stl-city-public-streetlights:2:129953","sourceLayerId":2,"sourceObjectId":129953,"sourceURL":"https://maps8.stlouis-mo.gov/arcgis/rest/services/STREETS/Streets_Permitting/MapServer/2","title":"Street light L022669"},"type":"Feature"},{"geometry":{"coordinates":[-90.25119364233358,38.70288080389137],"type":"Point"},"id":"stl-city-public-streetlights:2:129954","properties":{"address":null,"attributes":{"Date_Installed":"3/2/20","LED_Powered":1,"LightID":"L022670","Light_Source":"LED","Light_Type":"Cobra","Lighting_Type":"LED-Powered Lamp","Verification_Date":null},"id":"stl-city-public-streetlights:2:129954","sourceLayerId":2,"sourceObjectId":129954,"sourceURL":"https://maps8.stlouis-mo.gov/arcgis/rest/services/STREETS/Streets_Permitting/MapServer/2","title":"Street light L022670"},"type":"Feature"},{"geometry":{"coordinates":[-90.25080659741388,38.70309182065523],"type":"Point"},"id":"stl-city-public-streetlights:2:129955","properties":{"address":null,"attributes":{"Date_Installed":"3/2/20","LED_Powered":1,"LightID":"L022671","Light_Source":"LED","Light_Type":"Cobra","Lighting_Type":"LED-Powered Lamp","Verification_Date":null},"id":"stl-city-public-streetlights:2:129955","sourceLayerId":2,"sourceObjectId":129955,"sourceURL":"https://maps8.stlouis-mo.gov/arcgis/rest/services/STREETS/Streets_Permitting/MapServer/2","title":"Street light L022671"},"type":"Feature"},{"geometry":{"coordinates":[-90.25044685642438,38.70328850915655],"type":"Point"},"id":"stl-city-public-streetlights:2:129956","properties":{"address":null,"attributes":{"Date_Installed":"3/2/20","LED_Powered":1,"LightID":"L022672","Light_Source":"LED","Light_Type":"Cobra","Lighting_Type":"LED-Powered Lamp","Verification_Date":null},"id":"stl-city-public-streetlights:2:129956","sourceLayerId":2,"sourceObjectId":129956,"sourceURL":"https://maps8.stlouis-mo.gov/arcgis/rest/services/STREETS/Streets_Permitting/MapServer/2","title":"Street light L022672"},"type":"Feature"},{"geometry":{"coordinates":[-90.25006924716364,38.70349686167802],"type":"Point"},"id":"stl-city-public-streetlights:2:129957","properties":{"address":null,"attributes":{"Date_Installed":"3/2/20","LED_Powered":1,"LightID":"L022673","Light_Source":"LED","Light_Type":"Cobra","Lighting_Type":"LED-Powered Lamp","Verification_Date":null},"id":"stl-city-public-streetlights:2:129957","sourceLayerId":2,"sourceObjectId":129957,"sourceURL":"https://maps8.stlouis-mo.gov/arcgis/rest/services/STREETS/Streets_Permitting/MapServer/2","title":"Street light L022673"},"type":"Feature"},{"geometry":{"coordinates":[-90.25448929356389,38.700012036877084],"type":"Point"},"id":"stl-city-public-streetlights:2:129959","properties":{"address":null,"attributes":{"Date_Installed":"7/31/2017","LED_Powered":1,"LightID":"L022675","Light_Source":"LED","Light_Type":"Cobra","Lighting_Type":"LED-Powered Lamp","Verification_Date":null},"id":"stl-city-public-streetlights:2:129959","sourceLayerId":2,"sourceObjectId":129959,"sourceURL":"https://maps8.stlouis-mo.gov/arcgis/rest/services/STREETS/Streets_Permitting/MapServer/2","title":"Street light L022675"},"type":"Feature"},{"geometry":{"coordinates":[-90.25410653567054,38.700222322363615],"type":"Point"},"id":"stl-city-public-streetlights:2:129960","properties":{"address":null,"attributes":{"Date_Installed":"7/31/2017","LED_Powered":1,"LightID":"L022676","Light_Source":"LED","Light_Type":"Cobra","Lighting_Type":"LED-Powered Lamp","Verification_Date":null},"id":"stl-city-public-streetlights:2:129960","sourceLayerId":2,"sourceObjectId":129960,"sourceURL":"https://maps8.stlouis-mo.gov/arcgis/rest/services/STREETS/Streets_Permitting/MapServer/2","title":"Street light L022676"},"type":"Feature"},{"geometry":{"coordinates":[-90.2537430551744,38.70041605838027],"type":"Point"},"id":"stl-city-public-streetlights:2:129961","properties":{"address":null,"attributes":{"Date_Installed":"3/2/20","LED_Powered":1,"LightID":"L022677","Light_Source":"LED","Light_Type":"Cobra","Lighting_Type":"LED-Powered Lamp","Verification_Date":null},"id":"stl-city-public-streetlights:2:129961","sourceLayerId":2,"sourceObjectId":129961,"sourceURL":"https://maps8.stlouis-mo.gov/arcgis/rest/services/STREETS/Streets_Permitting/MapServer/2","title":"Street light L022677"},"type":"Feature"},{"geometry":{"coordinates":[-90.25338955027432,38.70060981339541],"type":"Point"},"id":"stl-city-public-streetlights:2:129962","properties":{"address":null,"attributes":{"Date_Installed":"3/2/20","LED_Powered":1,"LightID":"L022678","Light_Source":"LED","Light_Type":"Cobra","Lighting_Type":"LED-Powered Lamp","Verification_Date":null},"id":"stl-city-public-streetlights:2:129962","sourceLayerId":2,"sourceObjectId":129962,"sourceURL":"https://maps8.stlouis-mo.gov/arcgis/rest/services/STREETS/Streets_Permitting/MapServer/2","title":"Street light L022678"},"type":"Feature"},{"geometry":{"coordinates":[-90.25303602379212,38.70080928877596],"type":"Point"},"id":"stl-city-public-streetlights:2:129963","properties":{"address":null,"attributes":{"Date_Installed":"3/2/20","LED_Powered":1,"LightID":"L022679","Light_Source":"LED","Light_Type":"Cobra","Lighting_Type":"LED-Powered Lamp","Verification_Date":null},"id":"stl-city-public-streetlights:2:129963","sourceLayerId":2,"sourceObjectId":129963,"sourceURL":"https://maps8.stlouis-mo.gov/arcgis/rest/services/STREETS/Streets_Permitting/MapServer/2","title":"Street light L022679"},"type":"Feature"},{"geometry":{"coordinates":[-90.25269958731742,38.70099163655915],"type":"Point"},"id":"stl-city-public-streetlights:2:129964","properties":{"address":null,"attributes":{"Date_Installed":"3/2/20","LED_Powered":1,"LightID":"L022680","Light_Source":"LED","Light_Type":"Cobra","Lighting_Type":"LED-Powered Lamp","Verification_Date":null},"id":"stl-city-public-streetlights:2:129964","sourceLayerId":2,"sourceObjectId":129964,"sourceURL":"https://maps8.stlouis-mo.gov/arcgis/rest/services/STREETS/Streets_Permitting/MapServer/2","title":"Street light L022680"},"type":"Feature"},{"geometry":{"coordinates":[-90.25235803969213,38.70117378245712],"type":"Point"},"id":"stl-city-public-streetlights:2:129965","properties":{"address":null,"attributes":{"Date_Installed":"3/2/20","LED_Powered":1,"LightID":"L022681","Light_Source":"LED","Light_Type":"Cobra","Lighting_Type":"LED-Powered Lamp","Verification_Date":null},"id":"stl-city-public-streetlights:2:129965","sourceLayerId":2,"sourceObjectId":129965,"sourceURL":"https://maps8.stlouis-mo.gov/arcgis/rest/services/STREETS/Streets_Permitting/MapServer/2","title":"Street light L022681"},"type":"Feature"},{"geometry":{"coordinates":[-90.25197040101533,38.70138462261736],"type":"Point"},"id":"stl-city-public-streetlights:2:129966","properties":{"address":null,"attributes":{"Date_Installed":"3/2/20","LED_Powered":1,"LightID":"L022682","Light_Source":"LED","Light_Type":"Cobra","Lighting_Type":"LED-Powered Lamp","Verification_Date":null},"id":"stl-city-public-streetlights:2:129966","sourceLayerId":2,"sourceObjectId":129966,"sourceURL":"https://maps8.stlouis-mo.gov/arcgis/rest/services/STREETS/Streets_Permitting/MapServer/2","title":"Street light L022682"},"type":"Feature"},{"geometry":{"coordinates":[-90.2516350333067,38.701564527295155],"type":"Point"},"id":"stl-city-public-streetlights:2:129967","properties":{"address":null,"attributes":{"Date_Installed":"3/2/20","LED_Powered":1,"LightID":"L022683","Light_Source":"LED","Light_Type":"Cobra","Lighting_Type":"LED-Powered Lamp","Verification_Date":null},"id":"stl-city-public-streetlights:2:129967","sourceLayerId":2,"sourceObjectId":129967,"sourceURL":"https://maps8.stlouis-mo.gov/arcgis/rest/services/STREETS/Streets_Permitting/MapServer/2","title":"Street light L022683"},"type":"Feature"},{"geometry":{"coordinates":[-90.251268256469,38.70176641142878],"type":"Point"},"id":"stl-city-public-streetlights:2:129968","properties":{"address":null,"attributes":{"Date_Installed":null,"LED_Powered":0,"LightID":"L022684","Light_Source":"LED","Light_Type":"Cobra","Lighting_Type":"LED-Powered Lamp","Verification_Date":null},"id":"stl-city-public-streetlights:2:129968","sourceLayerId":2,"sourceObjectId":129968,"sourceURL":"https://maps8.stlouis-mo.gov/arcgis/rest/services/STREETS/Streets_Permitting/MapServer/2","title":"Street light L022684"},"type":"Feature"},{"geometry":{"coordinates":[-90.25092448435518,38.70195636620913],"type":"Point"},"id":"stl-city-public-streetlights:2:129969","properties":{"address":null,"attributes":{"Date_Installed":null,"LED_Powered":0,"LightID":"L022685","Light_Source":"LED","Light_Type":"Cobra","Lighting_Type":"LED-Powered Lamp","Verification_Date":null},"id":"stl-city-public-streetlights:2:129969","sourceLayerId":2,"sourceObjectId":129969,"sourceURL":"https://maps8.stlouis-mo.gov/arcgis/rest/services/STREETS/Streets_Permitting/MapServer/2","title":"Street light L022685"},"type":"Feature"},{"geometry":{"coordinates":[-90.25054294122481,38.70216111292437],"type":"Point"},"id":"stl-city-public-streetlights:2:129970","properties":{"address":null,"attributes":{"Date_Installed":null,"LED_Powered":0,"LightID":"L022686","Light_Source":"LED","Light_Type":"Cobra","Lighting_Type":"LED-Powered Lamp","Verification_Date":null},"id":"stl-city-public-streetlights:2:129970","sourceLayerId":2,"sourceObjectId":129970,"sourceURL":"https://maps8.stlouis-mo.gov/arcgis/rest/services/STREETS/Streets_Permitting/MapServer/2","title":"Street light L022686"},"type":"Feature"},{"geometry":{"coordinates":[-90.25019427894881,38.70235677569418],"type":"Point"},"id":"stl-city-public-streetlights:2:129971","properties":{"address":null,"attributes":{"Date_Installed":null,"LED_Powered":0,"LightID":"L022687","Light_Source":"LED","Light_Type":"Cobra","Lighting_Type":"LED-Powered Lamp","Verification_Date":null},"id":"stl-city-public-streetlights:2:129971","sourceLayerId":2,"sourceObjectId":129971,"sourceURL":"https://maps8.stlouis-mo.gov/arcgis/rest/services/STREETS/Streets_Permitting/MapServer/2","title":"Street light L022687"},"type":"Feature"},{"geometry":{"coordinates":[-90.25203163476591,38.700177674303546],"type":"Point"},"id":"stl-city-public-streetlights:2:129983","properties":{"address":null,"attributes":{"Date_Installed":"3/2/20","LED_Powered":1,"LightID":"L022699","Light_Source":"LED","Light_Type":"Cobra","Lighting_Type":"LED-Powered Lamp","Verification_Date":null},"id":"stl-city-public-streetlights:2:129983","sourceLayerId":2,"sourceObjectId":129983,"sourceURL":"https://maps8.stlouis-mo.gov/arcgis/rest/services/STREETS/Streets_Permitting/MapServer/2","title":"Street light L022699"},"type":"Feature"},{"geometry":{"coordinates":[-90.2516552804992,38.70038091053877],"type":"Point"},"id":"stl-city-public-streetlights:2:129984","properties":{"address":null,"attributes":{"Date_Installed":"3/2/20","LED_Powered":1,"LightID":"L022700","Light_Source":"LED","Light_Type":"Cobra","Lighting_Type":"LED-Powered Lamp","Verification_Date":null},"id":"stl-city-public-streetlights:2:129984","sourceLayerId":2,"sourceObjectId":129984,"sourceURL":"https://maps8.stlouis-mo.gov/arcgis/rest/services/STREETS/Streets_Permitting/MapServer/2","title":"Street light L022700"},"type":"Feature"},{"geometry":{"coordinates":[-90.25130971802383,38.700563235854155],"type":"Point"},"id":"stl-city-public-streetlights:2:129985","properties":{"address":null,"attributes":{"Date_Installed":"3/2/20","LED_Powered":1,"LightID":"L022701","Light_Source":"LED","Light_Type":"Cobra","Lighting_Type":"LED-Powered Lamp","Verification_Date":null},"id":"stl-city-public-streetlights:2:129985","sourceLayerId":2,"sourceObjectId":129985,"sourceURL":"https://maps8.stlouis-mo.gov/arcgis/rest/services/STREETS/Streets_Permitting/MapServer/2","title":"Street light L022701"},"type":"Feature"},{"geometry":{"coordinates":[-90.25094027762285,38.700766961038795],"type":"Point"},"id":"stl-city-public-streetlights:2:129986","properties":{"address":null,"attributes":{"Date_Installed":"3/2/20","LED_Powered":1,"LightID":"L022702","Light_Source":"LED","Light_Type":"Cobra","Lighting_Type":"LED-Powered Lamp","Verification_Date":null},"id":"stl-city-public-streetlights:2:129986","sourceLayerId":2,"sourceObjectId":129986,"sourceURL":"https://maps8.stlouis-mo.gov/arcgis/rest/services/STREETS/Streets_Permitting/MapServer/2","title":"Street light L022702"},"type":"Feature"},{"geometry":{"coordinates":[-90.25060337468803,38.700950732389884],"type":"Point"},"id":"stl-city-public-streetlights:2:129987","properties":{"address":null,"attributes":{"Date_Installed":null,"LED_Powered":0,"LightID":"L022703","Light_Source":"LED","Light_Type":"Cobra","Lighting_Type":"LED-Powered Lamp","Verification_Date":null},"id":"stl-city-public-streetlights:2:129987","sourceLayerId":2,"sourceObjectId":129987,"sourceURL":"https://maps8.stlouis-mo.gov/arcgis/rest/services/STREETS/Streets_Permitting/MapServer/2","title":"Street light L022703"},"type":"Feature"},{"geometry":{"coordinates":[-90.25023247890147,38.7011565972109],"type":"Point"},"id":"stl-city-public-streetlights:2:129988","properties":{"address":null,"attributes":{"Date_Installed":null,"LED_Powered":0,"LightID":"L022704","Light_Source":"LED","Light_Type":"Cobra","Lighting_Type":"LED-Powered Lamp","Verification_Date":null},"id":"stl-city-public-streetlights:2:129988","sourceLayerId":2,"sourceObjectId":129988,"sourceURL":"https://maps8.stlouis-mo.gov/arcgis/rest/services/STREETS/Streets_Permitting/MapServer/2","title":"Street light L022704"},"type":"Feature"},{"geometry":{"coordinates":[-90.25794603679408,38.700127776691104],"type":"Point"},"id":"stl-city-public-streetlights:2:147622","properties":{"address":null,"attributes":{"Date_Installed":null,"LED_Powered":0,"LightID":"L040477","Light_Source":"High Pressure Sodium","Light_Type":"Decorative","Lighting_Type":"King Luminaire (Historic Light Fixtures)","Verification_Date":null},"id":"stl-city-public-streetlights:2:147622","sourceLayerId":2,"sourceObjectId":147622,"sourceURL":"https://maps8.stlouis-mo.gov/arcgis/rest/services/STREETS/Streets_Permitting/MapServer/2","title":"Street light L040477"},"type":"Feature"},{"geometry":{"coordinates":[-90.25750579275999,38.700384888353845],"type":"Point"},"id":"stl-city-public-streetlights:2:147623","properties":{"address":null,"attributes":{"Date_Installed":null,"LED_Powered":0,"LightID":"L040478","Light_Source":"High Pressure Sodium","Light_Type":"Decorative","Lighting_Type":"King Luminaire (Historic Light Fixtures)","Verification_Date":null},"id":"stl-city-public-streetlights:2:147623","sourceLayerId":2,"sourceObjectId":147623,"sourceURL":"https://maps8.stlouis-mo.gov/arcgis/rest/services/STREETS/Streets_Permitting/MapServer/2","title":"Street light L040478"},"type":"Feature"},{"geometry":{"coordinates":[-90.25707754206381,38.700647742946366],"type":"Point"},"id":"stl-city-public-streetlights:2:147624","properties":{"address":null,"attributes":{"Date_Installed":null,"LED_Powered":0,"LightID":"L040479","Light_Source":"High Pressure Sodium","Light_Type":"Decorative","Lighting_Type":"King Twin Fixtures (Historic Light Fixtures)","Verification_Date":null},"id":"stl-city-public-streetlights:2:147624","sourceLayerId":2,"sourceObjectId":147624,"sourceURL":"https://maps8.stlouis-mo.gov/arcgis/rest/services/STREETS/Streets_Permitting/MapServer/2","title":"Street light L040479"},"type":"Feature"},{"geometry":{"coordinates":[-90.256663033424,38.7008935817048],"type":"Point"},"id":"stl-city-public-streetlights:2:147625","properties":{"address":null,"attributes":{"Date_Installed":null,"LED_Powered":0,"LightID":"L040480","Light_Source":"High Pressure Sodium","Light_Type":"Decorative","Lighting_Type":"King Luminaire (Historic Light Fixtures)","Verification_Date":null},"id":"stl-city-public-streetlights:2:147625","sourceLayerId":2,"sourceObjectId":147625,"sourceURL":"https://maps8.stlouis-mo.gov/arcgis/rest/services/STREETS/Streets_Permitting/MapServer/2","title":"Street light L040480"},"type":"Feature"},{"geometry":{"coordinates":[-90.25630655404666,38.70111379638077],"type":"Point"},"id":"stl-city-public-streetlights:2:147626","properties":{"address":null,"attributes":{"Date_Installed":null,"LED_Powered":0,"LightID":"L040481","Light_Source":"High Pressure Sodium","Light_Type":"Decorative","Lighting_Type":"King Twin Fixtures (Historic Light Fixtures)","Verification_Date":null},"id":"stl-city-public-streetlights:2:147626","sourceLayerId":2,"sourceObjectId":147626,"sourceURL":"https://maps8.stlouis-mo.gov/arcgis/rest/services/STREETS/Streets_Permitting/MapServer/2","title":"Street light L040481"},"type":"Feature"},{"geometry":{"coordinates":[-90.25585396150055,38.701376596619966],"type":"Point"},"id":"stl-city-public-streetlights:2:147627","properties":{"address":null,"attributes":{"Date_Installed":null,"LED_Powered":0,"LightID":"L040482","Light_Source":"High Pressure Sodium","Light_Type":"Decorative","Lighting_Type":"King Luminaire (Historic Light Fixtures)","Verification_Date":null},"id":"stl-city-public-streetlights:2:147627","sourceLayerId":2,"sourceObjectId":147627,"sourceURL":"https://maps8.stlouis-mo.gov/arcgis/rest/services/STREETS/Streets_Permitting/MapServer/2","title":"Street light L040482"},"type":"Feature"},{"geometry":{"coordinates":[-90.25548056400041,38.70160583177716],"type":"Point"},"id":"stl-city-public-streetlights:2:147628","properties":{"address":null,"attributes":{"Date_Installed":null,"LED_Powered":0,"LightID":"L040483","Light_Source":"High Pressure Sodium","Light_Type":"Decorative","Lighting_Type":"King Twin Fixtures (Historic Light Fixtures)","Verification_Date":null},"id":"stl-city-public-streetlights:2:147628","sourceLayerId":2,"sourceObjectId":147628,"sourceURL":"https://maps8.stlouis-mo.gov/arcgis/rest/services/STREETS/Streets_Permitting/MapServer/2","title":"Street light L040483"},"type":"Feature"},{"geometry":{"coordinates":[-90.25505137279869,38.70187249123545],"type":"Point"},"id":"stl-city-public-streetlights:2:147629","properties":{"address":null,"attributes":{"Date_Installed":null,"LED_Powered":0,"LightID":"L040484","Light_Source":"High Pressure Sodium","Light_Type":"Decorative","Lighting_Type":"King Luminaire (Historic Light Fixtures)","Verification_Date":null},"id":"stl-city-public-streetlights:2:147629","sourceLayerId":2,"sourceObjectId":147629,"sourceURL":"https://maps8.stlouis-mo.gov/arcgis/rest/services/STREETS/Streets_Permitting/MapServer/2","title":"Street light L040484"},"type":"Feature"},{"geometry":{"coordinates":[-90.25464294833725,38.70211416443634],"type":"Point"},"id":"stl-city-public-streetlights:2:147630","properties":{"address":null,"attributes":{"Date_Installed":null,"LED_Powered":0,"LightID":"L040485","Light_Source":"High Pressure Sodium","Light_Type":"Decorative","Lighting_Type":"King Luminaire (Historic Light Fixtures)","Verification_Date":null},"id":"stl-city-public-streetlights:2:147630","sourceLayerId":2,"sourceObjectId":147630,"sourceURL":"https://maps8.stlouis-mo.gov/arcgis/rest/services/STREETS/Streets_Permitting/MapServer/2","title":"Street light L040485"},"type":"Feature"},{"geometry":{"coordinates":[-90.2542274848015,38.70236738239237],"type":"Point"},"id":"stl-city-public-streetlights:2:147631","properties":{"address":null,"attributes":{"Date_Installed":null,"LED_Powered":0,"LightID":"L040486","Light_Source":"High Pressure Sodium","Light_Type":"Decorative","Lighting_Type":"King Twin Fixtures (Historic Light Fixtures)","Verification_Date":null},"id":"stl-city-public-streetlights:2:147631","sourceLayerId":2,"sourceObjectId":147631,"sourceURL":"https://maps8.stlouis-mo.gov/arcgis/rest/services/STREETS/Streets_Permitting/MapServer/2","title":"Street light L040486"},"type":"Feature"},{"geometry":{"coordinates":[-90.25379049437596,38.702634686534815],"type":"Point"},"id":"stl-city-public-streetlights:2:147632","properties":{"address":null,"attributes":{"Date_Installed":null,"LED_Powered":0,"LightID":"L040487","Light_Source":"High Pressure Sodium","Light_Type":"Decorative","Lighting_Type":"King Luminaire (Historic Light Fixtures)","Verification_Date":null},"id":"stl-city-public-streetlights:2:147632","sourceLayerId":2,"sourceObjectId":147632,"sourceURL":"https://maps8.stlouis-mo.gov/arcgis/rest/services/STREETS/Streets_Permitting/MapServer/2","title":"Street light L040487"},"type":"Feature"},{"geometry":{"coordinates":[-90.25335190139879,38.70288963999388],"type":"Point"},"id":"stl-city-public-streetlights:2:147633","properties":{"address":null,"attributes":{"Date_Installed":null,"LED_Powered":0,"LightID":"L040488","Light_Source":"High Pressure Sodium","Light_Type":"Decorative","Lighting_Type":"King Twin Fixtures (Historic Light Fixtures)","Verification_Date":null},"id":"stl-city-public-streetlights:2:147633","sourceLayerId":2,"sourceObjectId":147633,"sourceURL":"https://maps8.stlouis-mo.gov/arcgis/rest/services/STREETS/Streets_Permitting/MapServer/2","title":"Street light L040488"},"type":"Feature"},{"geometry":{"coordinates":[-90.25290452785313,38.70313182038828],"type":"Point"},"id":"stl-city-public-streetlights:2:147634","properties":{"address":null,"attributes":{"Date_Installed":null,"LED_Powered":0,"LightID":"L040489","Light_Source":"High Pressure Sodium","Light_Type":"Decorative","Lighting_Type":"King Luminaire (Historic Light Fixtures)","Verification_Date":null},"id":"stl-city-public-streetlights:2:147634","sourceLayerId":2,"sourceObjectId":147634,"sourceURL":"https://maps8.stlouis-mo.gov/arcgis/rest/services/STREETS/Streets_Permitting/MapServer/2","title":"Street light L040489"},"type":"Feature"},{"geometry":{"coordinates":[-90.25237226657167,38.703423279413215],"type":"Point"},"id":"stl-city-public-streetlights:2:147635","properties":{"address":null,"attributes":{"Date_Installed":null,"LED_Powered":0,"LightID":"L040490","Light_Source":"High Pressure Sodium","Light_Type":"Decorative","Lighting_Type":"King Twin Fixtures (Historic Light Fixtures)","Verification_Date":null},"id":"stl-city-public-streetlights:2:147635","sourceLayerId":2,"sourceObjectId":147635,"sourceURL":"https://maps8.stlouis-mo.gov/arcgis/rest/services/STREETS/Streets_Permitting/MapServer/2","title":"Street light L040490"},"type":"Feature"},{"geometry":{"coordinates":[-90.2520111166825,38.70362321290143],"type":"Point"},"id":"stl-city-public-streetlights:2:147636","properties":{"address":null,"attributes":{"Date_Installed":null,"LED_Powered":0,"LightID":"L040491","Light_Source":"High Pressure Sodium","Light_Type":"Decorative","Lighting_Type":"King Luminaire (Historic Light Fixtures)","Verification_Date":null},"id":"stl-city-public-streetlights:2:147636","sourceLayerId":2,"sourceObjectId":147636,"sourceURL":"https://maps8.stlouis-mo.gov/arcgis/rest/services/STREETS/Streets_Permitting/MapServer/2","title":"Street light L040491"},"type":"Feature"},{"geometry":{"coordinates":[-90.25212279118362,38.70387610852915],"type":"Point"},"id":"stl-city-public-streetlights:2:147637","properties":{"address":null,"attributes":{"Date_Installed":null,"LED_Powered":0,"LightID":"L040492","Light_Source":"High Pressure Sodium","Light_Type":"Decorative","Lighting_Type":"King Luminaire (Historic Light Fixtures)","Verification_Date":null},"id":"stl-city-public-streetlights:2:147637","sourceLayerId":2,"sourceObjectId":147637,"sourceURL":"https://maps8.stlouis-mo.gov/arcgis/rest/services/STREETS/Streets_Permitting/MapServer/2","title":"Street light L040492"},"type":"Feature"},{"geometry":{"coordinates":[-90.25187633642257,38.704114658513696],"type":"Point"},"id":"stl-city-public-streetlights:2:147638","properties":{"address":null,"attributes":{"Date_Installed":null,"LED_Powered":0,"LightID":"L040493","Light_Source":"High Pressure Sodium","Light_Type":"Decorative","Lighting_Type":"King Twin Fixtures (Historic Light Fixtures)","Verification_Date":null},"id":"stl-city-public-streetlights:2:147638","sourceLayerId":2,"sourceObjectId":147638,"sourceURL":"https://maps8.stlouis-mo.gov/arcgis/rest/services/STREETS/Streets_Permitting/MapServer/2","title":"Street light L040493"},"type":"Feature"},{"geometry":{"coordinates":[-90.25157257174749,38.70443222307146],"type":"Point"},"id":"stl-city-public-streetlights:2:147639","properties":{"address":null,"attributes":{"Date_Installed":null,"LED_Powered":0,"LightID":"L040494","Light_Source":"High Pressure Sodium","Light_Type":"Decorative","Lighting_Type":"King Luminaire (Historic Light Fixtures)","Verification_Date":null},"id":"stl-city-public-streetlights:2:147639","sourceLayerId":2,"sourceObjectId":147639,"sourceURL":"https://maps8.stlouis-mo.gov/arcgis/rest/services/STREETS/Streets_Permitting/MapServer/2","title":"Street light L040494"},"type":"Feature"},{"geometry":{"coordinates":[-90.25124595179798,38.70476010461984],"type":"Point"},"id":"stl-city-public-streetlights:2:147640","properties":{"address":null,"attributes":{"Date_Installed":null,"LED_Powered":0,"LightID":"L040495","Light_Source":"High Pressure Sodium","Light_Type":"Decorative","Lighting_Type":"King Luminaire (Historic Light Fixtures)","Verification_Date":null},"id":"stl-city-public-streetlights:2:147640","sourceLayerId":2,"sourceObjectId":147640,"sourceURL":"https://maps8.stlouis-mo.gov/arcgis/rest/services/STREETS/Streets_Permitting/MapServer/2","title":"Street light L040495"},"type":"Feature"},{"geometry":{"coordinates":[-90.2509437357173,38.70506813498999],"type":"Point"},"id":"stl-city-public-streetlights:2:147641","properties":{"address":null,"attributes":{"Date_Installed":null,"LED_Powered":0,"LightID":"L040496","Light_Source":"High Pressure Sodium","Light_Type":"Decorative","Lighting_Type":"King Twin Fixtures (Historic Light Fixtures)","Verification_Date":null},"id":"stl-city-public-streetlights:2:147641","sourceLayerId":2,"sourceObjectId":147641,"sourceURL":"https://maps8.stlouis-mo.gov/arcgis/rest/services/STREETS/Streets_Permitting/MapServer/2","title":"Street light L040496"},"type":"Feature"},{"geometry":{"coordinates":[-90.25063664890725,38.70537591543993],"type":"Point"},"id":"stl-city-public-streetlights:2:147642","properties":{"address":null,"attributes":{"Date_Installed":null,"LED_Powered":0,"LightID":"L040497","Light_Source":"High Pressure Sodium","Light_Type":"Decorative","Lighting_Type":"King Twin Fixtures (Historic Light Fixtures)","Verification_Date":null},"id":"stl-city-public-streetlights:2:147642","sourceLayerId":2,"sourceObjectId":147642,"sourceURL":"https://maps8.stlouis-mo.gov/arcgis/rest/services/STREETS/Streets_Permitting/MapServer/2","title":"Street light L040497"},"type":"Feature"},{"geometry":{"coordinates":[-90.25032527227546,38.70569226767906],"type":"Point"},"id":"stl-city-public-streetlights:2:147643","properties":{"address":null,"attributes":{"Date_Installed":null,"LED_Powered":0,"LightID":"L040498","Light_Source":"High Pressure Sodium","Light_Type":"Decorative","Lighting_Type":"King Luminaire (Historic Light Fixtures)","Verification_Date":null},"id":"stl-city-public-streetlights:2:147643","sourceLayerId":2,"sourceObjectId":147643,"sourceURL":"https://maps8.stlouis-mo.gov/arcgis/rest/services/STREETS/Streets_Permitting/MapServer/2","title":"Street light L040498"},"type":"Feature"},{"geometry":{"coordinates":[-90.25008561099926,38.70594155507294],"type":"Point"},"id":"stl-city-public-streetlights:2:147644","properties":{"address":null,"attributes":{"Date_Installed":null,"LED_Powered":0,"LightID":"L040499","Light_Source":"High Pressure Sodium","Light_Type":"Decorative","Lighting_Type":"King Twin Fixtures (Historic Light Fixtures)","Verification_Date":null},"id":"stl-city-public-streetlights:2:147644","sourceLayerId":2,"sourceObjectId":147644,"sourceURL":"https://maps8.stlouis-mo.gov/arcgis/rest/services/STREETS/Streets_Permitting/MapServer/2","title":"Street light L040499"},"type":"Feature"},{"geometry":{"coordinates":[-90.25010709566587,38.706277822566015],"type":"Point"},"id":"stl-city-public-streetlights:2:147713","properties":{"address":null,"attributes":{"Date_Installed":null,"LED_Powered":0,"LightID":"L040568","Light_Source":"High Pressure Sodium","Light_Type":"Decorative","Lighting_Type":"King Luminaire (Historic Light Fixtures)","Verification_Date":null},"id":"stl-city-public-streetlights:2:147713","sourceLayerId":2,"sourceObjectId":147713,"sourceURL":"https://maps8.stlouis-mo.gov/arcgis/rest/services/STREETS/Streets_Permitting/MapServer/2","title":"Street light L040568"},"type":"Feature"},{"geometry":{"coordinates":[-90.25051064418078,38.70587500126803],"type":"Point"},"id":"stl-city-public-streetlights:2:147866","properties":{"address":null,"attributes":{"Date_Installed":null,"LED_Powered":0,"LightID":"L040721","Light_Source":"High Pressure Sodium","Light_Type":"Decorative","Lighting_Type":"King Luminaire (Historic Light Fixtures)","Verification_Date":null},"id":"stl-city-public-streetlights:2:147866","sourceLayerId":2,"sourceObjectId":147866,"sourceURL":"https://maps8.stlouis-mo.gov/arcgis/rest/services/STREETS/Streets_Permitting/MapServer/2","title":"Street light L040721"},"type":"Feature"},{"geometry":{"coordinates":[-90.25084155993997,38.70553847805543],"type":"Point"},"id":"stl-city-public-streetlights:2:147867","properties":{"address":null,"attributes":{"Date_Installed":null,"LED_Powered":0,"LightID":"L040722","Light_Source":"High Pressure Sodium","Light_Type":"Decorative","Lighting_Type":"King Luminaire (Historic Light Fixtures)","Verification_Date":null},"id":"stl-city-public-streetlights:2:147867","sourceLayerId":2,"sourceObjectId":147867,"sourceURL":"https://maps8.stlouis-mo.gov/arcgis/rest/services/STREETS/Streets_Permitting/MapServer/2","title":"Street light L040722"},"type":"Feature"},{"geometry":{"coordinates":[-90.2510686813994,38.705307278175596],"type":"Point"},"id":"stl-city-public-streetlights:2:147868","properties":{"address":null,"attributes":{"Date_Installed":null,"LED_Powered":0,"LightID":"L040723","Light_Source":"High Pressure Sodium","Light_Type":"Decorative","Lighting_Type":"King Luminaire (Historic Light Fixtures)","Verification_Date":null},"id":"stl-city-public-streetlights:2:147868","sourceLayerId":2,"sourceObjectId":147868,"sourceURL":"https://maps8.stlouis-mo.gov/arcgis/rest/services/STREETS/Streets_Permitting/MapServer/2","title":"Street light L040723"},"type":"Feature"},{"geometry":{"coordinates":[-90.25134763342413,38.7050272442012],"type":"Point"},"id":"stl-city-public-streetlights:2:147869","properties":{"address":null,"attributes":{"Date_Installed":null,"LED_Powered":0,"LightID":"L040724","Light_Source":"LED","Light_Type":"Decorative","Lighting_Type":"LED-Powered Lamp","Verification_Date":null},"id":"stl-city-public-streetlights:2:147869","sourceLayerId":2,"sourceObjectId":147869,"sourceURL":"https://maps8.stlouis-mo.gov/arcgis/rest/services/STREETS/Streets_Permitting/MapServer/2","title":"Street light L040724"},"type":"Feature"},{"geometry":{"coordinates":[-90.25162512903056,38.70473919763493],"type":"Point"},"id":"stl-city-public-streetlights:2:147870","properties":{"address":null,"attributes":{"Date_Installed":null,"LED_Powered":0,"LightID":"L040725","Light_Source":"High Pressure Sodium","Light_Type":"Decorative","Lighting_Type":"King Luminaire (Historic Light Fixtures)","Verification_Date":null},"id":"stl-city-public-streetlights:2:147870","sourceLayerId":2,"sourceObjectId":147870,"sourceURL":"https://maps8.stlouis-mo.gov/arcgis/rest/services/STREETS/Streets_Permitting/MapServer/2","title":"Street light L040725"},"type":"Feature"},{"geometry":{"coordinates":[-90.25204070404791,38.70431619245263],"type":"Point"},"id":"stl-city-public-streetlights:2:147871","properties":{"address":null,"attributes":{"Date_Installed":"4/23/2018","LED_Powered":1,"LightID":"L040726","Light_Source":"LED","Light_Type":"Cobra","Lighting_Type":"LED-Powered Lamp","Verification_Date":null},"id":"stl-city-public-streetlights:2:147871","sourceLayerId":2,"sourceObjectId":147871,"sourceURL":"https://maps8.stlouis-mo.gov/arcgis/rest/services/STREETS/Streets_Permitting/MapServer/2","title":"Street light L040726"},"type":"Feature"},{"geometry":{"coordinates":[-90.25221295345496,38.70414103024129],"type":"Point"},"id":"stl-city-public-streetlights:2:147872","properties":{"address":null,"attributes":{"Date_Installed":null,"LED_Powered":0,"LightID":"L040727","Light_Source":"High Pressure Sodium","Light_Type":"Decorative","Lighting_Type":"King Luminaire (Historic Light Fixtures)","Verification_Date":null},"id":"stl-city-public-streetlights:2:147872","sourceLayerId":2,"sourceObjectId":147872,"sourceURL":"https://maps8.stlouis-mo.gov/arcgis/rest/services/STREETS/Streets_Permitting/MapServer/2","title":"Street light L040727"},"type":"Feature"},{"geometry":{"coordinates":[-90.25261172086974,38.7037418372442],"type":"Point"},"id":"stl-city-public-streetlights:2:147873","properties":{"address":null,"attributes":{"Date_Installed":null,"LED_Powered":0,"LightID":"L040728","Light_Source":"High Pressure Sodium","Light_Type":"Decorative","Lighting_Type":"King Luminaire (Historic Light Fixtures)","Verification_Date":null},"id":"stl-city-public-streetlights:2:147873","sourceLayerId":2,"sourceObjectId":147873,"sourceURL":"https://maps8.stlouis-mo.gov/arcgis/rest/services/STREETS/Streets_Permitting/MapServer/2","title":"Street light L040728"},"type":"Feature"},{"geometry":{"coordinates":[-90.25284737719774,38.703502071003605],"type":"Point"},"id":"stl-city-public-streetlights:2:147874","properties":{"address":null,"attributes":{"Date_Installed":null,"LED_Powered":0,"LightID":"L040729","Light_Source":"High Pressure Sodium","Light_Type":"Decorative","Lighting_Type":"King Luminaire (Historic Light Fixtures)","Verification_Date":null},"id":"stl-city-public-streetlights:2:147874","sourceLayerId":2,"sourceObjectId":147874,"sourceURL":"https://maps8.stlouis-mo.gov/arcgis/rest/services/STREETS/Streets_Permitting/MapServer/2","title":"Street light L040729"},"type":"Feature"},{"geometry":{"coordinates":[-90.25328516107871,38.70321887248668],"type":"Point"},"id":"stl-city-public-streetlights:2:147875","properties":{"address":null,"attributes":{"Date_Installed":null,"LED_Powered":0,"LightID":"L040730","Light_Source":"High Pressure Sodium","Light_Type":"Decorative","Lighting_Type":"King Luminaire (Historic Light Fixtures)","Verification_Date":null},"id":"stl-city-public-streetlights:2:147875","sourceLayerId":2,"sourceObjectId":147875,"sourceURL":"https://maps8.stlouis-mo.gov/arcgis/rest/services/STREETS/Streets_Permitting/MapServer/2","title":"Street light L040730"},"type":"Feature"},{"geometry":{"coordinates":[-90.25374818729753,38.702935924567065],"type":"Point"},"id":"stl-city-public-streetlights:2:147876","properties":{"address":null,"attributes":{"Date_Installed":null,"LED_Powered":0,"LightID":"L040731","Light_Source":"High Pressure Sodium","Light_Type":"Decorative","Lighting_Type":"King Luminaire (Historic Light Fixtures)","Verification_Date":null},"id":"stl-city-public-streetlights:2:147876","sourceLayerId":2,"sourceObjectId":147876,"sourceURL":"https://maps8.stlouis-mo.gov/arcgis/rest/services/STREETS/Streets_Permitting/MapServer/2","title":"Street light L040731"},"type":"Feature"},{"geometry":{"coordinates":[-90.2541490054382,38.70269721685103],"type":"Point"},"id":"stl-city-public-streetlights:2:147877","properties":{"address":null,"attributes":{"Date_Installed":null,"LED_Powered":0,"LightID":"L040732","Light_Source":"High Pressure Sodium","Light_Type":"Decorative","Lighting_Type":"King Luminaire (Historic Light Fixtures)","Verification_Date":null},"id":"stl-city-public-streetlights:2:147877","sourceLayerId":2,"sourceObjectId":147877,"sourceURL":"https://maps8.stlouis-mo.gov/arcgis/rest/services/STREETS/Streets_Permitting/MapServer/2","title":"Street light L040732"},"type":"Feature"},{"geometry":{"coordinates":[-90.25458412902827,38.70243260108286],"type":"Point"},"id":"stl-city-public-streetlights:2:147878","properties":{"address":null,"attributes":{"Date_Installed":null,"LED_Powered":0,"LightID":"L040733","Light_Source":"High Pressure Sodium","Light_Type":"Decorative","Lighting_Type":"King Luminaire (Historic Light Fixtures)","Verification_Date":null},"id":"stl-city-public-streetlights:2:147878","sourceLayerId":2,"sourceObjectId":147878,"sourceURL":"https://maps8.stlouis-mo.gov/arcgis/rest/services/STREETS/Streets_Permitting/MapServer/2","title":"Street light L040733"},"type":"Feature"},{"geometry":{"coordinates":[-90.25510992223121,38.70211549465321],"type":"Point"},"id":"stl-city-public-streetlights:2:147879","properties":{"address":null,"attributes":{"Date_Installed":null,"LED_Powered":0,"LightID":"L040734","Light_Source":"High Pressure Sodium","Light_Type":"Decorative","Lighting_Type":"King Luminaire (Historic Light Fixtures)","Verification_Date":null},"id":"stl-city-public-streetlights:2:147879","sourceLayerId":2,"sourceObjectId":147879,"sourceURL":"https://maps8.stlouis-mo.gov/arcgis/rest/services/STREETS/Streets_Permitting/MapServer/2","title":"Street light L040734"},"type":"Feature"},{"geometry":{"coordinates":[-90.25545768114678,38.70191278394521],"type":"Point"},"id":"stl-city-public-streetlights:2:147880","properties":{"address":null,"attributes":{"Date_Installed":null,"LED_Powered":0,"LightID":"L040735","Light_Source":"High Pressure Sodium","Light_Type":"Decorative","Lighting_Type":"King Luminaire (Historic Light Fixtures)","Verification_Date":null},"id":"stl-city-public-streetlights:2:147880","sourceLayerId":2,"sourceObjectId":147880,"sourceURL":"https://maps8.stlouis-mo.gov/arcgis/rest/services/STREETS/Streets_Permitting/MapServer/2","title":"Street light L040735"},"type":"Feature"},{"geometry":{"coordinates":[-90.25567252586119,38.7017774641465],"type":"Point"},"id":"stl-city-public-streetlights:2:147881","properties":{"address":null,"attributes":{"Date_Installed":null,"LED_Powered":0,"LightID":"L040736","Light_Source":"High Pressure Sodium","Light_Type":"Decorative","Lighting_Type":"King Twin Fixtures (Historic Light Fixtures)","Verification_Date":null},"id":"stl-city-public-streetlights:2:147881","sourceLayerId":2,"sourceObjectId":147881,"sourceURL":"https://maps8.stlouis-mo.gov/arcgis/rest/services/STREETS/Streets_Permitting/MapServer/2","title":"Street light L040736"},"type":"Feature"},{"geometry":{"coordinates":[-90.25590514182657,38.70164020271392],"type":"Point"},"id":"stl-city-public-streetlights:2:147882","properties":{"address":null,"attributes":{"Date_Installed":null,"LED_Powered":0,"LightID":"L040737","Light_Source":"High Pressure Sodium","Light_Type":"Decorative","Lighting_Type":"King Luminaire (Historic Light Fixtures)","Verification_Date":null},"id":"stl-city-public-streetlights:2:147882","sourceLayerId":2,"sourceObjectId":147882,"sourceURL":"https://maps8.stlouis-mo.gov/arcgis/rest/services/STREETS/Streets_Permitting/MapServer/2","title":"Street light L040737"},"type":"Feature"},{"geometry":{"coordinates":[-90.25644036838511,38.70131881994598],"type":"Point"},"id":"stl-city-public-streetlights:2:147883","properties":{"address":null,"attributes":{"Date_Installed":null,"LED_Powered":0,"LightID":"L040738","Light_Source":"High Pressure Sodium","Light_Type":"Decorative","Lighting_Type":"King Luminaire (Historic Light Fixtures)","Verification_Date":null},"id":"stl-city-public-streetlights:2:147883","sourceLayerId":2,"sourceObjectId":147883,"sourceURL":"https://maps8.stlouis-mo.gov/arcgis/rest/services/STREETS/Streets_Permitting/MapServer/2","title":"Street light L040738"},"type":"Feature"},{"geometry":{"coordinates":[-90.25675889497793,38.70112283707707],"type":"Point"},"id":"stl-city-public-streetlights:2:147884","properties":{"address":null,"attributes":{"Date_Installed":null,"LED_Powered":0,"LightID":"L040739","Light_Source":"High Pressure Sodium","Light_Type":"Decorative","Lighting_Type":"King Luminaire (Historic Light Fixtures)","Verification_Date":null},"id":"stl-city-public-streetlights:2:147884","sourceLayerId":2,"sourceObjectId":147884,"sourceURL":"https://maps8.stlouis-mo.gov/arcgis/rest/services/STREETS/Streets_Permitting/MapServer/2","title":"Street light L040739"},"type":"Feature"},{"geometry":{"coordinates":[-90.25709161330145,38.70092206760909],"type":"Point"},"id":"stl-city-public-streetlights:2:147885","properties":{"address":null,"attributes":{"Date_Installed":null,"LED_Powered":0,"LightID":"L040740","Light_Source":"High Pressure Sodium","Light_Type":"Decorative","Lighting_Type":"King Luminaire (Historic Light Fixtures)","Verification_Date":null},"id":"stl-city-public-streetlights:2:147885","sourceLayerId":2,"sourceObjectId":147885,"sourceURL":"https://maps8.stlouis-mo.gov/arcgis/rest/services/STREETS/Streets_Permitting/MapServer/2","title":"Street light L040740"},"type":"Feature"},{"geometry":{"coordinates":[-90.25761825633451,38.70060786049969],"type":"Point"},"id":"stl-city-public-streetlights:2:147886","properties":{"address":null,"attributes":{"Date_Installed":null,"LED_Powered":0,"LightID":"L040741","Light_Source":"High Pressure Sodium","Light_Type":"Decorative","Lighting_Type":"King Luminaire (Historic Light Fixtures)","Verification_Date":null},"id":"stl-city-public-streetlights:2:147886","sourceLayerId":2,"sourceObjectId":147886,"sourceURL":"https://maps8.stlouis-mo.gov/arcgis/rest/services/STREETS/Streets_Permitting/MapServer/2","title":"Street light L040741"},"type":"Feature"},{"geometry":{"coordinates":[-90.25800077196963,38.70037696890332],"type":"Point"},"id":"stl-city-public-streetlights:2:147887","properties":{"address":null,"attributes":{"Date_Installed":null,"LED_Powered":0,"LightID":"L040742","Light_Source":"High Pressure Sodium","Light_Type":"Decorative","Lighting_Type":"King Luminaire (Historic Light Fixtures)","Verification_Date":null},"id":"stl-city-public-streetlights:2:147887","sourceLayerId":2,"sourceObjectId":147887,"sourceURL":"https://maps8.stlouis-mo.gov/arcgis/rest/services/STREETS/Streets_Permitting/MapServer/2","title":"Street light L040742"},"type":"Feature"},{"geometry":{"coordinates":[-90.2584201506023,38.700127797672515],"type":"Point"},"id":"stl-city-public-streetlights:2:147888","properties":{"address":null,"attributes":{"Date_Installed":null,"LED_Powered":0,"LightID":"L040743","Light_Source":"High Pressure Sodium","Light_Type":"Decorative","Lighting_Type":"King Luminaire (Historic Light Fixtures)","Verification_Date":null},"id":"stl-city-public-streetlights:2:147888","sourceLayerId":2,"sourceObjectId":147888,"sourceURL":"https://maps8.stlouis-mo.gov/arcgis/rest/services/STREETS/Streets_Permitting/MapServer/2","title":"Street light L040743"},"type":"Feature"},{"geometry":{"coordinates":[-90.25237151764284,38.7024786884731],"type":"Point"},"id":"stl-city-public-streetlights:2:149137","properties":{"address":null,"attributes":{"Date_Installed":null,"LED_Powered":0,"LightID":"L041993","Light_Source":"High Pressure Sodium","Light_Type":"Decorative","Lighting_Type":"Sterner/ELA (singlearm) (Historic Light Fixture)","Verification_Date":null},"id":"stl-city-public-streetlights:2:149137","sourceLayerId":2,"sourceObjectId":149137,"sourceURL":"https://maps8.stlouis-mo.gov/arcgis/rest/services/STREETS/Streets_Permitting/MapServer/2","title":"Street light L041993"},"type":"Feature"},{"geometry":{"coordinates":[-90.25258943080786,38.70262013829539],"type":"Point"},"id":"stl-city-public-streetlights:2:149138","properties":{"address":null,"attributes":{"Date_Installed":null,"LED_Powered":0,"LightID":"L041994","Light_Source":"High Pressure Sodium","Light_Type":"Decorative","Lighting_Type":"Sterner/ELA (singlearm) (Historic Light Fixture)","Verification_Date":null},"id":"stl-city-public-streetlights:2:149138","sourceLayerId":2,"sourceObjectId":149138,"sourceURL":"https://maps8.stlouis-mo.gov/arcgis/rest/services/STREETS/Streets_Permitting/MapServer/2","title":"Street light L041994"},"type":"Feature"},{"geometry":{"coordinates":[-90.25275729636039,38.70280939248161],"type":"Point"},"id":"stl-city-public-streetlights:2:149139","properties":{"address":null,"attributes":{"Date_Installed":null,"LED_Powered":0,"LightID":"L041995","Light_Source":"High Pressure Sodium","Light_Type":"Decorative","Lighting_Type":"Sterner/ELA (singlearm) (Historic Light Fixture)","Verification_Date":null},"id":"stl-city-public-streetlights:2:149139","sourceLayerId":2,"sourceObjectId":149139,"sourceURL":"https://maps8.stlouis-mo.gov/arcgis/rest/services/STREETS/Streets_Permitting/MapServer/2","title":"Street light L041995"},"type":"Feature"},{"geometry":{"coordinates":[-90.25300740940011,38.70296437774603],"type":"Point"},"id":"stl-city-public-streetlights:2:149140","properties":{"address":null,"attributes":{"Date_Installed":null,"LED_Powered":0,"LightID":"L041996","Light_Source":"High Pressure Sodium","Light_Type":"Decorative","Lighting_Type":"Sterner/ELA (singlearm) (Historic Light Fixture)","Verification_Date":null},"id":"stl-city-public-streetlights:2:149140","sourceLayerId":2,"sourceObjectId":149140,"sourceURL":"https://maps8.stlouis-mo.gov/arcgis/rest/services/STREETS/Streets_Permitting/MapServer/2","title":"Street light L041996"},"type":"Feature"},{"geometry":{"coordinates":[-90.25524177636127,38.70203979861843],"type":"Point"},"id":"stl-city-public-streetlights:2:152226","properties":{"address":null,"attributes":{"Date_Installed":"4/23/2018","LED_Powered":1,"LightID":"L045080","Light_Source":"LED","Light_Type":"Cobra","Lighting_Type":"LED-Powered Lamp","Verification_Date":null},"id":"stl-city-public-streetlights:2:152226","sourceLayerId":2,"sourceObjectId":152226,"sourceURL":"https://maps8.stlouis-mo.gov/arcgis/rest/services/STREETS/Streets_Permitting/MapServer/2","title":"Street light L045080"},"type":"Feature"},{"geometry":{"coordinates":[-90.25480287065909,38.70230002434526],"type":"Point"},"id":"stl-city-public-streetlights:2:152227","properties":{"address":null,"attributes":{"Date_Installed":"4/23/2018","LED_Powered":1,"LightID":"L045081","Light_Source":"LED","Light_Type":"Cobra","Lighting_Type":"LED-Powered Lamp","Verification_Date":null},"id":"stl-city-public-streetlights:2:152227","sourceLayerId":2,"sourceObjectId":152227,"sourceURL":"https://maps8.stlouis-mo.gov/arcgis/rest/services/STREETS/Streets_Permitting/MapServer/2","title":"Street light L045081"},"type":"Feature"},{"geometry":{"coordinates":[-90.25435971481497,38.70257439860713],"type":"Point"},"id":"stl-city-public-streetlights:2:152228","properties":{"address":null,"attributes":{"Date_Installed":"4/23/2018","LED_Powered":1,"LightID":"L045082","Light_Source":"LED","Light_Type":"Cobra","Lighting_Type":"LED-Powered Lamp","Verification_Date":null},"id":"stl-city-public-streetlights:2:152228","sourceLayerId":2,"sourceObjectId":152228,"sourceURL":"https://maps8.stlouis-mo.gov/arcgis/rest/services/STREETS/Streets_Permitting/MapServer/2","title":"Street light L045082"},"type":"Feature"},{"geometry":{"coordinates":[-90.25394092874251,38.70281950332729],"type":"Point"},"id":"stl-city-public-streetlights:2:152229","properties":{"address":null,"attributes":{"Date_Installed":"4/23/2018","LED_Powered":1,"LightID":"L045083","Light_Source":"LED","Light_Type":"Cobra","Lighting_Type":"LED-Powered Lamp","Verification_Date":null},"id":"stl-city-public-streetlights:2:152229","sourceLayerId":2,"sourceObjectId":152229,"sourceURL":"https://maps8.stlouis-mo.gov/arcgis/rest/services/STREETS/Streets_Permitting/MapServer/2","title":"Street light L045083"},"type":"Feature"},{"geometry":{"coordinates":[-90.25352941675278,38.70307177304813],"type":"Point"},"id":"stl-city-public-streetlights:2:152230","properties":{"address":null,"attributes":{"Date_Installed":"4/23/2018","LED_Powered":1,"LightID":"L045084","Light_Source":"LED","Light_Type":"Cobra","Lighting_Type":"LED-Powered Lamp","Verification_Date":null},"id":"stl-city-public-streetlights:2:152230","sourceLayerId":2,"sourceObjectId":152230,"sourceURL":"https://maps8.stlouis-mo.gov/arcgis/rest/services/STREETS/Streets_Permitting/MapServer/2","title":"Street light L045084"},"type":"Feature"},{"geometry":{"coordinates":[-90.25353989783105,38.703193818375595],"type":"Point"},"id":"stl-city-public-streetlights:2:152231","properties":{"address":null,"attributes":{"Date_Installed":"5/1/2016","LED_Powered":1,"LightID":"L045085","Light_Source":"LED","Light_Type":"Cobra","Lighting_Type":"LED-Powered Lamp","Verification_Date":null},"id":"stl-city-public-streetlights:2:152231","sourceLayerId":2,"sourceObjectId":152231,"sourceURL":"https://maps8.stlouis-mo.gov/arcgis/rest/services/STREETS/Streets_Permitting/MapServer/2","title":"Street light L045085"},"type":"Feature"},{"geometry":{"coordinates":[-90.25312647266819,38.703308328236886],"type":"Point"},"id":"stl-city-public-streetlights:2:152232","properties":{"address":null,"attributes":{"Date_Installed":"4/23/2018","LED_Powered":1,"LightID":"L045086","Light_Source":"LED","Light_Type":"Cobra","Lighting_Type":"LED-Powered Lamp","Verification_Date":null},"id":"stl-city-public-streetlights:2:152232","sourceLayerId":2,"sourceObjectId":152232,"sourceURL":"https://maps8.stlouis-mo.gov/arcgis/rest/services/STREETS/Streets_Permitting/MapServer/2","title":"Street light L045086"},"type":"Feature"},{"geometry":{"coordinates":[-90.25272843528084,38.70362092752964],"type":"Point"},"id":"stl-city-public-streetlights:2:152233","properties":{"address":null,"attributes":{"Date_Installed":"4/23/2018","LED_Powered":1,"LightID":"L045087","Light_Source":"LED","Light_Type":"Cobra","Lighting_Type":"LED-Powered Lamp","Verification_Date":null},"id":"stl-city-public-streetlights:2:152233","sourceLayerId":2,"sourceObjectId":152233,"sourceURL":"https://maps8.stlouis-mo.gov/arcgis/rest/services/STREETS/Streets_Permitting/MapServer/2","title":"Street light L045087"},"type":"Feature"},{"geometry":{"coordinates":[-90.25238564932692,38.7039645110901],"type":"Point"},"id":"stl-city-public-streetlights:2:152234","properties":{"address":null,"attributes":{"Date_Installed":"4/23/2018","LED_Powered":1,"LightID":"L045088","Light_Source":"LED","Light_Type":"Cobra","Lighting_Type":"LED-Powered Lamp","Verification_Date":null},"id":"stl-city-public-streetlights:2:152234","sourceLayerId":2,"sourceObjectId":152234,"sourceURL":"https://maps8.stlouis-mo.gov/arcgis/rest/services/STREETS/Streets_Permitting/MapServer/2","title":"Street light L045088"},"type":"Feature"},{"geometry":{"coordinates":[-90.2519156828576,38.704441175634535],"type":"Point"},"id":"stl-city-public-streetlights:2:152235","properties":{"address":null,"attributes":{"Date_Installed":"4/23/2018","LED_Powered":1,"LightID":"L045089","Light_Source":"LED","Light_Type":"Cobra","Lighting_Type":"LED-Powered Lamp","Verification_Date":null},"id":"stl-city-public-streetlights:2:152235","sourceLayerId":2,"sourceObjectId":152235,"sourceURL":"https://maps8.stlouis-mo.gov/arcgis/rest/services/STREETS/Streets_Permitting/MapServer/2","title":"Street light L045089"},"type":"Feature"},{"geometry":{"coordinates":[-90.25168624731249,38.70468153422887],"type":"Point"},"id":"stl-city-public-streetlights:2:152236","properties":{"address":null,"attributes":{"Date_Installed":"4/23/2018","LED_Powered":1,"LightID":"L045090","Light_Source":"LED","Light_Type":"Cobra","Lighting_Type":"LED-Powered Lamp","Verification_Date":null},"id":"stl-city-public-streetlights:2:152236","sourceLayerId":2,"sourceObjectId":152236,"sourceURL":"https://maps8.stlouis-mo.gov/arcgis/rest/services/STREETS/Streets_Permitting/MapServer/2","title":"Street light L045090"},"type":"Feature"},{"geometry":{"coordinates":[-90.25134874719507,38.70502433943224],"type":"Point"},"id":"stl-city-public-streetlights:2:152237","properties":{"address":null,"attributes":{"Date_Installed":null,"LED_Powered":0,"LightID":"L045091","Light_Source":"LED","Light_Type":"Cobra","Lighting_Type":"LED-Powered Lamp","Verification_Date":null},"id":"stl-city-public-streetlights:2:152237","sourceLayerId":2,"sourceObjectId":152237,"sourceURL":"https://maps8.stlouis-mo.gov/arcgis/rest/services/STREETS/Streets_Permitting/MapServer/2","title":"Street light L045091"},"type":"Feature"},{"geometry":{"coordinates":[-90.2510002280016,38.70537260112287],"type":"Point"},"id":"stl-city-public-streetlights:2:152238","properties":{"address":null,"attributes":{"Date_Installed":"4/23/2018","LED_Powered":1,"LightID":"L045092","Light_Source":"LED","Light_Type":"Cobra","Lighting_Type":"LED-Powered Lamp","Verification_Date":null},"id":"stl-city-public-streetlights:2:152238","sourceLayerId":2,"sourceObjectId":152238,"sourceURL":"https://maps8.stlouis-mo.gov/arcgis/rest/services/STREETS/Streets_Permitting/MapServer/2","title":"Street light L045092"},"type":"Feature"},{"geometry":{"coordinates":[-90.25066311871859,38.70571917080593],"type":"Point"},"id":"stl-city-public-streetlights:2:152239","properties":{"address":null,"attributes":{"Date_Installed":"4/23/2018","LED_Powered":1,"LightID":"L045093","Light_Source":"LED","Light_Type":"Cobra","Lighting_Type":"LED-Powered Lamp","Verification_Date":null},"id":"stl-city-public-streetlights:2:152239","sourceLayerId":2,"sourceObjectId":152239,"sourceURL":"https://maps8.stlouis-mo.gov/arcgis/rest/services/STREETS/Streets_Permitting/MapServer/2","title":"Street light L045093"},"type":"Feature"},{"geometry":{"coordinates":[-90.25031949853994,38.70606977774456],"type":"Point"},"id":"stl-city-public-streetlights:2:152240","properties":{"address":null,"attributes":{"Date_Installed":"4/23/2018","LED_Powered":1,"LightID":"L045094","Light_Source":"LED","Light_Type":"Cobra","Lighting_Type":"LED-Powered Lamp","Verification_Date":null},"id":"stl-city-public-streetlights:2:152240","sourceLayerId":2,"sourceObjectId":152240,"sourceURL":"https://maps8.stlouis-mo.gov/arcgis/rest/services/STREETS/Streets_Permitting/MapServer/2","title":"Street light L045094"},"type":"Feature"},{"geometry":{"coordinates":[-90.25015229718807,38.70586443278231],"type":"Point"},"id":"stl-city-public-streetlights:2:152245","properties":{"address":null,"attributes":{"Date_Installed":null,"LED_Powered":0,"LightID":"L045099","Light_Source":"LED","Light_Type":"Cobra","Lighting_Type":"LED-Powered Lamp","Verification_Date":null},"id":"stl-city-public-streetlights:2:152245","sourceLayerId":2,"sourceObjectId":152245,"sourceURL":"https://maps8.stlouis-mo.gov/arcgis/rest/services/STREETS/Streets_Permitting/MapServer/2","title":"Street light L045099"},"type":"Feature"},{"geometry":{"coordinates":[-90.2504592452709,38.705562373020804],"type":"Point"},"id":"stl-city-public-streetlights:2:152246","properties":{"address":null,"attributes":{"Date_Installed":null,"LED_Powered":0,"LightID":"L045100","Light_Source":"LED","Light_Type":"Cobra","Lighting_Type":"LED-Powered Lamp","Verification_Date":null},"id":"stl-city-public-streetlights:2:152246","sourceLayerId":2,"sourceObjectId":152246,"sourceURL":"https://maps8.stlouis-mo.gov/arcgis/rest/services/STREETS/Streets_Permitting/MapServer/2","title":"Street light L045100"},"type":"Feature"},{"geometry":{"coordinates":[-90.25077306788725,38.705242212208105],"type":"Point"},"id":"stl-city-public-streetlights:2:152247","properties":{"address":null,"attributes":{"Date_Installed":null,"LED_Powered":0,"LightID":"L045101","Light_Source":"LED","Light_Type":"Cobra","Lighting_Type":"LED-Powered Lamp","Verification_Date":null},"id":"stl-city-public-streetlights:2:152247","sourceLayerId":2,"sourceObjectId":152247,"sourceURL":"https://maps8.stlouis-mo.gov/arcgis/rest/services/STREETS/Streets_Permitting/MapServer/2","title":"Street light L045101"},"type":"Feature"},{"geometry":{"coordinates":[-90.25109357772546,38.70492273231843],"type":"Point"},"id":"stl-city-public-streetlights:2:152248","properties":{"address":null,"attributes":{"Date_Installed":"3/1/2018","LED_Powered":1,"LightID":"L045102","Light_Source":"LED","Light_Type":"Cobra","Lighting_Type":"LED-Powered Lamp","Verification_Date":null},"id":"stl-city-public-streetlights:2:152248","sourceLayerId":2,"sourceObjectId":152248,"sourceURL":"https://maps8.stlouis-mo.gov/arcgis/rest/services/STREETS/Streets_Permitting/MapServer/2","title":"Street light L045102"},"type":"Feature"},{"geometry":{"coordinates":[-90.25142131894665,38.70458753574748],"type":"Point"},"id":"stl-city-public-streetlights:2:152249","properties":{"address":null,"attributes":{"Date_Installed":"3/1/2018","LED_Powered":1,"LightID":"L045103","Light_Source":"LED","Light_Type":"Cobra","Lighting_Type":"LED-Powered Lamp","Verification_Date":null},"id":"stl-city-public-streetlights:2:152249","sourceLayerId":2,"sourceObjectId":152249,"sourceURL":"https://maps8.stlouis-mo.gov/arcgis/rest/services/STREETS/Streets_Permitting/MapServer/2","title":"Street light L045103"},"type":"Feature"},{"geometry":{"coordinates":[-90.25172049615084,38.704277733738756],"type":"Point"},"id":"stl-city-public-streetlights:2:152250","properties":{"address":null,"attributes":{"Date_Installed":"3/1/2018","LED_Powered":1,"LightID":"L045104","Light_Source":"LED","Light_Type":"Cobra","Lighting_Type":"LED-Powered Lamp","Verification_Date":null},"id":"stl-city-public-streetlights:2:152250","sourceLayerId":2,"sourceObjectId":152250,"sourceURL":"https://maps8.stlouis-mo.gov/arcgis/rest/services/STREETS/Streets_Permitting/MapServer/2","title":"Street light L045104"},"type":"Feature"},{"geometry":{"coordinates":[-90.25205570129734,38.70393711528665],"type":"Point"},"id":"stl-city-public-streetlights:2:152251","properties":{"address":null,"attributes":{"Date_Installed":"3/1/2018","LED_Powered":1,"LightID":"L045105","Light_Source":"LED","Light_Type":"Cobra","Lighting_Type":"LED-Powered Lamp","Verification_Date":null},"id":"stl-city-public-streetlights:2:152251","sourceLayerId":2,"sourceObjectId":152251,"sourceURL":"https://maps8.stlouis-mo.gov/arcgis/rest/services/STREETS/Streets_Permitting/MapServer/2","title":"Street light L045105"},"type":"Feature"},{"geometry":{"coordinates":[-90.25147497631657,38.705096678119624],"type":"Point"},"id":"stl-city-public-streetlights:2:152252","properties":{"address":null,"attributes":{"Date_Installed":"4/23/2018","LED_Powered":1,"LightID":"L045106","Light_Source":"LED","Light_Type":"Cobra","Lighting_Type":"LED-Powered Lamp","Verification_Date":null},"id":"stl-city-public-streetlights:2:152252","sourceLayerId":2,"sourceObjectId":152252,"sourceURL":"https://maps8.stlouis-mo.gov/arcgis/rest/services/STREETS/Streets_Permitting/MapServer/2","title":"Street light L045106"},"type":"Feature"},{"geometry":{"coordinates":[-90.25161544967952,38.705158948972596],"type":"Point"},"id":"stl-city-public-streetlights:2:152253","properties":{"address":null,"attributes":{"Date_Installed":"4/23/2018","LED_Powered":1,"LightID":"L045107","Light_Source":"LED","Light_Type":"Cobra","Lighting_Type":"LED-Powered Lamp","Verification_Date":null},"id":"stl-city-public-streetlights:2:152253","sourceLayerId":2,"sourceObjectId":152253,"sourceURL":"https://maps8.stlouis-mo.gov/arcgis/rest/services/STREETS/Streets_Permitting/MapServer/2","title":"Street light L045107"},"type":"Feature"},{"geometry":{"coordinates":[-90.25082514296196,38.70573302215736],"type":"Point"},"id":"stl-city-public-streetlights:2:152254","properties":{"address":null,"attributes":{"Date_Installed":"4/23/2018","LED_Powered":1,"LightID":"L045108","Light_Source":"LED","Light_Type":"Cobra","Lighting_Type":"LED-Powered Lamp","Verification_Date":null},"id":"stl-city-public-streetlights:2:152254","sourceLayerId":2,"sourceObjectId":152254,"sourceURL":"https://maps8.stlouis-mo.gov/arcgis/rest/services/STREETS/Streets_Permitting/MapServer/2","title":"Street light L045108"},"type":"Feature"},{"geometry":{"coordinates":[-90.2509964467952,38.70580846993474],"type":"Point"},"id":"stl-city-public-streetlights:2:152255","properties":{"address":null,"attributes":{"Date_Installed":"4/23/2018","LED_Powered":1,"LightID":"L045109","Light_Source":"LED","Light_Type":"Cobra","Lighting_Type":"LED-Powered Lamp","Verification_Date":null},"id":"stl-city-public-streetlights:2:152255","sourceLayerId":2,"sourceObjectId":152255,"sourceURL":"https://maps8.stlouis-mo.gov/arcgis/rest/services/STREETS/Streets_Permitting/MapServer/2","title":"Street light L045109"},"type":"Feature"},{"geometry":{"coordinates":[-90.25103998714305,38.705884503149115],"type":"Point"},"id":"stl-city-public-streetlights:2:152256","properties":{"address":null,"attributes":{"Date_Installed":"4/23/2018","LED_Powered":1,"LightID":"L045110","Light_Source":"LED","Light_Type":"Cobra","Lighting_Type":"LED-Powered Lamp","Verification_Date":null},"id":"stl-city-public-streetlights:2:152256","sourceLayerId":2,"sourceObjectId":152256,"sourceURL":"https://maps8.stlouis-mo.gov/arcgis/rest/services/STREETS/Streets_Permitting/MapServer/2","title":"Street light L045110"},"type":"Feature"},{"geometry":{"coordinates":[-90.25706865021355,38.70280641003581],"type":"Point"},"id":"stl-city-public-streetlights:2:152257","properties":{"address":null,"attributes":{"Date_Installed":"4/23/2018","LED_Powered":1,"LightID":"L045111","Light_Source":"LED","Light_Type":"Cobra","Lighting_Type":"LED-Powered Lamp","Verification_Date":null},"id":"stl-city-public-streetlights:2:152257","sourceLayerId":2,"sourceObjectId":152257,"sourceURL":"https://maps8.stlouis-mo.gov/arcgis/rest/services/STREETS/Streets_Permitting/MapServer/2","title":"Street light L045111"},"type":"Feature"},{"geometry":{"coordinates":[-90.25667988305939,38.702633507593355],"type":"Point"},"id":"stl-city-public-streetlights:2:152258","properties":{"address":null,"attributes":{"Date_Installed":"4/23/2018","LED_Powered":1,"LightID":"L045112","Light_Source":"LED","Light_Type":"Cobra","Lighting_Type":"LED-Powered Lamp","Verification_Date":null},"id":"stl-city-public-streetlights:2:152258","sourceLayerId":2,"sourceObjectId":152258,"sourceURL":"https://maps8.stlouis-mo.gov/arcgis/rest/services/STREETS/Streets_Permitting/MapServer/2","title":"Street light L045112"},"type":"Feature"},{"geometry":{"coordinates":[-90.25626864162251,38.702450545538106],"type":"Point"},"id":"stl-city-public-streetlights:2:152259","properties":{"address":null,"attributes":{"Date_Installed":"4/23/2018","LED_Powered":1,"LightID":"L045113","Light_Source":"LED","Light_Type":"Cobra","Lighting_Type":"LED-Powered Lamp","Verification_Date":null},"id":"stl-city-public-streetlights:2:152259","sourceLayerId":2,"sourceObjectId":152259,"sourceURL":"https://maps8.stlouis-mo.gov/arcgis/rest/services/STREETS/Streets_Permitting/MapServer/2","title":"Street light L045113"},"type":"Feature"},{"geometry":{"coordinates":[-90.255869560425,38.702270466813346],"type":"Point"},"id":"stl-city-public-streetlights:2:152260","properties":{"address":null,"attributes":{"Date_Installed":"4/23/2018","LED_Powered":1,"LightID":"L045114","Light_Source":"LED","Light_Type":"Cobra","Lighting_Type":"LED-Powered Lamp","Verification_Date":null},"id":"stl-city-public-streetlights:2:152260","sourceLayerId":2,"sourceObjectId":152260,"sourceURL":"https://maps8.stlouis-mo.gov/arcgis/rest/services/STREETS/Streets_Permitting/MapServer/2","title":"Street light L045114"},"type":"Feature"},{"geometry":{"coordinates":[-90.25547591152804,38.7021037473191],"type":"Point"},"id":"stl-city-public-streetlights:2:152261","properties":{"address":null,"attributes":{"Date_Installed":"4/23/2018","LED_Powered":1,"LightID":"L045115","Light_Source":"LED","Light_Type":"Cobra","Lighting_Type":"LED-Powered Lamp","Verification_Date":null},"id":"stl-city-public-streetlights:2:152261","sourceLayerId":2,"sourceObjectId":152261,"sourceURL":"https://maps8.stlouis-mo.gov/arcgis/rest/services/STREETS/Streets_Permitting/MapServer/2","title":"Street light L045115"},"type":"Feature"},{"geometry":{"coordinates":[-90.25647530064633,38.701519363695226],"type":"Point"},"id":"stl-city-public-streetlights:2:152262","properties":{"address":null,"attributes":{"Date_Installed":"4/23/2018","LED_Powered":1,"LightID":"L045116","Light_Source":"LED","Light_Type":"Cobra","Lighting_Type":"LED-Powered Lamp","Verification_Date":null},"id":"stl-city-public-streetlights:2:152262","sourceLayerId":2,"sourceObjectId":152262,"sourceURL":"https://maps8.stlouis-mo.gov/arcgis/rest/services/STREETS/Streets_Permitting/MapServer/2","title":"Street light L045116"},"type":"Feature"},{"geometry":{"coordinates":[-90.25688106445152,38.7017011226959],"type":"Point"},"id":"stl-city-public-streetlights:2:152263","properties":{"address":null,"attributes":{"Date_Installed":"4/23/2018","LED_Powered":1,"LightID":"L045117","Light_Source":"LED","Light_Type":"Cobra","Lighting_Type":"LED-Powered Lamp","Verification_Date":null},"id":"stl-city-public-streetlights:2:152263","sourceLayerId":2,"sourceObjectId":152263,"sourceURL":"https://maps8.stlouis-mo.gov/arcgis/rest/services/STREETS/Streets_Permitting/MapServer/2","title":"Street light L045117"},"type":"Feature"},{"geometry":{"coordinates":[-90.25727801792885,38.70188059718653],"type":"Point"},"id":"stl-city-public-streetlights:2:152264","properties":{"address":null,"attributes":{"Date_Installed":"4/23/2018","LED_Powered":1,"LightID":"L045118","Light_Source":"LED","Light_Type":"Cobra","Lighting_Type":"LED-Powered Lamp","Verification_Date":null},"id":"stl-city-public-streetlights:2:152264","sourceLayerId":2,"sourceObjectId":152264,"sourceURL":"https://maps8.stlouis-mo.gov/arcgis/rest/services/STREETS/Streets_Permitting/MapServer/2","title":"Street light L045118"},"type":"Feature"},{"geometry":{"coordinates":[-90.25766784999534,38.702052963842974],"type":"Point"},"id":"stl-city-public-streetlights:2:152265","properties":{"address":null,"attributes":{"Date_Installed":"4/23/2018","LED_Powered":1,"LightID":"L045119","Light_Source":"LED","Light_Type":"Cobra","Lighting_Type":"LED-Powered Lamp","Verification_Date":null},"id":"stl-city-public-streetlights:2:152265","sourceLayerId":2,"sourceObjectId":152265,"sourceURL":"https://maps8.stlouis-mo.gov/arcgis/rest/services/STREETS/Streets_Permitting/MapServer/2","title":"Street light L045119"},"type":"Feature"},{"geometry":{"coordinates":[-90.25808013343432,38.7022430139718],"type":"Point"},"id":"stl-city-public-streetlights:2:152266","properties":{"address":null,"attributes":{"Date_Installed":"4/23/2018","LED_Powered":1,"LightID":"L045120","Light_Source":"LED","Light_Type":"Cobra","Lighting_Type":"LED-Powered Lamp","Verification_Date":null},"id":"stl-city-public-streetlights:2:152266","sourceLayerId":2,"sourceObjectId":152266,"sourceURL":"https://maps8.stlouis-mo.gov/arcgis/rest/services/STREETS/Streets_Permitting/MapServer/2","title":"Street light L045120"},"type":"Feature"},{"geometry":{"coordinates":[-90.25845866316676,38.70240766829669],"type":"Point"},"id":"stl-city-public-streetlights:2:152267","properties":{"address":null,"attributes":{"Date_Installed":"4/23/2018","LED_Powered":1,"LightID":"L045121","Light_Source":"LED","Light_Type":"Cobra","Lighting_Type":"LED-Powered Lamp","Verification_Date":null},"id":"stl-city-public-streetlights:2:152267","sourceLayerId":2,"sourceObjectId":152267,"sourceURL":"https://maps8.stlouis-mo.gov/arcgis/rest/services/STREETS/Streets_Permitting/MapServer/2","title":"Street light L045121"},"type":"Feature"},{"geometry":{"coordinates":[-90.25885227593038,38.70258360178426],"type":"Point"},"id":"stl-city-public-streetlights:2:152268","properties":{"address":null,"attributes":{"Date_Installed":"4/23/2018","LED_Powered":1,"LightID":"L045122","Light_Source":"LED","Light_Type":"Cobra","Lighting_Type":"LED-Powered Lamp","Verification_Date":null},"id":"stl-city-public-streetlights:2:152268","sourceLayerId":2,"sourceObjectId":152268,"sourceURL":"https://maps8.stlouis-mo.gov/arcgis/rest/services/STREETS/Streets_Permitting/MapServer/2","title":"Street light L045122"},"type":"Feature"},{"geometry":{"coordinates":[-90.25742015710074,38.70090934361839],"type":"Point"},"id":"stl-city-public-streetlights:2:152269","properties":{"address":null,"attributes":{"Date_Installed":"4/23/2018","LED_Powered":1,"LightID":"L045123","Light_Source":"LED","Light_Type":"Cobra","Lighting_Type":"LED-Powered Lamp","Verification_Date":null},"id":"stl-city-public-streetlights:2:152269","sourceLayerId":2,"sourceObjectId":152269,"sourceURL":"https://maps8.stlouis-mo.gov/arcgis/rest/services/STREETS/Streets_Permitting/MapServer/2","title":"Street light L045123"},"type":"Feature"},{"geometry":{"coordinates":[-90.25781361844302,38.70108642443813],"type":"Point"},"id":"stl-city-public-streetlights:2:152270","properties":{"address":null,"attributes":{"Date_Installed":"4/23/2018","LED_Powered":1,"LightID":"L045124","Light_Source":"LED","Light_Type":"Cobra","Lighting_Type":"LED-Powered Lamp","Verification_Date":null},"id":"stl-city-public-streetlights:2:152270","sourceLayerId":2,"sourceObjectId":152270,"sourceURL":"https://maps8.stlouis-mo.gov/arcgis/rest/services/STREETS/Streets_Permitting/MapServer/2","title":"Street light L045124"},"type":"Feature"},{"geometry":{"coordinates":[-90.25820420284668,38.70125980437449],"type":"Point"},"id":"stl-city-public-streetlights:2:152271","properties":{"address":null,"attributes":{"Date_Installed":"4/23/2018","LED_Powered":1,"LightID":"L045125","Light_Source":"LED","Light_Type":"Cobra","Lighting_Type":"LED-Powered Lamp","Verification_Date":null},"id":"stl-city-public-streetlights:2:152271","sourceLayerId":2,"sourceObjectId":152271,"sourceURL":"https://maps8.stlouis-mo.gov/arcgis/rest/services/STREETS/Streets_Permitting/MapServer/2","title":"Street light L045125"},"type":"Feature"},{"geometry":{"coordinates":[-90.25861634564178,38.70144562181206],"type":"Point"},"id":"stl-city-public-streetlights:2:152272","properties":{"address":null,"attributes":{"Date_Installed":"4/23/2018","LED_Powered":1,"LightID":"L045126","Light_Source":"LED","Light_Type":"Cobra","Lighting_Type":"LED-Powered Lamp","Verification_Date":null},"id":"stl-city-public-streetlights:2:152272","sourceLayerId":2,"sourceObjectId":152272,"sourceURL":"https://maps8.stlouis-mo.gov/arcgis/rest/services/STREETS/Streets_Permitting/MapServer/2","title":"Street light L045126"},"type":"Feature"},{"geometry":{"coordinates":[-90.25898627963745,38.701610375620426],"type":"Point"},"id":"stl-city-public-streetlights:2:152273","properties":{"address":null,"attributes":{"Date_Installed":"4/23/2018","LED_Powered":1,"LightID":"L045127","Light_Source":"LED","Light_Type":"Cobra","Lighting_Type":"LED-Powered Lamp","Verification_Date":null},"id":"stl-city-public-streetlights:2:152273","sourceLayerId":2,"sourceObjectId":152273,"sourceURL":"https://maps8.stlouis-mo.gov/arcgis/rest/services/STREETS/Streets_Permitting/MapServer/2","title":"Street light L045127"},"type":"Feature"},{"geometry":{"coordinates":[-90.25935956198313,38.701774777496965],"type":"Point"},"id":"stl-city-public-streetlights:2:152274","properties":{"address":null,"attributes":{"Date_Installed":"4/23/2018","LED_Powered":1,"LightID":"L045128","Light_Source":"LED","Light_Type":"Cobra","Lighting_Type":"LED-Powered Lamp","Verification_Date":null},"id":"stl-city-public-streetlights:2:152274","sourceLayerId":2,"sourceObjectId":152274,"sourceURL":"https://maps8.stlouis-mo.gov/arcgis/rest/services/STREETS/Streets_Permitting/MapServer/2","title":"Street light L045128"},"type":"Feature"},{"geometry":{"coordinates":[-90.2598435542333,38.70176135210091],"type":"Point"},"id":"stl-city-public-streetlights:2:152275","properties":{"address":null,"attributes":{"Date_Installed":"4/23/2018","LED_Powered":1,"LightID":"L045129","Light_Source":"LED","Light_Type":"Cobra","Lighting_Type":"LED-Powered Lamp","Verification_Date":null},"id":"stl-city-public-streetlights:2:152275","sourceLayerId":2,"sourceObjectId":152275,"sourceURL":"https://maps8.stlouis-mo.gov/arcgis/rest/services/STREETS/Streets_Permitting/MapServer/2","title":"Street light L045129"},"type":"Feature"},{"geometry":{"coordinates":[-90.25994148220123,38.70101137604431],"type":"Point"},"id":"stl-city-public-streetlights:2:152297","properties":{"address":null,"attributes":{"Date_Installed":"4/23/2018","LED_Powered":1,"LightID":"L045151","Light_Source":"LED","Light_Type":"Cobra","Lighting_Type":"LED-Powered Lamp","Verification_Date":null},"id":"stl-city-public-streetlights:2:152297","sourceLayerId":2,"sourceObjectId":152297,"sourceURL":"https://maps8.stlouis-mo.gov/arcgis/rest/services/STREETS/Streets_Permitting/MapServer/2","title":"Street light L045151"},"type":"Feature"},{"geometry":{"coordinates":[-90.25956486225459,38.70084541963096],"type":"Point"},"id":"stl-city-public-streetlights:2:152298","properties":{"address":null,"attributes":{"Date_Installed":"4/23/2018","LED_Powered":1,"LightID":"L045152","Light_Source":"LED","Light_Type":"Cobra","Lighting_Type":"LED-Powered Lamp","Verification_Date":null},"id":"stl-city-public-streetlights:2:152298","sourceLayerId":2,"sourceObjectId":152298,"sourceURL":"https://maps8.stlouis-mo.gov/arcgis/rest/services/STREETS/Streets_Permitting/MapServer/2","title":"Street light L045152"},"type":"Feature"},{"geometry":{"coordinates":[-90.25918151080968,38.70067325098573],"type":"Point"},"id":"stl-city-public-streetlights:2:152299","properties":{"address":null,"attributes":{"Date_Installed":"4/23/2018","LED_Powered":1,"LightID":"L045153","Light_Source":"LED","Light_Type":"Cobra","Lighting_Type":"LED-Powered Lamp","Verification_Date":null},"id":"stl-city-public-streetlights:2:152299","sourceLayerId":2,"sourceObjectId":152299,"sourceURL":"https://maps8.stlouis-mo.gov/arcgis/rest/services/STREETS/Streets_Permitting/MapServer/2","title":"Street light L045153"},"type":"Feature"},{"geometry":{"coordinates":[-90.25879213915438,38.70050083083083],"type":"Point"},"id":"stl-city-public-streetlights:2:152300","properties":{"address":null,"attributes":{"Date_Installed":"4/23/2018","LED_Powered":1,"LightID":"L045154","Light_Source":"LED","Light_Type":"Cobra","Lighting_Type":"LED-Powered Lamp","Verification_Date":null},"id":"stl-city-public-streetlights:2:152300","sourceLayerId":2,"sourceObjectId":152300,"sourceURL":"https://maps8.stlouis-mo.gov/arcgis/rest/services/STREETS/Streets_Permitting/MapServer/2","title":"Street light L045154"},"type":"Feature"},{"geometry":{"coordinates":[-90.25839667232265,38.70033268677447],"type":"Point"},"id":"stl-city-public-streetlights:2:152301","properties":{"address":null,"attributes":{"Date_Installed":"4/23/2018","LED_Powered":1,"LightID":"L045155","Light_Source":"LED","Light_Type":"Cobra","Lighting_Type":"LED-Powered Lamp","Verification_Date":null},"id":"stl-city-public-streetlights:2:152301","sourceLayerId":2,"sourceObjectId":152301,"sourceURL":"https://maps8.stlouis-mo.gov/arcgis/rest/services/STREETS/Streets_Permitting/MapServer/2","title":"Street light L045155"},"type":"Feature"},{"geometry":{"coordinates":[-90.25982107955822,38.70157238242109],"type":"Point"},"id":"stl-city-public-streetlights:2:152323","properties":{"address":null,"attributes":{"Date_Installed":"4/23/2018","LED_Powered":1,"LightID":"L045177","Light_Source":"LED","Light_Type":"Cobra","Lighting_Type":"LED-Powered Lamp","Verification_Date":null},"id":"stl-city-public-streetlights:2:152323","sourceLayerId":2,"sourceObjectId":152323,"sourceURL":"https://maps8.stlouis-mo.gov/arcgis/rest/services/STREETS/Streets_Permitting/MapServer/2","title":"Street light L045177"},"type":"Feature"},{"geometry":{"coordinates":[-90.25961161859632,38.70186441816595],"type":"Point"},"id":"stl-city-public-streetlights:2:152324","properties":{"address":null,"attributes":{"Date_Installed":"4/23/2018","LED_Powered":1,"LightID":"L045178","Light_Source":"LED","Light_Type":"Cobra","Lighting_Type":"LED-Powered Lamp","Verification_Date":null},"id":"stl-city-public-streetlights:2:152324","sourceLayerId":2,"sourceObjectId":152324,"sourceURL":"https://maps8.stlouis-mo.gov/arcgis/rest/services/STREETS/Streets_Permitting/MapServer/2","title":"Street light L045178"},"type":"Feature"},{"geometry":{"coordinates":[-90.25942369638794,38.70211888429941],"type":"Point"},"id":"stl-city-public-streetlights:2:152325","properties":{"address":null,"attributes":{"Date_Installed":"4/23/2018","LED_Powered":1,"LightID":"L045179","Light_Source":"LED","Light_Type":"Cobra","Lighting_Type":"LED-Powered Lamp","Verification_Date":null},"id":"stl-city-public-streetlights:2:152325","sourceLayerId":2,"sourceObjectId":152325,"sourceURL":"https://maps8.stlouis-mo.gov/arcgis/rest/services/STREETS/Streets_Permitting/MapServer/2","title":"Street light L045179"},"type":"Feature"},{"geometry":{"coordinates":[-90.25922017891848,38.702397344471024],"type":"Point"},"id":"stl-city-public-streetlights:2:152326","properties":{"address":null,"attributes":{"Date_Installed":"4/23/2018","LED_Powered":1,"LightID":"L045180","Light_Source":"LED","Light_Type":"Cobra","Lighting_Type":"LED-Powered Lamp","Verification_Date":null},"id":"stl-city-public-streetlights:2:152326","sourceLayerId":2,"sourceObjectId":152326,"sourceURL":"https://maps8.stlouis-mo.gov/arcgis/rest/services/STREETS/Streets_Permitting/MapServer/2","title":"Street light L045180"},"type":"Feature"},{"geometry":{"coordinates":[-90.25904919157776,38.70263511190501],"type":"Point"},"id":"stl-city-public-streetlights:2:152327","properties":{"address":null,"attributes":{"Date_Installed":"4/23/2018","LED_Powered":1,"LightID":"L045181","Light_Source":"LED","Light_Type":"Cobra","Lighting_Type":"LED-Powered Lamp","Verification_Date":null},"id":"stl-city-public-streetlights:2:152327","sourceLayerId":2,"sourceObjectId":152327,"sourceURL":"https://maps8.stlouis-mo.gov/arcgis/rest/services/STREETS/Streets_Permitting/MapServer/2","title":"Street light L045181"},"type":"Feature"},{"geometry":{"coordinates":[-90.25887198466418,38.70287730038289],"type":"Point"},"id":"stl-city-public-streetlights:2:152328","properties":{"address":null,"attributes":{"Date_Installed":"4/23/2018","LED_Powered":1,"LightID":"L045182","Light_Source":"LED","Light_Type":"Cobra","Lighting_Type":"LED-Powered Lamp","Verification_Date":null},"id":"stl-city-public-streetlights:2:152328","sourceLayerId":2,"sourceObjectId":152328,"sourceURL":"https://maps8.stlouis-mo.gov/arcgis/rest/services/STREETS/Streets_Permitting/MapServer/2","title":"Street light L045182"},"type":"Feature"},{"geometry":{"coordinates":[-90.2586803505739,38.70314820407608],"type":"Point"},"id":"stl-city-public-streetlights:2:152329","properties":{"address":null,"attributes":{"Date_Installed":"4/23/2018","LED_Powered":1,"LightID":"L045183","Light_Source":"LED","Light_Type":"Cobra","Lighting_Type":"LED-Powered Lamp","Verification_Date":null},"id":"stl-city-public-streetlights:2:152329","sourceLayerId":2,"sourceObjectId":152329,"sourceURL":"https://maps8.stlouis-mo.gov/arcgis/rest/services/STREETS/Streets_Permitting/MapServer/2","title":"Street light L045183"},"type":"Feature"},{"geometry":{"coordinates":[-90.25849512777393,38.703411970400914],"type":"Point"},"id":"stl-city-public-streetlights:2:152330","properties":{"address":null,"attributes":{"Date_Installed":"4/23/2018","LED_Powered":1,"LightID":"L045184","Light_Source":"LED","Light_Type":"Cobra","Lighting_Type":"LED-Powered Lamp","Verification_Date":null},"id":"stl-city-public-streetlights:2:152330","sourceLayerId":2,"sourceObjectId":152330,"sourceURL":"https://maps8.stlouis-mo.gov/arcgis/rest/services/STREETS/Streets_Permitting/MapServer/2","title":"Street light L045184"},"type":"Feature"},{"geometry":{"coordinates":[-90.25828612925486,38.70369013197787],"type":"Point"},"id":"stl-city-public-streetlights:2:152331","properties":{"address":null,"attributes":{"Date_Installed":"4/23/2018","LED_Powered":1,"LightID":"L045185","Light_Source":"LED","Light_Type":"Cobra","Lighting_Type":"LED-Powered Lamp","Verification_Date":null},"id":"stl-city-public-streetlights:2:152331","sourceLayerId":2,"sourceObjectId":152331,"sourceURL":"https://maps8.stlouis-mo.gov/arcgis/rest/services/STREETS/Streets_Permitting/MapServer/2","title":"Street light L045185"},"type":"Feature"},{"geometry":{"coordinates":[-90.25808751271785,38.70396497688605],"type":"Point"},"id":"stl-city-public-streetlights:2:152332","properties":{"address":null,"attributes":{"Date_Installed":"4/23/2018","LED_Powered":1,"LightID":"L045186","Light_Source":"LED","Light_Type":"Cobra","Lighting_Type":"LED-Powered Lamp","Verification_Date":null},"id":"stl-city-public-streetlights:2:152332","sourceLayerId":2,"sourceObjectId":152332,"sourceURL":"https://maps8.stlouis-mo.gov/arcgis/rest/services/STREETS/Streets_Permitting/MapServer/2","title":"Street light L045186"},"type":"Feature"},{"geometry":{"coordinates":[-90.2578615030183,38.70428015475157],"type":"Point"},"id":"stl-city-public-streetlights:2:152333","properties":{"address":null,"attributes":{"Date_Installed":"4/23/2018","LED_Powered":1,"LightID":"L045187","Light_Source":"LED","Light_Type":"Cobra","Lighting_Type":"LED-Powered Lamp","Verification_Date":null},"id":"stl-city-public-streetlights:2:152333","sourceLayerId":2,"sourceObjectId":152333,"sourceURL":"https://maps8.stlouis-mo.gov/arcgis/rest/services/STREETS/Streets_Permitting/MapServer/2","title":"Street light L045187"},"type":"Feature"},{"geometry":{"coordinates":[-90.25765002060903,38.704571646619726],"type":"Point"},"id":"stl-city-public-streetlights:2:152334","properties":{"address":null,"attributes":{"Date_Installed":"4/23/2018","LED_Powered":1,"LightID":"L045188","Light_Source":"LED","Light_Type":"Cobra","Lighting_Type":"LED-Powered Lamp","Verification_Date":null},"id":"stl-city-public-streetlights:2:152334","sourceLayerId":2,"sourceObjectId":152334,"sourceURL":"https://maps8.stlouis-mo.gov/arcgis/rest/services/STREETS/Streets_Permitting/MapServer/2","title":"Street light L045188"},"type":"Feature"},{"geometry":{"coordinates":[-90.25741072557446,38.70490151370774],"type":"Point"},"id":"stl-city-public-streetlights:2:152335","properties":{"address":null,"attributes":{"Date_Installed":"4/23/2018","LED_Powered":1,"LightID":"L045189","Light_Source":"LED","Light_Type":"Cobra","Lighting_Type":"LED-Powered Lamp","Verification_Date":null},"id":"stl-city-public-streetlights:2:152335","sourceLayerId":2,"sourceObjectId":152335,"sourceURL":"https://maps8.stlouis-mo.gov/arcgis/rest/services/STREETS/Streets_Permitting/MapServer/2","title":"Street light L045189"},"type":"Feature"},{"geometry":{"coordinates":[-90.25718186897248,38.70522010583561],"type":"Point"},"id":"stl-city-public-streetlights:2:152336","properties":{"address":null,"attributes":{"Date_Installed":"4/23/2018","LED_Powered":1,"LightID":"L045190","Light_Source":"LED","Light_Type":"Cobra","Lighting_Type":"LED-Powered Lamp","Verification_Date":null},"id":"stl-city-public-streetlights:2:152336","sourceLayerId":2,"sourceObjectId":152336,"sourceURL":"https://maps8.stlouis-mo.gov/arcgis/rest/services/STREETS/Streets_Permitting/MapServer/2","title":"Street light L045190"},"type":"Feature"},{"geometry":{"coordinates":[-90.25695613284421,38.70553329149917],"type":"Point"},"id":"stl-city-public-streetlights:2:152337","properties":{"address":null,"attributes":{"Date_Installed":"4/23/2018","LED_Powered":1,"LightID":"L045191","Light_Source":"LED","Light_Type":"Cobra","Lighting_Type":"LED-Powered Lamp","Verification_Date":null},"id":"stl-city-public-streetlights:2:152337","sourceLayerId":2,"sourceObjectId":152337,"sourceURL":"https://maps8.stlouis-mo.gov/arcgis/rest/services/STREETS/Streets_Permitting/MapServer/2","title":"Street light L045191"},"type":"Feature"},{"geometry":{"coordinates":[-90.25676910056367,38.70578889915077],"type":"Point"},"id":"stl-city-public-streetlights:2:152338","properties":{"address":null,"attributes":{"Date_Installed":"4/23/2018","LED_Powered":1,"LightID":"L045192","Light_Source":"LED","Light_Type":"Cobra","Lighting_Type":"LED-Powered Lamp","Verification_Date":null},"id":"stl-city-public-streetlights:2:152338","sourceLayerId":2,"sourceObjectId":152338,"sourceURL":"https://maps8.stlouis-mo.gov/arcgis/rest/services/STREETS/Streets_Permitting/MapServer/2","title":"Street light L045192"},"type":"Feature"},{"geometry":{"coordinates":[-90.25659118732385,38.70604595606918],"type":"Point"},"id":"stl-city-public-streetlights:2:152339","properties":{"address":null,"attributes":{"Date_Installed":"4/23/2018","LED_Powered":1,"LightID":"L045193","Light_Source":"LED","Light_Type":"Cobra","Lighting_Type":"LED-Powered Lamp","Verification_Date":null},"id":"stl-city-public-streetlights:2:152339","sourceLayerId":2,"sourceObjectId":152339,"sourceURL":"https://maps8.stlouis-mo.gov/arcgis/rest/services/STREETS/Streets_Permitting/MapServer/2","title":"Street light L045193"},"type":"Feature"},{"geometry":{"coordinates":[-90.25639181443337,38.70631555237924],"type":"Point"},"id":"stl-city-public-streetlights:2:152340","properties":{"address":null,"attributes":{"Date_Installed":"4/23/2018","LED_Powered":1,"LightID":"L045194","Light_Source":"LED","Light_Type":"Cobra","Lighting_Type":"LED-Powered Lamp","Verification_Date":null},"id":"stl-city-public-streetlights:2:152340","sourceLayerId":2,"sourceObjectId":152340,"sourceURL":"https://maps8.stlouis-mo.gov/arcgis/rest/services/STREETS/Streets_Permitting/MapServer/2","title":"Street light L045194"},"type":"Feature"},{"geometry":{"coordinates":[-90.25605864556104,38.70656077257732],"type":"Point"},"id":"stl-city-public-streetlights:2:152341","properties":{"address":null,"attributes":{"Date_Installed":"4/23/2018","LED_Powered":1,"LightID":"L045195","Light_Source":"LED","Light_Type":"Cobra","Lighting_Type":"LED-Powered Lamp","Verification_Date":null},"id":"stl-city-public-streetlights:2:152341","sourceLayerId":2,"sourceObjectId":152341,"sourceURL":"https://maps8.stlouis-mo.gov/arcgis/rest/services/STREETS/Streets_Permitting/MapServer/2","title":"Street light L045195"},"type":"Feature"},{"geometry":{"coordinates":[-90.25583697115987,38.70687100958795],"type":"Point"},"id":"stl-city-public-streetlights:2:152342","properties":{"address":null,"attributes":{"Date_Installed":"4/23/2018","LED_Powered":1,"LightID":"L045196","Light_Source":"LED","Light_Type":"Cobra","Lighting_Type":"LED-Powered Lamp","Verification_Date":null},"id":"stl-city-public-streetlights:2:152342","sourceLayerId":2,"sourceObjectId":152342,"sourceURL":"https://maps8.stlouis-mo.gov/arcgis/rest/services/STREETS/Streets_Permitting/MapServer/2","title":"Street light L045196"},"type":"Feature"},{"geometry":{"coordinates":[-90.25563685992798,38.707146252437084],"type":"Point"},"id":"stl-city-public-streetlights:2:152343","properties":{"address":null,"attributes":{"Date_Installed":"4/23/2018","LED_Powered":1,"LightID":"L045197","Light_Source":"LED","Light_Type":"Cobra","Lighting_Type":"LED-Powered Lamp","Verification_Date":null},"id":"stl-city-public-streetlights:2:152343","sourceLayerId":2,"sourceObjectId":152343,"sourceURL":"https://maps8.stlouis-mo.gov/arcgis/rest/services/STREETS/Streets_Permitting/MapServer/2","title":"Street light L045197"},"type":"Feature"},{"geometry":{"coordinates":[-90.25541052127491,38.7074624381706],"type":"Point"},"id":"stl-city-public-streetlights:2:152344","properties":{"address":null,"attributes":{"Date_Installed":"4/23/2018","LED_Powered":1,"LightID":"L045198","Light_Source":"LED","Light_Type":"Cobra","Lighting_Type":"LED-Powered Lamp","Verification_Date":null},"id":"stl-city-public-streetlights:2:152344","sourceLayerId":2,"sourceObjectId":152344,"sourceURL":"https://maps8.stlouis-mo.gov/arcgis/rest/services/STREETS/Streets_Permitting/MapServer/2","title":"Street light L045198"},"type":"Feature"},{"geometry":{"coordinates":[-90.25519272217456,38.70777184779761],"type":"Point"},"id":"stl-city-public-streetlights:2:152345","properties":{"address":null,"attributes":{"Date_Installed":"4/23/2018","LED_Powered":1,"LightID":"L045199","Light_Source":"LED","Light_Type":"Cobra","Lighting_Type":"LED-Powered Lamp","Verification_Date":null},"id":"stl-city-public-streetlights:2:152345","sourceLayerId":2,"sourceObjectId":152345,"sourceURL":"https://maps8.stlouis-mo.gov/arcgis/rest/services/STREETS/Streets_Permitting/MapServer/2","title":"Street light L045199"},"type":"Feature"},{"geometry":{"coordinates":[-90.25496245037158,38.70808111194759],"type":"Point"},"id":"stl-city-public-streetlights:2:152346","properties":{"address":null,"attributes":{"Date_Installed":"4/23/2018","LED_Powered":1,"LightID":"L045200","Light_Source":"LED","Light_Type":"Cobra","Lighting_Type":"LED-Powered Lamp","Verification_Date":null},"id":"stl-city-public-streetlights:2:152346","sourceLayerId":2,"sourceObjectId":152346,"sourceURL":"https://maps8.stlouis-mo.gov/arcgis/rest/services/STREETS/Streets_Permitting/MapServer/2","title":"Street light L045200"},"type":"Feature"},{"geometry":{"coordinates":[-90.25477857965842,38.70834184711143],"type":"Point"},"id":"stl-city-public-streetlights:2:152347","properties":{"address":null,"attributes":{"Date_Installed":"4/23/2018","LED_Powered":1,"LightID":"L045201","Light_Source":"LED","Light_Type":"Cobra","Lighting_Type":"LED-Powered Lamp","Verification_Date":null},"id":"stl-city-public-streetlights:2:152347","sourceLayerId":2,"sourceObjectId":152347,"sourceURL":"https://maps8.stlouis-mo.gov/arcgis/rest/services/STREETS/Streets_Permitting/MapServer/2","title":"Street light L045201"},"type":"Feature"},{"geometry":{"coordinates":[-90.25456342190405,38.70863376508671],"type":"Point"},"id":"stl-city-public-streetlights:2:152348","properties":{"address":null,"attributes":{"Date_Installed":"4/23/2018","LED_Powered":1,"LightID":"L045202","Light_Source":"LED","Light_Type":"Cobra","Lighting_Type":"LED-Powered Lamp","Verification_Date":null},"id":"stl-city-public-streetlights:2:152348","sourceLayerId":2,"sourceObjectId":152348,"sourceURL":"https://maps8.stlouis-mo.gov/arcgis/rest/services/STREETS/Streets_Permitting/MapServer/2","title":"Street light L045202"},"type":"Feature"},{"geometry":{"coordinates":[-90.25435990658187,38.708918128916146],"type":"Point"},"id":"stl-city-public-streetlights:2:152349","properties":{"address":null,"attributes":{"Date_Installed":"4/23/2018","LED_Powered":1,"LightID":"L045203","Light_Source":"LED","Light_Type":"Cobra","Lighting_Type":"LED-Powered Lamp","Verification_Date":null},"id":"stl-city-public-streetlights:2:152349","sourceLayerId":2,"sourceObjectId":152349,"sourceURL":"https://maps8.stlouis-mo.gov/arcgis/rest/services/STREETS/Streets_Permitting/MapServer/2","title":"Street light L045203"},"type":"Feature"},{"geometry":{"coordinates":[-90.25414289133082,38.70921828882572],"type":"Point"},"id":"stl-city-public-streetlights:2:152350","properties":{"address":null,"attributes":{"Date_Installed":"4/23/2018","LED_Powered":1,"LightID":"L045204","Light_Source":"LED","Light_Type":"Cobra","Lighting_Type":"LED-Powered Lamp","Verification_Date":null},"id":"stl-city-public-streetlights:2:152350","sourceLayerId":2,"sourceObjectId":152350,"sourceURL":"https://maps8.stlouis-mo.gov/arcgis/rest/services/STREETS/Streets_Permitting/MapServer/2","title":"Street light L045204"},"type":"Feature"},{"geometry":{"coordinates":[-90.253913650702,38.70953867253535],"type":"Point"},"id":"stl-city-public-streetlights:2:152351","properties":{"address":null,"attributes":{"Date_Installed":"4/23/2018","LED_Powered":1,"LightID":"L045205","Light_Source":"LED","Light_Type":"Cobra","Lighting_Type":"LED-Powered Lamp","Verification_Date":null},"id":"stl-city-public-streetlights:2:152351","sourceLayerId":2,"sourceObjectId":152351,"sourceURL":"https://maps8.stlouis-mo.gov/arcgis/rest/services/STREETS/Streets_Permitting/MapServer/2","title":"Street light L045205"},"type":"Feature"},{"geometry":{"coordinates":[-90.25374666038726,38.70977626192225],"type":"Point"},"id":"stl-city-public-streetlights:2:152352","properties":{"address":null,"attributes":{"Date_Installed":"4/23/2018","LED_Powered":1,"LightID":"L045206","Light_Source":"LED","Light_Type":"Cobra","Lighting_Type":"LED-Powered Lamp","Verification_Date":null},"id":"stl-city-public-streetlights:2:152352","sourceLayerId":2,"sourceObjectId":152352,"sourceURL":"https://maps8.stlouis-mo.gov/arcgis/rest/services/STREETS/Streets_Permitting/MapServer/2","title":"Street light L045206"},"type":"Feature"},{"geometry":{"coordinates":[-90.25686821424105,38.70734057851716],"type":"Point"},"id":"stl-city-public-streetlights:2:152356","properties":{"address":null,"attributes":{"Date_Installed":"4/23/2018","LED_Powered":1,"LightID":"L045210","Light_Source":"LED","Light_Type":"Cobra","Lighting_Type":"LED-Powered Lamp","Verification_Date":null},"id":"stl-city-public-streetlights:2:152356","sourceLayerId":2,"sourceObjectId":152356,"sourceURL":"https://maps8.stlouis-mo.gov/arcgis/rest/services/STREETS/Streets_Permitting/MapServer/2","title":"Street light L045210"},"type":"Feature"},{"geometry":{"coordinates":[-90.25661750724662,38.70767704784766],"type":"Point"},"id":"stl-city-public-streetlights:2:152357","properties":{"address":null,"attributes":{"Date_Installed":"4/23/2018","LED_Powered":1,"LightID":"L045211","Light_Source":"LED","Light_Type":"Cobra","Lighting_Type":"LED-Powered Lamp","Verification_Date":null},"id":"stl-city-public-streetlights:2:152357","sourceLayerId":2,"sourceObjectId":152357,"sourceURL":"https://maps8.stlouis-mo.gov/arcgis/rest/services/STREETS/Streets_Permitting/MapServer/2","title":"Street light L045211"},"type":"Feature"},{"geometry":{"coordinates":[-90.2563914612127,38.70798875419108],"type":"Point"},"id":"stl-city-public-streetlights:2:152358","properties":{"address":null,"attributes":{"Date_Installed":"4/23/2018","LED_Powered":1,"LightID":"L045212","Light_Source":"LED","Light_Type":"Cobra","Lighting_Type":"LED-Powered Lamp","Verification_Date":null},"id":"stl-city-public-streetlights:2:152358","sourceLayerId":2,"sourceObjectId":152358,"sourceURL":"https://maps8.stlouis-mo.gov/arcgis/rest/services/STREETS/Streets_Permitting/MapServer/2","title":"Street light L045212"},"type":"Feature"},{"geometry":{"coordinates":[-90.25615915402689,38.7083160124062],"type":"Point"},"id":"stl-city-public-streetlights:2:152359","properties":{"address":null,"attributes":{"Date_Installed":"4/23/2018","LED_Powered":1,"LightID":"L045213","Light_Source":"LED","Light_Type":"Cobra","Lighting_Type":"LED-Powered Lamp","Verification_Date":null},"id":"stl-city-public-streetlights:2:152359","sourceLayerId":2,"sourceObjectId":152359,"sourceURL":"https://maps8.stlouis-mo.gov/arcgis/rest/services/STREETS/Streets_Permitting/MapServer/2","title":"Street light L045213"},"type":"Feature"},{"geometry":{"coordinates":[-90.25592030206089,38.708639370987584],"type":"Point"},"id":"stl-city-public-streetlights:2:152360","properties":{"address":null,"attributes":{"Date_Installed":"4/23/2018","LED_Powered":1,"LightID":"L045214","Light_Source":"LED","Light_Type":"Cobra","Lighting_Type":"LED-Powered Lamp","Verification_Date":null},"id":"stl-city-public-streetlights:2:152360","sourceLayerId":2,"sourceObjectId":152360,"sourceURL":"https://maps8.stlouis-mo.gov/arcgis/rest/services/STREETS/Streets_Permitting/MapServer/2","title":"Street light L045214"},"type":"Feature"},{"geometry":{"coordinates":[-90.25082043884656,38.701044292051876],"type":"Point"},"id":"stl-city-public-streetlights:2:152465","properties":{"address":null,"attributes":{"Date_Installed":"3/2/20","LED_Powered":1,"LightID":"L045319","Light_Source":"LED","Light_Type":"Cobra","Lighting_Type":"LED-Powered Lamp","Verification_Date":null},"id":"stl-city-public-streetlights:2:152465","sourceLayerId":2,"sourceObjectId":152465,"sourceURL":"https://maps8.stlouis-mo.gov/arcgis/rest/services/STREETS/Streets_Permitting/MapServer/2","title":"Street light L045319"},"type":"Feature"},{"geometry":{"coordinates":[-90.25056656584806,38.70074914056601],"type":"Point"},"id":"stl-city-public-streetlights:2:152466","properties":{"address":null,"attributes":{"Date_Installed":"3/2/20","LED_Powered":1,"LightID":"L045320","Light_Source":"LED","Light_Type":"Cobra","Lighting_Type":"LED-Powered Lamp","Verification_Date":null},"id":"stl-city-public-streetlights:2:152466","sourceLayerId":2,"sourceObjectId":152466,"sourceURL":"https://maps8.stlouis-mo.gov/arcgis/rest/services/STREETS/Streets_Permitting/MapServer/2","title":"Street light L045320"},"type":"Feature"},{"geometry":{"coordinates":[-90.2503387021684,38.700497519613435],"type":"Point"},"id":"stl-city-public-streetlights:2:152467","properties":{"address":null,"attributes":{"Date_Installed":"3/2/20","LED_Powered":1,"LightID":"L045321","Light_Source":"LED","Light_Type":"Cobra","Lighting_Type":"LED-Powered Lamp","Verification_Date":null},"id":"stl-city-public-streetlights:2:152467","sourceLayerId":2,"sourceObjectId":152467,"sourceURL":"https://maps8.stlouis-mo.gov/arcgis/rest/services/STREETS/Streets_Permitting/MapServer/2","title":"Street light L045321"},"type":"Feature"},{"geometry":{"coordinates":[-90.25009877409808,38.700216698329825],"type":"Point"},"id":"stl-city-public-streetlights:2:152468","properties":{"address":null,"attributes":{"Date_Installed":"3/2/20","LED_Powered":1,"LightID":"L045322","Light_Source":"LED","Light_Type":"Cobra","Lighting_Type":"LED-Powered Lamp","Verification_Date":null},"id":"stl-city-public-streetlights:2:152468","sourceLayerId":2,"sourceObjectId":152468,"sourceURL":"https://maps8.stlouis-mo.gov/arcgis/rest/services/STREETS/Streets_Permitting/MapServer/2","title":"Street light L045322"},"type":"Feature"},{"geometry":{"coordinates":[-90.253642265126,38.70008300605525],"type":"Point"},"id":"stl-city-public-streetlights:2:152536","properties":{"address":null,"attributes":{"Date_Installed":"3/2/20","LED_Powered":1,"LightID":"L045390","Light_Source":"LED","Light_Type":"Cobra","Lighting_Type":"LED-Powered Lamp","Verification_Date":null},"id":"stl-city-public-streetlights:2:152536","sourceLayerId":2,"sourceObjectId":152536,"sourceURL":"https://maps8.stlouis-mo.gov/arcgis/rest/services/STREETS/Streets_Permitting/MapServer/2","title":"Street light L045390"},"type":"Feature"},{"geometry":{"coordinates":[-90.25391979565643,38.700400797468916],"type":"Point"},"id":"stl-city-public-streetlights:2:152537","properties":{"address":null,"attributes":{"Date_Installed":"3/2/20","LED_Powered":1,"LightID":"L045391","Light_Source":"LED","Light_Type":"Cobra","Lighting_Type":"LED-Powered Lamp","Verification_Date":null},"id":"stl-city-public-streetlights:2:152537","sourceLayerId":2,"sourceObjectId":152537,"sourceURL":"https://maps8.stlouis-mo.gov/arcgis/rest/services/STREETS/Streets_Permitting/MapServer/2","title":"Street light L045391"},"type":"Feature"},{"geometry":{"coordinates":[-90.25412885470512,38.70064059742438],"type":"Point"},"id":"stl-city-public-streetlights:2:152538","properties":{"address":null,"attributes":{"Date_Installed":"3/2/20","LED_Powered":1,"LightID":"L045392","Light_Source":"LED","Light_Type":"Cobra","Lighting_Type":"LED-Powered Lamp","Verification_Date":null},"id":"stl-city-public-streetlights:2:152538","sourceLayerId":2,"sourceObjectId":152538,"sourceURL":"https://maps8.stlouis-mo.gov/arcgis/rest/services/STREETS/Streets_Permitting/MapServer/2","title":"Street light L045392"},"type":"Feature"},{"geometry":{"coordinates":[-90.25437109029167,38.70091831716021],"type":"Point"},"id":"stl-city-public-streetlights:2:152539","properties":{"address":null,"attributes":{"Date_Installed":"3/2/20","LED_Powered":1,"LightID":"L045393","Light_Source":"LED","Light_Type":"Cobra","Lighting_Type":"LED-Powered Lamp","Verification_Date":null},"id":"stl-city-public-streetlights:2:152539","sourceLayerId":2,"sourceObjectId":152539,"sourceURL":"https://maps8.stlouis-mo.gov/arcgis/rest/services/STREETS/Streets_Permitting/MapServer/2","title":"Street light L045393"},"type":"Feature"},{"geometry":{"coordinates":[-90.25478880023947,38.70010563792677],"type":"Point"},"id":"stl-city-public-streetlights:2:152540","properties":{"address":null,"attributes":{"Date_Installed":"7/31/2017","LED_Powered":1,"LightID":"L045394","Light_Source":"LED","Light_Type":"Cobra","Lighting_Type":"LED-Powered Lamp","Verification_Date":null},"id":"stl-city-public-streetlights:2:152540","sourceLayerId":2,"sourceObjectId":152540,"sourceURL":"https://maps8.stlouis-mo.gov/arcgis/rest/services/STREETS/Streets_Permitting/MapServer/2","title":"Street light L045394"},"type":"Feature"},{"geometry":{"coordinates":[-90.25535172092032,38.703280500352626],"type":"Point"},"id":"stl-city-public-streetlights:2:152631","properties":{"address":null,"attributes":{"Date_Installed":"1/2017","LED_Powered":1,"LightID":"L045485","Light_Source":"LED","Light_Type":"Cobra","Lighting_Type":"LED-Powered Lamp","Verification_Date":null},"id":"stl-city-public-streetlights:2:152631","sourceLayerId":2,"sourceObjectId":152631,"sourceURL":"https://maps8.stlouis-mo.gov/arcgis/rest/services/STREETS/Streets_Permitting/MapServer/2","title":"Street light L045485"},"type":"Feature"},{"geometry":{"coordinates":[-90.25512993721966,38.70360229696363],"type":"Point"},"id":"stl-city-public-streetlights:2:152632","properties":{"address":null,"attributes":{"Date_Installed":"1/2017","LED_Powered":1,"LightID":"L045486","Light_Source":"LED","Light_Type":"Cobra","Lighting_Type":"LED-Powered Lamp","Verification_Date":null},"id":"stl-city-public-streetlights:2:152632","sourceLayerId":2,"sourceObjectId":152632,"sourceURL":"https://maps8.stlouis-mo.gov/arcgis/rest/services/STREETS/Streets_Permitting/MapServer/2","title":"Street light L045486"},"type":"Feature"},{"geometry":{"coordinates":[-90.25488786624551,38.703941020477224],"type":"Point"},"id":"stl-city-public-streetlights:2:152633","properties":{"address":null,"attributes":{"Date_Installed":"1/2017","LED_Powered":1,"LightID":"L045487","Light_Source":"LED","Light_Type":"Cobra","Lighting_Type":"LED-Powered Lamp","Verification_Date":null},"id":"stl-city-public-streetlights:2:152633","sourceLayerId":2,"sourceObjectId":152633,"sourceURL":"https://maps8.stlouis-mo.gov/arcgis/rest/services/STREETS/Streets_Permitting/MapServer/2","title":"Street light L045487"},"type":"Feature"},{"geometry":{"coordinates":[-90.2547033172588,38.70418089893936],"type":"Point"},"id":"stl-city-public-streetlights:2:152634","properties":{"address":null,"attributes":{"Date_Installed":"1/2017","LED_Powered":1,"LightID":"L045488","Light_Source":"LED","Light_Type":"Cobra","Lighting_Type":"LED-Powered Lamp","Verification_Date":null},"id":"stl-city-public-streetlights:2:152634","sourceLayerId":2,"sourceObjectId":152634,"sourceURL":"https://maps8.stlouis-mo.gov/arcgis/rest/services/STREETS/Streets_Permitting/MapServer/2","title":"Street light L045488"},"type":"Feature"},{"geometry":{"coordinates":[-90.25447221846613,38.70451220871207],"type":"Point"},"id":"stl-city-public-streetlights:2:152635","properties":{"address":null,"attributes":{"Date_Installed":"1/2017","LED_Powered":1,"LightID":"L045489","Light_Source":"LED","Light_Type":"Cobra","Lighting_Type":"LED-Powered Lamp","Verification_Date":null},"id":"stl-city-public-streetlights:2:152635","sourceLayerId":2,"sourceObjectId":152635,"sourceURL":"https://maps8.stlouis-mo.gov/arcgis/rest/services/STREETS/Streets_Permitting/MapServer/2","title":"Street light L045489"},"type":"Feature"},{"geometry":{"coordinates":[-90.25419707189059,38.70450154802067],"type":"Point"},"id":"stl-city-public-streetlights:2:152636","properties":{"address":null,"attributes":{"Date_Installed":"5/1/2016","LED_Powered":1,"LightID":"L045490","Light_Source":"LED","Light_Type":"Cobra","Lighting_Type":"LED-Powered Lamp","Verification_Date":null},"id":"stl-city-public-streetlights:2:152636","sourceLayerId":2,"sourceObjectId":152636,"sourceURL":"https://maps8.stlouis-mo.gov/arcgis/rest/services/STREETS/Streets_Permitting/MapServer/2","title":"Street light L045490"},"type":"Feature"},{"geometry":{"coordinates":[-90.25383967507626,38.704343099074286],"type":"Point"},"id":"stl-city-public-streetlights:2:152637","properties":{"address":null,"attributes":{"Date_Installed":"5/1/2016","LED_Powered":1,"LightID":"L045491","Light_Source":"LED","Light_Type":"Cobra","Lighting_Type":"LED-Powered Lamp","Verification_Date":null},"id":"stl-city-public-streetlights:2:152637","sourceLayerId":2,"sourceObjectId":152637,"sourceURL":"https://maps8.stlouis-mo.gov/arcgis/rest/services/STREETS/Streets_Permitting/MapServer/2","title":"Street light L045491"},"type":"Feature"},{"geometry":{"coordinates":[-90.25345689082131,38.704173081369824],"type":"Point"},"id":"stl-city-public-streetlights:2:152638","properties":{"address":null,"attributes":{"Date_Installed":"5/1/2016","LED_Powered":1,"LightID":"L045492","Light_Source":"LED","Light_Type":"Cobra","Lighting_Type":"LED-Powered Lamp","Verification_Date":null},"id":"stl-city-public-streetlights:2:152638","sourceLayerId":2,"sourceObjectId":152638,"sourceURL":"https://maps8.stlouis-mo.gov/arcgis/rest/services/STREETS/Streets_Permitting/MapServer/2","title":"Street light L045492"},"type":"Feature"},{"geometry":{"coordinates":[-90.25301003766545,38.703974003465966],"type":"Point"},"id":"stl-city-public-streetlights:2:152639","properties":{"address":null,"attributes":{"Date_Installed":"5/1/2016","LED_Powered":1,"LightID":"L045493","Light_Source":"LED","Light_Type":"Cobra","Lighting_Type":"LED-Powered Lamp","Verification_Date":null},"id":"stl-city-public-streetlights:2:152639","sourceLayerId":2,"sourceObjectId":152639,"sourceURL":"https://maps8.stlouis-mo.gov/arcgis/rest/services/STREETS/Streets_Permitting/MapServer/2","title":"Street light L045493"},"type":"Feature"},{"geometry":{"coordinates":[-90.25265093371992,38.70381369866777],"type":"Point"},"id":"stl-city-public-streetlights:2:152640","properties":{"address":null,"attributes":{"Date_Installed":"5/1/2016","LED_Powered":1,"LightID":"L045494","Light_Source":"LED","Light_Type":"Cobra","Lighting_Type":"LED-Powered Lamp","Verification_Date":null},"id":"stl-city-public-streetlights:2:152640","sourceLayerId":2,"sourceObjectId":152640,"sourceURL":"https://maps8.stlouis-mo.gov/arcgis/rest/services/STREETS/Streets_Permitting/MapServer/2","title":"Street light L045494"},"type":"Feature"}],"layerId":"city-streetlights","retrievedAt":"2026-09-13T21:56:18.173251+00:00","schema":"property-infrastructure-geojson-v1","sourceId":"stl-city-public-streetlights","tileId":"-9026_3870","type":"FeatureCollection"}