{"features":[{"geometry":{"coordinates":[-90.23025593642019,38.721920091900216],"type":"Point"},"id":"stl-city-public-streetlights:2:122060","properties":{"address":null,"attributes":{"Date_Installed":"6/25/2018","LED_Powered":1,"LightID":"L014780","Light_Source":"LED","Light_Type":"Cobra","Lighting_Type":"LED-Powered Lamp","Verification_Date":null},"id":"stl-city-public-streetlights:2:122060","sourceLayerId":2,"sourceObjectId":122060,"sourceURL":"https://maps8.stlouis-mo.gov/arcgis/rest/services/STREETS/Streets_Permitting/MapServer/2","title":"Street light L014780"},"type":"Feature"},{"geometry":{"coordinates":[-90.2303164803912,38.72159749622303],"type":"Point"},"id":"stl-city-public-streetlights:2:122061","properties":{"address":null,"attributes":{"Date_Installed":"6/25/2018","LED_Powered":1,"LightID":"L014781","Light_Source":"LED","Light_Type":"Cobra","Lighting_Type":"LED-Powered Lamp","Verification_Date":null},"id":"stl-city-public-streetlights:2:122061","sourceLayerId":2,"sourceObjectId":122061,"sourceURL":"https://maps8.stlouis-mo.gov/arcgis/rest/services/STREETS/Streets_Permitting/MapServer/2","title":"Street light L014781"},"type":"Feature"},{"geometry":{"coordinates":[-90.23037705426484,38.72126679537987],"type":"Point"},"id":"stl-city-public-streetlights:2:122062","properties":{"address":null,"attributes":{"Date_Installed":"6/25/2018","LED_Powered":1,"LightID":"L014782","Light_Source":"LED","Light_Type":"Cobra","Lighting_Type":"LED-Powered Lamp","Verification_Date":null},"id":"stl-city-public-streetlights:2:122062","sourceLayerId":2,"sourceObjectId":122062,"sourceURL":"https://maps8.stlouis-mo.gov/arcgis/rest/services/STREETS/Streets_Permitting/MapServer/2","title":"Street light L014782"},"type":"Feature"},{"geometry":{"coordinates":[-90.23044661583708,38.720892257838],"type":"Point"},"id":"stl-city-public-streetlights:2:122063","properties":{"address":null,"attributes":{"Date_Installed":"6/25/2018","LED_Powered":1,"LightID":"L014783","Light_Source":"LED","Light_Type":"Cobra","Lighting_Type":"LED-Powered Lamp","Verification_Date":null},"id":"stl-city-public-streetlights:2:122063","sourceLayerId":2,"sourceObjectId":122063,"sourceURL":"https://maps8.stlouis-mo.gov/arcgis/rest/services/STREETS/Streets_Permitting/MapServer/2","title":"Street light L014783"},"type":"Feature"},{"geometry":{"coordinates":[-90.23050757855157,38.72053853318002],"type":"Point"},"id":"stl-city-public-streetlights:2:122064","properties":{"address":null,"attributes":{"Date_Installed":"6/25/2018","LED_Powered":1,"LightID":"L014784","Light_Source":"LED","Light_Type":"Cobra","Lighting_Type":"LED-Powered Lamp","Verification_Date":null},"id":"stl-city-public-streetlights:2:122064","sourceLayerId":2,"sourceObjectId":122064,"sourceURL":"https://maps8.stlouis-mo.gov/arcgis/rest/services/STREETS/Streets_Permitting/MapServer/2","title":"Street light L014784"},"type":"Feature"},{"geometry":{"coordinates":[-90.23057001798414,38.72019653858146],"type":"Point"},"id":"stl-city-public-streetlights:2:122065","properties":{"address":null,"attributes":{"Date_Installed":"6/25/2018","LED_Powered":1,"LightID":"L014785","Light_Source":"LED","Light_Type":"Cobra","Lighting_Type":"LED-Powered Lamp","Verification_Date":null},"id":"stl-city-public-streetlights:2:122065","sourceLayerId":2,"sourceObjectId":122065,"sourceURL":"https://maps8.stlouis-mo.gov/arcgis/rest/services/STREETS/Streets_Permitting/MapServer/2","title":"Street light L014785"},"type":"Feature"},{"geometry":{"coordinates":[-90.23014153935567,38.72023631057533],"type":"Point"},"id":"stl-city-public-streetlights:2:122120","properties":{"address":null,"attributes":{"Date_Installed":"2/14/2018","LED_Powered":1,"LightID":"L014840","Light_Source":"LED","Light_Type":"Cobra","Lighting_Type":"LED-Powered Lamp","Verification_Date":null},"id":"stl-city-public-streetlights:2:122120","sourceLayerId":2,"sourceObjectId":122120,"sourceURL":"https://maps8.stlouis-mo.gov/arcgis/rest/services/STREETS/Streets_Permitting/MapServer/2","title":"Street light L014840"},"type":"Feature"},{"geometry":{"coordinates":[-90.2305150185537,38.720275546628216],"type":"Point"},"id":"stl-city-public-streetlights:2:122121","properties":{"address":null,"attributes":{"Date_Installed":"2/14/2018","LED_Powered":1,"LightID":"L014841","Light_Source":"LED","Light_Type":"Cobra","Lighting_Type":"LED-Powered Lamp","Verification_Date":null},"id":"stl-city-public-streetlights:2:122121","sourceLayerId":2,"sourceObjectId":122121,"sourceURL":"https://maps8.stlouis-mo.gov/arcgis/rest/services/STREETS/Streets_Permitting/MapServer/2","title":"Street light L014841"},"type":"Feature"},{"geometry":{"coordinates":[-90.23099449638103,38.720324322459966],"type":"Point"},"id":"stl-city-public-streetlights:2:122122","properties":{"address":null,"attributes":{"Date_Installed":"2/14/2018","LED_Powered":1,"LightID":"L014842","Light_Source":"LED","Light_Type":"Cobra","Lighting_Type":"LED-Powered Lamp","Verification_Date":null},"id":"stl-city-public-streetlights:2:122122","sourceLayerId":2,"sourceObjectId":122122,"sourceURL":"https://maps8.stlouis-mo.gov/arcgis/rest/services/STREETS/Streets_Permitting/MapServer/2","title":"Street light L014842"},"type":"Feature"},{"geometry":{"coordinates":[-90.23141285608088,38.7203630643176],"type":"Point"},"id":"stl-city-public-streetlights:2:122123","properties":{"address":null,"attributes":{"Date_Installed":"2/14/2018","LED_Powered":1,"LightID":"L014843","Light_Source":"LED","Light_Type":"Cobra","Lighting_Type":"LED-Powered Lamp","Verification_Date":null},"id":"stl-city-public-streetlights:2:122123","sourceLayerId":2,"sourceObjectId":122123,"sourceURL":"https://maps8.stlouis-mo.gov/arcgis/rest/services/STREETS/Streets_Permitting/MapServer/2","title":"Street light L014843"},"type":"Feature"},{"geometry":{"coordinates":[-90.23182678014972,38.720408468198514],"type":"Point"},"id":"stl-city-public-streetlights:2:122124","properties":{"address":null,"attributes":{"Date_Installed":"2/14/2018","LED_Powered":1,"LightID":"L014844","Light_Source":"LED","Light_Type":"Cobra","Lighting_Type":"LED-Powered Lamp","Verification_Date":null},"id":"stl-city-public-streetlights:2:122124","sourceLayerId":2,"sourceObjectId":122124,"sourceURL":"https://maps8.stlouis-mo.gov/arcgis/rest/services/STREETS/Streets_Permitting/MapServer/2","title":"Street light L014844"},"type":"Feature"},{"geometry":{"coordinates":[-90.23227995454506,38.72045360284706],"type":"Point"},"id":"stl-city-public-streetlights:2:122125","properties":{"address":null,"attributes":{"Date_Installed":"2/14/2018","LED_Powered":1,"LightID":"L014845","Light_Source":"LED","Light_Type":"Cobra","Lighting_Type":"LED-Powered Lamp","Verification_Date":null},"id":"stl-city-public-streetlights:2:122125","sourceLayerId":2,"sourceObjectId":122125,"sourceURL":"https://maps8.stlouis-mo.gov/arcgis/rest/services/STREETS/Streets_Permitting/MapServer/2","title":"Street light L014845"},"type":"Feature"},{"geometry":{"coordinates":[-90.23037332025181,38.721147161191006],"type":"Point"},"id":"stl-city-public-streetlights:2:122129","properties":{"address":null,"attributes":{"Date_Installed":"6/25/2018","LED_Powered":1,"LightID":"L014849","Light_Source":"LED","Light_Type":"Cobra","Lighting_Type":"LED-Powered Lamp","Verification_Date":null},"id":"stl-city-public-streetlights:2:122129","sourceLayerId":2,"sourceObjectId":122129,"sourceURL":"https://maps8.stlouis-mo.gov/arcgis/rest/services/STREETS/Streets_Permitting/MapServer/2","title":"Street light L014849"},"type":"Feature"},{"geometry":{"coordinates":[-90.23080648538216,38.72119451930747],"type":"Point"},"id":"stl-city-public-streetlights:2:122130","properties":{"address":null,"attributes":{"Date_Installed":"2/14/2018","LED_Powered":1,"LightID":"L014850","Light_Source":"LED","Light_Type":"Cobra","Lighting_Type":"LED-Powered Lamp","Verification_Date":null},"id":"stl-city-public-streetlights:2:122130","sourceLayerId":2,"sourceObjectId":122130,"sourceURL":"https://maps8.stlouis-mo.gov/arcgis/rest/services/STREETS/Streets_Permitting/MapServer/2","title":"Street light L014850"},"type":"Feature"},{"geometry":{"coordinates":[-90.2312446853098,38.721237657777955],"type":"Point"},"id":"stl-city-public-streetlights:2:122131","properties":{"address":null,"attributes":{"Date_Installed":"2/14/2018","LED_Powered":1,"LightID":"L014851","Light_Source":"LED","Light_Type":"Cobra","Lighting_Type":"LED-Powered Lamp","Verification_Date":null},"id":"stl-city-public-streetlights:2:122131","sourceLayerId":2,"sourceObjectId":122131,"sourceURL":"https://maps8.stlouis-mo.gov/arcgis/rest/services/STREETS/Streets_Permitting/MapServer/2","title":"Street light L014851"},"type":"Feature"},{"geometry":{"coordinates":[-90.23167755865097,38.72128185442534],"type":"Point"},"id":"stl-city-public-streetlights:2:122132","properties":{"address":null,"attributes":{"Date_Installed":"2/14/2018","LED_Powered":1,"LightID":"L014852","Light_Source":"LED","Light_Type":"Cobra","Lighting_Type":"LED-Powered Lamp","Verification_Date":null},"id":"stl-city-public-streetlights:2:122132","sourceLayerId":2,"sourceObjectId":122132,"sourceURL":"https://maps8.stlouis-mo.gov/arcgis/rest/services/STREETS/Streets_Permitting/MapServer/2","title":"Street light L014852"},"type":"Feature"},{"geometry":{"coordinates":[-90.23210899172265,38.72132479395216],"type":"Point"},"id":"stl-city-public-streetlights:2:122133","properties":{"address":null,"attributes":{"Date_Installed":"2/14/2018","LED_Powered":1,"LightID":"L014853","Light_Source":"LED","Light_Type":"Cobra","Lighting_Type":"LED-Powered Lamp","Verification_Date":null},"id":"stl-city-public-streetlights:2:122133","sourceLayerId":2,"sourceObjectId":122133,"sourceURL":"https://maps8.stlouis-mo.gov/arcgis/rest/services/STREETS/Streets_Permitting/MapServer/2","title":"Street light L014853"},"type":"Feature"},{"geometry":{"coordinates":[-90.23020643549214,38.72201779033006],"type":"Point"},"id":"stl-city-public-streetlights:2:122137","properties":{"address":null,"attributes":{"Date_Installed":"6/25/2018","LED_Powered":1,"LightID":"L014857","Light_Source":"LED","Light_Type":"Cobra","Lighting_Type":"LED-Powered Lamp","Verification_Date":null},"id":"stl-city-public-streetlights:2:122137","sourceLayerId":2,"sourceObjectId":122137,"sourceURL":"https://maps8.stlouis-mo.gov/arcgis/rest/services/STREETS/Streets_Permitting/MapServer/2","title":"Street light L014857"},"type":"Feature"},{"geometry":{"coordinates":[-90.23044160336616,38.72560890384811],"type":"Point"},"id":"stl-city-public-streetlights:2:123117","properties":{"address":null,"attributes":{"Date_Installed":"6/25/2018","LED_Powered":1,"LightID":"L015837","Light_Source":"LED","Light_Type":"Cobra","Lighting_Type":"LED-Powered Lamp","Verification_Date":null},"id":"stl-city-public-streetlights:2:123117","sourceLayerId":2,"sourceObjectId":123117,"sourceURL":"https://maps8.stlouis-mo.gov/arcgis/rest/services/STREETS/Streets_Permitting/MapServer/2","title":"Street light L015837"},"type":"Feature"},{"geometry":{"coordinates":[-90.23037798821703,38.725533674572596],"type":"Point"},"id":"stl-city-public-streetlights:2:123118","properties":{"address":null,"attributes":{"Date_Installed":"6/25/2018","LED_Powered":1,"LightID":"L015838","Light_Source":"LED","Light_Type":"Cobra","Lighting_Type":"LED-Powered Lamp","Verification_Date":null},"id":"stl-city-public-streetlights:2:123118","sourceLayerId":2,"sourceObjectId":123118,"sourceURL":"https://maps8.stlouis-mo.gov/arcgis/rest/services/STREETS/Streets_Permitting/MapServer/2","title":"Street light L015838"},"type":"Feature"},{"geometry":{"coordinates":[-90.23057376129266,38.725175545793704],"type":"Point"},"id":"stl-city-public-streetlights:2:123152","properties":{"address":null,"attributes":{"Date_Installed":"6/25/2018","LED_Powered":1,"LightID":"L015872","Light_Source":"LED","Light_Type":"Cobra","Lighting_Type":"LED-Powered Lamp","Verification_Date":null},"id":"stl-city-public-streetlights:2:123152","sourceLayerId":2,"sourceObjectId":123152,"sourceURL":"https://maps8.stlouis-mo.gov/arcgis/rest/services/STREETS/Streets_Permitting/MapServer/2","title":"Street light L015872"},"type":"Feature"},{"geometry":{"coordinates":[-90.23039717420957,38.724879956849705],"type":"Point"},"id":"stl-city-public-streetlights:2:123153","properties":{"address":null,"attributes":{"Date_Installed":"6/25/2018","LED_Powered":1,"LightID":"L015873","Light_Source":"LED","Light_Type":"Cobra","Lighting_Type":"LED-Powered Lamp","Verification_Date":null},"id":"stl-city-public-streetlights:2:123153","sourceLayerId":2,"sourceObjectId":123153,"sourceURL":"https://maps8.stlouis-mo.gov/arcgis/rest/services/STREETS/Streets_Permitting/MapServer/2","title":"Street light L015873"},"type":"Feature"},{"geometry":{"coordinates":[-90.23032052795,38.72454798659553],"type":"Point"},"id":"stl-city-public-streetlights:2:123154","properties":{"address":null,"attributes":{"Date_Installed":"6/25/2018","LED_Powered":1,"LightID":"L015874","Light_Source":"LED","Light_Type":"Cobra","Lighting_Type":"LED-Powered Lamp","Verification_Date":null},"id":"stl-city-public-streetlights:2:123154","sourceLayerId":2,"sourceObjectId":123154,"sourceURL":"https://maps8.stlouis-mo.gov/arcgis/rest/services/STREETS/Streets_Permitting/MapServer/2","title":"Street light L015874"},"type":"Feature"},{"geometry":{"coordinates":[-90.23036084380368,38.72418386985586],"type":"Point"},"id":"stl-city-public-streetlights:2:123155","properties":{"address":null,"attributes":{"Date_Installed":"6/25/2018","LED_Powered":1,"LightID":"L015875","Light_Source":"LED","Light_Type":"Cobra","Lighting_Type":"LED-Powered Lamp","Verification_Date":null},"id":"stl-city-public-streetlights:2:123155","sourceLayerId":2,"sourceObjectId":123155,"sourceURL":"https://maps8.stlouis-mo.gov/arcgis/rest/services/STREETS/Streets_Permitting/MapServer/2","title":"Street light L015875"},"type":"Feature"},{"geometry":{"coordinates":[-90.23042219071769,38.723769174141964],"type":"Point"},"id":"stl-city-public-streetlights:2:123156","properties":{"address":null,"attributes":{"Date_Installed":"8/1/2016","LED_Powered":1,"LightID":"L015876","Light_Source":"LED","Light_Type":"Cobra","Lighting_Type":"LED-Powered Lamp","Verification_Date":null},"id":"stl-city-public-streetlights:2:123156","sourceLayerId":2,"sourceObjectId":123156,"sourceURL":"https://maps8.stlouis-mo.gov/arcgis/rest/services/STREETS/Streets_Permitting/MapServer/2","title":"Street light L015876"},"type":"Feature"},{"geometry":{"coordinates":[-90.23048048979634,38.72343703933537],"type":"Point"},"id":"stl-city-public-streetlights:2:123157","properties":{"address":null,"attributes":{"Date_Installed":"8/1/2016","LED_Powered":1,"LightID":"L015877","Light_Source":"LED","Light_Type":"Cobra","Lighting_Type":"LED-Powered Lamp","Verification_Date":null},"id":"stl-city-public-streetlights:2:123157","sourceLayerId":2,"sourceObjectId":123157,"sourceURL":"https://maps8.stlouis-mo.gov/arcgis/rest/services/STREETS/Streets_Permitting/MapServer/2","title":"Street light L015877"},"type":"Feature"},{"geometry":{"coordinates":[-90.23054162183352,38.72311992591167],"type":"Point"},"id":"stl-city-public-streetlights:2:123158","properties":{"address":null,"attributes":{"Date_Installed":"8/1/2016","LED_Powered":1,"LightID":"L015878","Light_Source":"LED","Light_Type":"Cobra","Lighting_Type":"LED-Powered Lamp","Verification_Date":null},"id":"stl-city-public-streetlights:2:123158","sourceLayerId":2,"sourceObjectId":123158,"sourceURL":"https://maps8.stlouis-mo.gov/arcgis/rest/services/STREETS/Streets_Permitting/MapServer/2","title":"Street light L015878"},"type":"Feature"},{"geometry":{"coordinates":[-90.23034505466445,38.722899827406856],"type":"Point"},"id":"stl-city-public-streetlights:2:123159","properties":{"address":null,"attributes":{"Date_Installed":"8/1/2016","LED_Powered":1,"LightID":"L015879","Light_Source":"LED","Light_Type":"Cobra","Lighting_Type":"LED-Powered Lamp","Verification_Date":null},"id":"stl-city-public-streetlights:2:123159","sourceLayerId":2,"sourceObjectId":123159,"sourceURL":"https://maps8.stlouis-mo.gov/arcgis/rest/services/STREETS/Streets_Permitting/MapServer/2","title":"Street light L015879"},"type":"Feature"},{"geometry":{"coordinates":[-90.23014680160372,38.72262287488158],"type":"Point"},"id":"stl-city-public-streetlights:2:123160","properties":{"address":null,"attributes":{"Date_Installed":"8/1/2016","LED_Powered":1,"LightID":"L015880","Light_Source":"LED","Light_Type":"Cobra","Lighting_Type":"LED-Powered Lamp","Verification_Date":null},"id":"stl-city-public-streetlights:2:123160","sourceLayerId":2,"sourceObjectId":123160,"sourceURL":"https://maps8.stlouis-mo.gov/arcgis/rest/services/STREETS/Streets_Permitting/MapServer/2","title":"Street light L015880"},"type":"Feature"},{"geometry":{"coordinates":[-90.23018522517756,38.722276273055215],"type":"Point"},"id":"stl-city-public-streetlights:2:123161","properties":{"address":null,"attributes":{"Date_Installed":"8/1/2016","LED_Powered":1,"LightID":"L015881","Light_Source":"LED","Light_Type":"Cobra","Lighting_Type":"LED-Powered Lamp","Verification_Date":null},"id":"stl-city-public-streetlights:2:123161","sourceLayerId":2,"sourceObjectId":123161,"sourceURL":"https://maps8.stlouis-mo.gov/arcgis/rest/services/STREETS/Streets_Permitting/MapServer/2","title":"Street light L015881"},"type":"Feature"},{"geometry":{"coordinates":[-90.23014066866352,38.72598249646136],"type":"Point"},"id":"stl-city-public-streetlights:2:123163","properties":{"address":null,"attributes":{"Date_Installed":"6/25/2018","LED_Powered":1,"LightID":"L015883","Light_Source":"LED","Light_Type":"Cobra","Lighting_Type":"LED-Powered Lamp","Verification_Date":null},"id":"stl-city-public-streetlights:2:123163","sourceLayerId":2,"sourceObjectId":123163,"sourceURL":"https://maps8.stlouis-mo.gov/arcgis/rest/services/STREETS/Streets_Permitting/MapServer/2","title":"Street light L015883"},"type":"Feature"},{"geometry":{"coordinates":[-90.23007473953868,38.72636059312456],"type":"Point"},"id":"stl-city-public-streetlights:2:123164","properties":{"address":null,"attributes":{"Date_Installed":"6/25/2018","LED_Powered":1,"LightID":"L015884","Light_Source":"LED","Light_Type":"Cobra","Lighting_Type":"LED-Powered Lamp","Verification_Date":null},"id":"stl-city-public-streetlights:2:123164","sourceLayerId":2,"sourceObjectId":123164,"sourceURL":"https://maps8.stlouis-mo.gov/arcgis/rest/services/STREETS/Streets_Permitting/MapServer/2","title":"Street light L015884"},"type":"Feature"},{"geometry":{"coordinates":[-90.23007444845332,38.72668034833538],"type":"Point"},"id":"stl-city-public-streetlights:2:123165","properties":{"address":null,"attributes":{"Date_Installed":"6/25/2018","LED_Powered":1,"LightID":"L015885","Light_Source":"LED","Light_Type":"Cobra","Lighting_Type":"LED-Powered Lamp","Verification_Date":null},"id":"stl-city-public-streetlights:2:123165","sourceLayerId":2,"sourceObjectId":123165,"sourceURL":"https://maps8.stlouis-mo.gov/arcgis/rest/services/STREETS/Streets_Permitting/MapServer/2","title":"Street light L015885"},"type":"Feature"},{"geometry":{"coordinates":[-90.23038963084669,38.72669509140753],"type":"Point"},"id":"stl-city-public-streetlights:2:123166","properties":{"address":null,"attributes":{"Date_Installed":"6/25/2018","LED_Powered":1,"LightID":"L015886","Light_Source":"LED","Light_Type":"Cobra","Lighting_Type":"LED-Powered Lamp","Verification_Date":null},"id":"stl-city-public-streetlights:2:123166","sourceLayerId":2,"sourceObjectId":123166,"sourceURL":"https://maps8.stlouis-mo.gov/arcgis/rest/services/STREETS/Streets_Permitting/MapServer/2","title":"Street light L015886"},"type":"Feature"},{"geometry":{"coordinates":[-90.23082502722879,38.72652543096685],"type":"Point"},"id":"stl-city-public-streetlights:2:123167","properties":{"address":null,"attributes":{"Date_Installed":"6/25/2018","LED_Powered":1,"LightID":"L015887","Light_Source":"LED","Light_Type":"Cobra","Lighting_Type":"LED-Powered Lamp","Verification_Date":null},"id":"stl-city-public-streetlights:2:123167","sourceLayerId":2,"sourceObjectId":123167,"sourceURL":"https://maps8.stlouis-mo.gov/arcgis/rest/services/STREETS/Streets_Permitting/MapServer/2","title":"Street light L015887"},"type":"Feature"},{"geometry":{"coordinates":[-90.23094600640496,38.72677800234828],"type":"Point"},"id":"stl-city-public-streetlights:2:123168","properties":{"address":null,"attributes":{"Date_Installed":"6/25/2018","LED_Powered":1,"LightID":"L015888","Light_Source":"LED","Light_Type":"Cobra","Lighting_Type":"LED-Powered Lamp","Verification_Date":null},"id":"stl-city-public-streetlights:2:123168","sourceLayerId":2,"sourceObjectId":123168,"sourceURL":"https://maps8.stlouis-mo.gov/arcgis/rest/services/STREETS/Streets_Permitting/MapServer/2","title":"Street light L015888"},"type":"Feature"},{"geometry":{"coordinates":[-90.23123823510839,38.72636525185958],"type":"Point"},"id":"stl-city-public-streetlights:2:123169","properties":{"address":null,"attributes":{"Date_Installed":"6/25/2018","LED_Powered":1,"LightID":"L015889","Light_Source":"LED","Light_Type":"Cobra","Lighting_Type":"LED-Powered Lamp","Verification_Date":null},"id":"stl-city-public-streetlights:2:123169","sourceLayerId":2,"sourceObjectId":123169,"sourceURL":"https://maps8.stlouis-mo.gov/arcgis/rest/services/STREETS/Streets_Permitting/MapServer/2","title":"Street light L015889"},"type":"Feature"},{"geometry":{"coordinates":[-90.23164123440333,38.72620449922021],"type":"Point"},"id":"stl-city-public-streetlights:2:123170","properties":{"address":null,"attributes":{"Date_Installed":"6/25/2018","LED_Powered":1,"LightID":"L015890","Light_Source":"LED","Light_Type":"Cobra","Lighting_Type":"LED-Powered Lamp","Verification_Date":null},"id":"stl-city-public-streetlights:2:123170","sourceLayerId":2,"sourceObjectId":123170,"sourceURL":"https://maps8.stlouis-mo.gov/arcgis/rest/services/STREETS/Streets_Permitting/MapServer/2","title":"Street light L015890"},"type":"Feature"},{"geometry":{"coordinates":[-90.23201688998914,38.726060630687705],"type":"Point"},"id":"stl-city-public-streetlights:2:123171","properties":{"address":null,"attributes":{"Date_Installed":"6/25/2018","LED_Powered":1,"LightID":"L015891","Light_Source":"LED","Light_Type":"Cobra","Lighting_Type":"LED-Powered Lamp","Verification_Date":null},"id":"stl-city-public-streetlights:2:123171","sourceLayerId":2,"sourceObjectId":123171,"sourceURL":"https://maps8.stlouis-mo.gov/arcgis/rest/services/STREETS/Streets_Permitting/MapServer/2","title":"Street light L015891"},"type":"Feature"},{"geometry":{"coordinates":[-90.23235625481301,38.72588931467174],"type":"Point"},"id":"stl-city-public-streetlights:2:123172","properties":{"address":null,"attributes":{"Date_Installed":"6/25/2018","LED_Powered":1,"LightID":"L015892","Light_Source":"LED","Light_Type":"Cobra","Lighting_Type":"LED-Powered Lamp","Verification_Date":null},"id":"stl-city-public-streetlights:2:123172","sourceLayerId":2,"sourceObjectId":123172,"sourceURL":"https://maps8.stlouis-mo.gov/arcgis/rest/services/STREETS/Streets_Permitting/MapServer/2","title":"Street light L015892"},"type":"Feature"},{"geometry":{"coordinates":[-90.23256520302516,38.72570978522511],"type":"Point"},"id":"stl-city-public-streetlights:2:123173","properties":{"address":null,"attributes":{"Date_Installed":"6/25/2018","LED_Powered":1,"LightID":"L015893","Light_Source":"LED","Light_Type":"Cobra","Lighting_Type":"LED-Powered Lamp","Verification_Date":null},"id":"stl-city-public-streetlights:2:123173","sourceLayerId":2,"sourceObjectId":123173,"sourceURL":"https://maps8.stlouis-mo.gov/arcgis/rest/services/STREETS/Streets_Permitting/MapServer/2","title":"Street light L015893"},"type":"Feature"},{"geometry":{"coordinates":[-90.2324755558077,38.7255525187453],"type":"Point"},"id":"stl-city-public-streetlights:2:123174","properties":{"address":null,"attributes":{"Date_Installed":"6/25/2018","LED_Powered":1,"LightID":"L015894","Light_Source":"LED","Light_Type":"Cobra","Lighting_Type":"LED-Powered Lamp","Verification_Date":null},"id":"stl-city-public-streetlights:2:123174","sourceLayerId":2,"sourceObjectId":123174,"sourceURL":"https://maps8.stlouis-mo.gov/arcgis/rest/services/STREETS/Streets_Permitting/MapServer/2","title":"Street light L015894"},"type":"Feature"},{"geometry":{"coordinates":[-90.23206829272486,38.72542668692206],"type":"Point"},"id":"stl-city-public-streetlights:2:123175","properties":{"address":null,"attributes":{"Date_Installed":"6/25/2018","LED_Powered":1,"LightID":"L015895","Light_Source":"LED","Light_Type":"Cobra","Lighting_Type":"LED-Powered Lamp","Verification_Date":null},"id":"stl-city-public-streetlights:2:123175","sourceLayerId":2,"sourceObjectId":123175,"sourceURL":"https://maps8.stlouis-mo.gov/arcgis/rest/services/STREETS/Streets_Permitting/MapServer/2","title":"Street light L015895"},"type":"Feature"},{"geometry":{"coordinates":[-90.2317170793053,38.72518657107911],"type":"Point"},"id":"stl-city-public-streetlights:2:123176","properties":{"address":null,"attributes":{"Date_Installed":"6/25/2018","LED_Powered":1,"LightID":"L015896","Light_Source":"LED","Light_Type":"Cobra","Lighting_Type":"LED-Powered Lamp","Verification_Date":null},"id":"stl-city-public-streetlights:2:123176","sourceLayerId":2,"sourceObjectId":123176,"sourceURL":"https://maps8.stlouis-mo.gov/arcgis/rest/services/STREETS/Streets_Permitting/MapServer/2","title":"Street light L015896"},"type":"Feature"},{"geometry":{"coordinates":[-90.23140675687223,38.72611074807626],"type":"Point"},"id":"stl-city-public-streetlights:2:123177","properties":{"address":null,"attributes":{"Date_Installed":"6/25/2018","LED_Powered":1,"LightID":"L015897","Light_Source":"LED","Light_Type":"Cobra","Lighting_Type":"LED-Powered Lamp","Verification_Date":null},"id":"stl-city-public-streetlights:2:123177","sourceLayerId":2,"sourceObjectId":123177,"sourceURL":"https://maps8.stlouis-mo.gov/arcgis/rest/services/STREETS/Streets_Permitting/MapServer/2","title":"Street light L015897"},"type":"Feature"},{"geometry":{"coordinates":[-90.23115376014962,38.725822945790455],"type":"Point"},"id":"stl-city-public-streetlights:2:123178","properties":{"address":null,"attributes":{"Date_Installed":"6/25/2018","LED_Powered":1,"LightID":"L015898","Light_Source":"LED","Light_Type":"Cobra","Lighting_Type":"LED-Powered Lamp","Verification_Date":null},"id":"stl-city-public-streetlights:2:123178","sourceLayerId":2,"sourceObjectId":123178,"sourceURL":"https://maps8.stlouis-mo.gov/arcgis/rest/services/STREETS/Streets_Permitting/MapServer/2","title":"Street light L015898"},"type":"Feature"},{"geometry":{"coordinates":[-90.23092956053934,38.7255650047879],"type":"Point"},"id":"stl-city-public-streetlights:2:123179","properties":{"address":null,"attributes":{"Date_Installed":"6/25/2018","LED_Powered":1,"LightID":"L015899","Light_Source":"LED","Light_Type":"Cobra","Lighting_Type":"LED-Powered Lamp","Verification_Date":null},"id":"stl-city-public-streetlights:2:123179","sourceLayerId":2,"sourceObjectId":123179,"sourceURL":"https://maps8.stlouis-mo.gov/arcgis/rest/services/STREETS/Streets_Permitting/MapServer/2","title":"Street light L015899"},"type":"Feature"},{"geometry":{"coordinates":[-90.23354053816475,38.72587840120932],"type":"Point"},"id":"stl-city-public-streetlights:2:123180","properties":{"address":null,"attributes":{"Date_Installed":"6/25/2018","LED_Powered":1,"LightID":"L015900","Light_Source":"LED","Light_Type":"Cobra","Lighting_Type":"LED-Powered Lamp","Verification_Date":null},"id":"stl-city-public-streetlights:2:123180","sourceLayerId":2,"sourceObjectId":123180,"sourceURL":"https://maps8.stlouis-mo.gov/arcgis/rest/services/STREETS/Streets_Permitting/MapServer/2","title":"Street light L015900"},"type":"Feature"},{"geometry":{"coordinates":[-90.23319647534804,38.72577559958398],"type":"Point"},"id":"stl-city-public-streetlights:2:123181","properties":{"address":null,"attributes":{"Date_Installed":"6/25/2018","LED_Powered":1,"LightID":"L015901","Light_Source":"LED","Light_Type":"Cobra","Lighting_Type":"LED-Powered Lamp","Verification_Date":null},"id":"stl-city-public-streetlights:2:123181","sourceLayerId":2,"sourceObjectId":123181,"sourceURL":"https://maps8.stlouis-mo.gov/arcgis/rest/services/STREETS/Streets_Permitting/MapServer/2","title":"Street light L015901"},"type":"Feature"},{"geometry":{"coordinates":[-90.23285879292905,38.72565946414896],"type":"Point"},"id":"stl-city-public-streetlights:2:123182","properties":{"address":null,"attributes":{"Date_Installed":"6/25/2018","LED_Powered":1,"LightID":"L015902","Light_Source":"LED","Light_Type":"Cobra","Lighting_Type":"LED-Powered Lamp","Verification_Date":null},"id":"stl-city-public-streetlights:2:123182","sourceLayerId":2,"sourceObjectId":123182,"sourceURL":"https://maps8.stlouis-mo.gov/arcgis/rest/services/STREETS/Streets_Permitting/MapServer/2","title":"Street light L015902"},"type":"Feature"},{"geometry":{"coordinates":[-90.23284669265523,38.725415700050505],"type":"Point"},"id":"stl-city-public-streetlights:2:123183","properties":{"address":null,"attributes":{"Date_Installed":"6/25/2018","LED_Powered":1,"LightID":"L015903","Light_Source":"LED","Light_Type":"Cobra","Lighting_Type":"LED-Powered Lamp","Verification_Date":null},"id":"stl-city-public-streetlights:2:123183","sourceLayerId":2,"sourceObjectId":123183,"sourceURL":"https://maps8.stlouis-mo.gov/arcgis/rest/services/STREETS/Streets_Permitting/MapServer/2","title":"Street light L015903"},"type":"Feature"},{"geometry":{"coordinates":[-90.23312271436474,38.72515890516671],"type":"Point"},"id":"stl-city-public-streetlights:2:123184","properties":{"address":null,"attributes":{"Date_Installed":"6/25/2018","LED_Powered":1,"LightID":"L015904","Light_Source":"LED","Light_Type":"Cobra","Lighting_Type":"LED-Powered Lamp","Verification_Date":null},"id":"stl-city-public-streetlights:2:123184","sourceLayerId":2,"sourceObjectId":123184,"sourceURL":"https://maps8.stlouis-mo.gov/arcgis/rest/services/STREETS/Streets_Permitting/MapServer/2","title":"Street light L015904"},"type":"Feature"},{"geometry":{"coordinates":[-90.23343986206612,38.72497084923108],"type":"Point"},"id":"stl-city-public-streetlights:2:123185","properties":{"address":null,"attributes":{"Date_Installed":"6/25/2018","LED_Powered":1,"LightID":"L015905","Light_Source":"LED","Light_Type":"Cobra","Lighting_Type":"LED-Powered Lamp","Verification_Date":null},"id":"stl-city-public-streetlights:2:123185","sourceLayerId":2,"sourceObjectId":123185,"sourceURL":"https://maps8.stlouis-mo.gov/arcgis/rest/services/STREETS/Streets_Permitting/MapServer/2","title":"Street light L015905"},"type":"Feature"},{"geometry":{"coordinates":[-90.2337537321887,38.72480435733801],"type":"Point"},"id":"stl-city-public-streetlights:2:123186","properties":{"address":null,"attributes":{"Date_Installed":"6/25/2018","LED_Powered":1,"LightID":"L015906","Light_Source":"LED","Light_Type":"Cobra","Lighting_Type":"LED-Powered Lamp","Verification_Date":null},"id":"stl-city-public-streetlights:2:123186","sourceLayerId":2,"sourceObjectId":123186,"sourceURL":"https://maps8.stlouis-mo.gov/arcgis/rest/services/STREETS/Streets_Permitting/MapServer/2","title":"Street light L015906"},"type":"Feature"},{"geometry":{"coordinates":[-90.23418423762533,38.72456983982947],"type":"Point"},"id":"stl-city-public-streetlights:2:123187","properties":{"address":null,"attributes":{"Date_Installed":"6/25/2018","LED_Powered":1,"LightID":"L015907","Light_Source":"LED","Light_Type":"Cobra","Lighting_Type":"LED-Powered Lamp","Verification_Date":null},"id":"stl-city-public-streetlights:2:123187","sourceLayerId":2,"sourceObjectId":123187,"sourceURL":"https://maps8.stlouis-mo.gov/arcgis/rest/services/STREETS/Streets_Permitting/MapServer/2","title":"Street light L015907"},"type":"Feature"},{"geometry":{"coordinates":[-90.23451410758126,38.72439563472095],"type":"Point"},"id":"stl-city-public-streetlights:2:123188","properties":{"address":null,"attributes":{"Date_Installed":"6/25/2018","LED_Powered":1,"LightID":"L015908","Light_Source":"LED","Light_Type":"Cobra","Lighting_Type":"LED-Powered Lamp","Verification_Date":null},"id":"stl-city-public-streetlights:2:123188","sourceLayerId":2,"sourceObjectId":123188,"sourceURL":"https://maps8.stlouis-mo.gov/arcgis/rest/services/STREETS/Streets_Permitting/MapServer/2","title":"Street light L015908"},"type":"Feature"},{"geometry":{"coordinates":[-90.23487156155524,38.724194239729236],"type":"Point"},"id":"stl-city-public-streetlights:2:123189","properties":{"address":null,"attributes":{"Date_Installed":"6/25/2018","LED_Powered":1,"LightID":"L015909","Light_Source":"LED","Light_Type":"Cobra","Lighting_Type":"LED-Powered Lamp","Verification_Date":null},"id":"stl-city-public-streetlights:2:123189","sourceLayerId":2,"sourceObjectId":123189,"sourceURL":"https://maps8.stlouis-mo.gov/arcgis/rest/services/STREETS/Streets_Permitting/MapServer/2","title":"Street light L015909"},"type":"Feature"},{"geometry":{"coordinates":[-90.23517795619858,38.72403165935383],"type":"Point"},"id":"stl-city-public-streetlights:2:123190","properties":{"address":null,"attributes":{"Date_Installed":"6/25/2018","LED_Powered":1,"LightID":"L015910","Light_Source":"LED","Light_Type":"Cobra","Lighting_Type":"LED-Powered Lamp","Verification_Date":null},"id":"stl-city-public-streetlights:2:123190","sourceLayerId":2,"sourceObjectId":123190,"sourceURL":"https://maps8.stlouis-mo.gov/arcgis/rest/services/STREETS/Streets_Permitting/MapServer/2","title":"Street light L015910"},"type":"Feature"},{"geometry":{"coordinates":[-90.23557106434973,38.72386963196722],"type":"Point"},"id":"stl-city-public-streetlights:2:123191","properties":{"address":null,"attributes":{"Date_Installed":"6/25/2018","LED_Powered":1,"LightID":"L015911","Light_Source":"LED","Light_Type":"Cobra","Lighting_Type":"LED-Powered Lamp","Verification_Date":null},"id":"stl-city-public-streetlights:2:123191","sourceLayerId":2,"sourceObjectId":123191,"sourceURL":"https://maps8.stlouis-mo.gov/arcgis/rest/services/STREETS/Streets_Permitting/MapServer/2","title":"Street light L015911"},"type":"Feature"},{"geometry":{"coordinates":[-90.23595029607388,38.72375726964598],"type":"Point"},"id":"stl-city-public-streetlights:2:123192","properties":{"address":null,"attributes":{"Date_Installed":"6/25/2018","LED_Powered":1,"LightID":"L015912","Light_Source":"LED","Light_Type":"Cobra","Lighting_Type":"LED-Powered Lamp","Verification_Date":null},"id":"stl-city-public-streetlights:2:123192","sourceLayerId":2,"sourceObjectId":123192,"sourceURL":"https://maps8.stlouis-mo.gov/arcgis/rest/services/STREETS/Streets_Permitting/MapServer/2","title":"Street light L015912"},"type":"Feature"},{"geometry":{"coordinates":[-90.2363166034219,38.72368420559194],"type":"Point"},"id":"stl-city-public-streetlights:2:123193","properties":{"address":null,"attributes":{"Date_Installed":"6/25/2018","LED_Powered":1,"LightID":"L015913","Light_Source":"LED","Light_Type":"Cobra","Lighting_Type":"LED-Powered Lamp","Verification_Date":null},"id":"stl-city-public-streetlights:2:123193","sourceLayerId":2,"sourceObjectId":123193,"sourceURL":"https://maps8.stlouis-mo.gov/arcgis/rest/services/STREETS/Streets_Permitting/MapServer/2","title":"Street light L015913"},"type":"Feature"},{"geometry":{"coordinates":[-90.23668645074495,38.72364094303774],"type":"Point"},"id":"stl-city-public-streetlights:2:123194","properties":{"address":null,"attributes":{"Date_Installed":"6/25/2018","LED_Powered":1,"LightID":"L015914","Light_Source":"LED","Light_Type":"Cobra","Lighting_Type":"LED-Powered Lamp","Verification_Date":null},"id":"stl-city-public-streetlights:2:123194","sourceLayerId":2,"sourceObjectId":123194,"sourceURL":"https://maps8.stlouis-mo.gov/arcgis/rest/services/STREETS/Streets_Permitting/MapServer/2","title":"Street light L015914"},"type":"Feature"},{"geometry":{"coordinates":[-90.23710260551742,38.72378509181378],"type":"Point"},"id":"stl-city-public-streetlights:2:123195","properties":{"address":null,"attributes":{"Date_Installed":"6/25/2018","LED_Powered":1,"LightID":"L015915","Light_Source":"LED","Light_Type":"Cobra","Lighting_Type":"LED-Powered Lamp","Verification_Date":null},"id":"stl-city-public-streetlights:2:123195","sourceLayerId":2,"sourceObjectId":123195,"sourceURL":"https://maps8.stlouis-mo.gov/arcgis/rest/services/STREETS/Streets_Permitting/MapServer/2","title":"Street light L015915"},"type":"Feature"},{"geometry":{"coordinates":[-90.23711923199153,38.72410969233725],"type":"Point"},"id":"stl-city-public-streetlights:2:123196","properties":{"address":null,"attributes":{"Date_Installed":"6/25/2018","LED_Powered":1,"LightID":"L015916","Light_Source":"LED","Light_Type":"Cobra","Lighting_Type":"LED-Powered Lamp","Verification_Date":null},"id":"stl-city-public-streetlights:2:123196","sourceLayerId":2,"sourceObjectId":123196,"sourceURL":"https://maps8.stlouis-mo.gov/arcgis/rest/services/STREETS/Streets_Permitting/MapServer/2","title":"Street light L015916"},"type":"Feature"},{"geometry":{"coordinates":[-90.2370951856652,38.72444417318537],"type":"Point"},"id":"stl-city-public-streetlights:2:123197","properties":{"address":null,"attributes":{"Date_Installed":"6/25/2018","LED_Powered":1,"LightID":"L015917","Light_Source":"LED","Light_Type":"Cobra","Lighting_Type":"LED-Powered Lamp","Verification_Date":null},"id":"stl-city-public-streetlights:2:123197","sourceLayerId":2,"sourceObjectId":123197,"sourceURL":"https://maps8.stlouis-mo.gov/arcgis/rest/services/STREETS/Streets_Permitting/MapServer/2","title":"Street light L015917"},"type":"Feature"},{"geometry":{"coordinates":[-90.23601175398059,38.724602811235286],"type":"Point"},"id":"stl-city-public-streetlights:2:123198","properties":{"address":null,"attributes":{"Date_Installed":"6/25/2018","LED_Powered":1,"LightID":"L015918","Light_Source":"LED","Light_Type":"Cobra","Lighting_Type":"LED-Powered Lamp","Verification_Date":null},"id":"stl-city-public-streetlights:2:123198","sourceLayerId":2,"sourceObjectId":123198,"sourceURL":"https://maps8.stlouis-mo.gov/arcgis/rest/services/STREETS/Streets_Permitting/MapServer/2","title":"Street light L015918"},"type":"Feature"},{"geometry":{"coordinates":[-90.23591786282311,38.7243196214327],"type":"Point"},"id":"stl-city-public-streetlights:2:123199","properties":{"address":null,"attributes":{"Date_Installed":"6/25/2018","LED_Powered":1,"LightID":"L015919","Light_Source":"LED","Light_Type":"Cobra","Lighting_Type":"LED-Powered Lamp","Verification_Date":null},"id":"stl-city-public-streetlights:2:123199","sourceLayerId":2,"sourceObjectId":123199,"sourceURL":"https://maps8.stlouis-mo.gov/arcgis/rest/services/STREETS/Streets_Permitting/MapServer/2","title":"Street light L015919"},"type":"Feature"},{"geometry":{"coordinates":[-90.23573755677302,38.724036999296],"type":"Point"},"id":"stl-city-public-streetlights:2:123200","properties":{"address":null,"attributes":{"Date_Installed":"6/25/2018","LED_Powered":1,"LightID":"L015920","Light_Source":"LED","Light_Type":"Cobra","Lighting_Type":"LED-Powered Lamp","Verification_Date":null},"id":"stl-city-public-streetlights:2:123200","sourceLayerId":2,"sourceObjectId":123200,"sourceURL":"https://maps8.stlouis-mo.gov/arcgis/rest/services/STREETS/Streets_Permitting/MapServer/2","title":"Street light L015920"},"type":"Feature"},{"geometry":{"coordinates":[-90.23525455336505,38.72510124468285],"type":"Point"},"id":"stl-city-public-streetlights:2:123201","properties":{"address":null,"attributes":{"Date_Installed":"6/25/2018","LED_Powered":1,"LightID":"L015921","Light_Source":"LED","Light_Type":"Cobra","Lighting_Type":"LED-Powered Lamp","Verification_Date":null},"id":"stl-city-public-streetlights:2:123201","sourceLayerId":2,"sourceObjectId":123201,"sourceURL":"https://maps8.stlouis-mo.gov/arcgis/rest/services/STREETS/Streets_Permitting/MapServer/2","title":"Street light L015921"},"type":"Feature"},{"geometry":{"coordinates":[-90.23507681675042,38.72482339391856],"type":"Point"},"id":"stl-city-public-streetlights:2:123202","properties":{"address":null,"attributes":{"Date_Installed":"6/25/2018","LED_Powered":1,"LightID":"L015922","Light_Source":"LED","Light_Type":"Cobra","Lighting_Type":"LED-Powered Lamp","Verification_Date":null},"id":"stl-city-public-streetlights:2:123202","sourceLayerId":2,"sourceObjectId":123202,"sourceURL":"https://maps8.stlouis-mo.gov/arcgis/rest/services/STREETS/Streets_Permitting/MapServer/2","title":"Street light L015922"},"type":"Feature"},{"geometry":{"coordinates":[-90.23487109138644,38.72450352921563],"type":"Point"},"id":"stl-city-public-streetlights:2:123203","properties":{"address":null,"attributes":{"Date_Installed":"6/25/2018","LED_Powered":1,"LightID":"L015923","Light_Source":"LED","Light_Type":"Cobra","Lighting_Type":"LED-Powered Lamp","Verification_Date":null},"id":"stl-city-public-streetlights:2:123203","sourceLayerId":2,"sourceObjectId":123203,"sourceURL":"https://maps8.stlouis-mo.gov/arcgis/rest/services/STREETS/Streets_Permitting/MapServer/2","title":"Street light L015923"},"type":"Feature"},{"geometry":{"coordinates":[-90.2346809450356,38.72416739543556],"type":"Point"},"id":"stl-city-public-streetlights:2:123204","properties":{"address":null,"attributes":{"Date_Installed":"6/25/2018","LED_Powered":1,"LightID":"L015924","Light_Source":"LED","Light_Type":"Cobra","Lighting_Type":"LED-Powered Lamp","Verification_Date":null},"id":"stl-city-public-streetlights:2:123204","sourceLayerId":2,"sourceObjectId":123204,"sourceURL":"https://maps8.stlouis-mo.gov/arcgis/rest/services/STREETS/Streets_Permitting/MapServer/2","title":"Street light L015924"},"type":"Feature"},{"geometry":{"coordinates":[-90.23463097027238,38.723858370717046],"type":"Point"},"id":"stl-city-public-streetlights:2:123205","properties":{"address":null,"attributes":{"Date_Installed":"6/25/2018","LED_Powered":1,"LightID":"L015925","Light_Source":"LED","Light_Type":"Cobra","Lighting_Type":"LED-Powered Lamp","Verification_Date":null},"id":"stl-city-public-streetlights:2:123205","sourceLayerId":2,"sourceObjectId":123205,"sourceURL":"https://maps8.stlouis-mo.gov/arcgis/rest/services/STREETS/Streets_Permitting/MapServer/2","title":"Street light L015925"},"type":"Feature"},{"geometry":{"coordinates":[-90.2344953358337,38.72367500476458],"type":"Point"},"id":"stl-city-public-streetlights:2:123206","properties":{"address":null,"attributes":{"Date_Installed":"6/25/2018","LED_Powered":1,"LightID":"L015926","Light_Source":"LED","Light_Type":"Cobra","Lighting_Type":"LED-Powered Lamp","Verification_Date":null},"id":"stl-city-public-streetlights:2:123206","sourceLayerId":2,"sourceObjectId":123206,"sourceURL":"https://maps8.stlouis-mo.gov/arcgis/rest/services/STREETS/Streets_Permitting/MapServer/2","title":"Street light L015926"},"type":"Feature"},{"geometry":{"coordinates":[-90.23467118628638,38.723515227291855],"type":"Point"},"id":"stl-city-public-streetlights:2:123207","properties":{"address":null,"attributes":{"Date_Installed":"6/25/2018","LED_Powered":1,"LightID":"L015927","Light_Source":"LED","Light_Type":"Cobra","Lighting_Type":"LED-Powered Lamp","Verification_Date":null},"id":"stl-city-public-streetlights:2:123207","sourceLayerId":2,"sourceObjectId":123207,"sourceURL":"https://maps8.stlouis-mo.gov/arcgis/rest/services/STREETS/Streets_Permitting/MapServer/2","title":"Street light L015927"},"type":"Feature"},{"geometry":{"coordinates":[-90.23425207784875,38.72552148204643],"type":"Point"},"id":"stl-city-public-streetlights:2:123616","properties":{"address":null,"attributes":{"Date_Installed":"6/25/2018","LED_Powered":1,"LightID":"L016344","Light_Source":"LED","Light_Type":"Cobra","Lighting_Type":"LED-Powered Lamp","Verification_Date":null},"id":"stl-city-public-streetlights:2:123616","sourceLayerId":2,"sourceObjectId":123616,"sourceURL":"https://maps8.stlouis-mo.gov/arcgis/rest/services/STREETS/Streets_Permitting/MapServer/2","title":"Street light L016344"},"type":"Feature"},{"geometry":{"coordinates":[-90.23407521129151,38.72524546954744],"type":"Point"},"id":"stl-city-public-streetlights:2:123617","properties":{"address":null,"attributes":{"Date_Installed":"6/25/2018","LED_Powered":1,"LightID":"L016345","Light_Source":"LED","Light_Type":"Cobra","Lighting_Type":"LED-Powered Lamp","Verification_Date":null},"id":"stl-city-public-streetlights:2:123617","sourceLayerId":2,"sourceObjectId":123617,"sourceURL":"https://maps8.stlouis-mo.gov/arcgis/rest/services/STREETS/Streets_Permitting/MapServer/2","title":"Street light L016345"},"type":"Feature"},{"geometry":{"coordinates":[-90.23390275684953,38.72498050073946],"type":"Point"},"id":"stl-city-public-streetlights:2:123618","properties":{"address":null,"attributes":{"Date_Installed":"6/25/2018","LED_Powered":1,"LightID":"L016346","Light_Source":"LED","Light_Type":"Cobra","Lighting_Type":"LED-Powered Lamp","Verification_Date":null},"id":"stl-city-public-streetlights:2:123618","sourceLayerId":2,"sourceObjectId":123618,"sourceURL":"https://maps8.stlouis-mo.gov/arcgis/rest/services/STREETS/Streets_Permitting/MapServer/2","title":"Street light L016346"},"type":"Feature"},{"geometry":{"coordinates":[-90.23800484009408,38.72410336783697],"type":"Point"},"id":"stl-city-public-streetlights:2:123619","properties":{"address":null,"attributes":{"Date_Installed":"6/25/2018","LED_Powered":1,"LightID":"L016347","Light_Source":"LED","Light_Type":"Cobra","Lighting_Type":"LED-Powered Lamp","Verification_Date":null},"id":"stl-city-public-streetlights:2:123619","sourceLayerId":2,"sourceObjectId":123619,"sourceURL":"https://maps8.stlouis-mo.gov/arcgis/rest/services/STREETS/Streets_Permitting/MapServer/2","title":"Street light L016347"},"type":"Feature"},{"geometry":{"coordinates":[-90.23814673159593,38.723742431681956],"type":"Point"},"id":"stl-city-public-streetlights:2:123620","properties":{"address":null,"attributes":{"Date_Installed":"6/25/2018","LED_Powered":1,"LightID":"L016348","Light_Source":"LED","Light_Type":"Cobra","Lighting_Type":"LED-Powered Lamp","Verification_Date":null},"id":"stl-city-public-streetlights:2:123620","sourceLayerId":2,"sourceObjectId":123620,"sourceURL":"https://maps8.stlouis-mo.gov/arcgis/rest/services/STREETS/Streets_Permitting/MapServer/2","title":"Street light L016348"},"type":"Feature"},{"geometry":{"coordinates":[-90.23854742639719,38.723650368800136],"type":"Point"},"id":"stl-city-public-streetlights:2:123621","properties":{"address":null,"attributes":{"Date_Installed":"6/25/2018","LED_Powered":1,"LightID":"L016349","Light_Source":"LED","Light_Type":"Cobra","Lighting_Type":"LED-Powered Lamp","Verification_Date":null},"id":"stl-city-public-streetlights:2:123621","sourceLayerId":2,"sourceObjectId":123621,"sourceURL":"https://maps8.stlouis-mo.gov/arcgis/rest/services/STREETS/Streets_Permitting/MapServer/2","title":"Street light L016349"},"type":"Feature"},{"geometry":{"coordinates":[-90.23902237106756,38.72357277171256],"type":"Point"},"id":"stl-city-public-streetlights:2:123622","properties":{"address":null,"attributes":{"Date_Installed":"6/25/2018","LED_Powered":1,"LightID":"L016350","Light_Source":"LED","Light_Type":"Cobra","Lighting_Type":"LED-Powered Lamp","Verification_Date":null},"id":"stl-city-public-streetlights:2:123622","sourceLayerId":2,"sourceObjectId":123622,"sourceURL":"https://maps8.stlouis-mo.gov/arcgis/rest/services/STREETS/Streets_Permitting/MapServer/2","title":"Street light L016350"},"type":"Feature"},{"geometry":{"coordinates":[-90.23952155642927,38.723575047035744],"type":"Point"},"id":"stl-city-public-streetlights:2:123623","properties":{"address":null,"attributes":{"Date_Installed":"6/25/2018","LED_Powered":1,"LightID":"L016351","Light_Source":"LED","Light_Type":"Cobra","Lighting_Type":"LED-Powered Lamp","Verification_Date":null},"id":"stl-city-public-streetlights:2:123623","sourceLayerId":2,"sourceObjectId":123623,"sourceURL":"https://maps8.stlouis-mo.gov/arcgis/rest/services/STREETS/Streets_Permitting/MapServer/2","title":"Street light L016351"},"type":"Feature"},{"geometry":{"coordinates":[-90.23872807294634,38.723859001141186],"type":"Point"},"id":"stl-city-public-streetlights:2:123624","properties":{"address":null,"attributes":{"Date_Installed":"6/25/2018","LED_Powered":1,"LightID":"L016352","Light_Source":"LED","Light_Type":"Cobra","Lighting_Type":"LED-Powered Lamp","Verification_Date":null},"id":"stl-city-public-streetlights:2:123624","sourceLayerId":2,"sourceObjectId":123624,"sourceURL":"https://maps8.stlouis-mo.gov/arcgis/rest/services/STREETS/Streets_Permitting/MapServer/2","title":"Street light L016352"},"type":"Feature"},{"geometry":{"coordinates":[-90.23967521045637,38.72347086960019],"type":"Point"},"id":"stl-city-public-streetlights:2:123625","properties":{"address":null,"attributes":{"Date_Installed":"6/25/2018","LED_Powered":1,"LightID":"L016353","Light_Source":"LED","Light_Type":"Cobra","Lighting_Type":"LED-Powered Lamp","Verification_Date":null},"id":"stl-city-public-streetlights:2:123625","sourceLayerId":2,"sourceObjectId":123625,"sourceURL":"https://maps8.stlouis-mo.gov/arcgis/rest/services/STREETS/Streets_Permitting/MapServer/2","title":"Street light L016353"},"type":"Feature"},{"geometry":{"coordinates":[-90.23981007414044,38.723059447737135],"type":"Point"},"id":"stl-city-public-streetlights:2:123626","properties":{"address":null,"attributes":{"Date_Installed":"6/25/2018","LED_Powered":1,"LightID":"L016354","Light_Source":"LED","Light_Type":"Cobra","Lighting_Type":"LED-Powered Lamp","Verification_Date":null},"id":"stl-city-public-streetlights:2:123626","sourceLayerId":2,"sourceObjectId":123626,"sourceURL":"https://maps8.stlouis-mo.gov/arcgis/rest/services/STREETS/Streets_Permitting/MapServer/2","title":"Street light L016354"},"type":"Feature"},{"geometry":{"coordinates":[-90.23941504798118,38.72253594710117],"type":"Point"},"id":"stl-city-public-streetlights:2:123628","properties":{"address":null,"attributes":{"Date_Installed":"6/25/2018","LED_Powered":1,"LightID":"L016356","Light_Source":"LED","Light_Type":"Cobra","Lighting_Type":"LED-Powered Lamp","Verification_Date":null},"id":"stl-city-public-streetlights:2:123628","sourceLayerId":2,"sourceObjectId":123628,"sourceURL":"https://maps8.stlouis-mo.gov/arcgis/rest/services/STREETS/Streets_Permitting/MapServer/2","title":"Street light L016356"},"type":"Feature"},{"geometry":{"coordinates":[-90.23881365820311,38.72257989314522],"type":"Point"},"id":"stl-city-public-streetlights:2:123629","properties":{"address":null,"attributes":{"Date_Installed":"6/25/2018","LED_Powered":1,"LightID":"L016357","Light_Source":"LED","Light_Type":"Cobra","Lighting_Type":"LED-Powered Lamp","Verification_Date":null},"id":"stl-city-public-streetlights:2:123629","sourceLayerId":2,"sourceObjectId":123629,"sourceURL":"https://maps8.stlouis-mo.gov/arcgis/rest/services/STREETS/Streets_Permitting/MapServer/2","title":"Street light L016357"},"type":"Feature"},{"geometry":{"coordinates":[-90.23821044705011,38.72262264015703],"type":"Point"},"id":"stl-city-public-streetlights:2:123630","properties":{"address":null,"attributes":{"Date_Installed":"6/25/2018","LED_Powered":1,"LightID":"L016358","Light_Source":"LED","Light_Type":"Cobra","Lighting_Type":"LED-Powered Lamp","Verification_Date":null},"id":"stl-city-public-streetlights:2:123630","sourceLayerId":2,"sourceObjectId":123630,"sourceURL":"https://maps8.stlouis-mo.gov/arcgis/rest/services/STREETS/Streets_Permitting/MapServer/2","title":"Street light L016358"},"type":"Feature"},{"geometry":{"coordinates":[-90.23762063683508,38.722661361987974],"type":"Point"},"id":"stl-city-public-streetlights:2:123631","properties":{"address":null,"attributes":{"Date_Installed":"6/25/2018","LED_Powered":1,"LightID":"L016359","Light_Source":"LED","Light_Type":"Cobra","Lighting_Type":"LED-Powered Lamp","Verification_Date":null},"id":"stl-city-public-streetlights:2:123631","sourceLayerId":2,"sourceObjectId":123631,"sourceURL":"https://maps8.stlouis-mo.gov/arcgis/rest/services/STREETS/Streets_Permitting/MapServer/2","title":"Street light L016359"},"type":"Feature"},{"geometry":{"coordinates":[-90.23704307571725,38.722706326240335],"type":"Point"},"id":"stl-city-public-streetlights:2:123632","properties":{"address":null,"attributes":{"Date_Installed":"6/25/2018","LED_Powered":1,"LightID":"L016360","Light_Source":"LED","Light_Type":"Cobra","Lighting_Type":"LED-Powered Lamp","Verification_Date":null},"id":"stl-city-public-streetlights:2:123632","sourceLayerId":2,"sourceObjectId":123632,"sourceURL":"https://maps8.stlouis-mo.gov/arcgis/rest/services/STREETS/Streets_Permitting/MapServer/2","title":"Street light L016360"},"type":"Feature"},{"geometry":{"coordinates":[-90.23645934374659,38.722746724303754],"type":"Point"},"id":"stl-city-public-streetlights:2:123633","properties":{"address":null,"attributes":{"Date_Installed":"6/25/2018","LED_Powered":1,"LightID":"L016361","Light_Source":"LED","Light_Type":"Cobra","Lighting_Type":"LED-Powered Lamp","Verification_Date":null},"id":"stl-city-public-streetlights:2:123633","sourceLayerId":2,"sourceObjectId":123633,"sourceURL":"https://maps8.stlouis-mo.gov/arcgis/rest/services/STREETS/Streets_Permitting/MapServer/2","title":"Street light L016361"},"type":"Feature"},{"geometry":{"coordinates":[-90.23590894951903,38.72282294873577],"type":"Point"},"id":"stl-city-public-streetlights:2:123634","properties":{"address":null,"attributes":{"Date_Installed":"6/25/2018","LED_Powered":1,"LightID":"L016362","Light_Source":"LED","Light_Type":"Cobra","Lighting_Type":"LED-Powered Lamp","Verification_Date":null},"id":"stl-city-public-streetlights:2:123634","sourceLayerId":2,"sourceObjectId":123634,"sourceURL":"https://maps8.stlouis-mo.gov/arcgis/rest/services/STREETS/Streets_Permitting/MapServer/2","title":"Street light L016362"},"type":"Feature"},{"geometry":{"coordinates":[-90.23537586410663,38.7229492642365],"type":"Point"},"id":"stl-city-public-streetlights:2:123635","properties":{"address":null,"attributes":{"Date_Installed":"6/25/2018","LED_Powered":1,"LightID":"L016363","Light_Source":"LED","Light_Type":"Cobra","Lighting_Type":"LED-Powered Lamp","Verification_Date":null},"id":"stl-city-public-streetlights:2:123635","sourceLayerId":2,"sourceObjectId":123635,"sourceURL":"https://maps8.stlouis-mo.gov/arcgis/rest/services/STREETS/Streets_Permitting/MapServer/2","title":"Street light L016363"},"type":"Feature"},{"geometry":{"coordinates":[-90.23486860243925,38.7231265254598],"type":"Point"},"id":"stl-city-public-streetlights:2:123636","properties":{"address":null,"attributes":{"Date_Installed":"6/25/2018","LED_Powered":1,"LightID":"L016364","Light_Source":"LED","Light_Type":"Cobra","Lighting_Type":"LED-Powered Lamp","Verification_Date":null},"id":"stl-city-public-streetlights:2:123636","sourceLayerId":2,"sourceObjectId":123636,"sourceURL":"https://maps8.stlouis-mo.gov/arcgis/rest/services/STREETS/Streets_Permitting/MapServer/2","title":"Street light L016364"},"type":"Feature"},{"geometry":{"coordinates":[-90.23431338982616,38.723393417197315],"type":"Point"},"id":"stl-city-public-streetlights:2:123637","properties":{"address":null,"attributes":{"Date_Installed":"6/25/2018","LED_Powered":1,"LightID":"L016365","Light_Source":"LED","Light_Type":"Cobra","Lighting_Type":"LED-Powered Lamp","Verification_Date":null},"id":"stl-city-public-streetlights:2:123637","sourceLayerId":2,"sourceObjectId":123637,"sourceURL":"https://maps8.stlouis-mo.gov/arcgis/rest/services/STREETS/Streets_Permitting/MapServer/2","title":"Street light L016365"},"type":"Feature"},{"geometry":{"coordinates":[-90.23383014301234,38.723657609856176],"type":"Point"},"id":"stl-city-public-streetlights:2:123638","properties":{"address":null,"attributes":{"Date_Installed":"6/25/2018","LED_Powered":1,"LightID":"L016366","Light_Source":"LED","Light_Type":"Cobra","Lighting_Type":"LED-Powered Lamp","Verification_Date":null},"id":"stl-city-public-streetlights:2:123638","sourceLayerId":2,"sourceObjectId":123638,"sourceURL":"https://maps8.stlouis-mo.gov/arcgis/rest/services/STREETS/Streets_Permitting/MapServer/2","title":"Street light L016366"},"type":"Feature"},{"geometry":{"coordinates":[-90.2333359271992,38.72392463486413],"type":"Point"},"id":"stl-city-public-streetlights:2:123639","properties":{"address":null,"attributes":{"Date_Installed":"6/25/2018","LED_Powered":1,"LightID":"L016367","Light_Source":"LED","Light_Type":"Cobra","Lighting_Type":"LED-Powered Lamp","Verification_Date":null},"id":"stl-city-public-streetlights:2:123639","sourceLayerId":2,"sourceObjectId":123639,"sourceURL":"https://maps8.stlouis-mo.gov/arcgis/rest/services/STREETS/Streets_Permitting/MapServer/2","title":"Street light L016367"},"type":"Feature"},{"geometry":{"coordinates":[-90.23283957196676,38.72419356093279],"type":"Point"},"id":"stl-city-public-streetlights:2:123640","properties":{"address":null,"attributes":{"Date_Installed":"6/25/2018","LED_Powered":1,"LightID":"L016368","Light_Source":"LED","Light_Type":"Cobra","Lighting_Type":"LED-Powered Lamp","Verification_Date":null},"id":"stl-city-public-streetlights:2:123640","sourceLayerId":2,"sourceObjectId":123640,"sourceURL":"https://maps8.stlouis-mo.gov/arcgis/rest/services/STREETS/Streets_Permitting/MapServer/2","title":"Street light L016368"},"type":"Feature"},{"geometry":{"coordinates":[-90.23234201562333,38.72445699939629],"type":"Point"},"id":"stl-city-public-streetlights:2:123641","properties":{"address":null,"attributes":{"Date_Installed":"6/25/2018","LED_Powered":1,"LightID":"L016369","Light_Source":"LED","Light_Type":"Cobra","Lighting_Type":"LED-Powered Lamp","Verification_Date":null},"id":"stl-city-public-streetlights:2:123641","sourceLayerId":2,"sourceObjectId":123641,"sourceURL":"https://maps8.stlouis-mo.gov/arcgis/rest/services/STREETS/Streets_Permitting/MapServer/2","title":"Street light L016369"},"type":"Feature"},{"geometry":{"coordinates":[-90.23185720018066,38.72472964216996],"type":"Point"},"id":"stl-city-public-streetlights:2:123642","properties":{"address":null,"attributes":{"Date_Installed":"6/25/2018","LED_Powered":1,"LightID":"L016370","Light_Source":"LED","Light_Type":"Cobra","Lighting_Type":"LED-Powered Lamp","Verification_Date":null},"id":"stl-city-public-streetlights:2:123642","sourceLayerId":2,"sourceObjectId":123642,"sourceURL":"https://maps8.stlouis-mo.gov/arcgis/rest/services/STREETS/Streets_Permitting/MapServer/2","title":"Street light L016370"},"type":"Feature"},{"geometry":{"coordinates":[-90.23136904461228,38.72499989062305],"type":"Point"},"id":"stl-city-public-streetlights:2:123643","properties":{"address":null,"attributes":{"Date_Installed":"6/25/2018","LED_Powered":1,"LightID":"L016371","Light_Source":"LED","Light_Type":"Cobra","Lighting_Type":"LED-Powered Lamp","Verification_Date":null},"id":"stl-city-public-streetlights:2:123643","sourceLayerId":2,"sourceObjectId":123643,"sourceURL":"https://maps8.stlouis-mo.gov/arcgis/rest/services/STREETS/Streets_Permitting/MapServer/2","title":"Street light L016371"},"type":"Feature"},{"geometry":{"coordinates":[-90.2308734419062,38.725266902850976],"type":"Point"},"id":"stl-city-public-streetlights:2:123644","properties":{"address":null,"attributes":{"Date_Installed":"6/25/2018","LED_Powered":1,"LightID":"L016372","Light_Source":"LED","Light_Type":"Cobra","Lighting_Type":"LED-Powered Lamp","Verification_Date":null},"id":"stl-city-public-streetlights:2:123644","sourceLayerId":2,"sourceObjectId":123644,"sourceURL":"https://maps8.stlouis-mo.gov/arcgis/rest/services/STREETS/Streets_Permitting/MapServer/2","title":"Street light L016372"},"type":"Feature"},{"geometry":{"coordinates":[-90.23094163068669,38.72533975866873],"type":"Point"},"id":"stl-city-public-streetlights:2:123645","properties":{"address":null,"attributes":{"Date_Installed":"6/25/2018","LED_Powered":1,"LightID":"L016373","Light_Source":"LED","Light_Type":"Cobra","Lighting_Type":"LED-Powered Lamp","Verification_Date":null},"id":"stl-city-public-streetlights:2:123645","sourceLayerId":2,"sourceObjectId":123645,"sourceURL":"https://maps8.stlouis-mo.gov/arcgis/rest/services/STREETS/Streets_Permitting/MapServer/2","title":"Street light L016373"},"type":"Feature"},{"geometry":{"coordinates":[-90.23142963079238,38.7250715368328],"type":"Point"},"id":"stl-city-public-streetlights:2:123646","properties":{"address":null,"attributes":{"Date_Installed":"6/25/2018","LED_Powered":1,"LightID":"L016374","Light_Source":"LED","Light_Type":"Cobra","Lighting_Type":"LED-Powered Lamp","Verification_Date":null},"id":"stl-city-public-streetlights:2:123646","sourceLayerId":2,"sourceObjectId":123646,"sourceURL":"https://maps8.stlouis-mo.gov/arcgis/rest/services/STREETS/Streets_Permitting/MapServer/2","title":"Street light L016374"},"type":"Feature"},{"geometry":{"coordinates":[-90.23192384688568,38.724808452278616],"type":"Point"},"id":"stl-city-public-streetlights:2:123647","properties":{"address":null,"attributes":{"Date_Installed":"6/25/2018","LED_Powered":1,"LightID":"L016375","Light_Source":"LED","Light_Type":"Cobra","Lighting_Type":"LED-Powered Lamp","Verification_Date":null},"id":"stl-city-public-streetlights:2:123647","sourceLayerId":2,"sourceObjectId":123647,"sourceURL":"https://maps8.stlouis-mo.gov/arcgis/rest/services/STREETS/Streets_Permitting/MapServer/2","title":"Street light L016375"},"type":"Feature"},{"geometry":{"coordinates":[-90.23240411488368,38.72453103229002],"type":"Point"},"id":"stl-city-public-streetlights:2:123648","properties":{"address":null,"attributes":{"Date_Installed":"6/25/2018","LED_Powered":1,"LightID":"L016376","Light_Source":"LED","Light_Type":"Cobra","Lighting_Type":"LED-Powered Lamp","Verification_Date":null},"id":"stl-city-public-streetlights:2:123648","sourceLayerId":2,"sourceObjectId":123648,"sourceURL":"https://maps8.stlouis-mo.gov/arcgis/rest/services/STREETS/Streets_Permitting/MapServer/2","title":"Street light L016376"},"type":"Feature"},{"geometry":{"coordinates":[-90.2329107913183,38.724269998118466],"type":"Point"},"id":"stl-city-public-streetlights:2:123649","properties":{"address":null,"attributes":{"Date_Installed":"6/25/2018","LED_Powered":1,"LightID":"L016377","Light_Source":"LED","Light_Type":"Cobra","Lighting_Type":"LED-Powered Lamp","Verification_Date":null},"id":"stl-city-public-streetlights:2:123649","sourceLayerId":2,"sourceObjectId":123649,"sourceURL":"https://maps8.stlouis-mo.gov/arcgis/rest/services/STREETS/Streets_Permitting/MapServer/2","title":"Street light L016377"},"type":"Feature"},{"geometry":{"coordinates":[-90.23340258364465,38.724001061346925],"type":"Point"},"id":"stl-city-public-streetlights:2:123650","properties":{"address":null,"attributes":{"Date_Installed":"6/25/2018","LED_Powered":1,"LightID":"L016378","Light_Source":"LED","Light_Type":"Cobra","Lighting_Type":"LED-Powered Lamp","Verification_Date":null},"id":"stl-city-public-streetlights:2:123650","sourceLayerId":2,"sourceObjectId":123650,"sourceURL":"https://maps8.stlouis-mo.gov/arcgis/rest/services/STREETS/Streets_Permitting/MapServer/2","title":"Street light L016378"},"type":"Feature"},{"geometry":{"coordinates":[-90.23389985029975,38.723731659286585],"type":"Point"},"id":"stl-city-public-streetlights:2:123651","properties":{"address":null,"attributes":{"Date_Installed":"6/25/2018","LED_Powered":1,"LightID":"L016379","Light_Source":"LED","Light_Type":"Cobra","Lighting_Type":"LED-Powered Lamp","Verification_Date":null},"id":"stl-city-public-streetlights:2:123651","sourceLayerId":2,"sourceObjectId":123651,"sourceURL":"https://maps8.stlouis-mo.gov/arcgis/rest/services/STREETS/Streets_Permitting/MapServer/2","title":"Street light L016379"},"type":"Feature"},{"geometry":{"coordinates":[-90.23438158034187,38.72346627103828],"type":"Point"},"id":"stl-city-public-streetlights:2:123652","properties":{"address":null,"attributes":{"Date_Installed":"6/25/2018","LED_Powered":1,"LightID":"L016380","Light_Source":"LED","Light_Type":"Cobra","Lighting_Type":"LED-Powered Lamp","Verification_Date":null},"id":"stl-city-public-streetlights:2:123652","sourceLayerId":2,"sourceObjectId":123652,"sourceURL":"https://maps8.stlouis-mo.gov/arcgis/rest/services/STREETS/Streets_Permitting/MapServer/2","title":"Street light L016380"},"type":"Feature"},{"geometry":{"coordinates":[-90.2349230587267,38.72321126553414],"type":"Point"},"id":"stl-city-public-streetlights:2:123653","properties":{"address":null,"attributes":{"Date_Installed":"6/25/2018","LED_Powered":1,"LightID":"L016381","Light_Source":"LED","Light_Type":"Cobra","Lighting_Type":"LED-Powered Lamp","Verification_Date":null},"id":"stl-city-public-streetlights:2:123653","sourceLayerId":2,"sourceObjectId":123653,"sourceURL":"https://maps8.stlouis-mo.gov/arcgis/rest/services/STREETS/Streets_Permitting/MapServer/2","title":"Street light L016381"},"type":"Feature"},{"geometry":{"coordinates":[-90.23541356765875,38.72303873360425],"type":"Point"},"id":"stl-city-public-streetlights:2:123654","properties":{"address":null,"attributes":{"Date_Installed":"6/25/2018","LED_Powered":1,"LightID":"L016382","Light_Source":"LED","Light_Type":"Cobra","Lighting_Type":"LED-Powered Lamp","Verification_Date":null},"id":"stl-city-public-streetlights:2:123654","sourceLayerId":2,"sourceObjectId":123654,"sourceURL":"https://maps8.stlouis-mo.gov/arcgis/rest/services/STREETS/Streets_Permitting/MapServer/2","title":"Street light L016382"},"type":"Feature"},{"geometry":{"coordinates":[-90.23592838465296,38.72291595135152],"type":"Point"},"id":"stl-city-public-streetlights:2:123655","properties":{"address":null,"attributes":{"Date_Installed":"6/25/2018","LED_Powered":1,"LightID":"L016383","Light_Source":"LED","Light_Type":"Cobra","Lighting_Type":"LED-Powered Lamp","Verification_Date":null},"id":"stl-city-public-streetlights:2:123655","sourceLayerId":2,"sourceObjectId":123655,"sourceURL":"https://maps8.stlouis-mo.gov/arcgis/rest/services/STREETS/Streets_Permitting/MapServer/2","title":"Street light L016383"},"type":"Feature"},{"geometry":{"coordinates":[-90.23647131749892,38.72283905417476],"type":"Point"},"id":"stl-city-public-streetlights:2:123656","properties":{"address":null,"attributes":{"Date_Installed":"6/25/2018","LED_Powered":1,"LightID":"L016384","Light_Source":"LED","Light_Type":"Cobra","Lighting_Type":"LED-Powered Lamp","Verification_Date":null},"id":"stl-city-public-streetlights:2:123656","sourceLayerId":2,"sourceObjectId":123656,"sourceURL":"https://maps8.stlouis-mo.gov/arcgis/rest/services/STREETS/Streets_Permitting/MapServer/2","title":"Street light L016384"},"type":"Feature"},{"geometry":{"coordinates":[-90.23705947819612,38.72279693813242],"type":"Point"},"id":"stl-city-public-streetlights:2:123657","properties":{"address":null,"attributes":{"Date_Installed":"6/25/2018","LED_Powered":1,"LightID":"L016385","Light_Source":"LED","Light_Type":"Cobra","Lighting_Type":"LED-Powered Lamp","Verification_Date":null},"id":"stl-city-public-streetlights:2:123657","sourceLayerId":2,"sourceObjectId":123657,"sourceURL":"https://maps8.stlouis-mo.gov/arcgis/rest/services/STREETS/Streets_Permitting/MapServer/2","title":"Street light L016385"},"type":"Feature"},{"geometry":{"coordinates":[-90.237627291283,38.72275552840465],"type":"Point"},"id":"stl-city-public-streetlights:2:123658","properties":{"address":null,"attributes":{"Date_Installed":"6/25/2018","LED_Powered":1,"LightID":"L016386","Light_Source":"LED","Light_Type":"Cobra","Lighting_Type":"LED-Powered Lamp","Verification_Date":null},"id":"stl-city-public-streetlights:2:123658","sourceLayerId":2,"sourceObjectId":123658,"sourceURL":"https://maps8.stlouis-mo.gov/arcgis/rest/services/STREETS/Streets_Permitting/MapServer/2","title":"Street light L016386"},"type":"Feature"},{"geometry":{"coordinates":[-90.23821954952729,38.722712997712584],"type":"Point"},"id":"stl-city-public-streetlights:2:123659","properties":{"address":null,"attributes":{"Date_Installed":"6/25/2018","LED_Powered":1,"LightID":"L016387","Light_Source":"LED","Light_Type":"Cobra","Lighting_Type":"LED-Powered Lamp","Verification_Date":null},"id":"stl-city-public-streetlights:2:123659","sourceLayerId":2,"sourceObjectId":123659,"sourceURL":"https://maps8.stlouis-mo.gov/arcgis/rest/services/STREETS/Streets_Permitting/MapServer/2","title":"Street light L016387"},"type":"Feature"},{"geometry":{"coordinates":[-90.23882092573382,38.72267286900741],"type":"Point"},"id":"stl-city-public-streetlights:2:123660","properties":{"address":null,"attributes":{"Date_Installed":"6/25/2018","LED_Powered":1,"LightID":"L016388","Light_Source":"LED","Light_Type":"Cobra","Lighting_Type":"LED-Powered Lamp","Verification_Date":null},"id":"stl-city-public-streetlights:2:123660","sourceLayerId":2,"sourceObjectId":123660,"sourceURL":"https://maps8.stlouis-mo.gov/arcgis/rest/services/STREETS/Streets_Permitting/MapServer/2","title":"Street light L016388"},"type":"Feature"},{"geometry":{"coordinates":[-90.23942687619527,38.72263012495143],"type":"Point"},"id":"stl-city-public-streetlights:2:123661","properties":{"address":null,"attributes":{"Date_Installed":"6/25/2018","LED_Powered":1,"LightID":"L016389","Light_Source":"LED","Light_Type":"Cobra","Lighting_Type":"LED-Powered Lamp","Verification_Date":null},"id":"stl-city-public-streetlights:2:123661","sourceLayerId":2,"sourceObjectId":123661,"sourceURL":"https://maps8.stlouis-mo.gov/arcgis/rest/services/STREETS/Streets_Permitting/MapServer/2","title":"Street light L016389"},"type":"Feature"},{"geometry":{"coordinates":[-90.23021461218407,38.723950006546694],"type":"Point"},"id":"stl-city-public-streetlights:2:123664","properties":{"address":null,"attributes":{"Date_Installed":"6/25/2018","LED_Powered":1,"LightID":"L016392","Light_Source":"LED","Light_Type":"Cobra","Lighting_Type":"LED-Powered Lamp","Verification_Date":null},"id":"stl-city-public-streetlights:2:123664","sourceLayerId":2,"sourceObjectId":123664,"sourceURL":"https://maps8.stlouis-mo.gov/arcgis/rest/services/STREETS/Streets_Permitting/MapServer/2","title":"Street light L016392"},"type":"Feature"},{"geometry":{"coordinates":[-90.23062096550582,38.723990987436785],"type":"Point"},"id":"stl-city-public-streetlights:2:123665","properties":{"address":null,"attributes":{"Date_Installed":"6/25/2018","LED_Powered":1,"LightID":"L016393","Light_Source":"LED","Light_Type":"Cobra","Lighting_Type":"LED-Powered Lamp","Verification_Date":null},"id":"stl-city-public-streetlights:2:123665","sourceLayerId":2,"sourceObjectId":123665,"sourceURL":"https://maps8.stlouis-mo.gov/arcgis/rest/services/STREETS/Streets_Permitting/MapServer/2","title":"Street light L016393"},"type":"Feature"},{"geometry":{"coordinates":[-90.23099648382737,38.72401092087769],"type":"Point"},"id":"stl-city-public-streetlights:2:123666","properties":{"address":null,"attributes":{"Date_Installed":"6/25/2018","LED_Powered":1,"LightID":"L016394","Light_Source":"LED","Light_Type":"Cobra","Lighting_Type":"LED-Powered Lamp","Verification_Date":null},"id":"stl-city-public-streetlights:2:123666","sourceLayerId":2,"sourceObjectId":123666,"sourceURL":"https://maps8.stlouis-mo.gov/arcgis/rest/services/STREETS/Streets_Permitting/MapServer/2","title":"Street light L016394"},"type":"Feature"},{"geometry":{"coordinates":[-90.23137684796927,38.72384208477656],"type":"Point"},"id":"stl-city-public-streetlights:2:123667","properties":{"address":null,"attributes":{"Date_Installed":"6/25/2018","LED_Powered":1,"LightID":"L016395","Light_Source":"LED","Light_Type":"Cobra","Lighting_Type":"LED-Powered Lamp","Verification_Date":null},"id":"stl-city-public-streetlights:2:123667","sourceLayerId":2,"sourceObjectId":123667,"sourceURL":"https://maps8.stlouis-mo.gov/arcgis/rest/services/STREETS/Streets_Permitting/MapServer/2","title":"Street light L016395"},"type":"Feature"},{"geometry":{"coordinates":[-90.23172562316057,38.72365792041776],"type":"Point"},"id":"stl-city-public-streetlights:2:123668","properties":{"address":null,"attributes":{"Date_Installed":"6/25/2018","LED_Powered":1,"LightID":"L016396","Light_Source":"LED","Light_Type":"Cobra","Lighting_Type":"LED-Powered Lamp","Verification_Date":null},"id":"stl-city-public-streetlights:2:123668","sourceLayerId":2,"sourceObjectId":123668,"sourceURL":"https://maps8.stlouis-mo.gov/arcgis/rest/services/STREETS/Streets_Permitting/MapServer/2","title":"Street light L016396"},"type":"Feature"},{"geometry":{"coordinates":[-90.2320908121502,38.72347760603127],"type":"Point"},"id":"stl-city-public-streetlights:2:123669","properties":{"address":null,"attributes":{"Date_Installed":"6/25/2018","LED_Powered":1,"LightID":"L016397","Light_Source":"LED","Light_Type":"Cobra","Lighting_Type":"LED-Powered Lamp","Verification_Date":null},"id":"stl-city-public-streetlights:2:123669","sourceLayerId":2,"sourceObjectId":123669,"sourceURL":"https://maps8.stlouis-mo.gov/arcgis/rest/services/STREETS/Streets_Permitting/MapServer/2","title":"Street light L016397"},"type":"Feature"},{"geometry":{"coordinates":[-90.23241634629342,38.72324213909836],"type":"Point"},"id":"stl-city-public-streetlights:2:123670","properties":{"address":null,"attributes":{"Date_Installed":"6/25/2018","LED_Powered":1,"LightID":"L016398","Light_Source":"LED","Light_Type":"Cobra","Lighting_Type":"LED-Powered Lamp","Verification_Date":null},"id":"stl-city-public-streetlights:2:123670","sourceLayerId":2,"sourceObjectId":123670,"sourceURL":"https://maps8.stlouis-mo.gov/arcgis/rest/services/STREETS/Streets_Permitting/MapServer/2","title":"Street light L016398"},"type":"Feature"},{"geometry":{"coordinates":[-90.23387282251126,38.72336874018501],"type":"Point"},"id":"stl-city-public-streetlights:2:123671","properties":{"address":null,"attributes":{"Date_Installed":"6/25/2018","LED_Powered":1,"LightID":"L016399","Light_Source":"LED","Light_Type":"Cobra","Lighting_Type":"LED-Powered Lamp","Verification_Date":null},"id":"stl-city-public-streetlights:2:123671","sourceLayerId":2,"sourceObjectId":123671,"sourceURL":"https://maps8.stlouis-mo.gov/arcgis/rest/services/STREETS/Streets_Permitting/MapServer/2","title":"Street light L016399"},"type":"Feature"},{"geometry":{"coordinates":[-90.23349550049507,38.72321247147402],"type":"Point"},"id":"stl-city-public-streetlights:2:123672","properties":{"address":null,"attributes":{"Date_Installed":"6/25/2018","LED_Powered":1,"LightID":"L016400","Light_Source":"LED","Light_Type":"Cobra","Lighting_Type":"LED-Powered Lamp","Verification_Date":null},"id":"stl-city-public-streetlights:2:123672","sourceLayerId":2,"sourceObjectId":123672,"sourceURL":"https://maps8.stlouis-mo.gov/arcgis/rest/services/STREETS/Streets_Permitting/MapServer/2","title":"Street light L016400"},"type":"Feature"},{"geometry":{"coordinates":[-90.23308003730205,38.72316718980336],"type":"Point"},"id":"stl-city-public-streetlights:2:123673","properties":{"address":null,"attributes":{"Date_Installed":"6/25/2018","LED_Powered":1,"LightID":"L016401","Light_Source":"LED","Light_Type":"Cobra","Lighting_Type":"LED-Powered Lamp","Verification_Date":null},"id":"stl-city-public-streetlights:2:123673","sourceLayerId":2,"sourceObjectId":123673,"sourceURL":"https://maps8.stlouis-mo.gov/arcgis/rest/services/STREETS/Streets_Permitting/MapServer/2","title":"Street light L016401"},"type":"Feature"},{"geometry":{"coordinates":[-90.23262686168934,38.72311764846264],"type":"Point"},"id":"stl-city-public-streetlights:2:123674","properties":{"address":null,"attributes":{"Date_Installed":"6/25/2018","LED_Powered":1,"LightID":"L016402","Light_Source":"LED","Light_Type":"Cobra","Lighting_Type":"LED-Powered Lamp","Verification_Date":null},"id":"stl-city-public-streetlights:2:123674","sourceLayerId":2,"sourceObjectId":123674,"sourceURL":"https://maps8.stlouis-mo.gov/arcgis/rest/services/STREETS/Streets_Permitting/MapServer/2","title":"Street light L016402"},"type":"Feature"},{"geometry":{"coordinates":[-90.23216277000485,38.72306653175343],"type":"Point"},"id":"stl-city-public-streetlights:2:123675","properties":{"address":null,"attributes":{"Date_Installed":"6/25/2018","LED_Powered":1,"LightID":"L016403","Light_Source":"LED","Light_Type":"Cobra","Lighting_Type":"LED-Powered Lamp","Verification_Date":null},"id":"stl-city-public-streetlights:2:123675","sourceLayerId":2,"sourceObjectId":123675,"sourceURL":"https://maps8.stlouis-mo.gov/arcgis/rest/services/STREETS/Streets_Permitting/MapServer/2","title":"Street light L016403"},"type":"Feature"},{"geometry":{"coordinates":[-90.23175672058981,38.723026628961115],"type":"Point"},"id":"stl-city-public-streetlights:2:123676","properties":{"address":null,"attributes":{"Date_Installed":"6/25/2018","LED_Powered":1,"LightID":"L016404","Light_Source":"LED","Light_Type":"Cobra","Lighting_Type":"LED-Powered Lamp","Verification_Date":null},"id":"stl-city-public-streetlights:2:123676","sourceLayerId":2,"sourceObjectId":123676,"sourceURL":"https://maps8.stlouis-mo.gov/arcgis/rest/services/STREETS/Streets_Permitting/MapServer/2","title":"Street light L016404"},"type":"Feature"},{"geometry":{"coordinates":[-90.2312948185206,38.722976132732875],"type":"Point"},"id":"stl-city-public-streetlights:2:123677","properties":{"address":null,"attributes":{"Date_Installed":"6/25/2018","LED_Powered":1,"LightID":"L016405","Light_Source":"LED","Light_Type":"Cobra","Lighting_Type":"LED-Powered Lamp","Verification_Date":null},"id":"stl-city-public-streetlights:2:123677","sourceLayerId":2,"sourceObjectId":123677,"sourceURL":"https://maps8.stlouis-mo.gov/arcgis/rest/services/STREETS/Streets_Permitting/MapServer/2","title":"Street light L016405"},"type":"Feature"},{"geometry":{"coordinates":[-90.23084295114451,38.72293012342466],"type":"Point"},"id":"stl-city-public-streetlights:2:123678","properties":{"address":null,"attributes":{"Date_Installed":"6/25/2018","LED_Powered":1,"LightID":"L016406","Light_Source":"LED","Light_Type":"Cobra","Lighting_Type":"LED-Powered Lamp","Verification_Date":null},"id":"stl-city-public-streetlights:2:123678","sourceLayerId":2,"sourceObjectId":123678,"sourceURL":"https://maps8.stlouis-mo.gov/arcgis/rest/services/STREETS/Streets_Permitting/MapServer/2","title":"Street light L016406"},"type":"Feature"},{"geometry":{"coordinates":[-90.2306807727927,38.72206107195261],"type":"Point"},"id":"stl-city-public-streetlights:2:123679","properties":{"address":null,"attributes":{"Date_Installed":"2/14/2018","LED_Powered":1,"LightID":"L016407","Light_Source":"LED","Light_Type":"Cobra","Lighting_Type":"LED-Powered Lamp","Verification_Date":null},"id":"stl-city-public-streetlights:2:123679","sourceLayerId":2,"sourceObjectId":123679,"sourceURL":"https://maps8.stlouis-mo.gov/arcgis/rest/services/STREETS/Streets_Permitting/MapServer/2","title":"Street light L016407"},"type":"Feature"},{"geometry":{"coordinates":[-90.2311491545363,38.72211029905516],"type":"Point"},"id":"stl-city-public-streetlights:2:123680","properties":{"address":null,"attributes":{"Date_Installed":"2/14/2018","LED_Powered":1,"LightID":"L016408","Light_Source":"LED","Light_Type":"Cobra","Lighting_Type":"LED-Powered Lamp","Verification_Date":null},"id":"stl-city-public-streetlights:2:123680","sourceLayerId":2,"sourceObjectId":123680,"sourceURL":"https://maps8.stlouis-mo.gov/arcgis/rest/services/STREETS/Streets_Permitting/MapServer/2","title":"Street light L016408"},"type":"Feature"},{"geometry":{"coordinates":[-90.23156887873557,38.72215321365017],"type":"Point"},"id":"stl-city-public-streetlights:2:123681","properties":{"address":null,"attributes":{"Date_Installed":"2/14/2018","LED_Powered":1,"LightID":"L016409","Light_Source":"LED","Light_Type":"Cobra","Lighting_Type":"LED-Powered Lamp","Verification_Date":null},"id":"stl-city-public-streetlights:2:123681","sourceLayerId":2,"sourceObjectId":123681,"sourceURL":"https://maps8.stlouis-mo.gov/arcgis/rest/services/STREETS/Streets_Permitting/MapServer/2","title":"Street light L016409"},"type":"Feature"},{"geometry":{"coordinates":[-90.23200305815217,38.722195326562854],"type":"Point"},"id":"stl-city-public-streetlights:2:123682","properties":{"address":null,"attributes":{"Date_Installed":"2/14/2018","LED_Powered":1,"LightID":"L016410","Light_Source":"LED","Light_Type":"Cobra","Lighting_Type":"LED-Powered Lamp","Verification_Date":null},"id":"stl-city-public-streetlights:2:123682","sourceLayerId":2,"sourceObjectId":123682,"sourceURL":"https://maps8.stlouis-mo.gov/arcgis/rest/services/STREETS/Streets_Permitting/MapServer/2","title":"Street light L016410"},"type":"Feature"},{"geometry":{"coordinates":[-90.23242233217273,38.722236807372155],"type":"Point"},"id":"stl-city-public-streetlights:2:123683","properties":{"address":null,"attributes":{"Date_Installed":"2/14/2018","LED_Powered":1,"LightID":"L016411","Light_Source":"LED","Light_Type":"Cobra","Lighting_Type":"LED-Powered Lamp","Verification_Date":null},"id":"stl-city-public-streetlights:2:123683","sourceLayerId":2,"sourceObjectId":123683,"sourceURL":"https://maps8.stlouis-mo.gov/arcgis/rest/services/STREETS/Streets_Permitting/MapServer/2","title":"Street light L016411"},"type":"Feature"},{"geometry":{"coordinates":[-90.23286790038227,38.72228490243418],"type":"Point"},"id":"stl-city-public-streetlights:2:123684","properties":{"address":null,"attributes":{"Date_Installed":"2/14/2018","LED_Powered":1,"LightID":"L016412","Light_Source":"LED","Light_Type":"Cobra","Lighting_Type":"LED-Powered Lamp","Verification_Date":null},"id":"stl-city-public-streetlights:2:123684","sourceLayerId":2,"sourceObjectId":123684,"sourceURL":"https://maps8.stlouis-mo.gov/arcgis/rest/services/STREETS/Streets_Permitting/MapServer/2","title":"Street light L016412"},"type":"Feature"},{"geometry":{"coordinates":[-90.23328079288042,38.722324577345674],"type":"Point"},"id":"stl-city-public-streetlights:2:123685","properties":{"address":null,"attributes":{"Date_Installed":"2/14/2018","LED_Powered":1,"LightID":"L016413","Light_Source":"LED","Light_Type":"Cobra","Lighting_Type":"LED-Powered Lamp","Verification_Date":null},"id":"stl-city-public-streetlights:2:123685","sourceLayerId":2,"sourceObjectId":123685,"sourceURL":"https://maps8.stlouis-mo.gov/arcgis/rest/services/STREETS/Streets_Permitting/MapServer/2","title":"Street light L016413"},"type":"Feature"},{"geometry":{"coordinates":[-90.23371040396229,38.72236834282155],"type":"Point"},"id":"stl-city-public-streetlights:2:123686","properties":{"address":null,"attributes":{"Date_Installed":"2/14/2018","LED_Powered":1,"LightID":"L016414","Light_Source":"LED","Light_Type":"Cobra","Lighting_Type":"LED-Powered Lamp","Verification_Date":null},"id":"stl-city-public-streetlights:2:123686","sourceLayerId":2,"sourceObjectId":123686,"sourceURL":"https://maps8.stlouis-mo.gov/arcgis/rest/services/STREETS/Streets_Permitting/MapServer/2","title":"Street light L016414"},"type":"Feature"},{"geometry":{"coordinates":[-90.23415568221432,38.7224132134855],"type":"Point"},"id":"stl-city-public-streetlights:2:123687","properties":{"address":null,"attributes":{"Date_Installed":"2/14/2018","LED_Powered":1,"LightID":"L016415","Light_Source":"LED","Light_Type":"Cobra","Lighting_Type":"LED-Powered Lamp","Verification_Date":null},"id":"stl-city-public-streetlights:2:123687","sourceLayerId":2,"sourceObjectId":123687,"sourceURL":"https://maps8.stlouis-mo.gov/arcgis/rest/services/STREETS/Streets_Permitting/MapServer/2","title":"Street light L016415"},"type":"Feature"},{"geometry":{"coordinates":[-90.2345881914006,38.722455670650305],"type":"Point"},"id":"stl-city-public-streetlights:2:123688","properties":{"address":null,"attributes":{"Date_Installed":"2/14/2018","LED_Powered":1,"LightID":"L016416","Light_Source":"LED","Light_Type":"Cobra","Lighting_Type":"LED-Powered Lamp","Verification_Date":null},"id":"stl-city-public-streetlights:2:123688","sourceLayerId":2,"sourceObjectId":123688,"sourceURL":"https://maps8.stlouis-mo.gov/arcgis/rest/services/STREETS/Streets_Permitting/MapServer/2","title":"Street light L016416"},"type":"Feature"},{"geometry":{"coordinates":[-90.23626017321774,38.721801074824775],"type":"Point"},"id":"stl-city-public-streetlights:2:123689","properties":{"address":null,"attributes":{"Date_Installed":"6/25/2018","LED_Powered":1,"LightID":"L016417","Light_Source":"LED","Light_Type":"Cobra","Lighting_Type":"LED-Powered Lamp","Verification_Date":null},"id":"stl-city-public-streetlights:2:123689","sourceLayerId":2,"sourceObjectId":123689,"sourceURL":"https://maps8.stlouis-mo.gov/arcgis/rest/services/STREETS/Streets_Permitting/MapServer/2","title":"Street light L016417"},"type":"Feature"},{"geometry":{"coordinates":[-90.23671592680033,38.72176825517368],"type":"Point"},"id":"stl-city-public-streetlights:2:123690","properties":{"address":null,"attributes":{"Date_Installed":"6/25/2018","LED_Powered":1,"LightID":"L016418","Light_Source":"LED","Light_Type":"Cobra","Lighting_Type":"LED-Powered Lamp","Verification_Date":null},"id":"stl-city-public-streetlights:2:123690","sourceLayerId":2,"sourceObjectId":123690,"sourceURL":"https://maps8.stlouis-mo.gov/arcgis/rest/services/STREETS/Streets_Permitting/MapServer/2","title":"Street light L016418"},"type":"Feature"},{"geometry":{"coordinates":[-90.23717486522938,38.721738301187344],"type":"Point"},"id":"stl-city-public-streetlights:2:123691","properties":{"address":null,"attributes":{"Date_Installed":"6/25/2018","LED_Powered":1,"LightID":"L016419","Light_Source":"LED","Light_Type":"Cobra","Lighting_Type":"LED-Powered Lamp","Verification_Date":null},"id":"stl-city-public-streetlights:2:123691","sourceLayerId":2,"sourceObjectId":123691,"sourceURL":"https://maps8.stlouis-mo.gov/arcgis/rest/services/STREETS/Streets_Permitting/MapServer/2","title":"Street light L016419"},"type":"Feature"},{"geometry":{"coordinates":[-90.23761541047324,38.721704013248576],"type":"Point"},"id":"stl-city-public-streetlights:2:123692","properties":{"address":null,"attributes":{"Date_Installed":"6/25/2018","LED_Powered":1,"LightID":"L016420","Light_Source":"LED","Light_Type":"Cobra","Lighting_Type":"LED-Powered Lamp","Verification_Date":null},"id":"stl-city-public-streetlights:2:123692","sourceLayerId":2,"sourceObjectId":123692,"sourceURL":"https://maps8.stlouis-mo.gov/arcgis/rest/services/STREETS/Streets_Permitting/MapServer/2","title":"Street light L016420"},"type":"Feature"},{"geometry":{"coordinates":[-90.23807275687263,38.72167208645118],"type":"Point"},"id":"stl-city-public-streetlights:2:123693","properties":{"address":null,"attributes":{"Date_Installed":"6/25/2018","LED_Powered":1,"LightID":"L016421","Light_Source":"LED","Light_Type":"Cobra","Lighting_Type":"LED-Powered Lamp","Verification_Date":null},"id":"stl-city-public-streetlights:2:123693","sourceLayerId":2,"sourceObjectId":123693,"sourceURL":"https://maps8.stlouis-mo.gov/arcgis/rest/services/STREETS/Streets_Permitting/MapServer/2","title":"Street light L016421"},"type":"Feature"},{"geometry":{"coordinates":[-90.23851275562062,38.721641429842975],"type":"Point"},"id":"stl-city-public-streetlights:2:123694","properties":{"address":null,"attributes":{"Date_Installed":"6/25/2018","LED_Powered":1,"LightID":"L016422","Light_Source":"LED","Light_Type":"Cobra","Lighting_Type":"LED-Powered Lamp","Verification_Date":null},"id":"stl-city-public-streetlights:2:123694","sourceLayerId":2,"sourceObjectId":123694,"sourceURL":"https://maps8.stlouis-mo.gov/arcgis/rest/services/STREETS/Streets_Permitting/MapServer/2","title":"Street light L016422"},"type":"Feature"},{"geometry":{"coordinates":[-90.23893784294401,38.72161568319542],"type":"Point"},"id":"stl-city-public-streetlights:2:123695","properties":{"address":null,"attributes":{"Date_Installed":"6/25/2018","LED_Powered":1,"LightID":"L016423","Light_Source":"LED","Light_Type":"Cobra","Lighting_Type":"LED-Powered Lamp","Verification_Date":null},"id":"stl-city-public-streetlights:2:123695","sourceLayerId":2,"sourceObjectId":123695,"sourceURL":"https://maps8.stlouis-mo.gov/arcgis/rest/services/STREETS/Streets_Permitting/MapServer/2","title":"Street light L016423"},"type":"Feature"},{"geometry":{"coordinates":[-90.23934675039366,38.721579690199874],"type":"Point"},"id":"stl-city-public-streetlights:2:123696","properties":{"address":null,"attributes":{"Date_Installed":"6/25/2018","LED_Powered":1,"LightID":"L016424","Light_Source":"LED","Light_Type":"Cobra","Lighting_Type":"LED-Powered Lamp","Verification_Date":null},"id":"stl-city-public-streetlights:2:123696","sourceLayerId":2,"sourceObjectId":123696,"sourceURL":"https://maps8.stlouis-mo.gov/arcgis/rest/services/STREETS/Streets_Permitting/MapServer/2","title":"Street light L016424"},"type":"Feature"},{"geometry":{"coordinates":[-90.23473461059538,38.72159231835531],"type":"Point"},"id":"stl-city-public-streetlights:2:123697","properties":{"address":null,"attributes":{"Date_Installed":"2/14/2018","LED_Powered":1,"LightID":"L016425","Light_Source":"LED","Light_Type":"Cobra","Lighting_Type":"LED-Powered Lamp","Verification_Date":null},"id":"stl-city-public-streetlights:2:123697","sourceLayerId":2,"sourceObjectId":123697,"sourceURL":"https://maps8.stlouis-mo.gov/arcgis/rest/services/STREETS/Streets_Permitting/MapServer/2","title":"Street light L016425"},"type":"Feature"},{"geometry":{"coordinates":[-90.23428728699575,38.72154643176171],"type":"Point"},"id":"stl-city-public-streetlights:2:123698","properties":{"address":null,"attributes":{"Date_Installed":"2/14/2018","LED_Powered":1,"LightID":"L016426","Light_Source":"LED","Light_Type":"Cobra","Lighting_Type":"LED-Powered Lamp","Verification_Date":null},"id":"stl-city-public-streetlights:2:123698","sourceLayerId":2,"sourceObjectId":123698,"sourceURL":"https://maps8.stlouis-mo.gov/arcgis/rest/services/STREETS/Streets_Permitting/MapServer/2","title":"Street light L016426"},"type":"Feature"},{"geometry":{"coordinates":[-90.23382118312122,38.72149859444872],"type":"Point"},"id":"stl-city-public-streetlights:2:123699","properties":{"address":null,"attributes":{"Date_Installed":"2/14/2018","LED_Powered":1,"LightID":"L016427","Light_Source":"LED","Light_Type":"Cobra","Lighting_Type":"LED-Powered Lamp","Verification_Date":null},"id":"stl-city-public-streetlights:2:123699","sourceLayerId":2,"sourceObjectId":123699,"sourceURL":"https://maps8.stlouis-mo.gov/arcgis/rest/services/STREETS/Streets_Permitting/MapServer/2","title":"Street light L016427"},"type":"Feature"},{"geometry":{"coordinates":[-90.23342427352077,38.72145806331749],"type":"Point"},"id":"stl-city-public-streetlights:2:123700","properties":{"address":null,"attributes":{"Date_Installed":"2/14/2018","LED_Powered":1,"LightID":"L016428","Light_Source":"LED","Light_Type":"Cobra","Lighting_Type":"LED-Powered Lamp","Verification_Date":null},"id":"stl-city-public-streetlights:2:123700","sourceLayerId":2,"sourceObjectId":123700,"sourceURL":"https://maps8.stlouis-mo.gov/arcgis/rest/services/STREETS/Streets_Permitting/MapServer/2","title":"Street light L016428"},"type":"Feature"},{"geometry":{"coordinates":[-90.23299041015524,38.7214135726847],"type":"Point"},"id":"stl-city-public-streetlights:2:123701","properties":{"address":null,"attributes":{"Date_Installed":"2/14/2018","LED_Powered":1,"LightID":"L016429","Light_Source":"LED","Light_Type":"Cobra","Lighting_Type":"LED-Powered Lamp","Verification_Date":null},"id":"stl-city-public-streetlights:2:123701","sourceLayerId":2,"sourceObjectId":123701,"sourceURL":"https://maps8.stlouis-mo.gov/arcgis/rest/services/STREETS/Streets_Permitting/MapServer/2","title":"Street light L016429"},"type":"Feature"},{"geometry":{"coordinates":[-90.2325490689229,38.72137561901478],"type":"Point"},"id":"stl-city-public-streetlights:2:123702","properties":{"address":null,"attributes":{"Date_Installed":"2/14/2018","LED_Powered":1,"LightID":"L016430","Light_Source":"LED","Light_Type":"Cobra","Lighting_Type":"LED-Powered Lamp","Verification_Date":null},"id":"stl-city-public-streetlights:2:123702","sourceLayerId":2,"sourceObjectId":123702,"sourceURL":"https://maps8.stlouis-mo.gov/arcgis/rest/services/STREETS/Streets_Permitting/MapServer/2","title":"Street light L016430"},"type":"Feature"},{"geometry":{"coordinates":[-90.23270135375404,38.72049329928142],"type":"Point"},"id":"stl-city-public-streetlights:2:123703","properties":{"address":null,"attributes":{"Date_Installed":"2/14/2018","LED_Powered":1,"LightID":"L016431","Light_Source":"LED","Light_Type":"Cobra","Lighting_Type":"LED-Powered Lamp","Verification_Date":null},"id":"stl-city-public-streetlights:2:123703","sourceLayerId":2,"sourceObjectId":123703,"sourceURL":"https://maps8.stlouis-mo.gov/arcgis/rest/services/STREETS/Streets_Permitting/MapServer/2","title":"Street light L016431"},"type":"Feature"},{"geometry":{"coordinates":[-90.23318644579048,38.7205468463997],"type":"Point"},"id":"stl-city-public-streetlights:2:123704","properties":{"address":null,"attributes":{"Date_Installed":"2/14/2018","LED_Powered":1,"LightID":"L016432","Light_Source":"LED","Light_Type":"Cobra","Lighting_Type":"LED-Powered Lamp","Verification_Date":null},"id":"stl-city-public-streetlights:2:123704","sourceLayerId":2,"sourceObjectId":123704,"sourceURL":"https://maps8.stlouis-mo.gov/arcgis/rest/services/STREETS/Streets_Permitting/MapServer/2","title":"Street light L016432"},"type":"Feature"},{"geometry":{"coordinates":[-90.23360580660434,38.72058701238783],"type":"Point"},"id":"stl-city-public-streetlights:2:123705","properties":{"address":null,"attributes":{"Date_Installed":"2/14/2018","LED_Powered":1,"LightID":"L016433","Light_Source":"LED","Light_Type":"Cobra","Lighting_Type":"LED-Powered Lamp","Verification_Date":null},"id":"stl-city-public-streetlights:2:123705","sourceLayerId":2,"sourceObjectId":123705,"sourceURL":"https://maps8.stlouis-mo.gov/arcgis/rest/services/STREETS/Streets_Permitting/MapServer/2","title":"Street light L016433"},"type":"Feature"},{"geometry":{"coordinates":[-90.23406019550377,38.72063333476451],"type":"Point"},"id":"stl-city-public-streetlights:2:123706","properties":{"address":null,"attributes":{"Date_Installed":"2/14/2018","LED_Powered":1,"LightID":"L016434","Light_Source":"LED","Light_Type":"Cobra","Lighting_Type":"LED-Powered Lamp","Verification_Date":null},"id":"stl-city-public-streetlights:2:123706","sourceLayerId":2,"sourceObjectId":123706,"sourceURL":"https://maps8.stlouis-mo.gov/arcgis/rest/services/STREETS/Streets_Permitting/MapServer/2","title":"Street light L016434"},"type":"Feature"},{"geometry":{"coordinates":[-90.23446969167075,38.72067573911955],"type":"Point"},"id":"stl-city-public-streetlights:2:123707","properties":{"address":null,"attributes":{"Date_Installed":"2/14/2018","LED_Powered":1,"LightID":"L016435","Light_Source":"LED","Light_Type":"Cobra","Lighting_Type":"LED-Powered Lamp","Verification_Date":null},"id":"stl-city-public-streetlights:2:123707","sourceLayerId":2,"sourceObjectId":123707,"sourceURL":"https://maps8.stlouis-mo.gov/arcgis/rest/services/STREETS/Streets_Permitting/MapServer/2","title":"Street light L016435"},"type":"Feature"},{"geometry":{"coordinates":[-90.23489306235645,38.72071817440175],"type":"Point"},"id":"stl-city-public-streetlights:2:123708","properties":{"address":null,"attributes":{"Date_Installed":"2/14/2018","LED_Powered":1,"LightID":"L016436","Light_Source":"LED","Light_Type":"Cobra","Lighting_Type":"LED-Powered Lamp","Verification_Date":null},"id":"stl-city-public-streetlights:2:123708","sourceLayerId":2,"sourceObjectId":123708,"sourceURL":"https://maps8.stlouis-mo.gov/arcgis/rest/services/STREETS/Streets_Permitting/MapServer/2","title":"Street light L016436"},"type":"Feature"},{"geometry":{"coordinates":[-90.23527498785216,38.72076194401125],"type":"Point"},"id":"stl-city-public-streetlights:2:123709","properties":{"address":null,"attributes":{"Date_Installed":"6/25/2018","LED_Powered":1,"LightID":"L016437","Light_Source":"LED","Light_Type":"Cobra","Lighting_Type":"LED-Powered Lamp","Verification_Date":null},"id":"stl-city-public-streetlights:2:123709","sourceLayerId":2,"sourceObjectId":123709,"sourceURL":"https://maps8.stlouis-mo.gov/arcgis/rest/services/STREETS/Streets_Permitting/MapServer/2","title":"Street light L016437"},"type":"Feature"},{"geometry":{"coordinates":[-90.2357038395138,38.72080331582385],"type":"Point"},"id":"stl-city-public-streetlights:2:123710","properties":{"address":null,"attributes":{"Date_Installed":"6/25/2018","LED_Powered":1,"LightID":"L016438","Light_Source":"LED","Light_Type":"Cobra","Lighting_Type":"LED-Powered Lamp","Verification_Date":null},"id":"stl-city-public-streetlights:2:123710","sourceLayerId":2,"sourceObjectId":123710,"sourceURL":"https://maps8.stlouis-mo.gov/arcgis/rest/services/STREETS/Streets_Permitting/MapServer/2","title":"Street light L016438"},"type":"Feature"},{"geometry":{"coordinates":[-90.23611315897494,38.72084458252358],"type":"Point"},"id":"stl-city-public-streetlights:2:123711","properties":{"address":null,"attributes":{"Date_Installed":"6/25/2018","LED_Powered":1,"LightID":"L016439","Light_Source":"LED","Light_Type":"Cobra","Lighting_Type":"LED-Powered Lamp","Verification_Date":null},"id":"stl-city-public-streetlights:2:123711","sourceLayerId":2,"sourceObjectId":123711,"sourceURL":"https://maps8.stlouis-mo.gov/arcgis/rest/services/STREETS/Streets_Permitting/MapServer/2","title":"Street light L016439"},"type":"Feature"},{"geometry":{"coordinates":[-90.23659328896913,38.720842149064936],"type":"Point"},"id":"stl-city-public-streetlights:2:123712","properties":{"address":null,"attributes":{"Date_Installed":"6/25/2018","LED_Powered":1,"LightID":"L016440","Light_Source":"LED","Light_Type":"Cobra","Lighting_Type":"LED-Powered Lamp","Verification_Date":null},"id":"stl-city-public-streetlights:2:123712","sourceLayerId":2,"sourceObjectId":123712,"sourceURL":"https://maps8.stlouis-mo.gov/arcgis/rest/services/STREETS/Streets_Permitting/MapServer/2","title":"Street light L016440"},"type":"Feature"},{"geometry":{"coordinates":[-90.23706877438289,38.72081175619642],"type":"Point"},"id":"stl-city-public-streetlights:2:123713","properties":{"address":null,"attributes":{"Date_Installed":"6/25/2018","LED_Powered":1,"LightID":"L016441","Light_Source":"LED","Light_Type":"Cobra","Lighting_Type":"LED-Powered Lamp","Verification_Date":null},"id":"stl-city-public-streetlights:2:123713","sourceLayerId":2,"sourceObjectId":123713,"sourceURL":"https://maps8.stlouis-mo.gov/arcgis/rest/services/STREETS/Streets_Permitting/MapServer/2","title":"Street light L016441"},"type":"Feature"},{"geometry":{"coordinates":[-90.23744494406665,38.720782569004506],"type":"Point"},"id":"stl-city-public-streetlights:2:123714","properties":{"address":null,"attributes":{"Date_Installed":"6/25/2018","LED_Powered":1,"LightID":"L016442","Light_Source":"LED","Light_Type":"Cobra","Lighting_Type":"LED-Powered Lamp","Verification_Date":null},"id":"stl-city-public-streetlights:2:123714","sourceLayerId":2,"sourceObjectId":123714,"sourceURL":"https://maps8.stlouis-mo.gov/arcgis/rest/services/STREETS/Streets_Permitting/MapServer/2","title":"Street light L016442"},"type":"Feature"},{"geometry":{"coordinates":[-90.23784339073798,38.72075199996111],"type":"Point"},"id":"stl-city-public-streetlights:2:123715","properties":{"address":null,"attributes":{"Date_Installed":"6/25/2018","LED_Powered":1,"LightID":"L016443","Light_Source":"LED","Light_Type":"Cobra","Lighting_Type":"LED-Powered Lamp","Verification_Date":null},"id":"stl-city-public-streetlights:2:123715","sourceLayerId":2,"sourceObjectId":123715,"sourceURL":"https://maps8.stlouis-mo.gov/arcgis/rest/services/STREETS/Streets_Permitting/MapServer/2","title":"Street light L016443"},"type":"Feature"},{"geometry":{"coordinates":[-90.23828528528621,38.72072152682145],"type":"Point"},"id":"stl-city-public-streetlights:2:123716","properties":{"address":null,"attributes":{"Date_Installed":"6/25/2018","LED_Powered":1,"LightID":"L016444","Light_Source":"LED","Light_Type":"Cobra","Lighting_Type":"LED-Powered Lamp","Verification_Date":null},"id":"stl-city-public-streetlights:2:123716","sourceLayerId":2,"sourceObjectId":123716,"sourceURL":"https://maps8.stlouis-mo.gov/arcgis/rest/services/STREETS/Streets_Permitting/MapServer/2","title":"Street light L016444"},"type":"Feature"},{"geometry":{"coordinates":[-90.23871935577682,38.72068805442696],"type":"Point"},"id":"stl-city-public-streetlights:2:123717","properties":{"address":null,"attributes":{"Date_Installed":"6/25/2018","LED_Powered":1,"LightID":"L016445","Light_Source":"LED","Light_Type":"Cobra","Lighting_Type":"LED-Powered Lamp","Verification_Date":null},"id":"stl-city-public-streetlights:2:123717","sourceLayerId":2,"sourceObjectId":123717,"sourceURL":"https://maps8.stlouis-mo.gov/arcgis/rest/services/STREETS/Streets_Permitting/MapServer/2","title":"Street light L016445"},"type":"Feature"},{"geometry":{"coordinates":[-90.23982665951482,38.72002802344949],"type":"Point"},"id":"stl-city-public-streetlights:2:123719","properties":{"address":null,"attributes":{"Date_Installed":"6/25/2018","LED_Powered":1,"LightID":"L016447","Light_Source":"LED","Light_Type":"Cobra","Lighting_Type":"LED-Powered Lamp","Verification_Date":null},"id":"stl-city-public-streetlights:2:123719","sourceLayerId":2,"sourceObjectId":123719,"sourceURL":"https://maps8.stlouis-mo.gov/arcgis/rest/services/STREETS/Streets_Permitting/MapServer/2","title":"Street light L016447"},"type":"Feature"},{"geometry":{"coordinates":[-90.23895189303461,38.72008709271805],"type":"Point"},"id":"stl-city-public-streetlights:2:124194","properties":{"address":null,"attributes":{"Date_Installed":"6/25/2018","LED_Powered":1,"LightID":"L016922","Light_Source":"LED","Light_Type":"Cobra","Lighting_Type":"LED-Powered Lamp","Verification_Date":null},"id":"stl-city-public-streetlights:2:124194","sourceLayerId":2,"sourceObjectId":124194,"sourceURL":"https://maps8.stlouis-mo.gov/arcgis/rest/services/STREETS/Streets_Permitting/MapServer/2","title":"Street light L016922"},"type":"Feature"},{"geometry":{"coordinates":[-90.23739728460585,38.72003275151747],"type":"Point"},"id":"stl-city-public-streetlights:2:124273","properties":{"address":null,"attributes":{"Date_Installed":"6/25/2018","LED_Powered":1,"LightID":"L017001","Light_Source":"LED","Light_Type":"Cobra","Lighting_Type":"LED-Powered Lamp","Verification_Date":null},"id":"stl-city-public-streetlights:2:124273","sourceLayerId":2,"sourceObjectId":124273,"sourceURL":"https://maps8.stlouis-mo.gov/arcgis/rest/services/STREETS/Streets_Permitting/MapServer/2","title":"Street light L017001"},"type":"Feature"},{"geometry":{"coordinates":[-90.23733691191374,38.72035940441905],"type":"Point"},"id":"stl-city-public-streetlights:2:124274","properties":{"address":null,"attributes":{"Date_Installed":"6/25/2018","LED_Powered":1,"LightID":"L017002","Light_Source":"LED","Light_Type":"Cobra","Lighting_Type":"LED-Powered Lamp","Verification_Date":null},"id":"stl-city-public-streetlights:2:124274","sourceLayerId":2,"sourceObjectId":124274,"sourceURL":"https://maps8.stlouis-mo.gov/arcgis/rest/services/STREETS/Streets_Permitting/MapServer/2","title":"Street light L017002"},"type":"Feature"},{"geometry":{"coordinates":[-90.23728810704183,38.7206838896287],"type":"Point"},"id":"stl-city-public-streetlights:2:124275","properties":{"address":null,"attributes":{"Date_Installed":"6/25/2018","LED_Powered":1,"LightID":"L017003","Light_Source":"LED","Light_Type":"Cobra","Lighting_Type":"LED-Powered Lamp","Verification_Date":null},"id":"stl-city-public-streetlights:2:124275","sourceLayerId":2,"sourceObjectId":124275,"sourceURL":"https://maps8.stlouis-mo.gov/arcgis/rest/services/STREETS/Streets_Permitting/MapServer/2","title":"Street light L017003"},"type":"Feature"},{"geometry":{"coordinates":[-90.2362498980793,38.72029221947657],"type":"Point"},"id":"stl-city-public-streetlights:2:124279","properties":{"address":null,"attributes":{"Date_Installed":"6/25/2018","LED_Powered":1,"LightID":"L017007","Light_Source":"LED","Light_Type":"Cobra","Lighting_Type":"LED-Powered Lamp","Verification_Date":null},"id":"stl-city-public-streetlights:2:124279","sourceLayerId":2,"sourceObjectId":124279,"sourceURL":"https://maps8.stlouis-mo.gov/arcgis/rest/services/STREETS/Streets_Permitting/MapServer/2","title":"Street light L017007"},"type":"Feature"},{"geometry":{"coordinates":[-90.23619026463125,38.72062306791374],"type":"Point"},"id":"stl-city-public-streetlights:2:124280","properties":{"address":null,"attributes":{"Date_Installed":"6/25/2018","LED_Powered":1,"LightID":"L017008","Light_Source":"LED","Light_Type":"Cobra","Lighting_Type":"LED-Powered Lamp","Verification_Date":null},"id":"stl-city-public-streetlights:2:124280","sourceLayerId":2,"sourceObjectId":124280,"sourceURL":"https://maps8.stlouis-mo.gov/arcgis/rest/services/STREETS/Streets_Permitting/MapServer/2","title":"Street light L017008"},"type":"Feature"},{"geometry":{"coordinates":[-90.23613330753781,38.72097022640492],"type":"Point"},"id":"stl-city-public-streetlights:2:124281","properties":{"address":null,"attributes":{"Date_Installed":"6/25/2018","LED_Powered":1,"LightID":"L017009","Light_Source":"LED","Light_Type":"Cobra","Lighting_Type":"LED-Powered Lamp","Verification_Date":null},"id":"stl-city-public-streetlights:2:124281","sourceLayerId":2,"sourceObjectId":124281,"sourceURL":"https://maps8.stlouis-mo.gov/arcgis/rest/services/STREETS/Streets_Permitting/MapServer/2","title":"Street light L017009"},"type":"Feature"},{"geometry":{"coordinates":[-90.23608071294377,38.721289840485966],"type":"Point"},"id":"stl-city-public-streetlights:2:124282","properties":{"address":null,"attributes":{"Date_Installed":"6/25/2018","LED_Powered":1,"LightID":"L017010","Light_Source":"LED","Light_Type":"Cobra","Lighting_Type":"LED-Powered Lamp","Verification_Date":null},"id":"stl-city-public-streetlights:2:124282","sourceLayerId":2,"sourceObjectId":124282,"sourceURL":"https://maps8.stlouis-mo.gov/arcgis/rest/services/STREETS/Streets_Permitting/MapServer/2","title":"Street light L017010"},"type":"Feature"},{"geometry":{"coordinates":[-90.23601615801408,38.721634835840746],"type":"Point"},"id":"stl-city-public-streetlights:2:124283","properties":{"address":null,"attributes":{"Date_Installed":"6/25/2018","LED_Powered":1,"LightID":"L017011","Light_Source":"LED","Light_Type":"Cobra","Lighting_Type":"LED-Powered Lamp","Verification_Date":null},"id":"stl-city-public-streetlights:2:124283","sourceLayerId":2,"sourceObjectId":124283,"sourceURL":"https://maps8.stlouis-mo.gov/arcgis/rest/services/STREETS/Streets_Permitting/MapServer/2","title":"Street light L017011"},"type":"Feature"},{"geometry":{"coordinates":[-90.23597122909959,38.72193792525014],"type":"Point"},"id":"stl-city-public-streetlights:2:124284","properties":{"address":null,"attributes":{"Date_Installed":"6/25/2018","LED_Powered":1,"LightID":"L017012","Light_Source":"LED","Light_Type":"Cobra","Lighting_Type":"LED-Powered Lamp","Verification_Date":null},"id":"stl-city-public-streetlights:2:124284","sourceLayerId":2,"sourceObjectId":124284,"sourceURL":"https://maps8.stlouis-mo.gov/arcgis/rest/services/STREETS/Streets_Permitting/MapServer/2","title":"Street light L017012"},"type":"Feature"},{"geometry":{"coordinates":[-90.23591638970183,38.72228809095794],"type":"Point"},"id":"stl-city-public-streetlights:2:124285","properties":{"address":null,"attributes":{"Date_Installed":"6/25/2018","LED_Powered":1,"LightID":"L017013","Light_Source":"LED","Light_Type":"Cobra","Lighting_Type":"LED-Powered Lamp","Verification_Date":null},"id":"stl-city-public-streetlights:2:124285","sourceLayerId":2,"sourceObjectId":124285,"sourceURL":"https://maps8.stlouis-mo.gov/arcgis/rest/services/STREETS/Streets_Permitting/MapServer/2","title":"Street light L017013"},"type":"Feature"},{"geometry":{"coordinates":[-90.2359492736992,38.72261233115706],"type":"Point"},"id":"stl-city-public-streetlights:2:124286","properties":{"address":null,"attributes":{"Date_Installed":"6/25/2018","LED_Powered":1,"LightID":"L017014","Light_Source":"LED","Light_Type":"Cobra","Lighting_Type":"LED-Powered Lamp","Verification_Date":null},"id":"stl-city-public-streetlights:2:124286","sourceLayerId":2,"sourceObjectId":124286,"sourceURL":"https://maps8.stlouis-mo.gov/arcgis/rest/services/STREETS/Streets_Permitting/MapServer/2","title":"Street light L017014"},"type":"Feature"},{"geometry":{"coordinates":[-90.234782724634,38.72293957724553],"type":"Point"},"id":"stl-city-public-streetlights:2:124287","properties":{"address":null,"attributes":{"Date_Installed":"6/25/2018","LED_Powered":1,"LightID":"L017015","Light_Source":"LED","Light_Type":"Cobra","Lighting_Type":"LED-Powered Lamp","Verification_Date":null},"id":"stl-city-public-streetlights:2:124287","sourceLayerId":2,"sourceObjectId":124287,"sourceURL":"https://maps8.stlouis-mo.gov/arcgis/rest/services/STREETS/Streets_Permitting/MapServer/2","title":"Street light L017015"},"type":"Feature"},{"geometry":{"coordinates":[-90.23484028296488,38.72259623521333],"type":"Point"},"id":"stl-city-public-streetlights:2:124288","properties":{"address":null,"attributes":{"Date_Installed":"6/25/2018","LED_Powered":1,"LightID":"L017016","Light_Source":"LED","Light_Type":"Cobra","Lighting_Type":"LED-Powered Lamp","Verification_Date":null},"id":"stl-city-public-streetlights:2:124288","sourceLayerId":2,"sourceObjectId":124288,"sourceURL":"https://maps8.stlouis-mo.gov/arcgis/rest/services/STREETS/Streets_Permitting/MapServer/2","title":"Street light L017016"},"type":"Feature"},{"geometry":{"coordinates":[-90.23489475213559,38.722265280384015],"type":"Point"},"id":"stl-city-public-streetlights:2:124289","properties":{"address":null,"attributes":{"Date_Installed":"6/25/2018","LED_Powered":1,"LightID":"L017017","Light_Source":"LED","Light_Type":"Cobra","Lighting_Type":"LED-Powered Lamp","Verification_Date":null},"id":"stl-city-public-streetlights:2:124289","sourceLayerId":2,"sourceObjectId":124289,"sourceURL":"https://maps8.stlouis-mo.gov/arcgis/rest/services/STREETS/Streets_Permitting/MapServer/2","title":"Street light L017017"},"type":"Feature"},{"geometry":{"coordinates":[-90.23495678111583,38.721946975636996],"type":"Point"},"id":"stl-city-public-streetlights:2:124290","properties":{"address":null,"attributes":{"Date_Installed":"6/25/2018","LED_Powered":1,"LightID":"L017018","Light_Source":"LED","Light_Type":"Cobra","Lighting_Type":"LED-Powered Lamp","Verification_Date":null},"id":"stl-city-public-streetlights:2:124290","sourceLayerId":2,"sourceObjectId":124290,"sourceURL":"https://maps8.stlouis-mo.gov/arcgis/rest/services/STREETS/Streets_Permitting/MapServer/2","title":"Street light L017018"},"type":"Feature"},{"geometry":{"coordinates":[-90.23501163495767,38.72159409335389],"type":"Point"},"id":"stl-city-public-streetlights:2:124291","properties":{"address":null,"attributes":{"Date_Installed":"6/25/2018","LED_Powered":1,"LightID":"L017019","Light_Source":"LED","Light_Type":"Cobra","Lighting_Type":"LED-Powered Lamp","Verification_Date":null},"id":"stl-city-public-streetlights:2:124291","sourceLayerId":2,"sourceObjectId":124291,"sourceURL":"https://maps8.stlouis-mo.gov/arcgis/rest/services/STREETS/Streets_Permitting/MapServer/2","title":"Street light L017019"},"type":"Feature"},{"geometry":{"coordinates":[-90.23507192646804,38.72125147171535],"type":"Point"},"id":"stl-city-public-streetlights:2:124292","properties":{"address":null,"attributes":{"Date_Installed":"6/25/2018","LED_Powered":1,"LightID":"L017020","Light_Source":"LED","Light_Type":"Cobra","Lighting_Type":"LED-Powered Lamp","Verification_Date":null},"id":"stl-city-public-streetlights:2:124292","sourceLayerId":2,"sourceObjectId":124292,"sourceURL":"https://maps8.stlouis-mo.gov/arcgis/rest/services/STREETS/Streets_Permitting/MapServer/2","title":"Street light L017020"},"type":"Feature"},{"geometry":{"coordinates":[-90.23512947233843,38.72091075096057],"type":"Point"},"id":"stl-city-public-streetlights:2:124293","properties":{"address":null,"attributes":{"Date_Installed":"6/25/2018","LED_Powered":1,"LightID":"L017021","Light_Source":"LED","Light_Type":"Cobra","Lighting_Type":"LED-Powered Lamp","Verification_Date":null},"id":"stl-city-public-streetlights:2:124293","sourceLayerId":2,"sourceObjectId":124293,"sourceURL":"https://maps8.stlouis-mo.gov/arcgis/rest/services/STREETS/Streets_Permitting/MapServer/2","title":"Street light L017021"},"type":"Feature"},{"geometry":{"coordinates":[-90.23518367699923,38.720568175792295],"type":"Point"},"id":"stl-city-public-streetlights:2:124294","properties":{"address":null,"attributes":{"Date_Installed":"6/25/2018","LED_Powered":1,"LightID":"L017022","Light_Source":"LED","Light_Type":"Cobra","Lighting_Type":"LED-Powered Lamp","Verification_Date":null},"id":"stl-city-public-streetlights:2:124294","sourceLayerId":2,"sourceObjectId":124294,"sourceURL":"https://maps8.stlouis-mo.gov/arcgis/rest/services/STREETS/Streets_Permitting/MapServer/2","title":"Street light L017022"},"type":"Feature"},{"geometry":{"coordinates":[-90.23524333629918,38.72021816358085],"type":"Point"},"id":"stl-city-public-streetlights:2:124295","properties":{"address":null,"attributes":{"Date_Installed":"6/25/2018","LED_Powered":1,"LightID":"L017023","Light_Source":"LED","Light_Type":"Cobra","Lighting_Type":"LED-Powered Lamp","Verification_Date":null},"id":"stl-city-public-streetlights:2:124295","sourceLayerId":2,"sourceObjectId":124295,"sourceURL":"https://maps8.stlouis-mo.gov/arcgis/rest/services/STREETS/Streets_Permitting/MapServer/2","title":"Street light L017023"},"type":"Feature"},{"geometry":{"coordinates":[-90.23876086569997,38.72008437782894],"type":"Point"},"id":"stl-city-public-streetlights:2:151630","properties":{"address":null,"attributes":{"Date_Installed":"6/25/2018","LED_Powered":1,"LightID":"L044484","Light_Source":"LED","Light_Type":"Cobra","Lighting_Type":"LED-Powered Lamp","Verification_Date":null},"id":"stl-city-public-streetlights:2:151630","sourceLayerId":2,"sourceObjectId":151630,"sourceURL":"https://maps8.stlouis-mo.gov/arcgis/rest/services/STREETS/Streets_Permitting/MapServer/2","title":"Street light L044484"},"type":"Feature"},{"geometry":{"coordinates":[-90.23900011779334,38.720473196316476],"type":"Point"},"id":"stl-city-public-streetlights:2:151631","properties":{"address":null,"attributes":{"Date_Installed":"6/25/2018","LED_Powered":1,"LightID":"L044485","Light_Source":"LED","Light_Type":"Cobra","Lighting_Type":"LED-Powered Lamp","Verification_Date":null},"id":"stl-city-public-streetlights:2:151631","sourceLayerId":2,"sourceObjectId":151631,"sourceURL":"https://maps8.stlouis-mo.gov/arcgis/rest/services/STREETS/Streets_Permitting/MapServer/2","title":"Street light L044485"},"type":"Feature"},{"geometry":{"coordinates":[-90.23923788522146,38.72085262024278],"type":"Point"},"id":"stl-city-public-streetlights:2:151632","properties":{"address":null,"attributes":{"Date_Installed":"6/25/2018","LED_Powered":1,"LightID":"L044486","Light_Source":"LED","Light_Type":"Cobra","Lighting_Type":"LED-Powered Lamp","Verification_Date":null},"id":"stl-city-public-streetlights:2:151632","sourceLayerId":2,"sourceObjectId":151632,"sourceURL":"https://maps8.stlouis-mo.gov/arcgis/rest/services/STREETS/Streets_Permitting/MapServer/2","title":"Street light L044486"},"type":"Feature"},{"geometry":{"coordinates":[-90.23945806827795,38.72121541393789],"type":"Point"},"id":"stl-city-public-streetlights:2:151633","properties":{"address":null,"attributes":{"Date_Installed":"6/25/2018","LED_Powered":1,"LightID":"L044487","Light_Source":"LED","Light_Type":"Cobra","Lighting_Type":"LED-Powered Lamp","Verification_Date":null},"id":"stl-city-public-streetlights:2:151633","sourceLayerId":2,"sourceObjectId":151633,"sourceURL":"https://maps8.stlouis-mo.gov/arcgis/rest/services/STREETS/Streets_Permitting/MapServer/2","title":"Street light L044487"},"type":"Feature"},{"geometry":{"coordinates":[-90.2396831074727,38.72158203232185],"type":"Point"},"id":"stl-city-public-streetlights:2:151634","properties":{"address":null,"attributes":{"Date_Installed":"6/25/2018","LED_Powered":1,"LightID":"L044488","Light_Source":"LED","Light_Type":"Cobra","Lighting_Type":"LED-Powered Lamp","Verification_Date":null},"id":"stl-city-public-streetlights:2:151634","sourceLayerId":2,"sourceObjectId":151634,"sourceURL":"https://maps8.stlouis-mo.gov/arcgis/rest/services/STREETS/Streets_Permitting/MapServer/2","title":"Street light L044488"},"type":"Feature"},{"geometry":{"coordinates":[-90.23990917246577,38.72196037924327],"type":"Point"},"id":"stl-city-public-streetlights:2:151635","properties":{"address":null,"attributes":{"Date_Installed":"6/25/2018","LED_Powered":1,"LightID":"L044489","Light_Source":"LED","Light_Type":"Cobra","Lighting_Type":"LED-Powered Lamp","Verification_Date":null},"id":"stl-city-public-streetlights:2:151635","sourceLayerId":2,"sourceObjectId":151635,"sourceURL":"https://maps8.stlouis-mo.gov/arcgis/rest/services/STREETS/Streets_Permitting/MapServer/2","title":"Street light L044489"},"type":"Feature"},{"geometry":{"coordinates":[-90.23981260063435,38.72238777798084],"type":"Point"},"id":"stl-city-public-streetlights:2:151636","properties":{"address":null,"attributes":{"Date_Installed":null,"LED_Powered":0,"LightID":"L044490","Light_Source":"LED","Light_Type":"Cobra","Lighting_Type":"LED-Powered Lamp","Verification_Date":null},"id":"stl-city-public-streetlights:2:151636","sourceLayerId":2,"sourceObjectId":151636,"sourceURL":"https://maps8.stlouis-mo.gov/arcgis/rest/services/STREETS/Streets_Permitting/MapServer/2","title":"Street light L044490"},"type":"Feature"},{"geometry":{"coordinates":[-90.23989644691396,38.7227598021589],"type":"Point"},"id":"stl-city-public-streetlights:2:151637","properties":{"address":null,"attributes":{"Date_Installed":null,"LED_Powered":0,"LightID":"L044491","Light_Source":"LED","Light_Type":"Cobra","Lighting_Type":"LED-Powered Lamp","Verification_Date":null},"id":"stl-city-public-streetlights:2:151637","sourceLayerId":2,"sourceObjectId":151637,"sourceURL":"https://maps8.stlouis-mo.gov/arcgis/rest/services/STREETS/Streets_Permitting/MapServer/2","title":"Street light L044491"},"type":"Feature"}],"layerId":"city-streetlights","retrievedAt":"2026-09-13T21:56:18.173251+00:00","schema":"property-infrastructure-geojson-v1","sourceId":"stl-city-public-streetlights","tileId":"-9024_3872","type":"FeatureCollection"}