{"features":[{"geometry":{"coordinates":[-90.27559363444273,38.58036703777836],"type":"Point"},"id":"stl-city-public-streetlights:2:111558","properties":{"address":null,"attributes":{"Date_Installed":"1/2017","LED_Powered":1,"LightID":"L004302","Light_Source":"LED","Light_Type":"Cobra","Lighting_Type":"LED-Powered Lamp","Verification_Date":null},"id":"stl-city-public-streetlights:2:111558","sourceLayerId":2,"sourceObjectId":111558,"sourceURL":"https://maps8.stlouis-mo.gov/arcgis/rest/services/STREETS/Streets_Permitting/MapServer/2","title":"Street light L004302"},"type":"Feature"},{"geometry":{"coordinates":[-90.27565339471053,38.580758056822624],"type":"Point"},"id":"stl-city-public-streetlights:2:111559","properties":{"address":null,"attributes":{"Date_Installed":"1/2017","LED_Powered":1,"LightID":"L004303","Light_Source":"LED","Light_Type":"Cobra","Lighting_Type":"LED-Powered Lamp","Verification_Date":null},"id":"stl-city-public-streetlights:2:111559","sourceLayerId":2,"sourceObjectId":111559,"sourceURL":"https://maps8.stlouis-mo.gov/arcgis/rest/services/STREETS/Streets_Permitting/MapServer/2","title":"Street light L004303"},"type":"Feature"},{"geometry":{"coordinates":[-90.27570944836586,38.58113508766143],"type":"Point"},"id":"stl-city-public-streetlights:2:111560","properties":{"address":null,"attributes":{"Date_Installed":"1/2017","LED_Powered":1,"LightID":"L004304","Light_Source":"LED","Light_Type":"Cobra","Lighting_Type":"LED-Powered Lamp","Verification_Date":null},"id":"stl-city-public-streetlights:2:111560","sourceLayerId":2,"sourceObjectId":111560,"sourceURL":"https://maps8.stlouis-mo.gov/arcgis/rest/services/STREETS/Streets_Permitting/MapServer/2","title":"Street light L004304"},"type":"Feature"},{"geometry":{"coordinates":[-90.27576230787741,38.58151895375463],"type":"Point"},"id":"stl-city-public-streetlights:2:111561","properties":{"address":null,"attributes":{"Date_Installed":"1/2017","LED_Powered":1,"LightID":"L004305","Light_Source":"LED","Light_Type":"Cobra","Lighting_Type":"LED-Powered Lamp","Verification_Date":null},"id":"stl-city-public-streetlights:2:111561","sourceLayerId":2,"sourceObjectId":111561,"sourceURL":"https://maps8.stlouis-mo.gov/arcgis/rest/services/STREETS/Streets_Permitting/MapServer/2","title":"Street light L004305"},"type":"Feature"},{"geometry":{"coordinates":[-90.27582392365814,38.5819188067995],"type":"Point"},"id":"stl-city-public-streetlights:2:111562","properties":{"address":null,"attributes":{"Date_Installed":"1/2017","LED_Powered":1,"LightID":"L004306","Light_Source":"LED","Light_Type":"Cobra","Lighting_Type":"LED-Powered Lamp","Verification_Date":null},"id":"stl-city-public-streetlights:2:111562","sourceLayerId":2,"sourceObjectId":111562,"sourceURL":"https://maps8.stlouis-mo.gov/arcgis/rest/services/STREETS/Streets_Permitting/MapServer/2","title":"Street light L004306"},"type":"Feature"},{"geometry":{"coordinates":[-90.27579798294128,38.58229339577285],"type":"Point"},"id":"stl-city-public-streetlights:2:111563","properties":{"address":null,"attributes":{"Date_Installed":"1/2017","LED_Powered":1,"LightID":"L004307","Light_Source":"LED","Light_Type":"Cobra","Lighting_Type":"LED-Powered Lamp","Verification_Date":null},"id":"stl-city-public-streetlights:2:111563","sourceLayerId":2,"sourceObjectId":111563,"sourceURL":"https://maps8.stlouis-mo.gov/arcgis/rest/services/STREETS/Streets_Permitting/MapServer/2","title":"Street light L004307"},"type":"Feature"},{"geometry":{"coordinates":[-90.27636650833225,38.58271591651481],"type":"Point"},"id":"stl-city-public-streetlights:2:111564","properties":{"address":null,"attributes":{"Date_Installed":null,"LED_Powered":1,"LightID":"L004308","Light_Source":"LED","Light_Type":"Cobra","Lighting_Type":"LED-Powered Lamp","Verification_Date":null},"id":"stl-city-public-streetlights:2:111564","sourceLayerId":2,"sourceObjectId":111564,"sourceURL":"https://maps8.stlouis-mo.gov/arcgis/rest/services/STREETS/Streets_Permitting/MapServer/2","title":"Street light L004308"},"type":"Feature"},{"geometry":{"coordinates":[-90.27590242547312,38.582659252465824],"type":"Point"},"id":"stl-city-public-streetlights:2:111565","properties":{"address":null,"attributes":{"Date_Installed":null,"LED_Powered":1,"LightID":"L004309","Light_Source":"LED","Light_Type":"Cobra","Lighting_Type":"LED-Powered Lamp","Verification_Date":null},"id":"stl-city-public-streetlights:2:111565","sourceLayerId":2,"sourceObjectId":111565,"sourceURL":"https://maps8.stlouis-mo.gov/arcgis/rest/services/STREETS/Streets_Permitting/MapServer/2","title":"Street light L004309"},"type":"Feature"},{"geometry":{"coordinates":[-90.275694763335,38.58268819244527],"type":"Point"},"id":"stl-city-public-streetlights:2:111566","properties":{"address":null,"attributes":{"Date_Installed":"1/2017","LED_Powered":1,"LightID":"L004310","Light_Source":"LED","Light_Type":"Cobra","Lighting_Type":"LED-Powered Lamp","Verification_Date":null},"id":"stl-city-public-streetlights:2:111566","sourceLayerId":2,"sourceObjectId":111566,"sourceURL":"https://maps8.stlouis-mo.gov/arcgis/rest/services/STREETS/Streets_Permitting/MapServer/2","title":"Street light L004310"},"type":"Feature"},{"geometry":{"coordinates":[-90.2755509381985,38.583040694139676],"type":"Point"},"id":"stl-city-public-streetlights:2:111567","properties":{"address":null,"attributes":{"Date_Installed":"1/2017","LED_Powered":1,"LightID":"L004311","Light_Source":"LED","Light_Type":"Cobra","Lighting_Type":"LED-Powered Lamp","Verification_Date":null},"id":"stl-city-public-streetlights:2:111567","sourceLayerId":2,"sourceObjectId":111567,"sourceURL":"https://maps8.stlouis-mo.gov/arcgis/rest/services/STREETS/Streets_Permitting/MapServer/2","title":"Street light L004311"},"type":"Feature"},{"geometry":{"coordinates":[-90.27550885702962,38.583389099844446],"type":"Point"},"id":"stl-city-public-streetlights:2:111568","properties":{"address":null,"attributes":{"Date_Installed":"1/2017","LED_Powered":1,"LightID":"L004312","Light_Source":"LED","Light_Type":"Cobra","Lighting_Type":"LED-Powered Lamp","Verification_Date":null},"id":"stl-city-public-streetlights:2:111568","sourceLayerId":2,"sourceObjectId":111568,"sourceURL":"https://maps8.stlouis-mo.gov/arcgis/rest/services/STREETS/Streets_Permitting/MapServer/2","title":"Street light L004312"},"type":"Feature"},{"geometry":{"coordinates":[-90.2757920154929,38.58051486895933],"type":"Point"},"id":"stl-city-public-streetlights:2:111576","properties":{"address":null,"attributes":{"Date_Installed":"9/1/2016","LED_Powered":1,"LightID":"L004320","Light_Source":"LED","Light_Type":"Cobra","Lighting_Type":"LED-Powered Lamp","Verification_Date":null},"id":"stl-city-public-streetlights:2:111576","sourceLayerId":2,"sourceObjectId":111576,"sourceURL":"https://maps8.stlouis-mo.gov/arcgis/rest/services/STREETS/Streets_Permitting/MapServer/2","title":"Street light L004320"},"type":"Feature"},{"geometry":{"coordinates":[-90.27593230216442,38.5810055697639],"type":"Point"},"id":"stl-city-public-streetlights:2:111577","properties":{"address":null,"attributes":{"Date_Installed":"9/1/2016","LED_Powered":1,"LightID":"L004321","Light_Source":"LED","Light_Type":"Cobra","Lighting_Type":"LED-Powered Lamp","Verification_Date":null},"id":"stl-city-public-streetlights:2:111577","sourceLayerId":2,"sourceObjectId":111577,"sourceURL":"https://maps8.stlouis-mo.gov/arcgis/rest/services/STREETS/Streets_Permitting/MapServer/2","title":"Street light L004321"},"type":"Feature"},{"geometry":{"coordinates":[-90.27615981977019,38.58155042716928],"type":"Point"},"id":"stl-city-public-streetlights:2:111578","properties":{"address":null,"attributes":{"Date_Installed":"9/1/2016","LED_Powered":1,"LightID":"L004322","Light_Source":"LED","Light_Type":"Cobra","Lighting_Type":"LED-Powered Lamp","Verification_Date":null},"id":"stl-city-public-streetlights:2:111578","sourceLayerId":2,"sourceObjectId":111578,"sourceURL":"https://maps8.stlouis-mo.gov/arcgis/rest/services/STREETS/Streets_Permitting/MapServer/2","title":"Street light L004322"},"type":"Feature"},{"geometry":{"coordinates":[-90.27638534355064,38.58204093266978],"type":"Point"},"id":"stl-city-public-streetlights:2:111579","properties":{"address":null,"attributes":{"Date_Installed":"9/1/2016","LED_Powered":1,"LightID":"L004323","Light_Source":"LED","Light_Type":"Cobra","Lighting_Type":"LED-Powered Lamp","Verification_Date":null},"id":"stl-city-public-streetlights:2:111579","sourceLayerId":2,"sourceObjectId":111579,"sourceURL":"https://maps8.stlouis-mo.gov/arcgis/rest/services/STREETS/Streets_Permitting/MapServer/2","title":"Street light L004323"},"type":"Feature"},{"geometry":{"coordinates":[-90.27650582596283,38.582539043457665],"type":"Point"},"id":"stl-city-public-streetlights:2:111580","properties":{"address":null,"attributes":{"Date_Installed":"9/1/2016","LED_Powered":1,"LightID":"L004324","Light_Source":"LED","Light_Type":"Cobra","Lighting_Type":"LED-Powered Lamp","Verification_Date":null},"id":"stl-city-public-streetlights:2:111580","sourceLayerId":2,"sourceObjectId":111580,"sourceURL":"https://maps8.stlouis-mo.gov/arcgis/rest/services/STREETS/Streets_Permitting/MapServer/2","title":"Street light L004324"},"type":"Feature"},{"geometry":{"coordinates":[-90.27653467403927,38.58307809797132],"type":"Point"},"id":"stl-city-public-streetlights:2:111581","properties":{"address":null,"attributes":{"Date_Installed":"9/1/2016","LED_Powered":1,"LightID":"L004325","Light_Source":"LED","Light_Type":"Cobra","Lighting_Type":"LED-Powered Lamp","Verification_Date":null},"id":"stl-city-public-streetlights:2:111581","sourceLayerId":2,"sourceObjectId":111581,"sourceURL":"https://maps8.stlouis-mo.gov/arcgis/rest/services/STREETS/Streets_Permitting/MapServer/2","title":"Street light L004325"},"type":"Feature"},{"geometry":{"coordinates":[-90.27654634318661,38.58362444844084],"type":"Point"},"id":"stl-city-public-streetlights:2:111582","properties":{"address":null,"attributes":{"Date_Installed":"9/1/2016","LED_Powered":1,"LightID":"L004326","Light_Source":"LED","Light_Type":"Cobra","Lighting_Type":"LED-Powered Lamp","Verification_Date":null},"id":"stl-city-public-streetlights:2:111582","sourceLayerId":2,"sourceObjectId":111582,"sourceURL":"https://maps8.stlouis-mo.gov/arcgis/rest/services/STREETS/Streets_Permitting/MapServer/2","title":"Street light L004326"},"type":"Feature"},{"geometry":{"coordinates":[-90.27645535649654,38.58370412131715],"type":"Point"},"id":"stl-city-public-streetlights:2:111583","properties":{"address":null,"attributes":{"Date_Installed":"9/1/2016","LED_Powered":1,"LightID":"L004327","Light_Source":"LED","Light_Type":"Cobra","Lighting_Type":"LED-Powered Lamp","Verification_Date":null},"id":"stl-city-public-streetlights:2:111583","sourceLayerId":2,"sourceObjectId":111583,"sourceURL":"https://maps8.stlouis-mo.gov/arcgis/rest/services/STREETS/Streets_Permitting/MapServer/2","title":"Street light L004327"},"type":"Feature"},{"geometry":{"coordinates":[-90.2760824149178,38.58361402310825],"type":"Point"},"id":"stl-city-public-streetlights:2:111584","properties":{"address":null,"attributes":{"Date_Installed":"9/1/2016","LED_Powered":1,"LightID":"L004328","Light_Source":"LED","Light_Type":"Cobra","Lighting_Type":"LED-Powered Lamp","Verification_Date":null},"id":"stl-city-public-streetlights:2:111584","sourceLayerId":2,"sourceObjectId":111584,"sourceURL":"https://maps8.stlouis-mo.gov/arcgis/rest/services/STREETS/Streets_Permitting/MapServer/2","title":"Street light L004328"},"type":"Feature"},{"geometry":{"coordinates":[-90.27566208182034,38.583510005897935],"type":"Point"},"id":"stl-city-public-streetlights:2:111585","properties":{"address":null,"attributes":{"Date_Installed":"9/1/2016","LED_Powered":1,"LightID":"L004329","Light_Source":"LED","Light_Type":"Cobra","Lighting_Type":"LED-Powered Lamp","Verification_Date":null},"id":"stl-city-public-streetlights:2:111585","sourceLayerId":2,"sourceObjectId":111585,"sourceURL":"https://maps8.stlouis-mo.gov/arcgis/rest/services/STREETS/Streets_Permitting/MapServer/2","title":"Street light L004329"},"type":"Feature"},{"geometry":{"coordinates":[-90.2767515090125,38.58389617160043],"type":"Point"},"id":"stl-city-public-streetlights:2:111586","properties":{"address":null,"attributes":{"Date_Installed":"9/1/2016","LED_Powered":1,"LightID":"L004330","Light_Source":"LED","Light_Type":"Cobra","Lighting_Type":"LED-Powered Lamp","Verification_Date":null},"id":"stl-city-public-streetlights:2:111586","sourceLayerId":2,"sourceObjectId":111586,"sourceURL":"https://maps8.stlouis-mo.gov/arcgis/rest/services/STREETS/Streets_Permitting/MapServer/2","title":"Street light L004330"},"type":"Feature"},{"geometry":{"coordinates":[-90.27674149216634,38.58335835673516],"type":"Point"},"id":"stl-city-public-streetlights:2:111587","properties":{"address":null,"attributes":{"Date_Installed":"9/1/2016","LED_Powered":1,"LightID":"L004331","Light_Source":"LED","Light_Type":"Cobra","Lighting_Type":"LED-Powered Lamp","Verification_Date":null},"id":"stl-city-public-streetlights:2:111587","sourceLayerId":2,"sourceObjectId":111587,"sourceURL":"https://maps8.stlouis-mo.gov/arcgis/rest/services/STREETS/Streets_Permitting/MapServer/2","title":"Street light L004331"},"type":"Feature"},{"geometry":{"coordinates":[-90.27672704525999,38.58282606398463],"type":"Point"},"id":"stl-city-public-streetlights:2:111588","properties":{"address":null,"attributes":{"Date_Installed":"9/1/2016","LED_Powered":1,"LightID":"L004332","Light_Source":"LED","Light_Type":"Cobra","Lighting_Type":"LED-Powered Lamp","Verification_Date":null},"id":"stl-city-public-streetlights:2:111588","sourceLayerId":2,"sourceObjectId":111588,"sourceURL":"https://maps8.stlouis-mo.gov/arcgis/rest/services/STREETS/Streets_Permitting/MapServer/2","title":"Street light L004332"},"type":"Feature"},{"geometry":{"coordinates":[-90.27665797909229,38.582280319261905],"type":"Point"},"id":"stl-city-public-streetlights:2:111589","properties":{"address":null,"attributes":{"Date_Installed":"9/1/2016","LED_Powered":1,"LightID":"L004333","Light_Source":"LED","Light_Type":"Cobra","Lighting_Type":"LED-Powered Lamp","Verification_Date":null},"id":"stl-city-public-streetlights:2:111589","sourceLayerId":2,"sourceObjectId":111589,"sourceURL":"https://maps8.stlouis-mo.gov/arcgis/rest/services/STREETS/Streets_Permitting/MapServer/2","title":"Street light L004333"},"type":"Feature"},{"geometry":{"coordinates":[-90.27646736405714,38.58176068105165],"type":"Point"},"id":"stl-city-public-streetlights:2:111590","properties":{"address":null,"attributes":{"Date_Installed":"9/1/2016","LED_Powered":1,"LightID":"L004334","Light_Source":"LED","Light_Type":"Cobra","Lighting_Type":"LED-Powered Lamp","Verification_Date":null},"id":"stl-city-public-streetlights:2:111590","sourceLayerId":2,"sourceObjectId":111590,"sourceURL":"https://maps8.stlouis-mo.gov/arcgis/rest/services/STREETS/Streets_Permitting/MapServer/2","title":"Street light L004334"},"type":"Feature"},{"geometry":{"coordinates":[-90.27622307811659,38.581216746254576],"type":"Point"},"id":"stl-city-public-streetlights:2:111591","properties":{"address":null,"attributes":{"Date_Installed":"9/1/2016","LED_Powered":1,"LightID":"L004335","Light_Source":"LED","Light_Type":"Cobra","Lighting_Type":"LED-Powered Lamp","Verification_Date":null},"id":"stl-city-public-streetlights:2:111591","sourceLayerId":2,"sourceObjectId":111591,"sourceURL":"https://maps8.stlouis-mo.gov/arcgis/rest/services/STREETS/Streets_Permitting/MapServer/2","title":"Street light L004335"},"type":"Feature"},{"geometry":{"coordinates":[-90.27604684119501,38.58069804827082],"type":"Point"},"id":"stl-city-public-streetlights:2:111592","properties":{"address":null,"attributes":{"Date_Installed":"9/1/2016","LED_Powered":1,"LightID":"L004336","Light_Source":"LED","Light_Type":"Cobra","Lighting_Type":"LED-Powered Lamp","Verification_Date":null},"id":"stl-city-public-streetlights:2:111592","sourceLayerId":2,"sourceObjectId":111592,"sourceURL":"https://maps8.stlouis-mo.gov/arcgis/rest/services/STREETS/Streets_Permitting/MapServer/2","title":"Street light L004336"},"type":"Feature"},{"geometry":{"coordinates":[-90.27591971906334,38.58017245304092],"type":"Point"},"id":"stl-city-public-streetlights:2:111593","properties":{"address":null,"attributes":{"Date_Installed":"9/1/2016","LED_Powered":1,"LightID":"L004337","Light_Source":"LED","Light_Type":"Cobra","Lighting_Type":"LED-Powered Lamp","Verification_Date":null},"id":"stl-city-public-streetlights:2:111593","sourceLayerId":2,"sourceObjectId":111593,"sourceURL":"https://maps8.stlouis-mo.gov/arcgis/rest/services/STREETS/Streets_Permitting/MapServer/2","title":"Street light L004337"},"type":"Feature"},{"geometry":{"coordinates":[-90.27786456355389,38.5806825517957],"type":"Point"},"id":"stl-city-public-streetlights:2:111601","properties":{"address":null,"attributes":{"Date_Installed":null,"LED_Powered":0,"LightID":"L004345","Light_Source":"LED","Light_Type":"Cobra","Lighting_Type":"LED-Powered Lamp","Verification_Date":null},"id":"stl-city-public-streetlights:2:111601","sourceLayerId":2,"sourceObjectId":111601,"sourceURL":"https://maps8.stlouis-mo.gov/arcgis/rest/services/STREETS/Streets_Permitting/MapServer/2","title":"Street light L004345"},"type":"Feature"},{"geometry":{"coordinates":[-90.2779251424048,38.580338470245906],"type":"Point"},"id":"stl-city-public-streetlights:2:111602","properties":{"address":null,"attributes":{"Date_Installed":null,"LED_Powered":0,"LightID":"L004346","Light_Source":"LED","Light_Type":"Cobra","Lighting_Type":"LED-Powered Lamp","Verification_Date":null},"id":"stl-city-public-streetlights:2:111602","sourceLayerId":2,"sourceObjectId":111602,"sourceURL":"https://maps8.stlouis-mo.gov/arcgis/rest/services/STREETS/Streets_Permitting/MapServer/2","title":"Street light L004346"},"type":"Feature"},{"geometry":{"coordinates":[-90.27782163367506,38.58002935559011],"type":"Point"},"id":"stl-city-public-streetlights:2:111603","properties":{"address":null,"attributes":{"Date_Installed":null,"LED_Powered":0,"LightID":"L004347","Light_Source":"LED","Light_Type":"Cobra","Lighting_Type":"LED-Powered Lamp","Verification_Date":null},"id":"stl-city-public-streetlights:2:111603","sourceLayerId":2,"sourceObjectId":111603,"sourceURL":"https://maps8.stlouis-mo.gov/arcgis/rest/services/STREETS/Streets_Permitting/MapServer/2","title":"Street light L004347"},"type":"Feature"},{"geometry":{"coordinates":[-90.27914760906685,38.580136267498254],"type":"Point"},"id":"stl-city-public-streetlights:2:111614","properties":{"address":null,"attributes":{"Date_Installed":null,"LED_Powered":0,"LightID":"L004358","Light_Source":"LED","Light_Type":"Cobra","Lighting_Type":"LED-Powered Lamp","Verification_Date":null},"id":"stl-city-public-streetlights:2:111614","sourceLayerId":2,"sourceObjectId":111614,"sourceURL":"https://maps8.stlouis-mo.gov/arcgis/rest/services/STREETS/Streets_Permitting/MapServer/2","title":"Street light L004358"},"type":"Feature"},{"geometry":{"coordinates":[-90.27848097818395,38.5808551151155],"type":"Point"},"id":"stl-city-public-streetlights:2:111690","properties":{"address":null,"attributes":{"Date_Installed":"9/12/17","LED_Powered":1,"LightID":"L004434","Light_Source":"LED","Light_Type":"Cobra","Lighting_Type":"LED-Powered Lamp","Verification_Date":1664582400000},"id":"stl-city-public-streetlights:2:111690","sourceLayerId":2,"sourceObjectId":111690,"sourceURL":"https://maps8.stlouis-mo.gov/arcgis/rest/services/STREETS/Streets_Permitting/MapServer/2","title":"Street light L004434"},"type":"Feature"},{"geometry":{"coordinates":[-90.27803595832442,38.580804216302916],"type":"Point"},"id":"stl-city-public-streetlights:2:111691","properties":{"address":null,"attributes":{"Date_Installed":"9/12/17","LED_Powered":1,"LightID":"L004435","Light_Source":"LED","Light_Type":"Cobra","Lighting_Type":"LED-Powered Lamp","Verification_Date":null},"id":"stl-city-public-streetlights:2:111691","sourceLayerId":2,"sourceObjectId":111691,"sourceURL":"https://maps8.stlouis-mo.gov/arcgis/rest/services/STREETS/Streets_Permitting/MapServer/2","title":"Street light L004435"},"type":"Feature"},{"geometry":{"coordinates":[-90.27753460404446,38.58075499522245],"type":"Point"},"id":"stl-city-public-streetlights:2:111692","properties":{"address":null,"attributes":{"Date_Installed":"9/12/17","LED_Powered":1,"LightID":"L004436","Light_Source":"LED","Light_Type":"Cobra","Lighting_Type":"LED-Powered Lamp","Verification_Date":null},"id":"stl-city-public-streetlights:2:111692","sourceLayerId":2,"sourceObjectId":111692,"sourceURL":"https://maps8.stlouis-mo.gov/arcgis/rest/services/STREETS/Streets_Permitting/MapServer/2","title":"Street light L004436"},"type":"Feature"},{"geometry":{"coordinates":[-90.2770407196812,38.5806471503261],"type":"Point"},"id":"stl-city-public-streetlights:2:111693","properties":{"address":null,"attributes":{"Date_Installed":"9/12/17","LED_Powered":1,"LightID":"L004437","Light_Source":"LED","Light_Type":"Cobra","Lighting_Type":"LED-Powered Lamp","Verification_Date":null},"id":"stl-city-public-streetlights:2:111693","sourceLayerId":2,"sourceObjectId":111693,"sourceURL":"https://maps8.stlouis-mo.gov/arcgis/rest/services/STREETS/Streets_Permitting/MapServer/2","title":"Street light L004437"},"type":"Feature"},{"geometry":{"coordinates":[-90.27670066791863,38.58037440991941],"type":"Point"},"id":"stl-city-public-streetlights:2:111694","properties":{"address":null,"attributes":{"Date_Installed":"9/12/17","LED_Powered":1,"LightID":"L004438","Light_Source":"LED","Light_Type":"Cobra","Lighting_Type":"LED-Powered Lamp","Verification_Date":null},"id":"stl-city-public-streetlights:2:111694","sourceLayerId":2,"sourceObjectId":111694,"sourceURL":"https://maps8.stlouis-mo.gov/arcgis/rest/services/STREETS/Streets_Permitting/MapServer/2","title":"Street light L004438"},"type":"Feature"},{"geometry":{"coordinates":[-90.27638968680326,38.58011161502433],"type":"Point"},"id":"stl-city-public-streetlights:2:111695","properties":{"address":null,"attributes":{"Date_Installed":"9/12/17","LED_Powered":1,"LightID":"L004439","Light_Source":"LED","Light_Type":"Cobra","Lighting_Type":"LED-Powered Lamp","Verification_Date":null},"id":"stl-city-public-streetlights:2:111695","sourceLayerId":2,"sourceObjectId":111695,"sourceURL":"https://maps8.stlouis-mo.gov/arcgis/rest/services/STREETS/Streets_Permitting/MapServer/2","title":"Street light L004439"},"type":"Feature"},{"geometry":{"coordinates":[-90.27935560120793,38.58013803723967],"type":"Point"},"id":"stl-city-public-streetlights:2:111943","properties":{"address":null,"attributes":{"Date_Installed":null,"LED_Powered":1,"LightID":"L004687","Light_Source":"LED","Light_Type":"Cobra","Lighting_Type":"LED-Powered Lamp","Verification_Date":1664582400000},"id":"stl-city-public-streetlights:2:111943","sourceLayerId":2,"sourceObjectId":111943,"sourceURL":"https://maps8.stlouis-mo.gov/arcgis/rest/services/STREETS/Streets_Permitting/MapServer/2","title":"Street light L004687"},"type":"Feature"},{"geometry":{"coordinates":[-90.27898019965963,38.5805577307253],"type":"Point"},"id":"stl-city-public-streetlights:2:111944","properties":{"address":null,"attributes":{"Date_Installed":"9/1/2016","LED_Powered":1,"LightID":"L004688","Light_Source":"LED","Light_Type":"Cobra","Lighting_Type":"LED-Powered Lamp","Verification_Date":1664582400000},"id":"stl-city-public-streetlights:2:111944","sourceLayerId":2,"sourceObjectId":111944,"sourceURL":"https://maps8.stlouis-mo.gov/arcgis/rest/services/STREETS/Streets_Permitting/MapServer/2","title":"Street light L004688"},"type":"Feature"},{"geometry":{"coordinates":[-90.27868569554454,38.581035688436394],"type":"Point"},"id":"stl-city-public-streetlights:2:111945","properties":{"address":null,"attributes":{"Date_Installed":"9/1/2016","LED_Powered":1,"LightID":"L004689","Light_Source":"LED","Light_Type":"Cobra","Lighting_Type":"LED-Powered Lamp","Verification_Date":1667260800000},"id":"stl-city-public-streetlights:2:111945","sourceLayerId":2,"sourceObjectId":111945,"sourceURL":"https://maps8.stlouis-mo.gov/arcgis/rest/services/STREETS/Streets_Permitting/MapServer/2","title":"Street light L004689"},"type":"Feature"},{"geometry":{"coordinates":[-90.27843934679048,38.58149476270079],"type":"Point"},"id":"stl-city-public-streetlights:2:111946","properties":{"address":null,"attributes":{"Date_Installed":"9/1/2016","LED_Powered":1,"LightID":"L004690","Light_Source":"LED","Light_Type":"Cobra","Lighting_Type":"LED-Powered Lamp","Verification_Date":1667260800000},"id":"stl-city-public-streetlights:2:111946","sourceLayerId":2,"sourceObjectId":111946,"sourceURL":"https://maps8.stlouis-mo.gov/arcgis/rest/services/STREETS/Streets_Permitting/MapServer/2","title":"Street light L004690"},"type":"Feature"},{"geometry":{"coordinates":[-90.27820355829827,38.58193528799776],"type":"Point"},"id":"stl-city-public-streetlights:2:111947","properties":{"address":null,"attributes":{"Date_Installed":"9/1/2016","LED_Powered":1,"LightID":"L004691","Light_Source":"LED","Light_Type":"Cobra","Lighting_Type":"LED-Powered Lamp","Verification_Date":1667260800000},"id":"stl-city-public-streetlights:2:111947","sourceLayerId":2,"sourceObjectId":111947,"sourceURL":"https://maps8.stlouis-mo.gov/arcgis/rest/services/STREETS/Streets_Permitting/MapServer/2","title":"Street light L004691"},"type":"Feature"},{"geometry":{"coordinates":[-90.27797605284476,38.58236748617537],"type":"Point"},"id":"stl-city-public-streetlights:2:111948","properties":{"address":null,"attributes":{"Date_Installed":"9/1/2016","LED_Powered":1,"LightID":"L004692","Light_Source":"LED","Light_Type":"Cobra","Lighting_Type":"LED-Powered Lamp","Verification_Date":1667260800000},"id":"stl-city-public-streetlights:2:111948","sourceLayerId":2,"sourceObjectId":111948,"sourceURL":"https://maps8.stlouis-mo.gov/arcgis/rest/services/STREETS/Streets_Permitting/MapServer/2","title":"Street light L004692"},"type":"Feature"},{"geometry":{"coordinates":[-90.27774196694736,38.58280562992279],"type":"Point"},"id":"stl-city-public-streetlights:2:111949","properties":{"address":null,"attributes":{"Date_Installed":"9/1/2016","LED_Powered":1,"LightID":"L004693","Light_Source":"LED","Light_Type":"Cobra","Lighting_Type":"LED-Powered Lamp","Verification_Date":1667260800000},"id":"stl-city-public-streetlights:2:111949","sourceLayerId":2,"sourceObjectId":111949,"sourceURL":"https://maps8.stlouis-mo.gov/arcgis/rest/services/STREETS/Streets_Permitting/MapServer/2","title":"Street light L004693"},"type":"Feature"},{"geometry":{"coordinates":[-90.27750383632451,38.58324471952872],"type":"Point"},"id":"stl-city-public-streetlights:2:111950","properties":{"address":null,"attributes":{"Date_Installed":"9/1/2016","LED_Powered":1,"LightID":"L004694","Light_Source":"LED","Light_Type":"Cobra","Lighting_Type":"LED-Powered Lamp","Verification_Date":1667260800000},"id":"stl-city-public-streetlights:2:111950","sourceLayerId":2,"sourceObjectId":111950,"sourceURL":"https://maps8.stlouis-mo.gov/arcgis/rest/services/STREETS/Streets_Permitting/MapServer/2","title":"Street light L004694"},"type":"Feature"},{"geometry":{"coordinates":[-90.27727640288072,38.5836802533047],"type":"Point"},"id":"stl-city-public-streetlights:2:111951","properties":{"address":null,"attributes":{"Date_Installed":"9/1/2016","LED_Powered":1,"LightID":"L004695","Light_Source":"LED","Light_Type":"Cobra","Lighting_Type":"LED-Powered Lamp","Verification_Date":1667260800000},"id":"stl-city-public-streetlights:2:111951","sourceLayerId":2,"sourceObjectId":111951,"sourceURL":"https://maps8.stlouis-mo.gov/arcgis/rest/services/STREETS/Streets_Permitting/MapServer/2","title":"Street light L004695"},"type":"Feature"},{"geometry":{"coordinates":[-90.27704892170057,38.58410100727646],"type":"Point"},"id":"stl-city-public-streetlights:2:111952","properties":{"address":null,"attributes":{"Date_Installed":"9/1/2016","LED_Powered":1,"LightID":"L004696","Light_Source":"LED","Light_Type":"Cobra","Lighting_Type":"LED-Powered Lamp","Verification_Date":1667260800000},"id":"stl-city-public-streetlights:2:111952","sourceLayerId":2,"sourceObjectId":111952,"sourceURL":"https://maps8.stlouis-mo.gov/arcgis/rest/services/STREETS/Streets_Permitting/MapServer/2","title":"Street light L004696"},"type":"Feature"},{"geometry":{"coordinates":[-90.27652467271473,38.58414948121552],"type":"Point"},"id":"stl-city-public-streetlights:2:111953","properties":{"address":null,"attributes":{"Date_Installed":"9/1/2016","LED_Powered":1,"LightID":"L004697","Light_Source":"LED","Light_Type":"Cobra","Lighting_Type":"LED-Powered Lamp","Verification_Date":null},"id":"stl-city-public-streetlights:2:111953","sourceLayerId":2,"sourceObjectId":111953,"sourceURL":"https://maps8.stlouis-mo.gov/arcgis/rest/services/STREETS/Streets_Permitting/MapServer/2","title":"Street light L004697"},"type":"Feature"},{"geometry":{"coordinates":[-90.27653743278549,38.584498270303406],"type":"Point"},"id":"stl-city-public-streetlights:2:111954","properties":{"address":null,"attributes":{"Date_Installed":"9/1/2016","LED_Powered":1,"LightID":"L004698","Light_Source":"LED","Light_Type":"Cobra","Lighting_Type":"LED-Powered Lamp","Verification_Date":null},"id":"stl-city-public-streetlights:2:111954","sourceLayerId":2,"sourceObjectId":111954,"sourceURL":"https://maps8.stlouis-mo.gov/arcgis/rest/services/STREETS/Streets_Permitting/MapServer/2","title":"Street light L004698"},"type":"Feature"},{"geometry":{"coordinates":[-90.27650627519512,38.58494342116568],"type":"Point"},"id":"stl-city-public-streetlights:2:111955","properties":{"address":null,"attributes":{"Date_Installed":"9/1/2016","LED_Powered":1,"LightID":"L004699","Light_Source":"LED","Light_Type":"Cobra","Lighting_Type":"LED-Powered Lamp","Verification_Date":null},"id":"stl-city-public-streetlights:2:111955","sourceLayerId":2,"sourceObjectId":111955,"sourceURL":"https://maps8.stlouis-mo.gov/arcgis/rest/services/STREETS/Streets_Permitting/MapServer/2","title":"Street light L004699"},"type":"Feature"},{"geometry":{"coordinates":[-90.27640364963986,38.58547718744661],"type":"Point"},"id":"stl-city-public-streetlights:2:111956","properties":{"address":null,"attributes":{"Date_Installed":"9/1/2016","LED_Powered":1,"LightID":"L004700","Light_Source":"LED","Light_Type":"Cobra","Lighting_Type":"LED-Powered Lamp","Verification_Date":1664582400000},"id":"stl-city-public-streetlights:2:111956","sourceLayerId":2,"sourceObjectId":111956,"sourceURL":"https://maps8.stlouis-mo.gov/arcgis/rest/services/STREETS/Streets_Permitting/MapServer/2","title":"Street light L004700"},"type":"Feature"},{"geometry":{"coordinates":[-90.27638191599173,38.585922497643836],"type":"Point"},"id":"stl-city-public-streetlights:2:111957","properties":{"address":null,"attributes":{"Date_Installed":"9/1/2016","LED_Powered":1,"LightID":"L004701","Light_Source":"LED","Light_Type":"Cobra","Lighting_Type":"LED-Powered Lamp","Verification_Date":1664582400000},"id":"stl-city-public-streetlights:2:111957","sourceLayerId":2,"sourceObjectId":111957,"sourceURL":"https://maps8.stlouis-mo.gov/arcgis/rest/services/STREETS/Streets_Permitting/MapServer/2","title":"Street light L004701"},"type":"Feature"},{"geometry":{"coordinates":[-90.27630957393065,38.58633496615508],"type":"Point"},"id":"stl-city-public-streetlights:2:111958","properties":{"address":null,"attributes":{"Date_Installed":"9/1/2016","LED_Powered":1,"LightID":"L004702","Light_Source":"LED","Light_Type":"Cobra","Lighting_Type":"LED-Powered Lamp","Verification_Date":1664582400000},"id":"stl-city-public-streetlights:2:111958","sourceLayerId":2,"sourceObjectId":111958,"sourceURL":"https://maps8.stlouis-mo.gov/arcgis/rest/services/STREETS/Streets_Permitting/MapServer/2","title":"Street light L004702"},"type":"Feature"},{"geometry":{"coordinates":[-90.27731508544836,38.58215800854184],"type":"Point"},"id":"stl-city-public-streetlights:2:111959","properties":{"address":null,"attributes":{"Date_Installed":"1/2017","LED_Powered":1,"LightID":"L004703","Light_Source":"LED","Light_Type":"Cobra","Lighting_Type":"LED-Powered Lamp","Verification_Date":null},"id":"stl-city-public-streetlights:2:111959","sourceLayerId":2,"sourceObjectId":111959,"sourceURL":"https://maps8.stlouis-mo.gov/arcgis/rest/services/STREETS/Streets_Permitting/MapServer/2","title":"Street light L004703"},"type":"Feature"},{"geometry":{"coordinates":[-90.27725086196811,38.5823391804563],"type":"Point"},"id":"stl-city-public-streetlights:2:111960","properties":{"address":null,"attributes":{"Date_Installed":"1/2017","LED_Powered":1,"LightID":"L004704","Light_Source":"LED","Light_Type":"Cobra","Lighting_Type":"LED-Powered Lamp","Verification_Date":null},"id":"stl-city-public-streetlights:2:111960","sourceLayerId":2,"sourceObjectId":111960,"sourceURL":"https://maps8.stlouis-mo.gov/arcgis/rest/services/STREETS/Streets_Permitting/MapServer/2","title":"Street light L004704"},"type":"Feature"},{"geometry":{"coordinates":[-90.27678569838982,38.58231815289236],"type":"Point"},"id":"stl-city-public-streetlights:2:111961","properties":{"address":null,"attributes":{"Date_Installed":"1/2017","LED_Powered":1,"LightID":"L004705","Light_Source":"LED","Light_Type":"Cobra","Lighting_Type":"LED-Powered Lamp","Verification_Date":null},"id":"stl-city-public-streetlights:2:111961","sourceLayerId":2,"sourceObjectId":111961,"sourceURL":"https://maps8.stlouis-mo.gov/arcgis/rest/services/STREETS/Streets_Permitting/MapServer/2","title":"Street light L004705"},"type":"Feature"},{"geometry":{"coordinates":[-90.27673724883078,38.582126488014595],"type":"Point"},"id":"stl-city-public-streetlights:2:111962","properties":{"address":null,"attributes":{"Date_Installed":"1/2017","LED_Powered":1,"LightID":"L004706","Light_Source":"LED","Light_Type":"Cobra","Lighting_Type":"LED-Powered Lamp","Verification_Date":null},"id":"stl-city-public-streetlights:2:111962","sourceLayerId":2,"sourceObjectId":111962,"sourceURL":"https://maps8.stlouis-mo.gov/arcgis/rest/services/STREETS/Streets_Permitting/MapServer/2","title":"Street light L004706"},"type":"Feature"},{"geometry":{"coordinates":[-90.27649270953549,38.586625642074026],"type":"Point"},"id":"stl-city-public-streetlights:2:111963","properties":{"address":null,"attributes":{"Date_Installed":"9/1/2016","LED_Powered":1,"LightID":"L004707","Light_Source":"LED","Light_Type":"Cobra","Lighting_Type":"LED-Powered Lamp","Verification_Date":1664582400000},"id":"stl-city-public-streetlights:2:111963","sourceLayerId":2,"sourceObjectId":111963,"sourceURL":"https://maps8.stlouis-mo.gov/arcgis/rest/services/STREETS/Streets_Permitting/MapServer/2","title":"Street light L004707"},"type":"Feature"},{"geometry":{"coordinates":[-90.27657608774334,38.58617958563888],"type":"Point"},"id":"stl-city-public-streetlights:2:111964","properties":{"address":null,"attributes":{"Date_Installed":"9/1/2016","LED_Powered":1,"LightID":"L004708","Light_Source":"LED","Light_Type":"Cobra","Lighting_Type":"LED-Powered Lamp","Verification_Date":1664582400000},"id":"stl-city-public-streetlights:2:111964","sourceLayerId":2,"sourceObjectId":111964,"sourceURL":"https://maps8.stlouis-mo.gov/arcgis/rest/services/STREETS/Streets_Permitting/MapServer/2","title":"Street light L004708"},"type":"Feature"},{"geometry":{"coordinates":[-90.27665403679539,38.58572136203155],"type":"Point"},"id":"stl-city-public-streetlights:2:111965","properties":{"address":null,"attributes":{"Date_Installed":"9/1/2016","LED_Powered":1,"LightID":"L004709","Light_Source":"LED","Light_Type":"Cobra","Lighting_Type":"LED-Powered Lamp","Verification_Date":1664582400000},"id":"stl-city-public-streetlights:2:111965","sourceLayerId":2,"sourceObjectId":111965,"sourceURL":"https://maps8.stlouis-mo.gov/arcgis/rest/services/STREETS/Streets_Permitting/MapServer/2","title":"Street light L004709"},"type":"Feature"},{"geometry":{"coordinates":[-90.27673274456416,38.58529245951024],"type":"Point"},"id":"stl-city-public-streetlights:2:111966","properties":{"address":null,"attributes":{"Date_Installed":"9/1/2016","LED_Powered":1,"LightID":"L004710","Light_Source":"LED","Light_Type":"Cobra","Lighting_Type":"LED-Powered Lamp","Verification_Date":1664582400000},"id":"stl-city-public-streetlights:2:111966","sourceLayerId":2,"sourceObjectId":111966,"sourceURL":"https://maps8.stlouis-mo.gov/arcgis/rest/services/STREETS/Streets_Permitting/MapServer/2","title":"Street light L004710"},"type":"Feature"},{"geometry":{"coordinates":[-90.27689872933396,38.58484441434873],"type":"Point"},"id":"stl-city-public-streetlights:2:111967","properties":{"address":null,"attributes":{"Date_Installed":"9/1/2016","LED_Powered":1,"LightID":"L004711","Light_Source":"LED","Light_Type":"Cobra","Lighting_Type":"LED-Powered Lamp","Verification_Date":1664582400000},"id":"stl-city-public-streetlights:2:111967","sourceLayerId":2,"sourceObjectId":111967,"sourceURL":"https://maps8.stlouis-mo.gov/arcgis/rest/services/STREETS/Streets_Permitting/MapServer/2","title":"Street light L004711"},"type":"Feature"},{"geometry":{"coordinates":[-90.277133564993,38.58440331803409],"type":"Point"},"id":"stl-city-public-streetlights:2:111968","properties":{"address":null,"attributes":{"Date_Installed":"2020-06-26","LED_Powered":1,"LightID":"L004712","Light_Source":"LED","Light_Type":"Cobra","Lighting_Type":"5G Pole - 5G Pole -5G Pole - 1A","Verification_Date":null},"id":"stl-city-public-streetlights:2:111968","sourceLayerId":2,"sourceObjectId":111968,"sourceURL":"https://maps8.stlouis-mo.gov/arcgis/rest/services/STREETS/Streets_Permitting/MapServer/2","title":"Street light L004712"},"type":"Feature"},{"geometry":{"coordinates":[-90.2773742248557,38.58396337643087],"type":"Point"},"id":"stl-city-public-streetlights:2:111969","properties":{"address":null,"attributes":{"Date_Installed":"9/1/2016","LED_Powered":1,"LightID":"L004713","Light_Source":"LED","Light_Type":"Cobra","Lighting_Type":"LED-Powered Lamp","Verification_Date":1667260800000},"id":"stl-city-public-streetlights:2:111969","sourceLayerId":2,"sourceObjectId":111969,"sourceURL":"https://maps8.stlouis-mo.gov/arcgis/rest/services/STREETS/Streets_Permitting/MapServer/2","title":"Street light L004713"},"type":"Feature"},{"geometry":{"coordinates":[-90.2776014875802,38.58353380160445],"type":"Point"},"id":"stl-city-public-streetlights:2:111970","properties":{"address":null,"attributes":{"Date_Installed":"9/1/2016","LED_Powered":1,"LightID":"L004714","Light_Source":"LED","Light_Type":"Cobra","Lighting_Type":"LED-Powered Lamp","Verification_Date":1667260800000},"id":"stl-city-public-streetlights:2:111970","sourceLayerId":2,"sourceObjectId":111970,"sourceURL":"https://maps8.stlouis-mo.gov/arcgis/rest/services/STREETS/Streets_Permitting/MapServer/2","title":"Street light L004714"},"type":"Feature"},{"geometry":{"coordinates":[-90.27783332648816,38.5830921377245],"type":"Point"},"id":"stl-city-public-streetlights:2:111971","properties":{"address":null,"attributes":{"Date_Installed":"9/1/2016","LED_Powered":1,"LightID":"L004715","Light_Source":"LED","Light_Type":"Cobra","Lighting_Type":"LED-Powered Lamp","Verification_Date":1667260800000},"id":"stl-city-public-streetlights:2:111971","sourceLayerId":2,"sourceObjectId":111971,"sourceURL":"https://maps8.stlouis-mo.gov/arcgis/rest/services/STREETS/Streets_Permitting/MapServer/2","title":"Street light L004715"},"type":"Feature"},{"geometry":{"coordinates":[-90.27807843925756,38.58264799582123],"type":"Point"},"id":"stl-city-public-streetlights:2:111972","properties":{"address":null,"attributes":{"Date_Installed":"9/1/2016","LED_Powered":1,"LightID":"L004716","Light_Source":"LED","Light_Type":"Cobra","Lighting_Type":"LED-Powered Lamp","Verification_Date":1667260800000},"id":"stl-city-public-streetlights:2:111972","sourceLayerId":2,"sourceObjectId":111972,"sourceURL":"https://maps8.stlouis-mo.gov/arcgis/rest/services/STREETS/Streets_Permitting/MapServer/2","title":"Street light L004716"},"type":"Feature"},{"geometry":{"coordinates":[-90.27830809582315,38.582207220481216],"type":"Point"},"id":"stl-city-public-streetlights:2:111973","properties":{"address":null,"attributes":{"Date_Installed":"9/1/2016","LED_Powered":1,"LightID":"L004717","Light_Source":"LED","Light_Type":"Cobra","Lighting_Type":"LED-Powered Lamp","Verification_Date":1667260800000},"id":"stl-city-public-streetlights:2:111973","sourceLayerId":2,"sourceObjectId":111973,"sourceURL":"https://maps8.stlouis-mo.gov/arcgis/rest/services/STREETS/Streets_Permitting/MapServer/2","title":"Street light L004717"},"type":"Feature"},{"geometry":{"coordinates":[-90.27853807470218,38.58177979387914],"type":"Point"},"id":"stl-city-public-streetlights:2:111974","properties":{"address":null,"attributes":{"Date_Installed":"9/1/2016","LED_Powered":1,"LightID":"L004718","Light_Source":"LED","Light_Type":"Cobra","Lighting_Type":"LED-Powered Lamp","Verification_Date":1667260800000},"id":"stl-city-public-streetlights:2:111974","sourceLayerId":2,"sourceObjectId":111974,"sourceURL":"https://maps8.stlouis-mo.gov/arcgis/rest/services/STREETS/Streets_Permitting/MapServer/2","title":"Street light L004718"},"type":"Feature"},{"geometry":{"coordinates":[-90.2787673362298,38.581347741122066],"type":"Point"},"id":"stl-city-public-streetlights:2:111975","properties":{"address":null,"attributes":{"Date_Installed":"9/1/2016","LED_Powered":1,"LightID":"L004719","Light_Source":"LED","Light_Type":"Cobra","Lighting_Type":"LED-Powered Lamp","Verification_Date":1667260800000},"id":"stl-city-public-streetlights:2:111975","sourceLayerId":2,"sourceObjectId":111975,"sourceURL":"https://maps8.stlouis-mo.gov/arcgis/rest/services/STREETS/Streets_Permitting/MapServer/2","title":"Street light L004719"},"type":"Feature"},{"geometry":{"coordinates":[-90.27901945493103,38.58088769957138],"type":"Point"},"id":"stl-city-public-streetlights:2:111976","properties":{"address":null,"attributes":{"Date_Installed":"9/1/2016","LED_Powered":1,"LightID":"L004720","Light_Source":"LED","Light_Type":"Cobra","Lighting_Type":"LED-Powered Lamp","Verification_Date":1664582400000},"id":"stl-city-public-streetlights:2:111976","sourceLayerId":2,"sourceObjectId":111976,"sourceURL":"https://maps8.stlouis-mo.gov/arcgis/rest/services/STREETS/Streets_Permitting/MapServer/2","title":"Street light L004720"},"type":"Feature"},{"geometry":{"coordinates":[-90.27933260878109,38.58045738867114],"type":"Point"},"id":"stl-city-public-streetlights:2:111977","properties":{"address":null,"attributes":{"Date_Installed":"9/1/2016","LED_Powered":1,"LightID":"L004721","Light_Source":"LED","Light_Type":"Cobra","Lighting_Type":"LED-Powered Lamp","Verification_Date":1664582400000},"id":"stl-city-public-streetlights:2:111977","sourceLayerId":2,"sourceObjectId":111977,"sourceURL":"https://maps8.stlouis-mo.gov/arcgis/rest/services/STREETS/Streets_Permitting/MapServer/2","title":"Street light L004721"},"type":"Feature"},{"geometry":{"coordinates":[-90.27975780776394,38.58006250662131],"type":"Point"},"id":"stl-city-public-streetlights:2:111978","properties":{"address":null,"attributes":{"Date_Installed":"9/1/2016","LED_Powered":1,"LightID":"L004722","Light_Source":"LED","Light_Type":"Cobra","Lighting_Type":"LED-Powered Lamp","Verification_Date":1664582400000},"id":"stl-city-public-streetlights:2:111978","sourceLayerId":2,"sourceObjectId":111978,"sourceURL":"https://maps8.stlouis-mo.gov/arcgis/rest/services/STREETS/Streets_Permitting/MapServer/2","title":"Street light L004722"},"type":"Feature"},{"geometry":{"coordinates":[-90.27678567431667,38.586170605385824],"type":"Point"},"id":"stl-city-public-streetlights:2:112135","properties":{"address":null,"attributes":{"Date_Installed":null,"LED_Powered":1,"LightID":"L004879","Light_Source":"LED","Light_Type":"Cobra","Lighting_Type":"LED-Powered Lamp","Verification_Date":1664582400000},"id":"stl-city-public-streetlights:2:112135","sourceLayerId":2,"sourceObjectId":112135,"sourceURL":"https://maps8.stlouis-mo.gov/arcgis/rest/services/STREETS/Streets_Permitting/MapServer/2","title":"Street light L004879"},"type":"Feature"},{"geometry":{"coordinates":[-90.27723586942064,38.58621750438974],"type":"Point"},"id":"stl-city-public-streetlights:2:112136","properties":{"address":null,"attributes":{"Date_Installed":null,"LED_Powered":0,"LightID":"L004880","Light_Source":"LED","Light_Type":"Cobra","Lighting_Type":"LED-Powered Lamp","Verification_Date":null},"id":"stl-city-public-streetlights:2:112136","sourceLayerId":2,"sourceObjectId":112136,"sourceURL":"https://maps8.stlouis-mo.gov/arcgis/rest/services/STREETS/Streets_Permitting/MapServer/2","title":"Street light L004880"},"type":"Feature"},{"geometry":{"coordinates":[-90.27769958609176,38.58626296068301],"type":"Point"},"id":"stl-city-public-streetlights:2:112137","properties":{"address":null,"attributes":{"Date_Installed":null,"LED_Powered":0,"LightID":"L004881","Light_Source":"LED","Light_Type":"Cobra","Lighting_Type":"LED-Powered Lamp","Verification_Date":null},"id":"stl-city-public-streetlights:2:112137","sourceLayerId":2,"sourceObjectId":112137,"sourceURL":"https://maps8.stlouis-mo.gov/arcgis/rest/services/STREETS/Streets_Permitting/MapServer/2","title":"Street light L004881"},"type":"Feature"},{"geometry":{"coordinates":[-90.27814737961799,38.58631148224523],"type":"Point"},"id":"stl-city-public-streetlights:2:112138","properties":{"address":null,"attributes":{"Date_Installed":null,"LED_Powered":0,"LightID":"L004882","Light_Source":"LED","Light_Type":"Cobra","Lighting_Type":"LED-Powered Lamp","Verification_Date":null},"id":"stl-city-public-streetlights:2:112138","sourceLayerId":2,"sourceObjectId":112138,"sourceURL":"https://maps8.stlouis-mo.gov/arcgis/rest/services/STREETS/Streets_Permitting/MapServer/2","title":"Street light L004882"},"type":"Feature"},{"geometry":{"coordinates":[-90.27857453835784,38.58635519640746],"type":"Point"},"id":"stl-city-public-streetlights:2:112139","properties":{"address":null,"attributes":{"Date_Installed":null,"LED_Powered":0,"LightID":"L004883","Light_Source":"LED","Light_Type":"Cobra","Lighting_Type":"LED-Powered Lamp","Verification_Date":null},"id":"stl-city-public-streetlights:2:112139","sourceLayerId":2,"sourceObjectId":112139,"sourceURL":"https://maps8.stlouis-mo.gov/arcgis/rest/services/STREETS/Streets_Permitting/MapServer/2","title":"Street light L004883"},"type":"Feature"},{"geometry":{"coordinates":[-90.2790390248695,38.58640732270292],"type":"Point"},"id":"stl-city-public-streetlights:2:112140","properties":{"address":null,"attributes":{"Date_Installed":null,"LED_Powered":0,"LightID":"L004884","Light_Source":"LED","Light_Type":"Cobra","Lighting_Type":"LED-Powered Lamp","Verification_Date":null},"id":"stl-city-public-streetlights:2:112140","sourceLayerId":2,"sourceObjectId":112140,"sourceURL":"https://maps8.stlouis-mo.gov/arcgis/rest/services/STREETS/Streets_Permitting/MapServer/2","title":"Street light L004884"},"type":"Feature"},{"geometry":{"coordinates":[-90.27951049757341,38.586459459415565],"type":"Point"},"id":"stl-city-public-streetlights:2:112141","properties":{"address":null,"attributes":{"Date_Installed":null,"LED_Powered":0,"LightID":"L004885","Light_Source":"LED","Light_Type":"Cobra","Lighting_Type":"LED-Powered Lamp","Verification_Date":null},"id":"stl-city-public-streetlights:2:112141","sourceLayerId":2,"sourceObjectId":112141,"sourceURL":"https://maps8.stlouis-mo.gov/arcgis/rest/services/STREETS/Streets_Permitting/MapServer/2","title":"Street light L004885"},"type":"Feature"},{"geometry":{"coordinates":[-90.27992794573855,38.586500767470376],"type":"Point"},"id":"stl-city-public-streetlights:2:112142","properties":{"address":null,"attributes":{"Date_Installed":null,"LED_Powered":0,"LightID":"L004886","Light_Source":"LED","Light_Type":"Cobra","Lighting_Type":"LED-Powered Lamp","Verification_Date":null},"id":"stl-city-public-streetlights:2:112142","sourceLayerId":2,"sourceObjectId":112142,"sourceURL":"https://maps8.stlouis-mo.gov/arcgis/rest/services/STREETS/Streets_Permitting/MapServer/2","title":"Street light L004886"},"type":"Feature"},{"geometry":{"coordinates":[-90.27984939745494,38.58549566082372],"type":"Point"},"id":"stl-city-public-streetlights:2:112172","properties":{"address":null,"attributes":{"Date_Installed":null,"LED_Powered":0,"LightID":"L004916","Light_Source":"LED","Light_Type":"Cobra","Lighting_Type":"LED-Powered Lamp","Verification_Date":null},"id":"stl-city-public-streetlights:2:112172","sourceLayerId":2,"sourceObjectId":112172,"sourceURL":"https://maps8.stlouis-mo.gov/arcgis/rest/services/STREETS/Streets_Permitting/MapServer/2","title":"Street light L004916"},"type":"Feature"},{"geometry":{"coordinates":[-90.27937604131935,38.58543946968445],"type":"Point"},"id":"stl-city-public-streetlights:2:112173","properties":{"address":null,"attributes":{"Date_Installed":null,"LED_Powered":0,"LightID":"L004917","Light_Source":"LED","Light_Type":"Cobra","Lighting_Type":"LED-Powered Lamp","Verification_Date":null},"id":"stl-city-public-streetlights:2:112173","sourceLayerId":2,"sourceObjectId":112173,"sourceURL":"https://maps8.stlouis-mo.gov/arcgis/rest/services/STREETS/Streets_Permitting/MapServer/2","title":"Street light L004917"},"type":"Feature"},{"geometry":{"coordinates":[-90.2789831856467,38.585401781766805],"type":"Point"},"id":"stl-city-public-streetlights:2:112174","properties":{"address":null,"attributes":{"Date_Installed":null,"LED_Powered":0,"LightID":"L004918","Light_Source":"LED","Light_Type":"Cobra","Lighting_Type":"LED-Powered Lamp","Verification_Date":null},"id":"stl-city-public-streetlights:2:112174","sourceLayerId":2,"sourceObjectId":112174,"sourceURL":"https://maps8.stlouis-mo.gov/arcgis/rest/services/STREETS/Streets_Permitting/MapServer/2","title":"Street light L004918"},"type":"Feature"},{"geometry":{"coordinates":[-90.27856118884841,38.5853604626373],"type":"Point"},"id":"stl-city-public-streetlights:2:112175","properties":{"address":null,"attributes":{"Date_Installed":null,"LED_Powered":0,"LightID":"L004919","Light_Source":"LED","Light_Type":"Cobra","Lighting_Type":"LED-Powered Lamp","Verification_Date":null},"id":"stl-city-public-streetlights:2:112175","sourceLayerId":2,"sourceObjectId":112175,"sourceURL":"https://maps8.stlouis-mo.gov/arcgis/rest/services/STREETS/Streets_Permitting/MapServer/2","title":"Street light L004919"},"type":"Feature"},{"geometry":{"coordinates":[-90.27813647979755,38.585312223353384],"type":"Point"},"id":"stl-city-public-streetlights:2:112176","properties":{"address":null,"attributes":{"Date_Installed":null,"LED_Powered":0,"LightID":"L004920","Light_Source":"LED","Light_Type":"Cobra","Lighting_Type":"LED-Powered Lamp","Verification_Date":null},"id":"stl-city-public-streetlights:2:112176","sourceLayerId":2,"sourceObjectId":112176,"sourceURL":"https://maps8.stlouis-mo.gov/arcgis/rest/services/STREETS/Streets_Permitting/MapServer/2","title":"Street light L004920"},"type":"Feature"},{"geometry":{"coordinates":[-90.2777228751097,38.58526767567806],"type":"Point"},"id":"stl-city-public-streetlights:2:112177","properties":{"address":null,"attributes":{"Date_Installed":null,"LED_Powered":0,"LightID":"L004921","Light_Source":"LED","Light_Type":"Cobra","Lighting_Type":"LED-Powered Lamp","Verification_Date":null},"id":"stl-city-public-streetlights:2:112177","sourceLayerId":2,"sourceObjectId":112177,"sourceURL":"https://maps8.stlouis-mo.gov/arcgis/rest/services/STREETS/Streets_Permitting/MapServer/2","title":"Street light L004921"},"type":"Feature"},{"geometry":{"coordinates":[-90.27729706480446,38.58522219701431],"type":"Point"},"id":"stl-city-public-streetlights:2:112178","properties":{"address":null,"attributes":{"Date_Installed":null,"LED_Powered":0,"LightID":"L004922","Light_Source":"LED","Light_Type":"Cobra","Lighting_Type":"LED-Powered Lamp","Verification_Date":null},"id":"stl-city-public-streetlights:2:112178","sourceLayerId":2,"sourceObjectId":112178,"sourceURL":"https://maps8.stlouis-mo.gov/arcgis/rest/services/STREETS/Streets_Permitting/MapServer/2","title":"Street light L004922"},"type":"Feature"},{"geometry":{"coordinates":[-90.27687962997096,38.5851790931212],"type":"Point"},"id":"stl-city-public-streetlights:2:112179","properties":{"address":null,"attributes":{"Date_Installed":null,"LED_Powered":0,"LightID":"L004923","Light_Source":"LED","Light_Type":"Cobra","Lighting_Type":"LED-Powered Lamp","Verification_Date":null},"id":"stl-city-public-streetlights:2:112179","sourceLayerId":2,"sourceObjectId":112179,"sourceURL":"https://maps8.stlouis-mo.gov/arcgis/rest/services/STREETS/Streets_Permitting/MapServer/2","title":"Street light L004923"},"type":"Feature"},{"geometry":{"coordinates":[-90.27736853046817,38.58428504933983],"type":"Point"},"id":"stl-city-public-streetlights:2:112180","properties":{"address":null,"attributes":{"Date_Installed":null,"LED_Powered":0,"LightID":"L004924","Light_Source":"LED","Light_Type":"Cobra","Lighting_Type":"LED-Powered Lamp","Verification_Date":null},"id":"stl-city-public-streetlights:2:112180","sourceLayerId":2,"sourceObjectId":112180,"sourceURL":"https://maps8.stlouis-mo.gov/arcgis/rest/services/STREETS/Streets_Permitting/MapServer/2","title":"Street light L004924"},"type":"Feature"},{"geometry":{"coordinates":[-90.27783295857544,38.58432134522527],"type":"Point"},"id":"stl-city-public-streetlights:2:112181","properties":{"address":null,"attributes":{"Date_Installed":null,"LED_Powered":0,"LightID":"L004925","Light_Source":"LED","Light_Type":"Cobra","Lighting_Type":"LED-Powered Lamp","Verification_Date":null},"id":"stl-city-public-streetlights:2:112181","sourceLayerId":2,"sourceObjectId":112181,"sourceURL":"https://maps8.stlouis-mo.gov/arcgis/rest/services/STREETS/Streets_Permitting/MapServer/2","title":"Street light L004925"},"type":"Feature"},{"geometry":{"coordinates":[-90.27830011593517,38.58436083001398],"type":"Point"},"id":"stl-city-public-streetlights:2:112182","properties":{"address":null,"attributes":{"Date_Installed":null,"LED_Powered":0,"LightID":"L004926","Light_Source":"LED","Light_Type":"Cobra","Lighting_Type":"LED-Powered Lamp","Verification_Date":null},"id":"stl-city-public-streetlights:2:112182","sourceLayerId":2,"sourceObjectId":112182,"sourceURL":"https://maps8.stlouis-mo.gov/arcgis/rest/services/STREETS/Streets_Permitting/MapServer/2","title":"Street light L004926"},"type":"Feature"},{"geometry":{"coordinates":[-90.27876644528259,38.58440175731498],"type":"Point"},"id":"stl-city-public-streetlights:2:112183","properties":{"address":null,"attributes":{"Date_Installed":null,"LED_Powered":0,"LightID":"L004927","Light_Source":"LED","Light_Type":"Cobra","Lighting_Type":"LED-Powered Lamp","Verification_Date":null},"id":"stl-city-public-streetlights:2:112183","sourceLayerId":2,"sourceObjectId":112183,"sourceURL":"https://maps8.stlouis-mo.gov/arcgis/rest/services/STREETS/Streets_Permitting/MapServer/2","title":"Street light L004927"},"type":"Feature"},{"geometry":{"coordinates":[-90.27919907081466,38.584441546211636],"type":"Point"},"id":"stl-city-public-streetlights:2:112184","properties":{"address":null,"attributes":{"Date_Installed":null,"LED_Powered":0,"LightID":"L004928","Light_Source":"LED","Light_Type":"Cobra","Lighting_Type":"LED-Powered Lamp","Verification_Date":null},"id":"stl-city-public-streetlights:2:112184","sourceLayerId":2,"sourceObjectId":112184,"sourceURL":"https://maps8.stlouis-mo.gov/arcgis/rest/services/STREETS/Streets_Permitting/MapServer/2","title":"Street light L004928"},"type":"Feature"},{"geometry":{"coordinates":[-90.2796506334282,38.58448601779724],"type":"Point"},"id":"stl-city-public-streetlights:2:112185","properties":{"address":null,"attributes":{"Date_Installed":null,"LED_Powered":0,"LightID":"L004929","Light_Source":"LED","Light_Type":"Cobra","Lighting_Type":"LED-Powered Lamp","Verification_Date":null},"id":"stl-city-public-streetlights:2:112185","sourceLayerId":2,"sourceObjectId":112185,"sourceURL":"https://maps8.stlouis-mo.gov/arcgis/rest/services/STREETS/Streets_Permitting/MapServer/2","title":"Street light L004929"},"type":"Feature"},{"geometry":{"coordinates":[-90.27965064440906,38.583687262472736],"type":"Point"},"id":"stl-city-public-streetlights:2:112641","properties":{"address":null,"attributes":{"Date_Installed":null,"LED_Powered":0,"LightID":"L005385","Light_Source":"LED","Light_Type":"Cobra","Lighting_Type":"LED-Powered Lamp","Verification_Date":null},"id":"stl-city-public-streetlights:2:112641","sourceLayerId":2,"sourceObjectId":112641,"sourceURL":"https://maps8.stlouis-mo.gov/arcgis/rest/services/STREETS/Streets_Permitting/MapServer/2","title":"Street light L005385"},"type":"Feature"},{"geometry":{"coordinates":[-90.27919063994628,38.58364444432555],"type":"Point"},"id":"stl-city-public-streetlights:2:112642","properties":{"address":null,"attributes":{"Date_Installed":null,"LED_Powered":0,"LightID":"L005386","Light_Source":"LED","Light_Type":"Cobra","Lighting_Type":"LED-Powered Lamp","Verification_Date":null},"id":"stl-city-public-streetlights:2:112642","sourceLayerId":2,"sourceObjectId":112642,"sourceURL":"https://maps8.stlouis-mo.gov/arcgis/rest/services/STREETS/Streets_Permitting/MapServer/2","title":"Street light L005386"},"type":"Feature"},{"geometry":{"coordinates":[-90.2787389268299,38.58359210493681],"type":"Point"},"id":"stl-city-public-streetlights:2:112643","properties":{"address":null,"attributes":{"Date_Installed":null,"LED_Powered":0,"LightID":"L005387","Light_Source":"LED","Light_Type":"Cobra","Lighting_Type":"LED-Powered Lamp","Verification_Date":null},"id":"stl-city-public-streetlights:2:112643","sourceLayerId":2,"sourceObjectId":112643,"sourceURL":"https://maps8.stlouis-mo.gov/arcgis/rest/services/STREETS/Streets_Permitting/MapServer/2","title":"Street light L005387"},"type":"Feature"},{"geometry":{"coordinates":[-90.27826291874139,38.58353971688055],"type":"Point"},"id":"stl-city-public-streetlights:2:112644","properties":{"address":null,"attributes":{"Date_Installed":null,"LED_Powered":0,"LightID":"L005388","Light_Source":"LED","Light_Type":"Cobra","Lighting_Type":"LED-Powered Lamp","Verification_Date":null},"id":"stl-city-public-streetlights:2:112644","sourceLayerId":2,"sourceObjectId":112644,"sourceURL":"https://maps8.stlouis-mo.gov/arcgis/rest/services/STREETS/Streets_Permitting/MapServer/2","title":"Street light L005388"},"type":"Feature"},{"geometry":{"coordinates":[-90.2778425086375,38.58342069207743],"type":"Point"},"id":"stl-city-public-streetlights:2:112645","properties":{"address":null,"attributes":{"Date_Installed":null,"LED_Powered":0,"LightID":"L005389","Light_Source":"LED","Light_Type":"Cobra","Lighting_Type":"LED-Powered Lamp","Verification_Date":null},"id":"stl-city-public-streetlights:2:112645","sourceLayerId":2,"sourceObjectId":112645,"sourceURL":"https://maps8.stlouis-mo.gov/arcgis/rest/services/STREETS/Streets_Permitting/MapServer/2","title":"Street light L005389"},"type":"Feature"},{"geometry":{"coordinates":[-90.27830486268374,38.58259921603013],"type":"Point"},"id":"stl-city-public-streetlights:2:112646","properties":{"address":null,"attributes":{"Date_Installed":"9/1/2016","LED_Powered":1,"LightID":"L005390","Light_Source":"LED","Light_Type":"Cobra","Lighting_Type":"LED-Powered Lamp","Verification_Date":1667260800000},"id":"stl-city-public-streetlights:2:112646","sourceLayerId":2,"sourceObjectId":112646,"sourceURL":"https://maps8.stlouis-mo.gov/arcgis/rest/services/STREETS/Streets_Permitting/MapServer/2","title":"Street light L005390"},"type":"Feature"},{"geometry":{"coordinates":[-90.27868895376082,38.58271721736728],"type":"Point"},"id":"stl-city-public-streetlights:2:112647","properties":{"address":null,"attributes":{"Date_Installed":"9/1/2016","LED_Powered":1,"LightID":"L005391","Light_Source":"LED","Light_Type":"Cobra","Lighting_Type":"LED-Powered Lamp","Verification_Date":null},"id":"stl-city-public-streetlights:2:112647","sourceLayerId":2,"sourceObjectId":112647,"sourceURL":"https://maps8.stlouis-mo.gov/arcgis/rest/services/STREETS/Streets_Permitting/MapServer/2","title":"Street light L005391"},"type":"Feature"},{"geometry":{"coordinates":[-90.27911153940867,38.58275949029991],"type":"Point"},"id":"stl-city-public-streetlights:2:112648","properties":{"address":null,"attributes":{"Date_Installed":"9/1/2016","LED_Powered":1,"LightID":"L005392","Light_Source":"LED","Light_Type":"Cobra","Lighting_Type":"LED-Powered Lamp","Verification_Date":null},"id":"stl-city-public-streetlights:2:112648","sourceLayerId":2,"sourceObjectId":112648,"sourceURL":"https://maps8.stlouis-mo.gov/arcgis/rest/services/STREETS/Streets_Permitting/MapServer/2","title":"Street light L005392"},"type":"Feature"},{"geometry":{"coordinates":[-90.2795482637853,38.58280655589261],"type":"Point"},"id":"stl-city-public-streetlights:2:112649","properties":{"address":null,"attributes":{"Date_Installed":"9/1/2016","LED_Powered":1,"LightID":"L005393","Light_Source":"LED","Light_Type":"Cobra","Lighting_Type":"LED-Powered Lamp","Verification_Date":null},"id":"stl-city-public-streetlights:2:112649","sourceLayerId":2,"sourceObjectId":112649,"sourceURL":"https://maps8.stlouis-mo.gov/arcgis/rest/services/STREETS/Streets_Permitting/MapServer/2","title":"Street light L005393"},"type":"Feature"},{"geometry":{"coordinates":[-90.27959489805862,38.581849298454436],"type":"Point"},"id":"stl-city-public-streetlights:2:112658","properties":{"address":null,"attributes":{"Date_Installed":null,"LED_Powered":0,"LightID":"L005402","Light_Source":"LED","Light_Type":"Cobra","Lighting_Type":"LED-Powered Lamp","Verification_Date":null},"id":"stl-city-public-streetlights:2:112658","sourceLayerId":2,"sourceObjectId":112658,"sourceURL":"https://maps8.stlouis-mo.gov/arcgis/rest/services/STREETS/Streets_Permitting/MapServer/2","title":"Street light L005402"},"type":"Feature"},{"geometry":{"coordinates":[-90.27916504138442,38.581802722567396],"type":"Point"},"id":"stl-city-public-streetlights:2:112659","properties":{"address":null,"attributes":{"Date_Installed":null,"LED_Powered":0,"LightID":"L005403","Light_Source":"LED","Light_Type":"Cobra","Lighting_Type":"LED-Powered Lamp","Verification_Date":null},"id":"stl-city-public-streetlights:2:112659","sourceLayerId":2,"sourceObjectId":112659,"sourceURL":"https://maps8.stlouis-mo.gov/arcgis/rest/services/STREETS/Streets_Permitting/MapServer/2","title":"Street light L005403"},"type":"Feature"},{"geometry":{"coordinates":[-90.27876565083122,38.581679766846634],"type":"Point"},"id":"stl-city-public-streetlights:2:112660","properties":{"address":null,"attributes":{"Date_Installed":null,"LED_Powered":0,"LightID":"L005404","Light_Source":"LED","Light_Type":"Cobra","Lighting_Type":"LED-Powered Lamp","Verification_Date":null},"id":"stl-city-public-streetlights:2:112660","sourceLayerId":2,"sourceObjectId":112660,"sourceURL":"https://maps8.stlouis-mo.gov/arcgis/rest/services/STREETS/Streets_Permitting/MapServer/2","title":"Street light L005404"},"type":"Feature"},{"geometry":{"coordinates":[-90.2791652348329,38.58105253377751],"type":"Point"},"id":"stl-city-public-streetlights:2:112661","properties":{"address":null,"attributes":{"Date_Installed":"9/12/17","LED_Powered":1,"LightID":"L005405","Light_Source":"LED","Light_Type":"Cobra","Lighting_Type":"LED-Powered Lamp","Verification_Date":1667260800000},"id":"stl-city-public-streetlights:2:112661","sourceLayerId":2,"sourceObjectId":112661,"sourceURL":"https://maps8.stlouis-mo.gov/arcgis/rest/services/STREETS/Streets_Permitting/MapServer/2","title":"Street light L005405"},"type":"Feature"},{"geometry":{"coordinates":[-90.27966634149462,38.58110458343744],"type":"Point"},"id":"stl-city-public-streetlights:2:112662","properties":{"address":null,"attributes":{"Date_Installed":"9/12/17","LED_Powered":1,"LightID":"L005406","Light_Source":"LED","Light_Type":"Cobra","Lighting_Type":"LED-Powered Lamp","Verification_Date":null},"id":"stl-city-public-streetlights:2:112662","sourceLayerId":2,"sourceObjectId":112662,"sourceURL":"https://maps8.stlouis-mo.gov/arcgis/rest/services/STREETS/Streets_Permitting/MapServer/2","title":"Street light L005406"},"type":"Feature"},{"geometry":{"coordinates":[-90.27053748300239,38.580176871251616],"type":"Point"},"id":"stl-city-public-streetlights:2:115637","properties":{"address":null,"attributes":{"Date_Installed":"5/9/2018","LED_Powered":1,"LightID":"L008374","Light_Source":"LED","Light_Type":"Cobra","Lighting_Type":"LED-Powered Lamp","Verification_Date":null},"id":"stl-city-public-streetlights:2:115637","sourceLayerId":2,"sourceObjectId":115637,"sourceURL":"https://maps8.stlouis-mo.gov/arcgis/rest/services/STREETS/Streets_Permitting/MapServer/2","title":"Street light L008374"},"type":"Feature"},{"geometry":{"coordinates":[-90.27042839558469,38.58048557642357],"type":"Point"},"id":"stl-city-public-streetlights:2:115638","properties":{"address":null,"attributes":{"Date_Installed":"5/9/2018","LED_Powered":1,"LightID":"L008375","Light_Source":"LED","Light_Type":"Cobra","Lighting_Type":"LED-Powered Lamp","Verification_Date":null},"id":"stl-city-public-streetlights:2:115638","sourceLayerId":2,"sourceObjectId":115638,"sourceURL":"https://maps8.stlouis-mo.gov/arcgis/rest/services/STREETS/Streets_Permitting/MapServer/2","title":"Street light L008375"},"type":"Feature"},{"geometry":{"coordinates":[-90.27030781745823,38.58082634803747],"type":"Point"},"id":"stl-city-public-streetlights:2:115639","properties":{"address":null,"attributes":{"Date_Installed":"2020-08-12","LED_Powered":1,"LightID":"L008376","Light_Source":"LED","Light_Type":"Cobra","Lighting_Type":"5G Pole - 5G Pole -5G Pole - 2A","Verification_Date":null},"id":"stl-city-public-streetlights:2:115639","sourceLayerId":2,"sourceObjectId":115639,"sourceURL":"https://maps8.stlouis-mo.gov/arcgis/rest/services/STREETS/Streets_Permitting/MapServer/2","title":"Street light L008376"},"type":"Feature"},{"geometry":{"coordinates":[-90.27018116121721,38.58118217690294],"type":"Point"},"id":"stl-city-public-streetlights:2:115640","properties":{"address":null,"attributes":{"Date_Installed":"5/9/2018","LED_Powered":1,"LightID":"L008377","Light_Source":"LED","Light_Type":"Cobra","Lighting_Type":"LED-Powered Lamp","Verification_Date":null},"id":"stl-city-public-streetlights:2:115640","sourceLayerId":2,"sourceObjectId":115640,"sourceURL":"https://maps8.stlouis-mo.gov/arcgis/rest/services/STREETS/Streets_Permitting/MapServer/2","title":"Street light L008377"},"type":"Feature"},{"geometry":{"coordinates":[-90.27006212342256,38.58151462694222],"type":"Point"},"id":"stl-city-public-streetlights:2:115641","properties":{"address":null,"attributes":{"Date_Installed":"5/9/2018","LED_Powered":1,"LightID":"L008378","Light_Source":"LED","Light_Type":"Cobra","Lighting_Type":"LED-Powered Lamp","Verification_Date":null},"id":"stl-city-public-streetlights:2:115641","sourceLayerId":2,"sourceObjectId":115641,"sourceURL":"https://maps8.stlouis-mo.gov/arcgis/rest/services/STREETS/Streets_Permitting/MapServer/2","title":"Street light L008378"},"type":"Feature"},{"geometry":{"coordinates":[-90.27090528000636,38.58805987859859],"type":"Point"},"id":"stl-city-public-streetlights:2:115762","properties":{"address":null,"attributes":{"Date_Installed":"9/10/17","LED_Powered":1,"LightID":"L008499","Light_Source":"LED","Light_Type":"Cobra","Lighting_Type":"LED-Powered Lamp","Verification_Date":null},"id":"stl-city-public-streetlights:2:115762","sourceLayerId":2,"sourceObjectId":115762,"sourceURL":"https://maps8.stlouis-mo.gov/arcgis/rest/services/STREETS/Streets_Permitting/MapServer/2","title":"Street light L008499"},"type":"Feature"},{"geometry":{"coordinates":[-90.27105117905242,38.58765271964063],"type":"Point"},"id":"stl-city-public-streetlights:2:115763","properties":{"address":null,"attributes":{"Date_Installed":"9/10/17","LED_Powered":1,"LightID":"L008500","Light_Source":"LED","Light_Type":"Cobra","Lighting_Type":"LED-Powered Lamp","Verification_Date":null},"id":"stl-city-public-streetlights:2:115763","sourceLayerId":2,"sourceObjectId":115763,"sourceURL":"https://maps8.stlouis-mo.gov/arcgis/rest/services/STREETS/Streets_Permitting/MapServer/2","title":"Street light L008500"},"type":"Feature"},{"geometry":{"coordinates":[-90.27120199823223,38.58719710809923],"type":"Point"},"id":"stl-city-public-streetlights:2:115764","properties":{"address":null,"attributes":{"Date_Installed":"9/10/17","LED_Powered":1,"LightID":"L008501","Light_Source":"LED","Light_Type":"Cobra","Lighting_Type":"LED-Powered Lamp","Verification_Date":null},"id":"stl-city-public-streetlights:2:115764","sourceLayerId":2,"sourceObjectId":115764,"sourceURL":"https://maps8.stlouis-mo.gov/arcgis/rest/services/STREETS/Streets_Permitting/MapServer/2","title":"Street light L008501"},"type":"Feature"},{"geometry":{"coordinates":[-90.27137230156531,38.58673978394321],"type":"Point"},"id":"stl-city-public-streetlights:2:115765","properties":{"address":null,"attributes":{"Date_Installed":"9/10/17","LED_Powered":1,"LightID":"L008502","Light_Source":"LED","Light_Type":"Cobra","Lighting_Type":"LED-Powered Lamp","Verification_Date":null},"id":"stl-city-public-streetlights:2:115765","sourceLayerId":2,"sourceObjectId":115765,"sourceURL":"https://maps8.stlouis-mo.gov/arcgis/rest/services/STREETS/Streets_Permitting/MapServer/2","title":"Street light L008502"},"type":"Feature"},{"geometry":{"coordinates":[-90.27151726032724,38.58625349661226],"type":"Point"},"id":"stl-city-public-streetlights:2:115766","properties":{"address":null,"attributes":{"Date_Installed":"9/10/17","LED_Powered":1,"LightID":"L008503","Light_Source":"LED","Light_Type":"Cobra","Lighting_Type":"LED-Powered Lamp","Verification_Date":null},"id":"stl-city-public-streetlights:2:115766","sourceLayerId":2,"sourceObjectId":115766,"sourceURL":"https://maps8.stlouis-mo.gov/arcgis/rest/services/STREETS/Streets_Permitting/MapServer/2","title":"Street light L008503"},"type":"Feature"},{"geometry":{"coordinates":[-90.27166503027293,38.58582885578079],"type":"Point"},"id":"stl-city-public-streetlights:2:115767","properties":{"address":null,"attributes":{"Date_Installed":"9/10/17","LED_Powered":1,"LightID":"L008504","Light_Source":"LED","Light_Type":"Cobra","Lighting_Type":"LED-Powered Lamp","Verification_Date":null},"id":"stl-city-public-streetlights:2:115767","sourceLayerId":2,"sourceObjectId":115767,"sourceURL":"https://maps8.stlouis-mo.gov/arcgis/rest/services/STREETS/Streets_Permitting/MapServer/2","title":"Street light L008504"},"type":"Feature"},{"geometry":{"coordinates":[-90.271837643485,38.58535634349715],"type":"Point"},"id":"stl-city-public-streetlights:2:115768","properties":{"address":null,"attributes":{"Date_Installed":"9/10/17","LED_Powered":1,"LightID":"L008505","Light_Source":"LED","Light_Type":"Cobra","Lighting_Type":"LED-Powered Lamp","Verification_Date":null},"id":"stl-city-public-streetlights:2:115768","sourceLayerId":2,"sourceObjectId":115768,"sourceURL":"https://maps8.stlouis-mo.gov/arcgis/rest/services/STREETS/Streets_Permitting/MapServer/2","title":"Street light L008505"},"type":"Feature"},{"geometry":{"coordinates":[-90.27194902953339,38.58504168230867],"type":"Point"},"id":"stl-city-public-streetlights:2:115769","properties":{"address":null,"attributes":{"Date_Installed":"9/10/17","LED_Powered":1,"LightID":"L008506","Light_Source":"LED","Light_Type":"Cobra","Lighting_Type":"LED-Powered Lamp","Verification_Date":null},"id":"stl-city-public-streetlights:2:115769","sourceLayerId":2,"sourceObjectId":115769,"sourceURL":"https://maps8.stlouis-mo.gov/arcgis/rest/services/STREETS/Streets_Permitting/MapServer/2","title":"Street light L008506"},"type":"Feature"},{"geometry":{"coordinates":[-90.27206217036668,38.58472821720261],"type":"Point"},"id":"stl-city-public-streetlights:2:115770","properties":{"address":null,"attributes":{"Date_Installed":"9/10/17","LED_Powered":1,"LightID":"L008507","Light_Source":"LED","Light_Type":"Cobra","Lighting_Type":"LED-Powered Lamp","Verification_Date":null},"id":"stl-city-public-streetlights:2:115770","sourceLayerId":2,"sourceObjectId":115770,"sourceURL":"https://maps8.stlouis-mo.gov/arcgis/rest/services/STREETS/Streets_Permitting/MapServer/2","title":"Street light L008507"},"type":"Feature"},{"geometry":{"coordinates":[-90.27217455996109,38.58440736134045],"type":"Point"},"id":"stl-city-public-streetlights:2:115771","properties":{"address":null,"attributes":{"Date_Installed":"9/10/17","LED_Powered":1,"LightID":"L008508","Light_Source":"LED","Light_Type":"Cobra","Lighting_Type":"LED-Powered Lamp","Verification_Date":null},"id":"stl-city-public-streetlights:2:115771","sourceLayerId":2,"sourceObjectId":115771,"sourceURL":"https://maps8.stlouis-mo.gov/arcgis/rest/services/STREETS/Streets_Permitting/MapServer/2","title":"Street light L008508"},"type":"Feature"},{"geometry":{"coordinates":[-90.27228832005027,38.58408507739165],"type":"Point"},"id":"stl-city-public-streetlights:2:115772","properties":{"address":null,"attributes":{"Date_Installed":"9/10/17","LED_Powered":1,"LightID":"L008509","Light_Source":"LED","Light_Type":"Cobra","Lighting_Type":"LED-Powered Lamp","Verification_Date":null},"id":"stl-city-public-streetlights:2:115772","sourceLayerId":2,"sourceObjectId":115772,"sourceURL":"https://maps8.stlouis-mo.gov/arcgis/rest/services/STREETS/Streets_Permitting/MapServer/2","title":"Street light L008509"},"type":"Feature"},{"geometry":{"coordinates":[-90.27240409063954,38.58377495394371],"type":"Point"},"id":"stl-city-public-streetlights:2:115773","properties":{"address":null,"attributes":{"Date_Installed":"9/10/17","LED_Powered":1,"LightID":"L008510","Light_Source":"LED","Light_Type":"Cobra","Lighting_Type":"LED-Powered Lamp","Verification_Date":null},"id":"stl-city-public-streetlights:2:115773","sourceLayerId":2,"sourceObjectId":115773,"sourceURL":"https://maps8.stlouis-mo.gov/arcgis/rest/services/STREETS/Streets_Permitting/MapServer/2","title":"Street light L008510"},"type":"Feature"},{"geometry":{"coordinates":[-90.27251442506973,38.58345480811549],"type":"Point"},"id":"stl-city-public-streetlights:2:115774","properties":{"address":null,"attributes":{"Date_Installed":"9/10/17","LED_Powered":1,"LightID":"L008511","Light_Source":"LED","Light_Type":"Cobra","Lighting_Type":"LED-Powered Lamp","Verification_Date":null},"id":"stl-city-public-streetlights:2:115774","sourceLayerId":2,"sourceObjectId":115774,"sourceURL":"https://maps8.stlouis-mo.gov/arcgis/rest/services/STREETS/Streets_Permitting/MapServer/2","title":"Street light L008511"},"type":"Feature"},{"geometry":{"coordinates":[-90.27262429421444,38.583137402694426],"type":"Point"},"id":"stl-city-public-streetlights:2:115775","properties":{"address":null,"attributes":{"Date_Installed":"9/10/17","LED_Powered":1,"LightID":"L008512","Light_Source":"LED","Light_Type":"Cobra","Lighting_Type":"LED-Powered Lamp","Verification_Date":null},"id":"stl-city-public-streetlights:2:115775","sourceLayerId":2,"sourceObjectId":115775,"sourceURL":"https://maps8.stlouis-mo.gov/arcgis/rest/services/STREETS/Streets_Permitting/MapServer/2","title":"Street light L008512"},"type":"Feature"},{"geometry":{"coordinates":[-90.2727524195291,38.582783967833805],"type":"Point"},"id":"stl-city-public-streetlights:2:115776","properties":{"address":null,"attributes":{"Date_Installed":"5/9/2018","LED_Powered":1,"LightID":"L008513","Light_Source":"LED","Light_Type":"Cobra","Lighting_Type":"LED-Powered Lamp","Verification_Date":null},"id":"stl-city-public-streetlights:2:115776","sourceLayerId":2,"sourceObjectId":115776,"sourceURL":"https://maps8.stlouis-mo.gov/arcgis/rest/services/STREETS/Streets_Permitting/MapServer/2","title":"Street light L008513"},"type":"Feature"},{"geometry":{"coordinates":[-90.27286106849081,38.5824772390329],"type":"Point"},"id":"stl-city-public-streetlights:2:115777","properties":{"address":null,"attributes":{"Date_Installed":"5/9/2018","LED_Powered":1,"LightID":"L008514","Light_Source":"LED","Light_Type":"Cobra","Lighting_Type":"LED-Powered Lamp","Verification_Date":null},"id":"stl-city-public-streetlights:2:115777","sourceLayerId":2,"sourceObjectId":115777,"sourceURL":"https://maps8.stlouis-mo.gov/arcgis/rest/services/STREETS/Streets_Permitting/MapServer/2","title":"Street light L008514"},"type":"Feature"},{"geometry":{"coordinates":[-90.27297373488662,38.582156978302905],"type":"Point"},"id":"stl-city-public-streetlights:2:115778","properties":{"address":null,"attributes":{"Date_Installed":"5/9/2018","LED_Powered":1,"LightID":"L008515","Light_Source":"LED","Light_Type":"Cobra","Lighting_Type":"LED-Powered Lamp","Verification_Date":null},"id":"stl-city-public-streetlights:2:115778","sourceLayerId":2,"sourceObjectId":115778,"sourceURL":"https://maps8.stlouis-mo.gov/arcgis/rest/services/STREETS/Streets_Permitting/MapServer/2","title":"Street light L008515"},"type":"Feature"},{"geometry":{"coordinates":[-90.27471537387146,38.58219453889708],"type":"Point"},"id":"stl-city-public-streetlights:2:115779","properties":{"address":null,"attributes":{"Date_Installed":"5/9/2018","LED_Powered":1,"LightID":"L008516","Light_Source":"LED","Light_Type":"Cobra","Lighting_Type":"LED-Powered Lamp","Verification_Date":null},"id":"stl-city-public-streetlights:2:115779","sourceLayerId":2,"sourceObjectId":115779,"sourceURL":"https://maps8.stlouis-mo.gov/arcgis/rest/services/STREETS/Streets_Permitting/MapServer/2","title":"Street light L008516"},"type":"Feature"},{"geometry":{"coordinates":[-90.27482938945111,38.58180992056032],"type":"Point"},"id":"stl-city-public-streetlights:2:115780","properties":{"address":null,"attributes":{"Date_Installed":"5/9/2018","LED_Powered":1,"LightID":"L008517","Light_Source":"LED","Light_Type":"Cobra","Lighting_Type":"LED-Powered Lamp","Verification_Date":null},"id":"stl-city-public-streetlights:2:115780","sourceLayerId":2,"sourceObjectId":115780,"sourceURL":"https://maps8.stlouis-mo.gov/arcgis/rest/services/STREETS/Streets_Permitting/MapServer/2","title":"Street light L008517"},"type":"Feature"},{"geometry":{"coordinates":[-90.27477930021811,38.581464435880726],"type":"Point"},"id":"stl-city-public-streetlights:2:115781","properties":{"address":null,"attributes":{"Date_Installed":"5/9/2018","LED_Powered":1,"LightID":"L008518","Light_Source":"LED","Light_Type":"Cobra","Lighting_Type":"LED-Powered Lamp","Verification_Date":null},"id":"stl-city-public-streetlights:2:115781","sourceLayerId":2,"sourceObjectId":115781,"sourceURL":"https://maps8.stlouis-mo.gov/arcgis/rest/services/STREETS/Streets_Permitting/MapServer/2","title":"Street light L008518"},"type":"Feature"},{"geometry":{"coordinates":[-90.27472563963467,38.581143972152496],"type":"Point"},"id":"stl-city-public-streetlights:2:115782","properties":{"address":null,"attributes":{"Date_Installed":"5/9/2018","LED_Powered":1,"LightID":"L008519","Light_Source":"LED","Light_Type":"Cobra","Lighting_Type":"LED-Powered Lamp","Verification_Date":null},"id":"stl-city-public-streetlights:2:115782","sourceLayerId":2,"sourceObjectId":115782,"sourceURL":"https://maps8.stlouis-mo.gov/arcgis/rest/services/STREETS/Streets_Permitting/MapServer/2","title":"Street light L008519"},"type":"Feature"},{"geometry":{"coordinates":[-90.27468019777993,38.58081780349736],"type":"Point"},"id":"stl-city-public-streetlights:2:115783","properties":{"address":null,"attributes":{"Date_Installed":"5/9/2018","LED_Powered":1,"LightID":"L008520","Light_Source":"LED","Light_Type":"Cobra","Lighting_Type":"LED-Powered Lamp","Verification_Date":null},"id":"stl-city-public-streetlights:2:115783","sourceLayerId":2,"sourceObjectId":115783,"sourceURL":"https://maps8.stlouis-mo.gov/arcgis/rest/services/STREETS/Streets_Permitting/MapServer/2","title":"Street light L008520"},"type":"Feature"},{"geometry":{"coordinates":[-90.27462996140926,38.58047136526262],"type":"Point"},"id":"stl-city-public-streetlights:2:115784","properties":{"address":null,"attributes":{"Date_Installed":"5/9/2018","LED_Powered":1,"LightID":"L008521","Light_Source":"LED","Light_Type":"Cobra","Lighting_Type":"LED-Powered Lamp","Verification_Date":null},"id":"stl-city-public-streetlights:2:115784","sourceLayerId":2,"sourceObjectId":115784,"sourceURL":"https://maps8.stlouis-mo.gov/arcgis/rest/services/STREETS/Streets_Permitting/MapServer/2","title":"Street light L008521"},"type":"Feature"},{"geometry":{"coordinates":[-90.27458270567283,38.58014269034354],"type":"Point"},"id":"stl-city-public-streetlights:2:115785","properties":{"address":null,"attributes":{"Date_Installed":"5/9/2018","LED_Powered":1,"LightID":"L008522","Light_Source":"LED","Light_Type":"Cobra","Lighting_Type":"LED-Powered Lamp","Verification_Date":null},"id":"stl-city-public-streetlights:2:115785","sourceLayerId":2,"sourceObjectId":115785,"sourceURL":"https://maps8.stlouis-mo.gov/arcgis/rest/services/STREETS/Streets_Permitting/MapServer/2","title":"Street light L008522"},"type":"Feature"},{"geometry":{"coordinates":[-90.27360579368562,38.581992947141764],"type":"Point"},"id":"stl-city-public-streetlights:2:115787","properties":{"address":null,"attributes":{"Date_Installed":"5/9/2018","LED_Powered":1,"LightID":"L008524","Light_Source":"LED","Light_Type":"Cobra","Lighting_Type":"LED-Powered Lamp","Verification_Date":null},"id":"stl-city-public-streetlights:2:115787","sourceLayerId":2,"sourceObjectId":115787,"sourceURL":"https://maps8.stlouis-mo.gov/arcgis/rest/services/STREETS/Streets_Permitting/MapServer/2","title":"Street light L008524"},"type":"Feature"},{"geometry":{"coordinates":[-90.27368499162307,38.5816785443638],"type":"Point"},"id":"stl-city-public-streetlights:2:115788","properties":{"address":null,"attributes":{"Date_Installed":"5/9/2018","LED_Powered":1,"LightID":"L008525","Light_Source":"LED","Light_Type":"Cobra","Lighting_Type":"LED-Powered Lamp","Verification_Date":null},"id":"stl-city-public-streetlights:2:115788","sourceLayerId":2,"sourceObjectId":115788,"sourceURL":"https://maps8.stlouis-mo.gov/arcgis/rest/services/STREETS/Streets_Permitting/MapServer/2","title":"Street light L008525"},"type":"Feature"},{"geometry":{"coordinates":[-90.27363647386939,38.58134645769387],"type":"Point"},"id":"stl-city-public-streetlights:2:115789","properties":{"address":null,"attributes":{"Date_Installed":"5/9/2018","LED_Powered":1,"LightID":"L008526","Light_Source":"LED","Light_Type":"Cobra","Lighting_Type":"LED-Powered Lamp","Verification_Date":null},"id":"stl-city-public-streetlights:2:115789","sourceLayerId":2,"sourceObjectId":115789,"sourceURL":"https://maps8.stlouis-mo.gov/arcgis/rest/services/STREETS/Streets_Permitting/MapServer/2","title":"Street light L008526"},"type":"Feature"},{"geometry":{"coordinates":[-90.27359065151371,38.58102713022198],"type":"Point"},"id":"stl-city-public-streetlights:2:115790","properties":{"address":null,"attributes":{"Date_Installed":"5/9/2018","LED_Powered":1,"LightID":"L008527","Light_Source":"LED","Light_Type":"Cobra","Lighting_Type":"LED-Powered Lamp","Verification_Date":null},"id":"stl-city-public-streetlights:2:115790","sourceLayerId":2,"sourceObjectId":115790,"sourceURL":"https://maps8.stlouis-mo.gov/arcgis/rest/services/STREETS/Streets_Permitting/MapServer/2","title":"Street light L008527"},"type":"Feature"},{"geometry":{"coordinates":[-90.27353698650069,38.58066161467957],"type":"Point"},"id":"stl-city-public-streetlights:2:115791","properties":{"address":null,"attributes":{"Date_Installed":"5/9/2018","LED_Powered":1,"LightID":"L008528","Light_Source":"LED","Light_Type":"Cobra","Lighting_Type":"LED-Powered Lamp","Verification_Date":null},"id":"stl-city-public-streetlights:2:115791","sourceLayerId":2,"sourceObjectId":115791,"sourceURL":"https://maps8.stlouis-mo.gov/arcgis/rest/services/STREETS/Streets_Permitting/MapServer/2","title":"Street light L008528"},"type":"Feature"},{"geometry":{"coordinates":[-90.27348805785793,38.58033543969564],"type":"Point"},"id":"stl-city-public-streetlights:2:115792","properties":{"address":null,"attributes":{"Date_Installed":"5/9/2018","LED_Powered":1,"LightID":"L008529","Light_Source":"LED","Light_Type":"Cobra","Lighting_Type":"LED-Powered Lamp","Verification_Date":null},"id":"stl-city-public-streetlights:2:115792","sourceLayerId":2,"sourceObjectId":115792,"sourceURL":"https://maps8.stlouis-mo.gov/arcgis/rest/services/STREETS/Streets_Permitting/MapServer/2","title":"Street light L008529"},"type":"Feature"},{"geometry":{"coordinates":[-90.27344171644069,38.580007480496334],"type":"Point"},"id":"stl-city-public-streetlights:2:115793","properties":{"address":null,"attributes":{"Date_Installed":"5/9/2018","LED_Powered":1,"LightID":"L008530","Light_Source":"LED","Light_Type":"Cobra","Lighting_Type":"LED-Powered Lamp","Verification_Date":null},"id":"stl-city-public-streetlights:2:115793","sourceLayerId":2,"sourceObjectId":115793,"sourceURL":"https://maps8.stlouis-mo.gov/arcgis/rest/services/STREETS/Streets_Permitting/MapServer/2","title":"Street light L008530"},"type":"Feature"},{"geometry":{"coordinates":[-90.27232128753542,38.58172938867594],"type":"Point"},"id":"stl-city-public-streetlights:2:115794","properties":{"address":null,"attributes":{"Date_Installed":"5/9/2018","LED_Powered":1,"LightID":"L008531","Light_Source":"LED","Light_Type":"Cobra","Lighting_Type":"LED-Powered Lamp","Verification_Date":null},"id":"stl-city-public-streetlights:2:115794","sourceLayerId":2,"sourceObjectId":115794,"sourceURL":"https://maps8.stlouis-mo.gov/arcgis/rest/services/STREETS/Streets_Permitting/MapServer/2","title":"Street light L008531"},"type":"Feature"},{"geometry":{"coordinates":[-90.27244262639144,38.58138542823022],"type":"Point"},"id":"stl-city-public-streetlights:2:115795","properties":{"address":null,"attributes":{"Date_Installed":"5/9/2018","LED_Powered":1,"LightID":"L008532","Light_Source":"LED","Light_Type":"Cobra","Lighting_Type":"LED-Powered Lamp","Verification_Date":null},"id":"stl-city-public-streetlights:2:115795","sourceLayerId":2,"sourceObjectId":115795,"sourceURL":"https://maps8.stlouis-mo.gov/arcgis/rest/services/STREETS/Streets_Permitting/MapServer/2","title":"Street light L008532"},"type":"Feature"},{"geometry":{"coordinates":[-90.27255693589751,38.58105551700622],"type":"Point"},"id":"stl-city-public-streetlights:2:115796","properties":{"address":null,"attributes":{"Date_Installed":"5/9/2018","LED_Powered":1,"LightID":"L008533","Light_Source":"LED","Light_Type":"Cobra","Lighting_Type":"LED-Powered Lamp","Verification_Date":null},"id":"stl-city-public-streetlights:2:115796","sourceLayerId":2,"sourceObjectId":115796,"sourceURL":"https://maps8.stlouis-mo.gov/arcgis/rest/services/STREETS/Streets_Permitting/MapServer/2","title":"Street light L008533"},"type":"Feature"},{"geometry":{"coordinates":[-90.27267454661127,38.58073753095233],"type":"Point"},"id":"stl-city-public-streetlights:2:115797","properties":{"address":null,"attributes":{"Date_Installed":"5/9/2018","LED_Powered":1,"LightID":"L008534","Light_Source":"LED","Light_Type":"Cobra","Lighting_Type":"LED-Powered Lamp","Verification_Date":null},"id":"stl-city-public-streetlights:2:115797","sourceLayerId":2,"sourceObjectId":115797,"sourceURL":"https://maps8.stlouis-mo.gov/arcgis/rest/services/STREETS/Streets_Permitting/MapServer/2","title":"Street light L008534"},"type":"Feature"},{"geometry":{"coordinates":[-90.27279034839815,38.58041524936863],"type":"Point"},"id":"stl-city-public-streetlights:2:115798","properties":{"address":null,"attributes":{"Date_Installed":"5/9/2018","LED_Powered":1,"LightID":"L008535","Light_Source":"LED","Light_Type":"Cobra","Lighting_Type":"LED-Powered Lamp","Verification_Date":null},"id":"stl-city-public-streetlights:2:115798","sourceLayerId":2,"sourceObjectId":115798,"sourceURL":"https://maps8.stlouis-mo.gov/arcgis/rest/services/STREETS/Streets_Permitting/MapServer/2","title":"Street light L008535"},"type":"Feature"},{"geometry":{"coordinates":[-90.2728875563604,38.58013887741395],"type":"Point"},"id":"stl-city-public-streetlights:2:115799","properties":{"address":null,"attributes":{"Date_Installed":"5/9/2018","LED_Powered":1,"LightID":"L008536","Light_Source":"LED","Light_Type":"Cobra","Lighting_Type":"LED-Powered Lamp","Verification_Date":null},"id":"stl-city-public-streetlights:2:115799","sourceLayerId":2,"sourceObjectId":115799,"sourceURL":"https://maps8.stlouis-mo.gov/arcgis/rest/services/STREETS/Streets_Permitting/MapServer/2","title":"Street light L008536"},"type":"Feature"},{"geometry":{"coordinates":[-90.27127925320956,38.58154345934824],"type":"Point"},"id":"stl-city-public-streetlights:2:115801","properties":{"address":null,"attributes":{"Date_Installed":"5/9/2018","LED_Powered":1,"LightID":"L008538","Light_Source":"LED","Light_Type":"Cobra","Lighting_Type":"LED-Powered Lamp","Verification_Date":null},"id":"stl-city-public-streetlights:2:115801","sourceLayerId":2,"sourceObjectId":115801,"sourceURL":"https://maps8.stlouis-mo.gov/arcgis/rest/services/STREETS/Streets_Permitting/MapServer/2","title":"Street light L008538"},"type":"Feature"},{"geometry":{"coordinates":[-90.27140732646947,38.58118372217853],"type":"Point"},"id":"stl-city-public-streetlights:2:115802","properties":{"address":null,"attributes":{"Date_Installed":"5/9/2018","LED_Powered":1,"LightID":"L008539","Light_Source":"LED","Light_Type":"Cobra","Lighting_Type":"LED-Powered Lamp","Verification_Date":null},"id":"stl-city-public-streetlights:2:115802","sourceLayerId":2,"sourceObjectId":115802,"sourceURL":"https://maps8.stlouis-mo.gov/arcgis/rest/services/STREETS/Streets_Permitting/MapServer/2","title":"Street light L008539"},"type":"Feature"},{"geometry":{"coordinates":[-90.27152405928705,38.58085722478923],"type":"Point"},"id":"stl-city-public-streetlights:2:115803","properties":{"address":null,"attributes":{"Date_Installed":"5/9/2018","LED_Powered":1,"LightID":"L008540","Light_Source":"LED","Light_Type":"Cobra","Lighting_Type":"LED-Powered Lamp","Verification_Date":null},"id":"stl-city-public-streetlights:2:115803","sourceLayerId":2,"sourceObjectId":115803,"sourceURL":"https://maps8.stlouis-mo.gov/arcgis/rest/services/STREETS/Streets_Permitting/MapServer/2","title":"Street light L008540"},"type":"Feature"},{"geometry":{"coordinates":[-90.27164475467362,38.580525468341044],"type":"Point"},"id":"stl-city-public-streetlights:2:115804","properties":{"address":null,"attributes":{"Date_Installed":"5/9/2018","LED_Powered":1,"LightID":"L008541","Light_Source":"LED","Light_Type":"Cobra","Lighting_Type":"LED-Powered Lamp","Verification_Date":null},"id":"stl-city-public-streetlights:2:115804","sourceLayerId":2,"sourceObjectId":115804,"sourceURL":"https://maps8.stlouis-mo.gov/arcgis/rest/services/STREETS/Streets_Permitting/MapServer/2","title":"Street light L008541"},"type":"Feature"},{"geometry":{"coordinates":[-90.2717575158988,38.580205709762225],"type":"Point"},"id":"stl-city-public-streetlights:2:115805","properties":{"address":null,"attributes":{"Date_Installed":"5/9/2018","LED_Powered":1,"LightID":"L008542","Light_Source":"LED","Light_Type":"Cobra","Lighting_Type":"LED-Powered Lamp","Verification_Date":null},"id":"stl-city-public-streetlights:2:115805","sourceLayerId":2,"sourceObjectId":115805,"sourceURL":"https://maps8.stlouis-mo.gov/arcgis/rest/services/STREETS/Streets_Permitting/MapServer/2","title":"Street light L008542"},"type":"Feature"},{"geometry":{"coordinates":[-90.27029040024674,38.58057611176956],"type":"Point"},"id":"stl-city-public-streetlights:2:115810","properties":{"address":null,"attributes":{"Date_Installed":"5/9/2018","LED_Powered":1,"LightID":"L008547","Light_Source":"LED","Light_Type":"Cobra","Lighting_Type":"LED-Powered Lamp","Verification_Date":null},"id":"stl-city-public-streetlights:2:115810","sourceLayerId":2,"sourceObjectId":115810,"sourceURL":"https://maps8.stlouis-mo.gov/arcgis/rest/services/STREETS/Streets_Permitting/MapServer/2","title":"Street light L008547"},"type":"Feature"},{"geometry":{"coordinates":[-90.27005655576383,38.58142248831554],"type":"Point"},"id":"stl-city-public-streetlights:2:115816","properties":{"address":null,"attributes":{"Date_Installed":"5/9/2018","LED_Powered":1,"LightID":"L008553","Light_Source":"LED","Light_Type":"Cobra","Lighting_Type":"LED-Powered Lamp","Verification_Date":null},"id":"stl-city-public-streetlights:2:115816","sourceLayerId":2,"sourceObjectId":115816,"sourceURL":"https://maps8.stlouis-mo.gov/arcgis/rest/services/STREETS/Streets_Permitting/MapServer/2","title":"Street light L008553"},"type":"Feature"},{"geometry":{"coordinates":[-90.27050172873389,38.581519898720146],"type":"Point"},"id":"stl-city-public-streetlights:2:115817","properties":{"address":null,"attributes":{"Date_Installed":"5/9/2018","LED_Powered":1,"LightID":"L008554","Light_Source":"LED","Light_Type":"Cobra","Lighting_Type":"LED-Powered Lamp","Verification_Date":null},"id":"stl-city-public-streetlights:2:115817","sourceLayerId":2,"sourceObjectId":115817,"sourceURL":"https://maps8.stlouis-mo.gov/arcgis/rest/services/STREETS/Streets_Permitting/MapServer/2","title":"Street light L008554"},"type":"Feature"},{"geometry":{"coordinates":[-90.27094162146385,38.581616820522704],"type":"Point"},"id":"stl-city-public-streetlights:2:115818","properties":{"address":null,"attributes":{"Date_Installed":"5/9/2018","LED_Powered":1,"LightID":"L008555","Light_Source":"LED","Light_Type":"Cobra","Lighting_Type":"LED-Powered Lamp","Verification_Date":null},"id":"stl-city-public-streetlights:2:115818","sourceLayerId":2,"sourceObjectId":115818,"sourceURL":"https://maps8.stlouis-mo.gov/arcgis/rest/services/STREETS/Streets_Permitting/MapServer/2","title":"Street light L008555"},"type":"Feature"},{"geometry":{"coordinates":[-90.27137723437214,38.58171373321306],"type":"Point"},"id":"stl-city-public-streetlights:2:115819","properties":{"address":null,"attributes":{"Date_Installed":"5/9/2018","LED_Powered":1,"LightID":"L008556","Light_Source":"LED","Light_Type":"Cobra","Lighting_Type":"LED-Powered Lamp","Verification_Date":null},"id":"stl-city-public-streetlights:2:115819","sourceLayerId":2,"sourceObjectId":115819,"sourceURL":"https://maps8.stlouis-mo.gov/arcgis/rest/services/STREETS/Streets_Permitting/MapServer/2","title":"Street light L008556"},"type":"Feature"},{"geometry":{"coordinates":[-90.27178213994917,38.581802597946854],"type":"Point"},"id":"stl-city-public-streetlights:2:115820","properties":{"address":null,"attributes":{"Date_Installed":"5/9/2018","LED_Powered":1,"LightID":"L008557","Light_Source":"LED","Light_Type":"Cobra","Lighting_Type":"LED-Powered Lamp","Verification_Date":null},"id":"stl-city-public-streetlights:2:115820","sourceLayerId":2,"sourceObjectId":115820,"sourceURL":"https://maps8.stlouis-mo.gov/arcgis/rest/services/STREETS/Streets_Permitting/MapServer/2","title":"Street light L008557"},"type":"Feature"},{"geometry":{"coordinates":[-90.27218877582948,38.581892657437116],"type":"Point"},"id":"stl-city-public-streetlights:2:115821","properties":{"address":null,"attributes":{"Date_Installed":"5/9/2018","LED_Powered":1,"LightID":"L008558","Light_Source":"LED","Light_Type":"Cobra","Lighting_Type":"LED-Powered Lamp","Verification_Date":null},"id":"stl-city-public-streetlights:2:115821","sourceLayerId":2,"sourceObjectId":115821,"sourceURL":"https://maps8.stlouis-mo.gov/arcgis/rest/services/STREETS/Streets_Permitting/MapServer/2","title":"Street light L008558"},"type":"Feature"},{"geometry":{"coordinates":[-90.27258767690367,38.58198019779037],"type":"Point"},"id":"stl-city-public-streetlights:2:115822","properties":{"address":null,"attributes":{"Date_Installed":"5/9/2018","LED_Powered":1,"LightID":"L008559","Light_Source":"LED","Light_Type":"Cobra","Lighting_Type":"LED-Powered Lamp","Verification_Date":null},"id":"stl-city-public-streetlights:2:115822","sourceLayerId":2,"sourceObjectId":115822,"sourceURL":"https://maps8.stlouis-mo.gov/arcgis/rest/services/STREETS/Streets_Permitting/MapServer/2","title":"Street light L008559"},"type":"Feature"},{"geometry":{"coordinates":[-90.27304935354434,38.582084781900384],"type":"Point"},"id":"stl-city-public-streetlights:2:115823","properties":{"address":null,"attributes":{"Date_Installed":"5/9/2018","LED_Powered":1,"LightID":"L008560","Light_Source":"LED","Light_Type":"Cobra","Lighting_Type":"LED-Powered Lamp","Verification_Date":null},"id":"stl-city-public-streetlights:2:115823","sourceLayerId":2,"sourceObjectId":115823,"sourceURL":"https://maps8.stlouis-mo.gov/arcgis/rest/services/STREETS/Streets_Permitting/MapServer/2","title":"Street light L008560"},"type":"Feature"},{"geometry":{"coordinates":[-90.27343044596805,38.58216251100086],"type":"Point"},"id":"stl-city-public-streetlights:2:115824","properties":{"address":null,"attributes":{"Date_Installed":"5/9/2018","LED_Powered":1,"LightID":"L008561","Light_Source":"LED","Light_Type":"Cobra","Lighting_Type":"LED-Powered Lamp","Verification_Date":null},"id":"stl-city-public-streetlights:2:115824","sourceLayerId":2,"sourceObjectId":115824,"sourceURL":"https://maps8.stlouis-mo.gov/arcgis/rest/services/STREETS/Streets_Permitting/MapServer/2","title":"Street light L008561"},"type":"Feature"},{"geometry":{"coordinates":[-90.27382946555899,38.582246888800526],"type":"Point"},"id":"stl-city-public-streetlights:2:115825","properties":{"address":null,"attributes":{"Date_Installed":"5/9/2018","LED_Powered":1,"LightID":"L008562","Light_Source":"LED","Light_Type":"Cobra","Lighting_Type":"LED-Powered Lamp","Verification_Date":null},"id":"stl-city-public-streetlights:2:115825","sourceLayerId":2,"sourceObjectId":115825,"sourceURL":"https://maps8.stlouis-mo.gov/arcgis/rest/services/STREETS/Streets_Permitting/MapServer/2","title":"Street light L008562"},"type":"Feature"},{"geometry":{"coordinates":[-90.27424234583575,38.58233248296284],"type":"Point"},"id":"stl-city-public-streetlights:2:115826","properties":{"address":null,"attributes":{"Date_Installed":"5/9/2018","LED_Powered":1,"LightID":"L008563","Light_Source":"LED","Light_Type":"Cobra","Lighting_Type":"LED-Powered Lamp","Verification_Date":null},"id":"stl-city-public-streetlights:2:115826","sourceLayerId":2,"sourceObjectId":115826,"sourceURL":"https://maps8.stlouis-mo.gov/arcgis/rest/services/STREETS/Streets_Permitting/MapServer/2","title":"Street light L008563"},"type":"Feature"},{"geometry":{"coordinates":[-90.27464144252009,38.58241703742153],"type":"Point"},"id":"stl-city-public-streetlights:2:115827","properties":{"address":null,"attributes":{"Date_Installed":"5/9/2018","LED_Powered":1,"LightID":"L008564","Light_Source":"LED","Light_Type":"Cobra","Lighting_Type":"LED-Powered Lamp","Verification_Date":null},"id":"stl-city-public-streetlights:2:115827","sourceLayerId":2,"sourceObjectId":115827,"sourceURL":"https://maps8.stlouis-mo.gov/arcgis/rest/services/STREETS/Streets_Permitting/MapServer/2","title":"Street light L008564"},"type":"Feature"},{"geometry":{"coordinates":[-90.27507392680006,38.582507494308764],"type":"Point"},"id":"stl-city-public-streetlights:2:115828","properties":{"address":null,"attributes":{"Date_Installed":"5/9/2018","LED_Powered":1,"LightID":"L008565","Light_Source":"LED","Light_Type":"Cobra","Lighting_Type":"LED-Powered Lamp","Verification_Date":null},"id":"stl-city-public-streetlights:2:115828","sourceLayerId":2,"sourceObjectId":115828,"sourceURL":"https://maps8.stlouis-mo.gov/arcgis/rest/services/STREETS/Streets_Permitting/MapServer/2","title":"Street light L008565"},"type":"Feature"},{"geometry":{"coordinates":[-90.27549296469861,38.58259589678519],"type":"Point"},"id":"stl-city-public-streetlights:2:115829","properties":{"address":null,"attributes":{"Date_Installed":"5/9/2018","LED_Powered":1,"LightID":"L008566","Light_Source":"LED","Light_Type":"Cobra","Lighting_Type":"LED-Powered Lamp","Verification_Date":null},"id":"stl-city-public-streetlights:2:115829","sourceLayerId":2,"sourceObjectId":115829,"sourceURL":"https://maps8.stlouis-mo.gov/arcgis/rest/services/STREETS/Streets_Permitting/MapServer/2","title":"Street light L008566"},"type":"Feature"},{"geometry":{"coordinates":[-90.27524286281349,38.583409446964744],"type":"Point"},"id":"stl-city-public-streetlights:2:115830","properties":{"address":null,"attributes":{"Date_Installed":"9/1/2016","LED_Powered":1,"LightID":"L008567","Light_Source":"LED","Light_Type":"Cobra","Lighting_Type":"LED-Powered Lamp","Verification_Date":null},"id":"stl-city-public-streetlights:2:115830","sourceLayerId":2,"sourceObjectId":115830,"sourceURL":"https://maps8.stlouis-mo.gov/arcgis/rest/services/STREETS/Streets_Permitting/MapServer/2","title":"Street light L008567"},"type":"Feature"},{"geometry":{"coordinates":[-90.27480028425158,38.58330204791258],"type":"Point"},"id":"stl-city-public-streetlights:2:115831","properties":{"address":null,"attributes":{"Date_Installed":"9/1/2016","LED_Powered":1,"LightID":"L008568","Light_Source":"LED","Light_Type":"Cobra","Lighting_Type":"LED-Powered Lamp","Verification_Date":null},"id":"stl-city-public-streetlights:2:115831","sourceLayerId":2,"sourceObjectId":115831,"sourceURL":"https://maps8.stlouis-mo.gov/arcgis/rest/services/STREETS/Streets_Permitting/MapServer/2","title":"Street light L008568"},"type":"Feature"},{"geometry":{"coordinates":[-90.27439809771833,38.583203425924644],"type":"Point"},"id":"stl-city-public-streetlights:2:115832","properties":{"address":null,"attributes":{"Date_Installed":"9/1/2016","LED_Powered":1,"LightID":"L008569","Light_Source":"LED","Light_Type":"Cobra","Lighting_Type":"LED-Powered Lamp","Verification_Date":null},"id":"stl-city-public-streetlights:2:115832","sourceLayerId":2,"sourceObjectId":115832,"sourceURL":"https://maps8.stlouis-mo.gov/arcgis/rest/services/STREETS/Streets_Permitting/MapServer/2","title":"Street light L008569"},"type":"Feature"},{"geometry":{"coordinates":[-90.27395870789167,38.583096744247825],"type":"Point"},"id":"stl-city-public-streetlights:2:115833","properties":{"address":null,"attributes":{"Date_Installed":"9/1/2016","LED_Powered":1,"LightID":"L008570","Light_Source":"LED","Light_Type":"Cobra","Lighting_Type":"LED-Powered Lamp","Verification_Date":null},"id":"stl-city-public-streetlights:2:115833","sourceLayerId":2,"sourceObjectId":115833,"sourceURL":"https://maps8.stlouis-mo.gov/arcgis/rest/services/STREETS/Streets_Permitting/MapServer/2","title":"Street light L008570"},"type":"Feature"},{"geometry":{"coordinates":[-90.27348716800617,38.58298549061111],"type":"Point"},"id":"stl-city-public-streetlights:2:115834","properties":{"address":null,"attributes":{"Date_Installed":"9/1/2016","LED_Powered":1,"LightID":"L008571","Light_Source":"LED","Light_Type":"Cobra","Lighting_Type":"LED-Powered Lamp","Verification_Date":null},"id":"stl-city-public-streetlights:2:115834","sourceLayerId":2,"sourceObjectId":115834,"sourceURL":"https://maps8.stlouis-mo.gov/arcgis/rest/services/STREETS/Streets_Permitting/MapServer/2","title":"Street light L008571"},"type":"Feature"},{"geometry":{"coordinates":[-90.27306372826055,38.58287716797614],"type":"Point"},"id":"stl-city-public-streetlights:2:115835","properties":{"address":null,"attributes":{"Date_Installed":"9/1/2016","LED_Powered":1,"LightID":"L008572","Light_Source":"LED","Light_Type":"Cobra","Lighting_Type":"LED-Powered Lamp","Verification_Date":null},"id":"stl-city-public-streetlights:2:115835","sourceLayerId":2,"sourceObjectId":115835,"sourceURL":"https://maps8.stlouis-mo.gov/arcgis/rest/services/STREETS/Streets_Permitting/MapServer/2","title":"Street light L008572"},"type":"Feature"},{"geometry":{"coordinates":[-90.27258675836734,38.582765721804755],"type":"Point"},"id":"stl-city-public-streetlights:2:115836","properties":{"address":null,"attributes":{"Date_Installed":"9/1/2016","LED_Powered":1,"LightID":"L008573","Light_Source":"LED","Light_Type":"Cobra","Lighting_Type":"LED-Powered Lamp","Verification_Date":null},"id":"stl-city-public-streetlights:2:115836","sourceLayerId":2,"sourceObjectId":115836,"sourceURL":"https://maps8.stlouis-mo.gov/arcgis/rest/services/STREETS/Streets_Permitting/MapServer/2","title":"Street light L008573"},"type":"Feature"},{"geometry":{"coordinates":[-90.2721634223214,38.58267336724002],"type":"Point"},"id":"stl-city-public-streetlights:2:115837","properties":{"address":null,"attributes":{"Date_Installed":"9/1/2016","LED_Powered":1,"LightID":"L008574","Light_Source":"LED","Light_Type":"Cobra","Lighting_Type":"LED-Powered Lamp","Verification_Date":null},"id":"stl-city-public-streetlights:2:115837","sourceLayerId":2,"sourceObjectId":115837,"sourceURL":"https://maps8.stlouis-mo.gov/arcgis/rest/services/STREETS/Streets_Permitting/MapServer/2","title":"Street light L008574"},"type":"Feature"},{"geometry":{"coordinates":[-90.27167669681144,38.58256634700522],"type":"Point"},"id":"stl-city-public-streetlights:2:115838","properties":{"address":null,"attributes":{"Date_Installed":"9/1/2016","LED_Powered":1,"LightID":"L008575","Light_Source":"LED","Light_Type":"Cobra","Lighting_Type":"LED-Powered Lamp","Verification_Date":null},"id":"stl-city-public-streetlights:2:115838","sourceLayerId":2,"sourceObjectId":115838,"sourceURL":"https://maps8.stlouis-mo.gov/arcgis/rest/services/STREETS/Streets_Permitting/MapServer/2","title":"Street light L008575"},"type":"Feature"},{"geometry":{"coordinates":[-90.27119479522707,38.5824612413781],"type":"Point"},"id":"stl-city-public-streetlights:2:115839","properties":{"address":null,"attributes":{"Date_Installed":"9/1/2016","LED_Powered":1,"LightID":"L008576","Light_Source":"LED","Light_Type":"Cobra","Lighting_Type":"LED-Powered Lamp","Verification_Date":null},"id":"stl-city-public-streetlights:2:115839","sourceLayerId":2,"sourceObjectId":115839,"sourceURL":"https://maps8.stlouis-mo.gov/arcgis/rest/services/STREETS/Streets_Permitting/MapServer/2","title":"Street light L008576"},"type":"Feature"},{"geometry":{"coordinates":[-90.27079391911798,38.582374050072914],"type":"Point"},"id":"stl-city-public-streetlights:2:115840","properties":{"address":null,"attributes":{"Date_Installed":"9/1/2016","LED_Powered":1,"LightID":"L008577","Light_Source":"LED","Light_Type":"Cobra","Lighting_Type":"LED-Powered Lamp","Verification_Date":null},"id":"stl-city-public-streetlights:2:115840","sourceLayerId":2,"sourceObjectId":115840,"sourceURL":"https://maps8.stlouis-mo.gov/arcgis/rest/services/STREETS/Streets_Permitting/MapServer/2","title":"Street light L008577"},"type":"Feature"},{"geometry":{"coordinates":[-90.27028845008829,38.582260671158984],"type":"Point"},"id":"stl-city-public-streetlights:2:115841","properties":{"address":null,"attributes":{"Date_Installed":"9/1/2016","LED_Powered":1,"LightID":"L008578","Light_Source":"LED","Light_Type":"Cobra","Lighting_Type":"LED-Powered Lamp","Verification_Date":null},"id":"stl-city-public-streetlights:2:115841","sourceLayerId":2,"sourceObjectId":115841,"sourceURL":"https://maps8.stlouis-mo.gov/arcgis/rest/services/STREETS/Streets_Permitting/MapServer/2","title":"Street light L008578"},"type":"Feature"},{"geometry":{"coordinates":[-90.27220025711995,38.58359980116336],"type":"Point"},"id":"stl-city-public-streetlights:2:115848","properties":{"address":null,"attributes":{"Date_Installed":"5/9/2018","LED_Powered":1,"LightID":"L008585","Light_Source":"LED","Light_Type":"Cobra","Lighting_Type":"LED-Powered Lamp","Verification_Date":null},"id":"stl-city-public-streetlights:2:115848","sourceLayerId":2,"sourceObjectId":115848,"sourceURL":"https://maps8.stlouis-mo.gov/arcgis/rest/services/STREETS/Streets_Permitting/MapServer/2","title":"Street light L008585"},"type":"Feature"},{"geometry":{"coordinates":[-90.27175032541938,38.58350417533887],"type":"Point"},"id":"stl-city-public-streetlights:2:115849","properties":{"address":null,"attributes":{"Date_Installed":"5/9/2018","LED_Powered":1,"LightID":"L008586","Light_Source":"LED","Light_Type":"Cobra","Lighting_Type":"LED-Powered Lamp","Verification_Date":null},"id":"stl-city-public-streetlights:2:115849","sourceLayerId":2,"sourceObjectId":115849,"sourceURL":"https://maps8.stlouis-mo.gov/arcgis/rest/services/STREETS/Streets_Permitting/MapServer/2","title":"Street light L008586"},"type":"Feature"},{"geometry":{"coordinates":[-90.27129330620585,38.58340317088818],"type":"Point"},"id":"stl-city-public-streetlights:2:115850","properties":{"address":null,"attributes":{"Date_Installed":"5/9/2018","LED_Powered":1,"LightID":"L008587","Light_Source":"LED","Light_Type":"Cobra","Lighting_Type":"LED-Powered Lamp","Verification_Date":null},"id":"stl-city-public-streetlights:2:115850","sourceLayerId":2,"sourceObjectId":115850,"sourceURL":"https://maps8.stlouis-mo.gov/arcgis/rest/services/STREETS/Streets_Permitting/MapServer/2","title":"Street light L008587"},"type":"Feature"},{"geometry":{"coordinates":[-90.27083884312499,38.583300739030825],"type":"Point"},"id":"stl-city-public-streetlights:2:115851","properties":{"address":null,"attributes":{"Date_Installed":"5/9/2018","LED_Powered":1,"LightID":"L008588","Light_Source":"LED","Light_Type":"Cobra","Lighting_Type":"LED-Powered Lamp","Verification_Date":null},"id":"stl-city-public-streetlights:2:115851","sourceLayerId":2,"sourceObjectId":115851,"sourceURL":"https://maps8.stlouis-mo.gov/arcgis/rest/services/STREETS/Streets_Permitting/MapServer/2","title":"Street light L008588"},"type":"Feature"},{"geometry":{"coordinates":[-90.27037452919153,38.583202577061556],"type":"Point"},"id":"stl-city-public-streetlights:2:115852","properties":{"address":null,"attributes":{"Date_Installed":"5/9/2018","LED_Powered":1,"LightID":"L008589","Light_Source":"LED","Light_Type":"Cobra","Lighting_Type":"LED-Powered Lamp","Verification_Date":null},"id":"stl-city-public-streetlights:2:115852","sourceLayerId":2,"sourceObjectId":115852,"sourceURL":"https://maps8.stlouis-mo.gov/arcgis/rest/services/STREETS/Streets_Permitting/MapServer/2","title":"Street light L008589"},"type":"Feature"},{"geometry":{"coordinates":[-90.27013890457881,38.58958362867068],"type":"Point"},"id":"stl-city-public-streetlights:2:115959","properties":{"address":null,"attributes":{"Date_Installed":"5/9/2018","LED_Powered":1,"LightID":"L008696","Light_Source":"LED","Light_Type":"Cobra","Lighting_Type":"LED-Powered Lamp","Verification_Date":null},"id":"stl-city-public-streetlights:2:115959","sourceLayerId":2,"sourceObjectId":115959,"sourceURL":"https://maps8.stlouis-mo.gov/arcgis/rest/services/STREETS/Streets_Permitting/MapServer/2","title":"Street light L008696"},"type":"Feature"},{"geometry":{"coordinates":[-90.27002401026989,38.58856408351349],"type":"Point"},"id":"stl-city-public-streetlights:2:115983","properties":{"address":null,"attributes":{"Date_Installed":"5/9/2018","LED_Powered":1,"LightID":"L008720","Light_Source":"LED","Light_Type":"Cobra","Lighting_Type":"LED-Powered Lamp","Verification_Date":null},"id":"stl-city-public-streetlights:2:115983","sourceLayerId":2,"sourceObjectId":115983,"sourceURL":"https://maps8.stlouis-mo.gov/arcgis/rest/services/STREETS/Streets_Permitting/MapServer/2","title":"Street light L008720"},"type":"Feature"},{"geometry":{"coordinates":[-90.27047573677608,38.58866794373735],"type":"Point"},"id":"stl-city-public-streetlights:2:115984","properties":{"address":null,"attributes":{"Date_Installed":"5/9/2018","LED_Powered":1,"LightID":"L008721","Light_Source":"LED","Light_Type":"Cobra","Lighting_Type":"LED-Powered Lamp","Verification_Date":null},"id":"stl-city-public-streetlights:2:115984","sourceLayerId":2,"sourceObjectId":115984,"sourceURL":"https://maps8.stlouis-mo.gov/arcgis/rest/services/STREETS/Streets_Permitting/MapServer/2","title":"Street light L008721"},"type":"Feature"},{"geometry":{"coordinates":[-90.27073366859028,38.58854437317336],"type":"Point"},"id":"stl-city-public-streetlights:2:115985","properties":{"address":null,"attributes":{"Date_Installed":"9/10/17","LED_Powered":1,"LightID":"L008722","Light_Source":"LED","Light_Type":"Cobra","Lighting_Type":"LED-Powered Lamp","Verification_Date":null},"id":"stl-city-public-streetlights:2:115985","sourceLayerId":2,"sourceObjectId":115985,"sourceURL":"https://maps8.stlouis-mo.gov/arcgis/rest/services/STREETS/Streets_Permitting/MapServer/2","title":"Street light L008722"},"type":"Feature"},{"geometry":{"coordinates":[-90.27059491266121,38.588939188060664],"type":"Point"},"id":"stl-city-public-streetlights:2:115986","properties":{"address":null,"attributes":{"Date_Installed":"9/10/17","LED_Powered":1,"LightID":"L008723","Light_Source":"LED","Light_Type":"Cobra","Lighting_Type":"LED-Powered Lamp","Verification_Date":null},"id":"stl-city-public-streetlights:2:115986","sourceLayerId":2,"sourceObjectId":115986,"sourceURL":"https://maps8.stlouis-mo.gov/arcgis/rest/services/STREETS/Streets_Permitting/MapServer/2","title":"Street light L008723"},"type":"Feature"},{"geometry":{"coordinates":[-90.27044318925105,38.58935233040272],"type":"Point"},"id":"stl-city-public-streetlights:2:115987","properties":{"address":null,"attributes":{"Date_Installed":"9/10/17","LED_Powered":1,"LightID":"L008724","Light_Source":"LED","Light_Type":"Cobra","Lighting_Type":"LED-Powered Lamp","Verification_Date":null},"id":"stl-city-public-streetlights:2:115987","sourceLayerId":2,"sourceObjectId":115987,"sourceURL":"https://maps8.stlouis-mo.gov/arcgis/rest/services/STREETS/Streets_Permitting/MapServer/2","title":"Street light L008724"},"type":"Feature"},{"geometry":{"coordinates":[-90.27027771592614,38.58981490659222],"type":"Point"},"id":"stl-city-public-streetlights:2:115988","properties":{"address":null,"attributes":{"Date_Installed":"9/10/17","LED_Powered":1,"LightID":"L008725","Light_Source":"LED","Light_Type":"Cobra","Lighting_Type":"LED-Powered Lamp","Verification_Date":null},"id":"stl-city-public-streetlights:2:115988","sourceLayerId":2,"sourceObjectId":115988,"sourceURL":"https://maps8.stlouis-mo.gov/arcgis/rest/services/STREETS/Streets_Permitting/MapServer/2","title":"Street light L008725"},"type":"Feature"},{"geometry":{"coordinates":[-90.27193237821292,38.58453667216659],"type":"Point"},"id":"stl-city-public-streetlights:2:116215","properties":{"address":null,"attributes":{"Date_Installed":"5/9/2018","LED_Powered":1,"LightID":"L008940","Light_Source":"LED","Light_Type":"Cobra","Lighting_Type":"LED-Powered Lamp","Verification_Date":null},"id":"stl-city-public-streetlights:2:116215","sourceLayerId":2,"sourceObjectId":116215,"sourceURL":"https://maps8.stlouis-mo.gov/arcgis/rest/services/STREETS/Streets_Permitting/MapServer/2","title":"Street light L008940"},"type":"Feature"},{"geometry":{"coordinates":[-90.27149537866251,38.58444107056963],"type":"Point"},"id":"stl-city-public-streetlights:2:116216","properties":{"address":null,"attributes":{"Date_Installed":"5/9/2018","LED_Powered":1,"LightID":"L008941","Light_Source":"LED","Light_Type":"Cobra","Lighting_Type":"LED-Powered Lamp","Verification_Date":null},"id":"stl-city-public-streetlights:2:116216","sourceLayerId":2,"sourceObjectId":116216,"sourceURL":"https://maps8.stlouis-mo.gov/arcgis/rest/services/STREETS/Streets_Permitting/MapServer/2","title":"Street light L008941"},"type":"Feature"},{"geometry":{"coordinates":[-90.2710874382704,38.584351304340345],"type":"Point"},"id":"stl-city-public-streetlights:2:116217","properties":{"address":null,"attributes":{"Date_Installed":"5/9/2018","LED_Powered":1,"LightID":"L008942","Light_Source":"LED","Light_Type":"Cobra","Lighting_Type":"LED-Powered Lamp","Verification_Date":null},"id":"stl-city-public-streetlights:2:116217","sourceLayerId":2,"sourceObjectId":116217,"sourceURL":"https://maps8.stlouis-mo.gov/arcgis/rest/services/STREETS/Streets_Permitting/MapServer/2","title":"Street light L008942"},"type":"Feature"},{"geometry":{"coordinates":[-90.27068620305552,38.584263694864525],"type":"Point"},"id":"stl-city-public-streetlights:2:116218","properties":{"address":null,"attributes":{"Date_Installed":"5/9/2018","LED_Powered":1,"LightID":"L008943","Light_Source":"LED","Light_Type":"Cobra","Lighting_Type":"LED-Powered Lamp","Verification_Date":null},"id":"stl-city-public-streetlights:2:116218","sourceLayerId":2,"sourceObjectId":116218,"sourceURL":"https://maps8.stlouis-mo.gov/arcgis/rest/services/STREETS/Streets_Permitting/MapServer/2","title":"Street light L008943"},"type":"Feature"},{"geometry":{"coordinates":[-90.27025407100662,38.584166310786614],"type":"Point"},"id":"stl-city-public-streetlights:2:116219","properties":{"address":null,"attributes":{"Date_Installed":"5/9/2018","LED_Powered":1,"LightID":"L008944","Light_Source":"LED","Light_Type":"Cobra","Lighting_Type":"LED-Powered Lamp","Verification_Date":null},"id":"stl-city-public-streetlights:2:116219","sourceLayerId":2,"sourceObjectId":116219,"sourceURL":"https://maps8.stlouis-mo.gov/arcgis/rest/services/STREETS/Streets_Permitting/MapServer/2","title":"Street light L008944"},"type":"Feature"},{"geometry":{"coordinates":[-90.27160893398451,38.58535851363694],"type":"Point"},"id":"stl-city-public-streetlights:2:116228","properties":{"address":null,"attributes":{"Date_Installed":"5/9/2018","LED_Powered":1,"LightID":"L008953","Light_Source":"LED","Light_Type":"Cobra","Lighting_Type":"LED-Powered Lamp","Verification_Date":null},"id":"stl-city-public-streetlights:2:116228","sourceLayerId":2,"sourceObjectId":116228,"sourceURL":"https://maps8.stlouis-mo.gov/arcgis/rest/services/STREETS/Streets_Permitting/MapServer/2","title":"Street light L008953"},"type":"Feature"},{"geometry":{"coordinates":[-90.2711861998911,38.58526377296142],"type":"Point"},"id":"stl-city-public-streetlights:2:116229","properties":{"address":null,"attributes":{"Date_Installed":"5/9/2018","LED_Powered":1,"LightID":"L008954","Light_Source":"LED","Light_Type":"Cobra","Lighting_Type":"LED-Powered Lamp","Verification_Date":null},"id":"stl-city-public-streetlights:2:116229","sourceLayerId":2,"sourceObjectId":116229,"sourceURL":"https://maps8.stlouis-mo.gov/arcgis/rest/services/STREETS/Streets_Permitting/MapServer/2","title":"Street light L008954"},"type":"Feature"},{"geometry":{"coordinates":[-90.270786096386,38.585177059739074],"type":"Point"},"id":"stl-city-public-streetlights:2:116230","properties":{"address":null,"attributes":{"Date_Installed":"5/9/2018","LED_Powered":1,"LightID":"L008955","Light_Source":"LED","Light_Type":"Cobra","Lighting_Type":"LED-Powered Lamp","Verification_Date":null},"id":"stl-city-public-streetlights:2:116230","sourceLayerId":2,"sourceObjectId":116230,"sourceURL":"https://maps8.stlouis-mo.gov/arcgis/rest/services/STREETS/Streets_Permitting/MapServer/2","title":"Street light L008955"},"type":"Feature"},{"geometry":{"coordinates":[-90.27037641397233,38.58508472547369],"type":"Point"},"id":"stl-city-public-streetlights:2:116231","properties":{"address":null,"attributes":{"Date_Installed":"5/9/2018","LED_Powered":1,"LightID":"L008956","Light_Source":"LED","Light_Type":"Cobra","Lighting_Type":"LED-Powered Lamp","Verification_Date":null},"id":"stl-city-public-streetlights:2:116231","sourceLayerId":2,"sourceObjectId":116231,"sourceURL":"https://maps8.stlouis-mo.gov/arcgis/rest/services/STREETS/Streets_Permitting/MapServer/2","title":"Street light L008956"},"type":"Feature"},{"geometry":{"coordinates":[-90.2713590921666,38.58620130052691],"type":"Point"},"id":"stl-city-public-streetlights:2:116241","properties":{"address":null,"attributes":{"Date_Installed":"5/9/2018","LED_Powered":1,"LightID":"L008966","Light_Source":"LED","Light_Type":"Cobra","Lighting_Type":"LED-Powered Lamp","Verification_Date":null},"id":"stl-city-public-streetlights:2:116241","sourceLayerId":2,"sourceObjectId":116241,"sourceURL":"https://maps8.stlouis-mo.gov/arcgis/rest/services/STREETS/Streets_Permitting/MapServer/2","title":"Street light L008966"},"type":"Feature"},{"geometry":{"coordinates":[-90.27099200463779,38.586120635370804],"type":"Point"},"id":"stl-city-public-streetlights:2:116242","properties":{"address":null,"attributes":{"Date_Installed":"5/9/2018","LED_Powered":1,"LightID":"L008967","Light_Source":"LED","Light_Type":"Cobra","Lighting_Type":"LED-Powered Lamp","Verification_Date":null},"id":"stl-city-public-streetlights:2:116242","sourceLayerId":2,"sourceObjectId":116242,"sourceURL":"https://maps8.stlouis-mo.gov/arcgis/rest/services/STREETS/Streets_Permitting/MapServer/2","title":"Street light L008967"},"type":"Feature"},{"geometry":{"coordinates":[-90.27056762943707,38.58602503160348],"type":"Point"},"id":"stl-city-public-streetlights:2:116243","properties":{"address":null,"attributes":{"Date_Installed":"5/9/2018","LED_Powered":1,"LightID":"L008968","Light_Source":"LED","Light_Type":"Cobra","Lighting_Type":"LED-Powered Lamp","Verification_Date":null},"id":"stl-city-public-streetlights:2:116243","sourceLayerId":2,"sourceObjectId":116243,"sourceURL":"https://maps8.stlouis-mo.gov/arcgis/rest/services/STREETS/Streets_Permitting/MapServer/2","title":"Street light L008968"},"type":"Feature"},{"geometry":{"coordinates":[-90.27010330747416,38.58592400821805],"type":"Point"},"id":"stl-city-public-streetlights:2:116244","properties":{"address":null,"attributes":{"Date_Installed":"5/9/2018","LED_Powered":1,"LightID":"L008969","Light_Source":"LED","Light_Type":"Cobra","Lighting_Type":"LED-Powered Lamp","Verification_Date":null},"id":"stl-city-public-streetlights:2:116244","sourceLayerId":2,"sourceObjectId":116244,"sourceURL":"https://maps8.stlouis-mo.gov/arcgis/rest/services/STREETS/Streets_Permitting/MapServer/2","title":"Street light L008969"},"type":"Feature"},{"geometry":{"coordinates":[-90.27550193140227,38.58783398216237],"type":"Point"},"id":"stl-city-public-streetlights:2:116254","properties":{"address":null,"attributes":{"Date_Installed":"5/9/2018","LED_Powered":1,"LightID":"L008979","Light_Source":"LED","Light_Type":"Cobra","Lighting_Type":"LED-Powered Lamp","Verification_Date":null},"id":"stl-city-public-streetlights:2:116254","sourceLayerId":2,"sourceObjectId":116254,"sourceURL":"https://maps8.stlouis-mo.gov/arcgis/rest/services/STREETS/Streets_Permitting/MapServer/2","title":"Street light L008979"},"type":"Feature"},{"geometry":{"coordinates":[-90.2748365797987,38.58772127021269],"type":"Point"},"id":"stl-city-public-streetlights:2:116255","properties":{"address":null,"attributes":{"Date_Installed":"5/9/2018","LED_Powered":1,"LightID":"L008980","Light_Source":"LED","Light_Type":"Cobra","Lighting_Type":"LED-Powered Lamp","Verification_Date":null},"id":"stl-city-public-streetlights:2:116255","sourceLayerId":2,"sourceObjectId":116255,"sourceURL":"https://maps8.stlouis-mo.gov/arcgis/rest/services/STREETS/Streets_Permitting/MapServer/2","title":"Street light L008980"},"type":"Feature"},{"geometry":{"coordinates":[-90.27417489256503,38.58760319670533],"type":"Point"},"id":"stl-city-public-streetlights:2:116256","properties":{"address":null,"attributes":{"Date_Installed":"5/9/2018","LED_Powered":1,"LightID":"L008981","Light_Source":"LED","Light_Type":"Cobra","Lighting_Type":"LED-Powered Lamp","Verification_Date":null},"id":"stl-city-public-streetlights:2:116256","sourceLayerId":2,"sourceObjectId":116256,"sourceURL":"https://maps8.stlouis-mo.gov/arcgis/rest/services/STREETS/Streets_Permitting/MapServer/2","title":"Street light L008981"},"type":"Feature"},{"geometry":{"coordinates":[-90.27350349529637,38.58748271869328],"type":"Point"},"id":"stl-city-public-streetlights:2:116257","properties":{"address":null,"attributes":{"Date_Installed":"5/9/2018","LED_Powered":1,"LightID":"L008982","Light_Source":"LED","Light_Type":"Cobra","Lighting_Type":"LED-Powered Lamp","Verification_Date":null},"id":"stl-city-public-streetlights:2:116257","sourceLayerId":2,"sourceObjectId":116257,"sourceURL":"https://maps8.stlouis-mo.gov/arcgis/rest/services/STREETS/Streets_Permitting/MapServer/2","title":"Street light L008982"},"type":"Feature"},{"geometry":{"coordinates":[-90.27283491036015,38.587370186404144],"type":"Point"},"id":"stl-city-public-streetlights:2:116258","properties":{"address":null,"attributes":{"Date_Installed":"5/9/2018","LED_Powered":1,"LightID":"L008983","Light_Source":"LED","Light_Type":"Cobra","Lighting_Type":"LED-Powered Lamp","Verification_Date":null},"id":"stl-city-public-streetlights:2:116258","sourceLayerId":2,"sourceObjectId":116258,"sourceURL":"https://maps8.stlouis-mo.gov/arcgis/rest/services/STREETS/Streets_Permitting/MapServer/2","title":"Street light L008983"},"type":"Feature"},{"geometry":{"coordinates":[-90.27211917532017,38.587241246849636],"type":"Point"},"id":"stl-city-public-streetlights:2:116259","properties":{"address":null,"attributes":{"Date_Installed":"5/9/2018","LED_Powered":1,"LightID":"L008984","Light_Source":"LED","Light_Type":"Cobra","Lighting_Type":"LED-Powered Lamp","Verification_Date":null},"id":"stl-city-public-streetlights:2:116259","sourceLayerId":2,"sourceObjectId":116259,"sourceURL":"https://maps8.stlouis-mo.gov/arcgis/rest/services/STREETS/Streets_Permitting/MapServer/2","title":"Street light L008984"},"type":"Feature"},{"geometry":{"coordinates":[-90.27141437868742,38.587120809837316],"type":"Point"},"id":"stl-city-public-streetlights:2:116260","properties":{"address":null,"attributes":{"Date_Installed":"5/9/2018","LED_Powered":1,"LightID":"L008985","Light_Source":"LED","Light_Type":"Cobra","Lighting_Type":"LED-Powered Lamp","Verification_Date":null},"id":"stl-city-public-streetlights:2:116260","sourceLayerId":2,"sourceObjectId":116260,"sourceURL":"https://maps8.stlouis-mo.gov/arcgis/rest/services/STREETS/Streets_Permitting/MapServer/2","title":"Street light L008985"},"type":"Feature"},{"geometry":{"coordinates":[-90.270997406992,38.58701700320658],"type":"Point"},"id":"stl-city-public-streetlights:2:116261","properties":{"address":null,"attributes":{"Date_Installed":"5/9/2018","LED_Powered":1,"LightID":"L008986","Light_Source":"LED","Light_Type":"Cobra","Lighting_Type":"LED-Powered Lamp","Verification_Date":null},"id":"stl-city-public-streetlights:2:116261","sourceLayerId":2,"sourceObjectId":116261,"sourceURL":"https://maps8.stlouis-mo.gov/arcgis/rest/services/STREETS/Streets_Permitting/MapServer/2","title":"Street light L008986"},"type":"Feature"},{"geometry":{"coordinates":[-90.2705744872173,38.58692551311683],"type":"Point"},"id":"stl-city-public-streetlights:2:116262","properties":{"address":null,"attributes":{"Date_Installed":"5/9/2018","LED_Powered":1,"LightID":"L008987","Light_Source":"LED","Light_Type":"Cobra","Lighting_Type":"LED-Powered Lamp","Verification_Date":null},"id":"stl-city-public-streetlights:2:116262","sourceLayerId":2,"sourceObjectId":116262,"sourceURL":"https://maps8.stlouis-mo.gov/arcgis/rest/services/STREETS/Streets_Permitting/MapServer/2","title":"Street light L008987"},"type":"Feature"},{"geometry":{"coordinates":[-90.27013302215248,38.58682610762776],"type":"Point"},"id":"stl-city-public-streetlights:2:116263","properties":{"address":null,"attributes":{"Date_Installed":"5/9/2018","LED_Powered":1,"LightID":"L008988","Light_Source":"LED","Light_Type":"Cobra","Lighting_Type":"LED-Powered Lamp","Verification_Date":null},"id":"stl-city-public-streetlights:2:116263","sourceLayerId":2,"sourceObjectId":116263,"sourceURL":"https://maps8.stlouis-mo.gov/arcgis/rest/services/STREETS/Streets_Permitting/MapServer/2","title":"Street light L008988"},"type":"Feature"},{"geometry":{"coordinates":[-90.27035414217255,38.58771234572764],"type":"Point"},"id":"stl-city-public-streetlights:2:116285","properties":{"address":null,"attributes":{"Date_Installed":"5/9/2018","LED_Powered":1,"LightID":"L009010","Light_Source":"LED","Light_Type":"Cobra","Lighting_Type":"LED-Powered Lamp","Verification_Date":null},"id":"stl-city-public-streetlights:2:116285","sourceLayerId":2,"sourceObjectId":116285,"sourceURL":"https://maps8.stlouis-mo.gov/arcgis/rest/services/STREETS/Streets_Permitting/MapServer/2","title":"Street light L009010"},"type":"Feature"},{"geometry":{"coordinates":[-90.27075747240116,38.58780109194221],"type":"Point"},"id":"stl-city-public-streetlights:2:116286","properties":{"address":null,"attributes":{"Date_Installed":"5/9/2018","LED_Powered":1,"LightID":"L009011","Light_Source":"LED","Light_Type":"Cobra","Lighting_Type":"LED-Powered Lamp","Verification_Date":null},"id":"stl-city-public-streetlights:2:116286","sourceLayerId":2,"sourceObjectId":116286,"sourceURL":"https://maps8.stlouis-mo.gov/arcgis/rest/services/STREETS/Streets_Permitting/MapServer/2","title":"Street light L009011"},"type":"Feature"},{"geometry":{"coordinates":[-90.27662230391937,38.587063978075626],"type":"Point"},"id":"stl-city-public-streetlights:2:117023","properties":{"address":null,"attributes":{"Date_Installed":null,"LED_Powered":0,"LightID":"L009748","Light_Source":"LED","Light_Type":"Cobra","Lighting_Type":"LED-Powered Lamp","Verification_Date":null},"id":"stl-city-public-streetlights:2:117023","sourceLayerId":2,"sourceObjectId":117023,"sourceURL":"https://maps8.stlouis-mo.gov/arcgis/rest/services/STREETS/Streets_Permitting/MapServer/2","title":"Street light L009748"},"type":"Feature"},{"geometry":{"coordinates":[-90.2771415122429,38.58711871901866],"type":"Point"},"id":"stl-city-public-streetlights:2:117024","properties":{"address":null,"attributes":{"Date_Installed":null,"LED_Powered":0,"LightID":"L009749","Light_Source":"LED","Light_Type":"Cobra","Lighting_Type":"LED-Powered Lamp","Verification_Date":null},"id":"stl-city-public-streetlights:2:117024","sourceLayerId":2,"sourceObjectId":117024,"sourceURL":"https://maps8.stlouis-mo.gov/arcgis/rest/services/STREETS/Streets_Permitting/MapServer/2","title":"Street light L009749"},"type":"Feature"},{"geometry":{"coordinates":[-90.27765481413572,38.587173267159706],"type":"Point"},"id":"stl-city-public-streetlights:2:117025","properties":{"address":null,"attributes":{"Date_Installed":null,"LED_Powered":0,"LightID":"L009750","Light_Source":"LED","Light_Type":"Cobra","Lighting_Type":"LED-Powered Lamp","Verification_Date":null},"id":"stl-city-public-streetlights:2:117025","sourceLayerId":2,"sourceObjectId":117025,"sourceURL":"https://maps8.stlouis-mo.gov/arcgis/rest/services/STREETS/Streets_Permitting/MapServer/2","title":"Street light L009750"},"type":"Feature"},{"geometry":{"coordinates":[-90.27817680194244,38.58722794843077],"type":"Point"},"id":"stl-city-public-streetlights:2:117026","properties":{"address":null,"attributes":{"Date_Installed":null,"LED_Powered":0,"LightID":"L009751","Light_Source":"LED","Light_Type":"Cobra","Lighting_Type":"LED-Powered Lamp","Verification_Date":null},"id":"stl-city-public-streetlights:2:117026","sourceLayerId":2,"sourceObjectId":117026,"sourceURL":"https://maps8.stlouis-mo.gov/arcgis/rest/services/STREETS/Streets_Permitting/MapServer/2","title":"Street light L009751"},"type":"Feature"},{"geometry":{"coordinates":[-90.27869775401543,38.58728900287125],"type":"Point"},"id":"stl-city-public-streetlights:2:117027","properties":{"address":null,"attributes":{"Date_Installed":null,"LED_Powered":0,"LightID":"L009752","Light_Source":"LED","Light_Type":"Cobra","Lighting_Type":"LED-Powered Lamp","Verification_Date":null},"id":"stl-city-public-streetlights:2:117027","sourceLayerId":2,"sourceObjectId":117027,"sourceURL":"https://maps8.stlouis-mo.gov/arcgis/rest/services/STREETS/Streets_Permitting/MapServer/2","title":"Street light L009752"},"type":"Feature"},{"geometry":{"coordinates":[-90.27921218226375,38.58733860038402],"type":"Point"},"id":"stl-city-public-streetlights:2:117028","properties":{"address":null,"attributes":{"Date_Installed":null,"LED_Powered":0,"LightID":"L009753","Light_Source":"LED","Light_Type":"Cobra","Lighting_Type":"LED-Powered Lamp","Verification_Date":null},"id":"stl-city-public-streetlights:2:117028","sourceLayerId":2,"sourceObjectId":117028,"sourceURL":"https://maps8.stlouis-mo.gov/arcgis/rest/services/STREETS/Streets_Permitting/MapServer/2","title":"Street light L009753"},"type":"Feature"},{"geometry":{"coordinates":[-90.27970947365509,38.5873910237334],"type":"Point"},"id":"stl-city-public-streetlights:2:117029","properties":{"address":null,"attributes":{"Date_Installed":null,"LED_Powered":0,"LightID":"L009754","Light_Source":"LED","Light_Type":"Cobra","Lighting_Type":"LED-Powered Lamp","Verification_Date":null},"id":"stl-city-public-streetlights:2:117029","sourceLayerId":2,"sourceObjectId":117029,"sourceURL":"https://maps8.stlouis-mo.gov/arcgis/rest/services/STREETS/Streets_Permitting/MapServer/2","title":"Street light L009754"},"type":"Feature"},{"geometry":{"coordinates":[-90.27621217878709,38.5879038709308],"type":"Point"},"id":"stl-city-public-streetlights:2:117031","properties":{"address":null,"attributes":{"Date_Installed":null,"LED_Powered":0,"LightID":"L009756","Light_Source":"LED","Light_Type":"Cobra","Lighting_Type":"LED-Powered Lamp","Verification_Date":null},"id":"stl-city-public-streetlights:2:117031","sourceLayerId":2,"sourceObjectId":117031,"sourceURL":"https://maps8.stlouis-mo.gov/arcgis/rest/services/STREETS/Streets_Permitting/MapServer/2","title":"Street light L009756"},"type":"Feature"},{"geometry":{"coordinates":[-90.27664069725991,38.587952242478984],"type":"Point"},"id":"stl-city-public-streetlights:2:117032","properties":{"address":null,"attributes":{"Date_Installed":null,"LED_Powered":0,"LightID":"L009757","Light_Source":"LED","Light_Type":"Cobra","Lighting_Type":"LED-Powered Lamp","Verification_Date":null},"id":"stl-city-public-streetlights:2:117032","sourceLayerId":2,"sourceObjectId":117032,"sourceURL":"https://maps8.stlouis-mo.gov/arcgis/rest/services/STREETS/Streets_Permitting/MapServer/2","title":"Street light L009757"},"type":"Feature"},{"geometry":{"coordinates":[-90.27706712482247,38.58799768956746],"type":"Point"},"id":"stl-city-public-streetlights:2:117033","properties":{"address":null,"attributes":{"Date_Installed":null,"LED_Powered":0,"LightID":"L009758","Light_Source":"LED","Light_Type":"Cobra","Lighting_Type":"LED-Powered Lamp","Verification_Date":null},"id":"stl-city-public-streetlights:2:117033","sourceLayerId":2,"sourceObjectId":117033,"sourceURL":"https://maps8.stlouis-mo.gov/arcgis/rest/services/STREETS/Streets_Permitting/MapServer/2","title":"Street light L009758"},"type":"Feature"},{"geometry":{"coordinates":[-90.27750871247956,38.58804346211956],"type":"Point"},"id":"stl-city-public-streetlights:2:117034","properties":{"address":null,"attributes":{"Date_Installed":null,"LED_Powered":0,"LightID":"L009759","Light_Source":"LED","Light_Type":"Cobra","Lighting_Type":"LED-Powered Lamp","Verification_Date":null},"id":"stl-city-public-streetlights:2:117034","sourceLayerId":2,"sourceObjectId":117034,"sourceURL":"https://maps8.stlouis-mo.gov/arcgis/rest/services/STREETS/Streets_Permitting/MapServer/2","title":"Street light L009759"},"type":"Feature"},{"geometry":{"coordinates":[-90.27792713864042,38.58808549267834],"type":"Point"},"id":"stl-city-public-streetlights:2:117035","properties":{"address":null,"attributes":{"Date_Installed":null,"LED_Powered":0,"LightID":"L009760","Light_Source":"LED","Light_Type":"Cobra","Lighting_Type":"LED-Powered Lamp","Verification_Date":null},"id":"stl-city-public-streetlights:2:117035","sourceLayerId":2,"sourceObjectId":117035,"sourceURL":"https://maps8.stlouis-mo.gov/arcgis/rest/services/STREETS/Streets_Permitting/MapServer/2","title":"Street light L009760"},"type":"Feature"},{"geometry":{"coordinates":[-90.2783661323339,38.588135308410834],"type":"Point"},"id":"stl-city-public-streetlights:2:117036","properties":{"address":null,"attributes":{"Date_Installed":null,"LED_Powered":0,"LightID":"L009761","Light_Source":"LED","Light_Type":"Cobra","Lighting_Type":"LED-Powered Lamp","Verification_Date":null},"id":"stl-city-public-streetlights:2:117036","sourceLayerId":2,"sourceObjectId":117036,"sourceURL":"https://maps8.stlouis-mo.gov/arcgis/rest/services/STREETS/Streets_Permitting/MapServer/2","title":"Street light L009761"},"type":"Feature"},{"geometry":{"coordinates":[-90.27879601853233,38.58818438997157],"type":"Point"},"id":"stl-city-public-streetlights:2:117037","properties":{"address":null,"attributes":{"Date_Installed":null,"LED_Powered":0,"LightID":"L009762","Light_Source":"LED","Light_Type":"Cobra","Lighting_Type":"LED-Powered Lamp","Verification_Date":null},"id":"stl-city-public-streetlights:2:117037","sourceLayerId":2,"sourceObjectId":117037,"sourceURL":"https://maps8.stlouis-mo.gov/arcgis/rest/services/STREETS/Streets_Permitting/MapServer/2","title":"Street light L009762"},"type":"Feature"},{"geometry":{"coordinates":[-90.2792386807866,38.588226701284206],"type":"Point"},"id":"stl-city-public-streetlights:2:117038","properties":{"address":null,"attributes":{"Date_Installed":null,"LED_Powered":0,"LightID":"L009763","Light_Source":"LED","Light_Type":"Cobra","Lighting_Type":"LED-Powered Lamp","Verification_Date":null},"id":"stl-city-public-streetlights:2:117038","sourceLayerId":2,"sourceObjectId":117038,"sourceURL":"https://maps8.stlouis-mo.gov/arcgis/rest/services/STREETS/Streets_Permitting/MapServer/2","title":"Street light L009763"},"type":"Feature"},{"geometry":{"coordinates":[-90.27969479329798,38.58828047764124],"type":"Point"},"id":"stl-city-public-streetlights:2:117039","properties":{"address":null,"attributes":{"Date_Installed":null,"LED_Powered":0,"LightID":"L009764","Light_Source":"LED","Light_Type":"Cobra","Lighting_Type":"LED-Powered Lamp","Verification_Date":null},"id":"stl-city-public-streetlights:2:117039","sourceLayerId":2,"sourceObjectId":117039,"sourceURL":"https://maps8.stlouis-mo.gov/arcgis/rest/services/STREETS/Streets_Permitting/MapServer/2","title":"Street light L009764"},"type":"Feature"},{"geometry":{"coordinates":[-90.27551656107993,38.58873146548264],"type":"Point"},"id":"stl-city-public-streetlights:2:117040","properties":{"address":null,"attributes":{"Date_Installed":null,"LED_Powered":0,"LightID":"L009765","Light_Source":"LED","Light_Type":"Cobra","Lighting_Type":"LED-Powered Lamp","Verification_Date":null},"id":"stl-city-public-streetlights:2:117040","sourceLayerId":2,"sourceObjectId":117040,"sourceURL":"https://maps8.stlouis-mo.gov/arcgis/rest/services/STREETS/Streets_Permitting/MapServer/2","title":"Street light L009765"},"type":"Feature"},{"geometry":{"coordinates":[-90.27591001833214,38.58877584003344],"type":"Point"},"id":"stl-city-public-streetlights:2:117041","properties":{"address":null,"attributes":{"Date_Installed":null,"LED_Powered":0,"LightID":"L009766","Light_Source":"LED","Light_Type":"Cobra","Lighting_Type":"LED-Powered Lamp","Verification_Date":null},"id":"stl-city-public-streetlights:2:117041","sourceLayerId":2,"sourceObjectId":117041,"sourceURL":"https://maps8.stlouis-mo.gov/arcgis/rest/services/STREETS/Streets_Permitting/MapServer/2","title":"Street light L009766"},"type":"Feature"},{"geometry":{"coordinates":[-90.27634194577203,38.588823266952005],"type":"Point"},"id":"stl-city-public-streetlights:2:117042","properties":{"address":null,"attributes":{"Date_Installed":null,"LED_Powered":0,"LightID":"L009767","Light_Source":"LED","Light_Type":"Cobra","Lighting_Type":"LED-Powered Lamp","Verification_Date":null},"id":"stl-city-public-streetlights:2:117042","sourceLayerId":2,"sourceObjectId":117042,"sourceURL":"https://maps8.stlouis-mo.gov/arcgis/rest/services/STREETS/Streets_Permitting/MapServer/2","title":"Street light L009767"},"type":"Feature"},{"geometry":{"coordinates":[-90.2767290470017,38.58886142842864],"type":"Point"},"id":"stl-city-public-streetlights:2:117043","properties":{"address":null,"attributes":{"Date_Installed":null,"LED_Powered":0,"LightID":"L009768","Light_Source":"LED","Light_Type":"Cobra","Lighting_Type":"LED-Powered Lamp","Verification_Date":null},"id":"stl-city-public-streetlights:2:117043","sourceLayerId":2,"sourceObjectId":117043,"sourceURL":"https://maps8.stlouis-mo.gov/arcgis/rest/services/STREETS/Streets_Permitting/MapServer/2","title":"Street light L009768"},"type":"Feature"},{"geometry":{"coordinates":[-90.2771778152631,38.58890894384737],"type":"Point"},"id":"stl-city-public-streetlights:2:117044","properties":{"address":null,"attributes":{"Date_Installed":null,"LED_Powered":0,"LightID":"L009769","Light_Source":"LED","Light_Type":"Cobra","Lighting_Type":"LED-Powered Lamp","Verification_Date":null},"id":"stl-city-public-streetlights:2:117044","sourceLayerId":2,"sourceObjectId":117044,"sourceURL":"https://maps8.stlouis-mo.gov/arcgis/rest/services/STREETS/Streets_Permitting/MapServer/2","title":"Street light L009769"},"type":"Feature"},{"geometry":{"coordinates":[-90.27756483300973,38.58894990329155],"type":"Point"},"id":"stl-city-public-streetlights:2:117045","properties":{"address":null,"attributes":{"Date_Installed":null,"LED_Powered":0,"LightID":"L009770","Light_Source":"LED","Light_Type":"Cobra","Lighting_Type":"LED-Powered Lamp","Verification_Date":null},"id":"stl-city-public-streetlights:2:117045","sourceLayerId":2,"sourceObjectId":117045,"sourceURL":"https://maps8.stlouis-mo.gov/arcgis/rest/services/STREETS/Streets_Permitting/MapServer/2","title":"Street light L009770"},"type":"Feature"},{"geometry":{"coordinates":[-90.2780181094998,38.58899831774695],"type":"Point"},"id":"stl-city-public-streetlights:2:117046","properties":{"address":null,"attributes":{"Date_Installed":null,"LED_Powered":0,"LightID":"L009771","Light_Source":"LED","Light_Type":"Cobra","Lighting_Type":"LED-Powered Lamp","Verification_Date":null},"id":"stl-city-public-streetlights:2:117046","sourceLayerId":2,"sourceObjectId":117046,"sourceURL":"https://maps8.stlouis-mo.gov/arcgis/rest/services/STREETS/Streets_Permitting/MapServer/2","title":"Street light L009771"},"type":"Feature"},{"geometry":{"coordinates":[-90.27837044204833,38.589035334877764],"type":"Point"},"id":"stl-city-public-streetlights:2:117047","properties":{"address":null,"attributes":{"Date_Installed":null,"LED_Powered":0,"LightID":"L009772","Light_Source":"LED","Light_Type":"Cobra","Lighting_Type":"LED-Powered Lamp","Verification_Date":null},"id":"stl-city-public-streetlights:2:117047","sourceLayerId":2,"sourceObjectId":117047,"sourceURL":"https://maps8.stlouis-mo.gov/arcgis/rest/services/STREETS/Streets_Permitting/MapServer/2","title":"Street light L009772"},"type":"Feature"},{"geometry":{"coordinates":[-90.2788348659549,38.58908388619746],"type":"Point"},"id":"stl-city-public-streetlights:2:117048","properties":{"address":null,"attributes":{"Date_Installed":null,"LED_Powered":0,"LightID":"L009773","Light_Source":"LED","Light_Type":"Cobra","Lighting_Type":"LED-Powered Lamp","Verification_Date":null},"id":"stl-city-public-streetlights:2:117048","sourceLayerId":2,"sourceObjectId":117048,"sourceURL":"https://maps8.stlouis-mo.gov/arcgis/rest/services/STREETS/Streets_Permitting/MapServer/2","title":"Street light L009773"},"type":"Feature"},{"geometry":{"coordinates":[-90.27919733945767,38.5891317668079],"type":"Point"},"id":"stl-city-public-streetlights:2:117049","properties":{"address":null,"attributes":{"Date_Installed":null,"LED_Powered":0,"LightID":"L009774","Light_Source":"LED","Light_Type":"Cobra","Lighting_Type":"LED-Powered Lamp","Verification_Date":null},"id":"stl-city-public-streetlights:2:117049","sourceLayerId":2,"sourceObjectId":117049,"sourceURL":"https://maps8.stlouis-mo.gov/arcgis/rest/services/STREETS/Streets_Permitting/MapServer/2","title":"Street light L009774"},"type":"Feature"},{"geometry":{"coordinates":[-90.2796225321286,38.58916832301044],"type":"Point"},"id":"stl-city-public-streetlights:2:117050","properties":{"address":null,"attributes":{"Date_Installed":null,"LED_Powered":0,"LightID":"L009775","Light_Source":"LED","Light_Type":"Cobra","Lighting_Type":"LED-Powered Lamp","Verification_Date":null},"id":"stl-city-public-streetlights:2:117050","sourceLayerId":2,"sourceObjectId":117050,"sourceURL":"https://maps8.stlouis-mo.gov/arcgis/rest/services/STREETS/Streets_Permitting/MapServer/2","title":"Street light L009775"},"type":"Feature"},{"geometry":{"coordinates":[-90.27997590925057,38.58921189310684],"type":"Point"},"id":"stl-city-public-streetlights:2:117051","properties":{"address":null,"attributes":{"Date_Installed":null,"LED_Powered":0,"LightID":"L009776","Light_Source":"LED","Light_Type":"Cobra","Lighting_Type":"LED-Powered Lamp","Verification_Date":null},"id":"stl-city-public-streetlights:2:117051","sourceLayerId":2,"sourceObjectId":117051,"sourceURL":"https://maps8.stlouis-mo.gov/arcgis/rest/services/STREETS/Streets_Permitting/MapServer/2","title":"Street light L009776"},"type":"Feature"},{"geometry":{"coordinates":[-90.27902113724019,38.58999739129158],"type":"Point"},"id":"stl-city-public-streetlights:2:117082","properties":{"address":null,"attributes":{"Date_Installed":null,"LED_Powered":0,"LightID":"L009807","Light_Source":"LED","Light_Type":"Cobra","Lighting_Type":"LED-Powered Lamp","Verification_Date":null},"id":"stl-city-public-streetlights:2:117082","sourceLayerId":2,"sourceObjectId":117082,"sourceURL":"https://maps8.stlouis-mo.gov/arcgis/rest/services/STREETS/Streets_Permitting/MapServer/2","title":"Street light L009807"},"type":"Feature"},{"geometry":{"coordinates":[-90.2786086102029,38.58995556589327],"type":"Point"},"id":"stl-city-public-streetlights:2:117083","properties":{"address":null,"attributes":{"Date_Installed":null,"LED_Powered":0,"LightID":"L009808","Light_Source":"LED","Light_Type":"Cobra","Lighting_Type":"LED-Powered Lamp","Verification_Date":null},"id":"stl-city-public-streetlights:2:117083","sourceLayerId":2,"sourceObjectId":117083,"sourceURL":"https://maps8.stlouis-mo.gov/arcgis/rest/services/STREETS/Streets_Permitting/MapServer/2","title":"Street light L009808"},"type":"Feature"},{"geometry":{"coordinates":[-90.27821454963497,38.589918106451535],"type":"Point"},"id":"stl-city-public-streetlights:2:117084","properties":{"address":null,"attributes":{"Date_Installed":null,"LED_Powered":0,"LightID":"L009809","Light_Source":"LED","Light_Type":"Cobra","Lighting_Type":"LED-Powered Lamp","Verification_Date":null},"id":"stl-city-public-streetlights:2:117084","sourceLayerId":2,"sourceObjectId":117084,"sourceURL":"https://maps8.stlouis-mo.gov/arcgis/rest/services/STREETS/Streets_Permitting/MapServer/2","title":"Street light L009809"},"type":"Feature"},{"geometry":{"coordinates":[-90.27776478965316,38.58986608593596],"type":"Point"},"id":"stl-city-public-streetlights:2:117085","properties":{"address":null,"attributes":{"Date_Installed":null,"LED_Powered":0,"LightID":"L009810","Light_Source":"LED","Light_Type":"Cobra","Lighting_Type":"LED-Powered Lamp","Verification_Date":null},"id":"stl-city-public-streetlights:2:117085","sourceLayerId":2,"sourceObjectId":117085,"sourceURL":"https://maps8.stlouis-mo.gov/arcgis/rest/services/STREETS/Streets_Permitting/MapServer/2","title":"Street light L009810"},"type":"Feature"},{"geometry":{"coordinates":[-90.27738841505347,38.58982455100394],"type":"Point"},"id":"stl-city-public-streetlights:2:117086","properties":{"address":null,"attributes":{"Date_Installed":null,"LED_Powered":0,"LightID":"L009811","Light_Source":"LED","Light_Type":"Cobra","Lighting_Type":"LED-Powered Lamp","Verification_Date":null},"id":"stl-city-public-streetlights:2:117086","sourceLayerId":2,"sourceObjectId":117086,"sourceURL":"https://maps8.stlouis-mo.gov/arcgis/rest/services/STREETS/Streets_Permitting/MapServer/2","title":"Street light L009811"},"type":"Feature"},{"geometry":{"coordinates":[-90.27701132503779,38.589788078343744],"type":"Point"},"id":"stl-city-public-streetlights:2:117087","properties":{"address":null,"attributes":{"Date_Installed":null,"LED_Powered":0,"LightID":"L009812","Light_Source":"LED","Light_Type":"Cobra","Lighting_Type":"LED-Powered Lamp","Verification_Date":null},"id":"stl-city-public-streetlights:2:117087","sourceLayerId":2,"sourceObjectId":117087,"sourceURL":"https://maps8.stlouis-mo.gov/arcgis/rest/services/STREETS/Streets_Permitting/MapServer/2","title":"Street light L009812"},"type":"Feature"},{"geometry":{"coordinates":[-90.27658764743215,38.589742291259974],"type":"Point"},"id":"stl-city-public-streetlights:2:117088","properties":{"address":null,"attributes":{"Date_Installed":null,"LED_Powered":0,"LightID":"L009813","Light_Source":"LED","Light_Type":"Cobra","Lighting_Type":"LED-Powered Lamp","Verification_Date":null},"id":"stl-city-public-streetlights:2:117088","sourceLayerId":2,"sourceObjectId":117088,"sourceURL":"https://maps8.stlouis-mo.gov/arcgis/rest/services/STREETS/Streets_Permitting/MapServer/2","title":"Street light L009813"},"type":"Feature"},{"geometry":{"coordinates":[-90.27613359523036,38.58969297609265],"type":"Point"},"id":"stl-city-public-streetlights:2:117089","properties":{"address":null,"attributes":{"Date_Installed":null,"LED_Powered":0,"LightID":"L009814","Light_Source":"LED","Light_Type":"Cobra","Lighting_Type":"LED-Powered Lamp","Verification_Date":null},"id":"stl-city-public-streetlights:2:117089","sourceLayerId":2,"sourceObjectId":117089,"sourceURL":"https://maps8.stlouis-mo.gov/arcgis/rest/services/STREETS/Streets_Permitting/MapServer/2","title":"Street light L009814"},"type":"Feature"},{"geometry":{"coordinates":[-90.27577166452903,38.589650796924865],"type":"Point"},"id":"stl-city-public-streetlights:2:117090","properties":{"address":null,"attributes":{"Date_Installed":null,"LED_Powered":0,"LightID":"L009815","Light_Source":"LED","Light_Type":"Cobra","Lighting_Type":"LED-Powered Lamp","Verification_Date":null},"id":"stl-city-public-streetlights:2:117090","sourceLayerId":2,"sourceObjectId":117090,"sourceURL":"https://maps8.stlouis-mo.gov/arcgis/rest/services/STREETS/Streets_Permitting/MapServer/2","title":"Street light L009815"},"type":"Feature"},{"geometry":{"coordinates":[-90.27534661142565,38.58960821981848],"type":"Point"},"id":"stl-city-public-streetlights:2:117091","properties":{"address":null,"attributes":{"Date_Installed":null,"LED_Powered":0,"LightID":"L009816","Light_Source":"LED","Light_Type":"Cobra","Lighting_Type":"LED-Powered Lamp","Verification_Date":null},"id":"stl-city-public-streetlights:2:117091","sourceLayerId":2,"sourceObjectId":117091,"sourceURL":"https://maps8.stlouis-mo.gov/arcgis/rest/services/STREETS/Streets_Permitting/MapServer/2","title":"Street light L009816"},"type":"Feature"},{"geometry":{"coordinates":[-90.27493796503215,38.589563099756475],"type":"Point"},"id":"stl-city-public-streetlights:2:117092","properties":{"address":null,"attributes":{"Date_Installed":null,"LED_Powered":0,"LightID":"L009817","Light_Source":"LED","Light_Type":"Cobra","Lighting_Type":"LED-Powered Lamp","Verification_Date":null},"id":"stl-city-public-streetlights:2:117092","sourceLayerId":2,"sourceObjectId":117092,"sourceURL":"https://maps8.stlouis-mo.gov/arcgis/rest/services/STREETS/Streets_Permitting/MapServer/2","title":"Street light L009817"},"type":"Feature"},{"geometry":{"coordinates":[-90.27475296188929,38.58959646894878],"type":"Point"},"id":"stl-city-public-streetlights:2:119607","properties":{"address":null,"attributes":{"Date_Installed":"9/1/2016","LED_Powered":1,"LightID":"L012332","Light_Source":"LED","Light_Type":"Cobra","Lighting_Type":"LED-Powered Lamp","Verification_Date":1667260800000},"id":"stl-city-public-streetlights:2:119607","sourceLayerId":2,"sourceObjectId":119607,"sourceURL":"https://maps8.stlouis-mo.gov/arcgis/rest/services/STREETS/Streets_Permitting/MapServer/2","title":"Street light L012332"},"type":"Feature"},{"geometry":{"coordinates":[-90.27504794268752,38.58917042622151],"type":"Point"},"id":"stl-city-public-streetlights:2:119608","properties":{"address":null,"attributes":{"Date_Installed":"9/1/2016","LED_Powered":1,"LightID":"L012333","Light_Source":"LED","Light_Type":"Cobra","Lighting_Type":"LED-Powered Lamp","Verification_Date":1664582400000},"id":"stl-city-public-streetlights:2:119608","sourceLayerId":2,"sourceObjectId":119608,"sourceURL":"https://maps8.stlouis-mo.gov/arcgis/rest/services/STREETS/Streets_Permitting/MapServer/2","title":"Street light L012333"},"type":"Feature"},{"geometry":{"coordinates":[-90.27534687855389,38.588751124516406],"type":"Point"},"id":"stl-city-public-streetlights:2:119609","properties":{"address":null,"attributes":{"Date_Installed":"9/1/2016","LED_Powered":1,"LightID":"L012334","Light_Source":"LED","Light_Type":"Cobra","Lighting_Type":"LED-Powered Lamp","Verification_Date":1664582400000},"id":"stl-city-public-streetlights:2:119609","sourceLayerId":2,"sourceObjectId":119609,"sourceURL":"https://maps8.stlouis-mo.gov/arcgis/rest/services/STREETS/Streets_Permitting/MapServer/2","title":"Street light L012334"},"type":"Feature"},{"geometry":{"coordinates":[-90.27563279334004,38.58833735018575],"type":"Point"},"id":"stl-city-public-streetlights:2:119610","properties":{"address":null,"attributes":{"Date_Installed":"9/1/2016","LED_Powered":1,"LightID":"L012335","Light_Source":"LED","Light_Type":"Cobra","Lighting_Type":"LED-Powered Lamp","Verification_Date":1664582400000},"id":"stl-city-public-streetlights:2:119610","sourceLayerId":2,"sourceObjectId":119610,"sourceURL":"https://maps8.stlouis-mo.gov/arcgis/rest/services/STREETS/Streets_Permitting/MapServer/2","title":"Street light L012335"},"type":"Feature"},{"geometry":{"coordinates":[-90.27593476132672,38.587917456330075],"type":"Point"},"id":"stl-city-public-streetlights:2:119611","properties":{"address":null,"attributes":{"Date_Installed":"9/1/2016","LED_Powered":1,"LightID":"L012336","Light_Source":"LED","Light_Type":"Cobra","Lighting_Type":"LED-Powered Lamp","Verification_Date":1664582400000},"id":"stl-city-public-streetlights:2:119611","sourceLayerId":2,"sourceObjectId":119611,"sourceURL":"https://maps8.stlouis-mo.gov/arcgis/rest/services/STREETS/Streets_Permitting/MapServer/2","title":"Street light L012336"},"type":"Feature"},{"geometry":{"coordinates":[-90.27620798136553,38.58751145169208],"type":"Point"},"id":"stl-city-public-streetlights:2:119612","properties":{"address":null,"attributes":{"Date_Installed":"9/1/2016","LED_Powered":1,"LightID":"L012337","Light_Source":"LED","Light_Type":"Cobra","Lighting_Type":"LED-Powered Lamp","Verification_Date":1664582400000},"id":"stl-city-public-streetlights:2:119612","sourceLayerId":2,"sourceObjectId":119612,"sourceURL":"https://maps8.stlouis-mo.gov/arcgis/rest/services/STREETS/Streets_Permitting/MapServer/2","title":"Street light L012337"},"type":"Feature"},{"geometry":{"coordinates":[-90.27641169382393,38.58706830654312],"type":"Point"},"id":"stl-city-public-streetlights:2:119613","properties":{"address":null,"attributes":{"Date_Installed":"9/1/2016","LED_Powered":1,"LightID":"L012338","Light_Source":"LED","Light_Type":"Cobra","Lighting_Type":"LED-Powered Lamp","Verification_Date":1664582400000},"id":"stl-city-public-streetlights:2:119613","sourceLayerId":2,"sourceObjectId":119613,"sourceURL":"https://maps8.stlouis-mo.gov/arcgis/rest/services/STREETS/Streets_Permitting/MapServer/2","title":"Street light L012338"},"type":"Feature"},{"geometry":{"coordinates":[-90.27618625889625,38.58682957198392],"type":"Point"},"id":"stl-city-public-streetlights:2:119614","properties":{"address":null,"attributes":{"Date_Installed":"9/1/2016","LED_Powered":1,"LightID":"L012339","Light_Source":"LED","Light_Type":"Cobra","Lighting_Type":"LED-Powered Lamp","Verification_Date":1664582400000},"id":"stl-city-public-streetlights:2:119614","sourceLayerId":2,"sourceObjectId":119614,"sourceURL":"https://maps8.stlouis-mo.gov/arcgis/rest/services/STREETS/Streets_Permitting/MapServer/2","title":"Street light L012339"},"type":"Feature"},{"geometry":{"coordinates":[-90.2761190831517,38.58723990515289],"type":"Point"},"id":"stl-city-public-streetlights:2:119615","properties":{"address":null,"attributes":{"Date_Installed":"9/1/2016","LED_Powered":1,"LightID":"L012340","Light_Source":"LED","Light_Type":"Cobra","Lighting_Type":"LED-Powered Lamp","Verification_Date":1664582400000},"id":"stl-city-public-streetlights:2:119615","sourceLayerId":2,"sourceObjectId":119615,"sourceURL":"https://maps8.stlouis-mo.gov/arcgis/rest/services/STREETS/Streets_Permitting/MapServer/2","title":"Street light L012340"},"type":"Feature"},{"geometry":{"coordinates":[-90.27587068185377,38.58762414730023],"type":"Point"},"id":"stl-city-public-streetlights:2:119616","properties":{"address":null,"attributes":{"Date_Installed":"9/1/2016","LED_Powered":1,"LightID":"L012341","Light_Source":"LED","Light_Type":"Cobra","Lighting_Type":"LED-Powered Lamp","Verification_Date":1664582400000},"id":"stl-city-public-streetlights:2:119616","sourceLayerId":2,"sourceObjectId":119616,"sourceURL":"https://maps8.stlouis-mo.gov/arcgis/rest/services/STREETS/Streets_Permitting/MapServer/2","title":"Street light L012341"},"type":"Feature"},{"geometry":{"coordinates":[-90.27557176638014,38.58803975589052],"type":"Point"},"id":"stl-city-public-streetlights:2:119617","properties":{"address":null,"attributes":{"Date_Installed":"9/1/2016","LED_Powered":1,"LightID":"L012342","Light_Source":"LED","Light_Type":"Cobra","Lighting_Type":"LED-Powered Lamp","Verification_Date":1664582400000},"id":"stl-city-public-streetlights:2:119617","sourceLayerId":2,"sourceObjectId":119617,"sourceURL":"https://maps8.stlouis-mo.gov/arcgis/rest/services/STREETS/Streets_Permitting/MapServer/2","title":"Street light L012342"},"type":"Feature"},{"geometry":{"coordinates":[-90.27528074783918,38.588453949122126],"type":"Point"},"id":"stl-city-public-streetlights:2:119618","properties":{"address":null,"attributes":{"Date_Installed":"9/1/2016","LED_Powered":1,"LightID":"L012343","Light_Source":"LED","Light_Type":"Cobra","Lighting_Type":"LED-Powered Lamp","Verification_Date":1664582400000},"id":"stl-city-public-streetlights:2:119618","sourceLayerId":2,"sourceObjectId":119618,"sourceURL":"https://maps8.stlouis-mo.gov/arcgis/rest/services/STREETS/Streets_Permitting/MapServer/2","title":"Street light L012343"},"type":"Feature"},{"geometry":{"coordinates":[-90.27499054395172,38.58887820258462],"type":"Point"},"id":"stl-city-public-streetlights:2:119619","properties":{"address":null,"attributes":{"Date_Installed":"9/1/2016","LED_Powered":1,"LightID":"L012344","Light_Source":"LED","Light_Type":"Cobra","Lighting_Type":"LED-Powered Lamp","Verification_Date":1664582400000},"id":"stl-city-public-streetlights:2:119619","sourceLayerId":2,"sourceObjectId":119619,"sourceURL":"https://maps8.stlouis-mo.gov/arcgis/rest/services/STREETS/Streets_Permitting/MapServer/2","title":"Street light L012344"},"type":"Feature"},{"geometry":{"coordinates":[-90.2747060532789,38.589300510442406],"type":"Point"},"id":"stl-city-public-streetlights:2:119620","properties":{"address":null,"attributes":{"Date_Installed":"9/1/2016","LED_Powered":1,"LightID":"L012345","Light_Source":"LED","Light_Type":"Cobra","Lighting_Type":"LED-Powered Lamp","Verification_Date":1664582400000},"id":"stl-city-public-streetlights:2:119620","sourceLayerId":2,"sourceObjectId":119620,"sourceURL":"https://maps8.stlouis-mo.gov/arcgis/rest/services/STREETS/Streets_Permitting/MapServer/2","title":"Street light L012345"},"type":"Feature"},{"geometry":{"coordinates":[-90.27441136232258,38.5897204150407],"type":"Point"},"id":"stl-city-public-streetlights:2:119621","properties":{"address":null,"attributes":{"Date_Installed":"9/1/2016","LED_Powered":1,"LightID":"L012346","Light_Source":"LED","Light_Type":"Cobra","Lighting_Type":"LED-Powered Lamp","Verification_Date":1667260800000},"id":"stl-city-public-streetlights:2:119621","sourceLayerId":2,"sourceObjectId":119621,"sourceURL":"https://maps8.stlouis-mo.gov/arcgis/rest/services/STREETS/Streets_Permitting/MapServer/2","title":"Street light L012346"},"type":"Feature"},{"geometry":{"coordinates":[-90.27971254666471,38.589954537203845],"type":"Point"},"id":"stl-city-public-streetlights:2:128507","properties":{"address":null,"attributes":{"Date_Installed":null,"LED_Powered":0,"LightID":"L021223","Light_Source":"LED","Light_Type":"Cobra","Lighting_Type":"LED-Powered Lamp","Verification_Date":null},"id":"stl-city-public-streetlights:2:128507","sourceLayerId":2,"sourceObjectId":128507,"sourceURL":"https://maps8.stlouis-mo.gov/arcgis/rest/services/STREETS/Streets_Permitting/MapServer/2","title":"Street light L021223"},"type":"Feature"},{"geometry":{"coordinates":[-90.27975289120096,38.58967215386614],"type":"Point"},"id":"stl-city-public-streetlights:2:128508","properties":{"address":null,"attributes":{"Date_Installed":null,"LED_Powered":0,"LightID":"L021224","Light_Source":"LED","Light_Type":"Cobra","Lighting_Type":"LED-Powered Lamp","Verification_Date":null},"id":"stl-city-public-streetlights:2:128508","sourceLayerId":2,"sourceObjectId":128508,"sourceURL":"https://maps8.stlouis-mo.gov/arcgis/rest/services/STREETS/Streets_Permitting/MapServer/2","title":"Street light L021224"},"type":"Feature"},{"geometry":{"coordinates":[-90.27982418683776,38.58926587874952],"type":"Point"},"id":"stl-city-public-streetlights:2:128509","properties":{"address":null,"attributes":{"Date_Installed":null,"LED_Powered":0,"LightID":"L021225","Light_Source":"LED","Light_Type":"Cobra","Lighting_Type":"LED-Powered Lamp","Verification_Date":null},"id":"stl-city-public-streetlights:2:128509","sourceLayerId":2,"sourceObjectId":128509,"sourceURL":"https://maps8.stlouis-mo.gov/arcgis/rest/services/STREETS/Streets_Permitting/MapServer/2","title":"Street light L021225"},"type":"Feature"},{"geometry":{"coordinates":[-90.27989340016775,38.58894660292468],"type":"Point"},"id":"stl-city-public-streetlights:2:128510","properties":{"address":null,"attributes":{"Date_Installed":null,"LED_Powered":0,"LightID":"L021226","Light_Source":"LED","Light_Type":"Cobra","Lighting_Type":"LED-Powered Lamp","Verification_Date":null},"id":"stl-city-public-streetlights:2:128510","sourceLayerId":2,"sourceObjectId":128510,"sourceURL":"https://maps8.stlouis-mo.gov/arcgis/rest/services/STREETS/Streets_Permitting/MapServer/2","title":"Street light L021226"},"type":"Feature"},{"geometry":{"coordinates":[-90.27994234624818,38.58863157901058],"type":"Point"},"id":"stl-city-public-streetlights:2:128511","properties":{"address":null,"attributes":{"Date_Installed":null,"LED_Powered":0,"LightID":"L021227","Light_Source":"LED","Light_Type":"Cobra","Lighting_Type":"LED-Powered Lamp","Verification_Date":null},"id":"stl-city-public-streetlights:2:128511","sourceLayerId":2,"sourceObjectId":128511,"sourceURL":"https://maps8.stlouis-mo.gov/arcgis/rest/services/STREETS/Streets_Permitting/MapServer/2","title":"Street light L021227"},"type":"Feature"},{"geometry":{"coordinates":[-90.27998749915224,38.588365173878415],"type":"Point"},"id":"stl-city-public-streetlights:2:128512","properties":{"address":null,"attributes":{"Date_Installed":"2020-03-26","LED_Powered":1,"LightID":"L021228","Light_Source":"LED","Light_Type":"Cobra","Lighting_Type":"5G Pole - 5G Pole -5G Pole - 2A","Verification_Date":null},"id":"stl-city-public-streetlights:2:128512","sourceLayerId":2,"sourceObjectId":128512,"sourceURL":"https://maps8.stlouis-mo.gov/arcgis/rest/services/STREETS/Streets_Permitting/MapServer/2","title":"Street light L021228"},"type":"Feature"}],"layerId":"city-streetlights","retrievedAt":"2026-09-13T21:56:18.173251+00:00","schema":"property-infrastructure-geojson-v1","sourceId":"stl-city-public-streetlights","tileId":"-9028_3858","type":"FeatureCollection"}