{"features":[{"geometry":{"coordinates":[-90.28358970375541,38.64015686568945],"type":"Point"},"id":"stl-city-public-streetlights:2:137031","properties":{"address":null,"attributes":{"Date_Installed":null,"LED_Powered":0,"LightID":"L029747","Light_Source":"LED","Light_Type":"Cobra","Lighting_Type":"LED-Powered Lamp","Verification_Date":null},"id":"stl-city-public-streetlights:2:137031","sourceLayerId":2,"sourceObjectId":137031,"sourceURL":"https://maps8.stlouis-mo.gov/arcgis/rest/services/STREETS/Streets_Permitting/MapServer/2","title":"Street light L029747"},"type":"Feature"},{"geometry":{"coordinates":[-90.28371192225536,38.640112640002236],"type":"Point"},"id":"stl-city-public-streetlights:2:137032","properties":{"address":null,"attributes":{"Date_Installed":null,"LED_Powered":0,"LightID":"L029748","Light_Source":"LED","Light_Type":"Cobra","Lighting_Type":"LED-Powered Lamp","Verification_Date":null},"id":"stl-city-public-streetlights:2:137032","sourceLayerId":2,"sourceObjectId":137032,"sourceURL":"https://maps8.stlouis-mo.gov/arcgis/rest/services/STREETS/Streets_Permitting/MapServer/2","title":"Street light L029748"},"type":"Feature"},{"geometry":{"coordinates":[-90.28398476866013,38.640212832053265],"type":"Point"},"id":"stl-city-public-streetlights:2:137033","properties":{"address":null,"attributes":{"Date_Installed":null,"LED_Powered":0,"LightID":"L029749","Light_Source":"LED","Light_Type":"Cobra","Lighting_Type":"LED-Powered Lamp","Verification_Date":null},"id":"stl-city-public-streetlights:2:137033","sourceLayerId":2,"sourceObjectId":137033,"sourceURL":"https://maps8.stlouis-mo.gov/arcgis/rest/services/STREETS/Streets_Permitting/MapServer/2","title":"Street light L029749"},"type":"Feature"},{"geometry":{"coordinates":[-90.28426567659295,38.640183317423634],"type":"Point"},"id":"stl-city-public-streetlights:2:137034","properties":{"address":null,"attributes":{"Date_Installed":null,"LED_Powered":0,"LightID":"L029750","Light_Source":"LED","Light_Type":"Cobra","Lighting_Type":"LED-Powered Lamp","Verification_Date":null},"id":"stl-city-public-streetlights:2:137034","sourceLayerId":2,"sourceObjectId":137034,"sourceURL":"https://maps8.stlouis-mo.gov/arcgis/rest/services/STREETS/Streets_Permitting/MapServer/2","title":"Street light L029750"},"type":"Feature"},{"geometry":{"coordinates":[-90.28445557365379,38.640099287405505],"type":"Point"},"id":"stl-city-public-streetlights:2:137035","properties":{"address":null,"attributes":{"Date_Installed":null,"LED_Powered":0,"LightID":"L029751","Light_Source":"LED","Light_Type":"Cobra","Lighting_Type":"LED-Powered Lamp","Verification_Date":null},"id":"stl-city-public-streetlights:2:137035","sourceLayerId":2,"sourceObjectId":137035,"sourceURL":"https://maps8.stlouis-mo.gov/arcgis/rest/services/STREETS/Streets_Permitting/MapServer/2","title":"Street light L029751"},"type":"Feature"},{"geometry":{"coordinates":[-90.28970952221881,38.64242215439926],"type":"Point"},"id":"stl-city-public-streetlights:2:137095","properties":{"address":null,"attributes":{"Date_Installed":null,"LED_Powered":0,"LightID":"L029811","Light_Source":"LED","Light_Type":"Cobra","Lighting_Type":"LED-Powered Lamp","Verification_Date":null},"id":"stl-city-public-streetlights:2:137095","sourceLayerId":2,"sourceObjectId":137095,"sourceURL":"https://maps8.stlouis-mo.gov/arcgis/rest/services/STREETS/Streets_Permitting/MapServer/2","title":"Street light L029811"},"type":"Feature"},{"geometry":{"coordinates":[-90.28919638565348,38.64225127902166],"type":"Point"},"id":"stl-city-public-streetlights:2:137096","properties":{"address":null,"attributes":{"Date_Installed":null,"LED_Powered":0,"LightID":"L029812","Light_Source":"LED","Light_Type":"Cobra","Lighting_Type":"LED-Powered Lamp","Verification_Date":null},"id":"stl-city-public-streetlights:2:137096","sourceLayerId":2,"sourceObjectId":137096,"sourceURL":"https://maps8.stlouis-mo.gov/arcgis/rest/services/STREETS/Streets_Permitting/MapServer/2","title":"Street light L029812"},"type":"Feature"},{"geometry":{"coordinates":[-90.28870997327053,38.6421920031974],"type":"Point"},"id":"stl-city-public-streetlights:2:137097","properties":{"address":null,"attributes":{"Date_Installed":null,"LED_Powered":0,"LightID":"L029813","Light_Source":"LED","Light_Type":"Cobra","Lighting_Type":"LED-Powered Lamp","Verification_Date":null},"id":"stl-city-public-streetlights:2:137097","sourceLayerId":2,"sourceObjectId":137097,"sourceURL":"https://maps8.stlouis-mo.gov/arcgis/rest/services/STREETS/Streets_Permitting/MapServer/2","title":"Street light L029813"},"type":"Feature"},{"geometry":{"coordinates":[-90.28809886803161,38.64226478977618],"type":"Point"},"id":"stl-city-public-streetlights:2:137098","properties":{"address":null,"attributes":{"Date_Installed":null,"LED_Powered":0,"LightID":"L029814","Light_Source":"LED","Light_Type":"Cobra","Lighting_Type":"LED-Powered Lamp","Verification_Date":null},"id":"stl-city-public-streetlights:2:137098","sourceLayerId":2,"sourceObjectId":137098,"sourceURL":"https://maps8.stlouis-mo.gov/arcgis/rest/services/STREETS/Streets_Permitting/MapServer/2","title":"Street light L029814"},"type":"Feature"},{"geometry":{"coordinates":[-90.28763969396559,38.64234809846159],"type":"Point"},"id":"stl-city-public-streetlights:2:137099","properties":{"address":null,"attributes":{"Date_Installed":null,"LED_Powered":0,"LightID":"L029815","Light_Source":"LED","Light_Type":"Cobra","Lighting_Type":"LED-Powered Lamp","Verification_Date":null},"id":"stl-city-public-streetlights:2:137099","sourceLayerId":2,"sourceObjectId":137099,"sourceURL":"https://maps8.stlouis-mo.gov/arcgis/rest/services/STREETS/Streets_Permitting/MapServer/2","title":"Street light L029815"},"type":"Feature"},{"geometry":{"coordinates":[-90.28717292105958,38.64253364877108],"type":"Point"},"id":"stl-city-public-streetlights:2:137100","properties":{"address":null,"attributes":{"Date_Installed":null,"LED_Powered":0,"LightID":"L029816","Light_Source":"LED","Light_Type":"Cobra","Lighting_Type":"LED-Powered Lamp","Verification_Date":null},"id":"stl-city-public-streetlights:2:137100","sourceLayerId":2,"sourceObjectId":137100,"sourceURL":"https://maps8.stlouis-mo.gov/arcgis/rest/services/STREETS/Streets_Permitting/MapServer/2","title":"Street light L029816"},"type":"Feature"},{"geometry":{"coordinates":[-90.28042759784142,38.64535992808329],"type":"Point"},"id":"stl-city-public-streetlights:2:137475","properties":{"address":null,"attributes":{"Date_Installed":null,"LED_Powered":0,"LightID":"L030191","Light_Source":"LED","Light_Type":"Cobra","Lighting_Type":"LED-Powered Lamp","Verification_Date":null},"id":"stl-city-public-streetlights:2:137475","sourceLayerId":2,"sourceObjectId":137475,"sourceURL":"https://maps8.stlouis-mo.gov/arcgis/rest/services/STREETS/Streets_Permitting/MapServer/2","title":"Street light L030191"},"type":"Feature"},{"geometry":{"coordinates":[-90.28046521647885,38.64498434243136],"type":"Point"},"id":"stl-city-public-streetlights:2:137476","properties":{"address":null,"attributes":{"Date_Installed":null,"LED_Powered":0,"LightID":"L030192","Light_Source":"LED","Light_Type":"Cobra","Lighting_Type":"LED-Powered Lamp","Verification_Date":null},"id":"stl-city-public-streetlights:2:137476","sourceLayerId":2,"sourceObjectId":137476,"sourceURL":"https://maps8.stlouis-mo.gov/arcgis/rest/services/STREETS/Streets_Permitting/MapServer/2","title":"Street light L030192"},"type":"Feature"},{"geometry":{"coordinates":[-90.28053201819245,38.6446069043111],"type":"Point"},"id":"stl-city-public-streetlights:2:137477","properties":{"address":null,"attributes":{"Date_Installed":null,"LED_Powered":1,"LightID":"L030193","Light_Source":"LED","Light_Type":"Cobra","Lighting_Type":"LED-Powered Lamp","Verification_Date":null},"id":"stl-city-public-streetlights:2:137477","sourceLayerId":2,"sourceObjectId":137477,"sourceURL":"https://maps8.stlouis-mo.gov/arcgis/rest/services/STREETS/Streets_Permitting/MapServer/2","title":"Street light L030193"},"type":"Feature"},{"geometry":{"coordinates":[-90.28076762044014,38.644290803391556],"type":"Point"},"id":"stl-city-public-streetlights:2:137478","properties":{"address":null,"attributes":{"Date_Installed":null,"LED_Powered":0,"LightID":"L030194","Light_Source":"LED","Light_Type":"Cobra","Lighting_Type":"LED-Powered Lamp","Verification_Date":null},"id":"stl-city-public-streetlights:2:137478","sourceLayerId":2,"sourceObjectId":137478,"sourceURL":"https://maps8.stlouis-mo.gov/arcgis/rest/services/STREETS/Streets_Permitting/MapServer/2","title":"Street light L030194"},"type":"Feature"},{"geometry":{"coordinates":[-90.2811685879395,38.64413277691015],"type":"Point"},"id":"stl-city-public-streetlights:2:137479","properties":{"address":null,"attributes":{"Date_Installed":null,"LED_Powered":0,"LightID":"L030195","Light_Source":"LED","Light_Type":"Cobra","Lighting_Type":"LED-Powered Lamp","Verification_Date":null},"id":"stl-city-public-streetlights:2:137479","sourceLayerId":2,"sourceObjectId":137479,"sourceURL":"https://maps8.stlouis-mo.gov/arcgis/rest/services/STREETS/Streets_Permitting/MapServer/2","title":"Street light L030195"},"type":"Feature"},{"geometry":{"coordinates":[-90.28169850175618,38.64412113466102],"type":"Point"},"id":"stl-city-public-streetlights:2:137480","properties":{"address":null,"attributes":{"Date_Installed":null,"LED_Powered":0,"LightID":"L030196","Light_Source":"LED","Light_Type":"Cobra","Lighting_Type":"LED-Powered Lamp","Verification_Date":null},"id":"stl-city-public-streetlights:2:137480","sourceLayerId":2,"sourceObjectId":137480,"sourceURL":"https://maps8.stlouis-mo.gov/arcgis/rest/services/STREETS/Streets_Permitting/MapServer/2","title":"Street light L030196"},"type":"Feature"},{"geometry":{"coordinates":[-90.28176517493866,38.6435359685153],"type":"Point"},"id":"stl-city-public-streetlights:2:137481","properties":{"address":null,"attributes":{"Date_Installed":null,"LED_Powered":0,"LightID":"L030197","Light_Source":"LED","Light_Type":"Cobra","Lighting_Type":"LED-Powered Lamp","Verification_Date":null},"id":"stl-city-public-streetlights:2:137481","sourceLayerId":2,"sourceObjectId":137481,"sourceURL":"https://maps8.stlouis-mo.gov/arcgis/rest/services/STREETS/Streets_Permitting/MapServer/2","title":"Street light L030197"},"type":"Feature"},{"geometry":{"coordinates":[-90.28173158492218,38.64318694552524],"type":"Point"},"id":"stl-city-public-streetlights:2:137482","properties":{"address":null,"attributes":{"Date_Installed":null,"LED_Powered":0,"LightID":"L030198","Light_Source":"LED","Light_Type":"Cobra","Lighting_Type":"LED-Powered Lamp","Verification_Date":null},"id":"stl-city-public-streetlights:2:137482","sourceLayerId":2,"sourceObjectId":137482,"sourceURL":"https://maps8.stlouis-mo.gov/arcgis/rest/services/STREETS/Streets_Permitting/MapServer/2","title":"Street light L030198"},"type":"Feature"},{"geometry":{"coordinates":[-90.28163929033619,38.64285354517781],"type":"Point"},"id":"stl-city-public-streetlights:2:137483","properties":{"address":null,"attributes":{"Date_Installed":null,"LED_Powered":0,"LightID":"L030199","Light_Source":"LED","Light_Type":"Cobra","Lighting_Type":"LED-Powered Lamp","Verification_Date":null},"id":"stl-city-public-streetlights:2:137483","sourceLayerId":2,"sourceObjectId":137483,"sourceURL":"https://maps8.stlouis-mo.gov/arcgis/rest/services/STREETS/Streets_Permitting/MapServer/2","title":"Street light L030199"},"type":"Feature"},{"geometry":{"coordinates":[-90.28063928125727,38.64411703537445],"type":"Point"},"id":"stl-city-public-streetlights:2:137484","properties":{"address":null,"attributes":{"Date_Installed":null,"LED_Powered":0,"LightID":"L030200","Light_Source":"LED","Light_Type":"Cobra","Lighting_Type":"LED-Powered Lamp","Verification_Date":null},"id":"stl-city-public-streetlights:2:137484","sourceLayerId":2,"sourceObjectId":137484,"sourceURL":"https://maps8.stlouis-mo.gov/arcgis/rest/services/STREETS/Streets_Permitting/MapServer/2","title":"Street light L030200"},"type":"Feature"},{"geometry":{"coordinates":[-90.28029192425039,38.6440119542895],"type":"Point"},"id":"stl-city-public-streetlights:2:137485","properties":{"address":null,"attributes":{"Date_Installed":null,"LED_Powered":0,"LightID":"L030201","Light_Source":"LED","Light_Type":"Cobra","Lighting_Type":"LED-Powered Lamp","Verification_Date":null},"id":"stl-city-public-streetlights:2:137485","sourceLayerId":2,"sourceObjectId":137485,"sourceURL":"https://maps8.stlouis-mo.gov/arcgis/rest/services/STREETS/Streets_Permitting/MapServer/2","title":"Street light L030201"},"type":"Feature"},{"geometry":{"coordinates":[-90.2800031747948,38.644439297007665],"type":"Point"},"id":"stl-city-public-streetlights:2:137491","properties":{"address":null,"attributes":{"Date_Installed":null,"LED_Powered":0,"LightID":"L030207","Light_Source":"High Pressure Sodium","Light_Type":"Cobra","Lighting_Type":"400-W High Pressure Sodium Vapor Lamp","Verification_Date":null},"id":"stl-city-public-streetlights:2:137491","sourceLayerId":2,"sourceObjectId":137491,"sourceURL":"https://maps8.stlouis-mo.gov/arcgis/rest/services/STREETS/Streets_Permitting/MapServer/2","title":"Street light L030207"},"type":"Feature"},{"geometry":{"coordinates":[-90.28042140048241,38.64433639581086],"type":"Point"},"id":"stl-city-public-streetlights:2:137492","properties":{"address":null,"attributes":{"Date_Installed":null,"LED_Powered":0,"LightID":"L030208","Light_Source":"High Pressure Sodium","Light_Type":"Cobra","Lighting_Type":"400-W High Pressure Sodium Vapor Lamp","Verification_Date":null},"id":"stl-city-public-streetlights:2:137492","sourceLayerId":2,"sourceObjectId":137492,"sourceURL":"https://maps8.stlouis-mo.gov/arcgis/rest/services/STREETS/Streets_Permitting/MapServer/2","title":"Street light L030208"},"type":"Feature"},{"geometry":{"coordinates":[-90.28008169808292,38.642513592301604],"type":"Point"},"id":"stl-city-public-streetlights:2:137493","properties":{"address":null,"attributes":{"Date_Installed":null,"LED_Powered":0,"LightID":"L030209","Light_Source":"High Pressure Sodium","Light_Type":"Decorative","Lighting_Type":"King Luminaire (Historic Light Fixture)","Verification_Date":null},"id":"stl-city-public-streetlights:2:137493","sourceLayerId":2,"sourceObjectId":137493,"sourceURL":"https://maps8.stlouis-mo.gov/arcgis/rest/services/STREETS/Streets_Permitting/MapServer/2","title":"Street light L030209"},"type":"Feature"},{"geometry":{"coordinates":[-90.2838690062829,38.64336618448732],"type":"Point"},"id":"stl-city-public-streetlights:2:137498","properties":{"address":null,"attributes":{"Date_Installed":null,"LED_Powered":0,"LightID":"L030214","Light_Source":"LED","Light_Type":"Cobra","Lighting_Type":"LED-Powered Lamp","Verification_Date":null},"id":"stl-city-public-streetlights:2:137498","sourceLayerId":2,"sourceObjectId":137498,"sourceURL":"https://maps8.stlouis-mo.gov/arcgis/rest/services/STREETS/Streets_Permitting/MapServer/2","title":"Street light L030214"},"type":"Feature"},{"geometry":{"coordinates":[-90.2841647305497,38.643366372791036],"type":"Point"},"id":"stl-city-public-streetlights:2:137499","properties":{"address":null,"attributes":{"Date_Installed":null,"LED_Powered":0,"LightID":"L030215","Light_Source":"LED","Light_Type":"Cobra","Lighting_Type":"LED-Powered Lamp","Verification_Date":null},"id":"stl-city-public-streetlights:2:137499","sourceLayerId":2,"sourceObjectId":137499,"sourceURL":"https://maps8.stlouis-mo.gov/arcgis/rest/services/STREETS/Streets_Permitting/MapServer/2","title":"Street light L030215"},"type":"Feature"},{"geometry":{"coordinates":[-90.28456916669174,38.64339881962857],"type":"Point"},"id":"stl-city-public-streetlights:2:137500","properties":{"address":null,"attributes":{"Date_Installed":null,"LED_Powered":0,"LightID":"L030216","Light_Source":"LED","Light_Type":"Cobra","Lighting_Type":"LED-Powered Lamp","Verification_Date":null},"id":"stl-city-public-streetlights:2:137500","sourceLayerId":2,"sourceObjectId":137500,"sourceURL":"https://maps8.stlouis-mo.gov/arcgis/rest/services/STREETS/Streets_Permitting/MapServer/2","title":"Street light L030216"},"type":"Feature"},{"geometry":{"coordinates":[-90.28495660932187,38.64347270987141],"type":"Point"},"id":"stl-city-public-streetlights:2:137501","properties":{"address":null,"attributes":{"Date_Installed":null,"LED_Powered":0,"LightID":"L030217","Light_Source":"LED","Light_Type":"Cobra","Lighting_Type":"LED-Powered Lamp","Verification_Date":null},"id":"stl-city-public-streetlights:2:137501","sourceLayerId":2,"sourceObjectId":137501,"sourceURL":"https://maps8.stlouis-mo.gov/arcgis/rest/services/STREETS/Streets_Permitting/MapServer/2","title":"Street light L030217"},"type":"Feature"},{"geometry":{"coordinates":[-90.2854645298641,38.643455765150726],"type":"Point"},"id":"stl-city-public-streetlights:2:137502","properties":{"address":null,"attributes":{"Date_Installed":null,"LED_Powered":0,"LightID":"L030218","Light_Source":"LED","Light_Type":"Cobra","Lighting_Type":"LED-Powered Lamp","Verification_Date":null},"id":"stl-city-public-streetlights:2:137502","sourceLayerId":2,"sourceObjectId":137502,"sourceURL":"https://maps8.stlouis-mo.gov/arcgis/rest/services/STREETS/Streets_Permitting/MapServer/2","title":"Street light L030218"},"type":"Feature"},{"geometry":{"coordinates":[-90.2857529189958,38.6433675443413],"type":"Point"},"id":"stl-city-public-streetlights:2:137503","properties":{"address":null,"attributes":{"Date_Installed":null,"LED_Powered":0,"LightID":"L030219","Light_Source":"LED","Light_Type":"Cobra","Lighting_Type":"LED-Powered Lamp","Verification_Date":null},"id":"stl-city-public-streetlights:2:137503","sourceLayerId":2,"sourceObjectId":137503,"sourceURL":"https://maps8.stlouis-mo.gov/arcgis/rest/services/STREETS/Streets_Permitting/MapServer/2","title":"Street light L030219"},"type":"Feature"},{"geometry":{"coordinates":[-90.2860963640769,38.64316222861339],"type":"Point"},"id":"stl-city-public-streetlights:2:137504","properties":{"address":null,"attributes":{"Date_Installed":null,"LED_Powered":0,"LightID":"L030220","Light_Source":"LED","Light_Type":"Cobra","Lighting_Type":"LED-Powered Lamp","Verification_Date":null},"id":"stl-city-public-streetlights:2:137504","sourceLayerId":2,"sourceObjectId":137504,"sourceURL":"https://maps8.stlouis-mo.gov/arcgis/rest/services/STREETS/Streets_Permitting/MapServer/2","title":"Street light L030220"},"type":"Feature"},{"geometry":{"coordinates":[-90.28633046754994,38.64293136750019],"type":"Point"},"id":"stl-city-public-streetlights:2:137505","properties":{"address":null,"attributes":{"Date_Installed":null,"LED_Powered":0,"LightID":"L030221","Light_Source":"LED","Light_Type":"Cobra","Lighting_Type":"LED-Powered Lamp","Verification_Date":null},"id":"stl-city-public-streetlights:2:137505","sourceLayerId":2,"sourceObjectId":137505,"sourceURL":"https://maps8.stlouis-mo.gov/arcgis/rest/services/STREETS/Streets_Permitting/MapServer/2","title":"Street light L030221"},"type":"Feature"},{"geometry":{"coordinates":[-90.28625461348943,38.64268708702815],"type":"Point"},"id":"stl-city-public-streetlights:2:137506","properties":{"address":null,"attributes":{"Date_Installed":null,"LED_Powered":0,"LightID":"L030222","Light_Source":"LED","Light_Type":"Cobra","Lighting_Type":"LED-Powered Lamp","Verification_Date":null},"id":"stl-city-public-streetlights:2:137506","sourceLayerId":2,"sourceObjectId":137506,"sourceURL":"https://maps8.stlouis-mo.gov/arcgis/rest/services/STREETS/Streets_Permitting/MapServer/2","title":"Street light L030222"},"type":"Feature"},{"geometry":{"coordinates":[-90.28603319990309,38.64232973640706],"type":"Point"},"id":"stl-city-public-streetlights:2:137507","properties":{"address":null,"attributes":{"Date_Installed":null,"LED_Powered":0,"LightID":"L030223","Light_Source":"LED","Light_Type":"Cobra","Lighting_Type":"LED-Powered Lamp","Verification_Date":null},"id":"stl-city-public-streetlights:2:137507","sourceLayerId":2,"sourceObjectId":137507,"sourceURL":"https://maps8.stlouis-mo.gov/arcgis/rest/services/STREETS/Streets_Permitting/MapServer/2","title":"Street light L030223"},"type":"Feature"},{"geometry":{"coordinates":[-90.28582755577801,38.64249561745391],"type":"Point"},"id":"stl-city-public-streetlights:2:137508","properties":{"address":null,"attributes":{"Date_Installed":null,"LED_Powered":0,"LightID":"L030224","Light_Source":"High Pressure Sodium","Light_Type":"Cobra","Lighting_Type":"400-W High Pressure Sodium Vapor Lamp (Twin Lights)","Verification_Date":null},"id":"stl-city-public-streetlights:2:137508","sourceLayerId":2,"sourceObjectId":137508,"sourceURL":"https://maps8.stlouis-mo.gov/arcgis/rest/services/STREETS/Streets_Permitting/MapServer/2","title":"Street light L030224"},"type":"Feature"},{"geometry":{"coordinates":[-90.28568720795623,38.642524439344974],"type":"Point"},"id":"stl-city-public-streetlights:2:137509","properties":{"address":null,"attributes":{"Date_Installed":null,"LED_Powered":0,"LightID":"L030225","Light_Source":"LED","Light_Type":"Cobra","Lighting_Type":"LED-Powered Lamp","Verification_Date":null},"id":"stl-city-public-streetlights:2:137509","sourceLayerId":2,"sourceObjectId":137509,"sourceURL":"https://maps8.stlouis-mo.gov/arcgis/rest/services/STREETS/Streets_Permitting/MapServer/2","title":"Street light L030225"},"type":"Feature"},{"geometry":{"coordinates":[-90.28535929408379,38.642540285724074],"type":"Point"},"id":"stl-city-public-streetlights:2:137510","properties":{"address":null,"attributes":{"Date_Installed":null,"LED_Powered":0,"LightID":"L030226","Light_Source":"LED","Light_Type":"Cobra","Lighting_Type":"LED-Powered Lamp","Verification_Date":null},"id":"stl-city-public-streetlights:2:137510","sourceLayerId":2,"sourceObjectId":137510,"sourceURL":"https://maps8.stlouis-mo.gov/arcgis/rest/services/STREETS/Streets_Permitting/MapServer/2","title":"Street light L030226"},"type":"Feature"},{"geometry":{"coordinates":[-90.28488527631286,38.64250366149631],"type":"Point"},"id":"stl-city-public-streetlights:2:137511","properties":{"address":null,"attributes":{"Date_Installed":null,"LED_Powered":0,"LightID":"L030227","Light_Source":"High Pressure Sodium","Light_Type":"Cobra","Lighting_Type":"400-W High Pressure Sodium Vapor Lamp","Verification_Date":null},"id":"stl-city-public-streetlights:2:137511","sourceLayerId":2,"sourceObjectId":137511,"sourceURL":"https://maps8.stlouis-mo.gov/arcgis/rest/services/STREETS/Streets_Permitting/MapServer/2","title":"Street light L030227"},"type":"Feature"},{"geometry":{"coordinates":[-90.28439751842394,38.64248846110374],"type":"Point"},"id":"stl-city-public-streetlights:2:137512","properties":{"address":null,"attributes":{"Date_Installed":null,"LED_Powered":0,"LightID":"L030228","Light_Source":"High Pressure Sodium","Light_Type":"Cobra","Lighting_Type":"400-W High Pressure Sodium Vapor Lamp","Verification_Date":null},"id":"stl-city-public-streetlights:2:137512","sourceLayerId":2,"sourceObjectId":137512,"sourceURL":"https://maps8.stlouis-mo.gov/arcgis/rest/services/STREETS/Streets_Permitting/MapServer/2","title":"Street light L030228"},"type":"Feature"},{"geometry":{"coordinates":[-90.2852022306995,38.64328966618007],"type":"Point"},"id":"stl-city-public-streetlights:2:137513","properties":{"address":null,"attributes":{"Date_Installed":null,"LED_Powered":0,"LightID":"L030229","Light_Source":"LED","Light_Type":"Cobra","Lighting_Type":"LED-Powered Lamp","Verification_Date":null},"id":"stl-city-public-streetlights:2:137513","sourceLayerId":2,"sourceObjectId":137513,"sourceURL":"https://maps8.stlouis-mo.gov/arcgis/rest/services/STREETS/Streets_Permitting/MapServer/2","title":"Street light L030229"},"type":"Feature"},{"geometry":{"coordinates":[-90.28523058891807,38.64291251230274],"type":"Point"},"id":"stl-city-public-streetlights:2:137514","properties":{"address":null,"attributes":{"Date_Installed":null,"LED_Powered":0,"LightID":"L030230","Light_Source":"High Pressure Sodium","Light_Type":"Cobra","Lighting_Type":"400-W High Pressure Sodium Vapor Lamp","Verification_Date":null},"id":"stl-city-public-streetlights:2:137514","sourceLayerId":2,"sourceObjectId":137514,"sourceURL":"https://maps8.stlouis-mo.gov/arcgis/rest/services/STREETS/Streets_Permitting/MapServer/2","title":"Street light L030230"},"type":"Feature"},{"geometry":{"coordinates":[-90.28519036264966,38.649753185976635],"type":"Point"},"id":"stl-city-public-streetlights:2:138890","properties":{"address":null,"attributes":{"Date_Installed":null,"LED_Powered":0,"LightID":"L031705","Light_Source":"High Pressure Sodium","Light_Type":"Cobra","Lighting_Type":"200-W High Pressure Sodium Vapor Lamp","Verification_Date":null},"id":"stl-city-public-streetlights:2:138890","sourceLayerId":2,"sourceObjectId":138890,"sourceURL":"https://maps8.stlouis-mo.gov/arcgis/rest/services/STREETS/Streets_Permitting/MapServer/2","title":"Street light L031705"},"type":"Feature"},{"geometry":{"coordinates":[-90.28524630840492,38.64944199035515],"type":"Point"},"id":"stl-city-public-streetlights:2:138891","properties":{"address":null,"attributes":{"Date_Installed":null,"LED_Powered":0,"LightID":"L031706","Light_Source":"High Pressure Sodium","Light_Type":"Cobra","Lighting_Type":"200-W High Pressure Sodium Vapor Lamp","Verification_Date":null},"id":"stl-city-public-streetlights:2:138891","sourceLayerId":2,"sourceObjectId":138891,"sourceURL":"https://maps8.stlouis-mo.gov/arcgis/rest/services/STREETS/Streets_Permitting/MapServer/2","title":"Street light L031706"},"type":"Feature"},{"geometry":{"coordinates":[-90.28533165257667,38.64895529612996],"type":"Point"},"id":"stl-city-public-streetlights:2:138892","properties":{"address":null,"attributes":{"Date_Installed":null,"LED_Powered":0,"LightID":"L031707","Light_Source":"High Pressure Sodium","Light_Type":"Cobra","Lighting_Type":"200-W High Pressure Sodium Vapor Lamp","Verification_Date":null},"id":"stl-city-public-streetlights:2:138892","sourceLayerId":2,"sourceObjectId":138892,"sourceURL":"https://maps8.stlouis-mo.gov/arcgis/rest/services/STREETS/Streets_Permitting/MapServer/2","title":"Street light L031707"},"type":"Feature"},{"geometry":{"coordinates":[-90.28031461467812,38.64824613522611],"type":"Point"},"id":"stl-city-public-streetlights:2:138896","properties":{"address":null,"attributes":{"Date_Installed":"3/2/20","LED_Powered":1,"LightID":"L031711","Light_Source":"LED","Light_Type":"Cobra","Lighting_Type":"LED-Powered Lamp","Verification_Date":null},"id":"stl-city-public-streetlights:2:138896","sourceLayerId":2,"sourceObjectId":138896,"sourceURL":"https://maps8.stlouis-mo.gov/arcgis/rest/services/STREETS/Streets_Permitting/MapServer/2","title":"Street light L031711"},"type":"Feature"},{"geometry":{"coordinates":[-90.28079383052017,38.648294467733756],"type":"Point"},"id":"stl-city-public-streetlights:2:138897","properties":{"address":null,"attributes":{"Date_Installed":"3/2/20","LED_Powered":1,"LightID":"L031712","Light_Source":"LED","Light_Type":"Cobra","Lighting_Type":"LED-Powered Lamp","Verification_Date":null},"id":"stl-city-public-streetlights:2:138897","sourceLayerId":2,"sourceObjectId":138897,"sourceURL":"https://maps8.stlouis-mo.gov/arcgis/rest/services/STREETS/Streets_Permitting/MapServer/2","title":"Street light L031712"},"type":"Feature"},{"geometry":{"coordinates":[-90.28133577204193,38.64834589477759],"type":"Point"},"id":"stl-city-public-streetlights:2:138898","properties":{"address":null,"attributes":{"Date_Installed":"3/2/20","LED_Powered":1,"LightID":"L031713","Light_Source":"LED","Light_Type":"Cobra","Lighting_Type":"LED-Powered Lamp","Verification_Date":null},"id":"stl-city-public-streetlights:2:138898","sourceLayerId":2,"sourceObjectId":138898,"sourceURL":"https://maps8.stlouis-mo.gov/arcgis/rest/services/STREETS/Streets_Permitting/MapServer/2","title":"Street light L031713"},"type":"Feature"},{"geometry":{"coordinates":[-90.28186606248285,38.64840099303115],"type":"Point"},"id":"stl-city-public-streetlights:2:138899","properties":{"address":null,"attributes":{"Date_Installed":"3/2/20","LED_Powered":1,"LightID":"L031714","Light_Source":"LED","Light_Type":"Cobra","Lighting_Type":"LED-Powered Lamp","Verification_Date":null},"id":"stl-city-public-streetlights:2:138899","sourceLayerId":2,"sourceObjectId":138899,"sourceURL":"https://maps8.stlouis-mo.gov/arcgis/rest/services/STREETS/Streets_Permitting/MapServer/2","title":"Street light L031714"},"type":"Feature"},{"geometry":{"coordinates":[-90.28249139331344,38.648467944743906],"type":"Point"},"id":"stl-city-public-streetlights:2:138900","properties":{"address":null,"attributes":{"Date_Installed":"3/2/20","LED_Powered":1,"LightID":"L031715","Light_Source":"LED","Light_Type":"Cobra","Lighting_Type":"LED-Powered Lamp","Verification_Date":null},"id":"stl-city-public-streetlights:2:138900","sourceLayerId":2,"sourceObjectId":138900,"sourceURL":"https://maps8.stlouis-mo.gov/arcgis/rest/services/STREETS/Streets_Permitting/MapServer/2","title":"Street light L031715"},"type":"Feature"},{"geometry":{"coordinates":[-90.28285763212183,38.64849627517857],"type":"Point"},"id":"stl-city-public-streetlights:2:138901","properties":{"address":null,"attributes":{"Date_Installed":"3/2/20","LED_Powered":1,"LightID":"L031716","Light_Source":"LED","Light_Type":"Cobra","Lighting_Type":"LED-Powered Lamp","Verification_Date":null},"id":"stl-city-public-streetlights:2:138901","sourceLayerId":2,"sourceObjectId":138901,"sourceURL":"https://maps8.stlouis-mo.gov/arcgis/rest/services/STREETS/Streets_Permitting/MapServer/2","title":"Street light L031716"},"type":"Feature"},{"geometry":{"coordinates":[-90.2833367659438,38.64854245210327],"type":"Point"},"id":"stl-city-public-streetlights:2:138902","properties":{"address":null,"attributes":{"Date_Installed":"3/2/20","LED_Powered":1,"LightID":"L031717","Light_Source":"LED","Light_Type":"Cobra","Lighting_Type":"LED-Powered Lamp","Verification_Date":null},"id":"stl-city-public-streetlights:2:138902","sourceLayerId":2,"sourceObjectId":138902,"sourceURL":"https://maps8.stlouis-mo.gov/arcgis/rest/services/STREETS/Streets_Permitting/MapServer/2","title":"Street light L031717"},"type":"Feature"},{"geometry":{"coordinates":[-90.28383752268718,38.64859486423349],"type":"Point"},"id":"stl-city-public-streetlights:2:138903","properties":{"address":null,"attributes":{"Date_Installed":"3/2/20","LED_Powered":1,"LightID":"L031718","Light_Source":"LED","Light_Type":"Cobra","Lighting_Type":"LED-Powered Lamp","Verification_Date":null},"id":"stl-city-public-streetlights:2:138903","sourceLayerId":2,"sourceObjectId":138903,"sourceURL":"https://maps8.stlouis-mo.gov/arcgis/rest/services/STREETS/Streets_Permitting/MapServer/2","title":"Street light L031718"},"type":"Feature"},{"geometry":{"coordinates":[-90.28435689112587,38.648644448208934],"type":"Point"},"id":"stl-city-public-streetlights:2:138904","properties":{"address":null,"attributes":{"Date_Installed":"3/2/20","LED_Powered":1,"LightID":"L031719","Light_Source":"LED","Light_Type":"Cobra","Lighting_Type":"LED-Powered Lamp","Verification_Date":null},"id":"stl-city-public-streetlights:2:138904","sourceLayerId":2,"sourceObjectId":138904,"sourceURL":"https://maps8.stlouis-mo.gov/arcgis/rest/services/STREETS/Streets_Permitting/MapServer/2","title":"Street light L031719"},"type":"Feature"},{"geometry":{"coordinates":[-90.28483755458277,38.64869300555803],"type":"Point"},"id":"stl-city-public-streetlights:2:138905","properties":{"address":null,"attributes":{"Date_Installed":"3/2/20","LED_Powered":1,"LightID":"L031720","Light_Source":"LED","Light_Type":"Cobra","Lighting_Type":"LED-Powered Lamp","Verification_Date":null},"id":"stl-city-public-streetlights:2:138905","sourceLayerId":2,"sourceObjectId":138905,"sourceURL":"https://maps8.stlouis-mo.gov/arcgis/rest/services/STREETS/Streets_Permitting/MapServer/2","title":"Street light L031720"},"type":"Feature"},{"geometry":{"coordinates":[-90.28496274894347,38.64990000627388],"type":"Point"},"id":"stl-city-public-streetlights:2:138906","properties":{"address":null,"attributes":{"Date_Installed":null,"LED_Powered":0,"LightID":"L031721","Light_Source":"High Pressure Sodium","Light_Type":"Cobra","Lighting_Type":"200-W High Pressure Sodium Vapor Lamp","Verification_Date":null},"id":"stl-city-public-streetlights:2:138906","sourceLayerId":2,"sourceObjectId":138906,"sourceURL":"https://maps8.stlouis-mo.gov/arcgis/rest/services/STREETS/Streets_Permitting/MapServer/2","title":"Street light L031721"},"type":"Feature"},{"geometry":{"coordinates":[-90.2895981018733,38.64641424241438],"type":"Point"},"id":"stl-city-public-streetlights:2:138928","properties":{"address":null,"attributes":{"Date_Installed":"4/6/20","LED_Powered":1,"LightID":"L031743","Light_Source":"LED","Light_Type":"Cobra","Lighting_Type":"LED-Powered Lamp","Verification_Date":null},"id":"stl-city-public-streetlights:2:138928","sourceLayerId":2,"sourceObjectId":138928,"sourceURL":"https://maps8.stlouis-mo.gov/arcgis/rest/services/STREETS/Streets_Permitting/MapServer/2","title":"Street light L031743"},"type":"Feature"},{"geometry":{"coordinates":[-90.28888206434856,38.6463438281296],"type":"Point"},"id":"stl-city-public-streetlights:2:138929","properties":{"address":null,"attributes":{"Date_Installed":"4/6/20","LED_Powered":1,"LightID":"L031744","Light_Source":"LED","Light_Type":"Cobra","Lighting_Type":"LED-Powered Lamp","Verification_Date":null},"id":"stl-city-public-streetlights:2:138929","sourceLayerId":2,"sourceObjectId":138929,"sourceURL":"https://maps8.stlouis-mo.gov/arcgis/rest/services/STREETS/Streets_Permitting/MapServer/2","title":"Street light L031744"},"type":"Feature"},{"geometry":{"coordinates":[-90.28814414448482,38.646273368936534],"type":"Point"},"id":"stl-city-public-streetlights:2:138930","properties":{"address":null,"attributes":{"Date_Installed":"4/6/20","LED_Powered":1,"LightID":"L031745","Light_Source":"LED","Light_Type":"Cobra","Lighting_Type":"LED-Powered Lamp","Verification_Date":null},"id":"stl-city-public-streetlights:2:138930","sourceLayerId":2,"sourceObjectId":138930,"sourceURL":"https://maps8.stlouis-mo.gov/arcgis/rest/services/STREETS/Streets_Permitting/MapServer/2","title":"Street light L031745"},"type":"Feature"},{"geometry":{"coordinates":[-90.2873715903439,38.64619807554295],"type":"Point"},"id":"stl-city-public-streetlights:2:138931","properties":{"address":null,"attributes":{"Date_Installed":"4/6/20","LED_Powered":1,"LightID":"L031746","Light_Source":"LED","Light_Type":"Cobra","Lighting_Type":"LED-Powered Lamp","Verification_Date":null},"id":"stl-city-public-streetlights:2:138931","sourceLayerId":2,"sourceObjectId":138931,"sourceURL":"https://maps8.stlouis-mo.gov/arcgis/rest/services/STREETS/Streets_Permitting/MapServer/2","title":"Street light L031746"},"type":"Feature"},{"geometry":{"coordinates":[-90.28664263852845,38.646128339386],"type":"Point"},"id":"stl-city-public-streetlights:2:138932","properties":{"address":null,"attributes":{"Date_Installed":"4/6/20","LED_Powered":1,"LightID":"L031747","Light_Source":"LED","Light_Type":"Cobra","Lighting_Type":"LED-Powered Lamp","Verification_Date":null},"id":"stl-city-public-streetlights:2:138932","sourceLayerId":2,"sourceObjectId":138932,"sourceURL":"https://maps8.stlouis-mo.gov/arcgis/rest/services/STREETS/Streets_Permitting/MapServer/2","title":"Street light L031747"},"type":"Feature"},{"geometry":{"coordinates":[-90.28468521836504,38.645934541278876],"type":"Point"},"id":"stl-city-public-streetlights:2:138933","properties":{"address":null,"attributes":{"Date_Installed":"4/6/20","LED_Powered":1,"LightID":"L031748","Light_Source":"LED","Light_Type":"Cobra","Lighting_Type":"LED-Powered Lamp","Verification_Date":null},"id":"stl-city-public-streetlights:2:138933","sourceLayerId":2,"sourceObjectId":138933,"sourceURL":"https://maps8.stlouis-mo.gov/arcgis/rest/services/STREETS/Streets_Permitting/MapServer/2","title":"Street light L031748"},"type":"Feature"},{"geometry":{"coordinates":[-90.2839635734267,38.64586247668475],"type":"Point"},"id":"stl-city-public-streetlights:2:138934","properties":{"address":null,"attributes":{"Date_Installed":"4/6/20","LED_Powered":1,"LightID":"L031749","Light_Source":"LED","Light_Type":"Cobra","Lighting_Type":"LED-Powered Lamp","Verification_Date":null},"id":"stl-city-public-streetlights:2:138934","sourceLayerId":2,"sourceObjectId":138934,"sourceURL":"https://maps8.stlouis-mo.gov/arcgis/rest/services/STREETS/Streets_Permitting/MapServer/2","title":"Street light L031749"},"type":"Feature"},{"geometry":{"coordinates":[-90.28324635581598,38.645793932912696],"type":"Point"},"id":"stl-city-public-streetlights:2:138935","properties":{"address":null,"attributes":{"Date_Installed":"4/6/20","LED_Powered":1,"LightID":"L031750","Light_Source":"LED","Light_Type":"Cobra","Lighting_Type":"LED-Powered Lamp","Verification_Date":null},"id":"stl-city-public-streetlights:2:138935","sourceLayerId":2,"sourceObjectId":138935,"sourceURL":"https://maps8.stlouis-mo.gov/arcgis/rest/services/STREETS/Streets_Permitting/MapServer/2","title":"Street light L031750"},"type":"Feature"},{"geometry":{"coordinates":[-90.28246259834543,38.645718109777526],"type":"Point"},"id":"stl-city-public-streetlights:2:138936","properties":{"address":null,"attributes":{"Date_Installed":"4/6/20","LED_Powered":1,"LightID":"L031751","Light_Source":"LED","Light_Type":"Cobra","Lighting_Type":"LED-Powered Lamp","Verification_Date":null},"id":"stl-city-public-streetlights:2:138936","sourceLayerId":2,"sourceObjectId":138936,"sourceURL":"https://maps8.stlouis-mo.gov/arcgis/rest/services/STREETS/Streets_Permitting/MapServer/2","title":"Street light L031751"},"type":"Feature"},{"geometry":{"coordinates":[-90.28174612292686,38.64564669696638],"type":"Point"},"id":"stl-city-public-streetlights:2:138937","properties":{"address":null,"attributes":{"Date_Installed":"4/6/20","LED_Powered":1,"LightID":"L031752","Light_Source":"LED","Light_Type":"Cobra","Lighting_Type":"LED-Powered Lamp","Verification_Date":null},"id":"stl-city-public-streetlights:2:138937","sourceLayerId":2,"sourceObjectId":138937,"sourceURL":"https://maps8.stlouis-mo.gov/arcgis/rest/services/STREETS/Streets_Permitting/MapServer/2","title":"Street light L031752"},"type":"Feature"},{"geometry":{"coordinates":[-90.28094687191653,38.645569404160575],"type":"Point"},"id":"stl-city-public-streetlights:2:138938","properties":{"address":null,"attributes":{"Date_Installed":"4/6/20","LED_Powered":1,"LightID":"L031753","Light_Source":"LED","Light_Type":"Cobra","Lighting_Type":"LED-Powered Lamp","Verification_Date":null},"id":"stl-city-public-streetlights:2:138938","sourceLayerId":2,"sourceObjectId":138938,"sourceURL":"https://maps8.stlouis-mo.gov/arcgis/rest/services/STREETS/Streets_Permitting/MapServer/2","title":"Street light L031753"},"type":"Feature"},{"geometry":{"coordinates":[-90.28019958213737,38.64549720977213],"type":"Point"},"id":"stl-city-public-streetlights:2:138939","properties":{"address":null,"attributes":{"Date_Installed":"4/6/20","LED_Powered":1,"LightID":"L031754","Light_Source":"LED","Light_Type":"Cobra","Lighting_Type":"LED-Powered Lamp","Verification_Date":null},"id":"stl-city-public-streetlights:2:138939","sourceLayerId":2,"sourceObjectId":138939,"sourceURL":"https://maps8.stlouis-mo.gov/arcgis/rest/services/STREETS/Streets_Permitting/MapServer/2","title":"Street light L031754"},"type":"Feature"},{"geometry":{"coordinates":[-90.28054113825799,38.64568019720303],"type":"Point"},"id":"stl-city-public-streetlights:2:138956","properties":{"address":null,"attributes":{"Date_Installed":"4/6/20","LED_Powered":1,"LightID":"L031771","Light_Source":"LED","Light_Type":"Cobra","Lighting_Type":"LED-Powered Lamp","Verification_Date":null},"id":"stl-city-public-streetlights:2:138956","sourceLayerId":2,"sourceObjectId":138956,"sourceURL":"https://maps8.stlouis-mo.gov/arcgis/rest/services/STREETS/Streets_Permitting/MapServer/2","title":"Street light L031771"},"type":"Feature"},{"geometry":{"coordinates":[-90.28129827196193,38.645754552829125],"type":"Point"},"id":"stl-city-public-streetlights:2:138957","properties":{"address":null,"attributes":{"Date_Installed":"4/6/20","LED_Powered":1,"LightID":"L031772","Light_Source":"LED","Light_Type":"Cobra","Lighting_Type":"LED-Powered Lamp","Verification_Date":null},"id":"stl-city-public-streetlights:2:138957","sourceLayerId":2,"sourceObjectId":138957,"sourceURL":"https://maps8.stlouis-mo.gov/arcgis/rest/services/STREETS/Streets_Permitting/MapServer/2","title":"Street light L031772"},"type":"Feature"},{"geometry":{"coordinates":[-90.28206287577748,38.645831778694934],"type":"Point"},"id":"stl-city-public-streetlights:2:138958","properties":{"address":null,"attributes":{"Date_Installed":"4/6/20","LED_Powered":1,"LightID":"L031773","Light_Source":"LED","Light_Type":"Cobra","Lighting_Type":"LED-Powered Lamp","Verification_Date":null},"id":"stl-city-public-streetlights:2:138958","sourceLayerId":2,"sourceObjectId":138958,"sourceURL":"https://maps8.stlouis-mo.gov/arcgis/rest/services/STREETS/Streets_Permitting/MapServer/2","title":"Street light L031773"},"type":"Feature"},{"geometry":{"coordinates":[-90.28279303581893,38.645901784363325],"type":"Point"},"id":"stl-city-public-streetlights:2:138959","properties":{"address":null,"attributes":{"Date_Installed":"4/6/20","LED_Powered":1,"LightID":"L031774","Light_Source":"LED","Light_Type":"Cobra","Lighting_Type":"LED-Powered Lamp","Verification_Date":null},"id":"stl-city-public-streetlights:2:138959","sourceLayerId":2,"sourceObjectId":138959,"sourceURL":"https://maps8.stlouis-mo.gov/arcgis/rest/services/STREETS/Streets_Permitting/MapServer/2","title":"Street light L031774"},"type":"Feature"},{"geometry":{"coordinates":[-90.28348292042206,38.645963129975655],"type":"Point"},"id":"stl-city-public-streetlights:2:138960","properties":{"address":null,"attributes":{"Date_Installed":"4/6/20","LED_Powered":1,"LightID":"L031775","Light_Source":"LED","Light_Type":"Cobra","Lighting_Type":"LED-Powered Lamp","Verification_Date":null},"id":"stl-city-public-streetlights:2:138960","sourceLayerId":2,"sourceObjectId":138960,"sourceURL":"https://maps8.stlouis-mo.gov/arcgis/rest/services/STREETS/Streets_Permitting/MapServer/2","title":"Street light L031775"},"type":"Feature"},{"geometry":{"coordinates":[-90.28425115363288,38.646047856265746],"type":"Point"},"id":"stl-city-public-streetlights:2:138961","properties":{"address":null,"attributes":{"Date_Installed":"4/6/20","LED_Powered":1,"LightID":"L031776","Light_Source":"LED","Light_Type":"Cobra","Lighting_Type":"LED-Powered Lamp","Verification_Date":null},"id":"stl-city-public-streetlights:2:138961","sourceLayerId":2,"sourceObjectId":138961,"sourceURL":"https://maps8.stlouis-mo.gov/arcgis/rest/services/STREETS/Streets_Permitting/MapServer/2","title":"Street light L031776"},"type":"Feature"},{"geometry":{"coordinates":[-90.28504330891109,38.64612231259872],"type":"Point"},"id":"stl-city-public-streetlights:2:138962","properties":{"address":null,"attributes":{"Date_Installed":"4/6/20","LED_Powered":1,"LightID":"L031777","Light_Source":"LED","Light_Type":"Cobra","Lighting_Type":"LED-Powered Lamp","Verification_Date":null},"id":"stl-city-public-streetlights:2:138962","sourceLayerId":2,"sourceObjectId":138962,"sourceURL":"https://maps8.stlouis-mo.gov/arcgis/rest/services/STREETS/Streets_Permitting/MapServer/2","title":"Street light L031777"},"type":"Feature"},{"geometry":{"coordinates":[-90.28624110520232,38.646238920216454],"type":"Point"},"id":"stl-city-public-streetlights:2:138963","properties":{"address":null,"attributes":{"Date_Installed":"4/6/20","LED_Powered":1,"LightID":"L031778","Light_Source":"LED","Light_Type":"Cobra","Lighting_Type":"LED-Powered Lamp","Verification_Date":null},"id":"stl-city-public-streetlights:2:138963","sourceLayerId":2,"sourceObjectId":138963,"sourceURL":"https://maps8.stlouis-mo.gov/arcgis/rest/services/STREETS/Streets_Permitting/MapServer/2","title":"Street light L031778"},"type":"Feature"},{"geometry":{"coordinates":[-90.28694313669871,38.646306274746934],"type":"Point"},"id":"stl-city-public-streetlights:2:138964","properties":{"address":null,"attributes":{"Date_Installed":"4/6/20","LED_Powered":1,"LightID":"L031779","Light_Source":"LED","Light_Type":"Cobra","Lighting_Type":"LED-Powered Lamp","Verification_Date":null},"id":"stl-city-public-streetlights:2:138964","sourceLayerId":2,"sourceObjectId":138964,"sourceURL":"https://maps8.stlouis-mo.gov/arcgis/rest/services/STREETS/Streets_Permitting/MapServer/2","title":"Street light L031779"},"type":"Feature"},{"geometry":{"coordinates":[-90.28769930601638,38.64638220879497],"type":"Point"},"id":"stl-city-public-streetlights:2:138965","properties":{"address":null,"attributes":{"Date_Installed":"4/6/20","LED_Powered":1,"LightID":"L031780","Light_Source":"LED","Light_Type":"Cobra","Lighting_Type":"LED-Powered Lamp","Verification_Date":null},"id":"stl-city-public-streetlights:2:138965","sourceLayerId":2,"sourceObjectId":138965,"sourceURL":"https://maps8.stlouis-mo.gov/arcgis/rest/services/STREETS/Streets_Permitting/MapServer/2","title":"Street light L031780"},"type":"Feature"},{"geometry":{"coordinates":[-90.28849246236304,38.646454676952175],"type":"Point"},"id":"stl-city-public-streetlights:2:138966","properties":{"address":null,"attributes":{"Date_Installed":"4/6/20","LED_Powered":1,"LightID":"L031781","Light_Source":"LED","Light_Type":"Cobra","Lighting_Type":"LED-Powered Lamp","Verification_Date":null},"id":"stl-city-public-streetlights:2:138966","sourceLayerId":2,"sourceObjectId":138966,"sourceURL":"https://maps8.stlouis-mo.gov/arcgis/rest/services/STREETS/Streets_Permitting/MapServer/2","title":"Street light L031781"},"type":"Feature"},{"geometry":{"coordinates":[-90.28920720335721,38.646526759730904],"type":"Point"},"id":"stl-city-public-streetlights:2:138967","properties":{"address":null,"attributes":{"Date_Installed":"4/6/20","LED_Powered":1,"LightID":"L031782","Light_Source":"LED","Light_Type":"Cobra","Lighting_Type":"LED-Powered Lamp","Verification_Date":null},"id":"stl-city-public-streetlights:2:138967","sourceLayerId":2,"sourceObjectId":138967,"sourceURL":"https://maps8.stlouis-mo.gov/arcgis/rest/services/STREETS/Streets_Permitting/MapServer/2","title":"Street light L031782"},"type":"Feature"},{"geometry":{"coordinates":[-90.28992334659364,38.64659711185586],"type":"Point"},"id":"stl-city-public-streetlights:2:138968","properties":{"address":null,"attributes":{"Date_Installed":"4/6/20","LED_Powered":1,"LightID":"L031783","Light_Source":"LED","Light_Type":"Cobra","Lighting_Type":"LED-Powered Lamp","Verification_Date":null},"id":"stl-city-public-streetlights:2:138968","sourceLayerId":2,"sourceObjectId":138968,"sourceURL":"https://maps8.stlouis-mo.gov/arcgis/rest/services/STREETS/Streets_Permitting/MapServer/2","title":"Street light L031783"},"type":"Feature"},{"geometry":{"coordinates":[-90.28455493804475,38.64757879176119],"type":"Point"},"id":"stl-city-public-streetlights:2:138983","properties":{"address":null,"attributes":{"Date_Installed":"3/2/20","LED_Powered":1,"LightID":"L031798","Light_Source":"LED","Light_Type":"Cobra","Lighting_Type":"LED-Powered Lamp","Verification_Date":null},"id":"stl-city-public-streetlights:2:138983","sourceLayerId":2,"sourceObjectId":138983,"sourceURL":"https://maps8.stlouis-mo.gov/arcgis/rest/services/STREETS/Streets_Permitting/MapServer/2","title":"Street light L031798"},"type":"Feature"},{"geometry":{"coordinates":[-90.28395032544226,38.64753519442548],"type":"Point"},"id":"stl-city-public-streetlights:2:138984","properties":{"address":null,"attributes":{"Date_Installed":"3/2/20","LED_Powered":1,"LightID":"L031799","Light_Source":"LED","Light_Type":"Cobra","Lighting_Type":"LED-Powered Lamp","Verification_Date":null},"id":"stl-city-public-streetlights:2:138984","sourceLayerId":2,"sourceObjectId":138984,"sourceURL":"https://maps8.stlouis-mo.gov/arcgis/rest/services/STREETS/Streets_Permitting/MapServer/2","title":"Street light L031799"},"type":"Feature"},{"geometry":{"coordinates":[-90.28330581761026,38.64747977518983],"type":"Point"},"id":"stl-city-public-streetlights:2:138985","properties":{"address":null,"attributes":{"Date_Installed":"3/2/20","LED_Powered":1,"LightID":"L031800","Light_Source":"LED","Light_Type":"Cobra","Lighting_Type":"LED-Powered Lamp","Verification_Date":null},"id":"stl-city-public-streetlights:2:138985","sourceLayerId":2,"sourceObjectId":138985,"sourceURL":"https://maps8.stlouis-mo.gov/arcgis/rest/services/STREETS/Streets_Permitting/MapServer/2","title":"Street light L031800"},"type":"Feature"},{"geometry":{"coordinates":[-90.28978255385253,38.648954519566026],"type":"Point"},"id":"stl-city-public-streetlights:2:142519","properties":{"address":null,"attributes":{"Date_Installed":null,"LED_Powered":0,"LightID":"L035373","Light_Source":"LED","Light_Type":"Cobra","Lighting_Type":"LED-Powered Lamp","Verification_Date":null},"id":"stl-city-public-streetlights:2:142519","sourceLayerId":2,"sourceObjectId":142519,"sourceURL":"https://maps8.stlouis-mo.gov/arcgis/rest/services/STREETS/Streets_Permitting/MapServer/2","title":"Street light L035373"},"type":"Feature"},{"geometry":{"coordinates":[-90.28933433725236,38.648914384094155],"type":"Point"},"id":"stl-city-public-streetlights:2:142520","properties":{"address":null,"attributes":{"Date_Installed":null,"LED_Powered":0,"LightID":"L035374","Light_Source":"LED","Light_Type":"Cobra","Lighting_Type":"LED-Powered Lamp","Verification_Date":null},"id":"stl-city-public-streetlights:2:142520","sourceLayerId":2,"sourceObjectId":142520,"sourceURL":"https://maps8.stlouis-mo.gov/arcgis/rest/services/STREETS/Streets_Permitting/MapServer/2","title":"Street light L035374"},"type":"Feature"},{"geometry":{"coordinates":[-90.28886320195238,38.64886467054025],"type":"Point"},"id":"stl-city-public-streetlights:2:142521","properties":{"address":null,"attributes":{"Date_Installed":null,"LED_Powered":1,"LightID":"L035375","Light_Source":"LED","Light_Type":"Cobra","Lighting_Type":"LED-Powered Lamp","Verification_Date":null},"id":"stl-city-public-streetlights:2:142521","sourceLayerId":2,"sourceObjectId":142521,"sourceURL":"https://maps8.stlouis-mo.gov/arcgis/rest/services/STREETS/Streets_Permitting/MapServer/2","title":"Street light L035375"},"type":"Feature"},{"geometry":{"coordinates":[-90.28845715546258,38.64882609787928],"type":"Point"},"id":"stl-city-public-streetlights:2:142522","properties":{"address":null,"attributes":{"Date_Installed":null,"LED_Powered":1,"LightID":"L035376","Light_Source":"LED","Light_Type":"Cobra","Lighting_Type":"LED-Powered Lamp","Verification_Date":null},"id":"stl-city-public-streetlights:2:142522","sourceLayerId":2,"sourceObjectId":142522,"sourceURL":"https://maps8.stlouis-mo.gov/arcgis/rest/services/STREETS/Streets_Permitting/MapServer/2","title":"Street light L035376"},"type":"Feature"},{"geometry":{"coordinates":[-90.28980749568078,38.64844448403656],"type":"Point"},"id":"stl-city-public-streetlights:2:142540","properties":{"address":null,"attributes":{"Date_Installed":null,"LED_Powered":0,"LightID":"L035394","Light_Source":"High Pressure Sodium","Light_Type":"Cobra","Lighting_Type":"400-W High Pressure Sodium Vapor Lamp","Verification_Date":null},"id":"stl-city-public-streetlights:2:142540","sourceLayerId":2,"sourceObjectId":142540,"sourceURL":"https://maps8.stlouis-mo.gov/arcgis/rest/services/STREETS/Streets_Permitting/MapServer/2","title":"Street light L035394"},"type":"Feature"},{"geometry":{"coordinates":[-90.28909464071084,38.64837050114812],"type":"Point"},"id":"stl-city-public-streetlights:2:142541","properties":{"address":null,"attributes":{"Date_Installed":null,"LED_Powered":0,"LightID":"L035395","Light_Source":"High Pressure Sodium","Light_Type":"Cobra","Lighting_Type":"400-W High Pressure Sodium Vapor Lamp","Verification_Date":null},"id":"stl-city-public-streetlights:2:142541","sourceLayerId":2,"sourceObjectId":142541,"sourceURL":"https://maps8.stlouis-mo.gov/arcgis/rest/services/STREETS/Streets_Permitting/MapServer/2","title":"Street light L035395"},"type":"Feature"},{"geometry":{"coordinates":[-90.28839210653676,38.648301300087496],"type":"Point"},"id":"stl-city-public-streetlights:2:142542","properties":{"address":null,"attributes":{"Date_Installed":null,"LED_Powered":0,"LightID":"L035396","Light_Source":"High Pressure Sodium","Light_Type":"Cobra","Lighting_Type":"400-W High Pressure Sodium Vapor Lamp","Verification_Date":null},"id":"stl-city-public-streetlights:2:142542","sourceLayerId":2,"sourceObjectId":142542,"sourceURL":"https://maps8.stlouis-mo.gov/arcgis/rest/services/STREETS/Streets_Permitting/MapServer/2","title":"Street light L035396"},"type":"Feature"},{"geometry":{"coordinates":[-90.28768029600457,38.64823446082305],"type":"Point"},"id":"stl-city-public-streetlights:2:142543","properties":{"address":null,"attributes":{"Date_Installed":null,"LED_Powered":0,"LightID":"L035397","Light_Source":"High Pressure Sodium","Light_Type":"Cobra","Lighting_Type":"400-W High Pressure Sodium Vapor Lamp","Verification_Date":null},"id":"stl-city-public-streetlights:2:142543","sourceLayerId":2,"sourceObjectId":142543,"sourceURL":"https://maps8.stlouis-mo.gov/arcgis/rest/services/STREETS/Streets_Permitting/MapServer/2","title":"Street light L035397"},"type":"Feature"},{"geometry":{"coordinates":[-90.28687621376076,38.64812454434895],"type":"Point"},"id":"stl-city-public-streetlights:2:142544","properties":{"address":null,"attributes":{"Date_Installed":null,"LED_Powered":0,"LightID":"L035398","Light_Source":"High Pressure Sodium","Light_Type":"Cobra","Lighting_Type":"400-W High Pressure Sodium Vapor Lamp","Verification_Date":null},"id":"stl-city-public-streetlights:2:142544","sourceLayerId":2,"sourceObjectId":142544,"sourceURL":"https://maps8.stlouis-mo.gov/arcgis/rest/services/STREETS/Streets_Permitting/MapServer/2","title":"Street light L035398"},"type":"Feature"},{"geometry":{"coordinates":[-90.28649682352663,38.64799878941657],"type":"Point"},"id":"stl-city-public-streetlights:2:142545","properties":{"address":null,"attributes":{"Date_Installed":null,"LED_Powered":0,"LightID":"L035399","Light_Source":"High Pressure Sodium","Light_Type":"Cobra","Lighting_Type":"400-W High Pressure Sodium Vapor Lamp","Verification_Date":null},"id":"stl-city-public-streetlights:2:142545","sourceLayerId":2,"sourceObjectId":142545,"sourceURL":"https://maps8.stlouis-mo.gov/arcgis/rest/services/STREETS/Streets_Permitting/MapServer/2","title":"Street light L035399"},"type":"Feature"},{"geometry":{"coordinates":[-90.28609178745448,38.64788673482206],"type":"Point"},"id":"stl-city-public-streetlights:2:142546","properties":{"address":null,"attributes":{"Date_Installed":null,"LED_Powered":0,"LightID":"L035400","Light_Source":"High Pressure Sodium","Light_Type":"Cobra","Lighting_Type":"400-W High Pressure Sodium Vapor Lamp","Verification_Date":null},"id":"stl-city-public-streetlights:2:142546","sourceLayerId":2,"sourceObjectId":142546,"sourceURL":"https://maps8.stlouis-mo.gov/arcgis/rest/services/STREETS/Streets_Permitting/MapServer/2","title":"Street light L035400"},"type":"Feature"},{"geometry":{"coordinates":[-90.28569686028926,38.64781688775565],"type":"Point"},"id":"stl-city-public-streetlights:2:142547","properties":{"address":null,"attributes":{"Date_Installed":null,"LED_Powered":0,"LightID":"L035401","Light_Source":"High Pressure Sodium","Light_Type":"Cobra","Lighting_Type":"400-W High Pressure Sodium Vapor Lamp","Verification_Date":null},"id":"stl-city-public-streetlights:2:142547","sourceLayerId":2,"sourceObjectId":142547,"sourceURL":"https://maps8.stlouis-mo.gov/arcgis/rest/services/STREETS/Streets_Permitting/MapServer/2","title":"Street light L035401"},"type":"Feature"},{"geometry":{"coordinates":[-90.28546255120766,38.648175382192015],"type":"Point"},"id":"stl-city-public-streetlights:2:142548","properties":{"address":null,"attributes":{"Date_Installed":null,"LED_Powered":0,"LightID":"L035402","Light_Source":"High Pressure Sodium","Light_Type":"Cobra","Lighting_Type":"400-W High Pressure Sodium Vapor Lamp","Verification_Date":null},"id":"stl-city-public-streetlights:2:142548","sourceLayerId":2,"sourceObjectId":142548,"sourceURL":"https://maps8.stlouis-mo.gov/arcgis/rest/services/STREETS/Streets_Permitting/MapServer/2","title":"Street light L035402"},"type":"Feature"},{"geometry":{"coordinates":[-90.28538573972713,38.64855351896265],"type":"Point"},"id":"stl-city-public-streetlights:2:142549","properties":{"address":null,"attributes":{"Date_Installed":null,"LED_Powered":0,"LightID":"L035403","Light_Source":"High Pressure Sodium","Light_Type":"Cobra","Lighting_Type":"200-W High Pressure Sodium Vapor Lamp","Verification_Date":null},"id":"stl-city-public-streetlights:2:142549","sourceLayerId":2,"sourceObjectId":142549,"sourceURL":"https://maps8.stlouis-mo.gov/arcgis/rest/services/STREETS/Streets_Permitting/MapServer/2","title":"Street light L035403"},"type":"Feature"},{"geometry":{"coordinates":[-90.28602231936325,38.64764566873745],"type":"Point"},"id":"stl-city-public-streetlights:2:142550","properties":{"address":null,"attributes":{"Date_Installed":null,"LED_Powered":0,"LightID":"L035404","Light_Source":"High Pressure Sodium","Light_Type":"Cobra","Lighting_Type":"400-W High Pressure Sodium Vapor Lamp","Verification_Date":null},"id":"stl-city-public-streetlights:2:142550","sourceLayerId":2,"sourceObjectId":142550,"sourceURL":"https://maps8.stlouis-mo.gov/arcgis/rest/services/STREETS/Streets_Permitting/MapServer/2","title":"Street light L035404"},"type":"Feature"},{"geometry":{"coordinates":[-90.28676147048216,38.64786869371823],"type":"Point"},"id":"stl-city-public-streetlights:2:142551","properties":{"address":null,"attributes":{"Date_Installed":null,"LED_Powered":0,"LightID":"L035405","Light_Source":"High Pressure Sodium","Light_Type":"Cobra","Lighting_Type":"400-W High Pressure Sodium Vapor Lamp","Verification_Date":null},"id":"stl-city-public-streetlights:2:142551","sourceLayerId":2,"sourceObjectId":142551,"sourceURL":"https://maps8.stlouis-mo.gov/arcgis/rest/services/STREETS/Streets_Permitting/MapServer/2","title":"Street light L035405"},"type":"Feature"},{"geometry":{"coordinates":[-90.28751984009618,38.64801845354269],"type":"Point"},"id":"stl-city-public-streetlights:2:142552","properties":{"address":null,"attributes":{"Date_Installed":null,"LED_Powered":0,"LightID":"L035406","Light_Source":"High Pressure Sodium","Light_Type":"Cobra","Lighting_Type":"400-W High Pressure Sodium Vapor Lamp","Verification_Date":null},"id":"stl-city-public-streetlights:2:142552","sourceLayerId":2,"sourceObjectId":142552,"sourceURL":"https://maps8.stlouis-mo.gov/arcgis/rest/services/STREETS/Streets_Permitting/MapServer/2","title":"Street light L035406"},"type":"Feature"},{"geometry":{"coordinates":[-90.28177664812948,38.648406764028174],"type":"Point"},"id":"stl-city-public-streetlights:2:149179","properties":{"address":null,"attributes":{"Date_Installed":null,"LED_Powered":0,"LightID":"L042035","Light_Source":"High Pressure Sodium","Light_Type":"Decorative","Lighting_Type":"GE Edison III Series (doublearm) (Historic Light Fixture)","Verification_Date":null},"id":"stl-city-public-streetlights:2:149179","sourceLayerId":2,"sourceObjectId":149179,"sourceURL":"https://maps8.stlouis-mo.gov/arcgis/rest/services/STREETS/Streets_Permitting/MapServer/2","title":"Street light L042035"},"type":"Feature"},{"geometry":{"coordinates":[-90.2819452925817,38.64842257197308],"type":"Point"},"id":"stl-city-public-streetlights:2:149180","properties":{"address":null,"attributes":{"Date_Installed":null,"LED_Powered":0,"LightID":"L042036","Light_Source":"High Pressure Sodium","Light_Type":"Decorative","Lighting_Type":"GE Edison III Series (doublearm) (Historic Light Fixture)","Verification_Date":null},"id":"stl-city-public-streetlights:2:149180","sourceLayerId":2,"sourceObjectId":149180,"sourceURL":"https://maps8.stlouis-mo.gov/arcgis/rest/services/STREETS/Streets_Permitting/MapServer/2","title":"Street light L042036"},"type":"Feature"},{"geometry":{"coordinates":[-90.28207503517547,38.64843354962183],"type":"Point"},"id":"stl-city-public-streetlights:2:149181","properties":{"address":null,"attributes":{"Date_Installed":null,"LED_Powered":0,"LightID":"L042037","Light_Source":"High Pressure Sodium","Light_Type":"Decorative","Lighting_Type":"GE Edison III Series (doublearm) (Historic Light Fixture)","Verification_Date":null},"id":"stl-city-public-streetlights:2:149181","sourceLayerId":2,"sourceObjectId":149181,"sourceURL":"https://maps8.stlouis-mo.gov/arcgis/rest/services/STREETS/Streets_Permitting/MapServer/2","title":"Street light L042037"},"type":"Feature"},{"geometry":{"coordinates":[-90.2823606553542,38.648465068295415],"type":"Point"},"id":"stl-city-public-streetlights:2:149182","properties":{"address":null,"attributes":{"Date_Installed":null,"LED_Powered":0,"LightID":"L042038","Light_Source":"High Pressure Sodium","Light_Type":"Decorative","Lighting_Type":"GE Edison III Series (doublearm) (Historic Light Fixture)","Verification_Date":null},"id":"stl-city-public-streetlights:2:149182","sourceLayerId":2,"sourceObjectId":149182,"sourceURL":"https://maps8.stlouis-mo.gov/arcgis/rest/services/STREETS/Streets_Permitting/MapServer/2","title":"Street light L042038"},"type":"Feature"},{"geometry":{"coordinates":[-90.28251715079837,38.64847846906273],"type":"Point"},"id":"stl-city-public-streetlights:2:149183","properties":{"address":null,"attributes":{"Date_Installed":null,"LED_Powered":0,"LightID":"L042039","Light_Source":"High Pressure Sodium","Light_Type":"Decorative","Lighting_Type":"GE Edison III Series (doublearm) (Historic Light Fixture)","Verification_Date":null},"id":"stl-city-public-streetlights:2:149183","sourceLayerId":2,"sourceObjectId":149183,"sourceURL":"https://maps8.stlouis-mo.gov/arcgis/rest/services/STREETS/Streets_Permitting/MapServer/2","title":"Street light L042039"},"type":"Feature"},{"geometry":{"coordinates":[-90.28262197982747,38.648489389876694],"type":"Point"},"id":"stl-city-public-streetlights:2:149184","properties":{"address":null,"attributes":{"Date_Installed":null,"LED_Powered":0,"LightID":"L042040","Light_Source":"High Pressure Sodium","Light_Type":"Decorative","Lighting_Type":"GE Edison III Series (doublearm) (Historic Light Fixture)","Verification_Date":null},"id":"stl-city-public-streetlights:2:149184","sourceLayerId":2,"sourceObjectId":149184,"sourceURL":"https://maps8.stlouis-mo.gov/arcgis/rest/services/STREETS/Streets_Permitting/MapServer/2","title":"Street light L042040"},"type":"Feature"},{"geometry":{"coordinates":[-90.28278758726614,38.648505190964244],"type":"Point"},"id":"stl-city-public-streetlights:2:149185","properties":{"address":null,"attributes":{"Date_Installed":null,"LED_Powered":0,"LightID":"L042041","Light_Source":"High Pressure Sodium","Light_Type":"Decorative","Lighting_Type":"GE Edison III Series (doublearm) (Historic Light Fixture)","Verification_Date":null},"id":"stl-city-public-streetlights:2:149185","sourceLayerId":2,"sourceObjectId":149185,"sourceURL":"https://maps8.stlouis-mo.gov/arcgis/rest/services/STREETS/Streets_Permitting/MapServer/2","title":"Street light L042041"},"type":"Feature"},{"geometry":{"coordinates":[-90.28312668822035,38.64854157455744],"type":"Point"},"id":"stl-city-public-streetlights:2:149186","properties":{"address":null,"attributes":{"Date_Installed":null,"LED_Powered":0,"LightID":"L042042","Light_Source":"High Pressure Sodium","Light_Type":"Decorative","Lighting_Type":"GE Edison III Series (doublearm) (Historic Light Fixture)","Verification_Date":null},"id":"stl-city-public-streetlights:2:149186","sourceLayerId":2,"sourceObjectId":149186,"sourceURL":"https://maps8.stlouis-mo.gov/arcgis/rest/services/STREETS/Streets_Permitting/MapServer/2","title":"Street light L042042"},"type":"Feature"},{"geometry":{"coordinates":[-90.28329229589336,38.64855737493105],"type":"Point"},"id":"stl-city-public-streetlights:2:149187","properties":{"address":null,"attributes":{"Date_Installed":null,"LED_Powered":0,"LightID":"L042043","Light_Source":"High Pressure Sodium","Light_Type":"Decorative","Lighting_Type":"GE Edison III Series (doublearm) (Historic Light Fixture)","Verification_Date":null},"id":"stl-city-public-streetlights:2:149187","sourceLayerId":2,"sourceObjectId":149187,"sourceURL":"https://maps8.stlouis-mo.gov/arcgis/rest/services/STREETS/Streets_Permitting/MapServer/2","title":"Street light L042043"},"type":"Feature"},{"geometry":{"coordinates":[-90.28340623463927,38.64857188754321],"type":"Point"},"id":"stl-city-public-streetlights:2:149188","properties":{"address":null,"attributes":{"Date_Installed":null,"LED_Powered":0,"LightID":"L042044","Light_Source":"High Pressure Sodium","Light_Type":"Decorative","Lighting_Type":"GE Edison III Series (doublearm) (Historic Light Fixture)","Verification_Date":null},"id":"stl-city-public-streetlights:2:149188","sourceLayerId":2,"sourceObjectId":149188,"sourceURL":"https://maps8.stlouis-mo.gov/arcgis/rest/services/STREETS/Streets_Permitting/MapServer/2","title":"Street light L042044"},"type":"Feature"},{"geometry":{"coordinates":[-90.28361287853207,38.64858657155753],"type":"Point"},"id":"stl-city-public-streetlights:2:149189","properties":{"address":null,"attributes":{"Date_Installed":null,"LED_Powered":0,"LightID":"L042045","Light_Source":"High Pressure Sodium","Light_Type":"Decorative","Lighting_Type":"GE Edison III Series (doublearm) (Historic Light Fixture)","Verification_Date":null},"id":"stl-city-public-streetlights:2:149189","sourceLayerId":2,"sourceObjectId":149189,"sourceURL":"https://maps8.stlouis-mo.gov/arcgis/rest/services/STREETS/Streets_Permitting/MapServer/2","title":"Street light L042045"},"type":"Feature"},{"geometry":{"coordinates":[-90.28429182703712,38.64850179239375],"type":"Point"},"id":"stl-city-public-streetlights:2:149190","properties":{"address":null,"attributes":{"Date_Installed":null,"LED_Powered":0,"LightID":"L042046","Light_Source":"High Pressure Sodium","Light_Type":"Decorative","Lighting_Type":"GE Edison III Series (doublearm) (Historic Light Fixture)","Verification_Date":null},"id":"stl-city-public-streetlights:2:149190","sourceLayerId":2,"sourceObjectId":149190,"sourceURL":"https://maps8.stlouis-mo.gov/arcgis/rest/services/STREETS/Streets_Permitting/MapServer/2","title":"Street light L042046"},"type":"Feature"},{"geometry":{"coordinates":[-90.28417514322054,38.64849013680119],"type":"Point"},"id":"stl-city-public-streetlights:2:149191","properties":{"address":null,"attributes":{"Date_Installed":null,"LED_Powered":0,"LightID":"L042047","Light_Source":"High Pressure Sodium","Light_Type":"Decorative","Lighting_Type":"GE Edison III Series (doublearm) (Historic Light Fixture)","Verification_Date":null},"id":"stl-city-public-streetlights:2:149191","sourceLayerId":2,"sourceObjectId":149191,"sourceURL":"https://maps8.stlouis-mo.gov/arcgis/rest/services/STREETS/Streets_Permitting/MapServer/2","title":"Street light L042047"},"type":"Feature"},{"geometry":{"coordinates":[-90.28403536074991,38.64847843665073],"type":"Point"},"id":"stl-city-public-streetlights:2:149192","properties":{"address":null,"attributes":{"Date_Installed":null,"LED_Powered":0,"LightID":"L042048","Light_Source":"High Pressure Sodium","Light_Type":"Decorative","Lighting_Type":"GE Edison III Series (doublearm) (Historic Light Fixture)","Verification_Date":null},"id":"stl-city-public-streetlights:2:149192","sourceLayerId":2,"sourceObjectId":149192,"sourceURL":"https://maps8.stlouis-mo.gov/arcgis/rest/services/STREETS/Streets_Permitting/MapServer/2","title":"Street light L042048"},"type":"Feature"},{"geometry":{"coordinates":[-90.28396000071189,38.6484716237241],"type":"Point"},"id":"stl-city-public-streetlights:2:149193","properties":{"address":null,"attributes":{"Date_Installed":null,"LED_Powered":0,"LightID":"L042049","Light_Source":"High Pressure Sodium","Light_Type":"Decorative","Lighting_Type":"GE Edison III Series (doublearm) (Historic Light Fixture)","Verification_Date":null},"id":"stl-city-public-streetlights:2:149193","sourceLayerId":2,"sourceObjectId":149193,"sourceURL":"https://maps8.stlouis-mo.gov/arcgis/rest/services/STREETS/Streets_Permitting/MapServer/2","title":"Street light L042049"},"type":"Feature"},{"geometry":{"coordinates":[-90.28323102310213,38.648403534713104],"type":"Point"},"id":"stl-city-public-streetlights:2:149194","properties":{"address":null,"attributes":{"Date_Installed":null,"LED_Powered":0,"LightID":"L042050","Light_Source":"High Pressure Sodium","Light_Type":"Decorative","Lighting_Type":"GE Edison III Series (doublearm) (Historic Light Fixture)","Verification_Date":null},"id":"stl-city-public-streetlights:2:149194","sourceLayerId":2,"sourceObjectId":149194,"sourceURL":"https://maps8.stlouis-mo.gov/arcgis/rest/services/STREETS/Streets_Permitting/MapServer/2","title":"Street light L042050"},"type":"Feature"},{"geometry":{"coordinates":[-90.28306875136529,38.648390957511324],"type":"Point"},"id":"stl-city-public-streetlights:2:149195","properties":{"address":null,"attributes":{"Date_Installed":null,"LED_Powered":0,"LightID":"L042051","Light_Source":"High Pressure Sodium","Light_Type":"Decorative","Lighting_Type":"GE Edison III Series (doublearm) (Historic Light Fixture)","Verification_Date":null},"id":"stl-city-public-streetlights:2:149195","sourceLayerId":2,"sourceObjectId":149195,"sourceURL":"https://maps8.stlouis-mo.gov/arcgis/rest/services/STREETS/Streets_Permitting/MapServer/2","title":"Street light L042051"},"type":"Feature"},{"geometry":{"coordinates":[-90.28290892202166,38.648374572957955],"type":"Point"},"id":"stl-city-public-streetlights:2:149196","properties":{"address":null,"attributes":{"Date_Installed":null,"LED_Powered":0,"LightID":"L042052","Light_Source":"High Pressure Sodium","Light_Type":"Decorative","Lighting_Type":"GE Edison III Series (doublearm) (Historic Light Fixture)","Verification_Date":null},"id":"stl-city-public-streetlights:2:149196","sourceLayerId":2,"sourceObjectId":149196,"sourceURL":"https://maps8.stlouis-mo.gov/arcgis/rest/services/STREETS/Streets_Permitting/MapServer/2","title":"Street light L042052"},"type":"Feature"},{"geometry":{"coordinates":[-90.2827617182523,38.64835734047314],"type":"Point"},"id":"stl-city-public-streetlights:2:149197","properties":{"address":null,"attributes":{"Date_Installed":null,"LED_Powered":0,"LightID":"L042053","Light_Source":"High Pressure Sodium","Light_Type":"Decorative","Lighting_Type":"GE Edison III Series (doublearm) (Historic Light Fixture)","Verification_Date":null},"id":"stl-city-public-streetlights:2:149197","sourceLayerId":2,"sourceObjectId":149197,"sourceURL":"https://maps8.stlouis-mo.gov/arcgis/rest/services/STREETS/Streets_Permitting/MapServer/2","title":"Street light L042053"},"type":"Feature"},{"geometry":{"coordinates":[-90.28127238934562,38.64820733135953],"type":"Point"},"id":"stl-city-public-streetlights:2:149198","properties":{"address":null,"attributes":{"Date_Installed":null,"LED_Powered":0,"LightID":"L042054","Light_Source":"High Pressure Sodium","Light_Type":"Decorative","Lighting_Type":"GE Edison III Series (doublearm) (Historic Light Fixture)","Verification_Date":null},"id":"stl-city-public-streetlights:2:149198","sourceLayerId":2,"sourceObjectId":149198,"sourceURL":"https://maps8.stlouis-mo.gov/arcgis/rest/services/STREETS/Streets_Permitting/MapServer/2","title":"Street light L042054"},"type":"Feature"},{"geometry":{"coordinates":[-90.28116542456758,38.64819855035656],"type":"Point"},"id":"stl-city-public-streetlights:2:149199","properties":{"address":null,"attributes":{"Date_Installed":null,"LED_Powered":0,"LightID":"L042055","Light_Source":"High Pressure Sodium","Light_Type":"Decorative","Lighting_Type":"GE Edison III Series (doublearm) (Historic Light Fixture)","Verification_Date":null},"id":"stl-city-public-streetlights:2:149199","sourceLayerId":2,"sourceObjectId":149199,"sourceURL":"https://maps8.stlouis-mo.gov/arcgis/rest/services/STREETS/Streets_Permitting/MapServer/2","title":"Street light L042055"},"type":"Feature"},{"geometry":{"coordinates":[-90.28103781235431,38.648183056830256],"type":"Point"},"id":"stl-city-public-streetlights:2:149200","properties":{"address":null,"attributes":{"Date_Installed":null,"LED_Powered":0,"LightID":"L042056","Light_Source":"High Pressure Sodium","Light_Type":"Decorative","Lighting_Type":"GE Edison III Series (doublearm) (Historic Light Fixture)","Verification_Date":null},"id":"stl-city-public-streetlights:2:149200","sourceLayerId":2,"sourceObjectId":149200,"sourceURL":"https://maps8.stlouis-mo.gov/arcgis/rest/services/STREETS/Streets_Permitting/MapServer/2","title":"Street light L042056"},"type":"Feature"},{"geometry":{"coordinates":[-90.28091746593992,38.64817711087415],"type":"Point"},"id":"stl-city-public-streetlights:2:149201","properties":{"address":null,"attributes":{"Date_Installed":null,"LED_Powered":0,"LightID":"L042057","Light_Source":"High Pressure Sodium","Light_Type":"Decorative","Lighting_Type":"GE Edison III Series (doublearm) (Historic Light Fixture)","Verification_Date":null},"id":"stl-city-public-streetlights:2:149201","sourceLayerId":2,"sourceObjectId":149201,"sourceURL":"https://maps8.stlouis-mo.gov/arcgis/rest/services/STREETS/Streets_Permitting/MapServer/2","title":"Street light L042057"},"type":"Feature"},{"geometry":{"coordinates":[-90.28034994909213,38.6481302806582],"type":"Point"},"id":"stl-city-public-streetlights:2:149202","properties":{"address":null,"attributes":{"Date_Installed":null,"LED_Powered":0,"LightID":"L042058","Light_Source":"High Pressure Sodium","Light_Type":"Decorative","Lighting_Type":"GE Edison III Series (doublearm) (Historic Light Fixture)","Verification_Date":null},"id":"stl-city-public-streetlights:2:149202","sourceLayerId":2,"sourceObjectId":149202,"sourceURL":"https://maps8.stlouis-mo.gov/arcgis/rest/services/STREETS/Streets_Permitting/MapServer/2","title":"Street light L042058"},"type":"Feature"},{"geometry":{"coordinates":[-90.28023691215797,38.64811958112532],"type":"Point"},"id":"stl-city-public-streetlights:2:149203","properties":{"address":null,"attributes":{"Date_Installed":null,"LED_Powered":0,"LightID":"L042059","Light_Source":"High Pressure Sodium","Light_Type":"Decorative","Lighting_Type":"GE Edison III Series (doublearm) (Historic Light Fixture)","Verification_Date":null},"id":"stl-city-public-streetlights:2:149203","sourceLayerId":2,"sourceObjectId":149203,"sourceURL":"https://maps8.stlouis-mo.gov/arcgis/rest/services/STREETS/Streets_Permitting/MapServer/2","title":"Street light L042059"},"type":"Feature"},{"geometry":{"coordinates":[-90.28010442177508,38.648108844017685],"type":"Point"},"id":"stl-city-public-streetlights:2:149204","properties":{"address":null,"attributes":{"Date_Installed":null,"LED_Powered":0,"LightID":"L042060","Light_Source":"High Pressure Sodium","Light_Type":"Decorative","Lighting_Type":"GE Edison III Series (doublearm) (Historic Light Fixture)","Verification_Date":null},"id":"stl-city-public-streetlights:2:149204","sourceLayerId":2,"sourceObjectId":149204,"sourceURL":"https://maps8.stlouis-mo.gov/arcgis/rest/services/STREETS/Streets_Permitting/MapServer/2","title":"Street light L042060"},"type":"Feature"},{"geometry":{"coordinates":[-90.28540350800223,38.64631976313257],"type":"Point"},"id":"stl-city-public-streetlights:2:149287","properties":{"address":null,"attributes":{"Date_Installed":null,"LED_Powered":0,"LightID":"L042143","Light_Source":"High Pressure Sodium","Light_Type":"Decorative","Lighting_Type":"King Twin Fixtures (Historic Light Fixture)","Verification_Date":null},"id":"stl-city-public-streetlights:2:149287","sourceLayerId":2,"sourceObjectId":149287,"sourceURL":"https://maps8.stlouis-mo.gov/arcgis/rest/services/STREETS/Streets_Permitting/MapServer/2","title":"Street light L042143"},"type":"Feature"},{"geometry":{"coordinates":[-90.28542799775576,38.64646520789595],"type":"Point"},"id":"stl-city-public-streetlights:2:149288","properties":{"address":null,"attributes":{"Date_Installed":null,"LED_Powered":0,"LightID":"L042144","Light_Source":"High Pressure Sodium","Light_Type":"Decorative","Lighting_Type":"King Twin Fixtures (Historic Light Fixture)","Verification_Date":null},"id":"stl-city-public-streetlights:2:149288","sourceLayerId":2,"sourceObjectId":149288,"sourceURL":"https://maps8.stlouis-mo.gov/arcgis/rest/services/STREETS/Streets_Permitting/MapServer/2","title":"Street light L042144"},"type":"Feature"},{"geometry":{"coordinates":[-90.2854233975453,38.64658056637004],"type":"Point"},"id":"stl-city-public-streetlights:2:149289","properties":{"address":null,"attributes":{"Date_Installed":null,"LED_Powered":0,"LightID":"L042145","Light_Source":"High Pressure Sodium","Light_Type":"Decorative","Lighting_Type":"King Twin Fixtures (Historic Light Fixture)","Verification_Date":null},"id":"stl-city-public-streetlights:2:149289","sourceLayerId":2,"sourceObjectId":149289,"sourceURL":"https://maps8.stlouis-mo.gov/arcgis/rest/services/STREETS/Streets_Permitting/MapServer/2","title":"Street light L042145"},"type":"Feature"},{"geometry":{"coordinates":[-90.28538497673175,38.64682600698629],"type":"Point"},"id":"stl-city-public-streetlights:2:149290","properties":{"address":null,"attributes":{"Date_Installed":null,"LED_Powered":0,"LightID":"L042146","Light_Source":"High Pressure Sodium","Light_Type":"Decorative","Lighting_Type":"King Twin Fixtures (Historic Light Fixture)","Verification_Date":null},"id":"stl-city-public-streetlights:2:149290","sourceLayerId":2,"sourceObjectId":149290,"sourceURL":"https://maps8.stlouis-mo.gov/arcgis/rest/services/STREETS/Streets_Permitting/MapServer/2","title":"Street light L042146"},"type":"Feature"},{"geometry":{"coordinates":[-90.28534965330248,38.64705162290139],"type":"Point"},"id":"stl-city-public-streetlights:2:149291","properties":{"address":null,"attributes":{"Date_Installed":null,"LED_Powered":0,"LightID":"L042147","Light_Source":"High Pressure Sodium","Light_Type":"Decorative","Lighting_Type":"King Twin Fixtures (Historic Light Fixture)","Verification_Date":null},"id":"stl-city-public-streetlights:2:149291","sourceLayerId":2,"sourceObjectId":149291,"sourceURL":"https://maps8.stlouis-mo.gov/arcgis/rest/services/STREETS/Streets_Permitting/MapServer/2","title":"Street light L042147"},"type":"Feature"},{"geometry":{"coordinates":[-90.2853150101964,38.64725321154388],"type":"Point"},"id":"stl-city-public-streetlights:2:149292","properties":{"address":null,"attributes":{"Date_Installed":null,"LED_Powered":0,"LightID":"L042148","Light_Source":"High Pressure Sodium","Light_Type":"Decorative","Lighting_Type":"King Twin Fixtures (Historic Light Fixture)","Verification_Date":null},"id":"stl-city-public-streetlights:2:149292","sourceLayerId":2,"sourceObjectId":149292,"sourceURL":"https://maps8.stlouis-mo.gov/arcgis/rest/services/STREETS/Streets_Permitting/MapServer/2","title":"Street light L042148"},"type":"Feature"},{"geometry":{"coordinates":[-90.28558986092216,38.64742962582161],"type":"Point"},"id":"stl-city-public-streetlights:2:149395","properties":{"address":null,"attributes":{"Date_Installed":null,"LED_Powered":0,"LightID":"L042251","Light_Source":"High Pressure Sodium","Light_Type":"Decorative","Lighting_Type":"King Twin Fixtures (Historic Light Fixture)","Verification_Date":null},"id":"stl-city-public-streetlights:2:149395","sourceLayerId":2,"sourceObjectId":149395,"sourceURL":"https://maps8.stlouis-mo.gov/arcgis/rest/services/STREETS/Streets_Permitting/MapServer/2","title":"Street light L042251"},"type":"Feature"},{"geometry":{"coordinates":[-90.28562705460956,38.64718799637601],"type":"Point"},"id":"stl-city-public-streetlights:2:149396","properties":{"address":null,"attributes":{"Date_Installed":null,"LED_Powered":0,"LightID":"L042252","Light_Source":"High Pressure Sodium","Light_Type":"Decorative","Lighting_Type":"King Twin Fixtures (Historic Light Fixture)","Verification_Date":null},"id":"stl-city-public-streetlights:2:149396","sourceLayerId":2,"sourceObjectId":149396,"sourceURL":"https://maps8.stlouis-mo.gov/arcgis/rest/services/STREETS/Streets_Permitting/MapServer/2","title":"Street light L042252"},"type":"Feature"},{"geometry":{"coordinates":[-90.28567155973973,38.64694065966053],"type":"Point"},"id":"stl-city-public-streetlights:2:149397","properties":{"address":null,"attributes":{"Date_Installed":null,"LED_Powered":0,"LightID":"L042253","Light_Source":"High Pressure Sodium","Light_Type":"Decorative","Lighting_Type":"King Twin Fixtures (Historic Light Fixture)","Verification_Date":null},"id":"stl-city-public-streetlights:2:149397","sourceLayerId":2,"sourceObjectId":149397,"sourceURL":"https://maps8.stlouis-mo.gov/arcgis/rest/services/STREETS/Streets_Permitting/MapServer/2","title":"Street light L042253"},"type":"Feature"},{"geometry":{"coordinates":[-90.28570877376525,38.64669202219209],"type":"Point"},"id":"stl-city-public-streetlights:2:149398","properties":{"address":null,"attributes":{"Date_Installed":null,"LED_Powered":0,"LightID":"L042254","Light_Source":"High Pressure Sodium","Light_Type":"Decorative","Lighting_Type":"King Twin Fixtures (Historic Light Fixture)","Verification_Date":null},"id":"stl-city-public-streetlights:2:149398","sourceLayerId":2,"sourceObjectId":149398,"sourceURL":"https://maps8.stlouis-mo.gov/arcgis/rest/services/STREETS/Streets_Permitting/MapServer/2","title":"Street light L042254"},"type":"Feature"},{"geometry":{"coordinates":[-90.28578426816807,38.64644903220487],"type":"Point"},"id":"stl-city-public-streetlights:2:149399","properties":{"address":null,"attributes":{"Date_Installed":null,"LED_Powered":0,"LightID":"L042255","Light_Source":"High Pressure Sodium","Light_Type":"Decorative","Lighting_Type":"King Twin Fixtures (Historic Light Fixture)","Verification_Date":null},"id":"stl-city-public-streetlights:2:149399","sourceLayerId":2,"sourceObjectId":149399,"sourceURL":"https://maps8.stlouis-mo.gov/arcgis/rest/services/STREETS/Streets_Permitting/MapServer/2","title":"Street light L042255"},"type":"Feature"},{"geometry":{"coordinates":[-90.28588865947678,38.64630048747418],"type":"Point"},"id":"stl-city-public-streetlights:2:149400","properties":{"address":null,"attributes":{"Date_Installed":null,"LED_Powered":0,"LightID":"L042256","Light_Source":"High Pressure Sodium","Light_Type":"Decorative","Lighting_Type":"King Twin Fixtures (Historic Light Fixture)","Verification_Date":null},"id":"stl-city-public-streetlights:2:149400","sourceLayerId":2,"sourceObjectId":149400,"sourceURL":"https://maps8.stlouis-mo.gov/arcgis/rest/services/STREETS/Streets_Permitting/MapServer/2","title":"Street light L042256"},"type":"Feature"},{"geometry":{"coordinates":[-90.28314435662577,38.64232819200827],"type":"Point"},"id":"stl-city-public-streetlights:2:151348","properties":{"address":null,"attributes":{"Date_Installed":null,"LED_Powered":0,"LightID":"L044214","Light_Source":"High Pressure Sodium","Light_Type":"Decorative","Lighting_Type":"King Twin Fixtures (Historic Light Fixture)","Verification_Date":null},"id":"stl-city-public-streetlights:2:151348","sourceLayerId":2,"sourceObjectId":151348,"sourceURL":"https://maps8.stlouis-mo.gov/arcgis/rest/services/STREETS/Streets_Permitting/MapServer/2","title":"Street light L044214"},"type":"Feature"},{"geometry":{"coordinates":[-90.28325457064808,38.64206238433602],"type":"Point"},"id":"stl-city-public-streetlights:2:151349","properties":{"address":null,"attributes":{"Date_Installed":null,"LED_Powered":0,"LightID":"L044215","Light_Source":"High Pressure Sodium","Light_Type":"Decorative","Lighting_Type":"King Twin Fixtures (Historic Light Fixture)","Verification_Date":null},"id":"stl-city-public-streetlights:2:151349","sourceLayerId":2,"sourceObjectId":151349,"sourceURL":"https://maps8.stlouis-mo.gov/arcgis/rest/services/STREETS/Streets_Permitting/MapServer/2","title":"Street light L044215"},"type":"Feature"},{"geometry":{"coordinates":[-90.28287011183313,38.64263892259045],"type":"Point"},"id":"stl-city-public-streetlights:2:151350","properties":{"address":null,"attributes":{"Date_Installed":null,"LED_Powered":0,"LightID":"L044216","Light_Source":"High Pressure Sodium","Light_Type":"Decorative","Lighting_Type":"King Twin Fixtures (Historic Light Fixture)","Verification_Date":null},"id":"stl-city-public-streetlights:2:151350","sourceLayerId":2,"sourceObjectId":151350,"sourceURL":"https://maps8.stlouis-mo.gov/arcgis/rest/services/STREETS/Streets_Permitting/MapServer/2","title":"Street light L044216"},"type":"Feature"},{"geometry":{"coordinates":[-90.28276644158943,38.64247336649657],"type":"Point"},"id":"stl-city-public-streetlights:2:151351","properties":{"address":null,"attributes":{"Date_Installed":null,"LED_Powered":0,"LightID":"L044217","Light_Source":"High Pressure Sodium","Light_Type":"Decorative","Lighting_Type":"King Twin Fixtures (Historic Light Fixture)","Verification_Date":null},"id":"stl-city-public-streetlights:2:151351","sourceLayerId":2,"sourceObjectId":151351,"sourceURL":"https://maps8.stlouis-mo.gov/arcgis/rest/services/STREETS/Streets_Permitting/MapServer/2","title":"Street light L044217"},"type":"Feature"},{"geometry":{"coordinates":[-90.28284562303787,38.642218944688096],"type":"Point"},"id":"stl-city-public-streetlights:2:151352","properties":{"address":null,"attributes":{"Date_Installed":null,"LED_Powered":0,"LightID":"L044218","Light_Source":"High Pressure Sodium","Light_Type":"Decorative","Lighting_Type":"King Twin Fixtures (Historic Light Fixture)","Verification_Date":null},"id":"stl-city-public-streetlights:2:151352","sourceLayerId":2,"sourceObjectId":151352,"sourceURL":"https://maps8.stlouis-mo.gov/arcgis/rest/services/STREETS/Streets_Permitting/MapServer/2","title":"Street light L044218"},"type":"Feature"},{"geometry":{"coordinates":[-90.28274958818962,38.64351080827413],"type":"Point"},"id":"stl-city-public-streetlights:2:151353","properties":{"address":null,"attributes":{"Date_Installed":null,"LED_Powered":0,"LightID":"L044228","Light_Source":"High Pressure Sodium","Light_Type":"Decorative","Lighting_Type":"King Twin Fixtures (Historic Light Fixture)","Verification_Date":null},"id":"stl-city-public-streetlights:2:151353","sourceLayerId":2,"sourceObjectId":151353,"sourceURL":"https://maps8.stlouis-mo.gov/arcgis/rest/services/STREETS/Streets_Permitting/MapServer/2","title":"Street light L044228"},"type":"Feature"},{"geometry":{"coordinates":[-90.28283297099243,38.6432745085019],"type":"Point"},"id":"stl-city-public-streetlights:2:151354","properties":{"address":null,"attributes":{"Date_Installed":null,"LED_Powered":0,"LightID":"L044219","Light_Source":"High Pressure Sodium","Light_Type":"Decorative","Lighting_Type":"King Twin Fixtures (Historic Light Fixture)","Verification_Date":null},"id":"stl-city-public-streetlights:2:151354","sourceLayerId":2,"sourceObjectId":151354,"sourceURL":"https://maps8.stlouis-mo.gov/arcgis/rest/services/STREETS/Streets_Permitting/MapServer/2","title":"Street light L044219"},"type":"Feature"},{"geometry":{"coordinates":[-90.28272892161094,38.64310793998947],"type":"Point"},"id":"stl-city-public-streetlights:2:151355","properties":{"address":null,"attributes":{"Date_Installed":null,"LED_Powered":0,"LightID":"L044220","Light_Source":"High Pressure Sodium","Light_Type":"Decorative","Lighting_Type":"King Twin Fixtures (Historic Light Fixture)","Verification_Date":null},"id":"stl-city-public-streetlights:2:151355","sourceLayerId":2,"sourceObjectId":151355,"sourceURL":"https://maps8.stlouis-mo.gov/arcgis/rest/services/STREETS/Streets_Permitting/MapServer/2","title":"Street light L044220"},"type":"Feature"},{"geometry":{"coordinates":[-90.28262609235642,38.6429399430352],"type":"Point"},"id":"stl-city-public-streetlights:2:151356","properties":{"address":null,"attributes":{"Date_Installed":null,"LED_Powered":0,"LightID":"L044221","Light_Source":"High Pressure Sodium","Light_Type":"Decorative","Lighting_Type":"King Twin Fixtures (Historic Light Fixture)","Verification_Date":null},"id":"stl-city-public-streetlights:2:151356","sourceLayerId":2,"sourceObjectId":151356,"sourceURL":"https://maps8.stlouis-mo.gov/arcgis/rest/services/STREETS/Streets_Permitting/MapServer/2","title":"Street light L044221"},"type":"Feature"},{"geometry":{"coordinates":[-90.28252205084755,38.642771467162284],"type":"Point"},"id":"stl-city-public-streetlights:2:151357","properties":{"address":null,"attributes":{"Date_Installed":null,"LED_Powered":0,"LightID":"L044222","Light_Source":"High Pressure Sodium","Light_Type":"Decorative","Lighting_Type":"King Twin Fixtures (Historic Light Fixture)","Verification_Date":null},"id":"stl-city-public-streetlights:2:151357","sourceLayerId":2,"sourceObjectId":151357,"sourceURL":"https://maps8.stlouis-mo.gov/arcgis/rest/services/STREETS/Streets_Permitting/MapServer/2","title":"Street light L044222"},"type":"Feature"},{"geometry":{"coordinates":[-90.28241557833229,38.64260250919993],"type":"Point"},"id":"stl-city-public-streetlights:2:151358","properties":{"address":null,"attributes":{"Date_Installed":null,"LED_Powered":0,"LightID":"L044223","Light_Source":"High Pressure Sodium","Light_Type":"Decorative","Lighting_Type":"King Twin Fixtures (Historic Light Fixture)","Verification_Date":null},"id":"stl-city-public-streetlights:2:151358","sourceLayerId":2,"sourceObjectId":151358,"sourceURL":"https://maps8.stlouis-mo.gov/arcgis/rest/services/STREETS/Streets_Permitting/MapServer/2","title":"Street light L044223"},"type":"Feature"},{"geometry":{"coordinates":[-90.28239297314597,38.64364553382085],"type":"Point"},"id":"stl-city-public-streetlights:2:151359","properties":{"address":null,"attributes":{"Date_Installed":null,"LED_Powered":0,"LightID":"L044224","Light_Source":"High Pressure Sodium","Light_Type":"Decorative","Lighting_Type":"King Twin Fixtures (Historic Light Fixture)","Verification_Date":null},"id":"stl-city-public-streetlights:2:151359","sourceLayerId":2,"sourceObjectId":151359,"sourceURL":"https://maps8.stlouis-mo.gov/arcgis/rest/services/STREETS/Streets_Permitting/MapServer/2","title":"Street light L044224"},"type":"Feature"},{"geometry":{"coordinates":[-90.28247391104745,38.64341399817019],"type":"Point"},"id":"stl-city-public-streetlights:2:151360","properties":{"address":null,"attributes":{"Date_Installed":null,"LED_Powered":0,"LightID":"L044225","Light_Source":"High Pressure Sodium","Light_Type":"Decorative","Lighting_Type":"King Twin Fixtures (Historic Light Fixture)","Verification_Date":null},"id":"stl-city-public-streetlights:2:151360","sourceLayerId":2,"sourceObjectId":151360,"sourceURL":"https://maps8.stlouis-mo.gov/arcgis/rest/services/STREETS/Streets_Permitting/MapServer/2","title":"Street light L044225"},"type":"Feature"},{"geometry":{"coordinates":[-90.28245993786383,38.64321041176903],"type":"Point"},"id":"stl-city-public-streetlights:2:151361","properties":{"address":null,"attributes":{"Date_Installed":null,"LED_Powered":0,"LightID":"L044226","Light_Source":"High Pressure Sodium","Light_Type":"Decorative","Lighting_Type":"King Twin Fixtures (Historic Light Fixture)","Verification_Date":null},"id":"stl-city-public-streetlights:2:151361","sourceLayerId":2,"sourceObjectId":151361,"sourceURL":"https://maps8.stlouis-mo.gov/arcgis/rest/services/STREETS/Streets_Permitting/MapServer/2","title":"Street light L044226"},"type":"Feature"},{"geometry":{"coordinates":[-90.28215137610898,38.64353543787018],"type":"Point"},"id":"stl-city-public-streetlights:2:151362","properties":{"address":null,"attributes":{"Date_Installed":null,"LED_Powered":0,"LightID":"L044227","Light_Source":"High Pressure Sodium","Light_Type":"Decorative","Lighting_Type":"King Twin Fixtures (Historic Light Fixture)","Verification_Date":null},"id":"stl-city-public-streetlights:2:151362","sourceLayerId":2,"sourceObjectId":151362,"sourceURL":"https://maps8.stlouis-mo.gov/arcgis/rest/services/STREETS/Streets_Permitting/MapServer/2","title":"Street light L044227"},"type":"Feature"},{"geometry":{"coordinates":[-90.28215321782055,38.643328544892924],"type":"Point"},"id":"stl-city-public-streetlights:2:151363","properties":{"address":null,"attributes":{"Date_Installed":null,"LED_Powered":0,"LightID":"L044229","Light_Source":"High Pressure Sodium","Light_Type":"Decorative","Lighting_Type":"King Twin Fixtures (Historic Light Fixture)","Verification_Date":null},"id":"stl-city-public-streetlights:2:151363","sourceLayerId":2,"sourceObjectId":151363,"sourceURL":"https://maps8.stlouis-mo.gov/arcgis/rest/services/STREETS/Streets_Permitting/MapServer/2","title":"Street light L044229"},"type":"Feature"},{"geometry":{"coordinates":[-90.28213194263392,38.643127805176604],"type":"Point"},"id":"stl-city-public-streetlights:2:151364","properties":{"address":null,"attributes":{"Date_Installed":null,"LED_Powered":0,"LightID":"L044230","Light_Source":"High Pressure Sodium","Light_Type":"Decorative","Lighting_Type":"King Twin Fixtures (Historic Light Fixture)","Verification_Date":null},"id":"stl-city-public-streetlights:2:151364","sourceLayerId":2,"sourceObjectId":151364,"sourceURL":"https://maps8.stlouis-mo.gov/arcgis/rest/services/STREETS/Streets_Permitting/MapServer/2","title":"Street light L044230"},"type":"Feature"},{"geometry":{"coordinates":[-90.28210335599496,38.642932772478936],"type":"Point"},"id":"stl-city-public-streetlights:2:151365","properties":{"address":null,"attributes":{"Date_Installed":null,"LED_Powered":0,"LightID":"L044231","Light_Source":"High Pressure Sodium","Light_Type":"Decorative","Lighting_Type":"King Twin Fixtures (Historic Light Fixture)","Verification_Date":null},"id":"stl-city-public-streetlights:2:151365","sourceLayerId":2,"sourceObjectId":151365,"sourceURL":"https://maps8.stlouis-mo.gov/arcgis/rest/services/STREETS/Streets_Permitting/MapServer/2","title":"Street light L044231"},"type":"Feature"},{"geometry":{"coordinates":[-90.28204313337395,38.642746739275175],"type":"Point"},"id":"stl-city-public-streetlights:2:151366","properties":{"address":null,"attributes":{"Date_Installed":null,"LED_Powered":0,"LightID":"L044232","Light_Source":"High Pressure Sodium","Light_Type":"Decorative","Lighting_Type":"King Twin Fixtures (Historic Light Fixture)","Verification_Date":null},"id":"stl-city-public-streetlights:2:151366","sourceLayerId":2,"sourceObjectId":151366,"sourceURL":"https://maps8.stlouis-mo.gov/arcgis/rest/services/STREETS/Streets_Permitting/MapServer/2","title":"Street light L044232"},"type":"Feature"},{"geometry":{"coordinates":[-90.2821179711866,38.64248239379297],"type":"Point"},"id":"stl-city-public-streetlights:2:151367","properties":{"address":null,"attributes":{"Date_Installed":null,"LED_Powered":0,"LightID":"L044233","Light_Source":"High Pressure Sodium","Light_Type":"Decorative","Lighting_Type":"King Twin Fixtures (Historic Light Fixture)","Verification_Date":null},"id":"stl-city-public-streetlights:2:151367","sourceLayerId":2,"sourceObjectId":151367,"sourceURL":"https://maps8.stlouis-mo.gov/arcgis/rest/services/STREETS/Streets_Permitting/MapServer/2","title":"Street light L044233"},"type":"Feature"},{"geometry":{"coordinates":[-90.28226537111465,38.64196155146498],"type":"Point"},"id":"stl-city-public-streetlights:2:151368","properties":{"address":null,"attributes":{"Date_Installed":null,"LED_Powered":0,"LightID":"L044234","Light_Source":"High Pressure Sodium","Light_Type":"Decorative","Lighting_Type":"King Luminaire (Historic Light Fixture)","Verification_Date":null},"id":"stl-city-public-streetlights:2:151368","sourceLayerId":2,"sourceObjectId":151368,"sourceURL":"https://maps8.stlouis-mo.gov/arcgis/rest/services/STREETS/Streets_Permitting/MapServer/2","title":"Street light L044234"},"type":"Feature"},{"geometry":{"coordinates":[-90.28248013220689,38.64178311360289],"type":"Point"},"id":"stl-city-public-streetlights:2:151369","properties":{"address":null,"attributes":{"Date_Installed":null,"LED_Powered":0,"LightID":"L044235","Light_Source":"High Pressure Sodium","Light_Type":"Decorative","Lighting_Type":"King Twin Fixtures (Historic Light Fixture)","Verification_Date":null},"id":"stl-city-public-streetlights:2:151369","sourceLayerId":2,"sourceObjectId":151369,"sourceURL":"https://maps8.stlouis-mo.gov/arcgis/rest/services/STREETS/Streets_Permitting/MapServer/2","title":"Street light L044235"},"type":"Feature"},{"geometry":{"coordinates":[-90.28269729019569,38.64152990146139],"type":"Point"},"id":"stl-city-public-streetlights:2:151370","properties":{"address":null,"attributes":{"Date_Installed":null,"LED_Powered":0,"LightID":"L044236","Light_Source":"High Pressure Sodium","Light_Type":"Decorative","Lighting_Type":"King Twin Fixtures (Historic Light Fixture)","Verification_Date":null},"id":"stl-city-public-streetlights:2:151370","sourceLayerId":2,"sourceObjectId":151370,"sourceURL":"https://maps8.stlouis-mo.gov/arcgis/rest/services/STREETS/Streets_Permitting/MapServer/2","title":"Street light L044236"},"type":"Feature"},{"geometry":{"coordinates":[-90.28288067093118,38.64118948137793],"type":"Point"},"id":"stl-city-public-streetlights:2:151371","properties":{"address":null,"attributes":{"Date_Installed":null,"LED_Powered":0,"LightID":"L044237","Light_Source":"High Pressure Sodium","Light_Type":"Decorative","Lighting_Type":"King Twin Fixtures (Historic Light Fixture)","Verification_Date":null},"id":"stl-city-public-streetlights:2:151371","sourceLayerId":2,"sourceObjectId":151371,"sourceURL":"https://maps8.stlouis-mo.gov/arcgis/rest/services/STREETS/Streets_Permitting/MapServer/2","title":"Street light L044237"},"type":"Feature"},{"geometry":{"coordinates":[-90.28285006527588,38.640857626950215],"type":"Point"},"id":"stl-city-public-streetlights:2:151372","properties":{"address":null,"attributes":{"Date_Installed":null,"LED_Powered":0,"LightID":"L044238","Light_Source":"High Pressure Sodium","Light_Type":"Decorative","Lighting_Type":"King Twin Fixtures (Historic Light Fixture)","Verification_Date":null},"id":"stl-city-public-streetlights:2:151372","sourceLayerId":2,"sourceObjectId":151372,"sourceURL":"https://maps8.stlouis-mo.gov/arcgis/rest/services/STREETS/Streets_Permitting/MapServer/2","title":"Street light L044238"},"type":"Feature"},{"geometry":{"coordinates":[-90.28270477071334,38.640662854213076],"type":"Point"},"id":"stl-city-public-streetlights:2:151373","properties":{"address":null,"attributes":{"Date_Installed":null,"LED_Powered":0,"LightID":"L044239","Light_Source":"High Pressure Sodium","Light_Type":"Decorative","Lighting_Type":"King Twin Fixtures (Historic Light Fixture)","Verification_Date":null},"id":"stl-city-public-streetlights:2:151373","sourceLayerId":2,"sourceObjectId":151373,"sourceURL":"https://maps8.stlouis-mo.gov/arcgis/rest/services/STREETS/Streets_Permitting/MapServer/2","title":"Street light L044239"},"type":"Feature"},{"geometry":{"coordinates":[-90.28245240646729,38.64049839357309],"type":"Point"},"id":"stl-city-public-streetlights:2:151374","properties":{"address":null,"attributes":{"Date_Installed":null,"LED_Powered":0,"LightID":"L044240","Light_Source":"High Pressure Sodium","Light_Type":"Decorative","Lighting_Type":"King Twin Fixtures (Historic Light Fixture)","Verification_Date":null},"id":"stl-city-public-streetlights:2:151374","sourceLayerId":2,"sourceObjectId":151374,"sourceURL":"https://maps8.stlouis-mo.gov/arcgis/rest/services/STREETS/Streets_Permitting/MapServer/2","title":"Street light L044240"},"type":"Feature"},{"geometry":{"coordinates":[-90.28218284939504,38.64039186812153],"type":"Point"},"id":"stl-city-public-streetlights:2:151375","properties":{"address":null,"attributes":{"Date_Installed":null,"LED_Powered":0,"LightID":"L044241","Light_Source":"High Pressure Sodium","Light_Type":"Decorative","Lighting_Type":"King Twin Fixtures (Historic Light Fixture)","Verification_Date":null},"id":"stl-city-public-streetlights:2:151375","sourceLayerId":2,"sourceObjectId":151375,"sourceURL":"https://maps8.stlouis-mo.gov/arcgis/rest/services/STREETS/Streets_Permitting/MapServer/2","title":"Street light L044241"},"type":"Feature"},{"geometry":{"coordinates":[-90.28224951656016,38.64005447300651],"type":"Point"},"id":"stl-city-public-streetlights:2:151376","properties":{"address":null,"attributes":{"Date_Installed":null,"LED_Powered":0,"LightID":"L044242","Light_Source":"High Pressure Sodium","Light_Type":"Decorative","Lighting_Type":"Pennsylvania Globe (Historic Light Fixture)","Verification_Date":null},"id":"stl-city-public-streetlights:2:151376","sourceLayerId":2,"sourceObjectId":151376,"sourceURL":"https://maps8.stlouis-mo.gov/arcgis/rest/services/STREETS/Streets_Permitting/MapServer/2","title":"Street light L044242"},"type":"Feature"},{"geometry":{"coordinates":[-90.28205503574729,38.640046101962454],"type":"Point"},"id":"stl-city-public-streetlights:2:151383","properties":{"address":null,"attributes":{"Date_Installed":null,"LED_Powered":0,"LightID":"L044249","Light_Source":"High Pressure Sodium","Light_Type":"Decorative","Lighting_Type":"Pennsylvania Globe (Historic Light Fixture)","Verification_Date":null},"id":"stl-city-public-streetlights:2:151383","sourceLayerId":2,"sourceObjectId":151383,"sourceURL":"https://maps8.stlouis-mo.gov/arcgis/rest/services/STREETS/Streets_Permitting/MapServer/2","title":"Street light L044249"},"type":"Feature"},{"geometry":{"coordinates":[-90.28319863399378,38.64063715366124],"type":"Point"},"id":"stl-city-public-streetlights:2:151384","properties":{"address":null,"attributes":{"Date_Installed":null,"LED_Powered":0,"LightID":"L044250","Light_Source":"LED","Light_Type":"Cobra","Lighting_Type":"LED-Powered Lamp","Verification_Date":null},"id":"stl-city-public-streetlights:2:151384","sourceLayerId":2,"sourceObjectId":151384,"sourceURL":"https://maps8.stlouis-mo.gov/arcgis/rest/services/STREETS/Streets_Permitting/MapServer/2","title":"Street light L044250"},"type":"Feature"},{"geometry":{"coordinates":[-90.28193727394762,38.640394843040454],"type":"Point"},"id":"stl-city-public-streetlights:2:151385","properties":{"address":null,"attributes":{"Date_Installed":null,"LED_Powered":0,"LightID":"L044251","Light_Source":"High Pressure Sodium","Light_Type":"Decorative","Lighting_Type":"King Twin Fixtures (Historic Light Fixture)","Verification_Date":null},"id":"stl-city-public-streetlights:2:151385","sourceLayerId":2,"sourceObjectId":151385,"sourceURL":"https://maps8.stlouis-mo.gov/arcgis/rest/services/STREETS/Streets_Permitting/MapServer/2","title":"Street light L044251"},"type":"Feature"},{"geometry":{"coordinates":[-90.28163808732887,38.64043814391466],"type":"Point"},"id":"stl-city-public-streetlights:2:151386","properties":{"address":null,"attributes":{"Date_Installed":null,"LED_Powered":0,"LightID":"L044252","Light_Source":"High Pressure Sodium","Light_Type":"Decorative","Lighting_Type":"King Twin Fixtures (Historic Light Fixture)","Verification_Date":null},"id":"stl-city-public-streetlights:2:151386","sourceLayerId":2,"sourceObjectId":151386,"sourceURL":"https://maps8.stlouis-mo.gov/arcgis/rest/services/STREETS/Streets_Permitting/MapServer/2","title":"Street light L044252"},"type":"Feature"},{"geometry":{"coordinates":[-90.28139712490821,38.64052312258021],"type":"Point"},"id":"stl-city-public-streetlights:2:151387","properties":{"address":null,"attributes":{"Date_Installed":null,"LED_Powered":0,"LightID":"L044253","Light_Source":"High Pressure Sodium","Light_Type":"Decorative","Lighting_Type":"King Twin Fixtures (Historic Light Fixture)","Verification_Date":null},"id":"stl-city-public-streetlights:2:151387","sourceLayerId":2,"sourceObjectId":151387,"sourceURL":"https://maps8.stlouis-mo.gov/arcgis/rest/services/STREETS/Streets_Permitting/MapServer/2","title":"Street light L044253"},"type":"Feature"},{"geometry":{"coordinates":[-90.28125274338299,38.64082986146953],"type":"Point"},"id":"stl-city-public-streetlights:2:151388","properties":{"address":null,"attributes":{"Date_Installed":null,"LED_Powered":0,"LightID":"L044254","Light_Source":"High Pressure Sodium","Light_Type":"Decorative","Lighting_Type":"King Twin Fixtures (Historic Light Fixture)","Verification_Date":null},"id":"stl-city-public-streetlights:2:151388","sourceLayerId":2,"sourceObjectId":151388,"sourceURL":"https://maps8.stlouis-mo.gov/arcgis/rest/services/STREETS/Streets_Permitting/MapServer/2","title":"Street light L044254"},"type":"Feature"},{"geometry":{"coordinates":[-90.2810286295828,38.6409705512495],"type":"Point"},"id":"stl-city-public-streetlights:2:151389","properties":{"address":null,"attributes":{"Date_Installed":null,"LED_Powered":0,"LightID":"L044255","Light_Source":"High Pressure Sodium","Light_Type":"Decorative","Lighting_Type":"King Twin Fixtures (Historic Light Fixture)","Verification_Date":null},"id":"stl-city-public-streetlights:2:151389","sourceLayerId":2,"sourceObjectId":151389,"sourceURL":"https://maps8.stlouis-mo.gov/arcgis/rest/services/STREETS/Streets_Permitting/MapServer/2","title":"Street light L044255"},"type":"Feature"},{"geometry":{"coordinates":[-90.28075918715565,38.64114548045097],"type":"Point"},"id":"stl-city-public-streetlights:2:151390","properties":{"address":null,"attributes":{"Date_Installed":null,"LED_Powered":0,"LightID":"L044256","Light_Source":"High Pressure Sodium","Light_Type":"Decorative","Lighting_Type":"King Twin Fixtures (Historic Light Fixture)","Verification_Date":null},"id":"stl-city-public-streetlights:2:151390","sourceLayerId":2,"sourceObjectId":151390,"sourceURL":"https://maps8.stlouis-mo.gov/arcgis/rest/services/STREETS/Streets_Permitting/MapServer/2","title":"Street light L044256"},"type":"Feature"},{"geometry":{"coordinates":[-90.28053506559273,38.641288076444255],"type":"Point"},"id":"stl-city-public-streetlights:2:151391","properties":{"address":null,"attributes":{"Date_Installed":null,"LED_Powered":0,"LightID":"L044257","Light_Source":"High Pressure Sodium","Light_Type":"Decorative","Lighting_Type":"King Twin Fixtures (Historic Light Fixture)","Verification_Date":null},"id":"stl-city-public-streetlights:2:151391","sourceLayerId":2,"sourceObjectId":151391,"sourceURL":"https://maps8.stlouis-mo.gov/arcgis/rest/services/STREETS/Streets_Permitting/MapServer/2","title":"Street light L044257"},"type":"Feature"},{"geometry":{"coordinates":[-90.28012876560446,38.64137312418406],"type":"Point"},"id":"stl-city-public-streetlights:2:151392","properties":{"address":null,"attributes":{"Date_Installed":null,"LED_Powered":0,"LightID":"L044258","Light_Source":"High Pressure Sodium","Light_Type":"Decorative","Lighting_Type":"King Twin Fixtures (Historic Light Fixture)","Verification_Date":null},"id":"stl-city-public-streetlights:2:151392","sourceLayerId":2,"sourceObjectId":151392,"sourceURL":"https://maps8.stlouis-mo.gov/arcgis/rest/services/STREETS/Streets_Permitting/MapServer/2","title":"Street light L044258"},"type":"Feature"},{"geometry":{"coordinates":[-90.28001870725413,38.641584582168704],"type":"Point"},"id":"stl-city-public-streetlights:2:151393","properties":{"address":null,"attributes":{"Date_Installed":null,"LED_Powered":0,"LightID":"L044259","Light_Source":"High Pressure Sodium","Light_Type":"Decorative","Lighting_Type":"King Twin Fixtures (Historic Light Fixture)","Verification_Date":null},"id":"stl-city-public-streetlights:2:151393","sourceLayerId":2,"sourceObjectId":151393,"sourceURL":"https://maps8.stlouis-mo.gov/arcgis/rest/services/STREETS/Streets_Permitting/MapServer/2","title":"Street light L044259"},"type":"Feature"},{"geometry":{"coordinates":[-90.28001851849042,38.641795507053075],"type":"Point"},"id":"stl-city-public-streetlights:2:151394","properties":{"address":null,"attributes":{"Date_Installed":null,"LED_Powered":0,"LightID":"L044260","Light_Source":"High Pressure Sodium","Light_Type":"Decorative","Lighting_Type":"King Twin Fixtures (Historic Light Fixture)","Verification_Date":null},"id":"stl-city-public-streetlights:2:151394","sourceLayerId":2,"sourceObjectId":151394,"sourceURL":"https://maps8.stlouis-mo.gov/arcgis/rest/services/STREETS/Streets_Permitting/MapServer/2","title":"Street light L044260"},"type":"Feature"},{"geometry":{"coordinates":[-90.28020213441509,38.6421289605181],"type":"Point"},"id":"stl-city-public-streetlights:2:151395","properties":{"address":null,"attributes":{"Date_Installed":null,"LED_Powered":0,"LightID":"L044261","Light_Source":"High Pressure Sodium","Light_Type":"Decorative","Lighting_Type":"King Twin Fixtures (Historic Light Fixture)","Verification_Date":null},"id":"stl-city-public-streetlights:2:151395","sourceLayerId":2,"sourceObjectId":151395,"sourceURL":"https://maps8.stlouis-mo.gov/arcgis/rest/services/STREETS/Streets_Permitting/MapServer/2","title":"Street light L044261"},"type":"Feature"},{"geometry":{"coordinates":[-90.2805521981438,38.64232769621884],"type":"Point"},"id":"stl-city-public-streetlights:2:151396","properties":{"address":null,"attributes":{"Date_Installed":null,"LED_Powered":0,"LightID":"L044262","Light_Source":"High Pressure Sodium","Light_Type":"Decorative","Lighting_Type":"King Twin Fixtures (Historic Light Fixture)","Verification_Date":null},"id":"stl-city-public-streetlights:2:151396","sourceLayerId":2,"sourceObjectId":151396,"sourceURL":"https://maps8.stlouis-mo.gov/arcgis/rest/services/STREETS/Streets_Permitting/MapServer/2","title":"Street light L044262"},"type":"Feature"},{"geometry":{"coordinates":[-90.28095617826969,38.64240711264419],"type":"Point"},"id":"stl-city-public-streetlights:2:151397","properties":{"address":null,"attributes":{"Date_Installed":null,"LED_Powered":0,"LightID":"L044263","Light_Source":"High Pressure Sodium","Light_Type":"Decorative","Lighting_Type":"King Twin Fixtures (Historic Light Fixture)","Verification_Date":null},"id":"stl-city-public-streetlights:2:151397","sourceLayerId":2,"sourceObjectId":151397,"sourceURL":"https://maps8.stlouis-mo.gov/arcgis/rest/services/STREETS/Streets_Permitting/MapServer/2","title":"Street light L044263"},"type":"Feature"},{"geometry":{"coordinates":[-90.28138171781272,38.64239360609601],"type":"Point"},"id":"stl-city-public-streetlights:2:151398","properties":{"address":null,"attributes":{"Date_Installed":null,"LED_Powered":0,"LightID":"L044264","Light_Source":"High Pressure Sodium","Light_Type":"Decorative","Lighting_Type":"King Twin Fixtures (Historic Light Fixture)","Verification_Date":null},"id":"stl-city-public-streetlights:2:151398","sourceLayerId":2,"sourceObjectId":151398,"sourceURL":"https://maps8.stlouis-mo.gov/arcgis/rest/services/STREETS/Streets_Permitting/MapServer/2","title":"Street light L044264"},"type":"Feature"},{"geometry":{"coordinates":[-90.28165730409997,38.642318321726655],"type":"Point"},"id":"stl-city-public-streetlights:2:151399","properties":{"address":null,"attributes":{"Date_Installed":null,"LED_Powered":0,"LightID":"L044265","Light_Source":"High Pressure Sodium","Light_Type":"Decorative","Lighting_Type":"King Twin Fixtures (Historic Light Fixture)","Verification_Date":null},"id":"stl-city-public-streetlights:2:151399","sourceLayerId":2,"sourceObjectId":151399,"sourceURL":"https://maps8.stlouis-mo.gov/arcgis/rest/services/STREETS/Streets_Permitting/MapServer/2","title":"Street light L044265"},"type":"Feature"},{"geometry":{"coordinates":[-90.28195845779409,38.64217014655584],"type":"Point"},"id":"stl-city-public-streetlights:2:151400","properties":{"address":null,"attributes":{"Date_Installed":null,"LED_Powered":0,"LightID":"L044266","Light_Source":"High Pressure Sodium","Light_Type":"Decorative","Lighting_Type":"King Twin Fixtures (Historic Light Fixture)","Verification_Date":null},"id":"stl-city-public-streetlights:2:151400","sourceLayerId":2,"sourceObjectId":151400,"sourceURL":"https://maps8.stlouis-mo.gov/arcgis/rest/services/STREETS/Streets_Permitting/MapServer/2","title":"Street light L044266"},"type":"Feature"},{"geometry":{"coordinates":[-90.28222757541891,38.64199771308656],"type":"Point"},"id":"stl-city-public-streetlights:2:151401","properties":{"address":null,"attributes":{"Date_Installed":null,"LED_Powered":0,"LightID":"L044267","Light_Source":"High Pressure Sodium","Light_Type":"Decorative","Lighting_Type":"King Luminaire (Historic Light Fixture)","Verification_Date":null},"id":"stl-city-public-streetlights:2:151401","sourceLayerId":2,"sourceObjectId":151401,"sourceURL":"https://maps8.stlouis-mo.gov/arcgis/rest/services/STREETS/Streets_Permitting/MapServer/2","title":"Street light L044267"},"type":"Feature"},{"geometry":{"coordinates":[-90.2811483457662,38.64105512644644],"type":"Point"},"id":"stl-city-public-streetlights:2:151402","properties":{"address":null,"attributes":{"Date_Installed":null,"LED_Powered":0,"LightID":"L044268","Light_Source":"High Pressure Sodium","Light_Type":"Decorative","Lighting_Type":"King Luminaire (Historic Light Fixture)","Verification_Date":null},"id":"stl-city-public-streetlights:2:151402","sourceLayerId":2,"sourceObjectId":151402,"sourceURL":"https://maps8.stlouis-mo.gov/arcgis/rest/services/STREETS/Streets_Permitting/MapServer/2","title":"Street light L044268"},"type":"Feature"},{"geometry":{"coordinates":[-90.28114072519239,38.64116285137049],"type":"Point"},"id":"stl-city-public-streetlights:2:151403","properties":{"address":null,"attributes":{"Date_Installed":null,"LED_Powered":0,"LightID":"L044269","Light_Source":"High Pressure Sodium","Light_Type":"Decorative","Lighting_Type":"King Luminaire (Historic Light Fixture)","Verification_Date":null},"id":"stl-city-public-streetlights:2:151403","sourceLayerId":2,"sourceObjectId":151403,"sourceURL":"https://maps8.stlouis-mo.gov/arcgis/rest/services/STREETS/Streets_Permitting/MapServer/2","title":"Street light L044269"},"type":"Feature"},{"geometry":{"coordinates":[-90.280842373118,38.64125000976482],"type":"Point"},"id":"stl-city-public-streetlights:2:151404","properties":{"address":null,"attributes":{"Date_Installed":null,"LED_Powered":0,"LightID":"L044270","Light_Source":"High Pressure Sodium","Light_Type":"Decorative","Lighting_Type":"King Luminaire (Historic Light Fixture)","Verification_Date":null},"id":"stl-city-public-streetlights:2:151404","sourceLayerId":2,"sourceObjectId":151404,"sourceURL":"https://maps8.stlouis-mo.gov/arcgis/rest/services/STREETS/Streets_Permitting/MapServer/2","title":"Street light L044270"},"type":"Feature"},{"geometry":{"coordinates":[-90.28098212765887,38.641266479382615],"type":"Point"},"id":"stl-city-public-streetlights:2:151405","properties":{"address":null,"attributes":{"Date_Installed":null,"LED_Powered":0,"LightID":"L044271","Light_Source":"High Pressure Sodium","Light_Type":"Decorative","Lighting_Type":"King Luminaire (Historic Light Fixture)","Verification_Date":null},"id":"stl-city-public-streetlights:2:151405","sourceLayerId":2,"sourceObjectId":151405,"sourceURL":"https://maps8.stlouis-mo.gov/arcgis/rest/services/STREETS/Streets_Permitting/MapServer/2","title":"Street light L044271"},"type":"Feature"},{"geometry":{"coordinates":[-90.28114232767234,38.641355450128906],"type":"Point"},"id":"stl-city-public-streetlights:2:151406","properties":{"address":null,"attributes":{"Date_Installed":null,"LED_Powered":0,"LightID":"L044272","Light_Source":"High Pressure Sodium","Light_Type":"Decorative","Lighting_Type":"King Luminaire (Historic Light Fixture)","Verification_Date":null},"id":"stl-city-public-streetlights:2:151406","sourceLayerId":2,"sourceObjectId":151406,"sourceURL":"https://maps8.stlouis-mo.gov/arcgis/rest/services/STREETS/Streets_Permitting/MapServer/2","title":"Street light L044272"},"type":"Feature"},{"geometry":{"coordinates":[-90.28138240772246,38.64156155675394],"type":"Point"},"id":"stl-city-public-streetlights:2:151407","properties":{"address":null,"attributes":{"Date_Installed":null,"LED_Powered":0,"LightID":"L044273","Light_Source":"High Pressure Sodium","Light_Type":"Decorative","Lighting_Type":"King Luminaire (Historic Light Fixture)","Verification_Date":null},"id":"stl-city-public-streetlights:2:151407","sourceLayerId":2,"sourceObjectId":151407,"sourceURL":"https://maps8.stlouis-mo.gov/arcgis/rest/services/STREETS/Streets_Permitting/MapServer/2","title":"Street light L044273"},"type":"Feature"},{"geometry":{"coordinates":[-90.28172420200879,38.6417013976873],"type":"Point"},"id":"stl-city-public-streetlights:2:151408","properties":{"address":null,"attributes":{"Date_Installed":null,"LED_Powered":0,"LightID":"L044274","Light_Source":"High Pressure Sodium","Light_Type":"Decorative","Lighting_Type":"King Luminaire (Historic Light Fixture)","Verification_Date":null},"id":"stl-city-public-streetlights:2:151408","sourceLayerId":2,"sourceObjectId":151408,"sourceURL":"https://maps8.stlouis-mo.gov/arcgis/rest/services/STREETS/Streets_Permitting/MapServer/2","title":"Street light L044274"},"type":"Feature"},{"geometry":{"coordinates":[-90.28204261339933,38.64173440893292],"type":"Point"},"id":"stl-city-public-streetlights:2:151409","properties":{"address":null,"attributes":{"Date_Installed":null,"LED_Powered":0,"LightID":"L044275","Light_Source":"High Pressure Sodium","Light_Type":"Decorative","Lighting_Type":"King Luminaire (Historic Light Fixture)","Verification_Date":null},"id":"stl-city-public-streetlights:2:151409","sourceLayerId":2,"sourceObjectId":151409,"sourceURL":"https://maps8.stlouis-mo.gov/arcgis/rest/services/STREETS/Streets_Permitting/MapServer/2","title":"Street light L044275"},"type":"Feature"},{"geometry":{"coordinates":[-90.28213345222333,38.64184613076594],"type":"Point"},"id":"stl-city-public-streetlights:2:151410","properties":{"address":null,"attributes":{"Date_Installed":null,"LED_Powered":0,"LightID":"L044276","Light_Source":"High Pressure Sodium","Light_Type":"Decorative","Lighting_Type":"King Luminaire (Historic Light Fixture)","Verification_Date":null},"id":"stl-city-public-streetlights:2:151410","sourceLayerId":2,"sourceObjectId":151410,"sourceURL":"https://maps8.stlouis-mo.gov/arcgis/rest/services/STREETS/Streets_Permitting/MapServer/2","title":"Street light L044276"},"type":"Feature"},{"geometry":{"coordinates":[-90.2821785171903,38.64181856458105],"type":"Point"},"id":"stl-city-public-streetlights:2:151411","properties":{"address":null,"attributes":{"Date_Installed":null,"LED_Powered":0,"LightID":"L044277","Light_Source":"High Pressure Sodium","Light_Type":"Decorative","Lighting_Type":"King Luminaire (Historic Light Fixture)","Verification_Date":null},"id":"stl-city-public-streetlights:2:151411","sourceLayerId":2,"sourceObjectId":151411,"sourceURL":"https://maps8.stlouis-mo.gov/arcgis/rest/services/STREETS/Streets_Permitting/MapServer/2","title":"Street light L044277"},"type":"Feature"},{"geometry":{"coordinates":[-90.2834133789469,38.643428150052756],"type":"Point"},"id":"stl-city-public-streetlights:2:151416","properties":{"address":null,"attributes":{"Date_Installed":null,"LED_Powered":0,"LightID":"L044282","Light_Source":"LED","Light_Type":"Cobra","Lighting_Type":"LED-Powered Lamp","Verification_Date":null},"id":"stl-city-public-streetlights:2:151416","sourceLayerId":2,"sourceObjectId":151416,"sourceURL":"https://maps8.stlouis-mo.gov/arcgis/rest/services/STREETS/Streets_Permitting/MapServer/2","title":"Street light L044282"},"type":"Feature"},{"geometry":{"coordinates":[-90.2828514530885,38.64361541315024],"type":"Point"},"id":"stl-city-public-streetlights:2:151417","properties":{"address":null,"attributes":{"Date_Installed":null,"LED_Powered":0,"LightID":"L044283","Light_Source":"LED","Light_Type":"Cobra","Lighting_Type":"LED-Powered Lamp","Verification_Date":null},"id":"stl-city-public-streetlights:2:151417","sourceLayerId":2,"sourceObjectId":151417,"sourceURL":"https://maps8.stlouis-mo.gov/arcgis/rest/services/STREETS/Streets_Permitting/MapServer/2","title":"Street light L044283"},"type":"Feature"},{"geometry":{"coordinates":[-90.28250847682891,38.643762559694494],"type":"Point"},"id":"stl-city-public-streetlights:2:151418","properties":{"address":null,"attributes":{"Date_Installed":null,"LED_Powered":0,"LightID":"L044284","Light_Source":"LED","Light_Type":"Cobra","Lighting_Type":"LED-Powered Lamp","Verification_Date":null},"id":"stl-city-public-streetlights:2:151418","sourceLayerId":2,"sourceObjectId":151418,"sourceURL":"https://maps8.stlouis-mo.gov/arcgis/rest/services/STREETS/Streets_Permitting/MapServer/2","title":"Street light L044284"},"type":"Feature"},{"geometry":{"coordinates":[-90.28216071242532,38.64388466871216],"type":"Point"},"id":"stl-city-public-streetlights:2:151419","properties":{"address":null,"attributes":{"Date_Installed":null,"LED_Powered":0,"LightID":"L044285","Light_Source":"LED","Light_Type":"Cobra","Lighting_Type":"LED-Powered Lamp","Verification_Date":null},"id":"stl-city-public-streetlights:2:151419","sourceLayerId":2,"sourceObjectId":151419,"sourceURL":"https://maps8.stlouis-mo.gov/arcgis/rest/services/STREETS/Streets_Permitting/MapServer/2","title":"Street light L044285"},"type":"Feature"},{"geometry":{"coordinates":[-90.2818647301906,38.64388096679729],"type":"Point"},"id":"stl-city-public-streetlights:2:151420","properties":{"address":null,"attributes":{"Date_Installed":null,"LED_Powered":0,"LightID":"L044286","Light_Source":"LED","Light_Type":"Cobra","Lighting_Type":"LED-Powered Lamp","Verification_Date":null},"id":"stl-city-public-streetlights:2:151420","sourceLayerId":2,"sourceObjectId":151420,"sourceURL":"https://maps8.stlouis-mo.gov/arcgis/rest/services/STREETS/Streets_Permitting/MapServer/2","title":"Street light L044286"},"type":"Feature"},{"geometry":{"coordinates":[-90.28871691157786,38.648135034493635],"type":"Point"},"id":"stl-city-public-streetlights:2:155383","properties":{"address":null,"attributes":{"Date_Installed":null,"LED_Powered":0,"LightID":"L048115","Light_Source":"High Pressure Sodium","Light_Type":"Cobra","Lighting_Type":"400-W High Pressure Sodium Vapor Lamp","Verification_Date":null},"id":"stl-city-public-streetlights:2:155383","sourceLayerId":2,"sourceObjectId":155383,"sourceURL":"https://maps8.stlouis-mo.gov/arcgis/rest/services/STREETS/Streets_Permitting/MapServer/2","title":"Street light L048115"},"type":"Feature"},{"geometry":{"coordinates":[-90.28942978823595,38.648200676594264],"type":"Point"},"id":"stl-city-public-streetlights:2:155384","properties":{"address":null,"attributes":{"Date_Installed":null,"LED_Powered":0,"LightID":"L048116","Light_Source":"High Pressure Sodium","Light_Type":"Cobra","Lighting_Type":"400-W High Pressure Sodium Vapor Lamp","Verification_Date":null},"id":"stl-city-public-streetlights:2:155384","sourceLayerId":2,"sourceObjectId":155384,"sourceURL":"https://maps8.stlouis-mo.gov/arcgis/rest/services/STREETS/Streets_Permitting/MapServer/2","title":"Street light L048116"},"type":"Feature"},{"geometry":{"coordinates":[-90.28991649048405,38.6496756177105],"type":"Point"},"id":"stl-city-public-streetlights:2:155470","properties":{"address":null,"attributes":{"Date_Installed":null,"LED_Powered":0,"LightID":"L048202","Light_Source":"High Pressure Sodium","Light_Type":"Cobra","Lighting_Type":"400-W High Pressure Sodium Vapor Lamp","Verification_Date":null},"id":"stl-city-public-streetlights:2:155470","sourceLayerId":2,"sourceObjectId":155470,"sourceURL":"https://maps8.stlouis-mo.gov/arcgis/rest/services/STREETS/Streets_Permitting/MapServer/2","title":"Street light L048202"},"type":"Feature"},{"geometry":{"coordinates":[-90.28997306545845,38.64934964185946],"type":"Point"},"id":"stl-city-public-streetlights:2:155471","properties":{"address":null,"attributes":{"Date_Installed":null,"LED_Powered":0,"LightID":"L048203","Light_Source":"High Pressure Sodium","Light_Type":"Cobra","Lighting_Type":"400-W High Pressure Sodium Vapor Lamp","Verification_Date":null},"id":"stl-city-public-streetlights:2:155471","sourceLayerId":2,"sourceObjectId":155471,"sourceURL":"https://maps8.stlouis-mo.gov/arcgis/rest/services/STREETS/Streets_Permitting/MapServer/2","title":"Street light L048203"},"type":"Feature"},{"geometry":{"coordinates":[-90.28830077048868,38.64993633103402],"type":"Point"},"id":"stl-city-public-streetlights:2:155736","properties":{"address":null,"attributes":{"Date_Installed":null,"LED_Powered":0,"LightID":"L048464","Light_Source":"LED","Light_Type":"Cobra","Lighting_Type":"LED-Powered Lamp","Verification_Date":null},"id":"stl-city-public-streetlights:2:155736","sourceLayerId":2,"sourceObjectId":155736,"sourceURL":"https://maps8.stlouis-mo.gov/arcgis/rest/services/STREETS/Streets_Permitting/MapServer/2","title":"Street light L048464"},"type":"Feature"},{"geometry":{"coordinates":[-90.28795201084114,38.64966706711385],"type":"Point"},"id":"stl-city-public-streetlights:2:155737","properties":{"address":null,"attributes":{"Date_Installed":null,"LED_Powered":0,"LightID":"L048465","Light_Source":"LED","Light_Type":"Cobra","Lighting_Type":"LED-Powered Lamp","Verification_Date":null},"id":"stl-city-public-streetlights:2:155737","sourceLayerId":2,"sourceObjectId":155737,"sourceURL":"https://maps8.stlouis-mo.gov/arcgis/rest/services/STREETS/Streets_Permitting/MapServer/2","title":"Street light L048465"},"type":"Feature"},{"geometry":{"coordinates":[-90.28762708252083,38.64943979707654],"type":"Point"},"id":"stl-city-public-streetlights:2:155738","properties":{"address":null,"attributes":{"Date_Installed":null,"LED_Powered":0,"LightID":"L048466","Light_Source":"LED","Light_Type":"Cobra","Lighting_Type":"LED-Powered Lamp","Verification_Date":null},"id":"stl-city-public-streetlights:2:155738","sourceLayerId":2,"sourceObjectId":155738,"sourceURL":"https://maps8.stlouis-mo.gov/arcgis/rest/services/STREETS/Streets_Permitting/MapServer/2","title":"Street light L048466"},"type":"Feature"},{"geometry":{"coordinates":[-90.2872785180477,38.6492297405704],"type":"Point"},"id":"stl-city-public-streetlights:2:155739","properties":{"address":null,"attributes":{"Date_Installed":null,"LED_Powered":0,"LightID":"L048467","Light_Source":"LED","Light_Type":"Cobra","Lighting_Type":"LED-Powered Lamp","Verification_Date":null},"id":"stl-city-public-streetlights:2:155739","sourceLayerId":2,"sourceObjectId":155739,"sourceURL":"https://maps8.stlouis-mo.gov/arcgis/rest/services/STREETS/Streets_Permitting/MapServer/2","title":"Street light L048467"},"type":"Feature"},{"geometry":{"coordinates":[-90.2869123913144,38.64903876698239],"type":"Point"},"id":"stl-city-public-streetlights:2:155740","properties":{"address":null,"attributes":{"Date_Installed":null,"LED_Powered":0,"LightID":"L048468","Light_Source":"LED","Light_Type":"Cobra","Lighting_Type":"LED-Powered Lamp","Verification_Date":null},"id":"stl-city-public-streetlights:2:155740","sourceLayerId":2,"sourceObjectId":155740,"sourceURL":"https://maps8.stlouis-mo.gov/arcgis/rest/services/STREETS/Streets_Permitting/MapServer/2","title":"Street light L048468"},"type":"Feature"},{"geometry":{"coordinates":[-90.28641539198946,38.648865478354125],"type":"Point"},"id":"stl-city-public-streetlights:2:155741","properties":{"address":null,"attributes":{"Date_Installed":null,"LED_Powered":0,"LightID":"L048469","Light_Source":"LED","Light_Type":"Cobra","Lighting_Type":"LED-Powered Lamp","Verification_Date":null},"id":"stl-city-public-streetlights:2:155741","sourceLayerId":2,"sourceObjectId":155741,"sourceURL":"https://maps8.stlouis-mo.gov/arcgis/rest/services/STREETS/Streets_Permitting/MapServer/2","title":"Street light L048469"},"type":"Feature"},{"geometry":{"coordinates":[-90.28594187400554,38.648793801243606],"type":"Point"},"id":"stl-city-public-streetlights:2:155742","properties":{"address":null,"attributes":{"Date_Installed":null,"LED_Powered":0,"LightID":"L048470","Light_Source":"LED","Light_Type":"Cobra","Lighting_Type":"LED-Powered Lamp","Verification_Date":null},"id":"stl-city-public-streetlights:2:155742","sourceLayerId":2,"sourceObjectId":155742,"sourceURL":"https://maps8.stlouis-mo.gov/arcgis/rest/services/STREETS/Streets_Permitting/MapServer/2","title":"Street light L048470"},"type":"Feature"},{"geometry":{"coordinates":[-90.28037853534062,38.64947305252216],"type":"Point"},"id":"stl-city-public-streetlights:2:155799","properties":{"address":null,"attributes":{"Date_Installed":"3/2/20","LED_Powered":1,"LightID":"L048527","Light_Source":"LED","Light_Type":"Cobra","Lighting_Type":"LED-Powered Lamp","Verification_Date":null},"id":"stl-city-public-streetlights:2:155799","sourceLayerId":2,"sourceObjectId":155799,"sourceURL":"https://maps8.stlouis-mo.gov/arcgis/rest/services/STREETS/Streets_Permitting/MapServer/2","title":"Street light L048527"},"type":"Feature"},{"geometry":{"coordinates":[-90.28095946535605,38.64953027603804],"type":"Point"},"id":"stl-city-public-streetlights:2:155800","properties":{"address":null,"attributes":{"Date_Installed":"3/2/20","LED_Powered":1,"LightID":"L048528","Light_Source":"LED","Light_Type":"Cobra","Lighting_Type":"LED-Powered Lamp","Verification_Date":null},"id":"stl-city-public-streetlights:2:155800","sourceLayerId":2,"sourceObjectId":155800,"sourceURL":"https://maps8.stlouis-mo.gov/arcgis/rest/services/STREETS/Streets_Permitting/MapServer/2","title":"Street light L048528"},"type":"Feature"},{"geometry":{"coordinates":[-90.2816524707323,38.64959592831509],"type":"Point"},"id":"stl-city-public-streetlights:2:155801","properties":{"address":null,"attributes":{"Date_Installed":"3/2/20","LED_Powered":1,"LightID":"L048529","Light_Source":"LED","Light_Type":"Cobra","Lighting_Type":"LED-Powered Lamp","Verification_Date":null},"id":"stl-city-public-streetlights:2:155801","sourceLayerId":2,"sourceObjectId":155801,"sourceURL":"https://maps8.stlouis-mo.gov/arcgis/rest/services/STREETS/Streets_Permitting/MapServer/2","title":"Street light L048529"},"type":"Feature"},{"geometry":{"coordinates":[-90.2822799392252,38.6496553284948],"type":"Point"},"id":"stl-city-public-streetlights:2:155802","properties":{"address":null,"attributes":{"Date_Installed":"3/2/20","LED_Powered":1,"LightID":"L048530","Light_Source":"LED","Light_Type":"Cobra","Lighting_Type":"LED-Powered Lamp","Verification_Date":null},"id":"stl-city-public-streetlights:2:155802","sourceLayerId":2,"sourceObjectId":155802,"sourceURL":"https://maps8.stlouis-mo.gov/arcgis/rest/services/STREETS/Streets_Permitting/MapServer/2","title":"Street light L048530"},"type":"Feature"},{"geometry":{"coordinates":[-90.28290215711091,38.64971791191691],"type":"Point"},"id":"stl-city-public-streetlights:2:155803","properties":{"address":null,"attributes":{"Date_Installed":"3/2/20","LED_Powered":1,"LightID":"L048531","Light_Source":"LED","Light_Type":"Cobra","Lighting_Type":"LED-Powered Lamp","Verification_Date":null},"id":"stl-city-public-streetlights:2:155803","sourceLayerId":2,"sourceObjectId":155803,"sourceURL":"https://maps8.stlouis-mo.gov/arcgis/rest/services/STREETS/Streets_Permitting/MapServer/2","title":"Street light L048531"},"type":"Feature"},{"geometry":{"coordinates":[-90.28346482753932,38.649773896329755],"type":"Point"},"id":"stl-city-public-streetlights:2:155804","properties":{"address":null,"attributes":{"Date_Installed":"3/2/20","LED_Powered":1,"LightID":"L048532","Light_Source":"LED","Light_Type":"Cobra","Lighting_Type":"LED-Powered Lamp","Verification_Date":null},"id":"stl-city-public-streetlights:2:155804","sourceLayerId":2,"sourceObjectId":155804,"sourceURL":"https://maps8.stlouis-mo.gov/arcgis/rest/services/STREETS/Streets_Permitting/MapServer/2","title":"Street light L048532"},"type":"Feature"},{"geometry":{"coordinates":[-90.28406802625084,38.64984193106146],"type":"Point"},"id":"stl-city-public-streetlights:2:155805","properties":{"address":null,"attributes":{"Date_Installed":"3/2/20","LED_Powered":1,"LightID":"L048533","Light_Source":"LED","Light_Type":"Cobra","Lighting_Type":"LED-Powered Lamp","Verification_Date":null},"id":"stl-city-public-streetlights:2:155805","sourceLayerId":2,"sourceObjectId":155805,"sourceURL":"https://maps8.stlouis-mo.gov/arcgis/rest/services/STREETS/Streets_Permitting/MapServer/2","title":"Street light L048533"},"type":"Feature"},{"geometry":{"coordinates":[-90.28459667965822,38.649874548465654],"type":"Point"},"id":"stl-city-public-streetlights:2:155806","properties":{"address":null,"attributes":{"Date_Installed":"3/2/20","LED_Powered":1,"LightID":"L048534","Light_Source":"LED","Light_Type":"Cobra","Lighting_Type":"LED-Powered Lamp","Verification_Date":null},"id":"stl-city-public-streetlights:2:155806","sourceLayerId":2,"sourceObjectId":155806,"sourceURL":"https://maps8.stlouis-mo.gov/arcgis/rest/services/STREETS/Streets_Permitting/MapServer/2","title":"Street light L048534"},"type":"Feature"},{"geometry":{"coordinates":[-90.28287768325434,38.6486211097617],"type":"Point"},"id":"stl-city-public-streetlights:2:155807","properties":{"address":null,"attributes":{"Date_Installed":"3/2/20","LED_Powered":1,"LightID":"L048535","Light_Source":"LED","Light_Type":"Cobra","Lighting_Type":"LED-Powered Lamp","Verification_Date":null},"id":"stl-city-public-streetlights:2:155807","sourceLayerId":2,"sourceObjectId":155807,"sourceURL":"https://maps8.stlouis-mo.gov/arcgis/rest/services/STREETS/Streets_Permitting/MapServer/2","title":"Street light L048535"},"type":"Feature"},{"geometry":{"coordinates":[-90.28282194599478,38.64896090877665],"type":"Point"},"id":"stl-city-public-streetlights:2:155808","properties":{"address":null,"attributes":{"Date_Installed":"2020-01-27","LED_Powered":1,"LightID":"L048536","Light_Source":"LED","Light_Type":"Cobra","Lighting_Type":"5G Pole - 5G Pole -5G Pole - LED-Powered Lamp","Verification_Date":null},"id":"stl-city-public-streetlights:2:155808","sourceLayerId":2,"sourceObjectId":155808,"sourceURL":"https://maps8.stlouis-mo.gov/arcgis/rest/services/STREETS/Streets_Permitting/MapServer/2","title":"Street light L048536"},"type":"Feature"},{"geometry":{"coordinates":[-90.28275264688382,38.64937514998514],"type":"Point"},"id":"stl-city-public-streetlights:2:155809","properties":{"address":null,"attributes":{"Date_Installed":"3/2/20","LED_Powered":1,"LightID":"L048537","Light_Source":"LED","Light_Type":"Cobra","Lighting_Type":"LED-Powered Lamp","Verification_Date":null},"id":"stl-city-public-streetlights:2:155809","sourceLayerId":2,"sourceObjectId":155809,"sourceURL":"https://maps8.stlouis-mo.gov/arcgis/rest/services/STREETS/Streets_Permitting/MapServer/2","title":"Street light L048537"},"type":"Feature"},{"geometry":{"coordinates":[-90.28264424157352,38.649993851619556],"type":"Point"},"id":"stl-city-public-streetlights:2:155810","properties":{"address":null,"attributes":{"Date_Installed":"3/2/20","LED_Powered":1,"LightID":"L048538","Light_Source":"LED","Light_Type":"Cobra","Lighting_Type":"LED-Powered Lamp","Verification_Date":null},"id":"stl-city-public-streetlights:2:155810","sourceLayerId":2,"sourceObjectId":155810,"sourceURL":"https://maps8.stlouis-mo.gov/arcgis/rest/services/STREETS/Streets_Permitting/MapServer/2","title":"Street light L048538"},"type":"Feature"},{"geometry":{"coordinates":[-90.28265980961518,38.64741779475162],"type":"Point"},"id":"stl-city-public-streetlights:2:155828","properties":{"address":null,"attributes":{"Date_Installed":"3/2/20","LED_Powered":1,"LightID":"L048556","Light_Source":"LED","Light_Type":"Cobra","Lighting_Type":"LED-Powered Lamp","Verification_Date":null},"id":"stl-city-public-streetlights:2:155828","sourceLayerId":2,"sourceObjectId":155828,"sourceURL":"https://maps8.stlouis-mo.gov/arcgis/rest/services/STREETS/Streets_Permitting/MapServer/2","title":"Street light L048556"},"type":"Feature"},{"geometry":{"coordinates":[-90.28205771402087,38.64735946818913],"type":"Point"},"id":"stl-city-public-streetlights:2:155829","properties":{"address":null,"attributes":{"Date_Installed":"3/2/20","LED_Powered":1,"LightID":"L048557","Light_Source":"LED","Light_Type":"Cobra","Lighting_Type":"LED-Powered Lamp","Verification_Date":null},"id":"stl-city-public-streetlights:2:155829","sourceLayerId":2,"sourceObjectId":155829,"sourceURL":"https://maps8.stlouis-mo.gov/arcgis/rest/services/STREETS/Streets_Permitting/MapServer/2","title":"Street light L048557"},"type":"Feature"},{"geometry":{"coordinates":[-90.28144178460741,38.64730230455981],"type":"Point"},"id":"stl-city-public-streetlights:2:155830","properties":{"address":null,"attributes":{"Date_Installed":"3/2/20","LED_Powered":1,"LightID":"L048558","Light_Source":"LED","Light_Type":"Cobra","Lighting_Type":"LED-Powered Lamp","Verification_Date":null},"id":"stl-city-public-streetlights:2:155830","sourceLayerId":2,"sourceObjectId":155830,"sourceURL":"https://maps8.stlouis-mo.gov/arcgis/rest/services/STREETS/Streets_Permitting/MapServer/2","title":"Street light L048558"},"type":"Feature"},{"geometry":{"coordinates":[-90.28081431735833,38.64724154044463],"type":"Point"},"id":"stl-city-public-streetlights:2:155831","properties":{"address":null,"attributes":{"Date_Installed":"3/2/20","LED_Powered":1,"LightID":"L048559","Light_Source":"LED","Light_Type":"Cobra","Lighting_Type":"LED-Powered Lamp","Verification_Date":null},"id":"stl-city-public-streetlights:2:155831","sourceLayerId":2,"sourceObjectId":155831,"sourceURL":"https://maps8.stlouis-mo.gov/arcgis/rest/services/STREETS/Streets_Permitting/MapServer/2","title":"Street light L048559"},"type":"Feature"},{"geometry":{"coordinates":[-90.28019054805111,38.647177352932516],"type":"Point"},"id":"stl-city-public-streetlights:2:155832","properties":{"address":null,"attributes":{"Date_Installed":"3/2/20","LED_Powered":1,"LightID":"L048560","Light_Source":"LED","Light_Type":"Cobra","Lighting_Type":"LED-Powered Lamp","Verification_Date":null},"id":"stl-city-public-streetlights:2:155832","sourceLayerId":2,"sourceObjectId":155832,"sourceURL":"https://maps8.stlouis-mo.gov/arcgis/rest/services/STREETS/Streets_Permitting/MapServer/2","title":"Street light L048560"},"type":"Feature"},{"geometry":{"coordinates":[-90.28596919996387,38.64604415901673],"type":"Point"},"id":"stl-city-public-streetlights:2:155929","properties":{"address":null,"attributes":{"Date_Installed":null,"LED_Powered":0,"LightID":"L048657","Light_Source":"High Pressure Sodium","Light_Type":"Cobra","Lighting_Type":"400-W High Pressure Sodium Vapor Lamp","Verification_Date":null},"id":"stl-city-public-streetlights:2:155929","sourceLayerId":2,"sourceObjectId":155929,"sourceURL":"https://maps8.stlouis-mo.gov/arcgis/rest/services/STREETS/Streets_Permitting/MapServer/2","title":"Street light L048657"},"type":"Feature"},{"geometry":{"coordinates":[-90.2852598976056,38.649959272902876],"type":"Point"},"id":"stl-city-public-streetlights:2:155977","properties":{"address":null,"attributes":{"Date_Installed":null,"LED_Powered":1,"LightID":"L048705","Light_Source":"LED","Light_Type":"Cobra","Lighting_Type":"LED-Powered Lamp","Verification_Date":null},"id":"stl-city-public-streetlights:2:155977","sourceLayerId":2,"sourceObjectId":155977,"sourceURL":"https://maps8.stlouis-mo.gov/arcgis/rest/services/STREETS/Streets_Permitting/MapServer/2","title":"Street light L048705"},"type":"Feature"},{"geometry":{"coordinates":[-90.28377725407961,38.64367883700336],"type":"Point"},"id":"stl-city-public-streetlights:2:158753","properties":{"address":null,"attributes":{"Date_Installed":null,"LED_Powered":0,"LightID":"L051414","Light_Source":"High Pressure Sodium","Light_Type":"Decorative","Lighting_Type":"King Luminaire (Historic Light Fixture)","Verification_Date":null},"id":"stl-city-public-streetlights:2:158753","sourceLayerId":2,"sourceObjectId":158753,"sourceURL":"https://maps8.stlouis-mo.gov/arcgis/rest/services/STREETS/Streets_Permitting/MapServer/2","title":"Street light L051414"},"type":"Feature"},{"geometry":{"coordinates":[-90.28331051254156,38.64374709775441],"type":"Point"},"id":"stl-city-public-streetlights:2:158754","properties":{"address":null,"attributes":{"Date_Installed":null,"LED_Powered":0,"LightID":"L051415","Light_Source":"High Pressure Sodium","Light_Type":"Decorative","Lighting_Type":"King Luminaire (Historic Light Fixture)","Verification_Date":null},"id":"stl-city-public-streetlights:2:158754","sourceLayerId":2,"sourceObjectId":158754,"sourceURL":"https://maps8.stlouis-mo.gov/arcgis/rest/services/STREETS/Streets_Permitting/MapServer/2","title":"Street light L051415"},"type":"Feature"},{"geometry":{"coordinates":[-90.28323935711424,38.643657580617294],"type":"Point"},"id":"stl-city-public-streetlights:2:158755","properties":{"address":null,"attributes":{"Date_Installed":null,"LED_Powered":0,"LightID":"L051416","Light_Source":"High Pressure Sodium","Light_Type":"Decorative","Lighting_Type":"King Luminaire (Historic Light Fixture)","Verification_Date":null},"id":"stl-city-public-streetlights:2:158755","sourceLayerId":2,"sourceObjectId":158755,"sourceURL":"https://maps8.stlouis-mo.gov/arcgis/rest/services/STREETS/Streets_Permitting/MapServer/2","title":"Street light L051416"},"type":"Feature"},{"geometry":{"coordinates":[-90.28326334938744,38.64365677012434],"type":"Point"},"id":"stl-city-public-streetlights:2:158756","properties":{"address":null,"attributes":{"Date_Installed":null,"LED_Powered":0,"LightID":"L051417","Light_Source":"High Pressure Sodium","Light_Type":"Decorative","Lighting_Type":"King Luminaire (Historic Light Fixture)","Verification_Date":null},"id":"stl-city-public-streetlights:2:158756","sourceLayerId":2,"sourceObjectId":158756,"sourceURL":"https://maps8.stlouis-mo.gov/arcgis/rest/services/STREETS/Streets_Permitting/MapServer/2","title":"Street light L051417"},"type":"Feature"},{"geometry":{"coordinates":[-90.28331995287863,38.64363985267435],"type":"Point"},"id":"stl-city-public-streetlights:2:158757","properties":{"address":null,"attributes":{"Date_Installed":null,"LED_Powered":0,"LightID":"L051418","Light_Source":"High Pressure Sodium","Light_Type":"Decorative","Lighting_Type":"King Luminaire (Historic Light Fixture)","Verification_Date":null},"id":"stl-city-public-streetlights:2:158757","sourceLayerId":2,"sourceObjectId":158757,"sourceURL":"https://maps8.stlouis-mo.gov/arcgis/rest/services/STREETS/Streets_Permitting/MapServer/2","title":"Street light L051418"},"type":"Feature"},{"geometry":{"coordinates":[-90.2835158543124,38.64359396189349],"type":"Point"},"id":"stl-city-public-streetlights:2:158758","properties":{"address":null,"attributes":{"Date_Installed":null,"LED_Powered":0,"LightID":"L051419","Light_Source":"High Pressure Sodium","Light_Type":"Decorative","Lighting_Type":"King Luminaire (Historic Light Fixture)","Verification_Date":null},"id":"stl-city-public-streetlights:2:158758","sourceLayerId":2,"sourceObjectId":158758,"sourceURL":"https://maps8.stlouis-mo.gov/arcgis/rest/services/STREETS/Streets_Permitting/MapServer/2","title":"Street light L051419"},"type":"Feature"},{"geometry":{"coordinates":[-90.28380926835978,38.64355398338043],"type":"Point"},"id":"stl-city-public-streetlights:2:158759","properties":{"address":null,"attributes":{"Date_Installed":null,"LED_Powered":0,"LightID":"L051420","Light_Source":"High Pressure Sodium","Light_Type":"Decorative","Lighting_Type":"King Luminaire (Historic Light Fixture)","Verification_Date":null},"id":"stl-city-public-streetlights:2:158759","sourceLayerId":2,"sourceObjectId":158759,"sourceURL":"https://maps8.stlouis-mo.gov/arcgis/rest/services/STREETS/Streets_Permitting/MapServer/2","title":"Street light L051420"},"type":"Feature"},{"geometry":{"coordinates":[-90.2841053467949,38.64353784477393],"type":"Point"},"id":"stl-city-public-streetlights:2:158760","properties":{"address":null,"attributes":{"Date_Installed":null,"LED_Powered":0,"LightID":"L051421","Light_Source":"High Pressure Sodium","Light_Type":"Decorative","Lighting_Type":"King Luminaire (Historic Light Fixture)","Verification_Date":null},"id":"stl-city-public-streetlights:2:158760","sourceLayerId":2,"sourceObjectId":158760,"sourceURL":"https://maps8.stlouis-mo.gov/arcgis/rest/services/STREETS/Streets_Permitting/MapServer/2","title":"Street light L051421"},"type":"Feature"},{"geometry":{"coordinates":[-90.28442287864338,38.643563457923364],"type":"Point"},"id":"stl-city-public-streetlights:2:158761","properties":{"address":null,"attributes":{"Date_Installed":null,"LED_Powered":0,"LightID":"L051422","Light_Source":"High Pressure Sodium","Light_Type":"Decorative","Lighting_Type":"King Luminaire (Historic Light Fixture)","Verification_Date":null},"id":"stl-city-public-streetlights:2:158761","sourceLayerId":2,"sourceObjectId":158761,"sourceURL":"https://maps8.stlouis-mo.gov/arcgis/rest/services/STREETS/Streets_Permitting/MapServer/2","title":"Street light L051422"},"type":"Feature"},{"geometry":{"coordinates":[-90.28476310120668,38.643623674573114],"type":"Point"},"id":"stl-city-public-streetlights:2:158762","properties":{"address":null,"attributes":{"Date_Installed":null,"LED_Powered":0,"LightID":"L051423","Light_Source":"High Pressure Sodium","Light_Type":"Decorative","Lighting_Type":"King Luminaire (Historic Light Fixture)","Verification_Date":null},"id":"stl-city-public-streetlights:2:158762","sourceLayerId":2,"sourceObjectId":158762,"sourceURL":"https://maps8.stlouis-mo.gov/arcgis/rest/services/STREETS/Streets_Permitting/MapServer/2","title":"Street light L051423"},"type":"Feature"},{"geometry":{"coordinates":[-90.28509412629434,38.64371128469326],"type":"Point"},"id":"stl-city-public-streetlights:2:158763","properties":{"address":null,"attributes":{"Date_Installed":null,"LED_Powered":0,"LightID":"L051424","Light_Source":"High Pressure Sodium","Light_Type":"Decorative","Lighting_Type":"King Luminaire (Historic Light Fixture)","Verification_Date":null},"id":"stl-city-public-streetlights:2:158763","sourceLayerId":2,"sourceObjectId":158763,"sourceURL":"https://maps8.stlouis-mo.gov/arcgis/rest/services/STREETS/Streets_Permitting/MapServer/2","title":"Street light L051424"},"type":"Feature"},{"geometry":{"coordinates":[-90.28527588390266,38.64370923468164],"type":"Point"},"id":"stl-city-public-streetlights:2:158764","properties":{"address":null,"attributes":{"Date_Installed":null,"LED_Powered":0,"LightID":"L051425","Light_Source":"High Pressure Sodium","Light_Type":"Decorative","Lighting_Type":"King Luminaire (Historic Light Fixture)","Verification_Date":null},"id":"stl-city-public-streetlights:2:158764","sourceLayerId":2,"sourceObjectId":158764,"sourceURL":"https://maps8.stlouis-mo.gov/arcgis/rest/services/STREETS/Streets_Permitting/MapServer/2","title":"Street light L051425"},"type":"Feature"},{"geometry":{"coordinates":[-90.28543034515855,38.64389186525349],"type":"Point"},"id":"stl-city-public-streetlights:2:158765","properties":{"address":null,"attributes":{"Date_Installed":null,"LED_Powered":0,"LightID":"L051426","Light_Source":"High Pressure Sodium","Light_Type":"Decorative","Lighting_Type":"King Luminaire (Historic Light Fixture)","Verification_Date":null},"id":"stl-city-public-streetlights:2:158765","sourceLayerId":2,"sourceObjectId":158765,"sourceURL":"https://maps8.stlouis-mo.gov/arcgis/rest/services/STREETS/Streets_Permitting/MapServer/2","title":"Street light L051426"},"type":"Feature"},{"geometry":{"coordinates":[-90.28555176916139,38.643942143096254],"type":"Point"},"id":"stl-city-public-streetlights:2:158766","properties":{"address":null,"attributes":{"Date_Installed":null,"LED_Powered":0,"LightID":"L051427","Light_Source":"High Pressure Sodium","Light_Type":"Decorative","Lighting_Type":"King Luminaire (Historic Light Fixture)","Verification_Date":null},"id":"stl-city-public-streetlights:2:158766","sourceLayerId":2,"sourceObjectId":158766,"sourceURL":"https://maps8.stlouis-mo.gov/arcgis/rest/services/STREETS/Streets_Permitting/MapServer/2","title":"Street light L051427"},"type":"Feature"},{"geometry":{"coordinates":[-90.28558308031631,38.644143614972315],"type":"Point"},"id":"stl-city-public-streetlights:2:158767","properties":{"address":null,"attributes":{"Date_Installed":null,"LED_Powered":0,"LightID":"L051428","Light_Source":"High Pressure Sodium","Light_Type":"Decorative","Lighting_Type":"King Luminaire (Historic Light Fixture)","Verification_Date":null},"id":"stl-city-public-streetlights:2:158767","sourceLayerId":2,"sourceObjectId":158767,"sourceURL":"https://maps8.stlouis-mo.gov/arcgis/rest/services/STREETS/Streets_Permitting/MapServer/2","title":"Street light L051428"},"type":"Feature"},{"geometry":{"coordinates":[-90.28572385665423,38.644329556054686],"type":"Point"},"id":"stl-city-public-streetlights:2:158768","properties":{"address":null,"attributes":{"Date_Installed":null,"LED_Powered":0,"LightID":"L051429","Light_Source":"High Pressure Sodium","Light_Type":"Decorative","Lighting_Type":"King Luminaire (Historic Light Fixture)","Verification_Date":null},"id":"stl-city-public-streetlights:2:158768","sourceLayerId":2,"sourceObjectId":158768,"sourceURL":"https://maps8.stlouis-mo.gov/arcgis/rest/services/STREETS/Streets_Permitting/MapServer/2","title":"Street light L051429"},"type":"Feature"},{"geometry":{"coordinates":[-90.2856796663569,38.64436999709871],"type":"Point"},"id":"stl-city-public-streetlights:2:158769","properties":{"address":null,"attributes":{"Date_Installed":null,"LED_Powered":0,"LightID":"L051430","Light_Source":"High Pressure Sodium","Light_Type":"Decorative","Lighting_Type":"King Luminaire (Historic Light Fixture)","Verification_Date":null},"id":"stl-city-public-streetlights:2:158769","sourceLayerId":2,"sourceObjectId":158769,"sourceURL":"https://maps8.stlouis-mo.gov/arcgis/rest/services/STREETS/Streets_Permitting/MapServer/2","title":"Street light L051430"},"type":"Feature"},{"geometry":{"coordinates":[-90.2856407412114,38.64435664938021],"type":"Point"},"id":"stl-city-public-streetlights:2:158770","properties":{"address":null,"attributes":{"Date_Installed":null,"LED_Powered":0,"LightID":"L051431","Light_Source":"High Pressure Sodium","Light_Type":"Decorative","Lighting_Type":"King Luminaire (Historic Light Fixture)","Verification_Date":null},"id":"stl-city-public-streetlights:2:158770","sourceLayerId":2,"sourceObjectId":158770,"sourceURL":"https://maps8.stlouis-mo.gov/arcgis/rest/services/STREETS/Streets_Permitting/MapServer/2","title":"Street light L051431"},"type":"Feature"},{"geometry":{"coordinates":[-90.28528299050645,38.644464684691165],"type":"Point"},"id":"stl-city-public-streetlights:2:158771","properties":{"address":null,"attributes":{"Date_Installed":null,"LED_Powered":0,"LightID":"L051432","Light_Source":"High Pressure Sodium","Light_Type":"Decorative","Lighting_Type":"King Luminaire (Historic Light Fixture)","Verification_Date":null},"id":"stl-city-public-streetlights:2:158771","sourceLayerId":2,"sourceObjectId":158771,"sourceURL":"https://maps8.stlouis-mo.gov/arcgis/rest/services/STREETS/Streets_Permitting/MapServer/2","title":"Street light L051432"},"type":"Feature"},{"geometry":{"coordinates":[-90.28498889605339,38.64462990092874],"type":"Point"},"id":"stl-city-public-streetlights:2:158772","properties":{"address":null,"attributes":{"Date_Installed":null,"LED_Powered":0,"LightID":"L051433","Light_Source":"High Pressure Sodium","Light_Type":"Decorative","Lighting_Type":"King Luminaire (Historic Light Fixture)","Verification_Date":null},"id":"stl-city-public-streetlights:2:158772","sourceLayerId":2,"sourceObjectId":158772,"sourceURL":"https://maps8.stlouis-mo.gov/arcgis/rest/services/STREETS/Streets_Permitting/MapServer/2","title":"Street light L051433"},"type":"Feature"},{"geometry":{"coordinates":[-90.28479225453407,38.644831192555145],"type":"Point"},"id":"stl-city-public-streetlights:2:158773","properties":{"address":null,"attributes":{"Date_Installed":null,"LED_Powered":0,"LightID":"L051434","Light_Source":"High Pressure Sodium","Light_Type":"Decorative","Lighting_Type":"King Luminaire (Historic Light Fixture)","Verification_Date":null},"id":"stl-city-public-streetlights:2:158773","sourceLayerId":2,"sourceObjectId":158773,"sourceURL":"https://maps8.stlouis-mo.gov/arcgis/rest/services/STREETS/Streets_Permitting/MapServer/2","title":"Street light L051434"},"type":"Feature"},{"geometry":{"coordinates":[-90.28468553971423,38.6452686264342],"type":"Point"},"id":"stl-city-public-streetlights:2:158774","properties":{"address":null,"attributes":{"Date_Installed":null,"LED_Powered":0,"LightID":"L051435","Light_Source":"High Pressure Sodium","Light_Type":"Decorative","Lighting_Type":"King Luminaire (Historic Light Fixture)","Verification_Date":null},"id":"stl-city-public-streetlights:2:158774","sourceLayerId":2,"sourceObjectId":158774,"sourceURL":"https://maps8.stlouis-mo.gov/arcgis/rest/services/STREETS/Streets_Permitting/MapServer/2","title":"Street light L051435"},"type":"Feature"},{"geometry":{"coordinates":[-90.28479210173285,38.64561392151834],"type":"Point"},"id":"stl-city-public-streetlights:2:158775","properties":{"address":null,"attributes":{"Date_Installed":null,"LED_Powered":0,"LightID":"L051436","Light_Source":"High Pressure Sodium","Light_Type":"Decorative","Lighting_Type":"King Luminaire (Historic Light Fixture)","Verification_Date":null},"id":"stl-city-public-streetlights:2:158775","sourceLayerId":2,"sourceObjectId":158775,"sourceURL":"https://maps8.stlouis-mo.gov/arcgis/rest/services/STREETS/Streets_Permitting/MapServer/2","title":"Street light L051436"},"type":"Feature"},{"geometry":{"coordinates":[-90.28495558404448,38.64582981926061],"type":"Point"},"id":"stl-city-public-streetlights:2:158776","properties":{"address":null,"attributes":{"Date_Installed":null,"LED_Powered":0,"LightID":"L051437","Light_Source":"High Pressure Sodium","Light_Type":"Decorative","Lighting_Type":"King Luminaire (Historic Light Fixture)","Verification_Date":null},"id":"stl-city-public-streetlights:2:158776","sourceLayerId":2,"sourceObjectId":158776,"sourceURL":"https://maps8.stlouis-mo.gov/arcgis/rest/services/STREETS/Streets_Permitting/MapServer/2","title":"Street light L051437"},"type":"Feature"},{"geometry":{"coordinates":[-90.28543241620045,38.64599477547774],"type":"Point"},"id":"stl-city-public-streetlights:2:158777","properties":{"address":null,"attributes":{"Date_Installed":null,"LED_Powered":0,"LightID":"L051438","Light_Source":"High Pressure Sodium","Light_Type":"Decorative","Lighting_Type":"King Twin Fixtures (Historic Light Fixture)","Verification_Date":null},"id":"stl-city-public-streetlights:2:158777","sourceLayerId":2,"sourceObjectId":158777,"sourceURL":"https://maps8.stlouis-mo.gov/arcgis/rest/services/STREETS/Streets_Permitting/MapServer/2","title":"Street light L051438"},"type":"Feature"},{"geometry":{"coordinates":[-90.28515758735266,38.645869161955034],"type":"Point"},"id":"stl-city-public-streetlights:2:158778","properties":{"address":null,"attributes":{"Date_Installed":null,"LED_Powered":0,"LightID":"L051439","Light_Source":"High Pressure Sodium","Light_Type":"Decorative","Lighting_Type":"King Twin Fixtures (Historic Light Fixture)","Verification_Date":null},"id":"stl-city-public-streetlights:2:158778","sourceLayerId":2,"sourceObjectId":158778,"sourceURL":"https://maps8.stlouis-mo.gov/arcgis/rest/services/STREETS/Streets_Permitting/MapServer/2","title":"Street light L051439"},"type":"Feature"},{"geometry":{"coordinates":[-90.28506690681462,38.645701189525326],"type":"Point"},"id":"stl-city-public-streetlights:2:158779","properties":{"address":null,"attributes":{"Date_Installed":null,"LED_Powered":0,"LightID":"L051440","Light_Source":"High Pressure Sodium","Light_Type":"Decorative","Lighting_Type":"King Twin Fixtures (Historic Light Fixture)","Verification_Date":null},"id":"stl-city-public-streetlights:2:158779","sourceLayerId":2,"sourceObjectId":158779,"sourceURL":"https://maps8.stlouis-mo.gov/arcgis/rest/services/STREETS/Streets_Permitting/MapServer/2","title":"Street light L051440"},"type":"Feature"},{"geometry":{"coordinates":[-90.28493470157603,38.64544411304866],"type":"Point"},"id":"stl-city-public-streetlights:2:158780","properties":{"address":null,"attributes":{"Date_Installed":null,"LED_Powered":0,"LightID":"L051441","Light_Source":"High Pressure Sodium","Light_Type":"Decorative","Lighting_Type":"King Twin Fixtures (Historic Light Fixture)","Verification_Date":null},"id":"stl-city-public-streetlights:2:158780","sourceLayerId":2,"sourceObjectId":158780,"sourceURL":"https://maps8.stlouis-mo.gov/arcgis/rest/services/STREETS/Streets_Permitting/MapServer/2","title":"Street light L051441"},"type":"Feature"},{"geometry":{"coordinates":[-90.28490217851166,38.64513930955793],"type":"Point"},"id":"stl-city-public-streetlights:2:158781","properties":{"address":null,"attributes":{"Date_Installed":null,"LED_Powered":0,"LightID":"L051442","Light_Source":"High Pressure Sodium","Light_Type":"Decorative","Lighting_Type":"King Twin Fixtures (Historic Light Fixture)","Verification_Date":null},"id":"stl-city-public-streetlights:2:158781","sourceLayerId":2,"sourceObjectId":158781,"sourceURL":"https://maps8.stlouis-mo.gov/arcgis/rest/services/STREETS/Streets_Permitting/MapServer/2","title":"Street light L051442"},"type":"Feature"},{"geometry":{"coordinates":[-90.28503843326085,38.64485471782512],"type":"Point"},"id":"stl-city-public-streetlights:2:158782","properties":{"address":null,"attributes":{"Date_Installed":null,"LED_Powered":0,"LightID":"L051443","Light_Source":"High Pressure Sodium","Light_Type":"Decorative","Lighting_Type":"King Twin Fixtures (Historic Light Fixture)","Verification_Date":null},"id":"stl-city-public-streetlights:2:158782","sourceLayerId":2,"sourceObjectId":158782,"sourceURL":"https://maps8.stlouis-mo.gov/arcgis/rest/services/STREETS/Streets_Permitting/MapServer/2","title":"Street light L051443"},"type":"Feature"},{"geometry":{"coordinates":[-90.28531262923838,38.644636288179235],"type":"Point"},"id":"stl-city-public-streetlights:2:158783","properties":{"address":null,"attributes":{"Date_Installed":null,"LED_Powered":0,"LightID":"L051444","Light_Source":"High Pressure Sodium","Light_Type":"Decorative","Lighting_Type":"King Twin Fixtures (Historic Light Fixture)","Verification_Date":null},"id":"stl-city-public-streetlights:2:158783","sourceLayerId":2,"sourceObjectId":158783,"sourceURL":"https://maps8.stlouis-mo.gov/arcgis/rest/services/STREETS/Streets_Permitting/MapServer/2","title":"Street light L051444"},"type":"Feature"},{"geometry":{"coordinates":[-90.28562904074606,38.64452960494803],"type":"Point"},"id":"stl-city-public-streetlights:2:158784","properties":{"address":null,"attributes":{"Date_Installed":null,"LED_Powered":0,"LightID":"L051445","Light_Source":"High Pressure Sodium","Light_Type":"Decorative","Lighting_Type":"King Twin Fixtures (Historic Light Fixture)","Verification_Date":null},"id":"stl-city-public-streetlights:2:158784","sourceLayerId":2,"sourceObjectId":158784,"sourceURL":"https://maps8.stlouis-mo.gov/arcgis/rest/services/STREETS/Streets_Permitting/MapServer/2","title":"Street light L051445"},"type":"Feature"},{"geometry":{"coordinates":[-90.28619433848009,38.64458884767988],"type":"Point"},"id":"stl-city-public-streetlights:2:158785","properties":{"address":null,"attributes":{"Date_Installed":null,"LED_Powered":0,"LightID":"L051446","Light_Source":"High Pressure Sodium","Light_Type":"Decorative","Lighting_Type":"King Twin Fixtures (Historic Light Fixture)","Verification_Date":null},"id":"stl-city-public-streetlights:2:158785","sourceLayerId":2,"sourceObjectId":158785,"sourceURL":"https://maps8.stlouis-mo.gov/arcgis/rest/services/STREETS/Streets_Permitting/MapServer/2","title":"Street light L051446"},"type":"Feature"},{"geometry":{"coordinates":[-90.28649558139773,38.644779609745854],"type":"Point"},"id":"stl-city-public-streetlights:2:158786","properties":{"address":null,"attributes":{"Date_Installed":null,"LED_Powered":0,"LightID":"L051447","Light_Source":"High Pressure Sodium","Light_Type":"Decorative","Lighting_Type":"King Twin Fixtures (Historic Light Fixture)","Verification_Date":null},"id":"stl-city-public-streetlights:2:158786","sourceLayerId":2,"sourceObjectId":158786,"sourceURL":"https://maps8.stlouis-mo.gov/arcgis/rest/services/STREETS/Streets_Permitting/MapServer/2","title":"Street light L051447"},"type":"Feature"},{"geometry":{"coordinates":[-90.28667626761003,38.64503715398159],"type":"Point"},"id":"stl-city-public-streetlights:2:158787","properties":{"address":null,"attributes":{"Date_Installed":null,"LED_Powered":0,"LightID":"L051448","Light_Source":"High Pressure Sodium","Light_Type":"Decorative","Lighting_Type":"King Twin Fixtures (Historic Light Fixture)","Verification_Date":null},"id":"stl-city-public-streetlights:2:158787","sourceLayerId":2,"sourceObjectId":158787,"sourceURL":"https://maps8.stlouis-mo.gov/arcgis/rest/services/STREETS/Streets_Permitting/MapServer/2","title":"Street light L051448"},"type":"Feature"},{"geometry":{"coordinates":[-90.28670089771883,38.64534096603803],"type":"Point"},"id":"stl-city-public-streetlights:2:158788","properties":{"address":null,"attributes":{"Date_Installed":null,"LED_Powered":0,"LightID":"L051449","Light_Source":"High Pressure Sodium","Light_Type":"Decorative","Lighting_Type":"King Twin Fixtures (Historic Light Fixture)","Verification_Date":null},"id":"stl-city-public-streetlights:2:158788","sourceLayerId":2,"sourceObjectId":158788,"sourceURL":"https://maps8.stlouis-mo.gov/arcgis/rest/services/STREETS/Streets_Permitting/MapServer/2","title":"Street light L051449"},"type":"Feature"},{"geometry":{"coordinates":[-90.28656143307772,38.64563375192206],"type":"Point"},"id":"stl-city-public-streetlights:2:158789","properties":{"address":null,"attributes":{"Date_Installed":null,"LED_Powered":0,"LightID":"L051450","Light_Source":"High Pressure Sodium","Light_Type":"Decorative","Lighting_Type":"King Twin Fixtures (Historic Light Fixture)","Verification_Date":null},"id":"stl-city-public-streetlights:2:158789","sourceLayerId":2,"sourceObjectId":158789,"sourceURL":"https://maps8.stlouis-mo.gov/arcgis/rest/services/STREETS/Streets_Permitting/MapServer/2","title":"Street light L051450"},"type":"Feature"},{"geometry":{"coordinates":[-90.28637393317118,38.64582791249742],"type":"Point"},"id":"stl-city-public-streetlights:2:158790","properties":{"address":null,"attributes":{"Date_Installed":null,"LED_Powered":0,"LightID":"L051451","Light_Source":"High Pressure Sodium","Light_Type":"Decorative","Lighting_Type":"King Twin Fixtures (Historic Light Fixture)","Verification_Date":null},"id":"stl-city-public-streetlights:2:158790","sourceLayerId":2,"sourceObjectId":158790,"sourceURL":"https://maps8.stlouis-mo.gov/arcgis/rest/services/STREETS/Streets_Permitting/MapServer/2","title":"Street light L051451"},"type":"Feature"},{"geometry":{"coordinates":[-90.28623124557639,38.645977103909885],"type":"Point"},"id":"stl-city-public-streetlights:2:158791","properties":{"address":null,"attributes":{"Date_Installed":null,"LED_Powered":0,"LightID":"L051452","Light_Source":"High Pressure Sodium","Light_Type":"Decorative","Lighting_Type":"King Twin Fixtures (Historic Light Fixture)","Verification_Date":null},"id":"stl-city-public-streetlights:2:158791","sourceLayerId":2,"sourceObjectId":158791,"sourceURL":"https://maps8.stlouis-mo.gov/arcgis/rest/services/STREETS/Streets_Permitting/MapServer/2","title":"Street light L051452"},"type":"Feature"},{"geometry":{"coordinates":[-90.28591372087526,38.64604142240377],"type":"Point"},"id":"stl-city-public-streetlights:2:158792","properties":{"address":null,"attributes":{"Date_Installed":null,"LED_Powered":0,"LightID":"L051453","Light_Source":"High Pressure Sodium","Light_Type":"Decorative","Lighting_Type":"King Twin Fixtures (Historic Light Fixture)","Verification_Date":null},"id":"stl-city-public-streetlights:2:158792","sourceLayerId":2,"sourceObjectId":158792,"sourceURL":"https://maps8.stlouis-mo.gov/arcgis/rest/services/STREETS/Streets_Permitting/MapServer/2","title":"Street light L051453"},"type":"Feature"},{"geometry":{"coordinates":[-90.28645386275763,38.64596320887095],"type":"Point"},"id":"stl-city-public-streetlights:2:158793","properties":{"address":null,"attributes":{"Date_Installed":null,"LED_Powered":0,"LightID":"L051454","Light_Source":"High Pressure Sodium","Light_Type":"Decorative","Lighting_Type":"King Luminaire (Historic Light Fixture)","Verification_Date":null},"id":"stl-city-public-streetlights:2:158793","sourceLayerId":2,"sourceObjectId":158793,"sourceURL":"https://maps8.stlouis-mo.gov/arcgis/rest/services/STREETS/Streets_Permitting/MapServer/2","title":"Street light L051454"},"type":"Feature"},{"geometry":{"coordinates":[-90.28670338967332,38.6457612965187],"type":"Point"},"id":"stl-city-public-streetlights:2:158794","properties":{"address":null,"attributes":{"Date_Installed":null,"LED_Powered":0,"LightID":"L051455","Light_Source":"High Pressure Sodium","Light_Type":"Decorative","Lighting_Type":"King Luminaire (Historic Light Fixture)","Verification_Date":null},"id":"stl-city-public-streetlights:2:158794","sourceLayerId":2,"sourceObjectId":158794,"sourceURL":"https://maps8.stlouis-mo.gov/arcgis/rest/services/STREETS/Streets_Permitting/MapServer/2","title":"Street light L051455"},"type":"Feature"},{"geometry":{"coordinates":[-90.28685725786035,38.64553103408155],"type":"Point"},"id":"stl-city-public-streetlights:2:158795","properties":{"address":null,"attributes":{"Date_Installed":null,"LED_Powered":0,"LightID":"L051456","Light_Source":"High Pressure Sodium","Light_Type":"Decorative","Lighting_Type":"King Luminaire (Historic Light Fixture)","Verification_Date":null},"id":"stl-city-public-streetlights:2:158795","sourceLayerId":2,"sourceObjectId":158795,"sourceURL":"https://maps8.stlouis-mo.gov/arcgis/rest/services/STREETS/Streets_Permitting/MapServer/2","title":"Street light L051456"},"type":"Feature"},{"geometry":{"coordinates":[-90.28691673749034,38.64515214926476],"type":"Point"},"id":"stl-city-public-streetlights:2:158796","properties":{"address":null,"attributes":{"Date_Installed":null,"LED_Powered":0,"LightID":"L051457","Light_Source":"High Pressure Sodium","Light_Type":"Decorative","Lighting_Type":"King Luminaire (Historic Light Fixture)","Verification_Date":null},"id":"stl-city-public-streetlights:2:158796","sourceLayerId":2,"sourceObjectId":158796,"sourceURL":"https://maps8.stlouis-mo.gov/arcgis/rest/services/STREETS/Streets_Permitting/MapServer/2","title":"Street light L051457"},"type":"Feature"},{"geometry":{"coordinates":[-90.28677732104909,38.64481351773611],"type":"Point"},"id":"stl-city-public-streetlights:2:158797","properties":{"address":null,"attributes":{"Date_Installed":null,"LED_Powered":0,"LightID":"L051458","Light_Source":"High Pressure Sodium","Light_Type":"Decorative","Lighting_Type":"King Luminaire (Historic Light Fixture)","Verification_Date":null},"id":"stl-city-public-streetlights:2:158797","sourceLayerId":2,"sourceObjectId":158797,"sourceURL":"https://maps8.stlouis-mo.gov/arcgis/rest/services/STREETS/Streets_Permitting/MapServer/2","title":"Street light L051458"},"type":"Feature"},{"geometry":{"coordinates":[-90.28647905541463,38.64454124308168],"type":"Point"},"id":"stl-city-public-streetlights:2:158798","properties":{"address":null,"attributes":{"Date_Installed":null,"LED_Powered":0,"LightID":"L051459","Light_Source":"High Pressure Sodium","Light_Type":"Decorative","Lighting_Type":"King Luminaire (Historic Light Fixture)","Verification_Date":null},"id":"stl-city-public-streetlights:2:158798","sourceLayerId":2,"sourceObjectId":158798,"sourceURL":"https://maps8.stlouis-mo.gov/arcgis/rest/services/STREETS/Streets_Permitting/MapServer/2","title":"Street light L051459"},"type":"Feature"},{"geometry":{"coordinates":[-90.28611476308132,38.64439613087885],"type":"Point"},"id":"stl-city-public-streetlights:2:158799","properties":{"address":null,"attributes":{"Date_Installed":null,"LED_Powered":0,"LightID":"L051460","Light_Source":"High Pressure Sodium","Light_Type":"Decorative","Lighting_Type":"King Luminaire (Historic Light Fixture)","Verification_Date":null},"id":"stl-city-public-streetlights:2:158799","sourceLayerId":2,"sourceObjectId":158799,"sourceURL":"https://maps8.stlouis-mo.gov/arcgis/rest/services/STREETS/Streets_Permitting/MapServer/2","title":"Street light L051460"},"type":"Feature"},{"geometry":{"coordinates":[-90.28603720736707,38.64432169183809],"type":"Point"},"id":"stl-city-public-streetlights:2:158800","properties":{"address":null,"attributes":{"Date_Installed":null,"LED_Powered":0,"LightID":"L051461","Light_Source":"High Pressure Sodium","Light_Type":"Decorative","Lighting_Type":"King Luminaire (Historic Light Fixture)","Verification_Date":null},"id":"stl-city-public-streetlights:2:158800","sourceLayerId":2,"sourceObjectId":158800,"sourceURL":"https://maps8.stlouis-mo.gov/arcgis/rest/services/STREETS/Streets_Permitting/MapServer/2","title":"Street light L051461"},"type":"Feature"},{"geometry":{"coordinates":[-90.28603922336463,38.64395006705152],"type":"Point"},"id":"stl-city-public-streetlights:2:158801","properties":{"address":null,"attributes":{"Date_Installed":null,"LED_Powered":0,"LightID":"L051462","Light_Source":"High Pressure Sodium","Light_Type":"Decorative","Lighting_Type":"King Luminaire (Historic Light Fixture)","Verification_Date":null},"id":"stl-city-public-streetlights:2:158801","sourceLayerId":2,"sourceObjectId":158801,"sourceURL":"https://maps8.stlouis-mo.gov/arcgis/rest/services/STREETS/Streets_Permitting/MapServer/2","title":"Street light L051462"},"type":"Feature"},{"geometry":{"coordinates":[-90.28608753234815,38.64364924849991],"type":"Point"},"id":"stl-city-public-streetlights:2:158802","properties":{"address":null,"attributes":{"Date_Installed":null,"LED_Powered":0,"LightID":"L051463","Light_Source":"High Pressure Sodium","Light_Type":"Decorative","Lighting_Type":"King Luminaire (Historic Light Fixture)","Verification_Date":null},"id":"stl-city-public-streetlights:2:158802","sourceLayerId":2,"sourceObjectId":158802,"sourceURL":"https://maps8.stlouis-mo.gov/arcgis/rest/services/STREETS/Streets_Permitting/MapServer/2","title":"Street light L051463"},"type":"Feature"},{"geometry":{"coordinates":[-90.28617142634772,38.643339342824575],"type":"Point"},"id":"stl-city-public-streetlights:2:158803","properties":{"address":null,"attributes":{"Date_Installed":null,"LED_Powered":0,"LightID":"L051464","Light_Source":"High Pressure Sodium","Light_Type":"Decorative","Lighting_Type":"King Luminaire (Historic Light Fixture)","Verification_Date":null},"id":"stl-city-public-streetlights:2:158803","sourceLayerId":2,"sourceObjectId":158803,"sourceURL":"https://maps8.stlouis-mo.gov/arcgis/rest/services/STREETS/Streets_Permitting/MapServer/2","title":"Street light L051464"},"type":"Feature"},{"geometry":{"coordinates":[-90.28318531622051,38.64343628155453],"type":"Point"},"id":"stl-city-public-streetlights:2:158804","properties":{"address":null,"attributes":{"Date_Installed":null,"LED_Powered":0,"LightID":"L051465","Light_Source":"High Pressure Sodium","Light_Type":"Decorative","Lighting_Type":"King Luminaire (Historic Light Fixture)","Verification_Date":null},"id":"stl-city-public-streetlights:2:158804","sourceLayerId":2,"sourceObjectId":158804,"sourceURL":"https://maps8.stlouis-mo.gov/arcgis/rest/services/STREETS/Streets_Permitting/MapServer/2","title":"Street light L051465"},"type":"Feature"},{"geometry":{"coordinates":[-90.28312599343965,38.6434552407194],"type":"Point"},"id":"stl-city-public-streetlights:2:158805","properties":{"address":null,"attributes":{"Date_Installed":null,"LED_Powered":0,"LightID":"L051466","Light_Source":"High Pressure Sodium","Light_Type":"Decorative","Lighting_Type":"King Luminaire (Historic Light Fixture)","Verification_Date":null},"id":"stl-city-public-streetlights:2:158805","sourceLayerId":2,"sourceObjectId":158805,"sourceURL":"https://maps8.stlouis-mo.gov/arcgis/rest/services/STREETS/Streets_Permitting/MapServer/2","title":"Street light L051466"},"type":"Feature"},{"geometry":{"coordinates":[-90.28307943749974,38.64337244376868],"type":"Point"},"id":"stl-city-public-streetlights:2:158806","properties":{"address":null,"attributes":{"Date_Installed":null,"LED_Powered":0,"LightID":"L051467","Light_Source":"High Pressure Sodium","Light_Type":"Decorative","Lighting_Type":"King Luminaire (Historic Light Fixture)","Verification_Date":null},"id":"stl-city-public-streetlights:2:158806","sourceLayerId":2,"sourceObjectId":158806,"sourceURL":"https://maps8.stlouis-mo.gov/arcgis/rest/services/STREETS/Streets_Permitting/MapServer/2","title":"Street light L051467"},"type":"Feature"},{"geometry":{"coordinates":[-90.28305191835899,38.64322556221297],"type":"Point"},"id":"stl-city-public-streetlights:2:158807","properties":{"address":null,"attributes":{"Date_Installed":null,"LED_Powered":0,"LightID":"L051468","Light_Source":"High Pressure Sodium","Light_Type":"Decorative","Lighting_Type":"King Luminaire (Historic Light Fixture)","Verification_Date":null},"id":"stl-city-public-streetlights:2:158807","sourceLayerId":2,"sourceObjectId":158807,"sourceURL":"https://maps8.stlouis-mo.gov/arcgis/rest/services/STREETS/Streets_Permitting/MapServer/2","title":"Street light L051468"},"type":"Feature"},{"geometry":{"coordinates":[-90.28295806090443,38.64317633380558],"type":"Point"},"id":"stl-city-public-streetlights:2:158808","properties":{"address":null,"attributes":{"Date_Installed":null,"LED_Powered":0,"LightID":"L051469","Light_Source":"High Pressure Sodium","Light_Type":"Decorative","Lighting_Type":"King Luminaire (Historic Light Fixture)","Verification_Date":null},"id":"stl-city-public-streetlights:2:158808","sourceLayerId":2,"sourceObjectId":158808,"sourceURL":"https://maps8.stlouis-mo.gov/arcgis/rest/services/STREETS/Streets_Permitting/MapServer/2","title":"Street light L051469"},"type":"Feature"},{"geometry":{"coordinates":[-90.28296199921505,38.64307980452417],"type":"Point"},"id":"stl-city-public-streetlights:2:158809","properties":{"address":null,"attributes":{"Date_Installed":null,"LED_Powered":0,"LightID":"L051470","Light_Source":"High Pressure Sodium","Light_Type":"Decorative","Lighting_Type":"King Luminaire (Historic Light Fixture)","Verification_Date":null},"id":"stl-city-public-streetlights:2:158809","sourceLayerId":2,"sourceObjectId":158809,"sourceURL":"https://maps8.stlouis-mo.gov/arcgis/rest/services/STREETS/Streets_Permitting/MapServer/2","title":"Street light L051470"},"type":"Feature"},{"geometry":{"coordinates":[-90.28284251196553,38.642993296521475],"type":"Point"},"id":"stl-city-public-streetlights:2:158810","properties":{"address":null,"attributes":{"Date_Installed":null,"LED_Powered":0,"LightID":"L051471","Light_Source":"High Pressure Sodium","Light_Type":"Decorative","Lighting_Type":"King Luminaire (Historic Light Fixture)","Verification_Date":null},"id":"stl-city-public-streetlights:2:158810","sourceLayerId":2,"sourceObjectId":158810,"sourceURL":"https://maps8.stlouis-mo.gov/arcgis/rest/services/STREETS/Streets_Permitting/MapServer/2","title":"Street light L051471"},"type":"Feature"},{"geometry":{"coordinates":[-90.28287005184337,38.64293137366383],"type":"Point"},"id":"stl-city-public-streetlights:2:158811","properties":{"address":null,"attributes":{"Date_Installed":null,"LED_Powered":0,"LightID":"L051472","Light_Source":"High Pressure Sodium","Light_Type":"Decorative","Lighting_Type":"King Luminaire (Historic Light Fixture)","Verification_Date":null},"id":"stl-city-public-streetlights:2:158811","sourceLayerId":2,"sourceObjectId":158811,"sourceURL":"https://maps8.stlouis-mo.gov/arcgis/rest/services/STREETS/Streets_Permitting/MapServer/2","title":"Street light L051472"},"type":"Feature"},{"geometry":{"coordinates":[-90.28274753269034,38.64284247618209],"type":"Point"},"id":"stl-city-public-streetlights:2:158812","properties":{"address":null,"attributes":{"Date_Installed":null,"LED_Powered":0,"LightID":"L051473","Light_Source":"High Pressure Sodium","Light_Type":"Decorative","Lighting_Type":"King Luminaire (Historic Light Fixture)","Verification_Date":null},"id":"stl-city-public-streetlights:2:158812","sourceLayerId":2,"sourceObjectId":158812,"sourceURL":"https://maps8.stlouis-mo.gov/arcgis/rest/services/STREETS/Streets_Permitting/MapServer/2","title":"Street light L051473"},"type":"Feature"},{"geometry":{"coordinates":[-90.2827504536958,38.64274093967253],"type":"Point"},"id":"stl-city-public-streetlights:2:158813","properties":{"address":null,"attributes":{"Date_Installed":null,"LED_Powered":0,"LightID":"L051474","Light_Source":"High Pressure Sodium","Light_Type":"Decorative","Lighting_Type":"King Luminaire (Historic Light Fixture)","Verification_Date":null},"id":"stl-city-public-streetlights:2:158813","sourceLayerId":2,"sourceObjectId":158813,"sourceURL":"https://maps8.stlouis-mo.gov/arcgis/rest/services/STREETS/Streets_Permitting/MapServer/2","title":"Street light L051474"},"type":"Feature"},{"geometry":{"coordinates":[-90.28263382118962,38.642655389894564],"type":"Point"},"id":"stl-city-public-streetlights:2:158814","properties":{"address":null,"attributes":{"Date_Installed":null,"LED_Powered":0,"LightID":"L051475","Light_Source":"High Pressure Sodium","Light_Type":"Decorative","Lighting_Type":"King Luminaire (Historic Light Fixture)","Verification_Date":null},"id":"stl-city-public-streetlights:2:158814","sourceLayerId":2,"sourceObjectId":158814,"sourceURL":"https://maps8.stlouis-mo.gov/arcgis/rest/services/STREETS/Streets_Permitting/MapServer/2","title":"Street light L051475"},"type":"Feature"},{"geometry":{"coordinates":[-90.28266196128526,38.64259632852114],"type":"Point"},"id":"stl-city-public-streetlights:2:158815","properties":{"address":null,"attributes":{"Date_Installed":null,"LED_Powered":0,"LightID":"L051476","Light_Source":"High Pressure Sodium","Light_Type":"Decorative","Lighting_Type":"King Luminaire (Historic Light Fixture)","Verification_Date":null},"id":"stl-city-public-streetlights:2:158815","sourceLayerId":2,"sourceObjectId":158815,"sourceURL":"https://maps8.stlouis-mo.gov/arcgis/rest/services/STREETS/Streets_Permitting/MapServer/2","title":"Street light L051476"},"type":"Feature"},{"geometry":{"coordinates":[-90.28254090323966,38.6425069569627],"type":"Point"},"id":"stl-city-public-streetlights:2:158816","properties":{"address":null,"attributes":{"Date_Installed":null,"LED_Powered":0,"LightID":"L051477","Light_Source":"High Pressure Sodium","Light_Type":"Decorative","Lighting_Type":"King Luminaire (Historic Light Fixture)","Verification_Date":null},"id":"stl-city-public-streetlights:2:158816","sourceLayerId":2,"sourceObjectId":158816,"sourceURL":"https://maps8.stlouis-mo.gov/arcgis/rest/services/STREETS/Streets_Permitting/MapServer/2","title":"Street light L051477"},"type":"Feature"},{"geometry":{"coordinates":[-90.2825472806231,38.6424078106304],"type":"Point"},"id":"stl-city-public-streetlights:2:158817","properties":{"address":null,"attributes":{"Date_Installed":null,"LED_Powered":0,"LightID":"L051478","Light_Source":"High Pressure Sodium","Light_Type":"Decorative","Lighting_Type":"King Luminaire (Historic Light Fixture)","Verification_Date":null},"id":"stl-city-public-streetlights:2:158817","sourceLayerId":2,"sourceObjectId":158817,"sourceURL":"https://maps8.stlouis-mo.gov/arcgis/rest/services/STREETS/Streets_Permitting/MapServer/2","title":"Street light L051478"},"type":"Feature"},{"geometry":{"coordinates":[-90.28244896467125,38.64235614202168],"type":"Point"},"id":"stl-city-public-streetlights:2:158818","properties":{"address":null,"attributes":{"Date_Installed":null,"LED_Powered":0,"LightID":"L051479","Light_Source":"High Pressure Sodium","Light_Type":"Decorative","Lighting_Type":"King Luminaire (Historic Light Fixture)","Verification_Date":null},"id":"stl-city-public-streetlights:2:158818","sourceLayerId":2,"sourceObjectId":158818,"sourceURL":"https://maps8.stlouis-mo.gov/arcgis/rest/services/STREETS/Streets_Permitting/MapServer/2","title":"Street light L051479"},"type":"Feature"},{"geometry":{"coordinates":[-90.28243354294037,38.64222978162859],"type":"Point"},"id":"stl-city-public-streetlights:2:158819","properties":{"address":null,"attributes":{"Date_Installed":null,"LED_Powered":0,"LightID":"L051480","Light_Source":"High Pressure Sodium","Light_Type":"Decorative","Lighting_Type":"King Luminaire (Historic Light Fixture)","Verification_Date":null},"id":"stl-city-public-streetlights:2:158819","sourceLayerId":2,"sourceObjectId":158819,"sourceURL":"https://maps8.stlouis-mo.gov/arcgis/rest/services/STREETS/Streets_Permitting/MapServer/2","title":"Street light L051480"},"type":"Feature"},{"geometry":{"coordinates":[-90.28233644839148,38.64217620891359],"type":"Point"},"id":"stl-city-public-streetlights:2:158820","properties":{"address":null,"attributes":{"Date_Installed":null,"LED_Powered":0,"LightID":"L051481","Light_Source":"High Pressure Sodium","Light_Type":"Decorative","Lighting_Type":"King Luminaire (Historic Light Fixture)","Verification_Date":null},"id":"stl-city-public-streetlights:2:158820","sourceLayerId":2,"sourceObjectId":158820,"sourceURL":"https://maps8.stlouis-mo.gov/arcgis/rest/services/STREETS/Streets_Permitting/MapServer/2","title":"Street light L051481"},"type":"Feature"},{"geometry":{"coordinates":[-90.28234280987051,38.64208278320514],"type":"Point"},"id":"stl-city-public-streetlights:2:158821","properties":{"address":null,"attributes":{"Date_Installed":null,"LED_Powered":0,"LightID":"L051482","Light_Source":"High Pressure Sodium","Light_Type":"Decorative","Lighting_Type":"King Luminaire (Historic Light Fixture)","Verification_Date":null},"id":"stl-city-public-streetlights:2:158821","sourceLayerId":2,"sourceObjectId":158821,"sourceURL":"https://maps8.stlouis-mo.gov/arcgis/rest/services/STREETS/Streets_Permitting/MapServer/2","title":"Street light L051482"},"type":"Feature"},{"geometry":{"coordinates":[-90.28370284807707,38.64283507525951],"type":"Point"},"id":"stl-city-public-streetlights:2:158822","properties":{"address":null,"attributes":{"Date_Installed":null,"LED_Powered":0,"LightID":"L051483","Light_Source":"High Pressure Sodium","Light_Type":"Decorative","Lighting_Type":"King Twin Fixtures (Historic Light Fixture)","Verification_Date":null},"id":"stl-city-public-streetlights:2:158822","sourceLayerId":2,"sourceObjectId":158822,"sourceURL":"https://maps8.stlouis-mo.gov/arcgis/rest/services/STREETS/Streets_Permitting/MapServer/2","title":"Street light L051483"},"type":"Feature"},{"geometry":{"coordinates":[-90.28370893233792,38.64263114408806],"type":"Point"},"id":"stl-city-public-streetlights:2:158823","properties":{"address":null,"attributes":{"Date_Installed":null,"LED_Powered":0,"LightID":"L051484","Light_Source":"High Pressure Sodium","Light_Type":"Decorative","Lighting_Type":"King Twin Fixtures (Historic Light Fixture)","Verification_Date":null},"id":"stl-city-public-streetlights:2:158823","sourceLayerId":2,"sourceObjectId":158823,"sourceURL":"https://maps8.stlouis-mo.gov/arcgis/rest/services/STREETS/Streets_Permitting/MapServer/2","title":"Street light L051484"},"type":"Feature"},{"geometry":{"coordinates":[-90.28374607820705,38.642406676899896],"type":"Point"},"id":"stl-city-public-streetlights:2:158824","properties":{"address":null,"attributes":{"Date_Installed":null,"LED_Powered":0,"LightID":"L051485","Light_Source":"High Pressure Sodium","Light_Type":"Decorative","Lighting_Type":"King Twin Fixtures (Historic Light Fixture)","Verification_Date":null},"id":"stl-city-public-streetlights:2:158824","sourceLayerId":2,"sourceObjectId":158824,"sourceURL":"https://maps8.stlouis-mo.gov/arcgis/rest/services/STREETS/Streets_Permitting/MapServer/2","title":"Street light L051485"},"type":"Feature"},{"geometry":{"coordinates":[-90.28378139972412,38.64218220631937],"type":"Point"},"id":"stl-city-public-streetlights:2:158825","properties":{"address":null,"attributes":{"Date_Installed":null,"LED_Powered":0,"LightID":"L051486","Light_Source":"High Pressure Sodium","Light_Type":"Decorative","Lighting_Type":"King Twin Fixtures (Historic Light Fixture)","Verification_Date":null},"id":"stl-city-public-streetlights:2:158825","sourceLayerId":2,"sourceObjectId":158825,"sourceURL":"https://maps8.stlouis-mo.gov/arcgis/rest/services/STREETS/Streets_Permitting/MapServer/2","title":"Street light L051486"},"type":"Feature"},{"geometry":{"coordinates":[-90.28354296513164,38.643032640961614],"type":"Point"},"id":"stl-city-public-streetlights:2:158826","properties":{"address":null,"attributes":{"Date_Installed":null,"LED_Powered":0,"LightID":"L051487","Light_Source":"High Pressure Sodium","Light_Type":"Decorative","Lighting_Type":"King Twin Fixtures (Historic Light Fixture)","Verification_Date":null},"id":"stl-city-public-streetlights:2:158826","sourceLayerId":2,"sourceObjectId":158826,"sourceURL":"https://maps8.stlouis-mo.gov/arcgis/rest/services/STREETS/Streets_Permitting/MapServer/2","title":"Street light L051487"},"type":"Feature"},{"geometry":{"coordinates":[-90.28343093688878,38.64284043520943],"type":"Point"},"id":"stl-city-public-streetlights:2:158827","properties":{"address":null,"attributes":{"Date_Installed":null,"LED_Powered":0,"LightID":"L051488","Light_Source":"High Pressure Sodium","Light_Type":"Decorative","Lighting_Type":"King Twin Fixtures (Historic Light Fixture)","Verification_Date":null},"id":"stl-city-public-streetlights:2:158827","sourceLayerId":2,"sourceObjectId":158827,"sourceURL":"https://maps8.stlouis-mo.gov/arcgis/rest/services/STREETS/Streets_Permitting/MapServer/2","title":"Street light L051488"},"type":"Feature"},{"geometry":{"coordinates":[-90.28346442285692,38.64262053786239],"type":"Point"},"id":"stl-city-public-streetlights:2:158828","properties":{"address":null,"attributes":{"Date_Installed":null,"LED_Powered":0,"LightID":"L051489","Light_Source":"High Pressure Sodium","Light_Type":"Decorative","Lighting_Type":"King Twin Fixtures (Historic Light Fixture)","Verification_Date":null},"id":"stl-city-public-streetlights:2:158828","sourceLayerId":2,"sourceObjectId":158828,"sourceURL":"https://maps8.stlouis-mo.gov/arcgis/rest/services/STREETS/Streets_Permitting/MapServer/2","title":"Street light L051489"},"type":"Feature"},{"geometry":{"coordinates":[-90.28349607359515,38.642404641554144],"type":"Point"},"id":"stl-city-public-streetlights:2:158829","properties":{"address":null,"attributes":{"Date_Installed":null,"LED_Powered":0,"LightID":"L051490","Light_Source":"High Pressure Sodium","Light_Type":"Decorative","Lighting_Type":"King Twin Fixtures (Historic Light Fixture)","Verification_Date":null},"id":"stl-city-public-streetlights:2:158829","sourceLayerId":2,"sourceObjectId":158829,"sourceURL":"https://maps8.stlouis-mo.gov/arcgis/rest/services/STREETS/Streets_Permitting/MapServer/2","title":"Street light L051490"},"type":"Feature"},{"geometry":{"coordinates":[-90.28352590862787,38.642185881545714],"type":"Point"},"id":"stl-city-public-streetlights:2:158830","properties":{"address":null,"attributes":{"Date_Installed":null,"LED_Powered":0,"LightID":"L051491","Light_Source":"High Pressure Sodium","Light_Type":"Decorative","Lighting_Type":"King Twin Fixtures (Historic Light Fixture)","Verification_Date":null},"id":"stl-city-public-streetlights:2:158830","sourceLayerId":2,"sourceObjectId":158830,"sourceURL":"https://maps8.stlouis-mo.gov/arcgis/rest/services/STREETS/Streets_Permitting/MapServer/2","title":"Street light L051491"},"type":"Feature"},{"geometry":{"coordinates":[-90.28355391076104,38.64196997845415],"type":"Point"},"id":"stl-city-public-streetlights:2:158831","properties":{"address":null,"attributes":{"Date_Installed":null,"LED_Powered":0,"LightID":"L051492","Light_Source":"High Pressure Sodium","Light_Type":"Decorative","Lighting_Type":"King Twin Fixtures (Historic Light Fixture)","Verification_Date":null},"id":"stl-city-public-streetlights:2:158831","sourceLayerId":2,"sourceObjectId":158831,"sourceURL":"https://maps8.stlouis-mo.gov/arcgis/rest/services/STREETS/Streets_Permitting/MapServer/2","title":"Street light L051492"},"type":"Feature"},{"geometry":{"coordinates":[-90.28319654315399,38.64316464822773],"type":"Point"},"id":"stl-city-public-streetlights:2:158832","properties":{"address":null,"attributes":{"Date_Installed":null,"LED_Powered":0,"LightID":"L051493","Light_Source":"High Pressure Sodium","Light_Type":"Decorative","Lighting_Type":"King Twin Fixtures (Historic Light Fixture)","Verification_Date":null},"id":"stl-city-public-streetlights:2:158832","sourceLayerId":2,"sourceObjectId":158832,"sourceURL":"https://maps8.stlouis-mo.gov/arcgis/rest/services/STREETS/Streets_Permitting/MapServer/2","title":"Street light L051493"},"type":"Feature"},{"geometry":{"coordinates":[-90.28307846176273,38.64297478945353],"type":"Point"},"id":"stl-city-public-streetlights:2:158833","properties":{"address":null,"attributes":{"Date_Installed":null,"LED_Powered":0,"LightID":"L051494","Light_Source":"High Pressure Sodium","Light_Type":"Decorative","Lighting_Type":"King Twin Fixtures (Historic Light Fixture)","Verification_Date":null},"id":"stl-city-public-streetlights:2:158833","sourceLayerId":2,"sourceObjectId":158833,"sourceURL":"https://maps8.stlouis-mo.gov/arcgis/rest/services/STREETS/Streets_Permitting/MapServer/2","title":"Street light L051494"},"type":"Feature"},{"geometry":{"coordinates":[-90.28297514626543,38.642806697306604],"type":"Point"},"id":"stl-city-public-streetlights:2:158834","properties":{"address":null,"attributes":{"Date_Installed":null,"LED_Powered":0,"LightID":"L051495","Light_Source":"High Pressure Sodium","Light_Type":"Decorative","Lighting_Type":"King Twin Fixtures (Historic Light Fixture)","Verification_Date":null},"id":"stl-city-public-streetlights:2:158834","sourceLayerId":2,"sourceObjectId":158834,"sourceURL":"https://maps8.stlouis-mo.gov/arcgis/rest/services/STREETS/Streets_Permitting/MapServer/2","title":"Street light L051495"},"type":"Feature"},{"geometry":{"coordinates":[-90.28315467299468,38.64253558414602],"type":"Point"},"id":"stl-city-public-streetlights:2:158835","properties":{"address":null,"attributes":{"Date_Installed":null,"LED_Powered":0,"LightID":"L051496","Light_Source":"High Pressure Sodium","Light_Type":"Decorative","Lighting_Type":"King Twin Fixtures (Historic Light Fixture)","Verification_Date":null},"id":"stl-city-public-streetlights:2:158835","sourceLayerId":2,"sourceObjectId":158835,"sourceURL":"https://maps8.stlouis-mo.gov/arcgis/rest/services/STREETS/Streets_Permitting/MapServer/2","title":"Street light L051496"},"type":"Feature"},{"geometry":{"coordinates":[-90.28504249797118,38.6493969860275],"type":"Point"},"id":"stl-city-public-streetlights:2:159682","properties":{"address":null,"attributes":{"Date_Installed":null,"LED_Powered":0,"LightID":"L052613","Light_Source":"High Pressure Sodium","Light_Type":"Cobra","Lighting_Type":"200-W High Pressure Sodium Vapor Lamp","Verification_Date":null},"id":"stl-city-public-streetlights:2:159682","sourceLayerId":2,"sourceObjectId":159682,"sourceURL":"https://maps8.stlouis-mo.gov/arcgis/rest/services/STREETS/Streets_Permitting/MapServer/2","title":"Street light L052613"},"type":"Feature"},{"geometry":{"coordinates":[-90.28510330392324,38.64911065579649],"type":"Point"},"id":"stl-city-public-streetlights:2:159683","properties":{"address":null,"attributes":{"Date_Installed":null,"LED_Powered":0,"LightID":"L052614","Light_Source":"High Pressure Sodium","Light_Type":"Cobra","Lighting_Type":"200-W High Pressure Sodium Vapor Lamp","Verification_Date":null},"id":"stl-city-public-streetlights:2:159683","sourceLayerId":2,"sourceObjectId":159683,"sourceURL":"https://maps8.stlouis-mo.gov/arcgis/rest/services/STREETS/Streets_Permitting/MapServer/2","title":"Street light L052614"},"type":"Feature"},{"geometry":{"coordinates":[-90.28519550031508,38.648568865084115],"type":"Point"},"id":"stl-city-public-streetlights:2:159684","properties":{"address":null,"attributes":{"Date_Installed":null,"LED_Powered":0,"LightID":"L052615","Light_Source":"High Pressure Sodium","Light_Type":"Cobra","Lighting_Type":"200-W High Pressure Sodium Vapor Lamp","Verification_Date":null},"id":"stl-city-public-streetlights:2:159684","sourceLayerId":2,"sourceObjectId":159684,"sourceURL":"https://maps8.stlouis-mo.gov/arcgis/rest/services/STREETS/Streets_Permitting/MapServer/2","title":"Street light L052615"},"type":"Feature"},{"geometry":{"coordinates":[-90.28518235917409,38.64838921280816],"type":"Point"},"id":"stl-city-public-streetlights:2:159685","properties":{"address":null,"attributes":{"Date_Installed":null,"LED_Powered":0,"LightID":"L052616","Light_Source":"High Pressure Sodium","Light_Type":"Cobra","Lighting_Type":"200-W High Pressure Sodium Vapor Lamp","Verification_Date":null},"id":"stl-city-public-streetlights:2:159685","sourceLayerId":2,"sourceObjectId":159685,"sourceURL":"https://maps8.stlouis-mo.gov/arcgis/rest/services/STREETS/Streets_Permitting/MapServer/2","title":"Street light L052616"},"type":"Feature"},{"geometry":{"coordinates":[-90.28524005718941,38.64823302],"type":"Point"},"id":"stl-city-public-streetlights:2:159686","properties":{"address":null,"attributes":{"Date_Installed":null,"LED_Powered":0,"LightID":"L052617","Light_Source":"High Pressure Sodium","Light_Type":"Cobra","Lighting_Type":"200-W High Pressure Sodium Vapor Lamp","Verification_Date":null},"id":"stl-city-public-streetlights:2:159686","sourceLayerId":2,"sourceObjectId":159686,"sourceURL":"https://maps8.stlouis-mo.gov/arcgis/rest/services/STREETS/Streets_Permitting/MapServer/2","title":"Street light L052617"},"type":"Feature"},{"geometry":{"coordinates":[-90.28529312778346,38.64793819895064],"type":"Point"},"id":"stl-city-public-streetlights:2:159687","properties":{"address":null,"attributes":{"Date_Installed":null,"LED_Powered":0,"LightID":"L052618","Light_Source":"High Pressure Sodium","Light_Type":"Cobra","Lighting_Type":"200-W High Pressure Sodium Vapor Lamp","Verification_Date":null},"id":"stl-city-public-streetlights:2:159687","sourceLayerId":2,"sourceObjectId":159687,"sourceURL":"https://maps8.stlouis-mo.gov/arcgis/rest/services/STREETS/Streets_Permitting/MapServer/2","title":"Street light L052618"},"type":"Feature"}],"layerId":"city-streetlights","retrievedAt":"2026-09-13T21:56:18.173251+00:00","schema":"property-infrastructure-geojson-v1","sourceId":"stl-city-public-streetlights","tileId":"-9029_3864","type":"FeatureCollection"}