{"features":[{"geometry":{"coordinates":[-90.23062132604842,38.71990216654896],"type":"Point"},"id":"stl-city-public-streetlights:2:122066","properties":{"address":null,"attributes":{"Date_Installed":"6/25/2018","LED_Powered":1,"LightID":"L014786","Light_Source":"LED","Light_Type":"Cobra","Lighting_Type":"LED-Powered Lamp","Verification_Date":null},"id":"stl-city-public-streetlights:2:122066","sourceLayerId":2,"sourceObjectId":122066,"sourceURL":"https://maps8.stlouis-mo.gov/arcgis/rest/services/STREETS/Streets_Permitting/MapServer/2","title":"Street light L014786"},"type":"Feature"},{"geometry":{"coordinates":[-90.23068093524552,38.71958445476869],"type":"Point"},"id":"stl-city-public-streetlights:2:122067","properties":{"address":null,"attributes":{"Date_Installed":"6/25/2018","LED_Powered":1,"LightID":"L014787","Light_Source":"LED","Light_Type":"Cobra","Lighting_Type":"LED-Powered Lamp","Verification_Date":null},"id":"stl-city-public-streetlights:2:122067","sourceLayerId":2,"sourceObjectId":122067,"sourceURL":"https://maps8.stlouis-mo.gov/arcgis/rest/services/STREETS/Streets_Permitting/MapServer/2","title":"Street light L014787"},"type":"Feature"},{"geometry":{"coordinates":[-90.23053115404262,38.71831153474049],"type":"Point"},"id":"stl-city-public-streetlights:2:122068","properties":{"address":null,"attributes":{"Date_Installed":"2/14/2018","LED_Powered":1,"LightID":"L014788","Light_Source":"LED","Light_Type":"Cobra","Lighting_Type":"LED-Powered Lamp","Verification_Date":null},"id":"stl-city-public-streetlights:2:122068","sourceLayerId":2,"sourceObjectId":122068,"sourceURL":"https://maps8.stlouis-mo.gov/arcgis/rest/services/STREETS/Streets_Permitting/MapServer/2","title":"Street light L014788"},"type":"Feature"},{"geometry":{"coordinates":[-90.23058636165365,38.717999318035275],"type":"Point"},"id":"stl-city-public-streetlights:2:122069","properties":{"address":null,"attributes":{"Date_Installed":"2/14/2018","LED_Powered":1,"LightID":"L014789","Light_Source":"LED","Light_Type":"Cobra","Lighting_Type":"LED-Powered Lamp","Verification_Date":null},"id":"stl-city-public-streetlights:2:122069","sourceLayerId":2,"sourceObjectId":122069,"sourceURL":"https://maps8.stlouis-mo.gov/arcgis/rest/services/STREETS/Streets_Permitting/MapServer/2","title":"Street light L014789"},"type":"Feature"},{"geometry":{"coordinates":[-90.23064056074477,38.717695870802345],"type":"Point"},"id":"stl-city-public-streetlights:2:122070","properties":{"address":null,"attributes":{"Date_Installed":"2/14/2018","LED_Powered":1,"LightID":"L014790","Light_Source":"LED","Light_Type":"Cobra","Lighting_Type":"LED-Powered Lamp","Verification_Date":null},"id":"stl-city-public-streetlights:2:122070","sourceLayerId":2,"sourceObjectId":122070,"sourceURL":"https://maps8.stlouis-mo.gov/arcgis/rest/services/STREETS/Streets_Permitting/MapServer/2","title":"Street light L014790"},"type":"Feature"},{"geometry":{"coordinates":[-90.23069724495488,38.71734628362843],"type":"Point"},"id":"stl-city-public-streetlights:2:122071","properties":{"address":null,"attributes":{"Date_Installed":"2/14/2018","LED_Powered":1,"LightID":"L014791","Light_Source":"LED","Light_Type":"Cobra","Lighting_Type":"LED-Powered Lamp","Verification_Date":null},"id":"stl-city-public-streetlights:2:122071","sourceLayerId":2,"sourceObjectId":122071,"sourceURL":"https://maps8.stlouis-mo.gov/arcgis/rest/services/STREETS/Streets_Permitting/MapServer/2","title":"Street light L014791"},"type":"Feature"},{"geometry":{"coordinates":[-90.23074171578106,38.71700829950415],"type":"Point"},"id":"stl-city-public-streetlights:2:122072","properties":{"address":null,"attributes":{"Date_Installed":"2/14/2018","LED_Powered":1,"LightID":"L014792","Light_Source":"LED","Light_Type":"Cobra","Lighting_Type":"LED-Powered Lamp","Verification_Date":null},"id":"stl-city-public-streetlights:2:122072","sourceLayerId":2,"sourceObjectId":122072,"sourceURL":"https://maps8.stlouis-mo.gov/arcgis/rest/services/STREETS/Streets_Permitting/MapServer/2","title":"Street light L014792"},"type":"Feature"},{"geometry":{"coordinates":[-90.23070291713864,38.716645525137224],"type":"Point"},"id":"stl-city-public-streetlights:2:122073","properties":{"address":null,"attributes":{"Date_Installed":"2/14/2018","LED_Powered":1,"LightID":"L014793","Light_Source":"LED","Light_Type":"Cobra","Lighting_Type":"LED-Powered Lamp","Verification_Date":null},"id":"stl-city-public-streetlights:2:122073","sourceLayerId":2,"sourceObjectId":122073,"sourceURL":"https://maps8.stlouis-mo.gov/arcgis/rest/services/STREETS/Streets_Permitting/MapServer/2","title":"Street light L014793"},"type":"Feature"},{"geometry":{"coordinates":[-90.23061039650086,38.71632963114133],"type":"Point"},"id":"stl-city-public-streetlights:2:122074","properties":{"address":null,"attributes":{"Date_Installed":"2/14/2018","LED_Powered":1,"LightID":"L014794","Light_Source":"LED","Light_Type":"Cobra","Lighting_Type":"LED-Powered Lamp","Verification_Date":null},"id":"stl-city-public-streetlights:2:122074","sourceLayerId":2,"sourceObjectId":122074,"sourceURL":"https://maps8.stlouis-mo.gov/arcgis/rest/services/STREETS/Streets_Permitting/MapServer/2","title":"Street light L014794"},"type":"Feature"},{"geometry":{"coordinates":[-90.23061309236505,38.71597627277428],"type":"Point"},"id":"stl-city-public-streetlights:2:122075","properties":{"address":null,"attributes":{"Date_Installed":"2/14/2018","LED_Powered":1,"LightID":"L014795","Light_Source":"LED","Light_Type":"Cobra","Lighting_Type":"LED-Powered Lamp","Verification_Date":null},"id":"stl-city-public-streetlights:2:122075","sourceLayerId":2,"sourceObjectId":122075,"sourceURL":"https://maps8.stlouis-mo.gov/arcgis/rest/services/STREETS/Streets_Permitting/MapServer/2","title":"Street light L014795"},"type":"Feature"},{"geometry":{"coordinates":[-90.23215323035312,38.71732689262774],"type":"Point"},"id":"stl-city-public-streetlights:2:122076","properties":{"address":null,"attributes":{"Date_Installed":"2/14/2018","LED_Powered":1,"LightID":"L014796","Light_Source":"LED","Light_Type":"Cobra","Lighting_Type":"LED-Powered Lamp","Verification_Date":null},"id":"stl-city-public-streetlights:2:122076","sourceLayerId":2,"sourceObjectId":122076,"sourceURL":"https://maps8.stlouis-mo.gov/arcgis/rest/services/STREETS/Streets_Permitting/MapServer/2","title":"Street light L014796"},"type":"Feature"},{"geometry":{"coordinates":[-90.232091063582,38.71768018677583],"type":"Point"},"id":"stl-city-public-streetlights:2:122077","properties":{"address":null,"attributes":{"Date_Installed":"2/14/2018","LED_Powered":1,"LightID":"L014797","Light_Source":"LED","Light_Type":"Cobra","Lighting_Type":"LED-Powered Lamp","Verification_Date":null},"id":"stl-city-public-streetlights:2:122077","sourceLayerId":2,"sourceObjectId":122077,"sourceURL":"https://maps8.stlouis-mo.gov/arcgis/rest/services/STREETS/Streets_Permitting/MapServer/2","title":"Street light L014797"},"type":"Feature"},{"geometry":{"coordinates":[-90.23202029000535,38.718056343416826],"type":"Point"},"id":"stl-city-public-streetlights:2:122078","properties":{"address":null,"attributes":{"Date_Installed":"2/14/2018","LED_Powered":1,"LightID":"L014798","Light_Source":"LED","Light_Type":"Cobra","Lighting_Type":"LED-Powered Lamp","Verification_Date":null},"id":"stl-city-public-streetlights:2:122078","sourceLayerId":2,"sourceObjectId":122078,"sourceURL":"https://maps8.stlouis-mo.gov/arcgis/rest/services/STREETS/Streets_Permitting/MapServer/2","title":"Street light L014798"},"type":"Feature"},{"geometry":{"coordinates":[-90.23194826853276,38.7184409824882],"type":"Point"},"id":"stl-city-public-streetlights:2:122079","properties":{"address":null,"attributes":{"Date_Installed":"2/14/2018","LED_Powered":1,"LightID":"L014799","Light_Source":"LED","Light_Type":"Cobra","Lighting_Type":"LED-Powered Lamp","Verification_Date":null},"id":"stl-city-public-streetlights:2:122079","sourceLayerId":2,"sourceObjectId":122079,"sourceURL":"https://maps8.stlouis-mo.gov/arcgis/rest/services/STREETS/Streets_Permitting/MapServer/2","title":"Street light L014799"},"type":"Feature"},{"geometry":{"coordinates":[-90.23001200622159,38.71581669772264],"type":"Point"},"id":"stl-city-public-streetlights:2:122080","properties":{"address":null,"attributes":{"Date_Installed":"2/14/2018","LED_Powered":1,"LightID":"L014800","Light_Source":"LED","Light_Type":"Cobra","Lighting_Type":"LED-Powered Lamp","Verification_Date":null},"id":"stl-city-public-streetlights:2:122080","sourceLayerId":2,"sourceObjectId":122080,"sourceURL":"https://maps8.stlouis-mo.gov/arcgis/rest/services/STREETS/Streets_Permitting/MapServer/2","title":"Street light L014800"},"type":"Feature"},{"geometry":{"coordinates":[-90.23042627745133,38.71585797413875],"type":"Point"},"id":"stl-city-public-streetlights:2:122081","properties":{"address":null,"attributes":{"Date_Installed":"2/14/2018","LED_Powered":1,"LightID":"L014801","Light_Source":"LED","Light_Type":"Cobra","Lighting_Type":"LED-Powered Lamp","Verification_Date":null},"id":"stl-city-public-streetlights:2:122081","sourceLayerId":2,"sourceObjectId":122081,"sourceURL":"https://maps8.stlouis-mo.gov/arcgis/rest/services/STREETS/Streets_Permitting/MapServer/2","title":"Street light L014801"},"type":"Feature"},{"geometry":{"coordinates":[-90.23005521215391,38.718478578330924],"type":"Point"},"id":"stl-city-public-streetlights:2:122097","properties":{"address":null,"attributes":{"Date_Installed":"6/25/2018","LED_Powered":1,"LightID":"L014817","Light_Source":"LED","Light_Type":"Cobra","Lighting_Type":"LED-Powered Lamp","Verification_Date":null},"id":"stl-city-public-streetlights:2:122097","sourceLayerId":2,"sourceObjectId":122097,"sourceURL":"https://maps8.stlouis-mo.gov/arcgis/rest/services/STREETS/Streets_Permitting/MapServer/2","title":"Street light L014817"},"type":"Feature"},{"geometry":{"coordinates":[-90.23048435312401,38.718519612302984],"type":"Point"},"id":"stl-city-public-streetlights:2:122098","properties":{"address":null,"attributes":{"Date_Installed":"6/25/2018","LED_Powered":1,"LightID":"L014818","Light_Source":"LED","Light_Type":"Cobra","Lighting_Type":"LED-Powered Lamp","Verification_Date":null},"id":"stl-city-public-streetlights:2:122098","sourceLayerId":2,"sourceObjectId":122098,"sourceURL":"https://maps8.stlouis-mo.gov/arcgis/rest/services/STREETS/Streets_Permitting/MapServer/2","title":"Street light L014818"},"type":"Feature"},{"geometry":{"coordinates":[-90.23093021792938,38.718563066907734],"type":"Point"},"id":"stl-city-public-streetlights:2:122099","properties":{"address":null,"attributes":{"Date_Installed":"6/25/2018","LED_Powered":1,"LightID":"L014819","Light_Source":"LED","Light_Type":"Cobra","Lighting_Type":"LED-Powered Lamp","Verification_Date":null},"id":"stl-city-public-streetlights:2:122099","sourceLayerId":2,"sourceObjectId":122099,"sourceURL":"https://maps8.stlouis-mo.gov/arcgis/rest/services/STREETS/Streets_Permitting/MapServer/2","title":"Street light L014819"},"type":"Feature"},{"geometry":{"coordinates":[-90.23134832050494,38.718611222565876],"type":"Point"},"id":"stl-city-public-streetlights:2:122100","properties":{"address":null,"attributes":{"Date_Installed":"6/25/2018","LED_Powered":1,"LightID":"L014820","Light_Source":"LED","Light_Type":"Cobra","Lighting_Type":"LED-Powered Lamp","Verification_Date":null},"id":"stl-city-public-streetlights:2:122100","sourceLayerId":2,"sourceObjectId":122100,"sourceURL":"https://maps8.stlouis-mo.gov/arcgis/rest/services/STREETS/Streets_Permitting/MapServer/2","title":"Street light L014820"},"type":"Feature"},{"geometry":{"coordinates":[-90.23178625661203,38.71865989969294],"type":"Point"},"id":"stl-city-public-streetlights:2:122101","properties":{"address":null,"attributes":{"Date_Installed":"6/25/2018","LED_Powered":1,"LightID":"L014821","Light_Source":"LED","Light_Type":"Cobra","Lighting_Type":"LED-Powered Lamp","Verification_Date":null},"id":"stl-city-public-streetlights:2:122101","sourceLayerId":2,"sourceObjectId":122101,"sourceURL":"https://maps8.stlouis-mo.gov/arcgis/rest/services/STREETS/Streets_Permitting/MapServer/2","title":"Street light L014821"},"type":"Feature"},{"geometry":{"coordinates":[-90.23221207480805,38.71869519913468],"type":"Point"},"id":"stl-city-public-streetlights:2:122102","properties":{"address":null,"attributes":{"Date_Installed":"6/25/2018","LED_Powered":1,"LightID":"L014822","Light_Source":"LED","Light_Type":"Cobra","Lighting_Type":"LED-Powered Lamp","Verification_Date":null},"id":"stl-city-public-streetlights:2:122102","sourceLayerId":2,"sourceObjectId":122102,"sourceURL":"https://maps8.stlouis-mo.gov/arcgis/rest/services/STREETS/Streets_Permitting/MapServer/2","title":"Street light L014822"},"type":"Feature"},{"geometry":{"coordinates":[-90.2326278727874,38.71876575064762],"type":"Point"},"id":"stl-city-public-streetlights:2:122103","properties":{"address":null,"attributes":{"Date_Installed":"6/25/2018","LED_Powered":1,"LightID":"L014823","Light_Source":"LED","Light_Type":"Cobra","Lighting_Type":"LED-Powered Lamp","Verification_Date":null},"id":"stl-city-public-streetlights:2:122103","sourceLayerId":2,"sourceObjectId":122103,"sourceURL":"https://maps8.stlouis-mo.gov/arcgis/rest/services/STREETS/Streets_Permitting/MapServer/2","title":"Street light L014823"},"type":"Feature"},{"geometry":{"coordinates":[-90.2302409246983,38.719407522614624],"type":"Point"},"id":"stl-city-public-streetlights:2:122106","properties":{"address":null,"attributes":{"Date_Installed":"2/14/2018","LED_Powered":1,"LightID":"L014826","Light_Source":"LED","Light_Type":"Cobra","Lighting_Type":"LED-Powered Lamp","Verification_Date":null},"id":"stl-city-public-streetlights:2:122106","sourceLayerId":2,"sourceObjectId":122106,"sourceURL":"https://maps8.stlouis-mo.gov/arcgis/rest/services/STREETS/Streets_Permitting/MapServer/2","title":"Street light L014826"},"type":"Feature"},{"geometry":{"coordinates":[-90.23065211993628,38.719448514566096],"type":"Point"},"id":"stl-city-public-streetlights:2:122107","properties":{"address":null,"attributes":{"Date_Installed":"2/14/2018","LED_Powered":1,"LightID":"L014827","Light_Source":"LED","Light_Type":"Cobra","Lighting_Type":"LED-Powered Lamp","Verification_Date":null},"id":"stl-city-public-streetlights:2:122107","sourceLayerId":2,"sourceObjectId":122107,"sourceURL":"https://maps8.stlouis-mo.gov/arcgis/rest/services/STREETS/Streets_Permitting/MapServer/2","title":"Street light L014827"},"type":"Feature"},{"geometry":{"coordinates":[-90.23112413740674,38.719497271778735],"type":"Point"},"id":"stl-city-public-streetlights:2:122108","properties":{"address":null,"attributes":{"Date_Installed":"2/14/2018","LED_Powered":1,"LightID":"L014828","Light_Source":"LED","Light_Type":"Cobra","Lighting_Type":"LED-Powered Lamp","Verification_Date":null},"id":"stl-city-public-streetlights:2:122108","sourceLayerId":2,"sourceObjectId":122108,"sourceURL":"https://maps8.stlouis-mo.gov/arcgis/rest/services/STREETS/Streets_Permitting/MapServer/2","title":"Street light L014828"},"type":"Feature"},{"geometry":{"coordinates":[-90.23158205870504,38.71954075252466],"type":"Point"},"id":"stl-city-public-streetlights:2:122109","properties":{"address":null,"attributes":{"Date_Installed":"2/14/2018","LED_Powered":1,"LightID":"L014829","Light_Source":"LED","Light_Type":"Cobra","Lighting_Type":"LED-Powered Lamp","Verification_Date":null},"id":"stl-city-public-streetlights:2:122109","sourceLayerId":2,"sourceObjectId":122109,"sourceURL":"https://maps8.stlouis-mo.gov/arcgis/rest/services/STREETS/Streets_Permitting/MapServer/2","title":"Street light L014829"},"type":"Feature"},{"geometry":{"coordinates":[-90.2319956845447,38.71958317502325],"type":"Point"},"id":"stl-city-public-streetlights:2:122110","properties":{"address":null,"attributes":{"Date_Installed":"2/14/2018","LED_Powered":1,"LightID":"L014830","Light_Source":"LED","Light_Type":"Cobra","Lighting_Type":"LED-Powered Lamp","Verification_Date":null},"id":"stl-city-public-streetlights:2:122110","sourceLayerId":2,"sourceObjectId":122110,"sourceURL":"https://maps8.stlouis-mo.gov/arcgis/rest/services/STREETS/Streets_Permitting/MapServer/2","title":"Street light L014830"},"type":"Feature"},{"geometry":{"coordinates":[-90.23246358064031,38.71962810397149],"type":"Point"},"id":"stl-city-public-streetlights:2:122111","properties":{"address":null,"attributes":{"Date_Installed":"2/14/2018","LED_Powered":1,"LightID":"L014831","Light_Source":"LED","Light_Type":"Cobra","Lighting_Type":"LED-Powered Lamp","Verification_Date":null},"id":"stl-city-public-streetlights:2:122111","sourceLayerId":2,"sourceObjectId":122111,"sourceURL":"https://maps8.stlouis-mo.gov/arcgis/rest/services/STREETS/Streets_Permitting/MapServer/2","title":"Street light L014831"},"type":"Feature"},{"geometry":{"coordinates":[-90.23937459407574,38.719978390909695],"type":"Point"},"id":"stl-city-public-streetlights:2:124193","properties":{"address":null,"attributes":{"Date_Installed":"6/25/2018","LED_Powered":1,"LightID":"L016921","Light_Source":"LED","Light_Type":"Cobra","Lighting_Type":"LED-Powered Lamp","Verification_Date":null},"id":"stl-city-public-streetlights:2:124193","sourceLayerId":2,"sourceObjectId":124193,"sourceURL":"https://maps8.stlouis-mo.gov/arcgis/rest/services/STREETS/Streets_Permitting/MapServer/2","title":"Street light L016921"},"type":"Feature"},{"geometry":{"coordinates":[-90.23501533360525,38.719889077523504],"type":"Point"},"id":"stl-city-public-streetlights:2:124195","properties":{"address":null,"attributes":{"Date_Installed":"2/14/2018","LED_Powered":1,"LightID":"L016923","Light_Source":"LED","Light_Type":"Cobra","Lighting_Type":"LED-Powered Lamp","Verification_Date":null},"id":"stl-city-public-streetlights:2:124195","sourceLayerId":2,"sourceObjectId":124195,"sourceURL":"https://maps8.stlouis-mo.gov/arcgis/rest/services/STREETS/Streets_Permitting/MapServer/2","title":"Street light L016923"},"type":"Feature"},{"geometry":{"coordinates":[-90.2345968385545,38.71984641501937],"type":"Point"},"id":"stl-city-public-streetlights:2:124196","properties":{"address":null,"attributes":{"Date_Installed":"2/14/2018","LED_Powered":1,"LightID":"L016924","Light_Source":"LED","Light_Type":"Cobra","Lighting_Type":"LED-Powered Lamp","Verification_Date":null},"id":"stl-city-public-streetlights:2:124196","sourceLayerId":2,"sourceObjectId":124196,"sourceURL":"https://maps8.stlouis-mo.gov/arcgis/rest/services/STREETS/Streets_Permitting/MapServer/2","title":"Street light L016924"},"type":"Feature"},{"geometry":{"coordinates":[-90.23415750796102,38.71980167847491],"type":"Point"},"id":"stl-city-public-streetlights:2:124197","properties":{"address":null,"attributes":{"Date_Installed":"2/14/2018","LED_Powered":1,"LightID":"L016925","Light_Source":"LED","Light_Type":"Cobra","Lighting_Type":"LED-Powered Lamp","Verification_Date":null},"id":"stl-city-public-streetlights:2:124197","sourceLayerId":2,"sourceObjectId":124197,"sourceURL":"https://maps8.stlouis-mo.gov/arcgis/rest/services/STREETS/Streets_Permitting/MapServer/2","title":"Street light L016925"},"type":"Feature"},{"geometry":{"coordinates":[-90.23372438840751,38.719764462331554],"type":"Point"},"id":"stl-city-public-streetlights:2:124198","properties":{"address":null,"attributes":{"Date_Installed":"2/14/2018","LED_Powered":1,"LightID":"L016926","Light_Source":"LED","Light_Type":"Cobra","Lighting_Type":"LED-Powered Lamp","Verification_Date":null},"id":"stl-city-public-streetlights:2:124198","sourceLayerId":2,"sourceObjectId":124198,"sourceURL":"https://maps8.stlouis-mo.gov/arcgis/rest/services/STREETS/Streets_Permitting/MapServer/2","title":"Street light L016926"},"type":"Feature"},{"geometry":{"coordinates":[-90.23331758377553,38.71971967778613],"type":"Point"},"id":"stl-city-public-streetlights:2:124199","properties":{"address":null,"attributes":{"Date_Installed":"2/14/2018","LED_Powered":1,"LightID":"L016927","Light_Source":"LED","Light_Type":"Cobra","Lighting_Type":"LED-Powered Lamp","Verification_Date":null},"id":"stl-city-public-streetlights:2:124199","sourceLayerId":2,"sourceObjectId":124199,"sourceURL":"https://maps8.stlouis-mo.gov/arcgis/rest/services/STREETS/Streets_Permitting/MapServer/2","title":"Street light L016927"},"type":"Feature"},{"geometry":{"coordinates":[-90.23286989663237,38.71967289127215],"type":"Point"},"id":"stl-city-public-streetlights:2:124200","properties":{"address":null,"attributes":{"Date_Installed":"2/14/2018","LED_Powered":1,"LightID":"L016928","Light_Source":"LED","Light_Type":"Cobra","Lighting_Type":"LED-Powered Lamp","Verification_Date":null},"id":"stl-city-public-streetlights:2:124200","sourceLayerId":2,"sourceObjectId":124200,"sourceURL":"https://maps8.stlouis-mo.gov/arcgis/rest/services/STREETS/Streets_Permitting/MapServer/2","title":"Street light L016928"},"type":"Feature"},{"geometry":{"coordinates":[-90.23309051567021,38.718823061139105],"type":"Point"},"id":"stl-city-public-streetlights:2:124201","properties":{"address":null,"attributes":{"Date_Installed":"2/14/2018","LED_Powered":1,"LightID":"L016929","Light_Source":"LED","Light_Type":"Cobra","Lighting_Type":"LED-Powered Lamp","Verification_Date":null},"id":"stl-city-public-streetlights:2:124201","sourceLayerId":2,"sourceObjectId":124201,"sourceURL":"https://maps8.stlouis-mo.gov/arcgis/rest/services/STREETS/Streets_Permitting/MapServer/2","title":"Street light L016929"},"type":"Feature"},{"geometry":{"coordinates":[-90.23349440731566,38.71886402642345],"type":"Point"},"id":"stl-city-public-streetlights:2:124202","properties":{"address":null,"attributes":{"Date_Installed":"2/14/2018","LED_Powered":1,"LightID":"L016930","Light_Source":"LED","Light_Type":"Cobra","Lighting_Type":"LED-Powered Lamp","Verification_Date":null},"id":"stl-city-public-streetlights:2:124202","sourceLayerId":2,"sourceObjectId":124202,"sourceURL":"https://maps8.stlouis-mo.gov/arcgis/rest/services/STREETS/Streets_Permitting/MapServer/2","title":"Street light L016930"},"type":"Feature"},{"geometry":{"coordinates":[-90.23392264667123,38.718903138567015],"type":"Point"},"id":"stl-city-public-streetlights:2:124203","properties":{"address":null,"attributes":{"Date_Installed":"2/14/2018","LED_Powered":1,"LightID":"L016931","Light_Source":"LED","Light_Type":"Cobra","Lighting_Type":"LED-Powered Lamp","Verification_Date":null},"id":"stl-city-public-streetlights:2:124203","sourceLayerId":2,"sourceObjectId":124203,"sourceURL":"https://maps8.stlouis-mo.gov/arcgis/rest/services/STREETS/Streets_Permitting/MapServer/2","title":"Street light L016931"},"type":"Feature"},{"geometry":{"coordinates":[-90.2343219013452,38.71894790385265],"type":"Point"},"id":"stl-city-public-streetlights:2:124204","properties":{"address":null,"attributes":{"Date_Installed":"2/14/2018","LED_Powered":1,"LightID":"L016932","Light_Source":"LED","Light_Type":"Cobra","Lighting_Type":"LED-Powered Lamp","Verification_Date":null},"id":"stl-city-public-streetlights:2:124204","sourceLayerId":2,"sourceObjectId":124204,"sourceURL":"https://maps8.stlouis-mo.gov/arcgis/rest/services/STREETS/Streets_Permitting/MapServer/2","title":"Street light L016932"},"type":"Feature"},{"geometry":{"coordinates":[-90.23476231119089,38.71898704147645],"type":"Point"},"id":"stl-city-public-streetlights:2:124205","properties":{"address":null,"attributes":{"Date_Installed":"2/14/2018","LED_Powered":1,"LightID":"L016933","Light_Source":"LED","Light_Type":"Cobra","Lighting_Type":"LED-Powered Lamp","Verification_Date":null},"id":"stl-city-public-streetlights:2:124205","sourceLayerId":2,"sourceObjectId":124205,"sourceURL":"https://maps8.stlouis-mo.gov/arcgis/rest/services/STREETS/Streets_Permitting/MapServer/2","title":"Street light L016933"},"type":"Feature"},{"geometry":{"coordinates":[-90.2351960237591,38.7190275910645],"type":"Point"},"id":"stl-city-public-streetlights:2:124206","properties":{"address":null,"attributes":{"Date_Installed":"2/14/2018","LED_Powered":1,"LightID":"L016934","Light_Source":"LED","Light_Type":"Cobra","Lighting_Type":"LED-Powered Lamp","Verification_Date":null},"id":"stl-city-public-streetlights:2:124206","sourceLayerId":2,"sourceObjectId":124206,"sourceURL":"https://maps8.stlouis-mo.gov/arcgis/rest/services/STREETS/Streets_Permitting/MapServer/2","title":"Street light L016934"},"type":"Feature"},{"geometry":{"coordinates":[-90.23573077398518,38.719083051748356],"type":"Point"},"id":"stl-city-public-streetlights:2:124207","properties":{"address":null,"attributes":{"Date_Installed":"6/25/2018","LED_Powered":1,"LightID":"L016935","Light_Source":"LED","Light_Type":"Cobra","Lighting_Type":"LED-Powered Lamp","Verification_Date":null},"id":"stl-city-public-streetlights:2:124207","sourceLayerId":2,"sourceObjectId":124207,"sourceURL":"https://maps8.stlouis-mo.gov/arcgis/rest/services/STREETS/Streets_Permitting/MapServer/2","title":"Street light L016935"},"type":"Feature"},{"geometry":{"coordinates":[-90.23618331995785,38.71913174542999],"type":"Point"},"id":"stl-city-public-streetlights:2:124208","properties":{"address":null,"attributes":{"Date_Installed":"6/25/2018","LED_Powered":1,"LightID":"L016936","Light_Source":"LED","Light_Type":"Cobra","Lighting_Type":"LED-Powered Lamp","Verification_Date":null},"id":"stl-city-public-streetlights:2:124208","sourceLayerId":2,"sourceObjectId":124208,"sourceURL":"https://maps8.stlouis-mo.gov/arcgis/rest/services/STREETS/Streets_Permitting/MapServer/2","title":"Street light L016936"},"type":"Feature"},{"geometry":{"coordinates":[-90.23662074659444,38.71917218009949],"type":"Point"},"id":"stl-city-public-streetlights:2:124209","properties":{"address":null,"attributes":{"Date_Installed":"6/25/2018","LED_Powered":1,"LightID":"L016937","Light_Source":"LED","Light_Type":"Cobra","Lighting_Type":"LED-Powered Lamp","Verification_Date":null},"id":"stl-city-public-streetlights:2:124209","sourceLayerId":2,"sourceObjectId":124209,"sourceURL":"https://maps8.stlouis-mo.gov/arcgis/rest/services/STREETS/Streets_Permitting/MapServer/2","title":"Street light L016937"},"type":"Feature"},{"geometry":{"coordinates":[-90.23702900641202,38.719213718676414],"type":"Point"},"id":"stl-city-public-streetlights:2:124210","properties":{"address":null,"attributes":{"Date_Installed":"6/25/2018","LED_Powered":1,"LightID":"L016938","Light_Source":"LED","Light_Type":"Cobra","Lighting_Type":"LED-Powered Lamp","Verification_Date":null},"id":"stl-city-public-streetlights:2:124210","sourceLayerId":2,"sourceObjectId":124210,"sourceURL":"https://maps8.stlouis-mo.gov/arcgis/rest/services/STREETS/Streets_Permitting/MapServer/2","title":"Street light L016938"},"type":"Feature"},{"geometry":{"coordinates":[-90.23748522892531,38.71925621845714],"type":"Point"},"id":"stl-city-public-streetlights:2:124211","properties":{"address":null,"attributes":{"Date_Installed":"6/25/2018","LED_Powered":1,"LightID":"L016939","Light_Source":"LED","Light_Type":"Cobra","Lighting_Type":"LED-Powered Lamp","Verification_Date":null},"id":"stl-city-public-streetlights:2:124211","sourceLayerId":2,"sourceObjectId":124211,"sourceURL":"https://maps8.stlouis-mo.gov/arcgis/rest/services/STREETS/Streets_Permitting/MapServer/2","title":"Street light L016939"},"type":"Feature"},{"geometry":{"coordinates":[-90.23792845573429,38.71930810149267],"type":"Point"},"id":"stl-city-public-streetlights:2:124212","properties":{"address":null,"attributes":{"Date_Installed":"6/25/2018","LED_Powered":1,"LightID":"L016940","Light_Source":"LED","Light_Type":"Cobra","Lighting_Type":"LED-Powered Lamp","Verification_Date":null},"id":"stl-city-public-streetlights:2:124212","sourceLayerId":2,"sourceObjectId":124212,"sourceURL":"https://maps8.stlouis-mo.gov/arcgis/rest/services/STREETS/Streets_Permitting/MapServer/2","title":"Street light L016940"},"type":"Feature"},{"geometry":{"coordinates":[-90.23330104152656,38.71793542105389],"type":"Point"},"id":"stl-city-public-streetlights:2:124213","properties":{"address":null,"attributes":{"Date_Installed":"6/25/2018","LED_Powered":1,"LightID":"L016941","Light_Source":"LED","Light_Type":"Cobra","Lighting_Type":"LED-Powered Lamp","Verification_Date":null},"id":"stl-city-public-streetlights:2:124213","sourceLayerId":2,"sourceObjectId":124213,"sourceURL":"https://maps8.stlouis-mo.gov/arcgis/rest/services/STREETS/Streets_Permitting/MapServer/2","title":"Street light L016941"},"type":"Feature"},{"geometry":{"coordinates":[-90.23378827084552,38.71798205812316],"type":"Point"},"id":"stl-city-public-streetlights:2:124214","properties":{"address":null,"attributes":{"Date_Installed":"6/25/2018","LED_Powered":1,"LightID":"L016942","Light_Source":"LED","Light_Type":"Cobra","Lighting_Type":"LED-Powered Lamp","Verification_Date":null},"id":"stl-city-public-streetlights:2:124214","sourceLayerId":2,"sourceObjectId":124214,"sourceURL":"https://maps8.stlouis-mo.gov/arcgis/rest/services/STREETS/Streets_Permitting/MapServer/2","title":"Street light L016942"},"type":"Feature"},{"geometry":{"coordinates":[-90.23425724619523,38.71802865077514],"type":"Point"},"id":"stl-city-public-streetlights:2:124215","properties":{"address":null,"attributes":{"Date_Installed":"6/25/2018","LED_Powered":1,"LightID":"L016943","Light_Source":"LED","Light_Type":"Cobra","Lighting_Type":"LED-Powered Lamp","Verification_Date":null},"id":"stl-city-public-streetlights:2:124215","sourceLayerId":2,"sourceObjectId":124215,"sourceURL":"https://maps8.stlouis-mo.gov/arcgis/rest/services/STREETS/Streets_Permitting/MapServer/2","title":"Street light L016943"},"type":"Feature"},{"geometry":{"coordinates":[-90.23472997938632,38.71807977968162],"type":"Point"},"id":"stl-city-public-streetlights:2:124216","properties":{"address":null,"attributes":{"Date_Installed":"6/25/2018","LED_Powered":1,"LightID":"L016944","Light_Source":"LED","Light_Type":"Cobra","Lighting_Type":"LED-Powered Lamp","Verification_Date":null},"id":"stl-city-public-streetlights:2:124216","sourceLayerId":2,"sourceObjectId":124216,"sourceURL":"https://maps8.stlouis-mo.gov/arcgis/rest/services/STREETS/Streets_Permitting/MapServer/2","title":"Street light L016944"},"type":"Feature"},{"geometry":{"coordinates":[-90.235220858502,38.718127252373996],"type":"Point"},"id":"stl-city-public-streetlights:2:124217","properties":{"address":null,"attributes":{"Date_Installed":"6/25/2018","LED_Powered":1,"LightID":"L016945","Light_Source":"LED","Light_Type":"Cobra","Lighting_Type":"LED-Powered Lamp","Verification_Date":null},"id":"stl-city-public-streetlights:2:124217","sourceLayerId":2,"sourceObjectId":124217,"sourceURL":"https://maps8.stlouis-mo.gov/arcgis/rest/services/STREETS/Streets_Permitting/MapServer/2","title":"Street light L016945"},"type":"Feature"},{"geometry":{"coordinates":[-90.23566687178452,38.71817235767977],"type":"Point"},"id":"stl-city-public-streetlights:2:124218","properties":{"address":null,"attributes":{"Date_Installed":"6/25/2018","LED_Powered":1,"LightID":"L016946","Light_Source":"LED","Light_Type":"Cobra","Lighting_Type":"LED-Powered Lamp","Verification_Date":null},"id":"stl-city-public-streetlights:2:124218","sourceLayerId":2,"sourceObjectId":124218,"sourceURL":"https://maps8.stlouis-mo.gov/arcgis/rest/services/STREETS/Streets_Permitting/MapServer/2","title":"Street light L016946"},"type":"Feature"},{"geometry":{"coordinates":[-90.23610004163234,38.71821826650893],"type":"Point"},"id":"stl-city-public-streetlights:2:124219","properties":{"address":null,"attributes":{"Date_Installed":"6/25/2018","LED_Powered":1,"LightID":"L016947","Light_Source":"LED","Light_Type":"Cobra","Lighting_Type":"LED-Powered Lamp","Verification_Date":null},"id":"stl-city-public-streetlights:2:124219","sourceLayerId":2,"sourceObjectId":124219,"sourceURL":"https://maps8.stlouis-mo.gov/arcgis/rest/services/STREETS/Streets_Permitting/MapServer/2","title":"Street light L016947"},"type":"Feature"},{"geometry":{"coordinates":[-90.23656841730303,38.71826365757978],"type":"Point"},"id":"stl-city-public-streetlights:2:124220","properties":{"address":null,"attributes":{"Date_Installed":"6/25/2018","LED_Powered":1,"LightID":"L016948","Light_Source":"LED","Light_Type":"Cobra","Lighting_Type":"LED-Powered Lamp","Verification_Date":null},"id":"stl-city-public-streetlights:2:124220","sourceLayerId":2,"sourceObjectId":124220,"sourceURL":"https://maps8.stlouis-mo.gov/arcgis/rest/services/STREETS/Streets_Permitting/MapServer/2","title":"Street light L016948"},"type":"Feature"},{"geometry":{"coordinates":[-90.23694493572856,38.71830168898604],"type":"Point"},"id":"stl-city-public-streetlights:2:124221","properties":{"address":null,"attributes":{"Date_Installed":"6/25/2018","LED_Powered":1,"LightID":"L016949","Light_Source":"LED","Light_Type":"Cobra","Lighting_Type":"LED-Powered Lamp","Verification_Date":null},"id":"stl-city-public-streetlights:2:124221","sourceLayerId":2,"sourceObjectId":124221,"sourceURL":"https://maps8.stlouis-mo.gov/arcgis/rest/services/STREETS/Streets_Permitting/MapServer/2","title":"Street light L016949"},"type":"Feature"},{"geometry":{"coordinates":[-90.23736821907012,38.7183435187298],"type":"Point"},"id":"stl-city-public-streetlights:2:124222","properties":{"address":null,"attributes":{"Date_Installed":"6/25/2018","LED_Powered":1,"LightID":"L016950","Light_Source":"LED","Light_Type":"Cobra","Lighting_Type":"LED-Powered Lamp","Verification_Date":null},"id":"stl-city-public-streetlights:2:124222","sourceLayerId":2,"sourceObjectId":124222,"sourceURL":"https://maps8.stlouis-mo.gov/arcgis/rest/services/STREETS/Streets_Permitting/MapServer/2","title":"Street light L016950"},"type":"Feature"},{"geometry":{"coordinates":[-90.23334754639977,38.71693199423214],"type":"Point"},"id":"stl-city-public-streetlights:2:124223","properties":{"address":null,"attributes":{"Date_Installed":"6/25/2018","LED_Powered":1,"LightID":"L016951","Light_Source":"LED","Light_Type":"Cobra","Lighting_Type":"LED-Powered Lamp","Verification_Date":null},"id":"stl-city-public-streetlights:2:124223","sourceLayerId":2,"sourceObjectId":124223,"sourceURL":"https://maps8.stlouis-mo.gov/arcgis/rest/services/STREETS/Streets_Permitting/MapServer/2","title":"Street light L016951"},"type":"Feature"},{"geometry":{"coordinates":[-90.23381377186496,38.71697989406792],"type":"Point"},"id":"stl-city-public-streetlights:2:124224","properties":{"address":null,"attributes":{"Date_Installed":"6/25/2018","LED_Powered":1,"LightID":"L016952","Light_Source":"LED","Light_Type":"Cobra","Lighting_Type":"LED-Powered Lamp","Verification_Date":null},"id":"stl-city-public-streetlights:2:124224","sourceLayerId":2,"sourceObjectId":124224,"sourceURL":"https://maps8.stlouis-mo.gov/arcgis/rest/services/STREETS/Streets_Permitting/MapServer/2","title":"Street light L016952"},"type":"Feature"},{"geometry":{"coordinates":[-90.23421369604014,38.71702168204754],"type":"Point"},"id":"stl-city-public-streetlights:2:124225","properties":{"address":null,"attributes":{"Date_Installed":"6/25/2018","LED_Powered":1,"LightID":"L016953","Light_Source":"LED","Light_Type":"Cobra","Lighting_Type":"LED-Powered Lamp","Verification_Date":null},"id":"stl-city-public-streetlights:2:124225","sourceLayerId":2,"sourceObjectId":124225,"sourceURL":"https://maps8.stlouis-mo.gov/arcgis/rest/services/STREETS/Streets_Permitting/MapServer/2","title":"Street light L016953"},"type":"Feature"},{"geometry":{"coordinates":[-90.23464481731105,38.71706842582248],"type":"Point"},"id":"stl-city-public-streetlights:2:124226","properties":{"address":null,"attributes":{"Date_Installed":"6/25/2018","LED_Powered":1,"LightID":"L016954","Light_Source":"LED","Light_Type":"Cobra","Lighting_Type":"LED-Powered Lamp","Verification_Date":null},"id":"stl-city-public-streetlights:2:124226","sourceLayerId":2,"sourceObjectId":124226,"sourceURL":"https://maps8.stlouis-mo.gov/arcgis/rest/services/STREETS/Streets_Permitting/MapServer/2","title":"Street light L016954"},"type":"Feature"},{"geometry":{"coordinates":[-90.23507302548774,38.71711325515162],"type":"Point"},"id":"stl-city-public-streetlights:2:124227","properties":{"address":null,"attributes":{"Date_Installed":"6/25/2018","LED_Powered":1,"LightID":"L016955","Light_Source":"LED","Light_Type":"Cobra","Lighting_Type":"LED-Powered Lamp","Verification_Date":null},"id":"stl-city-public-streetlights:2:124227","sourceLayerId":2,"sourceObjectId":124227,"sourceURL":"https://maps8.stlouis-mo.gov/arcgis/rest/services/STREETS/Streets_Permitting/MapServer/2","title":"Street light L016955"},"type":"Feature"},{"geometry":{"coordinates":[-90.23551097027372,38.71715810403729],"type":"Point"},"id":"stl-city-public-streetlights:2:124228","properties":{"address":null,"attributes":{"Date_Installed":"6/25/2018","LED_Powered":1,"LightID":"L016956","Light_Source":"LED","Light_Type":"Cobra","Lighting_Type":"LED-Powered Lamp","Verification_Date":null},"id":"stl-city-public-streetlights:2:124228","sourceLayerId":2,"sourceObjectId":124228,"sourceURL":"https://maps8.stlouis-mo.gov/arcgis/rest/services/STREETS/Streets_Permitting/MapServer/2","title":"Street light L016956"},"type":"Feature"},{"geometry":{"coordinates":[-90.23836530980466,38.719250673309006],"type":"Point"},"id":"stl-city-public-streetlights:2:124229","properties":{"address":null,"attributes":{"Date_Installed":"6/25/2018","LED_Powered":1,"LightID":"L016957","Light_Source":"LED","Light_Type":"Cobra","Lighting_Type":"LED-Powered Lamp","Verification_Date":null},"id":"stl-city-public-streetlights:2:124229","sourceLayerId":2,"sourceObjectId":124229,"sourceURL":"https://maps8.stlouis-mo.gov/arcgis/rest/services/STREETS/Streets_Permitting/MapServer/2","title":"Street light L016957"},"type":"Feature"},{"geometry":{"coordinates":[-90.23880751387284,38.719132245359],"type":"Point"},"id":"stl-city-public-streetlights:2:124230","properties":{"address":null,"attributes":{"Date_Installed":"6/25/2018","LED_Powered":1,"LightID":"L016958","Light_Source":"LED","Light_Type":"Cobra","Lighting_Type":"LED-Powered Lamp","Verification_Date":null},"id":"stl-city-public-streetlights:2:124230","sourceLayerId":2,"sourceObjectId":124230,"sourceURL":"https://maps8.stlouis-mo.gov/arcgis/rest/services/STREETS/Streets_Permitting/MapServer/2","title":"Street light L016958"},"type":"Feature"},{"geometry":{"coordinates":[-90.23917593683232,38.71916901099],"type":"Point"},"id":"stl-city-public-streetlights:2:124231","properties":{"address":null,"attributes":{"Date_Installed":"6/25/2018","LED_Powered":1,"LightID":"L016959","Light_Source":"LED","Light_Type":"Cobra","Lighting_Type":"LED-Powered Lamp","Verification_Date":null},"id":"stl-city-public-streetlights:2:124231","sourceLayerId":2,"sourceObjectId":124231,"sourceURL":"https://maps8.stlouis-mo.gov/arcgis/rest/services/STREETS/Streets_Permitting/MapServer/2","title":"Street light L016959"},"type":"Feature"},{"geometry":{"coordinates":[-90.23956524420326,38.719206347192085],"type":"Point"},"id":"stl-city-public-streetlights:2:124232","properties":{"address":null,"attributes":{"Date_Installed":"6/25/2018","LED_Powered":1,"LightID":"L016960","Light_Source":"LED","Light_Type":"Cobra","Lighting_Type":"LED-Powered Lamp","Verification_Date":null},"id":"stl-city-public-streetlights:2:124232","sourceLayerId":2,"sourceObjectId":124232,"sourceURL":"https://maps8.stlouis-mo.gov/arcgis/rest/services/STREETS/Streets_Permitting/MapServer/2","title":"Street light L016960"},"type":"Feature"},{"geometry":{"coordinates":[-90.23789217616681,38.71835146726772],"type":"Point"},"id":"stl-city-public-streetlights:2:124235","properties":{"address":null,"attributes":{"Date_Installed":"6/25/2018","LED_Powered":1,"LightID":"L016963","Light_Source":"LED","Light_Type":"Cobra","Lighting_Type":"LED-Powered Lamp","Verification_Date":null},"id":"stl-city-public-streetlights:2:124235","sourceLayerId":2,"sourceObjectId":124235,"sourceURL":"https://maps8.stlouis-mo.gov/arcgis/rest/services/STREETS/Streets_Permitting/MapServer/2","title":"Street light L016963"},"type":"Feature"},{"geometry":{"coordinates":[-90.23828125415281,38.71829989967981],"type":"Point"},"id":"stl-city-public-streetlights:2:124236","properties":{"address":null,"attributes":{"Date_Installed":"6/25/2018","LED_Powered":1,"LightID":"L016964","Light_Source":"LED","Light_Type":"Cobra","Lighting_Type":"LED-Powered Lamp","Verification_Date":null},"id":"stl-city-public-streetlights:2:124236","sourceLayerId":2,"sourceObjectId":124236,"sourceURL":"https://maps8.stlouis-mo.gov/arcgis/rest/services/STREETS/Streets_Permitting/MapServer/2","title":"Street light L016964"},"type":"Feature"},{"geometry":{"coordinates":[-90.23869491937806,38.7182469560559],"type":"Point"},"id":"stl-city-public-streetlights:2:124237","properties":{"address":null,"attributes":{"Date_Installed":"6/25/2018","LED_Powered":1,"LightID":"L016965","Light_Source":"LED","Light_Type":"Cobra","Lighting_Type":"LED-Powered Lamp","Verification_Date":null},"id":"stl-city-public-streetlights:2:124237","sourceLayerId":2,"sourceObjectId":124237,"sourceURL":"https://maps8.stlouis-mo.gov/arcgis/rest/services/STREETS/Streets_Permitting/MapServer/2","title":"Street light L016965"},"type":"Feature"},{"geometry":{"coordinates":[-90.2391106054371,38.71818233650656],"type":"Point"},"id":"stl-city-public-streetlights:2:124238","properties":{"address":null,"attributes":{"Date_Installed":"6/25/2018","LED_Powered":1,"LightID":"L016966","Light_Source":"LED","Light_Type":"Cobra","Lighting_Type":"LED-Powered Lamp","Verification_Date":null},"id":"stl-city-public-streetlights:2:124238","sourceLayerId":2,"sourceObjectId":124238,"sourceURL":"https://maps8.stlouis-mo.gov/arcgis/rest/services/STREETS/Streets_Permitting/MapServer/2","title":"Street light L016966"},"type":"Feature"},{"geometry":{"coordinates":[-90.23953118750528,38.718075774342395],"type":"Point"},"id":"stl-city-public-streetlights:2:124239","properties":{"address":null,"attributes":{"Date_Installed":"6/25/2018","LED_Powered":1,"LightID":"L016967","Light_Source":"LED","Light_Type":"Cobra","Lighting_Type":"LED-Powered Lamp","Verification_Date":null},"id":"stl-city-public-streetlights:2:124239","sourceLayerId":2,"sourceObjectId":124239,"sourceURL":"https://maps8.stlouis-mo.gov/arcgis/rest/services/STREETS/Streets_Permitting/MapServer/2","title":"Street light L016967"},"type":"Feature"},{"geometry":{"coordinates":[-90.23995021567599,38.717969923403054],"type":"Point"},"id":"stl-city-public-streetlights:2:124240","properties":{"address":null,"attributes":{"Date_Installed":"6/25/2018","LED_Powered":1,"LightID":"L016968","Light_Source":"LED","Light_Type":"Cobra","Lighting_Type":"LED-Powered Lamp","Verification_Date":null},"id":"stl-city-public-streetlights:2:124240","sourceLayerId":2,"sourceObjectId":124240,"sourceURL":"https://maps8.stlouis-mo.gov/arcgis/rest/services/STREETS/Streets_Permitting/MapServer/2","title":"Street light L016968"},"type":"Feature"},{"geometry":{"coordinates":[-90.23998160143407,38.715992301938385],"type":"Point"},"id":"stl-city-public-streetlights:2:124243","properties":{"address":null,"attributes":{"Date_Installed":"6/25/2018","LED_Powered":1,"LightID":"L016971","Light_Source":"LED","Light_Type":"Cobra","Lighting_Type":"LED-Powered Lamp","Verification_Date":null},"id":"stl-city-public-streetlights:2:124243","sourceLayerId":2,"sourceObjectId":124243,"sourceURL":"https://maps8.stlouis-mo.gov/arcgis/rest/services/STREETS/Streets_Permitting/MapServer/2","title":"Street light L016971"},"type":"Feature"},{"geometry":{"coordinates":[-90.23948343822022,38.71594280602711],"type":"Point"},"id":"stl-city-public-streetlights:2:124244","properties":{"address":null,"attributes":{"Date_Installed":"6/25/2018","LED_Powered":1,"LightID":"L016972","Light_Source":"LED","Light_Type":"Cobra","Lighting_Type":"LED-Powered Lamp","Verification_Date":null},"id":"stl-city-public-streetlights:2:124244","sourceLayerId":2,"sourceObjectId":124244,"sourceURL":"https://maps8.stlouis-mo.gov/arcgis/rest/services/STREETS/Streets_Permitting/MapServer/2","title":"Street light L016972"},"type":"Feature"},{"geometry":{"coordinates":[-90.2389194610789,38.715884282008815],"type":"Point"},"id":"stl-city-public-streetlights:2:124245","properties":{"address":null,"attributes":{"Date_Installed":"6/25/2018","LED_Powered":1,"LightID":"L016973","Light_Source":"LED","Light_Type":"Cobra","Lighting_Type":"LED-Powered Lamp","Verification_Date":null},"id":"stl-city-public-streetlights:2:124245","sourceLayerId":2,"sourceObjectId":124245,"sourceURL":"https://maps8.stlouis-mo.gov/arcgis/rest/services/STREETS/Streets_Permitting/MapServer/2","title":"Street light L016973"},"type":"Feature"},{"geometry":{"coordinates":[-90.23838783057971,38.715835899458185],"type":"Point"},"id":"stl-city-public-streetlights:2:124246","properties":{"address":null,"attributes":{"Date_Installed":"6/25/2018","LED_Powered":1,"LightID":"L016974","Light_Source":"LED","Light_Type":"Cobra","Lighting_Type":"LED-Powered Lamp","Verification_Date":null},"id":"stl-city-public-streetlights:2:124246","sourceLayerId":2,"sourceObjectId":124246,"sourceURL":"https://maps8.stlouis-mo.gov/arcgis/rest/services/STREETS/Streets_Permitting/MapServer/2","title":"Street light L016974"},"type":"Feature"},{"geometry":{"coordinates":[-90.23998612984342,38.716737463674676],"type":"Point"},"id":"stl-city-public-streetlights:2:124249","properties":{"address":null,"attributes":{"Date_Installed":"6/25/2018","LED_Powered":1,"LightID":"L016977","Light_Source":"LED","Light_Type":"Cobra","Lighting_Type":"LED-Powered Lamp","Verification_Date":null},"id":"stl-city-public-streetlights:2:124249","sourceLayerId":2,"sourceObjectId":124249,"sourceURL":"https://maps8.stlouis-mo.gov/arcgis/rest/services/STREETS/Streets_Permitting/MapServer/2","title":"Street light L016977"},"type":"Feature"},{"geometry":{"coordinates":[-90.23992187438049,38.71707311915195],"type":"Point"},"id":"stl-city-public-streetlights:2:124250","properties":{"address":null,"attributes":{"Date_Installed":"6/25/2018","LED_Powered":1,"LightID":"L016978","Light_Source":"LED","Light_Type":"Cobra","Lighting_Type":"LED-Powered Lamp","Verification_Date":null},"id":"stl-city-public-streetlights:2:124250","sourceLayerId":2,"sourceObjectId":124250,"sourceURL":"https://maps8.stlouis-mo.gov/arcgis/rest/services/STREETS/Streets_Permitting/MapServer/2","title":"Street light L016978"},"type":"Feature"},{"geometry":{"coordinates":[-90.23986099339722,38.717417934993655],"type":"Point"},"id":"stl-city-public-streetlights:2:124251","properties":{"address":null,"attributes":{"Date_Installed":"6/25/2018","LED_Powered":1,"LightID":"L016979","Light_Source":"LED","Light_Type":"Cobra","Lighting_Type":"LED-Powered Lamp","Verification_Date":null},"id":"stl-city-public-streetlights:2:124251","sourceLayerId":2,"sourceObjectId":124251,"sourceURL":"https://maps8.stlouis-mo.gov/arcgis/rest/services/STREETS/Streets_Permitting/MapServer/2","title":"Street light L016979"},"type":"Feature"},{"geometry":{"coordinates":[-90.23979886020719,38.717772090992305],"type":"Point"},"id":"stl-city-public-streetlights:2:124252","properties":{"address":null,"attributes":{"Date_Installed":"6/25/2018","LED_Powered":1,"LightID":"L016980","Light_Source":"LED","Light_Type":"Cobra","Lighting_Type":"LED-Powered Lamp","Verification_Date":null},"id":"stl-city-public-streetlights:2:124252","sourceLayerId":2,"sourceObjectId":124252,"sourceURL":"https://maps8.stlouis-mo.gov/arcgis/rest/services/STREETS/Streets_Permitting/MapServer/2","title":"Street light L016980"},"type":"Feature"},{"geometry":{"coordinates":[-90.23973364952685,38.71813567947498],"type":"Point"},"id":"stl-city-public-streetlights:2:124253","properties":{"address":null,"attributes":{"Date_Installed":"6/25/2018","LED_Powered":1,"LightID":"L016981","Light_Source":"LED","Light_Type":"Cobra","Lighting_Type":"LED-Powered Lamp","Verification_Date":null},"id":"stl-city-public-streetlights:2:124253","sourceLayerId":2,"sourceObjectId":124253,"sourceURL":"https://maps8.stlouis-mo.gov/arcgis/rest/services/STREETS/Streets_Permitting/MapServer/2","title":"Street light L016981"},"type":"Feature"},{"geometry":{"coordinates":[-90.23968022614258,38.71843708318069],"type":"Point"},"id":"stl-city-public-streetlights:2:124254","properties":{"address":null,"attributes":{"Date_Installed":"6/25/2018","LED_Powered":1,"LightID":"L016982","Light_Source":"LED","Light_Type":"Cobra","Lighting_Type":"LED-Powered Lamp","Verification_Date":null},"id":"stl-city-public-streetlights:2:124254","sourceLayerId":2,"sourceObjectId":124254,"sourceURL":"https://maps8.stlouis-mo.gov/arcgis/rest/services/STREETS/Streets_Permitting/MapServer/2","title":"Street light L016982"},"type":"Feature"},{"geometry":{"coordinates":[-90.23963260898874,38.71873099096627],"type":"Point"},"id":"stl-city-public-streetlights:2:124255","properties":{"address":null,"attributes":{"Date_Installed":"6/25/2018","LED_Powered":1,"LightID":"L016983","Light_Source":"LED","Light_Type":"Cobra","Lighting_Type":"LED-Powered Lamp","Verification_Date":null},"id":"stl-city-public-streetlights:2:124255","sourceLayerId":2,"sourceObjectId":124255,"sourceURL":"https://maps8.stlouis-mo.gov/arcgis/rest/services/STREETS/Streets_Permitting/MapServer/2","title":"Street light L016983"},"type":"Feature"},{"geometry":{"coordinates":[-90.23957479024004,38.7190274975469],"type":"Point"},"id":"stl-city-public-streetlights:2:124256","properties":{"address":null,"attributes":{"Date_Installed":"6/25/2018","LED_Powered":1,"LightID":"L016984","Light_Source":"LED","Light_Type":"Cobra","Lighting_Type":"LED-Powered Lamp","Verification_Date":null},"id":"stl-city-public-streetlights:2:124256","sourceLayerId":2,"sourceObjectId":124256,"sourceURL":"https://maps8.stlouis-mo.gov/arcgis/rest/services/STREETS/Streets_Permitting/MapServer/2","title":"Street light L016984"},"type":"Feature"},{"geometry":{"coordinates":[-90.23903151825337,38.716031384187495],"type":"Point"},"id":"stl-city-public-streetlights:2:124257","properties":{"address":null,"attributes":{"Date_Installed":"6/25/2018","LED_Powered":1,"LightID":"L016985","Light_Source":"LED","Light_Type":"Cobra","Lighting_Type":"LED-Powered Lamp","Verification_Date":null},"id":"stl-city-public-streetlights:2:124257","sourceLayerId":2,"sourceObjectId":124257,"sourceURL":"https://maps8.stlouis-mo.gov/arcgis/rest/services/STREETS/Streets_Permitting/MapServer/2","title":"Street light L016985"},"type":"Feature"},{"geometry":{"coordinates":[-90.23897095671963,38.716370908582675],"type":"Point"},"id":"stl-city-public-streetlights:2:124258","properties":{"address":null,"attributes":{"Date_Installed":"6/25/2018","LED_Powered":1,"LightID":"L016986","Light_Source":"LED","Light_Type":"Cobra","Lighting_Type":"LED-Powered Lamp","Verification_Date":null},"id":"stl-city-public-streetlights:2:124258","sourceLayerId":2,"sourceObjectId":124258,"sourceURL":"https://maps8.stlouis-mo.gov/arcgis/rest/services/STREETS/Streets_Permitting/MapServer/2","title":"Street light L016986"},"type":"Feature"},{"geometry":{"coordinates":[-90.23890729197468,38.71672724987917],"type":"Point"},"id":"stl-city-public-streetlights:2:124259","properties":{"address":null,"attributes":{"Date_Installed":"6/25/2018","LED_Powered":1,"LightID":"L016987","Light_Source":"LED","Light_Type":"Cobra","Lighting_Type":"LED-Powered Lamp","Verification_Date":null},"id":"stl-city-public-streetlights:2:124259","sourceLayerId":2,"sourceObjectId":124259,"sourceURL":"https://maps8.stlouis-mo.gov/arcgis/rest/services/STREETS/Streets_Permitting/MapServer/2","title":"Street light L016987"},"type":"Feature"},{"geometry":{"coordinates":[-90.23884981086603,38.71705605520446],"type":"Point"},"id":"stl-city-public-streetlights:2:124260","properties":{"address":null,"attributes":{"Date_Installed":"6/25/2018","LED_Powered":1,"LightID":"L016988","Light_Source":"LED","Light_Type":"Cobra","Lighting_Type":"LED-Powered Lamp","Verification_Date":null},"id":"stl-city-public-streetlights:2:124260","sourceLayerId":2,"sourceObjectId":124260,"sourceURL":"https://maps8.stlouis-mo.gov/arcgis/rest/services/STREETS/Streets_Permitting/MapServer/2","title":"Street light L016988"},"type":"Feature"},{"geometry":{"coordinates":[-90.23878815307363,38.71738699613999],"type":"Point"},"id":"stl-city-public-streetlights:2:124261","properties":{"address":null,"attributes":{"Date_Installed":"6/25/2018","LED_Powered":1,"LightID":"L016989","Light_Source":"LED","Light_Type":"Cobra","Lighting_Type":"LED-Powered Lamp","Verification_Date":null},"id":"stl-city-public-streetlights:2:124261","sourceLayerId":2,"sourceObjectId":124261,"sourceURL":"https://maps8.stlouis-mo.gov/arcgis/rest/services/STREETS/Streets_Permitting/MapServer/2","title":"Street light L016989"},"type":"Feature"},{"geometry":{"coordinates":[-90.23873583962063,38.71771676604346],"type":"Point"},"id":"stl-city-public-streetlights:2:124262","properties":{"address":null,"attributes":{"Date_Installed":"6/25/2018","LED_Powered":1,"LightID":"L016990","Light_Source":"LED","Light_Type":"Cobra","Lighting_Type":"LED-Powered Lamp","Verification_Date":null},"id":"stl-city-public-streetlights:2:124262","sourceLayerId":2,"sourceObjectId":124262,"sourceURL":"https://maps8.stlouis-mo.gov/arcgis/rest/services/STREETS/Streets_Permitting/MapServer/2","title":"Street light L016990"},"type":"Feature"},{"geometry":{"coordinates":[-90.23867377560683,38.718050327524324],"type":"Point"},"id":"stl-city-public-streetlights:2:124263","properties":{"address":null,"attributes":{"Date_Installed":"6/25/2018","LED_Powered":1,"LightID":"L016991","Light_Source":"LED","Light_Type":"Cobra","Lighting_Type":"LED-Powered Lamp","Verification_Date":null},"id":"stl-city-public-streetlights:2:124263","sourceLayerId":2,"sourceObjectId":124263,"sourceURL":"https://maps8.stlouis-mo.gov/arcgis/rest/services/STREETS/Streets_Permitting/MapServer/2","title":"Street light L016991"},"type":"Feature"},{"geometry":{"coordinates":[-90.23808567936285,38.71592238560759],"type":"Point"},"id":"stl-city-public-streetlights:2:124264","properties":{"address":null,"attributes":{"Date_Installed":"6/25/2018","LED_Powered":1,"LightID":"L016992","Light_Source":"LED","Light_Type":"Cobra","Lighting_Type":"LED-Powered Lamp","Verification_Date":null},"id":"stl-city-public-streetlights:2:124264","sourceLayerId":2,"sourceObjectId":124264,"sourceURL":"https://maps8.stlouis-mo.gov/arcgis/rest/services/STREETS/Streets_Permitting/MapServer/2","title":"Street light L016992"},"type":"Feature"},{"geometry":{"coordinates":[-90.23802496859622,38.71626820180731],"type":"Point"},"id":"stl-city-public-streetlights:2:124265","properties":{"address":null,"attributes":{"Date_Installed":"6/25/2018","LED_Powered":1,"LightID":"L016993","Light_Source":"LED","Light_Type":"Cobra","Lighting_Type":"LED-Powered Lamp","Verification_Date":null},"id":"stl-city-public-streetlights:2:124265","sourceLayerId":2,"sourceObjectId":124265,"sourceURL":"https://maps8.stlouis-mo.gov/arcgis/rest/services/STREETS/Streets_Permitting/MapServer/2","title":"Street light L016993"},"type":"Feature"},{"geometry":{"coordinates":[-90.23796283555929,38.716620116408485],"type":"Point"},"id":"stl-city-public-streetlights:2:124266","properties":{"address":null,"attributes":{"Date_Installed":"6/25/2018","LED_Powered":1,"LightID":"L016994","Light_Source":"LED","Light_Type":"Cobra","Lighting_Type":"LED-Powered Lamp","Verification_Date":null},"id":"stl-city-public-streetlights:2:124266","sourceLayerId":2,"sourceObjectId":124266,"sourceURL":"https://maps8.stlouis-mo.gov/arcgis/rest/services/STREETS/Streets_Permitting/MapServer/2","title":"Street light L016994"},"type":"Feature"},{"geometry":{"coordinates":[-90.23790378975184,38.716959643606614],"type":"Point"},"id":"stl-city-public-streetlights:2:124267","properties":{"address":null,"attributes":{"Date_Installed":"6/25/2018","LED_Powered":1,"LightID":"L016995","Light_Source":"LED","Light_Type":"Cobra","Lighting_Type":"LED-Powered Lamp","Verification_Date":null},"id":"stl-city-public-streetlights:2:124267","sourceLayerId":2,"sourceObjectId":124267,"sourceURL":"https://maps8.stlouis-mo.gov/arcgis/rest/services/STREETS/Streets_Permitting/MapServer/2","title":"Street light L016995"},"type":"Feature"},{"geometry":{"coordinates":[-90.23785095481895,38.717264623429074],"type":"Point"},"id":"stl-city-public-streetlights:2:124268","properties":{"address":null,"attributes":{"Date_Installed":"6/25/2018","LED_Powered":1,"LightID":"L016996","Light_Source":"LED","Light_Type":"Cobra","Lighting_Type":"LED-Powered Lamp","Verification_Date":null},"id":"stl-city-public-streetlights:2:124268","sourceLayerId":2,"sourceObjectId":124268,"sourceURL":"https://maps8.stlouis-mo.gov/arcgis/rest/services/STREETS/Streets_Permitting/MapServer/2","title":"Street light L016996"},"type":"Feature"},{"geometry":{"coordinates":[-90.23779049113618,38.717575544504435],"type":"Point"},"id":"stl-city-public-streetlights:2:124269","properties":{"address":null,"attributes":{"Date_Installed":"6/25/2018","LED_Powered":1,"LightID":"L016997","Light_Source":"LED","Light_Type":"Cobra","Lighting_Type":"LED-Powered Lamp","Verification_Date":null},"id":"stl-city-public-streetlights:2:124269","sourceLayerId":2,"sourceObjectId":124269,"sourceURL":"https://maps8.stlouis-mo.gov/arcgis/rest/services/STREETS/Streets_Permitting/MapServer/2","title":"Street light L016997"},"type":"Feature"},{"geometry":{"coordinates":[-90.23773812845556,38.7178800478368],"type":"Point"},"id":"stl-city-public-streetlights:2:124270","properties":{"address":null,"attributes":{"Date_Installed":"6/25/2018","LED_Powered":1,"LightID":"L016998","Light_Source":"LED","Light_Type":"Cobra","Lighting_Type":"LED-Powered Lamp","Verification_Date":null},"id":"stl-city-public-streetlights:2:124270","sourceLayerId":2,"sourceObjectId":124270,"sourceURL":"https://maps8.stlouis-mo.gov/arcgis/rest/services/STREETS/Streets_Permitting/MapServer/2","title":"Street light L016998"},"type":"Feature"},{"geometry":{"coordinates":[-90.2375292407866,38.71939215327483],"type":"Point"},"id":"stl-city-public-streetlights:2:124271","properties":{"address":null,"attributes":{"Date_Installed":"6/25/2018","LED_Powered":1,"LightID":"L016999","Light_Source":"LED","Light_Type":"Cobra","Lighting_Type":"LED-Powered Lamp","Verification_Date":null},"id":"stl-city-public-streetlights:2:124271","sourceLayerId":2,"sourceObjectId":124271,"sourceURL":"https://maps8.stlouis-mo.gov/arcgis/rest/services/STREETS/Streets_Permitting/MapServer/2","title":"Street light L016999"},"type":"Feature"},{"geometry":{"coordinates":[-90.23746048409049,38.71972379182668],"type":"Point"},"id":"stl-city-public-streetlights:2:124272","properties":{"address":null,"attributes":{"Date_Installed":"6/25/2018","LED_Powered":1,"LightID":"L017000","Light_Source":"LED","Light_Type":"Cobra","Lighting_Type":"LED-Powered Lamp","Verification_Date":null},"id":"stl-city-public-streetlights:2:124272","sourceLayerId":2,"sourceObjectId":124272,"sourceURL":"https://maps8.stlouis-mo.gov/arcgis/rest/services/STREETS/Streets_Permitting/MapServer/2","title":"Street light L017000"},"type":"Feature"},{"geometry":{"coordinates":[-90.23642025582092,38.71930527968323],"type":"Point"},"id":"stl-city-public-streetlights:2:124276","properties":{"address":null,"attributes":{"Date_Installed":"6/25/2018","LED_Powered":1,"LightID":"L017004","Light_Source":"LED","Light_Type":"Cobra","Lighting_Type":"LED-Powered Lamp","Verification_Date":null},"id":"stl-city-public-streetlights:2:124276","sourceLayerId":2,"sourceObjectId":124276,"sourceURL":"https://maps8.stlouis-mo.gov/arcgis/rest/services/STREETS/Streets_Permitting/MapServer/2","title":"Street light L017004"},"type":"Feature"},{"geometry":{"coordinates":[-90.23636310330268,38.71962359635744],"type":"Point"},"id":"stl-city-public-streetlights:2:124277","properties":{"address":null,"attributes":{"Date_Installed":"6/25/2018","LED_Powered":1,"LightID":"L017005","Light_Source":"LED","Light_Type":"Cobra","Lighting_Type":"LED-Powered Lamp","Verification_Date":null},"id":"stl-city-public-streetlights:2:124277","sourceLayerId":2,"sourceObjectId":124277,"sourceURL":"https://maps8.stlouis-mo.gov/arcgis/rest/services/STREETS/Streets_Permitting/MapServer/2","title":"Street light L017005"},"type":"Feature"},{"geometry":{"coordinates":[-90.23630954883848,38.71995650809613],"type":"Point"},"id":"stl-city-public-streetlights:2:124278","properties":{"address":null,"attributes":{"Date_Installed":"6/25/2018","LED_Powered":1,"LightID":"L017006","Light_Source":"LED","Light_Type":"Cobra","Lighting_Type":"LED-Powered Lamp","Verification_Date":null},"id":"stl-city-public-streetlights:2:124278","sourceLayerId":2,"sourceObjectId":124278,"sourceURL":"https://maps8.stlouis-mo.gov/arcgis/rest/services/STREETS/Streets_Permitting/MapServer/2","title":"Street light L017006"},"type":"Feature"},{"geometry":{"coordinates":[-90.23530545923659,38.71987316216567],"type":"Point"},"id":"stl-city-public-streetlights:2:124296","properties":{"address":null,"attributes":{"Date_Installed":"6/25/2018","LED_Powered":1,"LightID":"L017024","Light_Source":"LED","Light_Type":"Cobra","Lighting_Type":"LED-Powered Lamp","Verification_Date":null},"id":"stl-city-public-streetlights:2:124296","sourceLayerId":2,"sourceObjectId":124296,"sourceURL":"https://maps8.stlouis-mo.gov/arcgis/rest/services/STREETS/Streets_Permitting/MapServer/2","title":"Street light L017024"},"type":"Feature"},{"geometry":{"coordinates":[-90.23784389599469,38.715777453833134],"type":"Point"},"id":"stl-city-public-streetlights:2:125828","properties":{"address":null,"attributes":{"Date_Installed":"6/25/2018","LED_Powered":1,"LightID":"L018556","Light_Source":"LED","Light_Type":"Cobra","Lighting_Type":"LED-Powered Lamp","Verification_Date":null},"id":"stl-city-public-streetlights:2:125828","sourceLayerId":2,"sourceObjectId":125828,"sourceURL":"https://maps8.stlouis-mo.gov/arcgis/rest/services/STREETS/Streets_Permitting/MapServer/2","title":"Street light L018556"},"type":"Feature"},{"geometry":{"coordinates":[-90.23730874807563,38.71572288207534],"type":"Point"},"id":"stl-city-public-streetlights:2:125829","properties":{"address":null,"attributes":{"Date_Installed":"6/25/2018","LED_Powered":1,"LightID":"L018557","Light_Source":"LED","Light_Type":"Cobra","Lighting_Type":"LED-Powered Lamp","Verification_Date":null},"id":"stl-city-public-streetlights:2:125829","sourceLayerId":2,"sourceObjectId":125829,"sourceURL":"https://maps8.stlouis-mo.gov/arcgis/rest/services/STREETS/Streets_Permitting/MapServer/2","title":"Street light L018557"},"type":"Feature"},{"geometry":{"coordinates":[-90.23675888467486,38.71566932606344],"type":"Point"},"id":"stl-city-public-streetlights:2:125830","properties":{"address":null,"attributes":{"Date_Installed":"6/25/2018","LED_Powered":1,"LightID":"L018558","Light_Source":"LED","Light_Type":"Cobra","Lighting_Type":"LED-Powered Lamp","Verification_Date":null},"id":"stl-city-public-streetlights:2:125830","sourceLayerId":2,"sourceObjectId":125830,"sourceURL":"https://maps8.stlouis-mo.gov/arcgis/rest/services/STREETS/Streets_Permitting/MapServer/2","title":"Street light L018558"},"type":"Feature"},{"geometry":{"coordinates":[-90.23625476423572,38.71561942191562],"type":"Point"},"id":"stl-city-public-streetlights:2:125831","properties":{"address":null,"attributes":{"Date_Installed":"6/25/2018","LED_Powered":1,"LightID":"L018559","Light_Source":"LED","Light_Type":"Cobra","Lighting_Type":"LED-Powered Lamp","Verification_Date":null},"id":"stl-city-public-streetlights:2:125831","sourceLayerId":2,"sourceObjectId":125831,"sourceURL":"https://maps8.stlouis-mo.gov/arcgis/rest/services/STREETS/Streets_Permitting/MapServer/2","title":"Street light L018559"},"type":"Feature"},{"geometry":{"coordinates":[-90.23573898668087,38.715571205420446],"type":"Point"},"id":"stl-city-public-streetlights:2:125832","properties":{"address":null,"attributes":{"Date_Installed":"6/25/2018","LED_Powered":1,"LightID":"L018560","Light_Source":"LED","Light_Type":"Cobra","Lighting_Type":"LED-Powered Lamp","Verification_Date":null},"id":"stl-city-public-streetlights:2:125832","sourceLayerId":2,"sourceObjectId":125832,"sourceURL":"https://maps8.stlouis-mo.gov/arcgis/rest/services/STREETS/Streets_Permitting/MapServer/2","title":"Street light L018560"},"type":"Feature"},{"geometry":{"coordinates":[-90.23526637119154,38.71552580233044],"type":"Point"},"id":"stl-city-public-streetlights:2:125833","properties":{"address":null,"attributes":{"Date_Installed":"6/25/2018","LED_Powered":1,"LightID":"L018561","Light_Source":"LED","Light_Type":"Cobra","Lighting_Type":"LED-Powered Lamp","Verification_Date":null},"id":"stl-city-public-streetlights:2:125833","sourceLayerId":2,"sourceObjectId":125833,"sourceURL":"https://maps8.stlouis-mo.gov/arcgis/rest/services/STREETS/Streets_Permitting/MapServer/2","title":"Street light L018561"},"type":"Feature"},{"geometry":{"coordinates":[-90.23470308190227,38.715467176655345],"type":"Point"},"id":"stl-city-public-streetlights:2:125834","properties":{"address":null,"attributes":{"Date_Installed":"6/25/2018","LED_Powered":1,"LightID":"L018562","Light_Source":"LED","Light_Type":"Cobra","Lighting_Type":"LED-Powered Lamp","Verification_Date":null},"id":"stl-city-public-streetlights:2:125834","sourceLayerId":2,"sourceObjectId":125834,"sourceURL":"https://maps8.stlouis-mo.gov/arcgis/rest/services/STREETS/Streets_Permitting/MapServer/2","title":"Street light L018562"},"type":"Feature"},{"geometry":{"coordinates":[-90.23423534147322,38.71542006338764],"type":"Point"},"id":"stl-city-public-streetlights:2:125835","properties":{"address":null,"attributes":{"Date_Installed":"6/25/2018","LED_Powered":1,"LightID":"L018563","Light_Source":"LED","Light_Type":"Cobra","Lighting_Type":"LED-Powered Lamp","Verification_Date":null},"id":"stl-city-public-streetlights:2:125835","sourceLayerId":2,"sourceObjectId":125835,"sourceURL":"https://maps8.stlouis-mo.gov/arcgis/rest/services/STREETS/Streets_Permitting/MapServer/2","title":"Street light L018563"},"type":"Feature"},{"geometry":{"coordinates":[-90.2334086850435,38.71531823457277],"type":"Point"},"id":"stl-city-public-streetlights:2:125836","properties":{"address":null,"attributes":{"Date_Installed":"6/25/2018","LED_Powered":1,"LightID":"L018564","Light_Source":"LED","Light_Type":"Cobra","Lighting_Type":"LED-Powered Lamp","Verification_Date":null},"id":"stl-city-public-streetlights:2:125836","sourceLayerId":2,"sourceObjectId":125836,"sourceURL":"https://maps8.stlouis-mo.gov/arcgis/rest/services/STREETS/Streets_Permitting/MapServer/2","title":"Street light L018564"},"type":"Feature"},{"geometry":{"coordinates":[-90.23272674738979,38.71523508798867],"type":"Point"},"id":"stl-city-public-streetlights:2:125837","properties":{"address":null,"attributes":{"Date_Installed":"6/25/2018","LED_Powered":1,"LightID":"L018565","Light_Source":"LED","Light_Type":"Cobra","Lighting_Type":"LED-Powered Lamp","Verification_Date":null},"id":"stl-city-public-streetlights:2:125837","sourceLayerId":2,"sourceObjectId":125837,"sourceURL":"https://maps8.stlouis-mo.gov/arcgis/rest/services/STREETS/Streets_Permitting/MapServer/2","title":"Street light L018565"},"type":"Feature"},{"geometry":{"coordinates":[-90.23217599982172,38.715175429287406],"type":"Point"},"id":"stl-city-public-streetlights:2:125838","properties":{"address":null,"attributes":{"Date_Installed":"6/25/2018","LED_Powered":1,"LightID":"L018566","Light_Source":"LED","Light_Type":"Cobra","Lighting_Type":"LED-Powered Lamp","Verification_Date":null},"id":"stl-city-public-streetlights:2:125838","sourceLayerId":2,"sourceObjectId":125838,"sourceURL":"https://maps8.stlouis-mo.gov/arcgis/rest/services/STREETS/Streets_Permitting/MapServer/2","title":"Street light L018566"},"type":"Feature"},{"geometry":{"coordinates":[-90.23158268831925,38.71510852092596],"type":"Point"},"id":"stl-city-public-streetlights:2:125839","properties":{"address":null,"attributes":{"Date_Installed":"6/25/2018","LED_Powered":1,"LightID":"L018567","Light_Source":"LED","Light_Type":"Cobra","Lighting_Type":"LED-Powered Lamp","Verification_Date":null},"id":"stl-city-public-streetlights:2:125839","sourceLayerId":2,"sourceObjectId":125839,"sourceURL":"https://maps8.stlouis-mo.gov/arcgis/rest/services/STREETS/Streets_Permitting/MapServer/2","title":"Street light L018567"},"type":"Feature"},{"geometry":{"coordinates":[-90.23112041837209,38.71506395904281],"type":"Point"},"id":"stl-city-public-streetlights:2:125840","properties":{"address":null,"attributes":{"Date_Installed":"6/25/2018","LED_Powered":1,"LightID":"L018568","Light_Source":"LED","Light_Type":"Cobra","Lighting_Type":"LED-Powered Lamp","Verification_Date":null},"id":"stl-city-public-streetlights:2:125840","sourceLayerId":2,"sourceObjectId":125840,"sourceURL":"https://maps8.stlouis-mo.gov/arcgis/rest/services/STREETS/Streets_Permitting/MapServer/2","title":"Street light L018568"},"type":"Feature"},{"geometry":{"coordinates":[-90.23063354801245,38.71500861191479],"type":"Point"},"id":"stl-city-public-streetlights:2:125841","properties":{"address":null,"attributes":{"Date_Installed":"6/25/2018","LED_Powered":1,"LightID":"L018569","Light_Source":"LED","Light_Type":"Cobra","Lighting_Type":"LED-Powered Lamp","Verification_Date":null},"id":"stl-city-public-streetlights:2:125841","sourceLayerId":2,"sourceObjectId":125841,"sourceURL":"https://maps8.stlouis-mo.gov/arcgis/rest/services/STREETS/Streets_Permitting/MapServer/2","title":"Street light L018569"},"type":"Feature"},{"geometry":{"coordinates":[-90.23014084544843,38.71496695524791],"type":"Point"},"id":"stl-city-public-streetlights:2:125842","properties":{"address":null,"attributes":{"Date_Installed":"6/25/2018","LED_Powered":1,"LightID":"L018570","Light_Source":"LED","Light_Type":"Cobra","Lighting_Type":"LED-Powered Lamp","Verification_Date":null},"id":"stl-city-public-streetlights:2:125842","sourceLayerId":2,"sourceObjectId":125842,"sourceURL":"https://maps8.stlouis-mo.gov/arcgis/rest/services/STREETS/Streets_Permitting/MapServer/2","title":"Street light L018570"},"type":"Feature"},{"geometry":{"coordinates":[-90.23335926397415,38.71426558620907],"type":"Point"},"id":"stl-city-public-streetlights:2:125843","properties":{"address":null,"attributes":{"Date_Installed":"6/25/2018","LED_Powered":1,"LightID":"L018571","Light_Source":"LED","Light_Type":"Cobra","Lighting_Type":"LED-Powered Lamp","Verification_Date":null},"id":"stl-city-public-streetlights:2:125843","sourceLayerId":2,"sourceObjectId":125843,"sourceURL":"https://maps8.stlouis-mo.gov/arcgis/rest/services/STREETS/Streets_Permitting/MapServer/2","title":"Street light L018571"},"type":"Feature"},{"geometry":{"coordinates":[-90.233834493802,38.71429241154687],"type":"Point"},"id":"stl-city-public-streetlights:2:125844","properties":{"address":null,"attributes":{"Date_Installed":"6/25/2018","LED_Powered":1,"LightID":"L018572","Light_Source":"LED","Light_Type":"Cobra","Lighting_Type":"LED-Powered Lamp","Verification_Date":null},"id":"stl-city-public-streetlights:2:125844","sourceLayerId":2,"sourceObjectId":125844,"sourceURL":"https://maps8.stlouis-mo.gov/arcgis/rest/services/STREETS/Streets_Permitting/MapServer/2","title":"Street light L018572"},"type":"Feature"},{"geometry":{"coordinates":[-90.23429067779162,38.71433635339122],"type":"Point"},"id":"stl-city-public-streetlights:2:125845","properties":{"address":null,"attributes":{"Date_Installed":"6/25/2018","LED_Powered":1,"LightID":"L018573","Light_Source":"LED","Light_Type":"Cobra","Lighting_Type":"LED-Powered Lamp","Verification_Date":null},"id":"stl-city-public-streetlights:2:125845","sourceLayerId":2,"sourceObjectId":125845,"sourceURL":"https://maps8.stlouis-mo.gov/arcgis/rest/services/STREETS/Streets_Permitting/MapServer/2","title":"Street light L018573"},"type":"Feature"},{"geometry":{"coordinates":[-90.23473675867193,38.714377171517384],"type":"Point"},"id":"stl-city-public-streetlights:2:125846","properties":{"address":null,"attributes":{"Date_Installed":"6/25/2018","LED_Powered":1,"LightID":"L018574","Light_Source":"LED","Light_Type":"Cobra","Lighting_Type":"LED-Powered Lamp","Verification_Date":null},"id":"stl-city-public-streetlights:2:125846","sourceLayerId":2,"sourceObjectId":125846,"sourceURL":"https://maps8.stlouis-mo.gov/arcgis/rest/services/STREETS/Streets_Permitting/MapServer/2","title":"Street light L018574"},"type":"Feature"},{"geometry":{"coordinates":[-90.23515795645474,38.71442103150293],"type":"Point"},"id":"stl-city-public-streetlights:2:125847","properties":{"address":null,"attributes":{"Date_Installed":"6/25/2018","LED_Powered":1,"LightID":"L018575","Light_Source":"LED","Light_Type":"Cobra","Lighting_Type":"LED-Powered Lamp","Verification_Date":null},"id":"stl-city-public-streetlights:2:125847","sourceLayerId":2,"sourceObjectId":125847,"sourceURL":"https://maps8.stlouis-mo.gov/arcgis/rest/services/STREETS/Streets_Permitting/MapServer/2","title":"Street light L018575"},"type":"Feature"},{"geometry":{"coordinates":[-90.23555543544495,38.714462451707455],"type":"Point"},"id":"stl-city-public-streetlights:2:125848","properties":{"address":null,"attributes":{"Date_Installed":"6/25/2018","LED_Powered":1,"LightID":"L018576","Light_Source":"LED","Light_Type":"Cobra","Lighting_Type":"LED-Powered Lamp","Verification_Date":null},"id":"stl-city-public-streetlights:2:125848","sourceLayerId":2,"sourceObjectId":125848,"sourceURL":"https://maps8.stlouis-mo.gov/arcgis/rest/services/STREETS/Streets_Permitting/MapServer/2","title":"Street light L018576"},"type":"Feature"},{"geometry":{"coordinates":[-90.23599152632114,38.71451027380243],"type":"Point"},"id":"stl-city-public-streetlights:2:125849","properties":{"address":null,"attributes":{"Date_Installed":"6/25/2018","LED_Powered":1,"LightID":"L018577","Light_Source":"LED","Light_Type":"Cobra","Lighting_Type":"LED-Powered Lamp","Verification_Date":null},"id":"stl-city-public-streetlights:2:125849","sourceLayerId":2,"sourceObjectId":125849,"sourceURL":"https://maps8.stlouis-mo.gov/arcgis/rest/services/STREETS/Streets_Permitting/MapServer/2","title":"Street light L018577"},"type":"Feature"},{"geometry":{"coordinates":[-90.2364401298096,38.71458958652537],"type":"Point"},"id":"stl-city-public-streetlights:2:125850","properties":{"address":null,"attributes":{"Date_Installed":"6/25/2018","LED_Powered":1,"LightID":"L018578","Light_Source":"LED","Light_Type":"Cobra","Lighting_Type":"LED-Powered Lamp","Verification_Date":null},"id":"stl-city-public-streetlights:2:125850","sourceLayerId":2,"sourceObjectId":125850,"sourceURL":"https://maps8.stlouis-mo.gov/arcgis/rest/services/STREETS/Streets_Permitting/MapServer/2","title":"Street light L018578"},"type":"Feature"},{"geometry":{"coordinates":[-90.23685955639456,38.714702559822136],"type":"Point"},"id":"stl-city-public-streetlights:2:125851","properties":{"address":null,"attributes":{"Date_Installed":"6/25/2018","LED_Powered":1,"LightID":"L018579","Light_Source":"LED","Light_Type":"Cobra","Lighting_Type":"LED-Powered Lamp","Verification_Date":null},"id":"stl-city-public-streetlights:2:125851","sourceLayerId":2,"sourceObjectId":125851,"sourceURL":"https://maps8.stlouis-mo.gov/arcgis/rest/services/STREETS/Streets_Permitting/MapServer/2","title":"Street light L018579"},"type":"Feature"},{"geometry":{"coordinates":[-90.23726380674977,38.71480596262556],"type":"Point"},"id":"stl-city-public-streetlights:2:125852","properties":{"address":null,"attributes":{"Date_Installed":"6/25/2018","LED_Powered":1,"LightID":"L018580","Light_Source":"LED","Light_Type":"Cobra","Lighting_Type":"LED-Powered Lamp","Verification_Date":null},"id":"stl-city-public-streetlights:2:125852","sourceLayerId":2,"sourceObjectId":125852,"sourceURL":"https://maps8.stlouis-mo.gov/arcgis/rest/services/STREETS/Streets_Permitting/MapServer/2","title":"Street light L018580"},"type":"Feature"},{"geometry":{"coordinates":[-90.23765511196548,38.71491410243042],"type":"Point"},"id":"stl-city-public-streetlights:2:125853","properties":{"address":null,"attributes":{"Date_Installed":"6/25/2018","LED_Powered":1,"LightID":"L018581","Light_Source":"LED","Light_Type":"Cobra","Lighting_Type":"LED-Powered Lamp","Verification_Date":null},"id":"stl-city-public-streetlights:2:125853","sourceLayerId":2,"sourceObjectId":125853,"sourceURL":"https://maps8.stlouis-mo.gov/arcgis/rest/services/STREETS/Streets_Permitting/MapServer/2","title":"Street light L018581"},"type":"Feature"},{"geometry":{"coordinates":[-90.23806461350827,38.715038370461194],"type":"Point"},"id":"stl-city-public-streetlights:2:125854","properties":{"address":null,"attributes":{"Date_Installed":"6/25/2018","LED_Powered":1,"LightID":"L018582","Light_Source":"LED","Light_Type":"Cobra","Lighting_Type":"LED-Powered Lamp","Verification_Date":null},"id":"stl-city-public-streetlights:2:125854","sourceLayerId":2,"sourceObjectId":125854,"sourceURL":"https://maps8.stlouis-mo.gov/arcgis/rest/services/STREETS/Streets_Permitting/MapServer/2","title":"Street light L018582"},"type":"Feature"},{"geometry":{"coordinates":[-90.23819607700757,38.715279167647424],"type":"Point"},"id":"stl-city-public-streetlights:2:125855","properties":{"address":null,"attributes":{"Date_Installed":"6/25/2018","LED_Powered":1,"LightID":"L018583","Light_Source":"LED","Light_Type":"Cobra","Lighting_Type":"LED-Powered Lamp","Verification_Date":null},"id":"stl-city-public-streetlights:2:125855","sourceLayerId":2,"sourceObjectId":125855,"sourceURL":"https://maps8.stlouis-mo.gov/arcgis/rest/services/STREETS/Streets_Permitting/MapServer/2","title":"Street light L018583"},"type":"Feature"},{"geometry":{"coordinates":[-90.23813727384108,38.715602916719675],"type":"Point"},"id":"stl-city-public-streetlights:2:125856","properties":{"address":null,"attributes":{"Date_Installed":"6/25/2018","LED_Powered":1,"LightID":"L018584","Light_Source":"LED","Light_Type":"Cobra","Lighting_Type":"LED-Powered Lamp","Verification_Date":null},"id":"stl-city-public-streetlights:2:125856","sourceLayerId":2,"sourceObjectId":125856,"sourceURL":"https://maps8.stlouis-mo.gov/arcgis/rest/services/STREETS/Streets_Permitting/MapServer/2","title":"Street light L018584"},"type":"Feature"},{"geometry":{"coordinates":[-90.23912819312545,38.714323338909296],"type":"Point"},"id":"stl-city-public-streetlights:2:125857","properties":{"address":null,"attributes":{"Date_Installed":"6/25/2018","LED_Powered":1,"LightID":"L018585","Light_Source":"LED","Light_Type":"Cobra","Lighting_Type":"LED-Powered Lamp","Verification_Date":null},"id":"stl-city-public-streetlights:2:125857","sourceLayerId":2,"sourceObjectId":125857,"sourceURL":"https://maps8.stlouis-mo.gov/arcgis/rest/services/STREETS/Streets_Permitting/MapServer/2","title":"Street light L018585"},"type":"Feature"},{"geometry":{"coordinates":[-90.23874006425935,38.71426240629915],"type":"Point"},"id":"stl-city-public-streetlights:2:125858","properties":{"address":null,"attributes":{"Date_Installed":"6/25/2018","LED_Powered":1,"LightID":"L018586","Light_Source":"LED","Light_Type":"Cobra","Lighting_Type":"LED-Powered Lamp","Verification_Date":null},"id":"stl-city-public-streetlights:2:125858","sourceLayerId":2,"sourceObjectId":125858,"sourceURL":"https://maps8.stlouis-mo.gov/arcgis/rest/services/STREETS/Streets_Permitting/MapServer/2","title":"Street light L018586"},"type":"Feature"},{"geometry":{"coordinates":[-90.23834727946884,38.714176792349015],"type":"Point"},"id":"stl-city-public-streetlights:2:125859","properties":{"address":null,"attributes":{"Date_Installed":"6/25/2018","LED_Powered":1,"LightID":"L018587","Light_Source":"LED","Light_Type":"Cobra","Lighting_Type":"LED-Powered Lamp","Verification_Date":null},"id":"stl-city-public-streetlights:2:125859","sourceLayerId":2,"sourceObjectId":125859,"sourceURL":"https://maps8.stlouis-mo.gov/arcgis/rest/services/STREETS/Streets_Permitting/MapServer/2","title":"Street light L018587"},"type":"Feature"},{"geometry":{"coordinates":[-90.23790042253268,38.71407746884784],"type":"Point"},"id":"stl-city-public-streetlights:2:125860","properties":{"address":null,"attributes":{"Date_Installed":"6/25/2018","LED_Powered":1,"LightID":"L018588","Light_Source":"LED","Light_Type":"Cobra","Lighting_Type":"LED-Powered Lamp","Verification_Date":null},"id":"stl-city-public-streetlights:2:125860","sourceLayerId":2,"sourceObjectId":125860,"sourceURL":"https://maps8.stlouis-mo.gov/arcgis/rest/services/STREETS/Streets_Permitting/MapServer/2","title":"Street light L018588"},"type":"Feature"},{"geometry":{"coordinates":[-90.23752826123803,38.71399368481408],"type":"Point"},"id":"stl-city-public-streetlights:2:125861","properties":{"address":null,"attributes":{"Date_Installed":"6/25/2018","LED_Powered":1,"LightID":"L018589","Light_Source":"LED","Light_Type":"Cobra","Lighting_Type":"LED-Powered Lamp","Verification_Date":null},"id":"stl-city-public-streetlights:2:125861","sourceLayerId":2,"sourceObjectId":125861,"sourceURL":"https://maps8.stlouis-mo.gov/arcgis/rest/services/STREETS/Streets_Permitting/MapServer/2","title":"Street light L018589"},"type":"Feature"},{"geometry":{"coordinates":[-90.23708869754248,38.713897234868384],"type":"Point"},"id":"stl-city-public-streetlights:2:125862","properties":{"address":null,"attributes":{"Date_Installed":"6/25/2018","LED_Powered":1,"LightID":"L018590","Light_Source":"LED","Light_Type":"Cobra","Lighting_Type":"LED-Powered Lamp","Verification_Date":null},"id":"stl-city-public-streetlights:2:125862","sourceLayerId":2,"sourceObjectId":125862,"sourceURL":"https://maps8.stlouis-mo.gov/arcgis/rest/services/STREETS/Streets_Permitting/MapServer/2","title":"Street light L018590"},"type":"Feature"},{"geometry":{"coordinates":[-90.23670401564952,38.71381020302323],"type":"Point"},"id":"stl-city-public-streetlights:2:125863","properties":{"address":null,"attributes":{"Date_Installed":"6/25/2018","LED_Powered":1,"LightID":"L018591","Light_Source":"LED","Light_Type":"Cobra","Lighting_Type":"LED-Powered Lamp","Verification_Date":null},"id":"stl-city-public-streetlights:2:125863","sourceLayerId":2,"sourceObjectId":125863,"sourceURL":"https://maps8.stlouis-mo.gov/arcgis/rest/services/STREETS/Streets_Permitting/MapServer/2","title":"Street light L018591"},"type":"Feature"},{"geometry":{"coordinates":[-90.23627193589131,38.713714458733044],"type":"Point"},"id":"stl-city-public-streetlights:2:125864","properties":{"address":null,"attributes":{"Date_Installed":"6/25/2018","LED_Powered":1,"LightID":"L018592","Light_Source":"LED","Light_Type":"Cobra","Lighting_Type":"LED-Powered Lamp","Verification_Date":null},"id":"stl-city-public-streetlights:2:125864","sourceLayerId":2,"sourceObjectId":125864,"sourceURL":"https://maps8.stlouis-mo.gov/arcgis/rest/services/STREETS/Streets_Permitting/MapServer/2","title":"Street light L018592"},"type":"Feature"},{"geometry":{"coordinates":[-90.23586386720996,38.71362553628431],"type":"Point"},"id":"stl-city-public-streetlights:2:125865","properties":{"address":null,"attributes":{"Date_Installed":"6/25/2018","LED_Powered":1,"LightID":"L018593","Light_Source":"LED","Light_Type":"Cobra","Lighting_Type":"LED-Powered Lamp","Verification_Date":null},"id":"stl-city-public-streetlights:2:125865","sourceLayerId":2,"sourceObjectId":125865,"sourceURL":"https://maps8.stlouis-mo.gov/arcgis/rest/services/STREETS/Streets_Permitting/MapServer/2","title":"Street light L018593"},"type":"Feature"},{"geometry":{"coordinates":[-90.23547437663571,38.713539323743156],"type":"Point"},"id":"stl-city-public-streetlights:2:125866","properties":{"address":null,"attributes":{"Date_Installed":"6/25/2018","LED_Powered":1,"LightID":"L018594","Light_Source":"LED","Light_Type":"Cobra","Lighting_Type":"LED-Powered Lamp","Verification_Date":null},"id":"stl-city-public-streetlights:2:125866","sourceLayerId":2,"sourceObjectId":125866,"sourceURL":"https://maps8.stlouis-mo.gov/arcgis/rest/services/STREETS/Streets_Permitting/MapServer/2","title":"Street light L018594"},"type":"Feature"},{"geometry":{"coordinates":[-90.23512398460431,38.71347715281954],"type":"Point"},"id":"stl-city-public-streetlights:2:125867","properties":{"address":null,"attributes":{"Date_Installed":"6/25/2018","LED_Powered":1,"LightID":"L018595","Light_Source":"LED","Light_Type":"Cobra","Lighting_Type":"LED-Powered Lamp","Verification_Date":null},"id":"stl-city-public-streetlights:2:125867","sourceLayerId":2,"sourceObjectId":125867,"sourceURL":"https://maps8.stlouis-mo.gov/arcgis/rest/services/STREETS/Streets_Permitting/MapServer/2","title":"Street light L018595"},"type":"Feature"},{"geometry":{"coordinates":[-90.23473393899089,38.71343455615145],"type":"Point"},"id":"stl-city-public-streetlights:2:125868","properties":{"address":null,"attributes":{"Date_Installed":"6/25/2018","LED_Powered":1,"LightID":"L018596","Light_Source":"LED","Light_Type":"Cobra","Lighting_Type":"LED-Powered Lamp","Verification_Date":null},"id":"stl-city-public-streetlights:2:125868","sourceLayerId":2,"sourceObjectId":125868,"sourceURL":"https://maps8.stlouis-mo.gov/arcgis/rest/services/STREETS/Streets_Permitting/MapServer/2","title":"Street light L018596"},"type":"Feature"},{"geometry":{"coordinates":[-90.23435620846226,38.713402235447056],"type":"Point"},"id":"stl-city-public-streetlights:2:125869","properties":{"address":null,"attributes":{"Date_Installed":"6/25/2018","LED_Powered":1,"LightID":"L018597","Light_Source":"LED","Light_Type":"Cobra","Lighting_Type":"LED-Powered Lamp","Verification_Date":null},"id":"stl-city-public-streetlights:2:125869","sourceLayerId":2,"sourceObjectId":125869,"sourceURL":"https://maps8.stlouis-mo.gov/arcgis/rest/services/STREETS/Streets_Permitting/MapServer/2","title":"Street light L018597"},"type":"Feature"},{"geometry":{"coordinates":[-90.23005034781579,38.713067019070174],"type":"Point"},"id":"stl-city-public-streetlights:2:126112","properties":{"address":null,"attributes":{"Date_Installed":"6/25/2018","LED_Powered":1,"LightID":"L018840","Light_Source":"LED","Light_Type":"Cobra","Lighting_Type":"LED-Powered Lamp","Verification_Date":null},"id":"stl-city-public-streetlights:2:126112","sourceLayerId":2,"sourceObjectId":126112,"sourceURL":"https://maps8.stlouis-mo.gov/arcgis/rest/services/STREETS/Streets_Permitting/MapServer/2","title":"Street light L018840"},"type":"Feature"},{"geometry":{"coordinates":[-90.23008826994578,38.714440897153054],"type":"Point"},"id":"stl-city-public-streetlights:2:126166","properties":{"address":null,"attributes":{"Date_Installed":null,"LED_Powered":1,"LightID":"L018894","Light_Source":"LED","Light_Type":"Cobra","Lighting_Type":"LED-Powered Lamp","Verification_Date":null},"id":"stl-city-public-streetlights:2:126166","sourceLayerId":2,"sourceObjectId":126166,"sourceURL":"https://maps8.stlouis-mo.gov/arcgis/rest/services/STREETS/Streets_Permitting/MapServer/2","title":"Street light L018894"},"type":"Feature"},{"geometry":{"coordinates":[-90.23016692859625,38.713910924005575],"type":"Point"},"id":"stl-city-public-streetlights:2:126167","properties":{"address":null,"attributes":{"Date_Installed":null,"LED_Powered":1,"LightID":"L018895","Light_Source":"LED","Light_Type":"Cobra","Lighting_Type":"LED-Powered Lamp","Verification_Date":null},"id":"stl-city-public-streetlights:2:126167","sourceLayerId":2,"sourceObjectId":126167,"sourceURL":"https://maps8.stlouis-mo.gov/arcgis/rest/services/STREETS/Streets_Permitting/MapServer/2","title":"Street light L018895"},"type":"Feature"},{"geometry":{"coordinates":[-90.2302463087527,38.71343157903973],"type":"Point"},"id":"stl-city-public-streetlights:2:126168","properties":{"address":null,"attributes":{"Date_Installed":null,"LED_Powered":1,"LightID":"L018896","Light_Source":"LED","Light_Type":"Cobra","Lighting_Type":"LED-Powered Lamp","Verification_Date":null},"id":"stl-city-public-streetlights:2:126168","sourceLayerId":2,"sourceObjectId":126168,"sourceURL":"https://maps8.stlouis-mo.gov/arcgis/rest/services/STREETS/Streets_Permitting/MapServer/2","title":"Street light L018896"},"type":"Feature"},{"geometry":{"coordinates":[-90.23034854399025,38.712941846417316],"type":"Point"},"id":"stl-city-public-streetlights:2:126169","properties":{"address":null,"attributes":{"Date_Installed":null,"LED_Powered":1,"LightID":"L018897","Light_Source":"LED","Light_Type":"Cobra","Lighting_Type":"LED-Powered Lamp","Verification_Date":null},"id":"stl-city-public-streetlights:2:126169","sourceLayerId":2,"sourceObjectId":126169,"sourceURL":"https://maps8.stlouis-mo.gov/arcgis/rest/services/STREETS/Streets_Permitting/MapServer/2","title":"Street light L018897"},"type":"Feature"},{"geometry":{"coordinates":[-90.23062720242655,38.71277318136133],"type":"Point"},"id":"stl-city-public-streetlights:2:126170","properties":{"address":null,"attributes":{"Date_Installed":null,"LED_Powered":0,"LightID":"L018898","Light_Source":"LED","Light_Type":"Cobra","Lighting_Type":"LED-Powered Lamp","Verification_Date":null},"id":"stl-city-public-streetlights:2:126170","sourceLayerId":2,"sourceObjectId":126170,"sourceURL":"https://maps8.stlouis-mo.gov/arcgis/rest/services/STREETS/Streets_Permitting/MapServer/2","title":"Street light L018898"},"type":"Feature"},{"geometry":{"coordinates":[-90.2303932414218,38.71256586366858],"type":"Point"},"id":"stl-city-public-streetlights:2:126171","properties":{"address":null,"attributes":{"Date_Installed":null,"LED_Powered":1,"LightID":"L018899","Light_Source":"LED","Light_Type":"Cobra","Lighting_Type":"LED-Powered Lamp","Verification_Date":null},"id":"stl-city-public-streetlights:2:126171","sourceLayerId":2,"sourceObjectId":126171,"sourceURL":"https://maps8.stlouis-mo.gov/arcgis/rest/services/STREETS/Streets_Permitting/MapServer/2","title":"Street light L018899"},"type":"Feature"},{"geometry":{"coordinates":[-90.23014499059764,38.712706308992445],"type":"Point"},"id":"stl-city-public-streetlights:2:126172","properties":{"address":null,"attributes":{"Date_Installed":null,"LED_Powered":1,"LightID":"L018900","Light_Source":"LED","Light_Type":"Cobra","Lighting_Type":"LED-Powered Lamp","Verification_Date":null},"id":"stl-city-public-streetlights:2:126172","sourceLayerId":2,"sourceObjectId":126172,"sourceURL":"https://maps8.stlouis-mo.gov/arcgis/rest/services/STREETS/Streets_Permitting/MapServer/2","title":"Street light L018900"},"type":"Feature"},{"geometry":{"coordinates":[-90.23022623299656,38.712297426791004],"type":"Point"},"id":"stl-city-public-streetlights:2:126173","properties":{"address":null,"attributes":{"Date_Installed":null,"LED_Powered":1,"LightID":"L018901","Light_Source":"LED","Light_Type":"Cobra","Lighting_Type":"LED-Powered Lamp","Verification_Date":null},"id":"stl-city-public-streetlights:2:126173","sourceLayerId":2,"sourceObjectId":126173,"sourceURL":"https://maps8.stlouis-mo.gov/arcgis/rest/services/STREETS/Streets_Permitting/MapServer/2","title":"Street light L018901"},"type":"Feature"},{"geometry":{"coordinates":[-90.23030452441014,38.71186427255177],"type":"Point"},"id":"stl-city-public-streetlights:2:126174","properties":{"address":null,"attributes":{"Date_Installed":null,"LED_Powered":1,"LightID":"L018902","Light_Source":"LED","Light_Type":"Cobra","Lighting_Type":"LED-Powered Lamp","Verification_Date":null},"id":"stl-city-public-streetlights:2:126174","sourceLayerId":2,"sourceObjectId":126174,"sourceURL":"https://maps8.stlouis-mo.gov/arcgis/rest/services/STREETS/Streets_Permitting/MapServer/2","title":"Street light L018902"},"type":"Feature"},{"geometry":{"coordinates":[-90.23028915252284,38.71142151146566],"type":"Point"},"id":"stl-city-public-streetlights:2:126175","properties":{"address":null,"attributes":{"Date_Installed":null,"LED_Powered":1,"LightID":"L018903","Light_Source":"LED","Light_Type":"Cobra","Lighting_Type":"LED-Powered Lamp","Verification_Date":null},"id":"stl-city-public-streetlights:2:126175","sourceLayerId":2,"sourceObjectId":126175,"sourceURL":"https://maps8.stlouis-mo.gov/arcgis/rest/services/STREETS/Streets_Permitting/MapServer/2","title":"Street light L018903"},"type":"Feature"},{"geometry":{"coordinates":[-90.23026128830446,38.71074069784443],"type":"Point"},"id":"stl-city-public-streetlights:2:126176","properties":{"address":null,"attributes":{"Date_Installed":null,"LED_Powered":1,"LightID":"L018904","Light_Source":"LED","Light_Type":"Cobra","Lighting_Type":"LED-Powered Lamp","Verification_Date":null},"id":"stl-city-public-streetlights:2:126176","sourceLayerId":2,"sourceObjectId":126176,"sourceURL":"https://maps8.stlouis-mo.gov/arcgis/rest/services/STREETS/Streets_Permitting/MapServer/2","title":"Street light L018904"},"type":"Feature"},{"geometry":{"coordinates":[-90.23024831272363,38.71030780951422],"type":"Point"},"id":"stl-city-public-streetlights:2:126177","properties":{"address":null,"attributes":{"Date_Installed":null,"LED_Powered":1,"LightID":"L018905","Light_Source":"LED","Light_Type":"Cobra","Lighting_Type":"LED-Powered Lamp","Verification_Date":null},"id":"stl-city-public-streetlights:2:126177","sourceLayerId":2,"sourceObjectId":126177,"sourceURL":"https://maps8.stlouis-mo.gov/arcgis/rest/services/STREETS/Streets_Permitting/MapServer/2","title":"Street light L018905"},"type":"Feature"},{"geometry":{"coordinates":[-90.2300618036643,38.713146173206454],"type":"Point"},"id":"stl-city-public-streetlights:2:126193","properties":{"address":null,"attributes":{"Date_Installed":null,"LED_Powered":1,"LightID":"L018921","Light_Source":"LED","Light_Type":"Cobra","Lighting_Type":"LED-Powered Lamp","Verification_Date":null},"id":"stl-city-public-streetlights:2:126193","sourceLayerId":2,"sourceObjectId":126193,"sourceURL":"https://maps8.stlouis-mo.gov/arcgis/rest/services/STREETS/Streets_Permitting/MapServer/2","title":"Street light L018921"},"type":"Feature"},{"geometry":{"coordinates":[-90.23157144321524,38.71106778300094],"type":"Point"},"id":"stl-city-public-streetlights:2:126425","properties":{"address":null,"attributes":{"Date_Installed":"6/25/2018","LED_Powered":1,"LightID":"L019153","Light_Source":"LED","Light_Type":"Cobra","Lighting_Type":"LED-Powered Lamp","Verification_Date":null},"id":"stl-city-public-streetlights:2:126425","sourceLayerId":2,"sourceObjectId":126425,"sourceURL":"https://maps8.stlouis-mo.gov/arcgis/rest/services/STREETS/Streets_Permitting/MapServer/2","title":"Street light L019153"},"type":"Feature"},{"geometry":{"coordinates":[-90.23152999242056,38.71092562658103],"type":"Point"},"id":"stl-city-public-streetlights:2:126426","properties":{"address":null,"attributes":{"Date_Installed":"6/25/2018","LED_Powered":1,"LightID":"L019154","Light_Source":"LED","Light_Type":"Cobra","Lighting_Type":"LED-Powered Lamp","Verification_Date":null},"id":"stl-city-public-streetlights:2:126426","sourceLayerId":2,"sourceObjectId":126426,"sourceURL":"https://maps8.stlouis-mo.gov/arcgis/rest/services/STREETS/Streets_Permitting/MapServer/2","title":"Street light L019154"},"type":"Feature"},{"geometry":{"coordinates":[-90.2311551081499,38.710819411158674],"type":"Point"},"id":"stl-city-public-streetlights:2:126427","properties":{"address":null,"attributes":{"Date_Installed":"6/25/2018","LED_Powered":1,"LightID":"L019155","Light_Source":"LED","Light_Type":"Cobra","Lighting_Type":"LED-Powered Lamp (Twin Lights)","Verification_Date":null},"id":"stl-city-public-streetlights:2:126427","sourceLayerId":2,"sourceObjectId":126427,"sourceURL":"https://maps8.stlouis-mo.gov/arcgis/rest/services/STREETS/Streets_Permitting/MapServer/2","title":"Street light L019155"},"type":"Feature"},{"geometry":{"coordinates":[-90.23112405645224,38.71066297706028],"type":"Point"},"id":"stl-city-public-streetlights:2:126428","properties":{"address":null,"attributes":{"Date_Installed":"6/25/2018","LED_Powered":1,"LightID":"L019156","Light_Source":"LED","Light_Type":"Cobra","Lighting_Type":"LED-Powered Lamp (Twin Lights)","Verification_Date":null},"id":"stl-city-public-streetlights:2:126428","sourceLayerId":2,"sourceObjectId":126428,"sourceURL":"https://maps8.stlouis-mo.gov/arcgis/rest/services/STREETS/Streets_Permitting/MapServer/2","title":"Street light L019156"},"type":"Feature"},{"geometry":{"coordinates":[-90.23107598536232,38.710501736361316],"type":"Point"},"id":"stl-city-public-streetlights:2:126429","properties":{"address":null,"attributes":{"Date_Installed":"6/25/2018","LED_Powered":1,"LightID":"L019157","Light_Source":"LED","Light_Type":"Cobra","Lighting_Type":"LED-Powered Lamp (Twin Lights)","Verification_Date":null},"id":"stl-city-public-streetlights:2:126429","sourceLayerId":2,"sourceObjectId":126429,"sourceURL":"https://maps8.stlouis-mo.gov/arcgis/rest/services/STREETS/Streets_Permitting/MapServer/2","title":"Street light L019157"},"type":"Feature"},{"geometry":{"coordinates":[-90.23880834931568,38.71415585170205],"type":"Point"},"id":"stl-city-public-streetlights:2:151437","properties":{"address":null,"attributes":{"Date_Installed":"6/25/2018","LED_Powered":1,"LightID":"L044303","Light_Source":"LED","Light_Type":"Cobra","Lighting_Type":"LED-Powered Lamp","Verification_Date":null},"id":"stl-city-public-streetlights:2:151437","sourceLayerId":2,"sourceObjectId":151437,"sourceURL":"https://maps8.stlouis-mo.gov/arcgis/rest/services/STREETS/Streets_Permitting/MapServer/2","title":"Street light L044303"},"type":"Feature"},{"geometry":{"coordinates":[-90.23536025891283,38.71953405657519],"type":"Point"},"id":"stl-city-public-streetlights:2:151602","properties":{"address":null,"attributes":{"Date_Installed":"6/25/2018","LED_Powered":1,"LightID":"L044456","Light_Source":"LED","Light_Type":"Cobra","Lighting_Type":"LED-Powered Lamp","Verification_Date":null},"id":"stl-city-public-streetlights:2:151602","sourceLayerId":2,"sourceObjectId":151602,"sourceURL":"https://maps8.stlouis-mo.gov/arcgis/rest/services/STREETS/Streets_Permitting/MapServer/2","title":"Street light L044456"},"type":"Feature"},{"geometry":{"coordinates":[-90.23542115713174,38.71919124501877],"type":"Point"},"id":"stl-city-public-streetlights:2:151603","properties":{"address":null,"attributes":{"Date_Installed":"6/25/2018","LED_Powered":1,"LightID":"L044457","Light_Source":"LED","Light_Type":"Cobra","Lighting_Type":"LED-Powered Lamp","Verification_Date":null},"id":"stl-city-public-streetlights:2:151603","sourceLayerId":2,"sourceObjectId":151603,"sourceURL":"https://maps8.stlouis-mo.gov/arcgis/rest/services/STREETS/Streets_Permitting/MapServer/2","title":"Street light L044457"},"type":"Feature"},{"geometry":{"coordinates":[-90.23530781602832,38.7189043880357],"type":"Point"},"id":"stl-city-public-streetlights:2:151604","properties":{"address":null,"attributes":{"Date_Installed":"6/25/2018","LED_Powered":1,"LightID":"L044458","Light_Source":"LED","Light_Type":"Cobra","Lighting_Type":"LED-Powered Lamp","Verification_Date":null},"id":"stl-city-public-streetlights:2:151604","sourceLayerId":2,"sourceObjectId":151604,"sourceURL":"https://maps8.stlouis-mo.gov/arcgis/rest/services/STREETS/Streets_Permitting/MapServer/2","title":"Street light L044458"},"type":"Feature"},{"geometry":{"coordinates":[-90.23535765551637,38.718589868703106],"type":"Point"},"id":"stl-city-public-streetlights:2:151605","properties":{"address":null,"attributes":{"Date_Installed":"6/25/2018","LED_Powered":1,"LightID":"L044459","Light_Source":"LED","Light_Type":"Cobra","Lighting_Type":"LED-Powered Lamp","Verification_Date":null},"id":"stl-city-public-streetlights:2:151605","sourceLayerId":2,"sourceObjectId":151605,"sourceURL":"https://maps8.stlouis-mo.gov/arcgis/rest/services/STREETS/Streets_Permitting/MapServer/2","title":"Street light L044459"},"type":"Feature"},{"geometry":{"coordinates":[-90.23542381869811,38.7182628721891],"type":"Point"},"id":"stl-city-public-streetlights:2:151606","properties":{"address":null,"attributes":{"Date_Installed":"6/25/2018","LED_Powered":1,"LightID":"L044460","Light_Source":"LED","Light_Type":"Cobra","Lighting_Type":"LED-Powered Lamp","Verification_Date":null},"id":"stl-city-public-streetlights:2:151606","sourceLayerId":2,"sourceObjectId":151606,"sourceURL":"https://maps8.stlouis-mo.gov/arcgis/rest/services/STREETS/Streets_Permitting/MapServer/2","title":"Street light L044460"},"type":"Feature"},{"geometry":{"coordinates":[-90.23548127256117,38.717945987178226],"type":"Point"},"id":"stl-city-public-streetlights:2:151607","properties":{"address":null,"attributes":{"Date_Installed":"6/25/2018","LED_Powered":1,"LightID":"L044461","Light_Source":"LED","Light_Type":"Cobra","Lighting_Type":"LED-Powered Lamp","Verification_Date":null},"id":"stl-city-public-streetlights:2:151607","sourceLayerId":2,"sourceObjectId":151607,"sourceURL":"https://maps8.stlouis-mo.gov/arcgis/rest/services/STREETS/Streets_Permitting/MapServer/2","title":"Street light L044461"},"type":"Feature"},{"geometry":{"coordinates":[-90.23554485768423,38.71761648299015],"type":"Point"},"id":"stl-city-public-streetlights:2:151608","properties":{"address":null,"attributes":{"Date_Installed":"6/25/2018","LED_Powered":1,"LightID":"L044462","Light_Source":"LED","Light_Type":"Cobra","Lighting_Type":"LED-Powered Lamp","Verification_Date":null},"id":"stl-city-public-streetlights:2:151608","sourceLayerId":2,"sourceObjectId":151608,"sourceURL":"https://maps8.stlouis-mo.gov/arcgis/rest/services/STREETS/Streets_Permitting/MapServer/2","title":"Street light L044462"},"type":"Feature"},{"geometry":{"coordinates":[-90.23560231004446,38.71729971589492],"type":"Point"},"id":"stl-city-public-streetlights:2:151609","properties":{"address":null,"attributes":{"Date_Installed":"6/25/2018","LED_Powered":1,"LightID":"L044463","Light_Source":"LED","Light_Type":"Cobra","Lighting_Type":"LED-Powered Lamp","Verification_Date":null},"id":"stl-city-public-streetlights:2:151609","sourceLayerId":2,"sourceObjectId":151609,"sourceURL":"https://maps8.stlouis-mo.gov/arcgis/rest/services/STREETS/Streets_Permitting/MapServer/2","title":"Street light L044463"},"type":"Feature"},{"geometry":{"coordinates":[-90.23567059458092,38.71693279978999],"type":"Point"},"id":"stl-city-public-streetlights:2:151610","properties":{"address":null,"attributes":{"Date_Installed":"6/25/2018","LED_Powered":1,"LightID":"L044464","Light_Source":"LED","Light_Type":"Cobra","Lighting_Type":"LED-Powered Lamp","Verification_Date":null},"id":"stl-city-public-streetlights:2:151610","sourceLayerId":2,"sourceObjectId":151610,"sourceURL":"https://maps8.stlouis-mo.gov/arcgis/rest/services/STREETS/Streets_Permitting/MapServer/2","title":"Street light L044464"},"type":"Feature"},{"geometry":{"coordinates":[-90.23289614893058,38.7195541319167],"type":"Point"},"id":"stl-city-public-streetlights:2:151611","properties":{"address":null,"attributes":{"Date_Installed":"2/14/2018","LED_Powered":1,"LightID":"L044465","Light_Source":"LED","Light_Type":"Cobra","Lighting_Type":"LED-Powered Lamp","Verification_Date":null},"id":"stl-city-public-streetlights:2:151611","sourceLayerId":2,"sourceObjectId":151611,"sourceURL":"https://maps8.stlouis-mo.gov/arcgis/rest/services/STREETS/Streets_Permitting/MapServer/2","title":"Street light L044465"},"type":"Feature"},{"geometry":{"coordinates":[-90.23294469413312,38.71926344700324],"type":"Point"},"id":"stl-city-public-streetlights:2:151612","properties":{"address":null,"attributes":{"Date_Installed":"2/14/2018","LED_Powered":1,"LightID":"L044466","Light_Source":"LED","Light_Type":"Cobra","Lighting_Type":"LED-Powered Lamp","Verification_Date":null},"id":"stl-city-public-streetlights:2:151612","sourceLayerId":2,"sourceObjectId":151612,"sourceURL":"https://maps8.stlouis-mo.gov/arcgis/rest/services/STREETS/Streets_Permitting/MapServer/2","title":"Street light L044466"},"type":"Feature"},{"geometry":{"coordinates":[-90.23299328088196,38.718961797577904],"type":"Point"},"id":"stl-city-public-streetlights:2:151613","properties":{"address":null,"attributes":{"Date_Installed":"2/14/2018","LED_Powered":1,"LightID":"L044467","Light_Source":"LED","Light_Type":"Cobra","Lighting_Type":"LED-Powered Lamp","Verification_Date":null},"id":"stl-city-public-streetlights:2:151613","sourceLayerId":2,"sourceObjectId":151613,"sourceURL":"https://maps8.stlouis-mo.gov/arcgis/rest/services/STREETS/Streets_Permitting/MapServer/2","title":"Street light L044467"},"type":"Feature"},{"geometry":{"coordinates":[-90.23304366436884,38.718667302478245],"type":"Point"},"id":"stl-city-public-streetlights:2:151614","properties":{"address":null,"attributes":{"Date_Installed":"2/14/2018","LED_Powered":1,"LightID":"L044468","Light_Source":"LED","Light_Type":"Cobra","Lighting_Type":"LED-Powered Lamp","Verification_Date":null},"id":"stl-city-public-streetlights:2:151614","sourceLayerId":2,"sourceObjectId":151614,"sourceURL":"https://maps8.stlouis-mo.gov/arcgis/rest/services/STREETS/Streets_Permitting/MapServer/2","title":"Street light L044468"},"type":"Feature"},{"geometry":{"coordinates":[-90.23310708625819,38.718384874621535],"type":"Point"},"id":"stl-city-public-streetlights:2:151615","properties":{"address":null,"attributes":{"Date_Installed":"2/14/2018","LED_Powered":1,"LightID":"L044469","Light_Source":"LED","Light_Type":"Cobra","Lighting_Type":"LED-Powered Lamp","Verification_Date":null},"id":"stl-city-public-streetlights:2:151615","sourceLayerId":2,"sourceObjectId":151615,"sourceURL":"https://maps8.stlouis-mo.gov/arcgis/rest/services/STREETS/Streets_Permitting/MapServer/2","title":"Street light L044469"},"type":"Feature"},{"geometry":{"coordinates":[-90.23315387133256,38.718076010350764],"type":"Point"},"id":"stl-city-public-streetlights:2:151616","properties":{"address":null,"attributes":{"Date_Installed":"2/14/2018","LED_Powered":1,"LightID":"L044470","Light_Source":"LED","Light_Type":"Cobra","Lighting_Type":"LED-Powered Lamp","Verification_Date":null},"id":"stl-city-public-streetlights:2:151616","sourceLayerId":2,"sourceObjectId":151616,"sourceURL":"https://maps8.stlouis-mo.gov/arcgis/rest/services/STREETS/Streets_Permitting/MapServer/2","title":"Street light L044470"},"type":"Feature"},{"geometry":{"coordinates":[-90.23321364746069,38.717750788734776],"type":"Point"},"id":"stl-city-public-streetlights:2:151617","properties":{"address":null,"attributes":{"Date_Installed":"2/14/2018","LED_Powered":1,"LightID":"L044471","Light_Source":"LED","Light_Type":"Cobra","Lighting_Type":"LED-Powered Lamp","Verification_Date":null},"id":"stl-city-public-streetlights:2:151617","sourceLayerId":2,"sourceObjectId":151617,"sourceURL":"https://maps8.stlouis-mo.gov/arcgis/rest/services/STREETS/Streets_Permitting/MapServer/2","title":"Street light L044471"},"type":"Feature"},{"geometry":{"coordinates":[-90.23327017783049,38.717480381636754],"type":"Point"},"id":"stl-city-public-streetlights:2:151618","properties":{"address":null,"attributes":{"Date_Installed":"2/14/2018","LED_Powered":1,"LightID":"L044472","Light_Source":"LED","Light_Type":"Cobra","Lighting_Type":"LED-Powered Lamp","Verification_Date":null},"id":"stl-city-public-streetlights:2:151618","sourceLayerId":2,"sourceObjectId":151618,"sourceURL":"https://maps8.stlouis-mo.gov/arcgis/rest/services/STREETS/Streets_Permitting/MapServer/2","title":"Street light L044472"},"type":"Feature"},{"geometry":{"coordinates":[-90.2332616431931,38.717116270897804],"type":"Point"},"id":"stl-city-public-streetlights:2:151619","properties":{"address":null,"attributes":{"Date_Installed":"2/14/2018","LED_Powered":1,"LightID":"L044473","Light_Source":"LED","Light_Type":"Cobra","Lighting_Type":"LED-Powered Lamp","Verification_Date":null},"id":"stl-city-public-streetlights:2:151619","sourceLayerId":2,"sourceObjectId":151619,"sourceURL":"https://maps8.stlouis-mo.gov/arcgis/rest/services/STREETS/Streets_Permitting/MapServer/2","title":"Street light L044473"},"type":"Feature"},{"geometry":{"coordinates":[-90.23324157925038,38.7167848095475],"type":"Point"},"id":"stl-city-public-streetlights:2:151620","properties":{"address":null,"attributes":{"Date_Installed":"2/14/2018","LED_Powered":1,"LightID":"L044474","Light_Source":"LED","Light_Type":"Cobra","Lighting_Type":"LED-Powered Lamp","Verification_Date":null},"id":"stl-city-public-streetlights:2:151620","sourceLayerId":2,"sourceObjectId":151620,"sourceURL":"https://maps8.stlouis-mo.gov/arcgis/rest/services/STREETS/Streets_Permitting/MapServer/2","title":"Street light L044474"},"type":"Feature"},{"geometry":{"coordinates":[-90.23321703873111,38.71642960074775],"type":"Point"},"id":"stl-city-public-streetlights:2:151621","properties":{"address":null,"attributes":{"Date_Installed":"2/14/2018","LED_Powered":1,"LightID":"L044475","Light_Source":"LED","Light_Type":"Cobra","Lighting_Type":"LED-Powered Lamp","Verification_Date":null},"id":"stl-city-public-streetlights:2:151621","sourceLayerId":2,"sourceObjectId":151621,"sourceURL":"https://maps8.stlouis-mo.gov/arcgis/rest/services/STREETS/Streets_Permitting/MapServer/2","title":"Street light L044475"},"type":"Feature"},{"geometry":{"coordinates":[-90.23319101084748,38.71606533020675],"type":"Point"},"id":"stl-city-public-streetlights:2:151622","properties":{"address":null,"attributes":{"Date_Installed":"2/14/2018","LED_Powered":1,"LightID":"L044476","Light_Source":"LED","Light_Type":"Cobra","Lighting_Type":"LED-Powered Lamp","Verification_Date":null},"id":"stl-city-public-streetlights:2:151622","sourceLayerId":2,"sourceObjectId":151622,"sourceURL":"https://maps8.stlouis-mo.gov/arcgis/rest/services/STREETS/Streets_Permitting/MapServer/2","title":"Street light L044476"},"type":"Feature"},{"geometry":{"coordinates":[-90.2331680563124,38.715692845244945],"type":"Point"},"id":"stl-city-public-streetlights:2:151623","properties":{"address":null,"attributes":{"Date_Installed":"2/14/2018","LED_Powered":1,"LightID":"L044477","Light_Source":"LED","Light_Type":"Cobra","Lighting_Type":"LED-Powered Lamp","Verification_Date":null},"id":"stl-city-public-streetlights:2:151623","sourceLayerId":2,"sourceObjectId":151623,"sourceURL":"https://maps8.stlouis-mo.gov/arcgis/rest/services/STREETS/Streets_Permitting/MapServer/2","title":"Street light L044477"},"type":"Feature"},{"geometry":{"coordinates":[-90.2331476732519,38.715406292707925],"type":"Point"},"id":"stl-city-public-streetlights:2:151624","properties":{"address":null,"attributes":{"Date_Installed":"2/14/2018","LED_Powered":1,"LightID":"L044478","Light_Source":"LED","Light_Type":"Cobra","Lighting_Type":"LED-Powered Lamp","Verification_Date":null},"id":"stl-city-public-streetlights:2:151624","sourceLayerId":2,"sourceObjectId":151624,"sourceURL":"https://maps8.stlouis-mo.gov/arcgis/rest/services/STREETS/Streets_Permitting/MapServer/2","title":"Street light L044478"},"type":"Feature"},{"geometry":{"coordinates":[-90.23753972651717,38.71838177311055],"type":"Point"},"id":"stl-city-public-streetlights:2:151625","properties":{"address":null,"attributes":{"Date_Installed":"6/25/2018","LED_Powered":1,"LightID":"L044479","Light_Source":"LED","Light_Type":"Cobra","Lighting_Type":"LED-Powered Lamp","Verification_Date":null},"id":"stl-city-public-streetlights:2:151625","sourceLayerId":2,"sourceObjectId":151625,"sourceURL":"https://maps8.stlouis-mo.gov/arcgis/rest/services/STREETS/Streets_Permitting/MapServer/2","title":"Street light L044479"},"type":"Feature"},{"geometry":{"coordinates":[-90.23789708365103,38.71866860407399],"type":"Point"},"id":"stl-city-public-streetlights:2:151626","properties":{"address":null,"attributes":{"Date_Installed":"6/25/2018","LED_Powered":1,"LightID":"L044480","Light_Source":"LED","Light_Type":"Cobra","Lighting_Type":"LED-Powered Lamp","Verification_Date":null},"id":"stl-city-public-streetlights:2:151626","sourceLayerId":2,"sourceObjectId":151626,"sourceURL":"https://maps8.stlouis-mo.gov/arcgis/rest/services/STREETS/Streets_Permitting/MapServer/2","title":"Street light L044480"},"type":"Feature"},{"geometry":{"coordinates":[-90.23812634326079,38.71904152677903],"type":"Point"},"id":"stl-city-public-streetlights:2:151627","properties":{"address":null,"attributes":{"Date_Installed":"6/25/2018","LED_Powered":1,"LightID":"L044481","Light_Source":"LED","Light_Type":"Cobra","Lighting_Type":"LED-Powered Lamp","Verification_Date":null},"id":"stl-city-public-streetlights:2:151627","sourceLayerId":2,"sourceObjectId":151627,"sourceURL":"https://maps8.stlouis-mo.gov/arcgis/rest/services/STREETS/Streets_Permitting/MapServer/2","title":"Street light L044481"},"type":"Feature"},{"geometry":{"coordinates":[-90.23834167538051,38.71939668498678],"type":"Point"},"id":"stl-city-public-streetlights:2:151628","properties":{"address":null,"attributes":{"Date_Installed":"6/25/2018","LED_Powered":1,"LightID":"L044482","Light_Source":"LED","Light_Type":"Cobra","Lighting_Type":"LED-Powered Lamp","Verification_Date":null},"id":"stl-city-public-streetlights:2:151628","sourceLayerId":2,"sourceObjectId":151628,"sourceURL":"https://maps8.stlouis-mo.gov/arcgis/rest/services/STREETS/Streets_Permitting/MapServer/2","title":"Street light L044482"},"type":"Feature"},{"geometry":{"coordinates":[-90.23855946787559,38.71974498359955],"type":"Point"},"id":"stl-city-public-streetlights:2:151629","properties":{"address":null,"attributes":{"Date_Installed":"6/25/2018","LED_Powered":1,"LightID":"L044483","Light_Source":"LED","Light_Type":"Cobra","Lighting_Type":"LED-Powered Lamp","Verification_Date":null},"id":"stl-city-public-streetlights:2:151629","sourceLayerId":2,"sourceObjectId":151629,"sourceURL":"https://maps8.stlouis-mo.gov/arcgis/rest/services/STREETS/Streets_Permitting/MapServer/2","title":"Street light L044483"},"type":"Feature"},{"geometry":{"coordinates":[-90.23390351528636,38.713354010922785],"type":"Point"},"id":"stl-city-public-streetlights:2:151810","properties":{"address":null,"attributes":{"Date_Installed":"6/25/2018","LED_Powered":1,"LightID":"L044664","Light_Source":"LED","Light_Type":"Cobra","Lighting_Type":"LED-Powered Lamp","Verification_Date":null},"id":"stl-city-public-streetlights:2:151810","sourceLayerId":2,"sourceObjectId":151810,"sourceURL":"https://maps8.stlouis-mo.gov/arcgis/rest/services/STREETS/Streets_Permitting/MapServer/2","title":"Street light L044664"},"type":"Feature"},{"geometry":{"coordinates":[-90.23347464298446,38.7133301518335],"type":"Point"},"id":"stl-city-public-streetlights:2:151811","properties":{"address":null,"attributes":{"Date_Installed":"6/25/2018","LED_Powered":1,"LightID":"L044665","Light_Source":"LED","Light_Type":"Cobra","Lighting_Type":"LED-Powered Lamp","Verification_Date":null},"id":"stl-city-public-streetlights:2:151811","sourceLayerId":2,"sourceObjectId":151811,"sourceURL":"https://maps8.stlouis-mo.gov/arcgis/rest/services/STREETS/Streets_Permitting/MapServer/2","title":"Street light L044665"},"type":"Feature"},{"geometry":{"coordinates":[-90.23303623108787,38.71341782146985],"type":"Point"},"id":"stl-city-public-streetlights:2:151812","properties":{"address":null,"attributes":{"Date_Installed":"6/25/2018","LED_Powered":1,"LightID":"L044666","Light_Source":"LED","Light_Type":"Cobra","Lighting_Type":"LED-Powered Lamp","Verification_Date":null},"id":"stl-city-public-streetlights:2:151812","sourceLayerId":2,"sourceObjectId":151812,"sourceURL":"https://maps8.stlouis-mo.gov/arcgis/rest/services/STREETS/Streets_Permitting/MapServer/2","title":"Street light L044666"},"type":"Feature"},{"geometry":{"coordinates":[-90.23263797290856,38.71345695550953],"type":"Point"},"id":"stl-city-public-streetlights:2:151813","properties":{"address":null,"attributes":{"Date_Installed":"6/25/2018","LED_Powered":1,"LightID":"L044667","Light_Source":"LED","Light_Type":"Cobra","Lighting_Type":"LED-Powered Lamp","Verification_Date":null},"id":"stl-city-public-streetlights:2:151813","sourceLayerId":2,"sourceObjectId":151813,"sourceURL":"https://maps8.stlouis-mo.gov/arcgis/rest/services/STREETS/Streets_Permitting/MapServer/2","title":"Street light L044667"},"type":"Feature"},{"geometry":{"coordinates":[-90.232272409897,38.71358854986182],"type":"Point"},"id":"stl-city-public-streetlights:2:151814","properties":{"address":null,"attributes":{"Date_Installed":"6/25/2018","LED_Powered":1,"LightID":"L044668","Light_Source":"LED","Light_Type":"Cobra","Lighting_Type":"LED-Powered Lamp","Verification_Date":null},"id":"stl-city-public-streetlights:2:151814","sourceLayerId":2,"sourceObjectId":151814,"sourceURL":"https://maps8.stlouis-mo.gov/arcgis/rest/services/STREETS/Streets_Permitting/MapServer/2","title":"Street light L044668"},"type":"Feature"},{"geometry":{"coordinates":[-90.23199592194966,38.713818169961726],"type":"Point"},"id":"stl-city-public-streetlights:2:151815","properties":{"address":null,"attributes":{"Date_Installed":"6/25/2018","LED_Powered":1,"LightID":"L044669","Light_Source":"LED","Light_Type":"Cobra","Lighting_Type":"LED-Powered Lamp","Verification_Date":null},"id":"stl-city-public-streetlights:2:151815","sourceLayerId":2,"sourceObjectId":151815,"sourceURL":"https://maps8.stlouis-mo.gov/arcgis/rest/services/STREETS/Streets_Permitting/MapServer/2","title":"Street light L044669"},"type":"Feature"},{"geometry":{"coordinates":[-90.23283159478318,38.71258762226338],"type":"Point"},"id":"stl-city-public-streetlights:2:151816","properties":{"address":null,"attributes":{"Date_Installed":"8/1/2016","LED_Powered":1,"LightID":"L044670","Light_Source":"LED","Light_Type":"Cobra","Lighting_Type":"LED-Powered Lamp","Verification_Date":null},"id":"stl-city-public-streetlights:2:151816","sourceLayerId":2,"sourceObjectId":151816,"sourceURL":"https://maps8.stlouis-mo.gov/arcgis/rest/services/STREETS/Streets_Permitting/MapServer/2","title":"Street light L044670"},"type":"Feature"},{"geometry":{"coordinates":[-90.23325443433158,38.71251422018767],"type":"Point"},"id":"stl-city-public-streetlights:2:151817","properties":{"address":null,"attributes":{"Date_Installed":"8/1/2016","LED_Powered":1,"LightID":"L044671","Light_Source":"LED","Light_Type":"Cobra","Lighting_Type":"LED-Powered Lamp","Verification_Date":null},"id":"stl-city-public-streetlights:2:151817","sourceLayerId":2,"sourceObjectId":151817,"sourceURL":"https://maps8.stlouis-mo.gov/arcgis/rest/services/STREETS/Streets_Permitting/MapServer/2","title":"Street light L044671"},"type":"Feature"},{"geometry":{"coordinates":[-90.23366558957095,38.71249013014446],"type":"Point"},"id":"stl-city-public-streetlights:2:151818","properties":{"address":null,"attributes":{"Date_Installed":"8/1/2016","LED_Powered":1,"LightID":"L044672","Light_Source":"LED","Light_Type":"Cobra","Lighting_Type":"LED-Powered Lamp","Verification_Date":null},"id":"stl-city-public-streetlights:2:151818","sourceLayerId":2,"sourceObjectId":151818,"sourceURL":"https://maps8.stlouis-mo.gov/arcgis/rest/services/STREETS/Streets_Permitting/MapServer/2","title":"Street light L044672"},"type":"Feature"},{"geometry":{"coordinates":[-90.23410715942921,38.71253403941489],"type":"Point"},"id":"stl-city-public-streetlights:2:151819","properties":{"address":null,"attributes":{"Date_Installed":"8/1/2016","LED_Powered":1,"LightID":"L044673","Light_Source":"LED","Light_Type":"Cobra","Lighting_Type":"LED-Powered Lamp","Verification_Date":null},"id":"stl-city-public-streetlights:2:151819","sourceLayerId":2,"sourceObjectId":151819,"sourceURL":"https://maps8.stlouis-mo.gov/arcgis/rest/services/STREETS/Streets_Permitting/MapServer/2","title":"Street light L044673"},"type":"Feature"},{"geometry":{"coordinates":[-90.23455419994123,38.712579390031564],"type":"Point"},"id":"stl-city-public-streetlights:2:151820","properties":{"address":null,"attributes":{"Date_Installed":"8/1/2016","LED_Powered":1,"LightID":"L044674","Light_Source":"LED","Light_Type":"Cobra","Lighting_Type":"LED-Powered Lamp","Verification_Date":null},"id":"stl-city-public-streetlights:2:151820","sourceLayerId":2,"sourceObjectId":151820,"sourceURL":"https://maps8.stlouis-mo.gov/arcgis/rest/services/STREETS/Streets_Permitting/MapServer/2","title":"Street light L044674"},"type":"Feature"},{"geometry":{"coordinates":[-90.23508173927524,38.71262492044992],"type":"Point"},"id":"stl-city-public-streetlights:2:151821","properties":{"address":null,"attributes":{"Date_Installed":"8/1/2016","LED_Powered":1,"LightID":"L044675","Light_Source":"LED","Light_Type":"Cobra","Lighting_Type":"LED-Powered Lamp","Verification_Date":null},"id":"stl-city-public-streetlights:2:151821","sourceLayerId":2,"sourceObjectId":151821,"sourceURL":"https://maps8.stlouis-mo.gov/arcgis/rest/services/STREETS/Streets_Permitting/MapServer/2","title":"Street light L044675"},"type":"Feature"},{"geometry":{"coordinates":[-90.23640533784041,38.7129980815856],"type":"Point"},"id":"stl-city-public-streetlights:2:151822","properties":{"address":null,"attributes":{"Date_Installed":"6/25/2018","LED_Powered":1,"LightID":"L044676","Light_Source":"LED","Light_Type":"Cobra","Lighting_Type":"LED-Powered Lamp","Verification_Date":null},"id":"stl-city-public-streetlights:2:151822","sourceLayerId":2,"sourceObjectId":151822,"sourceURL":"https://maps8.stlouis-mo.gov/arcgis/rest/services/STREETS/Streets_Permitting/MapServer/2","title":"Street light L044676"},"type":"Feature"},{"geometry":{"coordinates":[-90.23677899943287,38.71297794821691],"type":"Point"},"id":"stl-city-public-streetlights:2:151823","properties":{"address":null,"attributes":{"Date_Installed":"6/25/2018","LED_Powered":1,"LightID":"L044677","Light_Source":"LED","Light_Type":"Cobra","Lighting_Type":"LED-Powered Lamp","Verification_Date":null},"id":"stl-city-public-streetlights:2:151823","sourceLayerId":2,"sourceObjectId":151823,"sourceURL":"https://maps8.stlouis-mo.gov/arcgis/rest/services/STREETS/Streets_Permitting/MapServer/2","title":"Street light L044677"},"type":"Feature"},{"geometry":{"coordinates":[-90.23717763293897,38.71315904210251],"type":"Point"},"id":"stl-city-public-streetlights:2:151824","properties":{"address":null,"attributes":{"Date_Installed":"6/25/2018","LED_Powered":1,"LightID":"L044678","Light_Source":"LED","Light_Type":"Cobra","Lighting_Type":"LED-Powered Lamp","Verification_Date":null},"id":"stl-city-public-streetlights:2:151824","sourceLayerId":2,"sourceObjectId":151824,"sourceURL":"https://maps8.stlouis-mo.gov/arcgis/rest/services/STREETS/Streets_Permitting/MapServer/2","title":"Street light L044678"},"type":"Feature"},{"geometry":{"coordinates":[-90.23761730748595,38.71334852381316],"type":"Point"},"id":"stl-city-public-streetlights:2:151825","properties":{"address":null,"attributes":{"Date_Installed":"6/25/2018","LED_Powered":1,"LightID":"L044679","Light_Source":"LED","Light_Type":"Cobra","Lighting_Type":"LED-Powered Lamp","Verification_Date":null},"id":"stl-city-public-streetlights:2:151825","sourceLayerId":2,"sourceObjectId":151825,"sourceURL":"https://maps8.stlouis-mo.gov/arcgis/rest/services/STREETS/Streets_Permitting/MapServer/2","title":"Street light L044679"},"type":"Feature"},{"geometry":{"coordinates":[-90.23799989699489,38.71352928249663],"type":"Point"},"id":"stl-city-public-streetlights:2:151826","properties":{"address":null,"attributes":{"Date_Installed":"6/25/2018","LED_Powered":1,"LightID":"L044680","Light_Source":"LED","Light_Type":"Cobra","Lighting_Type":"LED-Powered Lamp","Verification_Date":null},"id":"stl-city-public-streetlights:2:151826","sourceLayerId":2,"sourceObjectId":151826,"sourceURL":"https://maps8.stlouis-mo.gov/arcgis/rest/services/STREETS/Streets_Permitting/MapServer/2","title":"Street light L044680"},"type":"Feature"},{"geometry":{"coordinates":[-90.23841012498349,38.71371314042221],"type":"Point"},"id":"stl-city-public-streetlights:2:151827","properties":{"address":null,"attributes":{"Date_Installed":"6/25/2018","LED_Powered":1,"LightID":"L044681","Light_Source":"LED","Light_Type":"Cobra","Lighting_Type":"LED-Powered Lamp","Verification_Date":null},"id":"stl-city-public-streetlights:2:151827","sourceLayerId":2,"sourceObjectId":151827,"sourceURL":"https://maps8.stlouis-mo.gov/arcgis/rest/services/STREETS/Streets_Permitting/MapServer/2","title":"Street light L044681"},"type":"Feature"},{"geometry":{"coordinates":[-90.23885251832353,38.71382591923117],"type":"Point"},"id":"stl-city-public-streetlights:2:151828","properties":{"address":null,"attributes":{"Date_Installed":"6/25/2018","LED_Powered":1,"LightID":"L044682","Light_Source":"LED","Light_Type":"Cobra","Lighting_Type":"LED-Powered Lamp","Verification_Date":null},"id":"stl-city-public-streetlights:2:151828","sourceLayerId":2,"sourceObjectId":151828,"sourceURL":"https://maps8.stlouis-mo.gov/arcgis/rest/services/STREETS/Streets_Permitting/MapServer/2","title":"Street light L044682"},"type":"Feature"},{"geometry":{"coordinates":[-90.2388092862632,38.71287273002576],"type":"Point"},"id":"stl-city-public-streetlights:2:151829","properties":{"address":null,"attributes":{"Date_Installed":"6/25/2018","LED_Powered":1,"LightID":"L044683","Light_Source":"LED","Light_Type":"Cobra","Lighting_Type":"LED-Powered Lamp","Verification_Date":null},"id":"stl-city-public-streetlights:2:151829","sourceLayerId":2,"sourceObjectId":151829,"sourceURL":"https://maps8.stlouis-mo.gov/arcgis/rest/services/STREETS/Streets_Permitting/MapServer/2","title":"Street light L044683"},"type":"Feature"},{"geometry":{"coordinates":[-90.23868123931346,38.71314787020088],"type":"Point"},"id":"stl-city-public-streetlights:2:151830","properties":{"address":null,"attributes":{"Date_Installed":"6/25/2018","LED_Powered":1,"LightID":"L044684","Light_Source":"LED","Light_Type":"Cobra","Lighting_Type":"LED-Powered Lamp","Verification_Date":null},"id":"stl-city-public-streetlights:2:151830","sourceLayerId":2,"sourceObjectId":151830,"sourceURL":"https://maps8.stlouis-mo.gov/arcgis/rest/services/STREETS/Streets_Permitting/MapServer/2","title":"Street light L044684"},"type":"Feature"},{"geometry":{"coordinates":[-90.23845636951393,38.71329431140115],"type":"Point"},"id":"stl-city-public-streetlights:2:151831","properties":{"address":null,"attributes":{"Date_Installed":"6/25/2018","LED_Powered":1,"LightID":"L044685","Light_Source":"LED","Light_Type":"Cobra","Lighting_Type":"LED-Powered Lamp","Verification_Date":null},"id":"stl-city-public-streetlights:2:151831","sourceLayerId":2,"sourceObjectId":151831,"sourceURL":"https://maps8.stlouis-mo.gov/arcgis/rest/services/STREETS/Streets_Permitting/MapServer/2","title":"Street light L044685"},"type":"Feature"},{"geometry":{"coordinates":[-90.23806467968302,38.71309798466763],"type":"Point"},"id":"stl-city-public-streetlights:2:151832","properties":{"address":null,"attributes":{"Date_Installed":"6/25/2018","LED_Powered":1,"LightID":"L044686","Light_Source":"LED","Light_Type":"Cobra","Lighting_Type":"LED-Powered Lamp","Verification_Date":null},"id":"stl-city-public-streetlights:2:151832","sourceLayerId":2,"sourceObjectId":151832,"sourceURL":"https://maps8.stlouis-mo.gov/arcgis/rest/services/STREETS/Streets_Permitting/MapServer/2","title":"Street light L044686"},"type":"Feature"},{"geometry":{"coordinates":[-90.23763901938696,38.71288212324089],"type":"Point"},"id":"stl-city-public-streetlights:2:151833","properties":{"address":null,"attributes":{"Date_Installed":"6/25/2018","LED_Powered":1,"LightID":"L044687","Light_Source":"LED","Light_Type":"Cobra","Lighting_Type":"LED-Powered Lamp","Verification_Date":null},"id":"stl-city-public-streetlights:2:151833","sourceLayerId":2,"sourceObjectId":151833,"sourceURL":"https://maps8.stlouis-mo.gov/arcgis/rest/services/STREETS/Streets_Permitting/MapServer/2","title":"Street light L044687"},"type":"Feature"},{"geometry":{"coordinates":[-90.23753821638662,38.71276111272165],"type":"Point"},"id":"stl-city-public-streetlights:2:151834","properties":{"address":null,"attributes":{"Date_Installed":"6/25/2018","LED_Powered":1,"LightID":"L044688","Light_Source":"LED","Light_Type":"Cobra","Lighting_Type":"LED-Powered Lamp","Verification_Date":null},"id":"stl-city-public-streetlights:2:151834","sourceLayerId":2,"sourceObjectId":151834,"sourceURL":"https://maps8.stlouis-mo.gov/arcgis/rest/services/STREETS/Streets_Permitting/MapServer/2","title":"Street light L044688"},"type":"Feature"},{"geometry":{"coordinates":[-90.23671334047124,38.71235459021806],"type":"Point"},"id":"stl-city-public-streetlights:2:151835","properties":{"address":null,"attributes":{"Date_Installed":"6/25/2018","LED_Powered":1,"LightID":"L044689","Light_Source":"LED","Light_Type":"Cobra","Lighting_Type":"LED-Powered Lamp","Verification_Date":null},"id":"stl-city-public-streetlights:2:151835","sourceLayerId":2,"sourceObjectId":151835,"sourceURL":"https://maps8.stlouis-mo.gov/arcgis/rest/services/STREETS/Streets_Permitting/MapServer/2","title":"Street light L044689"},"type":"Feature"},{"geometry":{"coordinates":[-90.23656897593555,38.71223317896516],"type":"Point"},"id":"stl-city-public-streetlights:2:151836","properties":{"address":null,"attributes":{"Date_Installed":"6/25/2018","LED_Powered":1,"LightID":"L044690","Light_Source":"LED","Light_Type":"Cobra","Lighting_Type":"LED-Powered Lamp","Verification_Date":null},"id":"stl-city-public-streetlights:2:151836","sourceLayerId":2,"sourceObjectId":151836,"sourceURL":"https://maps8.stlouis-mo.gov/arcgis/rest/services/STREETS/Streets_Permitting/MapServer/2","title":"Street light L044690"},"type":"Feature"},{"geometry":{"coordinates":[-90.23615456679295,38.71205052039972],"type":"Point"},"id":"stl-city-public-streetlights:2:151837","properties":{"address":null,"attributes":{"Date_Installed":"6/25/2018","LED_Powered":1,"LightID":"L044691","Light_Source":"LED","Light_Type":"Cobra","Lighting_Type":"LED-Powered Lamp","Verification_Date":null},"id":"stl-city-public-streetlights:2:151837","sourceLayerId":2,"sourceObjectId":151837,"sourceURL":"https://maps8.stlouis-mo.gov/arcgis/rest/services/STREETS/Streets_Permitting/MapServer/2","title":"Street light L044691"},"type":"Feature"},{"geometry":{"coordinates":[-90.2357281328854,38.711862208103746],"type":"Point"},"id":"stl-city-public-streetlights:2:151838","properties":{"address":null,"attributes":{"Date_Installed":"6/25/2018","LED_Powered":1,"LightID":"L044692","Light_Source":"LED","Light_Type":"Cobra","Lighting_Type":"LED-Powered Lamp","Verification_Date":null},"id":"stl-city-public-streetlights:2:151838","sourceLayerId":2,"sourceObjectId":151838,"sourceURL":"https://maps8.stlouis-mo.gov/arcgis/rest/services/STREETS/Streets_Permitting/MapServer/2","title":"Street light L044692"},"type":"Feature"},{"geometry":{"coordinates":[-90.2354288418898,38.711460255912336],"type":"Point"},"id":"stl-city-public-streetlights:2:151839","properties":{"address":null,"attributes":{"Date_Installed":"6/25/2018","LED_Powered":1,"LightID":"L044693","Light_Source":"LED","Light_Type":"Cobra","Lighting_Type":"LED-Powered Lamp","Verification_Date":null},"id":"stl-city-public-streetlights:2:151839","sourceLayerId":2,"sourceObjectId":151839,"sourceURL":"https://maps8.stlouis-mo.gov/arcgis/rest/services/STREETS/Streets_Permitting/MapServer/2","title":"Street light L044693"},"type":"Feature"},{"geometry":{"coordinates":[-90.23502392556752,38.71154276482156],"type":"Point"},"id":"stl-city-public-streetlights:2:151840","properties":{"address":null,"attributes":{"Date_Installed":"6/25/2018","LED_Powered":1,"LightID":"L044694","Light_Source":"LED","Light_Type":"Cobra","Lighting_Type":"LED-Powered Lamp","Verification_Date":null},"id":"stl-city-public-streetlights:2:151840","sourceLayerId":2,"sourceObjectId":151840,"sourceURL":"https://maps8.stlouis-mo.gov/arcgis/rest/services/STREETS/Streets_Permitting/MapServer/2","title":"Street light L044694"},"type":"Feature"},{"geometry":{"coordinates":[-90.23457335879802,38.71162993525391],"type":"Point"},"id":"stl-city-public-streetlights:2:151841","properties":{"address":null,"attributes":{"Date_Installed":"6/25/2018","LED_Powered":1,"LightID":"L044695","Light_Source":"LED","Light_Type":"Cobra","Lighting_Type":"LED-Powered Lamp","Verification_Date":null},"id":"stl-city-public-streetlights:2:151841","sourceLayerId":2,"sourceObjectId":151841,"sourceURL":"https://maps8.stlouis-mo.gov/arcgis/rest/services/STREETS/Streets_Permitting/MapServer/2","title":"Street light L044695"},"type":"Feature"},{"geometry":{"coordinates":[-90.23416452171496,38.71170289738976],"type":"Point"},"id":"stl-city-public-streetlights:2:151842","properties":{"address":null,"attributes":{"Date_Installed":"6/25/2018","LED_Powered":1,"LightID":"L044696","Light_Source":"LED","Light_Type":"Cobra","Lighting_Type":"LED-Powered Lamp","Verification_Date":null},"id":"stl-city-public-streetlights:2:151842","sourceLayerId":2,"sourceObjectId":151842,"sourceURL":"https://maps8.stlouis-mo.gov/arcgis/rest/services/STREETS/Streets_Permitting/MapServer/2","title":"Street light L044696"},"type":"Feature"},{"geometry":{"coordinates":[-90.2337657138444,38.711778264653134],"type":"Point"},"id":"stl-city-public-streetlights:2:151843","properties":{"address":null,"attributes":{"Date_Installed":"6/25/2018","LED_Powered":1,"LightID":"L044697","Light_Source":"LED","Light_Type":"Cobra","Lighting_Type":"LED-Powered Lamp","Verification_Date":null},"id":"stl-city-public-streetlights:2:151843","sourceLayerId":2,"sourceObjectId":151843,"sourceURL":"https://maps8.stlouis-mo.gov/arcgis/rest/services/STREETS/Streets_Permitting/MapServer/2","title":"Street light L044697"},"type":"Feature"},{"geometry":{"coordinates":[-90.23969702858484,38.71310107866759],"type":"Point"},"id":"stl-city-public-streetlights:2:151850","properties":{"address":null,"attributes":{"Date_Installed":"6/25/2018","LED_Powered":1,"LightID":"L044704","Light_Source":"LED","Light_Type":"Cobra","Lighting_Type":"LED-Powered Lamp","Verification_Date":null},"id":"stl-city-public-streetlights:2:151850","sourceLayerId":2,"sourceObjectId":151850,"sourceURL":"https://maps8.stlouis-mo.gov/arcgis/rest/services/STREETS/Streets_Permitting/MapServer/2","title":"Street light L044704"},"type":"Feature"},{"geometry":{"coordinates":[-90.23933886572101,38.71287455592518],"type":"Point"},"id":"stl-city-public-streetlights:2:151851","properties":{"address":null,"attributes":{"Date_Installed":"6/25/2018","LED_Powered":1,"LightID":"L044705","Light_Source":"LED","Light_Type":"Cobra","Lighting_Type":"LED-Powered Lamp","Verification_Date":null},"id":"stl-city-public-streetlights:2:151851","sourceLayerId":2,"sourceObjectId":151851,"sourceURL":"https://maps8.stlouis-mo.gov/arcgis/rest/services/STREETS/Streets_Permitting/MapServer/2","title":"Street light L044705"},"type":"Feature"},{"geometry":{"coordinates":[-90.23890240947928,38.712594227116305],"type":"Point"},"id":"stl-city-public-streetlights:2:151852","properties":{"address":null,"attributes":{"Date_Installed":"6/25/2018","LED_Powered":1,"LightID":"L044706","Light_Source":"LED","Light_Type":"Cobra","Lighting_Type":"LED-Powered Lamp","Verification_Date":null},"id":"stl-city-public-streetlights:2:151852","sourceLayerId":2,"sourceObjectId":151852,"sourceURL":"https://maps8.stlouis-mo.gov/arcgis/rest/services/STREETS/Streets_Permitting/MapServer/2","title":"Street light L044706"},"type":"Feature"},{"geometry":{"coordinates":[-90.23860056931674,38.7123990522818],"type":"Point"},"id":"stl-city-public-streetlights:2:151853","properties":{"address":null,"attributes":{"Date_Installed":"6/25/2018","LED_Powered":1,"LightID":"L044707","Light_Source":"LED","Light_Type":"Cobra","Lighting_Type":"LED-Powered Lamp","Verification_Date":null},"id":"stl-city-public-streetlights:2:151853","sourceLayerId":2,"sourceObjectId":151853,"sourceURL":"https://maps8.stlouis-mo.gov/arcgis/rest/services/STREETS/Streets_Permitting/MapServer/2","title":"Street light L044707"},"type":"Feature"},{"geometry":{"coordinates":[-90.23829925213667,38.712211315482385],"type":"Point"},"id":"stl-city-public-streetlights:2:151854","properties":{"address":null,"attributes":{"Date_Installed":"6/25/2018","LED_Powered":1,"LightID":"L044708","Light_Source":"LED","Light_Type":"Cobra","Lighting_Type":"LED-Powered Lamp","Verification_Date":null},"id":"stl-city-public-streetlights:2:151854","sourceLayerId":2,"sourceObjectId":151854,"sourceURL":"https://maps8.stlouis-mo.gov/arcgis/rest/services/STREETS/Streets_Permitting/MapServer/2","title":"Street light L044708"},"type":"Feature"},{"geometry":{"coordinates":[-90.23796054132268,38.711991744465955],"type":"Point"},"id":"stl-city-public-streetlights:2:151855","properties":{"address":null,"attributes":{"Date_Installed":"6/25/2018","LED_Powered":1,"LightID":"L044709","Light_Source":"LED","Light_Type":"Cobra","Lighting_Type":"LED-Powered Lamp","Verification_Date":null},"id":"stl-city-public-streetlights:2:151855","sourceLayerId":2,"sourceObjectId":151855,"sourceURL":"https://maps8.stlouis-mo.gov/arcgis/rest/services/STREETS/Streets_Permitting/MapServer/2","title":"Street light L044709"},"type":"Feature"},{"geometry":{"coordinates":[-90.23763639956451,38.71178221661085],"type":"Point"},"id":"stl-city-public-streetlights:2:151856","properties":{"address":null,"attributes":{"Date_Installed":"6/25/2018","LED_Powered":1,"LightID":"L044710","Light_Source":"LED","Light_Type":"Cobra","Lighting_Type":"LED-Powered Lamp","Verification_Date":null},"id":"stl-city-public-streetlights:2:151856","sourceLayerId":2,"sourceObjectId":151856,"sourceURL":"https://maps8.stlouis-mo.gov/arcgis/rest/services/STREETS/Streets_Permitting/MapServer/2","title":"Street light L044710"},"type":"Feature"},{"geometry":{"coordinates":[-90.23729390455486,38.71160024771921],"type":"Point"},"id":"stl-city-public-streetlights:2:151857","properties":{"address":null,"attributes":{"Date_Installed":"6/25/2018","LED_Powered":1,"LightID":"L044711","Light_Source":"LED","Light_Type":"Cobra","Lighting_Type":"LED-Powered Lamp","Verification_Date":null},"id":"stl-city-public-streetlights:2:151857","sourceLayerId":2,"sourceObjectId":151857,"sourceURL":"https://maps8.stlouis-mo.gov/arcgis/rest/services/STREETS/Streets_Permitting/MapServer/2","title":"Street light L044711"},"type":"Feature"},{"geometry":{"coordinates":[-90.23691130471165,38.71140488792948],"type":"Point"},"id":"stl-city-public-streetlights:2:151858","properties":{"address":null,"attributes":{"Date_Installed":"6/25/2018","LED_Powered":1,"LightID":"L044712","Light_Source":"LED","Light_Type":"Cobra","Lighting_Type":"LED-Powered Lamp","Verification_Date":null},"id":"stl-city-public-streetlights:2:151858","sourceLayerId":2,"sourceObjectId":151858,"sourceURL":"https://maps8.stlouis-mo.gov/arcgis/rest/services/STREETS/Streets_Permitting/MapServer/2","title":"Street light L044712"},"type":"Feature"},{"geometry":{"coordinates":[-90.23654875831267,38.711216722337134],"type":"Point"},"id":"stl-city-public-streetlights:2:151859","properties":{"address":null,"attributes":{"Date_Installed":"6/25/2018","LED_Powered":1,"LightID":"L044713","Light_Source":"LED","Light_Type":"Cobra","Lighting_Type":"LED-Powered Lamp","Verification_Date":null},"id":"stl-city-public-streetlights:2:151859","sourceLayerId":2,"sourceObjectId":151859,"sourceURL":"https://maps8.stlouis-mo.gov/arcgis/rest/services/STREETS/Streets_Permitting/MapServer/2","title":"Street light L044713"},"type":"Feature"},{"geometry":{"coordinates":[-90.23618985798188,38.711029993536734],"type":"Point"},"id":"stl-city-public-streetlights:2:151860","properties":{"address":null,"attributes":{"Date_Installed":"6/25/2018","LED_Powered":1,"LightID":"L044714","Light_Source":"LED","Light_Type":"Cobra","Lighting_Type":"LED-Powered Lamp","Verification_Date":null},"id":"stl-city-public-streetlights:2:151860","sourceLayerId":2,"sourceObjectId":151860,"sourceURL":"https://maps8.stlouis-mo.gov/arcgis/rest/services/STREETS/Streets_Permitting/MapServer/2","title":"Street light L044714"},"type":"Feature"},{"geometry":{"coordinates":[-90.23586713460831,38.71088410558733],"type":"Point"},"id":"stl-city-public-streetlights:2:151861","properties":{"address":null,"attributes":{"Date_Installed":"6/25/2018","LED_Powered":1,"LightID":"L044715","Light_Source":"LED","Light_Type":"Cobra","Lighting_Type":"LED-Powered Lamp","Verification_Date":null},"id":"stl-city-public-streetlights:2:151861","sourceLayerId":2,"sourceObjectId":151861,"sourceURL":"https://maps8.stlouis-mo.gov/arcgis/rest/services/STREETS/Streets_Permitting/MapServer/2","title":"Street light L044715"},"type":"Feature"},{"geometry":{"coordinates":[-90.2354368627953,38.71074869931052],"type":"Point"},"id":"stl-city-public-streetlights:2:151862","properties":{"address":null,"attributes":{"Date_Installed":"6/25/2018","LED_Powered":1,"LightID":"L044716","Light_Source":"LED","Light_Type":"Cobra","Lighting_Type":"LED-Powered Lamp","Verification_Date":null},"id":"stl-city-public-streetlights:2:151862","sourceLayerId":2,"sourceObjectId":151862,"sourceURL":"https://maps8.stlouis-mo.gov/arcgis/rest/services/STREETS/Streets_Permitting/MapServer/2","title":"Street light L044716"},"type":"Feature"},{"geometry":{"coordinates":[-90.23500592230853,38.710646611614024],"type":"Point"},"id":"stl-city-public-streetlights:2:151863","properties":{"address":null,"attributes":{"Date_Installed":"6/25/2018","LED_Powered":1,"LightID":"L044717","Light_Source":"LED","Light_Type":"Cobra","Lighting_Type":"LED-Powered Lamp","Verification_Date":null},"id":"stl-city-public-streetlights:2:151863","sourceLayerId":2,"sourceObjectId":151863,"sourceURL":"https://maps8.stlouis-mo.gov/arcgis/rest/services/STREETS/Streets_Permitting/MapServer/2","title":"Street light L044717"},"type":"Feature"},{"geometry":{"coordinates":[-90.23456936446583,38.71073128773669],"type":"Point"},"id":"stl-city-public-streetlights:2:151864","properties":{"address":null,"attributes":{"Date_Installed":"6/25/2018","LED_Powered":1,"LightID":"L044718","Light_Source":"LED","Light_Type":"Cobra","Lighting_Type":"LED-Powered Lamp","Verification_Date":null},"id":"stl-city-public-streetlights:2:151864","sourceLayerId":2,"sourceObjectId":151864,"sourceURL":"https://maps8.stlouis-mo.gov/arcgis/rest/services/STREETS/Streets_Permitting/MapServer/2","title":"Street light L044718"},"type":"Feature"},{"geometry":{"coordinates":[-90.2341284338512,38.71081323433503],"type":"Point"},"id":"stl-city-public-streetlights:2:151865","properties":{"address":null,"attributes":{"Date_Installed":"6/25/2018","LED_Powered":1,"LightID":"L044719","Light_Source":"LED","Light_Type":"Cobra","Lighting_Type":"LED-Powered Lamp","Verification_Date":null},"id":"stl-city-public-streetlights:2:151865","sourceLayerId":2,"sourceObjectId":151865,"sourceURL":"https://maps8.stlouis-mo.gov/arcgis/rest/services/STREETS/Streets_Permitting/MapServer/2","title":"Street light L044719"},"type":"Feature"},{"geometry":{"coordinates":[-90.23369369400098,38.710899483349195],"type":"Point"},"id":"stl-city-public-streetlights:2:151866","properties":{"address":null,"attributes":{"Date_Installed":"6/25/2018","LED_Powered":1,"LightID":"L044720","Light_Source":"LED","Light_Type":"Cobra","Lighting_Type":"LED-Powered Lamp","Verification_Date":null},"id":"stl-city-public-streetlights:2:151866","sourceLayerId":2,"sourceObjectId":151866,"sourceURL":"https://maps8.stlouis-mo.gov/arcgis/rest/services/STREETS/Streets_Permitting/MapServer/2","title":"Street light L044720"},"type":"Feature"},{"geometry":{"coordinates":[-90.23328948171384,38.71097293043703],"type":"Point"},"id":"stl-city-public-streetlights:2:151867","properties":{"address":null,"attributes":{"Date_Installed":"6/25/2018","LED_Powered":1,"LightID":"L044721","Light_Source":"LED","Light_Type":"Cobra","Lighting_Type":"LED-Powered Lamp","Verification_Date":null},"id":"stl-city-public-streetlights:2:151867","sourceLayerId":2,"sourceObjectId":151867,"sourceURL":"https://maps8.stlouis-mo.gov/arcgis/rest/services/STREETS/Streets_Permitting/MapServer/2","title":"Street light L044721"},"type":"Feature"},{"geometry":{"coordinates":[-90.23283647526718,38.71106199487987],"type":"Point"},"id":"stl-city-public-streetlights:2:151868","properties":{"address":null,"attributes":{"Date_Installed":"6/25/2018","LED_Powered":1,"LightID":"L044722","Light_Source":"LED","Light_Type":"Cobra","Lighting_Type":"LED-Powered Lamp","Verification_Date":null},"id":"stl-city-public-streetlights:2:151868","sourceLayerId":2,"sourceObjectId":151868,"sourceURL":"https://maps8.stlouis-mo.gov/arcgis/rest/services/STREETS/Streets_Permitting/MapServer/2","title":"Street light L044722"},"type":"Feature"},{"geometry":{"coordinates":[-90.23241071540625,38.71113753468116],"type":"Point"},"id":"stl-city-public-streetlights:2:151869","properties":{"address":null,"attributes":{"Date_Installed":"6/25/2018","LED_Powered":1,"LightID":"L044723","Light_Source":"LED","Light_Type":"Cobra","Lighting_Type":"LED-Powered Lamp","Verification_Date":null},"id":"stl-city-public-streetlights:2:151869","sourceLayerId":2,"sourceObjectId":151869,"sourceURL":"https://maps8.stlouis-mo.gov/arcgis/rest/services/STREETS/Streets_Permitting/MapServer/2","title":"Street light L044723"},"type":"Feature"},{"geometry":{"coordinates":[-90.23193579804578,38.71122797607858],"type":"Point"},"id":"stl-city-public-streetlights:2:151870","properties":{"address":null,"attributes":{"Date_Installed":"6/25/2018","LED_Powered":1,"LightID":"L044724","Light_Source":"LED","Light_Type":"Cobra","Lighting_Type":"LED-Powered Lamp","Verification_Date":null},"id":"stl-city-public-streetlights:2:151870","sourceLayerId":2,"sourceObjectId":151870,"sourceURL":"https://maps8.stlouis-mo.gov/arcgis/rest/services/STREETS/Streets_Permitting/MapServer/2","title":"Street light L044724"},"type":"Feature"},{"geometry":{"coordinates":[-90.23141831898243,38.71132689865116],"type":"Point"},"id":"stl-city-public-streetlights:2:151871","properties":{"address":null,"attributes":{"Date_Installed":"6/25/2018","LED_Powered":1,"LightID":"L044725","Light_Source":"LED","Light_Type":"Cobra","Lighting_Type":"LED-Powered Lamp","Verification_Date":null},"id":"stl-city-public-streetlights:2:151871","sourceLayerId":2,"sourceObjectId":151871,"sourceURL":"https://maps8.stlouis-mo.gov/arcgis/rest/services/STREETS/Streets_Permitting/MapServer/2","title":"Street light L044725"},"type":"Feature"},{"geometry":{"coordinates":[-90.2310128085103,38.71140462485593],"type":"Point"},"id":"stl-city-public-streetlights:2:151872","properties":{"address":null,"attributes":{"Date_Installed":"6/25/2018","LED_Powered":1,"LightID":"L044726","Light_Source":"LED","Light_Type":"Cobra","Lighting_Type":"LED-Powered Lamp","Verification_Date":null},"id":"stl-city-public-streetlights:2:151872","sourceLayerId":2,"sourceObjectId":151872,"sourceURL":"https://maps8.stlouis-mo.gov/arcgis/rest/services/STREETS/Streets_Permitting/MapServer/2","title":"Street light L044726"},"type":"Feature"},{"geometry":{"coordinates":[-90.23060912304068,38.71148235295597],"type":"Point"},"id":"stl-city-public-streetlights:2:151873","properties":{"address":null,"attributes":{"Date_Installed":null,"LED_Powered":0,"LightID":"L044727","Light_Source":"LED","Light_Type":"Cobra","Lighting_Type":"LED-Powered Lamp","Verification_Date":null},"id":"stl-city-public-streetlights:2:151873","sourceLayerId":2,"sourceObjectId":151873,"sourceURL":"https://maps8.stlouis-mo.gov/arcgis/rest/services/STREETS/Streets_Permitting/MapServer/2","title":"Street light L044727"},"type":"Feature"},{"geometry":{"coordinates":[-90.23068818620902,38.71039121416703],"type":"Point"},"id":"stl-city-public-streetlights:2:151874","properties":{"address":null,"attributes":{"Date_Installed":"8/1/2016","LED_Powered":1,"LightID":"L044728","Light_Source":"LED","Light_Type":"Cobra","Lighting_Type":"LED-Powered Lamp","Verification_Date":null},"id":"stl-city-public-streetlights:2:151874","sourceLayerId":2,"sourceObjectId":151874,"sourceURL":"https://maps8.stlouis-mo.gov/arcgis/rest/services/STREETS/Streets_Permitting/MapServer/2","title":"Street light L044728"},"type":"Feature"},{"geometry":{"coordinates":[-90.23102146410612,38.71034788511806],"type":"Point"},"id":"stl-city-public-streetlights:2:151875","properties":{"address":null,"attributes":{"Date_Installed":"8/1/2016","LED_Powered":1,"LightID":"L044729","Light_Source":"LED","Light_Type":"Cobra","Lighting_Type":"LED-Powered Lamp","Verification_Date":null},"id":"stl-city-public-streetlights:2:151875","sourceLayerId":2,"sourceObjectId":151875,"sourceURL":"https://maps8.stlouis-mo.gov/arcgis/rest/services/STREETS/Streets_Permitting/MapServer/2","title":"Street light L044729"},"type":"Feature"},{"geometry":{"coordinates":[-90.23142797845841,38.71024394201034],"type":"Point"},"id":"stl-city-public-streetlights:2:151876","properties":{"address":null,"attributes":{"Date_Installed":"8/1/2016","LED_Powered":1,"LightID":"L044730","Light_Source":"LED","Light_Type":"Cobra","Lighting_Type":"LED-Powered Lamp","Verification_Date":null},"id":"stl-city-public-streetlights:2:151876","sourceLayerId":2,"sourceObjectId":151876,"sourceURL":"https://maps8.stlouis-mo.gov/arcgis/rest/services/STREETS/Streets_Permitting/MapServer/2","title":"Street light L044730"},"type":"Feature"},{"geometry":{"coordinates":[-90.23188672306918,38.71016514545568],"type":"Point"},"id":"stl-city-public-streetlights:2:151877","properties":{"address":null,"attributes":{"Date_Installed":"8/1/2016","LED_Powered":1,"LightID":"L044731","Light_Source":"LED","Light_Type":"Cobra","Lighting_Type":"LED-Powered Lamp","Verification_Date":null},"id":"stl-city-public-streetlights:2:151877","sourceLayerId":2,"sourceObjectId":151877,"sourceURL":"https://maps8.stlouis-mo.gov/arcgis/rest/services/STREETS/Streets_Permitting/MapServer/2","title":"Street light L044731"},"type":"Feature"},{"geometry":{"coordinates":[-90.23238648191435,38.71005974435066],"type":"Point"},"id":"stl-city-public-streetlights:2:151878","properties":{"address":null,"attributes":{"Date_Installed":"8/1/2016","LED_Powered":1,"LightID":"L044732","Light_Source":"LED","Light_Type":"Cobra","Lighting_Type":"LED-Powered Lamp","Verification_Date":null},"id":"stl-city-public-streetlights:2:151878","sourceLayerId":2,"sourceObjectId":151878,"sourceURL":"https://maps8.stlouis-mo.gov/arcgis/rest/services/STREETS/Streets_Permitting/MapServer/2","title":"Street light L044732"},"type":"Feature"},{"geometry":{"coordinates":[-90.23631098311186,38.710051240115185],"type":"Point"},"id":"stl-city-public-streetlights:2:151903","properties":{"address":null,"attributes":{"Date_Installed":"6/25/2018","LED_Powered":1,"LightID":"L044757","Light_Source":"LED","Light_Type":"Cobra","Lighting_Type":"LED-Powered Lamp","Verification_Date":null},"id":"stl-city-public-streetlights:2:151903","sourceLayerId":2,"sourceObjectId":151903,"sourceURL":"https://maps8.stlouis-mo.gov/arcgis/rest/services/STREETS/Streets_Permitting/MapServer/2","title":"Street light L044757"},"type":"Feature"},{"geometry":{"coordinates":[-90.23657895511147,38.71031070066041],"type":"Point"},"id":"stl-city-public-streetlights:2:151904","properties":{"address":null,"attributes":{"Date_Installed":"6/25/2018","LED_Powered":1,"LightID":"L044758","Light_Source":"LED","Light_Type":"Cobra","Lighting_Type":"LED-Powered Lamp","Verification_Date":null},"id":"stl-city-public-streetlights:2:151904","sourceLayerId":2,"sourceObjectId":151904,"sourceURL":"https://maps8.stlouis-mo.gov/arcgis/rest/services/STREETS/Streets_Permitting/MapServer/2","title":"Street light L044758"},"type":"Feature"},{"geometry":{"coordinates":[-90.23687825069156,38.710590157597224],"type":"Point"},"id":"stl-city-public-streetlights:2:151905","properties":{"address":null,"attributes":{"Date_Installed":"6/25/2018","LED_Powered":1,"LightID":"L044759","Light_Source":"LED","Light_Type":"Cobra","Lighting_Type":"LED-Powered Lamp","Verification_Date":null},"id":"stl-city-public-streetlights:2:151905","sourceLayerId":2,"sourceObjectId":151905,"sourceURL":"https://maps8.stlouis-mo.gov/arcgis/rest/services/STREETS/Streets_Permitting/MapServer/2","title":"Street light L044759"},"type":"Feature"},{"geometry":{"coordinates":[-90.23717378708557,38.710841814118595],"type":"Point"},"id":"stl-city-public-streetlights:2:151906","properties":{"address":null,"attributes":{"Date_Installed":"6/25/2018","LED_Powered":1,"LightID":"L044760","Light_Source":"LED","Light_Type":"Cobra","Lighting_Type":"LED-Powered Lamp","Verification_Date":null},"id":"stl-city-public-streetlights:2:151906","sourceLayerId":2,"sourceObjectId":151906,"sourceURL":"https://maps8.stlouis-mo.gov/arcgis/rest/services/STREETS/Streets_Permitting/MapServer/2","title":"Street light L044760"},"type":"Feature"},{"geometry":{"coordinates":[-90.23750751674338,38.711048623434955],"type":"Point"},"id":"stl-city-public-streetlights:2:151907","properties":{"address":null,"attributes":{"Date_Installed":"6/25/2018","LED_Powered":1,"LightID":"L044761","Light_Source":"LED","Light_Type":"Cobra","Lighting_Type":"LED-Powered Lamp","Verification_Date":null},"id":"stl-city-public-streetlights:2:151907","sourceLayerId":2,"sourceObjectId":151907,"sourceURL":"https://maps8.stlouis-mo.gov/arcgis/rest/services/STREETS/Streets_Permitting/MapServer/2","title":"Street light L044761"},"type":"Feature"},{"geometry":{"coordinates":[-90.23787131310429,38.711269956492266],"type":"Point"},"id":"stl-city-public-streetlights:2:151908","properties":{"address":null,"attributes":{"Date_Installed":"6/25/2018","LED_Powered":1,"LightID":"L044762","Light_Source":"LED","Light_Type":"Cobra","Lighting_Type":"LED-Powered Lamp","Verification_Date":null},"id":"stl-city-public-streetlights:2:151908","sourceLayerId":2,"sourceObjectId":151908,"sourceURL":"https://maps8.stlouis-mo.gov/arcgis/rest/services/STREETS/Streets_Permitting/MapServer/2","title":"Street light L044762"},"type":"Feature"},{"geometry":{"coordinates":[-90.2379075161132,38.711519550236936],"type":"Point"},"id":"stl-city-public-streetlights:2:151909","properties":{"address":null,"attributes":{"Date_Installed":"6/25/2018","LED_Powered":1,"LightID":"L044763","Light_Source":"LED","Light_Type":"Cobra","Lighting_Type":"LED-Powered Lamp","Verification_Date":null},"id":"stl-city-public-streetlights:2:151909","sourceLayerId":2,"sourceObjectId":151909,"sourceURL":"https://maps8.stlouis-mo.gov/arcgis/rest/services/STREETS/Streets_Permitting/MapServer/2","title":"Street light L044763"},"type":"Feature"},{"geometry":{"coordinates":[-90.23777888156663,38.711755712583695],"type":"Point"},"id":"stl-city-public-streetlights:2:151910","properties":{"address":null,"attributes":{"Date_Installed":"6/25/2018","LED_Powered":1,"LightID":"L044764","Light_Source":"LED","Light_Type":"Cobra","Lighting_Type":"LED-Powered Lamp","Verification_Date":null},"id":"stl-city-public-streetlights:2:151910","sourceLayerId":2,"sourceObjectId":151910,"sourceURL":"https://maps8.stlouis-mo.gov/arcgis/rest/services/STREETS/Streets_Permitting/MapServer/2","title":"Street light L044764"},"type":"Feature"},{"geometry":{"coordinates":[-90.23998448111513,38.71320610385568],"type":"Point"},"id":"stl-city-public-streetlights:2:151930","properties":{"address":null,"attributes":{"Date_Installed":"6/25/2018","LED_Powered":1,"LightID":"L044784","Light_Source":"LED","Light_Type":"Cobra","Lighting_Type":"LED-Powered Lamp","Verification_Date":null},"id":"stl-city-public-streetlights:2:151930","sourceLayerId":2,"sourceObjectId":151930,"sourceURL":"https://maps8.stlouis-mo.gov/arcgis/rest/services/STREETS/Streets_Permitting/MapServer/2","title":"Street light L044784"},"type":"Feature"},{"geometry":{"coordinates":[-90.2397204241369,38.71346318542467],"type":"Point"},"id":"stl-city-public-streetlights:2:151931","properties":{"address":null,"attributes":{"Date_Installed":"8/1/2016","LED_Powered":1,"LightID":"L044785","Light_Source":"LED","Light_Type":"Cobra","Lighting_Type":"LED-Powered Lamp","Verification_Date":null},"id":"stl-city-public-streetlights:2:151931","sourceLayerId":2,"sourceObjectId":151931,"sourceURL":"https://maps8.stlouis-mo.gov/arcgis/rest/services/STREETS/Streets_Permitting/MapServer/2","title":"Street light L044785"},"type":"Feature"},{"geometry":{"coordinates":[-90.23947806783694,38.71370428091501],"type":"Point"},"id":"stl-city-public-streetlights:2:151932","properties":{"address":null,"attributes":{"Date_Installed":"8/1/2016","LED_Powered":1,"LightID":"L044786","Light_Source":"LED","Light_Type":"Cobra","Lighting_Type":"LED-Powered Lamp","Verification_Date":null},"id":"stl-city-public-streetlights:2:151932","sourceLayerId":2,"sourceObjectId":151932,"sourceURL":"https://maps8.stlouis-mo.gov/arcgis/rest/services/STREETS/Streets_Permitting/MapServer/2","title":"Street light L044786"},"type":"Feature"},{"geometry":{"coordinates":[-90.23939126983151,38.71400233205972],"type":"Point"},"id":"stl-city-public-streetlights:2:151933","properties":{"address":null,"attributes":{"Date_Installed":"8/1/2016","LED_Powered":1,"LightID":"L044787","Light_Source":"LED","Light_Type":"Cobra","Lighting_Type":"LED-Powered Lamp","Verification_Date":null},"id":"stl-city-public-streetlights:2:151933","sourceLayerId":2,"sourceObjectId":151933,"sourceURL":"https://maps8.stlouis-mo.gov/arcgis/rest/services/STREETS/Streets_Permitting/MapServer/2","title":"Street light L044787"},"type":"Feature"},{"geometry":{"coordinates":[-90.23933633560367,38.71430134963483],"type":"Point"},"id":"stl-city-public-streetlights:2:151934","properties":{"address":null,"attributes":{"Date_Installed":"8/1/2016","LED_Powered":1,"LightID":"L044788","Light_Source":"LED","Light_Type":"Cobra","Lighting_Type":"LED-Powered Lamp","Verification_Date":null},"id":"stl-city-public-streetlights:2:151934","sourceLayerId":2,"sourceObjectId":151934,"sourceURL":"https://maps8.stlouis-mo.gov/arcgis/rest/services/STREETS/Streets_Permitting/MapServer/2","title":"Street light L044788"},"type":"Feature"},{"geometry":{"coordinates":[-90.23926961065588,38.71466326537376],"type":"Point"},"id":"stl-city-public-streetlights:2:151935","properties":{"address":null,"attributes":{"Date_Installed":"8/1/2016","LED_Powered":1,"LightID":"L044789","Light_Source":"LED","Light_Type":"Cobra","Lighting_Type":"LED-Powered Lamp","Verification_Date":null},"id":"stl-city-public-streetlights:2:151935","sourceLayerId":2,"sourceObjectId":151935,"sourceURL":"https://maps8.stlouis-mo.gov/arcgis/rest/services/STREETS/Streets_Permitting/MapServer/2","title":"Street light L044789"},"type":"Feature"},{"geometry":{"coordinates":[-90.23920683097819,38.71502781230552],"type":"Point"},"id":"stl-city-public-streetlights:2:151936","properties":{"address":null,"attributes":{"Date_Installed":"8/1/2016","LED_Powered":1,"LightID":"L044790","Light_Source":"LED","Light_Type":"Cobra","Lighting_Type":"LED-Powered Lamp","Verification_Date":null},"id":"stl-city-public-streetlights:2:151936","sourceLayerId":2,"sourceObjectId":151936,"sourceURL":"https://maps8.stlouis-mo.gov/arcgis/rest/services/STREETS/Streets_Permitting/MapServer/2","title":"Street light L044790"},"type":"Feature"},{"geometry":{"coordinates":[-90.23914656979147,38.715369006847936],"type":"Point"},"id":"stl-city-public-streetlights:2:151937","properties":{"address":null,"attributes":{"Date_Installed":"8/1/2016","LED_Powered":1,"LightID":"L044791","Light_Source":"LED","Light_Type":"Cobra","Lighting_Type":"LED-Powered Lamp","Verification_Date":null},"id":"stl-city-public-streetlights:2:151937","sourceLayerId":2,"sourceObjectId":151937,"sourceURL":"https://maps8.stlouis-mo.gov/arcgis/rest/services/STREETS/Streets_Permitting/MapServer/2","title":"Street light L044791"},"type":"Feature"},{"geometry":{"coordinates":[-90.23908009038345,38.715746654979995],"type":"Point"},"id":"stl-city-public-streetlights:2:151938","properties":{"address":null,"attributes":{"Date_Installed":"8/1/2016","LED_Powered":1,"LightID":"L044792","Light_Source":"LED","Light_Type":"Cobra","Lighting_Type":"LED-Powered Lamp","Verification_Date":null},"id":"stl-city-public-streetlights:2:151938","sourceLayerId":2,"sourceObjectId":151938,"sourceURL":"https://maps8.stlouis-mo.gov/arcgis/rest/services/STREETS/Streets_Permitting/MapServer/2","title":"Street light L044792"},"type":"Feature"},{"geometry":{"coordinates":[-90.23971682267988,38.71205285850541],"type":"Point"},"id":"stl-city-public-streetlights:2:151941","properties":{"address":null,"attributes":{"Date_Installed":"6/25/2018","LED_Powered":1,"LightID":"L044795","Light_Source":"LED","Light_Type":"Cobra","Lighting_Type":"LED-Powered Lamp","Verification_Date":null},"id":"stl-city-public-streetlights:2:151941","sourceLayerId":2,"sourceObjectId":151941,"sourceURL":"https://maps8.stlouis-mo.gov/arcgis/rest/services/STREETS/Streets_Permitting/MapServer/2","title":"Street light L044795"},"type":"Feature"},{"geometry":{"coordinates":[-90.23941667626012,38.7123270559607],"type":"Point"},"id":"stl-city-public-streetlights:2:151942","properties":{"address":null,"attributes":{"Date_Installed":"6/25/2018","LED_Powered":1,"LightID":"L044796","Light_Source":"LED","Light_Type":"Cobra","Lighting_Type":"LED-Powered Lamp","Verification_Date":null},"id":"stl-city-public-streetlights:2:151942","sourceLayerId":2,"sourceObjectId":151942,"sourceURL":"https://maps8.stlouis-mo.gov/arcgis/rest/services/STREETS/Streets_Permitting/MapServer/2","title":"Street light L044796"},"type":"Feature"},{"geometry":{"coordinates":[-90.23913986651397,38.71258988426636],"type":"Point"},"id":"stl-city-public-streetlights:2:151943","properties":{"address":null,"attributes":{"Date_Installed":"6/25/2018","LED_Powered":1,"LightID":"L044797","Light_Source":"LED","Light_Type":"Cobra","Lighting_Type":"LED-Powered Lamp","Verification_Date":null},"id":"stl-city-public-streetlights:2:151943","sourceLayerId":2,"sourceObjectId":151943,"sourceURL":"https://maps8.stlouis-mo.gov/arcgis/rest/services/STREETS/Streets_Permitting/MapServer/2","title":"Street light L044797"},"type":"Feature"},{"geometry":{"coordinates":[-90.23935384597173,38.71113355072959],"type":"Point"},"id":"stl-city-public-streetlights:2:151944","properties":{"address":null,"attributes":{"Date_Installed":"6/25/2018","LED_Powered":1,"LightID":"L044798","Light_Source":"LED","Light_Type":"Cobra","Lighting_Type":"LED-Powered Lamp","Verification_Date":null},"id":"stl-city-public-streetlights:2:151944","sourceLayerId":2,"sourceObjectId":151944,"sourceURL":"https://maps8.stlouis-mo.gov/arcgis/rest/services/STREETS/Streets_Permitting/MapServer/2","title":"Street light L044798"},"type":"Feature"},{"geometry":{"coordinates":[-90.23908765562584,38.71138466329999],"type":"Point"},"id":"stl-city-public-streetlights:2:151945","properties":{"address":null,"attributes":{"Date_Installed":"6/25/2018","LED_Powered":1,"LightID":"L044799","Light_Source":"LED","Light_Type":"Cobra","Lighting_Type":"LED-Powered Lamp","Verification_Date":null},"id":"stl-city-public-streetlights:2:151945","sourceLayerId":2,"sourceObjectId":151945,"sourceURL":"https://maps8.stlouis-mo.gov/arcgis/rest/services/STREETS/Streets_Permitting/MapServer/2","title":"Street light L044799"},"type":"Feature"},{"geometry":{"coordinates":[-90.23883609356702,38.71162818019081],"type":"Point"},"id":"stl-city-public-streetlights:2:151946","properties":{"address":null,"attributes":{"Date_Installed":"6/25/2018","LED_Powered":1,"LightID":"L044800","Light_Source":"LED","Light_Type":"Cobra","Lighting_Type":"LED-Powered Lamp","Verification_Date":null},"id":"stl-city-public-streetlights:2:151946","sourceLayerId":2,"sourceObjectId":151946,"sourceURL":"https://maps8.stlouis-mo.gov/arcgis/rest/services/STREETS/Streets_Permitting/MapServer/2","title":"Street light L044800"},"type":"Feature"},{"geometry":{"coordinates":[-90.23857639967997,38.71187669984142],"type":"Point"},"id":"stl-city-public-streetlights:2:151947","properties":{"address":null,"attributes":{"Date_Installed":"6/25/2018","LED_Powered":1,"LightID":"L044801","Light_Source":"LED","Light_Type":"Cobra","Lighting_Type":"LED-Powered Lamp","Verification_Date":null},"id":"stl-city-public-streetlights:2:151947","sourceLayerId":2,"sourceObjectId":151947,"sourceURL":"https://maps8.stlouis-mo.gov/arcgis/rest/services/STREETS/Streets_Permitting/MapServer/2","title":"Street light L044801"},"type":"Feature"},{"geometry":{"coordinates":[-90.23831141130985,38.71213029160838],"type":"Point"},"id":"stl-city-public-streetlights:2:151948","properties":{"address":null,"attributes":{"Date_Installed":"6/25/2018","LED_Powered":1,"LightID":"L044802","Light_Source":"LED","Light_Type":"Cobra","Lighting_Type":"LED-Powered Lamp","Verification_Date":null},"id":"stl-city-public-streetlights:2:151948","sourceLayerId":2,"sourceObjectId":151948,"sourceURL":"https://maps8.stlouis-mo.gov/arcgis/rest/services/STREETS/Streets_Permitting/MapServer/2","title":"Street light L044802"},"type":"Feature"},{"geometry":{"coordinates":[-90.23602983044353,38.7147068416726],"type":"Point"},"id":"stl-city-public-streetlights:2:151949","properties":{"address":null,"attributes":{"Date_Installed":"6/25/2018","LED_Powered":1,"LightID":"L044803","Light_Source":"LED","Light_Type":"Cobra","Lighting_Type":"LED-Powered Lamp","Verification_Date":null},"id":"stl-city-public-streetlights:2:151949","sourceLayerId":2,"sourceObjectId":151949,"sourceURL":"https://maps8.stlouis-mo.gov/arcgis/rest/services/STREETS/Streets_Permitting/MapServer/2","title":"Street light L044803"},"type":"Feature"},{"geometry":{"coordinates":[-90.23596583439632,38.71506685628442],"type":"Point"},"id":"stl-city-public-streetlights:2:151950","properties":{"address":null,"attributes":{"Date_Installed":"6/25/2018","LED_Powered":1,"LightID":"L044804","Light_Source":"LED","Light_Type":"Cobra","Lighting_Type":"LED-Powered Lamp","Verification_Date":null},"id":"stl-city-public-streetlights:2:151950","sourceLayerId":2,"sourceObjectId":151950,"sourceURL":"https://maps8.stlouis-mo.gov/arcgis/rest/services/STREETS/Streets_Permitting/MapServer/2","title":"Street light L044804"},"type":"Feature"},{"geometry":{"coordinates":[-90.23590276399526,38.715439504131],"type":"Point"},"id":"stl-city-public-streetlights:2:151951","properties":{"address":null,"attributes":{"Date_Installed":"6/25/2018","LED_Powered":1,"LightID":"L044805","Light_Source":"LED","Light_Type":"Cobra","Lighting_Type":"LED-Powered Lamp","Verification_Date":null},"id":"stl-city-public-streetlights:2:151951","sourceLayerId":2,"sourceObjectId":151951,"sourceURL":"https://maps8.stlouis-mo.gov/arcgis/rest/services/STREETS/Streets_Permitting/MapServer/2","title":"Street light L044805"},"type":"Feature"},{"geometry":{"coordinates":[-90.23496698079519,38.71522956873496],"type":"Point"},"id":"stl-city-public-streetlights:2:151952","properties":{"address":null,"attributes":{"Date_Installed":"6/25/2018","LED_Powered":1,"LightID":"L044806","Light_Source":"LED","Light_Type":"Cobra","Lighting_Type":"LED-Powered Lamp","Verification_Date":null},"id":"stl-city-public-streetlights:2:151952","sourceLayerId":2,"sourceObjectId":151952,"sourceURL":"https://maps8.stlouis-mo.gov/arcgis/rest/services/STREETS/Streets_Permitting/MapServer/2","title":"Street light L044806"},"type":"Feature"},{"geometry":{"coordinates":[-90.23502787817469,38.71488647154851],"type":"Point"},"id":"stl-city-public-streetlights:2:151953","properties":{"address":null,"attributes":{"Date_Installed":"6/25/2018","LED_Powered":1,"LightID":"L044807","Light_Source":"LED","Light_Type":"Cobra","Lighting_Type":"LED-Powered Lamp","Verification_Date":null},"id":"stl-city-public-streetlights:2:151953","sourceLayerId":2,"sourceObjectId":151953,"sourceURL":"https://maps8.stlouis-mo.gov/arcgis/rest/services/STREETS/Streets_Permitting/MapServer/2","title":"Street light L044807"},"type":"Feature"},{"geometry":{"coordinates":[-90.23508753616612,38.7145490920737],"type":"Point"},"id":"stl-city-public-streetlights:2:151954","properties":{"address":null,"attributes":{"Date_Installed":"6/25/2018","LED_Powered":1,"LightID":"L044808","Light_Source":"LED","Light_Type":"Cobra","Lighting_Type":"LED-Powered Lamp","Verification_Date":null},"id":"stl-city-public-streetlights:2:151954","sourceLayerId":2,"sourceObjectId":151954,"sourceURL":"https://maps8.stlouis-mo.gov/arcgis/rest/services/STREETS/Streets_Permitting/MapServer/2","title":"Street light L044808"},"type":"Feature"},{"geometry":{"coordinates":[-90.23515959309033,38.714149195405156],"type":"Point"},"id":"stl-city-public-streetlights:2:151955","properties":{"address":null,"attributes":{"Date_Installed":"6/25/2018","LED_Powered":1,"LightID":"L044809","Light_Source":"LED","Light_Type":"Cobra","Lighting_Type":"LED-Powered Lamp","Verification_Date":null},"id":"stl-city-public-streetlights:2:151955","sourceLayerId":2,"sourceObjectId":151955,"sourceURL":"https://maps8.stlouis-mo.gov/arcgis/rest/services/STREETS/Streets_Permitting/MapServer/2","title":"Street light L044809"},"type":"Feature"},{"geometry":{"coordinates":[-90.23521680975492,38.71381371744852],"type":"Point"},"id":"stl-city-public-streetlights:2:151956","properties":{"address":null,"attributes":{"Date_Installed":"6/25/2018","LED_Powered":1,"LightID":"L044810","Light_Source":"LED","Light_Type":"Cobra","Lighting_Type":"LED-Powered Lamp","Verification_Date":null},"id":"stl-city-public-streetlights:2:151956","sourceLayerId":2,"sourceObjectId":151956,"sourceURL":"https://maps8.stlouis-mo.gov/arcgis/rest/services/STREETS/Streets_Permitting/MapServer/2","title":"Street light L044810"},"type":"Feature"},{"geometry":{"coordinates":[-90.23529612578349,38.713424898058236],"type":"Point"},"id":"stl-city-public-streetlights:2:151957","properties":{"address":null,"attributes":{"Date_Installed":"6/25/2018","LED_Powered":1,"LightID":"L044811","Light_Source":"LED","Light_Type":"Cobra","Lighting_Type":"LED-Powered Lamp","Verification_Date":null},"id":"stl-city-public-streetlights:2:151957","sourceLayerId":2,"sourceObjectId":151957,"sourceURL":"https://maps8.stlouis-mo.gov/arcgis/rest/services/STREETS/Streets_Permitting/MapServer/2","title":"Street light L044811"},"type":"Feature"},{"geometry":{"coordinates":[-90.2353534452694,38.713061198427],"type":"Point"},"id":"stl-city-public-streetlights:2:151958","properties":{"address":null,"attributes":{"Date_Installed":"6/25/2018","LED_Powered":1,"LightID":"L044812","Light_Source":"LED","Light_Type":"Cobra","Lighting_Type":"LED-Powered Lamp","Verification_Date":null},"id":"stl-city-public-streetlights:2:151958","sourceLayerId":2,"sourceObjectId":151958,"sourceURL":"https://maps8.stlouis-mo.gov/arcgis/rest/services/STREETS/Streets_Permitting/MapServer/2","title":"Street light L044812"},"type":"Feature"},{"geometry":{"coordinates":[-90.23542299026,38.71268188987197],"type":"Point"},"id":"stl-city-public-streetlights:2:151959","properties":{"address":null,"attributes":{"Date_Installed":"6/25/2018","LED_Powered":1,"LightID":"L044813","Light_Source":"LED","Light_Type":"Cobra","Lighting_Type":"LED-Powered Lamp","Verification_Date":null},"id":"stl-city-public-streetlights:2:151959","sourceLayerId":2,"sourceObjectId":151959,"sourceURL":"https://maps8.stlouis-mo.gov/arcgis/rest/services/STREETS/Streets_Permitting/MapServer/2","title":"Street light L044813"},"type":"Feature"},{"geometry":{"coordinates":[-90.23548273304489,38.712320483842625],"type":"Point"},"id":"stl-city-public-streetlights:2:151960","properties":{"address":null,"attributes":{"Date_Installed":"6/25/2018","LED_Powered":1,"LightID":"L044814","Light_Source":"LED","Light_Type":"Cobra","Lighting_Type":"LED-Powered Lamp","Verification_Date":null},"id":"stl-city-public-streetlights:2:151960","sourceLayerId":2,"sourceObjectId":151960,"sourceURL":"https://maps8.stlouis-mo.gov/arcgis/rest/services/STREETS/Streets_Permitting/MapServer/2","title":"Street light L044814"},"type":"Feature"},{"geometry":{"coordinates":[-90.23555216305553,38.71197168583448],"type":"Point"},"id":"stl-city-public-streetlights:2:151961","properties":{"address":null,"attributes":{"Date_Installed":"6/25/2018","LED_Powered":1,"LightID":"L044815","Light_Source":"LED","Light_Type":"Cobra","Lighting_Type":"LED-Powered Lamp","Verification_Date":null},"id":"stl-city-public-streetlights:2:151961","sourceLayerId":2,"sourceObjectId":151961,"sourceURL":"https://maps8.stlouis-mo.gov/arcgis/rest/services/STREETS/Streets_Permitting/MapServer/2","title":"Street light L044815"},"type":"Feature"},{"geometry":{"coordinates":[-90.23560945826775,38.71161389749059],"type":"Point"},"id":"stl-city-public-streetlights:2:151962","properties":{"address":null,"attributes":{"Date_Installed":"6/25/2018","LED_Powered":1,"LightID":"L044816","Light_Source":"LED","Light_Type":"Cobra","Lighting_Type":"LED-Powered Lamp","Verification_Date":null},"id":"stl-city-public-streetlights:2:151962","sourceLayerId":2,"sourceObjectId":151962,"sourceURL":"https://maps8.stlouis-mo.gov/arcgis/rest/services/STREETS/Streets_Permitting/MapServer/2","title":"Street light L044816"},"type":"Feature"},{"geometry":{"coordinates":[-90.23566420152915,38.71128794756372],"type":"Point"},"id":"stl-city-public-streetlights:2:151963","properties":{"address":null,"attributes":{"Date_Installed":"6/25/2018","LED_Powered":1,"LightID":"L044817","Light_Source":"LED","Light_Type":"Cobra","Lighting_Type":"LED-Powered Lamp","Verification_Date":null},"id":"stl-city-public-streetlights:2:151963","sourceLayerId":2,"sourceObjectId":151963,"sourceURL":"https://maps8.stlouis-mo.gov/arcgis/rest/services/STREETS/Streets_Permitting/MapServer/2","title":"Street light L044817"},"type":"Feature"},{"geometry":{"coordinates":[-90.23572256351085,38.71097020556368],"type":"Point"},"id":"stl-city-public-streetlights:2:151964","properties":{"address":null,"attributes":{"Date_Installed":"6/25/2018","LED_Powered":1,"LightID":"L044818","Light_Source":"LED","Light_Type":"Cobra","Lighting_Type":"LED-Powered Lamp","Verification_Date":null},"id":"stl-city-public-streetlights:2:151964","sourceLayerId":2,"sourceObjectId":151964,"sourceURL":"https://maps8.stlouis-mo.gov/arcgis/rest/services/STREETS/Streets_Permitting/MapServer/2","title":"Street light L044818"},"type":"Feature"},{"geometry":{"coordinates":[-90.23768774388671,38.71818026469002],"type":"Point"},"id":"stl-city-public-streetlights:2:151965","properties":{"address":null,"attributes":{"Date_Installed":"6/25/2018","LED_Powered":1,"LightID":"L044819","Light_Source":"LED","Light_Type":"Cobra","Lighting_Type":"LED-Powered Lamp","Verification_Date":null},"id":"stl-city-public-streetlights:2:151965","sourceLayerId":2,"sourceObjectId":151965,"sourceURL":"https://maps8.stlouis-mo.gov/arcgis/rest/services/STREETS/Streets_Permitting/MapServer/2","title":"Street light L044819"},"type":"Feature"},{"geometry":{"coordinates":[-90.23739536379327,38.71795702959314],"type":"Point"},"id":"stl-city-public-streetlights:2:151966","properties":{"address":null,"attributes":{"Date_Installed":"6/25/2018","LED_Powered":1,"LightID":"L044820","Light_Source":"LED","Light_Type":"Cobra","Lighting_Type":"LED-Powered Lamp","Verification_Date":null},"id":"stl-city-public-streetlights:2:151966","sourceLayerId":2,"sourceObjectId":151966,"sourceURL":"https://maps8.stlouis-mo.gov/arcgis/rest/services/STREETS/Streets_Permitting/MapServer/2","title":"Street light L044820"},"type":"Feature"},{"geometry":{"coordinates":[-90.23709322099013,38.71764829749184],"type":"Point"},"id":"stl-city-public-streetlights:2:151967","properties":{"address":null,"attributes":{"Date_Installed":"6/25/2018","LED_Powered":1,"LightID":"L044821","Light_Source":"LED","Light_Type":"Cobra","Lighting_Type":"LED-Powered Lamp","Verification_Date":null},"id":"stl-city-public-streetlights:2:151967","sourceLayerId":2,"sourceObjectId":151967,"sourceURL":"https://maps8.stlouis-mo.gov/arcgis/rest/services/STREETS/Streets_Permitting/MapServer/2","title":"Street light L044821"},"type":"Feature"},{"geometry":{"coordinates":[-90.23676565093369,38.71737182812216],"type":"Point"},"id":"stl-city-public-streetlights:2:151968","properties":{"address":null,"attributes":{"Date_Installed":"6/25/2018","LED_Powered":1,"LightID":"L044822","Light_Source":"LED","Light_Type":"Cobra","Lighting_Type":"LED-Powered Lamp","Verification_Date":null},"id":"stl-city-public-streetlights:2:151968","sourceLayerId":2,"sourceObjectId":151968,"sourceURL":"https://maps8.stlouis-mo.gov/arcgis/rest/services/STREETS/Streets_Permitting/MapServer/2","title":"Street light L044822"},"type":"Feature"},{"geometry":{"coordinates":[-90.23638967212277,38.717104974564165],"type":"Point"},"id":"stl-city-public-streetlights:2:151969","properties":{"address":null,"attributes":{"Date_Installed":"6/25/2018","LED_Powered":1,"LightID":"L044823","Light_Source":"LED","Light_Type":"Cobra","Lighting_Type":"LED-Powered Lamp","Verification_Date":null},"id":"stl-city-public-streetlights:2:151969","sourceLayerId":2,"sourceObjectId":151969,"sourceURL":"https://maps8.stlouis-mo.gov/arcgis/rest/services/STREETS/Streets_Permitting/MapServer/2","title":"Street light L044823"},"type":"Feature"},{"geometry":{"coordinates":[-90.23602005231889,38.71684728615683],"type":"Point"},"id":"stl-city-public-streetlights:2:151970","properties":{"address":null,"attributes":{"Date_Installed":"6/25/2018","LED_Powered":1,"LightID":"L044824","Light_Source":"LED","Light_Type":"Cobra","Lighting_Type":"LED-Powered Lamp","Verification_Date":null},"id":"stl-city-public-streetlights:2:151970","sourceLayerId":2,"sourceObjectId":151970,"sourceURL":"https://maps8.stlouis-mo.gov/arcgis/rest/services/STREETS/Streets_Permitting/MapServer/2","title":"Street light L044824"},"type":"Feature"},{"geometry":{"coordinates":[-90.23565773370986,38.716590471615824],"type":"Point"},"id":"stl-city-public-streetlights:2:151971","properties":{"address":null,"attributes":{"Date_Installed":"6/25/2018","LED_Powered":1,"LightID":"L044825","Light_Source":"LED","Light_Type":"Cobra","Lighting_Type":"LED-Powered Lamp","Verification_Date":null},"id":"stl-city-public-streetlights:2:151971","sourceLayerId":2,"sourceObjectId":151971,"sourceURL":"https://maps8.stlouis-mo.gov/arcgis/rest/services/STREETS/Streets_Permitting/MapServer/2","title":"Street light L044825"},"type":"Feature"},{"geometry":{"coordinates":[-90.23528741064406,38.71632691637734],"type":"Point"},"id":"stl-city-public-streetlights:2:151972","properties":{"address":null,"attributes":{"Date_Installed":"6/25/2018","LED_Powered":1,"LightID":"L044826","Light_Source":"LED","Light_Type":"Cobra","Lighting_Type":"LED-Powered Lamp","Verification_Date":null},"id":"stl-city-public-streetlights:2:151972","sourceLayerId":2,"sourceObjectId":151972,"sourceURL":"https://maps8.stlouis-mo.gov/arcgis/rest/services/STREETS/Streets_Permitting/MapServer/2","title":"Street light L044826"},"type":"Feature"},{"geometry":{"coordinates":[-90.23492871113736,38.716080118302905],"type":"Point"},"id":"stl-city-public-streetlights:2:151973","properties":{"address":null,"attributes":{"Date_Installed":"6/25/2018","LED_Powered":1,"LightID":"L044827","Light_Source":"LED","Light_Type":"Cobra","Lighting_Type":"LED-Powered Lamp","Verification_Date":null},"id":"stl-city-public-streetlights:2:151973","sourceLayerId":2,"sourceObjectId":151973,"sourceURL":"https://maps8.stlouis-mo.gov/arcgis/rest/services/STREETS/Streets_Permitting/MapServer/2","title":"Street light L044827"},"type":"Feature"},{"geometry":{"coordinates":[-90.23452889688986,38.715796042067645],"type":"Point"},"id":"stl-city-public-streetlights:2:151974","properties":{"address":null,"attributes":{"Date_Installed":"6/25/2018","LED_Powered":1,"LightID":"L044828","Light_Source":"LED","Light_Type":"Cobra","Lighting_Type":"LED-Powered Lamp","Verification_Date":null},"id":"stl-city-public-streetlights:2:151974","sourceLayerId":2,"sourceObjectId":151974,"sourceURL":"https://maps8.stlouis-mo.gov/arcgis/rest/services/STREETS/Streets_Permitting/MapServer/2","title":"Street light L044828"},"type":"Feature"},{"geometry":{"coordinates":[-90.2341496228324,38.71551992536687],"type":"Point"},"id":"stl-city-public-streetlights:2:151975","properties":{"address":null,"attributes":{"Date_Installed":"6/25/2018","LED_Powered":1,"LightID":"L044829","Light_Source":"LED","Light_Type":"Cobra","Lighting_Type":"LED-Powered Lamp","Verification_Date":null},"id":"stl-city-public-streetlights:2:151975","sourceLayerId":2,"sourceObjectId":151975,"sourceURL":"https://maps8.stlouis-mo.gov/arcgis/rest/services/STREETS/Streets_Permitting/MapServer/2","title":"Street light L044829"},"type":"Feature"},{"geometry":{"coordinates":[-90.2337071190729,38.71519808895323],"type":"Point"},"id":"stl-city-public-streetlights:2:151976","properties":{"address":null,"attributes":{"Date_Installed":"6/25/2018","LED_Powered":1,"LightID":"L044830","Light_Source":"LED","Light_Type":"Cobra","Lighting_Type":"LED-Powered Lamp","Verification_Date":null},"id":"stl-city-public-streetlights:2:151976","sourceLayerId":2,"sourceObjectId":151976,"sourceURL":"https://maps8.stlouis-mo.gov/arcgis/rest/services/STREETS/Streets_Permitting/MapServer/2","title":"Street light L044830"},"type":"Feature"},{"geometry":{"coordinates":[-90.2333187420057,38.714917372347564],"type":"Point"},"id":"stl-city-public-streetlights:2:151977","properties":{"address":null,"attributes":{"Date_Installed":"6/25/2018","LED_Powered":1,"LightID":"L044831","Light_Source":"LED","Light_Type":"Cobra","Lighting_Type":"LED-Powered Lamp","Verification_Date":null},"id":"stl-city-public-streetlights:2:151977","sourceLayerId":2,"sourceObjectId":151977,"sourceURL":"https://maps8.stlouis-mo.gov/arcgis/rest/services/STREETS/Streets_Permitting/MapServer/2","title":"Street light L044831"},"type":"Feature"},{"geometry":{"coordinates":[-90.2329045763201,38.71461824105788],"type":"Point"},"id":"stl-city-public-streetlights:2:151978","properties":{"address":null,"attributes":{"Date_Installed":"6/25/2018","LED_Powered":1,"LightID":"L044832","Light_Source":"LED","Light_Type":"Cobra","Lighting_Type":"LED-Powered Lamp","Verification_Date":null},"id":"stl-city-public-streetlights:2:151978","sourceLayerId":2,"sourceObjectId":151978,"sourceURL":"https://maps8.stlouis-mo.gov/arcgis/rest/services/STREETS/Streets_Permitting/MapServer/2","title":"Street light L044832"},"type":"Feature"},{"geometry":{"coordinates":[-90.23254805236581,38.714363575037346],"type":"Point"},"id":"stl-city-public-streetlights:2:151979","properties":{"address":null,"attributes":{"Date_Installed":"6/25/2018","LED_Powered":1,"LightID":"L044833","Light_Source":"LED","Light_Type":"Cobra","Lighting_Type":"LED-Powered Lamp","Verification_Date":null},"id":"stl-city-public-streetlights:2:151979","sourceLayerId":2,"sourceObjectId":151979,"sourceURL":"https://maps8.stlouis-mo.gov/arcgis/rest/services/STREETS/Streets_Permitting/MapServer/2","title":"Street light L044833"},"type":"Feature"},{"geometry":{"coordinates":[-90.23215661297154,38.71407426667972],"type":"Point"},"id":"stl-city-public-streetlights:2:151980","properties":{"address":null,"attributes":{"Date_Installed":"6/25/2018","LED_Powered":1,"LightID":"L044834","Light_Source":"LED","Light_Type":"Cobra","Lighting_Type":"LED-Powered Lamp","Verification_Date":null},"id":"stl-city-public-streetlights:2:151980","sourceLayerId":2,"sourceObjectId":151980,"sourceURL":"https://maps8.stlouis-mo.gov/arcgis/rest/services/STREETS/Streets_Permitting/MapServer/2","title":"Street light L044834"},"type":"Feature"},{"geometry":{"coordinates":[-90.23178281588687,38.71380263575467],"type":"Point"},"id":"stl-city-public-streetlights:2:151981","properties":{"address":null,"attributes":{"Date_Installed":"6/25/2018","LED_Powered":1,"LightID":"L044835","Light_Source":"LED","Light_Type":"Cobra","Lighting_Type":"LED-Powered Lamp","Verification_Date":null},"id":"stl-city-public-streetlights:2:151981","sourceLayerId":2,"sourceObjectId":151981,"sourceURL":"https://maps8.stlouis-mo.gov/arcgis/rest/services/STREETS/Streets_Permitting/MapServer/2","title":"Street light L044835"},"type":"Feature"},{"geometry":{"coordinates":[-90.23139347964698,38.713522005098255],"type":"Point"},"id":"stl-city-public-streetlights:2:151982","properties":{"address":null,"attributes":{"Date_Installed":"6/25/2018","LED_Powered":1,"LightID":"L044836","Light_Source":"LED","Light_Type":"Cobra","Lighting_Type":"LED-Powered Lamp","Verification_Date":null},"id":"stl-city-public-streetlights:2:151982","sourceLayerId":2,"sourceObjectId":151982,"sourceURL":"https://maps8.stlouis-mo.gov/arcgis/rest/services/STREETS/Streets_Permitting/MapServer/2","title":"Street light L044836"},"type":"Feature"},{"geometry":{"coordinates":[-90.23111833640259,38.71322962258357],"type":"Point"},"id":"stl-city-public-streetlights:2:151983","properties":{"address":null,"attributes":{"Date_Installed":"6/25/2018","LED_Powered":1,"LightID":"L044837","Light_Source":"LED","Light_Type":"Cobra","Lighting_Type":"LED-Powered Lamp","Verification_Date":null},"id":"stl-city-public-streetlights:2:151983","sourceLayerId":2,"sourceObjectId":151983,"sourceURL":"https://maps8.stlouis-mo.gov/arcgis/rest/services/STREETS/Streets_Permitting/MapServer/2","title":"Street light L044837"},"type":"Feature"},{"geometry":{"coordinates":[-90.23085308461182,38.71289626503602],"type":"Point"},"id":"stl-city-public-streetlights:2:151984","properties":{"address":null,"attributes":{"Date_Installed":"6/25/2018","LED_Powered":1,"LightID":"L044838","Light_Source":"LED","Light_Type":"Cobra","Lighting_Type":"LED-Powered Lamp","Verification_Date":null},"id":"stl-city-public-streetlights:2:151984","sourceLayerId":2,"sourceObjectId":151984,"sourceURL":"https://maps8.stlouis-mo.gov/arcgis/rest/services/STREETS/Streets_Permitting/MapServer/2","title":"Street light L044838"},"type":"Feature"},{"geometry":{"coordinates":[-90.23047242053595,38.71215700625571],"type":"Point"},"id":"stl-city-public-streetlights:2:151985","properties":{"address":null,"attributes":{"Date_Installed":null,"LED_Powered":1,"LightID":"L044839","Light_Source":"LED","Light_Type":"Cobra","Lighting_Type":"LED-Powered Lamp","Verification_Date":null},"id":"stl-city-public-streetlights:2:151985","sourceLayerId":2,"sourceObjectId":151985,"sourceURL":"https://maps8.stlouis-mo.gov/arcgis/rest/services/STREETS/Streets_Permitting/MapServer/2","title":"Street light L044839"},"type":"Feature"},{"geometry":{"coordinates":[-90.23055768313104,38.71177060995215],"type":"Point"},"id":"stl-city-public-streetlights:2:151986","properties":{"address":null,"attributes":{"Date_Installed":null,"LED_Powered":1,"LightID":"L044840","Light_Source":"LED","Light_Type":"Cobra","Lighting_Type":"LED-Powered Lamp","Verification_Date":null},"id":"stl-city-public-streetlights:2:151986","sourceLayerId":2,"sourceObjectId":151986,"sourceURL":"https://maps8.stlouis-mo.gov/arcgis/rest/services/STREETS/Streets_Permitting/MapServer/2","title":"Street light L044840"},"type":"Feature"},{"geometry":{"coordinates":[-90.23055322860371,38.71117458606053],"type":"Point"},"id":"stl-city-public-streetlights:2:151987","properties":{"address":null,"attributes":{"Date_Installed":null,"LED_Powered":1,"LightID":"L044841","Light_Source":"LED","Light_Type":"Cobra","Lighting_Type":"LED-Powered Lamp","Verification_Date":null},"id":"stl-city-public-streetlights:2:151987","sourceLayerId":2,"sourceObjectId":151987,"sourceURL":"https://maps8.stlouis-mo.gov/arcgis/rest/services/STREETS/Streets_Permitting/MapServer/2","title":"Street light L044841"},"type":"Feature"},{"geometry":{"coordinates":[-90.23053359635442,38.71073155297951],"type":"Point"},"id":"stl-city-public-streetlights:2:151988","properties":{"address":null,"attributes":{"Date_Installed":null,"LED_Powered":1,"LightID":"L044842","Light_Source":"LED","Light_Type":"Cobra","Lighting_Type":"LED-Powered Lamp","Verification_Date":null},"id":"stl-city-public-streetlights:2:151988","sourceLayerId":2,"sourceObjectId":151988,"sourceURL":"https://maps8.stlouis-mo.gov/arcgis/rest/services/STREETS/Streets_Permitting/MapServer/2","title":"Street light L044842"},"type":"Feature"},{"geometry":{"coordinates":[-90.23048110868056,38.71028868196744],"type":"Point"},"id":"stl-city-public-streetlights:2:151989","properties":{"address":null,"attributes":{"Date_Installed":null,"LED_Powered":1,"LightID":"L044843","Light_Source":"LED","Light_Type":"Cobra","Lighting_Type":"LED-Powered Lamp","Verification_Date":null},"id":"stl-city-public-streetlights:2:151989","sourceLayerId":2,"sourceObjectId":151989,"sourceURL":"https://maps8.stlouis-mo.gov/arcgis/rest/services/STREETS/Streets_Permitting/MapServer/2","title":"Street light L044843"},"type":"Feature"},{"geometry":{"coordinates":[-90.23207939051792,38.71021879383802],"type":"Point"},"id":"stl-city-public-streetlights:2:152009","properties":{"address":null,"attributes":{"Date_Installed":"6/25/2018","LED_Powered":1,"LightID":"L044863","Light_Source":"LED","Light_Type":"Cobra","Lighting_Type":"LED-Powered Lamp","Verification_Date":null},"id":"stl-city-public-streetlights:2:152009","sourceLayerId":2,"sourceObjectId":152009,"sourceURL":"https://maps8.stlouis-mo.gov/arcgis/rest/services/STREETS/Streets_Permitting/MapServer/2","title":"Street light L044863"},"type":"Feature"},{"geometry":{"coordinates":[-90.23217307336556,38.710548896509636],"type":"Point"},"id":"stl-city-public-streetlights:2:152010","properties":{"address":null,"attributes":{"Date_Installed":"6/25/2018","LED_Powered":1,"LightID":"L044864","Light_Source":"LED","Light_Type":"Cobra","Lighting_Type":"LED-Powered Lamp","Verification_Date":null},"id":"stl-city-public-streetlights:2:152010","sourceLayerId":2,"sourceObjectId":152010,"sourceURL":"https://maps8.stlouis-mo.gov/arcgis/rest/services/STREETS/Streets_Permitting/MapServer/2","title":"Street light L044864"},"type":"Feature"},{"geometry":{"coordinates":[-90.23226431017835,38.710882424932365],"type":"Point"},"id":"stl-city-public-streetlights:2:152011","properties":{"address":null,"attributes":{"Date_Installed":"6/25/2018","LED_Powered":1,"LightID":"L044865","Light_Source":"LED","Light_Type":"Cobra","Lighting_Type":"LED-Powered Lamp","Verification_Date":null},"id":"stl-city-public-streetlights:2:152011","sourceLayerId":2,"sourceObjectId":152011,"sourceURL":"https://maps8.stlouis-mo.gov/arcgis/rest/services/STREETS/Streets_Permitting/MapServer/2","title":"Street light L044865"},"type":"Feature"},{"geometry":{"coordinates":[-90.23236186062346,38.71122016220536],"type":"Point"},"id":"stl-city-public-streetlights:2:152012","properties":{"address":null,"attributes":{"Date_Installed":"6/25/2018","LED_Powered":1,"LightID":"L044866","Light_Source":"LED","Light_Type":"Cobra","Lighting_Type":"LED-Powered Lamp","Verification_Date":null},"id":"stl-city-public-streetlights:2:152012","sourceLayerId":2,"sourceObjectId":152012,"sourceURL":"https://maps8.stlouis-mo.gov/arcgis/rest/services/STREETS/Streets_Permitting/MapServer/2","title":"Street light L044866"},"type":"Feature"},{"geometry":{"coordinates":[-90.23245315573683,38.71153881708329],"type":"Point"},"id":"stl-city-public-streetlights:2:152013","properties":{"address":null,"attributes":{"Date_Installed":"6/25/2018","LED_Powered":1,"LightID":"L044867","Light_Source":"LED","Light_Type":"Cobra","Lighting_Type":"LED-Powered Lamp","Verification_Date":null},"id":"stl-city-public-streetlights:2:152013","sourceLayerId":2,"sourceObjectId":152013,"sourceURL":"https://maps8.stlouis-mo.gov/arcgis/rest/services/STREETS/Streets_Permitting/MapServer/2","title":"Street light L044867"},"type":"Feature"},{"geometry":{"coordinates":[-90.23254924201527,38.71187807690122],"type":"Point"},"id":"stl-city-public-streetlights:2:152014","properties":{"address":null,"attributes":{"Date_Installed":"6/25/2018","LED_Powered":1,"LightID":"L044868","Light_Source":"LED","Light_Type":"Cobra","Lighting_Type":"LED-Powered Lamp","Verification_Date":null},"id":"stl-city-public-streetlights:2:152014","sourceLayerId":2,"sourceObjectId":152014,"sourceURL":"https://maps8.stlouis-mo.gov/arcgis/rest/services/STREETS/Streets_Permitting/MapServer/2","title":"Street light L044868"},"type":"Feature"},{"geometry":{"coordinates":[-90.23263572022951,38.71218337317883],"type":"Point"},"id":"stl-city-public-streetlights:2:152015","properties":{"address":null,"attributes":{"Date_Installed":"6/25/2018","LED_Powered":1,"LightID":"L044869","Light_Source":"LED","Light_Type":"Cobra","Lighting_Type":"LED-Powered Lamp","Verification_Date":null},"id":"stl-city-public-streetlights:2:152015","sourceLayerId":2,"sourceObjectId":152015,"sourceURL":"https://maps8.stlouis-mo.gov/arcgis/rest/services/STREETS/Streets_Permitting/MapServer/2","title":"Street light L044869"},"type":"Feature"},{"geometry":{"coordinates":[-90.23272458361556,38.71250202223505],"type":"Point"},"id":"stl-city-public-streetlights:2:152016","properties":{"address":null,"attributes":{"Date_Installed":"6/25/2018","LED_Powered":1,"LightID":"L044870","Light_Source":"LED","Light_Type":"Cobra","Lighting_Type":"LED-Powered Lamp","Verification_Date":null},"id":"stl-city-public-streetlights:2:152016","sourceLayerId":2,"sourceObjectId":152016,"sourceURL":"https://maps8.stlouis-mo.gov/arcgis/rest/services/STREETS/Streets_Permitting/MapServer/2","title":"Street light L044870"},"type":"Feature"},{"geometry":{"coordinates":[-90.23283271245337,38.7128758237223],"type":"Point"},"id":"stl-city-public-streetlights:2:152017","properties":{"address":null,"attributes":{"Date_Installed":"6/25/2018","LED_Powered":1,"LightID":"L044871","Light_Source":"LED","Light_Type":"Cobra","Lighting_Type":"LED-Powered Lamp","Verification_Date":null},"id":"stl-city-public-streetlights:2:152017","sourceLayerId":2,"sourceObjectId":152017,"sourceURL":"https://maps8.stlouis-mo.gov/arcgis/rest/services/STREETS/Streets_Permitting/MapServer/2","title":"Street light L044871"},"type":"Feature"},{"geometry":{"coordinates":[-90.23292648021896,38.713184948905976],"type":"Point"},"id":"stl-city-public-streetlights:2:152018","properties":{"address":null,"attributes":{"Date_Installed":"6/25/2018","LED_Powered":1,"LightID":"L044872","Light_Source":"LED","Light_Type":"Cobra","Lighting_Type":"LED-Powered Lamp","Verification_Date":null},"id":"stl-city-public-streetlights:2:152018","sourceLayerId":2,"sourceObjectId":152018,"sourceURL":"https://maps8.stlouis-mo.gov/arcgis/rest/services/STREETS/Streets_Permitting/MapServer/2","title":"Street light L044872"},"type":"Feature"},{"geometry":{"coordinates":[-90.23305498672975,38.713642699027595],"type":"Point"},"id":"stl-city-public-streetlights:2:152019","properties":{"address":null,"attributes":{"Date_Installed":"6/25/2018","LED_Powered":1,"LightID":"L044873","Light_Source":"LED","Light_Type":"Cobra","Lighting_Type":"LED-Powered Lamp","Verification_Date":null},"id":"stl-city-public-streetlights:2:152019","sourceLayerId":2,"sourceObjectId":152019,"sourceURL":"https://maps8.stlouis-mo.gov/arcgis/rest/services/STREETS/Streets_Permitting/MapServer/2","title":"Street light L044873"},"type":"Feature"},{"geometry":{"coordinates":[-90.23315584518433,38.71400904680438],"type":"Point"},"id":"stl-city-public-streetlights:2:152020","properties":{"address":null,"attributes":{"Date_Installed":"6/25/2018","LED_Powered":1,"LightID":"L044874","Light_Source":"LED","Light_Type":"Cobra","Lighting_Type":"LED-Powered Lamp","Verification_Date":null},"id":"stl-city-public-streetlights:2:152020","sourceLayerId":2,"sourceObjectId":152020,"sourceURL":"https://maps8.stlouis-mo.gov/arcgis/rest/services/STREETS/Streets_Permitting/MapServer/2","title":"Street light L044874"},"type":"Feature"},{"geometry":{"coordinates":[-90.23314717545107,38.71437705081057],"type":"Point"},"id":"stl-city-public-streetlights:2:152021","properties":{"address":null,"attributes":{"Date_Installed":"6/25/2018","LED_Powered":1,"LightID":"L044875","Light_Source":"LED","Light_Type":"Cobra","Lighting_Type":"LED-Powered Lamp","Verification_Date":null},"id":"stl-city-public-streetlights:2:152021","sourceLayerId":2,"sourceObjectId":152021,"sourceURL":"https://maps8.stlouis-mo.gov/arcgis/rest/services/STREETS/Streets_Permitting/MapServer/2","title":"Street light L044875"},"type":"Feature"},{"geometry":{"coordinates":[-90.23309241336705,38.714704333525596],"type":"Point"},"id":"stl-city-public-streetlights:2:152022","properties":{"address":null,"attributes":{"Date_Installed":"6/25/2018","LED_Powered":1,"LightID":"L044876","Light_Source":"LED","Light_Type":"Cobra","Lighting_Type":"LED-Powered Lamp","Verification_Date":null},"id":"stl-city-public-streetlights:2:152022","sourceLayerId":2,"sourceObjectId":152022,"sourceURL":"https://maps8.stlouis-mo.gov/arcgis/rest/services/STREETS/Streets_Permitting/MapServer/2","title":"Street light L044876"},"type":"Feature"},{"geometry":{"coordinates":[-90.23312923906222,38.71508673194916],"type":"Point"},"id":"stl-city-public-streetlights:2:152023","properties":{"address":null,"attributes":{"Date_Installed":"6/25/2018","LED_Powered":1,"LightID":"L044877","Light_Source":"LED","Light_Type":"Cobra","Lighting_Type":"LED-Powered Lamp","Verification_Date":null},"id":"stl-city-public-streetlights:2:152023","sourceLayerId":2,"sourceObjectId":152023,"sourceURL":"https://maps8.stlouis-mo.gov/arcgis/rest/services/STREETS/Streets_Permitting/MapServer/2","title":"Street light L044877"},"type":"Feature"},{"geometry":{"coordinates":[-90.23378906082763,38.712379050207666],"type":"Point"},"id":"stl-city-public-streetlights:2:152024","properties":{"address":null,"attributes":{"Date_Installed":"6/25/2018","LED_Powered":1,"LightID":"L044878","Light_Source":"LED","Light_Type":"Cobra","Lighting_Type":"LED-Powered Lamp","Verification_Date":null},"id":"stl-city-public-streetlights:2:152024","sourceLayerId":2,"sourceObjectId":152024,"sourceURL":"https://maps8.stlouis-mo.gov/arcgis/rest/services/STREETS/Streets_Permitting/MapServer/2","title":"Street light L044878"},"type":"Feature"},{"geometry":{"coordinates":[-90.23369536527991,38.71204942635794],"type":"Point"},"id":"stl-city-public-streetlights:2:152025","properties":{"address":null,"attributes":{"Date_Installed":"6/25/2018","LED_Powered":1,"LightID":"L044879","Light_Source":"LED","Light_Type":"Cobra","Lighting_Type":"LED-Powered Lamp","Verification_Date":null},"id":"stl-city-public-streetlights:2:152025","sourceLayerId":2,"sourceObjectId":152025,"sourceURL":"https://maps8.stlouis-mo.gov/arcgis/rest/services/STREETS/Streets_Permitting/MapServer/2","title":"Street light L044879"},"type":"Feature"},{"geometry":{"coordinates":[-90.23359683366243,38.71171197357873],"type":"Point"},"id":"stl-city-public-streetlights:2:152026","properties":{"address":null,"attributes":{"Date_Installed":"6/25/2018","LED_Powered":1,"LightID":"L044880","Light_Source":"LED","Light_Type":"Cobra","Lighting_Type":"LED-Powered Lamp","Verification_Date":null},"id":"stl-city-public-streetlights:2:152026","sourceLayerId":2,"sourceObjectId":152026,"sourceURL":"https://maps8.stlouis-mo.gov/arcgis/rest/services/STREETS/Streets_Permitting/MapServer/2","title":"Street light L044880"},"type":"Feature"},{"geometry":{"coordinates":[-90.23350313533533,38.71138387562055],"type":"Point"},"id":"stl-city-public-streetlights:2:152027","properties":{"address":null,"attributes":{"Date_Installed":"6/25/2018","LED_Powered":1,"LightID":"L044881","Light_Source":"LED","Light_Type":"Cobra","Lighting_Type":"LED-Powered Lamp","Verification_Date":null},"id":"stl-city-public-streetlights:2:152027","sourceLayerId":2,"sourceObjectId":152027,"sourceURL":"https://maps8.stlouis-mo.gov/arcgis/rest/services/STREETS/Streets_Permitting/MapServer/2","title":"Street light L044881"},"type":"Feature"},{"geometry":{"coordinates":[-90.23340583367761,38.71104327868054],"type":"Point"},"id":"stl-city-public-streetlights:2:152028","properties":{"address":null,"attributes":{"Date_Installed":"6/25/2018","LED_Powered":1,"LightID":"L044882","Light_Source":"LED","Light_Type":"Cobra","Lighting_Type":"LED-Powered Lamp","Verification_Date":null},"id":"stl-city-public-streetlights:2:152028","sourceLayerId":2,"sourceObjectId":152028,"sourceURL":"https://maps8.stlouis-mo.gov/arcgis/rest/services/STREETS/Streets_Permitting/MapServer/2","title":"Street light L044882"},"type":"Feature"},{"geometry":{"coordinates":[-90.23171754792698,38.71404863549742],"type":"Point"},"id":"stl-city-public-streetlights:2:152041","properties":{"address":null,"attributes":{"Date_Installed":"6/25/2018","LED_Powered":1,"LightID":"L044895","Light_Source":"LED","Light_Type":"Cobra","Lighting_Type":"LED-Powered Lamp","Verification_Date":null},"id":"stl-city-public-streetlights:2:152041","sourceLayerId":2,"sourceObjectId":152041,"sourceURL":"https://maps8.stlouis-mo.gov/arcgis/rest/services/STREETS/Streets_Permitting/MapServer/2","title":"Street light L044895"},"type":"Feature"},{"geometry":{"coordinates":[-90.23136240850954,38.71423850614575],"type":"Point"},"id":"stl-city-public-streetlights:2:152042","properties":{"address":null,"attributes":{"Date_Installed":"6/25/2018","LED_Powered":1,"LightID":"L044896","Light_Source":"LED","Light_Type":"Cobra","Lighting_Type":"LED-Powered Lamp","Verification_Date":null},"id":"stl-city-public-streetlights:2:152042","sourceLayerId":2,"sourceObjectId":152042,"sourceURL":"https://maps8.stlouis-mo.gov/arcgis/rest/services/STREETS/Streets_Permitting/MapServer/2","title":"Street light L044896"},"type":"Feature"},{"geometry":{"coordinates":[-90.23100072137896,38.71443014888511],"type":"Point"},"id":"stl-city-public-streetlights:2:152043","properties":{"address":null,"attributes":{"Date_Installed":"6/25/2018","LED_Powered":1,"LightID":"L044897","Light_Source":"LED","Light_Type":"Cobra","Lighting_Type":"LED-Powered Lamp","Verification_Date":null},"id":"stl-city-public-streetlights:2:152043","sourceLayerId":2,"sourceObjectId":152043,"sourceURL":"https://maps8.stlouis-mo.gov/arcgis/rest/services/STREETS/Streets_Permitting/MapServer/2","title":"Street light L044897"},"type":"Feature"},{"geometry":{"coordinates":[-90.23063794182006,38.714628341863566],"type":"Point"},"id":"stl-city-public-streetlights:2:152044","properties":{"address":null,"attributes":{"Date_Installed":"6/25/2018","LED_Powered":1,"LightID":"L044898","Light_Source":"LED","Light_Type":"Cobra","Lighting_Type":"LED-Powered Lamp","Verification_Date":null},"id":"stl-city-public-streetlights:2:152044","sourceLayerId":2,"sourceObjectId":152044,"sourceURL":"https://maps8.stlouis-mo.gov/arcgis/rest/services/STREETS/Streets_Permitting/MapServer/2","title":"Street light L044898"},"type":"Feature"},{"geometry":{"coordinates":[-90.23030718472553,38.714805155879894],"type":"Point"},"id":"stl-city-public-streetlights:2:152045","properties":{"address":null,"attributes":{"Date_Installed":"6/25/2018","LED_Powered":1,"LightID":"L044899","Light_Source":"LED","Light_Type":"Cobra","Lighting_Type":"LED-Powered Lamp","Verification_Date":null},"id":"stl-city-public-streetlights:2:152045","sourceLayerId":2,"sourceObjectId":152045,"sourceURL":"https://maps8.stlouis-mo.gov/arcgis/rest/services/STREETS/Streets_Permitting/MapServer/2","title":"Street light L044899"},"type":"Feature"},{"geometry":{"coordinates":[-90.23093323389509,38.71342209810601],"type":"Point"},"id":"stl-city-public-streetlights:2:152046","properties":{"address":null,"attributes":{"Date_Installed":"6/25/2018","LED_Powered":1,"LightID":"L044900","Light_Source":"LED","Light_Type":"Cobra","Lighting_Type":"LED-Powered Lamp","Verification_Date":null},"id":"stl-city-public-streetlights:2:152046","sourceLayerId":2,"sourceObjectId":152046,"sourceURL":"https://maps8.stlouis-mo.gov/arcgis/rest/services/STREETS/Streets_Permitting/MapServer/2","title":"Street light L044900"},"type":"Feature"},{"geometry":{"coordinates":[-90.23056371333124,38.71363433898241],"type":"Point"},"id":"stl-city-public-streetlights:2:152047","properties":{"address":null,"attributes":{"Date_Installed":"6/25/2018","LED_Powered":1,"LightID":"L044901","Light_Source":"LED","Light_Type":"Cobra","Lighting_Type":"LED-Powered Lamp","Verification_Date":null},"id":"stl-city-public-streetlights:2:152047","sourceLayerId":2,"sourceObjectId":152047,"sourceURL":"https://maps8.stlouis-mo.gov/arcgis/rest/services/STREETS/Streets_Permitting/MapServer/2","title":"Street light L044901"},"type":"Feature"},{"geometry":{"coordinates":[-90.23033342797324,38.7137747008513],"type":"Point"},"id":"stl-city-public-streetlights:2:152048","properties":{"address":null,"attributes":{"Date_Installed":"6/25/2018","LED_Powered":1,"LightID":"L044902","Light_Source":"LED","Light_Type":"Cobra","Lighting_Type":"LED-Powered Lamp","Verification_Date":null},"id":"stl-city-public-streetlights:2:152048","sourceLayerId":2,"sourceObjectId":152048,"sourceURL":"https://maps8.stlouis-mo.gov/arcgis/rest/services/STREETS/Streets_Permitting/MapServer/2","title":"Street light L044902"},"type":"Feature"},{"geometry":{"coordinates":[-90.23080082996444,38.714293858140245],"type":"Point"},"id":"stl-city-public-streetlights:2:152049","properties":{"address":null,"attributes":{"Date_Installed":"6/25/2018","LED_Powered":1,"LightID":"L044903","Light_Source":"LED","Light_Type":"Cobra","Lighting_Type":"LED-Powered Lamp","Verification_Date":null},"id":"stl-city-public-streetlights:2:152049","sourceLayerId":2,"sourceObjectId":152049,"sourceURL":"https://maps8.stlouis-mo.gov/arcgis/rest/services/STREETS/Streets_Permitting/MapServer/2","title":"Street light L044903"},"type":"Feature"},{"geometry":{"coordinates":[-90.23050847397009,38.71394672250354],"type":"Point"},"id":"stl-city-public-streetlights:2:152050","properties":{"address":null,"attributes":{"Date_Installed":"6/25/2018","LED_Powered":1,"LightID":"L044904","Light_Source":"LED","Light_Type":"Cobra","Lighting_Type":"LED-Powered Lamp","Verification_Date":null},"id":"stl-city-public-streetlights:2:152050","sourceLayerId":2,"sourceObjectId":152050,"sourceURL":"https://maps8.stlouis-mo.gov/arcgis/rest/services/STREETS/Streets_Permitting/MapServer/2","title":"Street light L044904"},"type":"Feature"},{"geometry":{"coordinates":[-90.23020599534993,38.71127960071292],"type":"Point"},"id":"stl-city-public-streetlights:2:152051","properties":{"address":null,"attributes":{"Date_Installed":"8/1/2016","LED_Powered":1,"LightID":"L044905","Light_Source":"LED","Light_Type":"Cobra","Lighting_Type":"LED-Powered Lamp","Verification_Date":null},"id":"stl-city-public-streetlights:2:152051","sourceLayerId":2,"sourceObjectId":152051,"sourceURL":"https://maps8.stlouis-mo.gov/arcgis/rest/services/STREETS/Streets_Permitting/MapServer/2","title":"Street light L044905"},"type":"Feature"},{"geometry":{"coordinates":[-90.23015357006385,38.710334867694726],"type":"Point"},"id":"stl-city-public-streetlights:2:152056","properties":{"address":null,"attributes":{"Date_Installed":"8/1/2016","LED_Powered":1,"LightID":"L044910","Light_Source":"LED","Light_Type":"Cobra","Lighting_Type":"LED-Powered Lamp","Verification_Date":null},"id":"stl-city-public-streetlights:2:152056","sourceLayerId":2,"sourceObjectId":152056,"sourceURL":"https://maps8.stlouis-mo.gov/arcgis/rest/services/STREETS/Streets_Permitting/MapServer/2","title":"Street light L044910"},"type":"Feature"},{"geometry":{"coordinates":[-90.23029458476587,38.71314294921143],"type":"Point"},"id":"stl-city-public-streetlights:2:158317","properties":{"address":null,"attributes":{"Date_Installed":null,"LED_Powered":0,"LightID":"L051020","Light_Source":"High Pressure Sodium","Light_Type":"Decorative","Lighting_Type":"King Luminaire (Historic Light Fixture)","Verification_Date":null},"id":"stl-city-public-streetlights:2:158317","sourceLayerId":2,"sourceObjectId":158317,"sourceURL":"https://maps8.stlouis-mo.gov/arcgis/rest/services/STREETS/Streets_Permitting/MapServer/2","title":"Street light L051020"},"type":"Feature"},{"geometry":{"coordinates":[-90.23047668316882,38.71271148292802],"type":"Point"},"id":"stl-city-public-streetlights:2:158318","properties":{"address":null,"attributes":{"Date_Installed":null,"LED_Powered":0,"LightID":"L051021","Light_Source":"High Pressure Sodium","Light_Type":"Decorative","Lighting_Type":"King Luminaire (Historic Light Fixture)","Verification_Date":null},"id":"stl-city-public-streetlights:2:158318","sourceLayerId":2,"sourceObjectId":158318,"sourceURL":"https://maps8.stlouis-mo.gov/arcgis/rest/services/STREETS/Streets_Permitting/MapServer/2","title":"Street light L051021"},"type":"Feature"},{"geometry":{"coordinates":[-90.23052554606681,38.712661540079864],"type":"Point"},"id":"stl-city-public-streetlights:2:158319","properties":{"address":null,"attributes":{"Date_Installed":null,"LED_Powered":0,"LightID":"L051022","Light_Source":"High Pressure Sodium","Light_Type":"Decorative","Lighting_Type":"King Luminaire (Historic Light Fixture)","Verification_Date":null},"id":"stl-city-public-streetlights:2:158319","sourceLayerId":2,"sourceObjectId":158319,"sourceURL":"https://maps8.stlouis-mo.gov/arcgis/rest/services/STREETS/Streets_Permitting/MapServer/2","title":"Street light L051022"},"type":"Feature"},{"geometry":{"coordinates":[-90.2305038336868,38.712610481440066],"type":"Point"},"id":"stl-city-public-streetlights:2:158320","properties":{"address":null,"attributes":{"Date_Installed":null,"LED_Powered":0,"LightID":"L051023","Light_Source":"High Pressure Sodium","Light_Type":"Decorative","Lighting_Type":"King Luminaire (Historic Light Fixture)","Verification_Date":null},"id":"stl-city-public-streetlights:2:158320","sourceLayerId":2,"sourceObjectId":158320,"sourceURL":"https://maps8.stlouis-mo.gov/arcgis/rest/services/STREETS/Streets_Permitting/MapServer/2","title":"Street light L051023"},"type":"Feature"},{"geometry":{"coordinates":[-90.23060815851767,38.71233339292828],"type":"Point"},"id":"stl-city-public-streetlights:2:158321","properties":{"address":null,"attributes":{"Date_Installed":null,"LED_Powered":0,"LightID":"L051024","Light_Source":"High Pressure Sodium","Light_Type":"Decorative","Lighting_Type":"King Luminaire (Historic Light Fixture)","Verification_Date":null},"id":"stl-city-public-streetlights:2:158321","sourceLayerId":2,"sourceObjectId":158321,"sourceURL":"https://maps8.stlouis-mo.gov/arcgis/rest/services/STREETS/Streets_Permitting/MapServer/2","title":"Street light L051024"},"type":"Feature"},{"geometry":{"coordinates":[-90.23055689107717,38.7119620086376],"type":"Point"},"id":"stl-city-public-streetlights:2:158322","properties":{"address":null,"attributes":{"Date_Installed":null,"LED_Powered":0,"LightID":"L051025","Light_Source":"High Pressure Sodium","Light_Type":"Decorative","Lighting_Type":"King Luminaire (Historic Light Fixture)","Verification_Date":null},"id":"stl-city-public-streetlights:2:158322","sourceLayerId":2,"sourceObjectId":158322,"sourceURL":"https://maps8.stlouis-mo.gov/arcgis/rest/services/STREETS/Streets_Permitting/MapServer/2","title":"Street light L051025"},"type":"Feature"},{"geometry":{"coordinates":[-90.23051900700604,38.71156727195962],"type":"Point"},"id":"stl-city-public-streetlights:2:158323","properties":{"address":null,"attributes":{"Date_Installed":null,"LED_Powered":0,"LightID":"L051026","Light_Source":"High Pressure Sodium","Light_Type":"Decorative","Lighting_Type":"King Luminaire (Historic Light Fixture)","Verification_Date":null},"id":"stl-city-public-streetlights:2:158323","sourceLayerId":2,"sourceObjectId":158323,"sourceURL":"https://maps8.stlouis-mo.gov/arcgis/rest/services/STREETS/Streets_Permitting/MapServer/2","title":"Street light L051026"},"type":"Feature"},{"geometry":{"coordinates":[-90.23052445787971,38.7108647690767],"type":"Point"},"id":"stl-city-public-streetlights:2:158324","properties":{"address":null,"attributes":{"Date_Installed":null,"LED_Powered":0,"LightID":"L051027","Light_Source":"High Pressure Sodium","Light_Type":"Decorative","Lighting_Type":"King Luminaire (Historic Light Fixture)","Verification_Date":null},"id":"stl-city-public-streetlights:2:158324","sourceLayerId":2,"sourceObjectId":158324,"sourceURL":"https://maps8.stlouis-mo.gov/arcgis/rest/services/STREETS/Streets_Permitting/MapServer/2","title":"Street light L051027"},"type":"Feature"},{"geometry":{"coordinates":[-90.23047119055094,38.71046754196397],"type":"Point"},"id":"stl-city-public-streetlights:2:158325","properties":{"address":null,"attributes":{"Date_Installed":null,"LED_Powered":0,"LightID":"L051028","Light_Source":"High Pressure Sodium","Light_Type":"Decorative","Lighting_Type":"King Luminaire (Historic Light Fixture)","Verification_Date":null},"id":"stl-city-public-streetlights:2:158325","sourceLayerId":2,"sourceObjectId":158325,"sourceURL":"https://maps8.stlouis-mo.gov/arcgis/rest/services/STREETS/Streets_Permitting/MapServer/2","title":"Street light L051028"},"type":"Feature"},{"geometry":{"coordinates":[-90.23022898546508,38.710116740928704],"type":"Point"},"id":"stl-city-public-streetlights:2:158336","properties":{"address":null,"attributes":{"Date_Installed":null,"LED_Powered":0,"LightID":"L051039","Light_Source":"High Pressure Sodium","Light_Type":"Decorative","Lighting_Type":"King Luminaire (Historic Light Fixture)","Verification_Date":null},"id":"stl-city-public-streetlights:2:158336","sourceLayerId":2,"sourceObjectId":158336,"sourceURL":"https://maps8.stlouis-mo.gov/arcgis/rest/services/STREETS/Streets_Permitting/MapServer/2","title":"Street light L051039"},"type":"Feature"},{"geometry":{"coordinates":[-90.23026723841011,38.71046104118596],"type":"Point"},"id":"stl-city-public-streetlights:2:158337","properties":{"address":null,"attributes":{"Date_Installed":null,"LED_Powered":0,"LightID":"L051040","Light_Source":"High Pressure Sodium","Light_Type":"Decorative","Lighting_Type":"King Luminaire (Historic Light Fixture)","Verification_Date":null},"id":"stl-city-public-streetlights:2:158337","sourceLayerId":2,"sourceObjectId":158337,"sourceURL":"https://maps8.stlouis-mo.gov/arcgis/rest/services/STREETS/Streets_Permitting/MapServer/2","title":"Street light L051040"},"type":"Feature"},{"geometry":{"coordinates":[-90.2303034277572,38.7116689615011],"type":"Point"},"id":"stl-city-public-streetlights:2:158338","properties":{"address":null,"attributes":{"Date_Installed":null,"LED_Powered":0,"LightID":"L051041","Light_Source":"High Pressure Sodium","Light_Type":"Decorative","Lighting_Type":"King Luminaire (Historic Light Fixture)","Verification_Date":null},"id":"stl-city-public-streetlights:2:158338","sourceLayerId":2,"sourceObjectId":158338,"sourceURL":"https://maps8.stlouis-mo.gov/arcgis/rest/services/STREETS/Streets_Permitting/MapServer/2","title":"Street light L051041"},"type":"Feature"},{"geometry":{"coordinates":[-90.23026483367418,38.71198159781318],"type":"Point"},"id":"stl-city-public-streetlights:2:158339","properties":{"address":null,"attributes":{"Date_Installed":null,"LED_Powered":0,"LightID":"L051042","Light_Source":"High Pressure Sodium","Light_Type":"Decorative","Lighting_Type":"King Luminaire (Historic Light Fixture)","Verification_Date":null},"id":"stl-city-public-streetlights:2:158339","sourceLayerId":2,"sourceObjectId":158339,"sourceURL":"https://maps8.stlouis-mo.gov/arcgis/rest/services/STREETS/Streets_Permitting/MapServer/2","title":"Street light L051042"},"type":"Feature"},{"geometry":{"coordinates":[-90.23024239609957,38.71212360727732],"type":"Point"},"id":"stl-city-public-streetlights:2:158340","properties":{"address":null,"attributes":{"Date_Installed":null,"LED_Powered":0,"LightID":"L051043","Light_Source":"High Pressure Sodium","Light_Type":"Decorative","Lighting_Type":"King Luminaire (Historic Light Fixture)","Verification_Date":null},"id":"stl-city-public-streetlights:2:158340","sourceLayerId":2,"sourceObjectId":158340,"sourceURL":"https://maps8.stlouis-mo.gov/arcgis/rest/services/STREETS/Streets_Permitting/MapServer/2","title":"Street light L051043"},"type":"Feature"},{"geometry":{"coordinates":[-90.23215407610276,38.7128930075865],"type":"Point"},"id":"stl-city-public-streetlights:2:159637","properties":{"address":null,"attributes":{"Date_Installed":"6/25/2018","LED_Powered":1,"LightID":"L052568","Light_Source":"LED","Light_Type":"Cobra","Lighting_Type":"LED-Powered Lamp (Twin Lights)","Verification_Date":null},"id":"stl-city-public-streetlights:2:159637","sourceLayerId":2,"sourceObjectId":159637,"sourceURL":"https://maps8.stlouis-mo.gov/arcgis/rest/services/STREETS/Streets_Permitting/MapServer/2","title":"Street light L052568"},"type":"Feature"}],"layerId":"city-streetlights","retrievedAt":"2026-09-13T21:56:18.173251+00:00","schema":"property-infrastructure-geojson-v1","sourceId":"stl-city-public-streetlights","tileId":"-9024_3871","type":"FeatureCollection"}