{"features":[{"geometry":{"coordinates":[-90.19978482084643,38.66029355485227],"type":"Point"},"id":"stl-city-public-streetlights:2:139217","properties":{"address":null,"attributes":{"Date_Installed":"8/22/2018","LED_Powered":1,"LightID":"L032032","Light_Source":"LED","Light_Type":"Cobra","Lighting_Type":"LED-Powered Lamp","Verification_Date":null},"id":"stl-city-public-streetlights:2:139217","sourceLayerId":2,"sourceObjectId":139217,"sourceURL":"https://maps8.stlouis-mo.gov/arcgis/rest/services/STREETS/Streets_Permitting/MapServer/2","title":"Street light L032032"},"type":"Feature"},{"geometry":{"coordinates":[-90.19995272234233,38.66059932449448],"type":"Point"},"id":"stl-city-public-streetlights:2:139218","properties":{"address":null,"attributes":{"Date_Installed":"8/22/2018","LED_Powered":1,"LightID":"L032033","Light_Source":"LED","Light_Type":"Cobra","Lighting_Type":"LED-Powered Lamp","Verification_Date":null},"id":"stl-city-public-streetlights:2:139218","sourceLayerId":2,"sourceObjectId":139218,"sourceURL":"https://maps8.stlouis-mo.gov/arcgis/rest/services/STREETS/Streets_Permitting/MapServer/2","title":"Street light L032033"},"type":"Feature"},{"geometry":{"coordinates":[-90.19987822962372,38.663465819766145],"type":"Point"},"id":"stl-city-public-streetlights:2:139232","properties":{"address":null,"attributes":{"Date_Installed":"8/22/2018","LED_Powered":1,"LightID":"L032047","Light_Source":"LED","Light_Type":"Cobra","Lighting_Type":"LED-Powered Lamp","Verification_Date":null},"id":"stl-city-public-streetlights:2:139232","sourceLayerId":2,"sourceObjectId":139232,"sourceURL":"https://maps8.stlouis-mo.gov/arcgis/rest/services/STREETS/Streets_Permitting/MapServer/2","title":"Street light L032047"},"type":"Feature"},{"geometry":{"coordinates":[-90.19972563018926,38.663170815374876],"type":"Point"},"id":"stl-city-public-streetlights:2:139233","properties":{"address":null,"attributes":{"Date_Installed":"8/22/2018","LED_Powered":1,"LightID":"L032048","Light_Source":"LED","Light_Type":"Cobra","Lighting_Type":"LED-Powered Lamp","Verification_Date":null},"id":"stl-city-public-streetlights:2:139233","sourceLayerId":2,"sourceObjectId":139233,"sourceURL":"https://maps8.stlouis-mo.gov/arcgis/rest/services/STREETS/Streets_Permitting/MapServer/2","title":"Street light L032048"},"type":"Feature"},{"geometry":{"coordinates":[-90.19956807546748,38.66289772648309],"type":"Point"},"id":"stl-city-public-streetlights:2:139234","properties":{"address":null,"attributes":{"Date_Installed":"8/22/2018","LED_Powered":1,"LightID":"L032049","Light_Source":"LED","Light_Type":"Cobra","Lighting_Type":"LED-Powered Lamp","Verification_Date":null},"id":"stl-city-public-streetlights:2:139234","sourceLayerId":2,"sourceObjectId":139234,"sourceURL":"https://maps8.stlouis-mo.gov/arcgis/rest/services/STREETS/Streets_Permitting/MapServer/2","title":"Street light L032049"},"type":"Feature"},{"geometry":{"coordinates":[-90.19942024459688,38.6626260938617],"type":"Point"},"id":"stl-city-public-streetlights:2:139235","properties":{"address":null,"attributes":{"Date_Installed":"8/22/2018","LED_Powered":1,"LightID":"L032050","Light_Source":"LED","Light_Type":"Cobra","Lighting_Type":"LED-Powered Lamp","Verification_Date":null},"id":"stl-city-public-streetlights:2:139235","sourceLayerId":2,"sourceObjectId":139235,"sourceURL":"https://maps8.stlouis-mo.gov/arcgis/rest/services/STREETS/Streets_Permitting/MapServer/2","title":"Street light L032050"},"type":"Feature"},{"geometry":{"coordinates":[-90.19923080824935,38.66227140508794],"type":"Point"},"id":"stl-city-public-streetlights:2:139236","properties":{"address":null,"attributes":{"Date_Installed":"8/22/2018","LED_Powered":1,"LightID":"L032051","Light_Source":"LED","Light_Type":"Cobra","Lighting_Type":"LED-Powered Lamp","Verification_Date":null},"id":"stl-city-public-streetlights:2:139236","sourceLayerId":2,"sourceObjectId":139236,"sourceURL":"https://maps8.stlouis-mo.gov/arcgis/rest/services/STREETS/Streets_Permitting/MapServer/2","title":"Street light L032051"},"type":"Feature"},{"geometry":{"coordinates":[-90.1990708819395,38.66198496187981],"type":"Point"},"id":"stl-city-public-streetlights:2:139237","properties":{"address":null,"attributes":{"Date_Installed":"8/22/2018","LED_Powered":1,"LightID":"L032052","Light_Source":"LED","Light_Type":"Cobra","Lighting_Type":"LED-Powered Lamp","Verification_Date":null},"id":"stl-city-public-streetlights:2:139237","sourceLayerId":2,"sourceObjectId":139237,"sourceURL":"https://maps8.stlouis-mo.gov/arcgis/rest/services/STREETS/Streets_Permitting/MapServer/2","title":"Street light L032052"},"type":"Feature"},{"geometry":{"coordinates":[-90.19890795658426,38.66168897665483],"type":"Point"},"id":"stl-city-public-streetlights:2:139238","properties":{"address":null,"attributes":{"Date_Installed":"8/22/2018","LED_Powered":1,"LightID":"L032053","Light_Source":"LED","Light_Type":"Cobra","Lighting_Type":"LED-Powered Lamp","Verification_Date":null},"id":"stl-city-public-streetlights:2:139238","sourceLayerId":2,"sourceObjectId":139238,"sourceURL":"https://maps8.stlouis-mo.gov/arcgis/rest/services/STREETS/Streets_Permitting/MapServer/2","title":"Street light L032053"},"type":"Feature"},{"geometry":{"coordinates":[-90.19870987441315,38.66132687837602],"type":"Point"},"id":"stl-city-public-streetlights:2:139239","properties":{"address":null,"attributes":{"Date_Installed":"8/22/2018","LED_Powered":1,"LightID":"L032054","Light_Source":"LED","Light_Type":"Cobra","Lighting_Type":"LED-Powered Lamp","Verification_Date":null},"id":"stl-city-public-streetlights:2:139239","sourceLayerId":2,"sourceObjectId":139239,"sourceURL":"https://maps8.stlouis-mo.gov/arcgis/rest/services/STREETS/Streets_Permitting/MapServer/2","title":"Street light L032054"},"type":"Feature"},{"geometry":{"coordinates":[-90.198542738158,38.66102087113156],"type":"Point"},"id":"stl-city-public-streetlights:2:139240","properties":{"address":null,"attributes":{"Date_Installed":"8/22/2018","LED_Powered":1,"LightID":"L032055","Light_Source":"LED","Light_Type":"Cobra","Lighting_Type":"LED-Powered Lamp","Verification_Date":null},"id":"stl-city-public-streetlights:2:139240","sourceLayerId":2,"sourceObjectId":139240,"sourceURL":"https://maps8.stlouis-mo.gov/arcgis/rest/services/STREETS/Streets_Permitting/MapServer/2","title":"Street light L032055"},"type":"Feature"},{"geometry":{"coordinates":[-90.19838287617921,38.66072012554311],"type":"Point"},"id":"stl-city-public-streetlights:2:139241","properties":{"address":null,"attributes":{"Date_Installed":"8/22/2018","LED_Powered":1,"LightID":"L032056","Light_Source":"LED","Light_Type":"Cobra","Lighting_Type":"LED-Powered Lamp","Verification_Date":null},"id":"stl-city-public-streetlights:2:139241","sourceLayerId":2,"sourceObjectId":139241,"sourceURL":"https://maps8.stlouis-mo.gov/arcgis/rest/services/STREETS/Streets_Permitting/MapServer/2","title":"Street light L032056"},"type":"Feature"},{"geometry":{"coordinates":[-90.19822230957365,38.660406625874366],"type":"Point"},"id":"stl-city-public-streetlights:2:139242","properties":{"address":null,"attributes":{"Date_Installed":"8/22/2018","LED_Powered":1,"LightID":"L032057","Light_Source":"LED","Light_Type":"Cobra","Lighting_Type":"LED-Powered Lamp","Verification_Date":null},"id":"stl-city-public-streetlights:2:139242","sourceLayerId":2,"sourceObjectId":139242,"sourceURL":"https://maps8.stlouis-mo.gov/arcgis/rest/services/STREETS/Streets_Permitting/MapServer/2","title":"Street light L032057"},"type":"Feature"},{"geometry":{"coordinates":[-90.19806640533308,38.66008365168307],"type":"Point"},"id":"stl-city-public-streetlights:2:139243","properties":{"address":null,"attributes":{"Date_Installed":"8/22/2018","LED_Powered":1,"LightID":"L032058","Light_Source":"LED","Light_Type":"Cobra","Lighting_Type":"LED-Powered Lamp","Verification_Date":null},"id":"stl-city-public-streetlights:2:139243","sourceLayerId":2,"sourceObjectId":139243,"sourceURL":"https://maps8.stlouis-mo.gov/arcgis/rest/services/STREETS/Streets_Permitting/MapServer/2","title":"Street light L032058"},"type":"Feature"},{"geometry":{"coordinates":[-90.19937193669116,38.664628381579476],"type":"Point"},"id":"stl-city-public-streetlights:2:139625","properties":{"address":null,"attributes":{"Date_Installed":"8/22/2018","LED_Powered":1,"LightID":"L032482","Light_Source":"LED","Light_Type":"Cobra","Lighting_Type":"LED-Powered Lamp","Verification_Date":null},"id":"stl-city-public-streetlights:2:139625","sourceLayerId":2,"sourceObjectId":139625,"sourceURL":"https://maps8.stlouis-mo.gov/arcgis/rest/services/STREETS/Streets_Permitting/MapServer/2","title":"Street light L032482"},"type":"Feature"},{"geometry":{"coordinates":[-90.19919747256895,38.66432712407574],"type":"Point"},"id":"stl-city-public-streetlights:2:139626","properties":{"address":null,"attributes":{"Date_Installed":"8/22/2018","LED_Powered":1,"LightID":"L032483","Light_Source":"LED","Light_Type":"Cobra","Lighting_Type":"LED-Powered Lamp","Verification_Date":null},"id":"stl-city-public-streetlights:2:139626","sourceLayerId":2,"sourceObjectId":139626,"sourceURL":"https://maps8.stlouis-mo.gov/arcgis/rest/services/STREETS/Streets_Permitting/MapServer/2","title":"Street light L032483"},"type":"Feature"},{"geometry":{"coordinates":[-90.19900728337724,38.66400627934011],"type":"Point"},"id":"stl-city-public-streetlights:2:139627","properties":{"address":null,"attributes":{"Date_Installed":"8/22/2018","LED_Powered":1,"LightID":"L032484","Light_Source":"LED","Light_Type":"Cobra","Lighting_Type":"LED-Powered Lamp","Verification_Date":null},"id":"stl-city-public-streetlights:2:139627","sourceLayerId":2,"sourceObjectId":139627,"sourceURL":"https://maps8.stlouis-mo.gov/arcgis/rest/services/STREETS/Streets_Permitting/MapServer/2","title":"Street light L032484"},"type":"Feature"},{"geometry":{"coordinates":[-90.19869687924643,38.66342380143837],"type":"Point"},"id":"stl-city-public-streetlights:2:139628","properties":{"address":null,"attributes":{"Date_Installed":"8/22/2018","LED_Powered":1,"LightID":"L032485","Light_Source":"LED","Light_Type":"Cobra","Lighting_Type":"LED-Powered Lamp","Verification_Date":null},"id":"stl-city-public-streetlights:2:139628","sourceLayerId":2,"sourceObjectId":139628,"sourceURL":"https://maps8.stlouis-mo.gov/arcgis/rest/services/STREETS/Streets_Permitting/MapServer/2","title":"Street light L032485"},"type":"Feature"},{"geometry":{"coordinates":[-90.19854440459896,38.66314598021045],"type":"Point"},"id":"stl-city-public-streetlights:2:139629","properties":{"address":null,"attributes":{"Date_Installed":"8/22/2018","LED_Powered":1,"LightID":"L032486","Light_Source":"LED","Light_Type":"Cobra","Lighting_Type":"LED-Powered Lamp","Verification_Date":null},"id":"stl-city-public-streetlights:2:139629","sourceLayerId":2,"sourceObjectId":139629,"sourceURL":"https://maps8.stlouis-mo.gov/arcgis/rest/services/STREETS/Streets_Permitting/MapServer/2","title":"Street light L032486"},"type":"Feature"},{"geometry":{"coordinates":[-90.19839075934244,38.66286235315457],"type":"Point"},"id":"stl-city-public-streetlights:2:139630","properties":{"address":null,"attributes":{"Date_Installed":"8/22/2018","LED_Powered":1,"LightID":"L032487","Light_Source":"LED","Light_Type":"Cobra","Lighting_Type":"LED-Powered Lamp","Verification_Date":null},"id":"stl-city-public-streetlights:2:139630","sourceLayerId":2,"sourceObjectId":139630,"sourceURL":"https://maps8.stlouis-mo.gov/arcgis/rest/services/STREETS/Streets_Permitting/MapServer/2","title":"Street light L032487"},"type":"Feature"},{"geometry":{"coordinates":[-90.19823312013389,38.66257133823487],"type":"Point"},"id":"stl-city-public-streetlights:2:139631","properties":{"address":null,"attributes":{"Date_Installed":"8/22/2018","LED_Powered":1,"LightID":"L032488","Light_Source":"LED","Light_Type":"Cobra","Lighting_Type":"LED-Powered Lamp","Verification_Date":null},"id":"stl-city-public-streetlights:2:139631","sourceLayerId":2,"sourceObjectId":139631,"sourceURL":"https://maps8.stlouis-mo.gov/arcgis/rest/services/STREETS/Streets_Permitting/MapServer/2","title":"Street light L032488"},"type":"Feature"},{"geometry":{"coordinates":[-90.19807722225778,38.66228541398111],"type":"Point"},"id":"stl-city-public-streetlights:2:139632","properties":{"address":null,"attributes":{"Date_Installed":"8/22/2018","LED_Powered":1,"LightID":"L032489","Light_Source":"LED","Light_Type":"Cobra","Lighting_Type":"LED-Powered Lamp","Verification_Date":null},"id":"stl-city-public-streetlights:2:139632","sourceLayerId":2,"sourceObjectId":139632,"sourceURL":"https://maps8.stlouis-mo.gov/arcgis/rest/services/STREETS/Streets_Permitting/MapServer/2","title":"Street light L032489"},"type":"Feature"},{"geometry":{"coordinates":[-90.19791267811588,38.66198938267187],"type":"Point"},"id":"stl-city-public-streetlights:2:139633","properties":{"address":null,"attributes":{"Date_Installed":"8/22/2018","LED_Powered":1,"LightID":"L032490","Light_Source":"LED","Light_Type":"Cobra","Lighting_Type":"LED-Powered Lamp","Verification_Date":null},"id":"stl-city-public-streetlights:2:139633","sourceLayerId":2,"sourceObjectId":139633,"sourceURL":"https://maps8.stlouis-mo.gov/arcgis/rest/services/STREETS/Streets_Permitting/MapServer/2","title":"Street light L032490"},"type":"Feature"},{"geometry":{"coordinates":[-90.19771615673106,38.661608498808384],"type":"Point"},"id":"stl-city-public-streetlights:2:139634","properties":{"address":null,"attributes":{"Date_Installed":"8/22/2018","LED_Powered":1,"LightID":"L032491","Light_Source":"LED","Light_Type":"Cobra","Lighting_Type":"LED-Powered Lamp","Verification_Date":null},"id":"stl-city-public-streetlights:2:139634","sourceLayerId":2,"sourceObjectId":139634,"sourceURL":"https://maps8.stlouis-mo.gov/arcgis/rest/services/STREETS/Streets_Permitting/MapServer/2","title":"Street light L032491"},"type":"Feature"},{"geometry":{"coordinates":[-90.1975697004859,38.66131883613996],"type":"Point"},"id":"stl-city-public-streetlights:2:139635","properties":{"address":null,"attributes":{"Date_Installed":"8/22/2018","LED_Powered":1,"LightID":"L032492","Light_Source":"LED","Light_Type":"Cobra","Lighting_Type":"LED-Powered Lamp","Verification_Date":null},"id":"stl-city-public-streetlights:2:139635","sourceLayerId":2,"sourceObjectId":139635,"sourceURL":"https://maps8.stlouis-mo.gov/arcgis/rest/services/STREETS/Streets_Permitting/MapServer/2","title":"Street light L032492"},"type":"Feature"},{"geometry":{"coordinates":[-90.19737482683387,38.66095927266885],"type":"Point"},"id":"stl-city-public-streetlights:2:139636","properties":{"address":null,"attributes":{"Date_Installed":"8/22/2018","LED_Powered":1,"LightID":"L032493","Light_Source":"LED","Light_Type":"Cobra","Lighting_Type":"LED-Powered Lamp","Verification_Date":null},"id":"stl-city-public-streetlights:2:139636","sourceLayerId":2,"sourceObjectId":139636,"sourceURL":"https://maps8.stlouis-mo.gov/arcgis/rest/services/STREETS/Streets_Permitting/MapServer/2","title":"Street light L032493"},"type":"Feature"},{"geometry":{"coordinates":[-90.19725657393647,38.66070511345513],"type":"Point"},"id":"stl-city-public-streetlights:2:139637","properties":{"address":null,"attributes":{"Date_Installed":"8/22/2018","LED_Powered":1,"LightID":"L032494","Light_Source":"LED","Light_Type":"Cobra","Lighting_Type":"LED-Powered Lamp","Verification_Date":null},"id":"stl-city-public-streetlights:2:139637","sourceLayerId":2,"sourceObjectId":139637,"sourceURL":"https://maps8.stlouis-mo.gov/arcgis/rest/services/STREETS/Streets_Permitting/MapServer/2","title":"Street light L032494"},"type":"Feature"},{"geometry":{"coordinates":[-90.19710084288887,38.6603997300326],"type":"Point"},"id":"stl-city-public-streetlights:2:139638","properties":{"address":null,"attributes":{"Date_Installed":"8/22/2018","LED_Powered":1,"LightID":"L032495","Light_Source":"LED","Light_Type":"Cobra","Lighting_Type":"LED-Powered Lamp","Verification_Date":null},"id":"stl-city-public-streetlights:2:139638","sourceLayerId":2,"sourceObjectId":139638,"sourceURL":"https://maps8.stlouis-mo.gov/arcgis/rest/services/STREETS/Streets_Permitting/MapServer/2","title":"Street light L032495"},"type":"Feature"},{"geometry":{"coordinates":[-90.19693265029586,38.66007578019054],"type":"Point"},"id":"stl-city-public-streetlights:2:139639","properties":{"address":null,"attributes":{"Date_Installed":"8/22/2018","LED_Powered":1,"LightID":"L032496","Light_Source":"LED","Light_Type":"Cobra","Lighting_Type":"LED-Powered Lamp","Verification_Date":null},"id":"stl-city-public-streetlights:2:139639","sourceLayerId":2,"sourceObjectId":139639,"sourceURL":"https://maps8.stlouis-mo.gov/arcgis/rest/services/STREETS/Streets_Permitting/MapServer/2","title":"Street light L032496"},"type":"Feature"},{"geometry":{"coordinates":[-90.19937928782858,38.66666407770396],"type":"Point"},"id":"stl-city-public-streetlights:2:139675","properties":{"address":null,"attributes":{"Date_Installed":null,"LED_Powered":0,"LightID":"L032532","Light_Source":"LED","Light_Type":"Cobra","Lighting_Type":"LED-Powered Lamp","Verification_Date":null},"id":"stl-city-public-streetlights:2:139675","sourceLayerId":2,"sourceObjectId":139675,"sourceURL":"https://maps8.stlouis-mo.gov/arcgis/rest/services/STREETS/Streets_Permitting/MapServer/2","title":"Street light L032532"},"type":"Feature"},{"geometry":{"coordinates":[-90.19913569910979,38.666388146563676],"type":"Point"},"id":"stl-city-public-streetlights:2:139676","properties":{"address":null,"attributes":{"Date_Installed":null,"LED_Powered":0,"LightID":"L032533","Light_Source":"LED","Light_Type":"Cobra","Lighting_Type":"LED-Powered Lamp","Verification_Date":null},"id":"stl-city-public-streetlights:2:139676","sourceLayerId":2,"sourceObjectId":139676,"sourceURL":"https://maps8.stlouis-mo.gov/arcgis/rest/services/STREETS/Streets_Permitting/MapServer/2","title":"Street light L032533"},"type":"Feature"},{"geometry":{"coordinates":[-90.19892015806481,38.66613052100391],"type":"Point"},"id":"stl-city-public-streetlights:2:139677","properties":{"address":null,"attributes":{"Date_Installed":null,"LED_Powered":0,"LightID":"L032534","Light_Source":"LED","Light_Type":"Cobra","Lighting_Type":"LED-Powered Lamp","Verification_Date":null},"id":"stl-city-public-streetlights:2:139677","sourceLayerId":2,"sourceObjectId":139677,"sourceURL":"https://maps8.stlouis-mo.gov/arcgis/rest/services/STREETS/Streets_Permitting/MapServer/2","title":"Street light L032534"},"type":"Feature"},{"geometry":{"coordinates":[-90.19871912135814,38.66585827410795],"type":"Point"},"id":"stl-city-public-streetlights:2:139678","properties":{"address":null,"attributes":{"Date_Installed":null,"LED_Powered":0,"LightID":"L032535","Light_Source":"LED","Light_Type":"Cobra","Lighting_Type":"LED-Powered Lamp","Verification_Date":null},"id":"stl-city-public-streetlights:2:139678","sourceLayerId":2,"sourceObjectId":139678,"sourceURL":"https://maps8.stlouis-mo.gov/arcgis/rest/services/STREETS/Streets_Permitting/MapServer/2","title":"Street light L032535"},"type":"Feature"},{"geometry":{"coordinates":[-90.19855775080258,38.66555204322285],"type":"Point"},"id":"stl-city-public-streetlights:2:139679","properties":{"address":null,"attributes":{"Date_Installed":null,"LED_Powered":0,"LightID":"L032536","Light_Source":"LED","Light_Type":"Cobra","Lighting_Type":"LED-Powered Lamp","Verification_Date":null},"id":"stl-city-public-streetlights:2:139679","sourceLayerId":2,"sourceObjectId":139679,"sourceURL":"https://maps8.stlouis-mo.gov/arcgis/rest/services/STREETS/Streets_Permitting/MapServer/2","title":"Street light L032536"},"type":"Feature"},{"geometry":{"coordinates":[-90.19840395957871,38.66525131352611],"type":"Point"},"id":"stl-city-public-streetlights:2:139680","properties":{"address":null,"attributes":{"Date_Installed":null,"LED_Powered":0,"LightID":"L032537","Light_Source":"LED","Light_Type":"Cobra","Lighting_Type":"LED-Powered Lamp","Verification_Date":null},"id":"stl-city-public-streetlights:2:139680","sourceLayerId":2,"sourceObjectId":139680,"sourceURL":"https://maps8.stlouis-mo.gov/arcgis/rest/services/STREETS/Streets_Permitting/MapServer/2","title":"Street light L032537"},"type":"Feature"},{"geometry":{"coordinates":[-90.19823808932685,38.66493148433037],"type":"Point"},"id":"stl-city-public-streetlights:2:139681","properties":{"address":null,"attributes":{"Date_Installed":null,"LED_Powered":0,"LightID":"L032538","Light_Source":"LED","Light_Type":"Cobra","Lighting_Type":"LED-Powered Lamp","Verification_Date":null},"id":"stl-city-public-streetlights:2:139681","sourceLayerId":2,"sourceObjectId":139681,"sourceURL":"https://maps8.stlouis-mo.gov/arcgis/rest/services/STREETS/Streets_Permitting/MapServer/2","title":"Street light L032538"},"type":"Feature"},{"geometry":{"coordinates":[-90.1980843708146,38.66461406908972],"type":"Point"},"id":"stl-city-public-streetlights:2:139682","properties":{"address":null,"attributes":{"Date_Installed":null,"LED_Powered":0,"LightID":"L032539","Light_Source":"LED","Light_Type":"Cobra","Lighting_Type":"LED-Powered Lamp","Verification_Date":null},"id":"stl-city-public-streetlights:2:139682","sourceLayerId":2,"sourceObjectId":139682,"sourceURL":"https://maps8.stlouis-mo.gov/arcgis/rest/services/STREETS/Streets_Permitting/MapServer/2","title":"Street light L032539"},"type":"Feature"},{"geometry":{"coordinates":[-90.19792307196587,38.66429234404319],"type":"Point"},"id":"stl-city-public-streetlights:2:139683","properties":{"address":null,"attributes":{"Date_Installed":null,"LED_Powered":0,"LightID":"L032540","Light_Source":"LED","Light_Type":"Cobra","Lighting_Type":"LED-Powered Lamp","Verification_Date":null},"id":"stl-city-public-streetlights:2:139683","sourceLayerId":2,"sourceObjectId":139683,"sourceURL":"https://maps8.stlouis-mo.gov/arcgis/rest/services/STREETS/Streets_Permitting/MapServer/2","title":"Street light L032540"},"type":"Feature"},{"geometry":{"coordinates":[-90.1977620658731,38.66397347982393],"type":"Point"},"id":"stl-city-public-streetlights:2:139684","properties":{"address":null,"attributes":{"Date_Installed":null,"LED_Powered":0,"LightID":"L032541","Light_Source":"LED","Light_Type":"Cobra","Lighting_Type":"LED-Powered Lamp","Verification_Date":null},"id":"stl-city-public-streetlights:2:139684","sourceLayerId":2,"sourceObjectId":139684,"sourceURL":"https://maps8.stlouis-mo.gov/arcgis/rest/services/STREETS/Streets_Permitting/MapServer/2","title":"Street light L032541"},"type":"Feature"},{"geometry":{"coordinates":[-90.19754776346639,38.663561941395145],"type":"Point"},"id":"stl-city-public-streetlights:2:139685","properties":{"address":null,"attributes":{"Date_Installed":null,"LED_Powered":0,"LightID":"L032542","Light_Source":"LED","Light_Type":"Cobra","Lighting_Type":"LED-Powered Lamp","Verification_Date":null},"id":"stl-city-public-streetlights:2:139685","sourceLayerId":2,"sourceObjectId":139685,"sourceURL":"https://maps8.stlouis-mo.gov/arcgis/rest/services/STREETS/Streets_Permitting/MapServer/2","title":"Street light L032542"},"type":"Feature"},{"geometry":{"coordinates":[-90.19725593933227,38.6629679250099],"type":"Point"},"id":"stl-city-public-streetlights:2:139686","properties":{"address":null,"attributes":{"Date_Installed":null,"LED_Powered":0,"LightID":"L032543","Light_Source":"LED","Light_Type":"Cobra","Lighting_Type":"LED-Powered Lamp","Verification_Date":null},"id":"stl-city-public-streetlights:2:139686","sourceLayerId":2,"sourceObjectId":139686,"sourceURL":"https://maps8.stlouis-mo.gov/arcgis/rest/services/STREETS/Streets_Permitting/MapServer/2","title":"Street light L032543"},"type":"Feature"},{"geometry":{"coordinates":[-90.19699552090273,38.66240675528563],"type":"Point"},"id":"stl-city-public-streetlights:2:139687","properties":{"address":null,"attributes":{"Date_Installed":null,"LED_Powered":0,"LightID":"L032544","Light_Source":"LED","Light_Type":"Cobra","Lighting_Type":"LED-Powered Lamp","Verification_Date":null},"id":"stl-city-public-streetlights:2:139687","sourceLayerId":2,"sourceObjectId":139687,"sourceURL":"https://maps8.stlouis-mo.gov/arcgis/rest/services/STREETS/Streets_Permitting/MapServer/2","title":"Street light L032544"},"type":"Feature"},{"geometry":{"coordinates":[-90.19669631894482,38.661843260992484],"type":"Point"},"id":"stl-city-public-streetlights:2:139688","properties":{"address":null,"attributes":{"Date_Installed":null,"LED_Powered":0,"LightID":"L032545","Light_Source":"High Pressure Sodium","Light_Type":"Cobra","Lighting_Type":"400-W High Pressure Sodium Vapor Lamp","Verification_Date":null},"id":"stl-city-public-streetlights:2:139688","sourceLayerId":2,"sourceObjectId":139688,"sourceURL":"https://maps8.stlouis-mo.gov/arcgis/rest/services/STREETS/Streets_Permitting/MapServer/2","title":"Street light L032545"},"type":"Feature"},{"geometry":{"coordinates":[-90.19637933501714,38.66120115534723],"type":"Point"},"id":"stl-city-public-streetlights:2:139689","properties":{"address":null,"attributes":{"Date_Installed":null,"LED_Powered":0,"LightID":"L032546","Light_Source":"LED","Light_Type":"Cobra","Lighting_Type":"LED-Powered Lamp","Verification_Date":null},"id":"stl-city-public-streetlights:2:139689","sourceLayerId":2,"sourceObjectId":139689,"sourceURL":"https://maps8.stlouis-mo.gov/arcgis/rest/services/STREETS/Streets_Permitting/MapServer/2","title":"Street light L032546"},"type":"Feature"},{"geometry":{"coordinates":[-90.19620470700427,38.660799733300934],"type":"Point"},"id":"stl-city-public-streetlights:2:139690","properties":{"address":null,"attributes":{"Date_Installed":null,"LED_Powered":0,"LightID":"L032547","Light_Source":"LED","Light_Type":"Cobra","Lighting_Type":"LED-Powered Lamp","Verification_Date":null},"id":"stl-city-public-streetlights:2:139690","sourceLayerId":2,"sourceObjectId":139690,"sourceURL":"https://maps8.stlouis-mo.gov/arcgis/rest/services/STREETS/Streets_Permitting/MapServer/2","title":"Street light L032547"},"type":"Feature"},{"geometry":{"coordinates":[-90.19596646058275,38.66037492982103],"type":"Point"},"id":"stl-city-public-streetlights:2:139691","properties":{"address":null,"attributes":{"Date_Installed":null,"LED_Powered":0,"LightID":"L032548","Light_Source":"LED","Light_Type":"Cobra","Lighting_Type":"LED-Powered Lamp","Verification_Date":null},"id":"stl-city-public-streetlights:2:139691","sourceLayerId":2,"sourceObjectId":139691,"sourceURL":"https://maps8.stlouis-mo.gov/arcgis/rest/services/STREETS/Streets_Permitting/MapServer/2","title":"Street light L032548"},"type":"Feature"},{"geometry":{"coordinates":[-90.19581992773851,38.660088516911394],"type":"Point"},"id":"stl-city-public-streetlights:2:139692","properties":{"address":null,"attributes":{"Date_Installed":null,"LED_Powered":0,"LightID":"L032549","Light_Source":"LED","Light_Type":"Cobra","Lighting_Type":"LED-Powered Lamp","Verification_Date":null},"id":"stl-city-public-streetlights:2:139692","sourceLayerId":2,"sourceObjectId":139692,"sourceURL":"https://maps8.stlouis-mo.gov/arcgis/rest/services/STREETS/Streets_Permitting/MapServer/2","title":"Street light L032549"},"type":"Feature"},{"geometry":{"coordinates":[-90.19995754304291,38.669828902399],"type":"Point"},"id":"stl-city-public-streetlights:2:141300","properties":{"address":null,"attributes":{"Date_Installed":null,"LED_Powered":0,"LightID":"L034157","Light_Source":"LED","Light_Type":"Cobra","Lighting_Type":"LED-Powered Lamp","Verification_Date":null},"id":"stl-city-public-streetlights:2:141300","sourceLayerId":2,"sourceObjectId":141300,"sourceURL":"https://maps8.stlouis-mo.gov/arcgis/rest/services/STREETS/Streets_Permitting/MapServer/2","title":"Street light L034157"},"type":"Feature"},{"geometry":{"coordinates":[-90.19931456090332,38.66991432796451],"type":"Point"},"id":"stl-city-public-streetlights:2:141325","properties":{"address":null,"attributes":{"Date_Installed":null,"LED_Powered":0,"LightID":"L034182","Light_Source":"LED","Light_Type":"Cobra","Lighting_Type":"LED-Powered Lamp","Verification_Date":null},"id":"stl-city-public-streetlights:2:141325","sourceLayerId":2,"sourceObjectId":141325,"sourceURL":"https://maps8.stlouis-mo.gov/arcgis/rest/services/STREETS/Streets_Permitting/MapServer/2","title":"Street light L034182"},"type":"Feature"},{"geometry":{"coordinates":[-90.19907058569541,38.66965570091005],"type":"Point"},"id":"stl-city-public-streetlights:2:141326","properties":{"address":null,"attributes":{"Date_Installed":null,"LED_Powered":0,"LightID":"L034183","Light_Source":"LED","Light_Type":"Cobra","Lighting_Type":"LED-Powered Lamp","Verification_Date":null},"id":"stl-city-public-streetlights:2:141326","sourceLayerId":2,"sourceObjectId":141326,"sourceURL":"https://maps8.stlouis-mo.gov/arcgis/rest/services/STREETS/Streets_Permitting/MapServer/2","title":"Street light L034183"},"type":"Feature"},{"geometry":{"coordinates":[-90.1987921340875,38.66935312593015],"type":"Point"},"id":"stl-city-public-streetlights:2:141327","properties":{"address":null,"attributes":{"Date_Installed":null,"LED_Powered":0,"LightID":"L034184","Light_Source":"LED","Light_Type":"Cobra","Lighting_Type":"LED-Powered Lamp","Verification_Date":null},"id":"stl-city-public-streetlights:2:141327","sourceLayerId":2,"sourceObjectId":141327,"sourceURL":"https://maps8.stlouis-mo.gov/arcgis/rest/services/STREETS/Streets_Permitting/MapServer/2","title":"Street light L034184"},"type":"Feature"},{"geometry":{"coordinates":[-90.1997688216522,38.6610681642673],"type":"Point"},"id":"stl-city-public-streetlights:2:149470","properties":{"address":null,"attributes":{"Date_Installed":null,"LED_Powered":0,"LightID":"L042326","Light_Source":"High Pressure Sodium","Light_Type":"Decorative","Lighting_Type":"King Luminaire (Historic Light Fixture)","Verification_Date":null},"id":"stl-city-public-streetlights:2:149470","sourceLayerId":2,"sourceObjectId":149470,"sourceURL":"https://maps8.stlouis-mo.gov/arcgis/rest/services/STREETS/Streets_Permitting/MapServer/2","title":"Street light L042326"},"type":"Feature"},{"geometry":{"coordinates":[-90.19949847167648,38.66116209813276],"type":"Point"},"id":"stl-city-public-streetlights:2:149471","properties":{"address":null,"attributes":{"Date_Installed":null,"LED_Powered":0,"LightID":"L042327","Light_Source":"High Pressure Sodium","Light_Type":"Decorative","Lighting_Type":"King Luminaire (Historic Light Fixture)","Verification_Date":null},"id":"stl-city-public-streetlights:2:149471","sourceLayerId":2,"sourceObjectId":149471,"sourceURL":"https://maps8.stlouis-mo.gov/arcgis/rest/services/STREETS/Streets_Permitting/MapServer/2","title":"Street light L042327"},"type":"Feature"},{"geometry":{"coordinates":[-90.19916209033042,38.66127087932141],"type":"Point"},"id":"stl-city-public-streetlights:2:149472","properties":{"address":null,"attributes":{"Date_Installed":null,"LED_Powered":0,"LightID":"L042328","Light_Source":"High Pressure Sodium","Light_Type":"Decorative","Lighting_Type":"King Luminaire (Historic Light Fixture)","Verification_Date":null},"id":"stl-city-public-streetlights:2:149472","sourceLayerId":2,"sourceObjectId":149472,"sourceURL":"https://maps8.stlouis-mo.gov/arcgis/rest/services/STREETS/Streets_Permitting/MapServer/2","title":"Street light L042328"},"type":"Feature"},{"geometry":{"coordinates":[-90.19896574348674,38.66133353974072],"type":"Point"},"id":"stl-city-public-streetlights:2:149473","properties":{"address":null,"attributes":{"Date_Installed":null,"LED_Powered":0,"LightID":"L042329","Light_Source":"High Pressure Sodium","Light_Type":"Decorative","Lighting_Type":"King Luminaire (Historic Light Fixture)","Verification_Date":null},"id":"stl-city-public-streetlights:2:149473","sourceLayerId":2,"sourceObjectId":149473,"sourceURL":"https://maps8.stlouis-mo.gov/arcgis/rest/services/STREETS/Streets_Permitting/MapServer/2","title":"Street light L042329"},"type":"Feature"},{"geometry":{"coordinates":[-90.19811219853763,38.661616180038834],"type":"Point"},"id":"stl-city-public-streetlights:2:149474","properties":{"address":null,"attributes":{"Date_Installed":null,"LED_Powered":0,"LightID":"L042330","Light_Source":"High Pressure Sodium","Light_Type":"Decorative","Lighting_Type":"King Luminaire (Historic Light Fixture)","Verification_Date":null},"id":"stl-city-public-streetlights:2:149474","sourceLayerId":2,"sourceObjectId":149474,"sourceURL":"https://maps8.stlouis-mo.gov/arcgis/rest/services/STREETS/Streets_Permitting/MapServer/2","title":"Street light L042330"},"type":"Feature"},{"geometry":{"coordinates":[-90.19797898435895,38.66166648751945],"type":"Point"},"id":"stl-city-public-streetlights:2:149475","properties":{"address":null,"attributes":{"Date_Installed":null,"LED_Powered":0,"LightID":"L042331","Light_Source":"High Pressure Sodium","Light_Type":"Decorative","Lighting_Type":"King Luminaire (Historic Light Fixture)","Verification_Date":null},"id":"stl-city-public-streetlights:2:149475","sourceLayerId":2,"sourceObjectId":149475,"sourceURL":"https://maps8.stlouis-mo.gov/arcgis/rest/services/STREETS/Streets_Permitting/MapServer/2","title":"Street light L042331"},"type":"Feature"},{"geometry":{"coordinates":[-90.19803003989234,38.6617796011252],"type":"Point"},"id":"stl-city-public-streetlights:2:149476","properties":{"address":null,"attributes":{"Date_Installed":null,"LED_Powered":0,"LightID":"L042332","Light_Source":"High Pressure Sodium","Light_Type":"Decorative","Lighting_Type":"King Luminaire (Historic Light Fixture)","Verification_Date":null},"id":"stl-city-public-streetlights:2:149476","sourceLayerId":2,"sourceObjectId":149476,"sourceURL":"https://maps8.stlouis-mo.gov/arcgis/rest/services/STREETS/Streets_Permitting/MapServer/2","title":"Street light L042332"},"type":"Feature"},{"geometry":{"coordinates":[-90.19828394914359,38.66169206328607],"type":"Point"},"id":"stl-city-public-streetlights:2:149477","properties":{"address":null,"attributes":{"Date_Installed":null,"LED_Powered":0,"LightID":"L042333","Light_Source":"High Pressure Sodium","Light_Type":"Decorative","Lighting_Type":"King Luminaire (Historic Light Fixture)","Verification_Date":null},"id":"stl-city-public-streetlights:2:149477","sourceLayerId":2,"sourceObjectId":149477,"sourceURL":"https://maps8.stlouis-mo.gov/arcgis/rest/services/STREETS/Streets_Permitting/MapServer/2","title":"Street light L042333"},"type":"Feature"},{"geometry":{"coordinates":[-90.19849948391658,38.661621111280745],"type":"Point"},"id":"stl-city-public-streetlights:2:149478","properties":{"address":null,"attributes":{"Date_Installed":null,"LED_Powered":0,"LightID":"L042334","Light_Source":"High Pressure Sodium","Light_Type":"Decorative","Lighting_Type":"King Luminaire (Historic Light Fixture)","Verification_Date":null},"id":"stl-city-public-streetlights:2:149478","sourceLayerId":2,"sourceObjectId":149478,"sourceURL":"https://maps8.stlouis-mo.gov/arcgis/rest/services/STREETS/Streets_Permitting/MapServer/2","title":"Street light L042334"},"type":"Feature"},{"geometry":{"coordinates":[-90.19874973032235,38.66153737643189],"type":"Point"},"id":"stl-city-public-streetlights:2:149479","properties":{"address":null,"attributes":{"Date_Installed":null,"LED_Powered":0,"LightID":"L042335","Light_Source":"High Pressure Sodium","Light_Type":"Decorative","Lighting_Type":"King Luminaire (Historic Light Fixture)","Verification_Date":null},"id":"stl-city-public-streetlights:2:149479","sourceLayerId":2,"sourceObjectId":149479,"sourceURL":"https://maps8.stlouis-mo.gov/arcgis/rest/services/STREETS/Streets_Permitting/MapServer/2","title":"Street light L042335"},"type":"Feature"},{"geometry":{"coordinates":[-90.19910500720569,38.66141772992038],"type":"Point"},"id":"stl-city-public-streetlights:2:149480","properties":{"address":null,"attributes":{"Date_Installed":null,"LED_Powered":0,"LightID":"L042336","Light_Source":"High Pressure Sodium","Light_Type":"Decorative","Lighting_Type":"King Luminaire (Historic Light Fixture)","Verification_Date":null},"id":"stl-city-public-streetlights:2:149480","sourceLayerId":2,"sourceObjectId":149480,"sourceURL":"https://maps8.stlouis-mo.gov/arcgis/rest/services/STREETS/Streets_Permitting/MapServer/2","title":"Street light L042336"},"type":"Feature"},{"geometry":{"coordinates":[-90.1993972865507,38.6613140796251],"type":"Point"},"id":"stl-city-public-streetlights:2:149481","properties":{"address":null,"attributes":{"Date_Installed":null,"LED_Powered":0,"LightID":"L042337","Light_Source":"High Pressure Sodium","Light_Type":"Decorative","Lighting_Type":"King Luminaire (Historic Light Fixture)","Verification_Date":null},"id":"stl-city-public-streetlights:2:149481","sourceLayerId":2,"sourceObjectId":149481,"sourceURL":"https://maps8.stlouis-mo.gov/arcgis/rest/services/STREETS/Streets_Permitting/MapServer/2","title":"Street light L042337"},"type":"Feature"},{"geometry":{"coordinates":[-90.19959454427058,38.661251658653505],"type":"Point"},"id":"stl-city-public-streetlights:2:149482","properties":{"address":null,"attributes":{"Date_Installed":null,"LED_Powered":0,"LightID":"L042338","Light_Source":"High Pressure Sodium","Light_Type":"Decorative","Lighting_Type":"King Luminaire (Historic Light Fixture)","Verification_Date":null},"id":"stl-city-public-streetlights:2:149482","sourceLayerId":2,"sourceObjectId":149482,"sourceURL":"https://maps8.stlouis-mo.gov/arcgis/rest/services/STREETS/Streets_Permitting/MapServer/2","title":"Street light L042338"},"type":"Feature"},{"geometry":{"coordinates":[-90.19981737248885,38.66118072384194],"type":"Point"},"id":"stl-city-public-streetlights:2:149483","properties":{"address":null,"attributes":{"Date_Installed":null,"LED_Powered":0,"LightID":"L042339","Light_Source":"High Pressure Sodium","Light_Type":"Decorative","Lighting_Type":"King Luminaire (Historic Light Fixture)","Verification_Date":null},"id":"stl-city-public-streetlights:2:149483","sourceLayerId":2,"sourceObjectId":149483,"sourceURL":"https://maps8.stlouis-mo.gov/arcgis/rest/services/STREETS/Streets_Permitting/MapServer/2","title":"Street light L042339"},"type":"Feature"},{"geometry":{"coordinates":[-90.19761138838551,38.66174865256919],"type":"Point"},"id":"stl-city-public-streetlights:2:151304","properties":{"address":null,"attributes":{"Date_Installed":null,"LED_Powered":0,"LightID":"L044169","Light_Source":"High Pressure Sodium","Light_Type":"Decorative","Lighting_Type":"GE Americana Series (Historic Light Fixture)","Verification_Date":null},"id":"stl-city-public-streetlights:2:151304","sourceLayerId":2,"sourceObjectId":151304,"sourceURL":"https://maps8.stlouis-mo.gov/arcgis/rest/services/STREETS/Streets_Permitting/MapServer/2","title":"Street light L044169"},"type":"Feature"},{"geometry":{"coordinates":[-90.19747744055667,38.66179240274071],"type":"Point"},"id":"stl-city-public-streetlights:2:151305","properties":{"address":null,"attributes":{"Date_Installed":null,"LED_Powered":0,"LightID":"L044170","Light_Source":"High Pressure Sodium","Light_Type":"Decorative","Lighting_Type":"GE Americana Series (Historic Light Fixture)","Verification_Date":null},"id":"stl-city-public-streetlights:2:151305","sourceLayerId":2,"sourceObjectId":151305,"sourceURL":"https://maps8.stlouis-mo.gov/arcgis/rest/services/STREETS/Streets_Permitting/MapServer/2","title":"Street light L044170"},"type":"Feature"},{"geometry":{"coordinates":[-90.1973495780601,38.661834976632484],"type":"Point"},"id":"stl-city-public-streetlights:2:151306","properties":{"address":null,"attributes":{"Date_Installed":null,"LED_Powered":0,"LightID":"L044171","Light_Source":"High Pressure Sodium","Light_Type":"Decorative","Lighting_Type":"GE Americana Series (Historic Light Fixture)","Verification_Date":null},"id":"stl-city-public-streetlights:2:151306","sourceLayerId":2,"sourceObjectId":151306,"sourceURL":"https://maps8.stlouis-mo.gov/arcgis/rest/services/STREETS/Streets_Permitting/MapServer/2","title":"Street light L044171"},"type":"Feature"},{"geometry":{"coordinates":[-90.19721564998332,38.661873959971764],"type":"Point"},"id":"stl-city-public-streetlights:2:151307","properties":{"address":null,"attributes":{"Date_Installed":null,"LED_Powered":0,"LightID":"L044172","Light_Source":"High Pressure Sodium","Light_Type":"Decorative","Lighting_Type":"GE Americana Series (Historic Light Fixture)","Verification_Date":null},"id":"stl-city-public-streetlights:2:151307","sourceLayerId":2,"sourceObjectId":151307,"sourceURL":"https://maps8.stlouis-mo.gov/arcgis/rest/services/STREETS/Streets_Permitting/MapServer/2","title":"Street light L044172"},"type":"Feature"},{"geometry":{"coordinates":[-90.1970877860431,38.66191653267174],"type":"Point"},"id":"stl-city-public-streetlights:2:151308","properties":{"address":null,"attributes":{"Date_Installed":null,"LED_Powered":0,"LightID":"L044173","Light_Source":"High Pressure Sodium","Light_Type":"Decorative","Lighting_Type":"GE Americana Series (Historic Light Fixture)","Verification_Date":null},"id":"stl-city-public-streetlights:2:151308","sourceLayerId":2,"sourceObjectId":151308,"sourceURL":"https://maps8.stlouis-mo.gov/arcgis/rest/services/STREETS/Streets_Permitting/MapServer/2","title":"Street light L044173"},"type":"Feature"},{"geometry":{"coordinates":[-90.196958423063,38.661954335666366],"type":"Point"},"id":"stl-city-public-streetlights:2:151309","properties":{"address":null,"attributes":{"Date_Installed":null,"LED_Powered":0,"LightID":"L044174","Light_Source":"High Pressure Sodium","Light_Type":"Decorative","Lighting_Type":"GE Americana Series (Historic Light Fixture)","Verification_Date":null},"id":"stl-city-public-streetlights:2:151309","sourceLayerId":2,"sourceObjectId":151309,"sourceURL":"https://maps8.stlouis-mo.gov/arcgis/rest/services/STREETS/Streets_Permitting/MapServer/2","title":"Street light L044174"},"type":"Feature"},{"geometry":{"coordinates":[-90.19683514546739,38.66199096151781],"type":"Point"},"id":"stl-city-public-streetlights:2:151310","properties":{"address":null,"attributes":{"Date_Installed":null,"LED_Powered":0,"LightID":"L044175","Light_Source":"High Pressure Sodium","Light_Type":"Decorative","Lighting_Type":"GE Americana Series (Historic Light Fixture)","Verification_Date":null},"id":"stl-city-public-streetlights:2:151310","sourceLayerId":2,"sourceObjectId":151310,"sourceURL":"https://maps8.stlouis-mo.gov/arcgis/rest/services/STREETS/Streets_Permitting/MapServer/2","title":"Street light L044175"},"type":"Feature"},{"geometry":{"coordinates":[-90.19715314933092,38.662638217049974],"type":"Point"},"id":"stl-city-public-streetlights:2:151311","properties":{"address":null,"attributes":{"Date_Installed":null,"LED_Powered":0,"LightID":"L044176","Light_Source":"High Pressure Sodium","Light_Type":"Decorative","Lighting_Type":"GE Americana Series (Historic Light Fixture)","Verification_Date":null},"id":"stl-city-public-streetlights:2:151311","sourceLayerId":2,"sourceObjectId":151311,"sourceURL":"https://maps8.stlouis-mo.gov/arcgis/rest/services/STREETS/Streets_Permitting/MapServer/2","title":"Street light L044176"},"type":"Feature"},{"geometry":{"coordinates":[-90.19722794756429,38.66256332823464],"type":"Point"},"id":"stl-city-public-streetlights:2:151312","properties":{"address":null,"attributes":{"Date_Installed":null,"LED_Powered":0,"LightID":"L044177","Light_Source":"High Pressure Sodium","Light_Type":"Decorative","Lighting_Type":"GE Americana Series (Historic Light Fixture)","Verification_Date":null},"id":"stl-city-public-streetlights:2:151312","sourceLayerId":2,"sourceObjectId":151312,"sourceURL":"https://maps8.stlouis-mo.gov/arcgis/rest/services/STREETS/Streets_Permitting/MapServer/2","title":"Street light L044177"},"type":"Feature"},{"geometry":{"coordinates":[-90.19733784300853,38.66245634967924],"type":"Point"},"id":"stl-city-public-streetlights:2:151313","properties":{"address":null,"attributes":{"Date_Installed":null,"LED_Powered":0,"LightID":"L044178","Light_Source":"High Pressure Sodium","Light_Type":"Decorative","Lighting_Type":"GE Americana Series (Historic Light Fixture)","Verification_Date":null},"id":"stl-city-public-streetlights:2:151313","sourceLayerId":2,"sourceObjectId":151313,"sourceURL":"https://maps8.stlouis-mo.gov/arcgis/rest/services/STREETS/Streets_Permitting/MapServer/2","title":"Street light L044178"},"type":"Feature"},{"geometry":{"coordinates":[-90.19745543174695,38.66232674807522],"type":"Point"},"id":"stl-city-public-streetlights:2:151314","properties":{"address":null,"attributes":{"Date_Installed":null,"LED_Powered":0,"LightID":"L044179","Light_Source":"High Pressure Sodium","Light_Type":"Decorative","Lighting_Type":"GE Americana Series (Historic Light Fixture)","Verification_Date":null},"id":"stl-city-public-streetlights:2:151314","sourceLayerId":2,"sourceObjectId":151314,"sourceURL":"https://maps8.stlouis-mo.gov/arcgis/rest/services/STREETS/Streets_Permitting/MapServer/2","title":"Street light L044179"},"type":"Feature"},{"geometry":{"coordinates":[-90.19755615559058,38.66223166519562],"type":"Point"},"id":"stl-city-public-streetlights:2:151315","properties":{"address":null,"attributes":{"Date_Installed":null,"LED_Powered":0,"LightID":"L044180","Light_Source":"High Pressure Sodium","Light_Type":"Decorative","Lighting_Type":"GE Americana Series (Historic Light Fixture)","Verification_Date":null},"id":"stl-city-public-streetlights:2:151315","sourceLayerId":2,"sourceObjectId":151315,"sourceURL":"https://maps8.stlouis-mo.gov/arcgis/rest/services/STREETS/Streets_Permitting/MapServer/2","title":"Street light L044180"},"type":"Feature"},{"geometry":{"coordinates":[-90.19766756901127,38.66212469114866],"type":"Point"},"id":"stl-city-public-streetlights:2:151316","properties":{"address":null,"attributes":{"Date_Installed":null,"LED_Powered":0,"LightID":"L044181","Light_Source":"High Pressure Sodium","Light_Type":"Decorative","Lighting_Type":"GE Americana Series (Historic Light Fixture)","Verification_Date":null},"id":"stl-city-public-streetlights:2:151316","sourceLayerId":2,"sourceObjectId":151316,"sourceURL":"https://maps8.stlouis-mo.gov/arcgis/rest/services/STREETS/Streets_Permitting/MapServer/2","title":"Street light L044181"},"type":"Feature"},{"geometry":{"coordinates":[-90.19776223183426,38.662024824938456],"type":"Point"},"id":"stl-city-public-streetlights:2:151317","properties":{"address":null,"attributes":{"Date_Installed":null,"LED_Powered":0,"LightID":"L044182","Light_Source":"High Pressure Sodium","Light_Type":"Decorative","Lighting_Type":"GE Americana Series (Historic Light Fixture)","Verification_Date":null},"id":"stl-city-public-streetlights:2:151317","sourceLayerId":2,"sourceObjectId":151317,"sourceURL":"https://maps8.stlouis-mo.gov/arcgis/rest/services/STREETS/Streets_Permitting/MapServer/2","title":"Street light L044182"},"type":"Feature"},{"geometry":{"coordinates":[-90.1996972263861,38.66468888274983],"type":"Point"},"id":"stl-city-public-streetlights:2:154906","properties":{"address":null,"attributes":{"Date_Installed":"8/22/2018","LED_Powered":1,"LightID":"L047638","Light_Source":"LED","Light_Type":"Cobra","Lighting_Type":"LED-Powered Lamp","Verification_Date":null},"id":"stl-city-public-streetlights:2:154906","sourceLayerId":2,"sourceObjectId":154906,"sourceURL":"https://maps8.stlouis-mo.gov/arcgis/rest/services/STREETS/Streets_Permitting/MapServer/2","title":"Street light L047638"},"type":"Feature"},{"geometry":{"coordinates":[-90.1975601867196,38.66076153661818],"type":"Point"},"id":"stl-city-public-streetlights:2:154987","properties":{"address":null,"attributes":{"Date_Installed":"8/22/2018","LED_Powered":1,"LightID":"L047719","Light_Source":"LED","Light_Type":"Cobra","Lighting_Type":"LED-Powered Lamp","Verification_Date":null},"id":"stl-city-public-streetlights:2:154987","sourceLayerId":2,"sourceObjectId":154987,"sourceURL":"https://maps8.stlouis-mo.gov/arcgis/rest/services/STREETS/Streets_Permitting/MapServer/2","title":"Street light L047719"},"type":"Feature"},{"geometry":{"coordinates":[-90.19802625621597,38.66060935601826],"type":"Point"},"id":"stl-city-public-streetlights:2:154988","properties":{"address":null,"attributes":{"Date_Installed":"8/22/2018","LED_Powered":1,"LightID":"L047720","Light_Source":"LED","Light_Type":"Cobra","Lighting_Type":"LED-Powered Lamp","Verification_Date":null},"id":"stl-city-public-streetlights:2:154988","sourceLayerId":2,"sourceObjectId":154988,"sourceURL":"https://maps8.stlouis-mo.gov/arcgis/rest/services/STREETS/Streets_Permitting/MapServer/2","title":"Street light L047720"},"type":"Feature"},{"geometry":{"coordinates":[-90.19845078494379,38.66045980786689],"type":"Point"},"id":"stl-city-public-streetlights:2:154989","properties":{"address":null,"attributes":{"Date_Installed":"8/22/2018","LED_Powered":1,"LightID":"L047721","Light_Source":"LED","Light_Type":"Cobra","Lighting_Type":"LED-Powered Lamp","Verification_Date":null},"id":"stl-city-public-streetlights:2:154989","sourceLayerId":2,"sourceObjectId":154989,"sourceURL":"https://maps8.stlouis-mo.gov/arcgis/rest/services/STREETS/Streets_Permitting/MapServer/2","title":"Street light L047721"},"type":"Feature"},{"geometry":{"coordinates":[-90.19883073583165,38.6603273052679],"type":"Point"},"id":"stl-city-public-streetlights:2:154990","properties":{"address":null,"attributes":{"Date_Installed":"8/22/2018","LED_Powered":1,"LightID":"L047722","Light_Source":"LED","Light_Type":"Cobra","Lighting_Type":"LED-Powered Lamp","Verification_Date":null},"id":"stl-city-public-streetlights:2:154990","sourceLayerId":2,"sourceObjectId":154990,"sourceURL":"https://maps8.stlouis-mo.gov/arcgis/rest/services/STREETS/Streets_Permitting/MapServer/2","title":"Street light L047722"},"type":"Feature"},{"geometry":{"coordinates":[-90.19919942922787,38.6602111712962],"type":"Point"},"id":"stl-city-public-streetlights:2:154991","properties":{"address":null,"attributes":{"Date_Installed":"8/22/2018","LED_Powered":1,"LightID":"L047723","Light_Source":"LED","Light_Type":"Cobra","Lighting_Type":"LED-Powered Lamp","Verification_Date":null},"id":"stl-city-public-streetlights:2:154991","sourceLayerId":2,"sourceObjectId":154991,"sourceURL":"https://maps8.stlouis-mo.gov/arcgis/rest/services/STREETS/Streets_Permitting/MapServer/2","title":"Street light L047723"},"type":"Feature"},{"geometry":{"coordinates":[-90.1995671610084,38.66009198329091],"type":"Point"},"id":"stl-city-public-streetlights:2:154992","properties":{"address":null,"attributes":{"Date_Installed":"8/22/2018","LED_Powered":1,"LightID":"L047724","Light_Source":"LED","Light_Type":"Cobra","Lighting_Type":"LED-Powered Lamp","Verification_Date":null},"id":"stl-city-public-streetlights:2:154992","sourceLayerId":2,"sourceObjectId":154992,"sourceURL":"https://maps8.stlouis-mo.gov/arcgis/rest/services/STREETS/Streets_Permitting/MapServer/2","title":"Street light L047724"},"type":"Feature"},{"geometry":{"coordinates":[-90.1982221642621,38.66171219453736],"type":"Point"},"id":"stl-city-public-streetlights:2:155005","properties":{"address":null,"attributes":{"Date_Installed":"8/22/2018","LED_Powered":1,"LightID":"L047737","Light_Source":"LED","Light_Type":"Cobra","Lighting_Type":"LED-Powered Lamp","Verification_Date":null},"id":"stl-city-public-streetlights:2:155005","sourceLayerId":2,"sourceObjectId":155005,"sourceURL":"https://maps8.stlouis-mo.gov/arcgis/rest/services/STREETS/Streets_Permitting/MapServer/2","title":"Street light L047737"},"type":"Feature"},{"geometry":{"coordinates":[-90.1986979805282,38.66155681937734],"type":"Point"},"id":"stl-city-public-streetlights:2:155006","properties":{"address":null,"attributes":{"Date_Installed":"8/22/2018","LED_Powered":1,"LightID":"L047738","Light_Source":"LED","Light_Type":"Cobra","Lighting_Type":"LED-Powered Lamp","Verification_Date":null},"id":"stl-city-public-streetlights:2:155006","sourceLayerId":2,"sourceObjectId":155006,"sourceURL":"https://maps8.stlouis-mo.gov/arcgis/rest/services/STREETS/Streets_Permitting/MapServer/2","title":"Street light L047738"},"type":"Feature"},{"geometry":{"coordinates":[-90.19919161552194,38.66139242969904],"type":"Point"},"id":"stl-city-public-streetlights:2:155007","properties":{"address":null,"attributes":{"Date_Installed":"8/22/2018","LED_Powered":1,"LightID":"L047739","Light_Source":"LED","Light_Type":"Cobra","Lighting_Type":"LED-Powered Lamp","Verification_Date":null},"id":"stl-city-public-streetlights:2:155007","sourceLayerId":2,"sourceObjectId":155007,"sourceURL":"https://maps8.stlouis-mo.gov/arcgis/rest/services/STREETS/Streets_Permitting/MapServer/2","title":"Street light L047739"},"type":"Feature"},{"geometry":{"coordinates":[-90.19968631835266,38.661226849700995],"type":"Point"},"id":"stl-city-public-streetlights:2:155008","properties":{"address":null,"attributes":{"Date_Installed":"8/22/2018","LED_Powered":1,"LightID":"L047740","Light_Source":"LED","Light_Type":"Cobra","Lighting_Type":"LED-Powered Lamp","Verification_Date":null},"id":"stl-city-public-streetlights:2:155008","sourceLayerId":2,"sourceObjectId":155008,"sourceURL":"https://maps8.stlouis-mo.gov/arcgis/rest/services/STREETS/Streets_Permitting/MapServer/2","title":"Street light L047740"},"type":"Feature"},{"geometry":{"coordinates":[-90.19964772156906,38.663725073904196],"type":"Point"},"id":"stl-city-public-streetlights:2:155042","properties":{"address":null,"attributes":{"Date_Installed":"8/22/2018","LED_Powered":1,"LightID":"L047774","Light_Source":"LED","Light_Type":"Cobra","Lighting_Type":"LED-Powered Lamp","Verification_Date":null},"id":"stl-city-public-streetlights:2:155042","sourceLayerId":2,"sourceObjectId":155042,"sourceURL":"https://maps8.stlouis-mo.gov/arcgis/rest/services/STREETS/Streets_Permitting/MapServer/2","title":"Street light L047774"},"type":"Feature"},{"geometry":{"coordinates":[-90.19926907096861,38.663848239323535],"type":"Point"},"id":"stl-city-public-streetlights:2:155043","properties":{"address":null,"attributes":{"Date_Installed":"8/22/2018","LED_Powered":1,"LightID":"L047775","Light_Source":"LED","Light_Type":"Cobra","Lighting_Type":"LED-Powered Lamp","Verification_Date":null},"id":"stl-city-public-streetlights:2:155043","sourceLayerId":2,"sourceObjectId":155043,"sourceURL":"https://maps8.stlouis-mo.gov/arcgis/rest/services/STREETS/Streets_Permitting/MapServer/2","title":"Street light L047775"},"type":"Feature"},{"geometry":{"coordinates":[-90.19998011997023,38.66237202673568],"type":"Point"},"id":"stl-city-public-streetlights:2:155046","properties":{"address":null,"attributes":{"Date_Installed":"8/22/2018","LED_Powered":1,"LightID":"L047778","Light_Source":"LED","Light_Type":"Cobra","Lighting_Type":"LED-Powered Lamp","Verification_Date":null},"id":"stl-city-public-streetlights:2:155046","sourceLayerId":2,"sourceObjectId":155046,"sourceURL":"https://maps8.stlouis-mo.gov/arcgis/rest/services/STREETS/Streets_Permitting/MapServer/2","title":"Street light L047778"},"type":"Feature"},{"geometry":{"coordinates":[-90.19961433439569,38.66249551188958],"type":"Point"},"id":"stl-city-public-streetlights:2:155047","properties":{"address":null,"attributes":{"Date_Installed":"8/22/2018","LED_Powered":1,"LightID":"L047779","Light_Source":"LED","Light_Type":"Cobra","Lighting_Type":"LED-Powered Lamp","Verification_Date":null},"id":"stl-city-public-streetlights:2:155047","sourceLayerId":2,"sourceObjectId":155047,"sourceURL":"https://maps8.stlouis-mo.gov/arcgis/rest/services/STREETS/Streets_Permitting/MapServer/2","title":"Street light L047779"},"type":"Feature"},{"geometry":{"coordinates":[-90.19928463185177,38.66260514476746],"type":"Point"},"id":"stl-city-public-streetlights:2:155048","properties":{"address":null,"attributes":{"Date_Installed":"8/22/2018","LED_Powered":1,"LightID":"L047780","Light_Source":"LED","Light_Type":"Cobra","Lighting_Type":"LED-Powered Lamp","Verification_Date":null},"id":"stl-city-public-streetlights:2:155048","sourceLayerId":2,"sourceObjectId":155048,"sourceURL":"https://maps8.stlouis-mo.gov/arcgis/rest/services/STREETS/Streets_Permitting/MapServer/2","title":"Street light L047780"},"type":"Feature"},{"geometry":{"coordinates":[-90.19894745598555,38.66272059701436],"type":"Point"},"id":"stl-city-public-streetlights:2:155049","properties":{"address":null,"attributes":{"Date_Installed":"8/22/2018","LED_Powered":1,"LightID":"L047781","Light_Source":"LED","Light_Type":"Cobra","Lighting_Type":"LED-Powered Lamp","Verification_Date":null},"id":"stl-city-public-streetlights:2:155049","sourceLayerId":2,"sourceObjectId":155049,"sourceURL":"https://maps8.stlouis-mo.gov/arcgis/rest/services/STREETS/Streets_Permitting/MapServer/2","title":"Street light L047781"},"type":"Feature"},{"geometry":{"coordinates":[-90.19862212039752,38.66283917693559],"type":"Point"},"id":"stl-city-public-streetlights:2:155050","properties":{"address":null,"attributes":{"Date_Installed":"8/22/2018","LED_Powered":1,"LightID":"L047782","Light_Source":"LED","Light_Type":"Cobra","Lighting_Type":"LED-Powered Lamp","Verification_Date":null},"id":"stl-city-public-streetlights:2:155050","sourceLayerId":2,"sourceObjectId":155050,"sourceURL":"https://maps8.stlouis-mo.gov/arcgis/rest/services/STREETS/Streets_Permitting/MapServer/2","title":"Street light L047782"},"type":"Feature"},{"geometry":{"coordinates":[-90.19989409789369,38.66553739604146],"type":"Point"},"id":"stl-city-public-streetlights:2:155068","properties":{"address":null,"attributes":{"Date_Installed":"8/22/2018","LED_Powered":1,"LightID":"L047800","Light_Source":"LED","Light_Type":"Cobra","Lighting_Type":"LED-Powered Lamp","Verification_Date":null},"id":"stl-city-public-streetlights:2:155068","sourceLayerId":2,"sourceObjectId":155068,"sourceURL":"https://maps8.stlouis-mo.gov/arcgis/rest/services/STREETS/Streets_Permitting/MapServer/2","title":"Street light L047800"},"type":"Feature"},{"geometry":{"coordinates":[-90.19971293879739,38.665236597836696],"type":"Point"},"id":"stl-city-public-streetlights:2:155069","properties":{"address":null,"attributes":{"Date_Installed":"8/22/2018","LED_Powered":1,"LightID":"L047801","Light_Source":"LED","Light_Type":"Cobra","Lighting_Type":"LED-Powered Lamp","Verification_Date":null},"id":"stl-city-public-streetlights:2:155069","sourceLayerId":2,"sourceObjectId":155069,"sourceURL":"https://maps8.stlouis-mo.gov/arcgis/rest/services/STREETS/Streets_Permitting/MapServer/2","title":"Street light L047801"},"type":"Feature"},{"geometry":{"coordinates":[-90.19954698306402,38.664935838390974],"type":"Point"},"id":"stl-city-public-streetlights:2:155070","properties":{"address":null,"attributes":{"Date_Installed":"8/22/2018","LED_Powered":1,"LightID":"L047802","Light_Source":"LED","Light_Type":"Cobra","Lighting_Type":"LED-Powered Lamp","Verification_Date":null},"id":"stl-city-public-streetlights:2:155070","sourceLayerId":2,"sourceObjectId":155070,"sourceURL":"https://maps8.stlouis-mo.gov/arcgis/rest/services/STREETS/Streets_Permitting/MapServer/2","title":"Street light L047802"},"type":"Feature"},{"geometry":{"coordinates":[-90.19461955795099,38.660473386143586],"type":"Point"},"id":"stl-city-public-streetlights:2:155076","properties":{"address":null,"attributes":{"Date_Installed":"4/1/2017","LED_Powered":1,"LightID":"L047808","Light_Source":"LED","Light_Type":"Cobra","Lighting_Type":"LED-Powered Lamp","Verification_Date":null},"id":"stl-city-public-streetlights:2:155076","sourceLayerId":2,"sourceObjectId":155076,"sourceURL":"https://maps8.stlouis-mo.gov/arcgis/rest/services/STREETS/Streets_Permitting/MapServer/2","title":"Street light L047808"},"type":"Feature"},{"geometry":{"coordinates":[-90.19484192096229,38.66094262941183],"type":"Point"},"id":"stl-city-public-streetlights:2:155077","properties":{"address":null,"attributes":{"Date_Installed":"4/1/2017","LED_Powered":1,"LightID":"L047809","Light_Source":"LED","Light_Type":"Cobra","Lighting_Type":"LED-Powered Lamp","Verification_Date":null},"id":"stl-city-public-streetlights:2:155077","sourceLayerId":2,"sourceObjectId":155077,"sourceURL":"https://maps8.stlouis-mo.gov/arcgis/rest/services/STREETS/Streets_Permitting/MapServer/2","title":"Street light L047809"},"type":"Feature"},{"geometry":{"coordinates":[-90.19504576163258,38.66147904076943],"type":"Point"},"id":"stl-city-public-streetlights:2:155078","properties":{"address":null,"attributes":{"Date_Installed":"4/1/2017","LED_Powered":1,"LightID":"L047810","Light_Source":"LED","Light_Type":"Cobra","Lighting_Type":"LED-Powered Lamp","Verification_Date":null},"id":"stl-city-public-streetlights:2:155078","sourceLayerId":2,"sourceObjectId":155078,"sourceURL":"https://maps8.stlouis-mo.gov/arcgis/rest/services/STREETS/Streets_Permitting/MapServer/2","title":"Street light L047810"},"type":"Feature"},{"geometry":{"coordinates":[-90.19529939041051,38.66196075987941],"type":"Point"},"id":"stl-city-public-streetlights:2:155079","properties":{"address":null,"attributes":{"Date_Installed":"4/1/2017","LED_Powered":1,"LightID":"L047811","Light_Source":"LED","Light_Type":"Cobra","Lighting_Type":"LED-Powered Lamp","Verification_Date":null},"id":"stl-city-public-streetlights:2:155079","sourceLayerId":2,"sourceObjectId":155079,"sourceURL":"https://maps8.stlouis-mo.gov/arcgis/rest/services/STREETS/Streets_Permitting/MapServer/2","title":"Street light L047811"},"type":"Feature"},{"geometry":{"coordinates":[-90.19554559368294,38.662401888628686],"type":"Point"},"id":"stl-city-public-streetlights:2:155080","properties":{"address":null,"attributes":{"Date_Installed":"4/1/2017","LED_Powered":1,"LightID":"L047812","Light_Source":"LED","Light_Type":"Cobra","Lighting_Type":"LED-Powered Lamp","Verification_Date":null},"id":"stl-city-public-streetlights:2:155080","sourceLayerId":2,"sourceObjectId":155080,"sourceURL":"https://maps8.stlouis-mo.gov/arcgis/rest/services/STREETS/Streets_Permitting/MapServer/2","title":"Street light L047812"},"type":"Feature"},{"geometry":{"coordinates":[-90.19578346335331,38.66280156977105],"type":"Point"},"id":"stl-city-public-streetlights:2:155081","properties":{"address":null,"attributes":{"Date_Installed":"4/1/2017","LED_Powered":1,"LightID":"L047813","Light_Source":"LED","Light_Type":"Cobra","Lighting_Type":"LED-Powered Lamp","Verification_Date":null},"id":"stl-city-public-streetlights:2:155081","sourceLayerId":2,"sourceObjectId":155081,"sourceURL":"https://maps8.stlouis-mo.gov/arcgis/rest/services/STREETS/Streets_Permitting/MapServer/2","title":"Street light L047813"},"type":"Feature"},{"geometry":{"coordinates":[-90.19599620513969,38.66322030097635],"type":"Point"},"id":"stl-city-public-streetlights:2:155082","properties":{"address":null,"attributes":{"Date_Installed":"4/1/2017","LED_Powered":1,"LightID":"L047814","Light_Source":"LED","Light_Type":"Cobra","Lighting_Type":"LED-Powered Lamp","Verification_Date":null},"id":"stl-city-public-streetlights:2:155082","sourceLayerId":2,"sourceObjectId":155082,"sourceURL":"https://maps8.stlouis-mo.gov/arcgis/rest/services/STREETS/Streets_Permitting/MapServer/2","title":"Street light L047814"},"type":"Feature"},{"geometry":{"coordinates":[-90.19624955623478,38.66369834517348],"type":"Point"},"id":"stl-city-public-streetlights:2:155083","properties":{"address":null,"attributes":{"Date_Installed":"4/1/2017","LED_Powered":1,"LightID":"L047815","Light_Source":"LED","Light_Type":"Cobra","Lighting_Type":"LED-Powered Lamp","Verification_Date":null},"id":"stl-city-public-streetlights:2:155083","sourceLayerId":2,"sourceObjectId":155083,"sourceURL":"https://maps8.stlouis-mo.gov/arcgis/rest/services/STREETS/Streets_Permitting/MapServer/2","title":"Street light L047815"},"type":"Feature"},{"geometry":{"coordinates":[-90.19647461095137,38.66413989530269],"type":"Point"},"id":"stl-city-public-streetlights:2:155084","properties":{"address":null,"attributes":{"Date_Installed":"4/1/2017","LED_Powered":1,"LightID":"L047816","Light_Source":"LED","Light_Type":"Cobra","Lighting_Type":"LED-Powered Lamp","Verification_Date":null},"id":"stl-city-public-streetlights:2:155084","sourceLayerId":2,"sourceObjectId":155084,"sourceURL":"https://maps8.stlouis-mo.gov/arcgis/rest/services/STREETS/Streets_Permitting/MapServer/2","title":"Street light L047816"},"type":"Feature"},{"geometry":{"coordinates":[-90.19669559101057,38.664582398350596],"type":"Point"},"id":"stl-city-public-streetlights:2:155085","properties":{"address":null,"attributes":{"Date_Installed":"4/1/2017","LED_Powered":1,"LightID":"L047817","Light_Source":"LED","Light_Type":"Cobra","Lighting_Type":"LED-Powered Lamp","Verification_Date":null},"id":"stl-city-public-streetlights:2:155085","sourceLayerId":2,"sourceObjectId":155085,"sourceURL":"https://maps8.stlouis-mo.gov/arcgis/rest/services/STREETS/Streets_Permitting/MapServer/2","title":"Street light L047817"},"type":"Feature"},{"geometry":{"coordinates":[-90.19691059828233,38.66499964359238],"type":"Point"},"id":"stl-city-public-streetlights:2:155086","properties":{"address":null,"attributes":{"Date_Installed":"4/1/2017","LED_Powered":1,"LightID":"L047818","Light_Source":"LED","Light_Type":"Cobra","Lighting_Type":"LED-Powered Lamp","Verification_Date":null},"id":"stl-city-public-streetlights:2:155086","sourceLayerId":2,"sourceObjectId":155086,"sourceURL":"https://maps8.stlouis-mo.gov/arcgis/rest/services/STREETS/Streets_Permitting/MapServer/2","title":"Street light L047818"},"type":"Feature"},{"geometry":{"coordinates":[-90.19712401167993,38.66543496413555],"type":"Point"},"id":"stl-city-public-streetlights:2:155087","properties":{"address":null,"attributes":{"Date_Installed":"4/1/2017","LED_Powered":1,"LightID":"L047819","Light_Source":"LED","Light_Type":"Cobra","Lighting_Type":"LED-Powered Lamp","Verification_Date":null},"id":"stl-city-public-streetlights:2:155087","sourceLayerId":2,"sourceObjectId":155087,"sourceURL":"https://maps8.stlouis-mo.gov/arcgis/rest/services/STREETS/Streets_Permitting/MapServer/2","title":"Street light L047819"},"type":"Feature"},{"geometry":{"coordinates":[-90.19733783157788,38.66586113232732],"type":"Point"},"id":"stl-city-public-streetlights:2:155088","properties":{"address":null,"attributes":{"Date_Installed":"4/1/2017","LED_Powered":1,"LightID":"L047820","Light_Source":"LED","Light_Type":"Cobra","Lighting_Type":"LED-Powered Lamp","Verification_Date":null},"id":"stl-city-public-streetlights:2:155088","sourceLayerId":2,"sourceObjectId":155088,"sourceURL":"https://maps8.stlouis-mo.gov/arcgis/rest/services/STREETS/Streets_Permitting/MapServer/2","title":"Street light L047820"},"type":"Feature"},{"geometry":{"coordinates":[-90.19757225913952,38.66632530043369],"type":"Point"},"id":"stl-city-public-streetlights:2:155089","properties":{"address":null,"attributes":{"Date_Installed":"4/1/2017","LED_Powered":1,"LightID":"L047821","Light_Source":"LED","Light_Type":"Cobra","Lighting_Type":"LED-Powered Lamp","Verification_Date":null},"id":"stl-city-public-streetlights:2:155089","sourceLayerId":2,"sourceObjectId":155089,"sourceURL":"https://maps8.stlouis-mo.gov/arcgis/rest/services/STREETS/Streets_Permitting/MapServer/2","title":"Street light L047821"},"type":"Feature"},{"geometry":{"coordinates":[-90.19784803381218,38.66664565318821],"type":"Point"},"id":"stl-city-public-streetlights:2:155090","properties":{"address":null,"attributes":{"Date_Installed":"4/1/2017","LED_Powered":1,"LightID":"L047822","Light_Source":"LED","Light_Type":"Cobra","Lighting_Type":"LED-Powered Lamp","Verification_Date":null},"id":"stl-city-public-streetlights:2:155090","sourceLayerId":2,"sourceObjectId":155090,"sourceURL":"https://maps8.stlouis-mo.gov/arcgis/rest/services/STREETS/Streets_Permitting/MapServer/2","title":"Street light L047822"},"type":"Feature"},{"geometry":{"coordinates":[-90.19826717649256,38.66709289628069],"type":"Point"},"id":"stl-city-public-streetlights:2:155091","properties":{"address":null,"attributes":{"Date_Installed":"4/1/2017","LED_Powered":1,"LightID":"L047823","Light_Source":"LED","Light_Type":"Cobra","Lighting_Type":"LED-Powered Lamp","Verification_Date":null},"id":"stl-city-public-streetlights:2:155091","sourceLayerId":2,"sourceObjectId":155091,"sourceURL":"https://maps8.stlouis-mo.gov/arcgis/rest/services/STREETS/Streets_Permitting/MapServer/2","title":"Street light L047823"},"type":"Feature"},{"geometry":{"coordinates":[-90.19753356509482,38.666597883641344],"type":"Point"},"id":"stl-city-public-streetlights:2:155092","properties":{"address":null,"attributes":{"Date_Installed":"4/1/2017","LED_Powered":1,"LightID":"L047824","Light_Source":"LED","Light_Type":"Cobra","Lighting_Type":"LED-Powered Lamp","Verification_Date":null},"id":"stl-city-public-streetlights:2:155092","sourceLayerId":2,"sourceObjectId":155092,"sourceURL":"https://maps8.stlouis-mo.gov/arcgis/rest/services/STREETS/Streets_Permitting/MapServer/2","title":"Street light L047824"},"type":"Feature"},{"geometry":{"coordinates":[-90.19723080341083,38.66615260763647],"type":"Point"},"id":"stl-city-public-streetlights:2:155093","properties":{"address":null,"attributes":{"Date_Installed":"4/1/2017","LED_Powered":1,"LightID":"L047825","Light_Source":"LED","Light_Type":"Cobra","Lighting_Type":"LED-Powered Lamp","Verification_Date":null},"id":"stl-city-public-streetlights:2:155093","sourceLayerId":2,"sourceObjectId":155093,"sourceURL":"https://maps8.stlouis-mo.gov/arcgis/rest/services/STREETS/Streets_Permitting/MapServer/2","title":"Street light L047825"},"type":"Feature"},{"geometry":{"coordinates":[-90.19701152239075,38.665723564816034],"type":"Point"},"id":"stl-city-public-streetlights:2:155094","properties":{"address":null,"attributes":{"Date_Installed":"4/1/2017","LED_Powered":1,"LightID":"L047826","Light_Source":"LED","Light_Type":"Cobra","Lighting_Type":"LED-Powered Lamp","Verification_Date":null},"id":"stl-city-public-streetlights:2:155094","sourceLayerId":2,"sourceObjectId":155094,"sourceURL":"https://maps8.stlouis-mo.gov/arcgis/rest/services/STREETS/Streets_Permitting/MapServer/2","title":"Street light L047826"},"type":"Feature"},{"geometry":{"coordinates":[-90.19679264797007,38.66528536962484],"type":"Point"},"id":"stl-city-public-streetlights:2:155095","properties":{"address":null,"attributes":{"Date_Installed":"4/1/2017","LED_Powered":1,"LightID":"L047827","Light_Source":"LED","Light_Type":"Cobra","Lighting_Type":"LED-Powered Lamp","Verification_Date":null},"id":"stl-city-public-streetlights:2:155095","sourceLayerId":2,"sourceObjectId":155095,"sourceURL":"https://maps8.stlouis-mo.gov/arcgis/rest/services/STREETS/Streets_Permitting/MapServer/2","title":"Street light L047827"},"type":"Feature"},{"geometry":{"coordinates":[-90.19658102488462,38.66485877727927],"type":"Point"},"id":"stl-city-public-streetlights:2:155096","properties":{"address":null,"attributes":{"Date_Installed":"4/1/2017","LED_Powered":1,"LightID":"L047828","Light_Source":"LED","Light_Type":"Cobra","Lighting_Type":"LED-Powered Lamp","Verification_Date":null},"id":"stl-city-public-streetlights:2:155096","sourceLayerId":2,"sourceObjectId":155096,"sourceURL":"https://maps8.stlouis-mo.gov/arcgis/rest/services/STREETS/Streets_Permitting/MapServer/2","title":"Street light L047828"},"type":"Feature"},{"geometry":{"coordinates":[-90.1963567311507,38.66440912592344],"type":"Point"},"id":"stl-city-public-streetlights:2:155097","properties":{"address":null,"attributes":{"Date_Installed":"4/1/2017","LED_Powered":1,"LightID":"L047829","Light_Source":"LED","Light_Type":"Cobra","Lighting_Type":"LED-Powered Lamp","Verification_Date":null},"id":"stl-city-public-streetlights:2:155097","sourceLayerId":2,"sourceObjectId":155097,"sourceURL":"https://maps8.stlouis-mo.gov/arcgis/rest/services/STREETS/Streets_Permitting/MapServer/2","title":"Street light L047829"},"type":"Feature"},{"geometry":{"coordinates":[-90.19613291007164,38.66396357436005],"type":"Point"},"id":"stl-city-public-streetlights:2:155098","properties":{"address":null,"attributes":{"Date_Installed":"4/1/2017","LED_Powered":1,"LightID":"L047830","Light_Source":"LED","Light_Type":"Cobra","Lighting_Type":"LED-Powered Lamp","Verification_Date":null},"id":"stl-city-public-streetlights:2:155098","sourceLayerId":2,"sourceObjectId":155098,"sourceURL":"https://maps8.stlouis-mo.gov/arcgis/rest/services/STREETS/Streets_Permitting/MapServer/2","title":"Street light L047830"},"type":"Feature"},{"geometry":{"coordinates":[-90.19590013696676,38.663507512767545],"type":"Point"},"id":"stl-city-public-streetlights:2:155099","properties":{"address":null,"attributes":{"Date_Installed":"4/1/2017","LED_Powered":1,"LightID":"L047831","Light_Source":"LED","Light_Type":"Cobra","Lighting_Type":"LED-Powered Lamp","Verification_Date":null},"id":"stl-city-public-streetlights:2:155099","sourceLayerId":2,"sourceObjectId":155099,"sourceURL":"https://maps8.stlouis-mo.gov/arcgis/rest/services/STREETS/Streets_Permitting/MapServer/2","title":"Street light L047831"},"type":"Feature"},{"geometry":{"coordinates":[-90.19568694745699,38.663086992887436],"type":"Point"},"id":"stl-city-public-streetlights:2:155100","properties":{"address":null,"attributes":{"Date_Installed":"4/1/2017","LED_Powered":1,"LightID":"L047832","Light_Source":"LED","Light_Type":"Cobra","Lighting_Type":"LED-Powered Lamp","Verification_Date":null},"id":"stl-city-public-streetlights:2:155100","sourceLayerId":2,"sourceObjectId":155100,"sourceURL":"https://maps8.stlouis-mo.gov/arcgis/rest/services/STREETS/Streets_Permitting/MapServer/2","title":"Street light L047832"},"type":"Feature"},{"geometry":{"coordinates":[-90.19543025740936,38.662644763323044],"type":"Point"},"id":"stl-city-public-streetlights:2:155101","properties":{"address":null,"attributes":{"Date_Installed":"4/1/2017","LED_Powered":1,"LightID":"L047833","Light_Source":"LED","Light_Type":"Cobra","Lighting_Type":"LED-Powered Lamp","Verification_Date":null},"id":"stl-city-public-streetlights:2:155101","sourceLayerId":2,"sourceObjectId":155101,"sourceURL":"https://maps8.stlouis-mo.gov/arcgis/rest/services/STREETS/Streets_Permitting/MapServer/2","title":"Street light L047833"},"type":"Feature"},{"geometry":{"coordinates":[-90.1952147208135,38.662284230846126],"type":"Point"},"id":"stl-city-public-streetlights:2:155102","properties":{"address":null,"attributes":{"Date_Installed":"4/1/2017","LED_Powered":1,"LightID":"L047834","Light_Source":"LED","Light_Type":"Cobra","Lighting_Type":"LED-Powered Lamp","Verification_Date":null},"id":"stl-city-public-streetlights:2:155102","sourceLayerId":2,"sourceObjectId":155102,"sourceURL":"https://maps8.stlouis-mo.gov/arcgis/rest/services/STREETS/Streets_Permitting/MapServer/2","title":"Street light L047834"},"type":"Feature"},{"geometry":{"coordinates":[-90.19497866413741,38.66181638328258],"type":"Point"},"id":"stl-city-public-streetlights:2:155103","properties":{"address":null,"attributes":{"Date_Installed":"4/1/2017","LED_Powered":1,"LightID":"L047835","Light_Source":"LED","Light_Type":"Cobra","Lighting_Type":"LED-Powered Lamp","Verification_Date":null},"id":"stl-city-public-streetlights:2:155103","sourceLayerId":2,"sourceObjectId":155103,"sourceURL":"https://maps8.stlouis-mo.gov/arcgis/rest/services/STREETS/Streets_Permitting/MapServer/2","title":"Street light L047835"},"type":"Feature"},{"geometry":{"coordinates":[-90.19474757812976,38.661288600588975],"type":"Point"},"id":"stl-city-public-streetlights:2:155104","properties":{"address":null,"attributes":{"Date_Installed":"4/1/2017","LED_Powered":1,"LightID":"L047836","Light_Source":"LED","Light_Type":"Cobra","Lighting_Type":"LED-Powered Lamp","Verification_Date":null},"id":"stl-city-public-streetlights:2:155104","sourceLayerId":2,"sourceObjectId":155104,"sourceURL":"https://maps8.stlouis-mo.gov/arcgis/rest/services/STREETS/Streets_Permitting/MapServer/2","title":"Street light L047836"},"type":"Feature"},{"geometry":{"coordinates":[-90.19453791898147,38.66079882043423],"type":"Point"},"id":"stl-city-public-streetlights:2:155105","properties":{"address":null,"attributes":{"Date_Installed":"4/1/2017","LED_Powered":1,"LightID":"L047837","Light_Source":"LED","Light_Type":"Cobra","Lighting_Type":"LED-Powered Lamp","Verification_Date":null},"id":"stl-city-public-streetlights:2:155105","sourceLayerId":2,"sourceObjectId":155105,"sourceURL":"https://maps8.stlouis-mo.gov/arcgis/rest/services/STREETS/Streets_Permitting/MapServer/2","title":"Street light L047837"},"type":"Feature"},{"geometry":{"coordinates":[-90.19430640747744,38.66033670299792],"type":"Point"},"id":"stl-city-public-streetlights:2:155106","properties":{"address":null,"attributes":{"Date_Installed":"4/1/2017","LED_Powered":1,"LightID":"L047838","Light_Source":"LED","Light_Type":"Cobra","Lighting_Type":"LED-Powered Lamp","Verification_Date":null},"id":"stl-city-public-streetlights:2:155106","sourceLayerId":2,"sourceObjectId":155106,"sourceURL":"https://maps8.stlouis-mo.gov/arcgis/rest/services/STREETS/Streets_Permitting/MapServer/2","title":"Street light L047838"},"type":"Feature"},{"geometry":{"coordinates":[-90.19640001976217,38.664653099631416],"type":"Point"},"id":"stl-city-public-streetlights:2:155108","properties":{"address":null,"attributes":{"Date_Installed":null,"LED_Powered":0,"LightID":"L047840","Light_Source":"LED","Light_Type":"Cobra","Lighting_Type":"LED-Powered Lamp","Verification_Date":null},"id":"stl-city-public-streetlights:2:155108","sourceLayerId":2,"sourceObjectId":155108,"sourceURL":"https://maps8.stlouis-mo.gov/arcgis/rest/services/STREETS/Streets_Permitting/MapServer/2","title":"Street light L047840"},"type":"Feature"},{"geometry":{"coordinates":[-90.19591375368805,38.6648041535513],"type":"Point"},"id":"stl-city-public-streetlights:2:155109","properties":{"address":null,"attributes":{"Date_Installed":null,"LED_Powered":0,"LightID":"L047841","Light_Source":"LED","Light_Type":"Cobra","Lighting_Type":"LED-Powered Lamp","Verification_Date":null},"id":"stl-city-public-streetlights:2:155109","sourceLayerId":2,"sourceObjectId":155109,"sourceURL":"https://maps8.stlouis-mo.gov/arcgis/rest/services/STREETS/Streets_Permitting/MapServer/2","title":"Street light L047841"},"type":"Feature"},{"geometry":{"coordinates":[-90.19541938268455,38.66495541766748],"type":"Point"},"id":"stl-city-public-streetlights:2:155110","properties":{"address":null,"attributes":{"Date_Installed":null,"LED_Powered":0,"LightID":"L047842","Light_Source":"LED","Light_Type":"Cobra","Lighting_Type":"LED-Powered Lamp","Verification_Date":null},"id":"stl-city-public-streetlights:2:155110","sourceLayerId":2,"sourceObjectId":155110,"sourceURL":"https://maps8.stlouis-mo.gov/arcgis/rest/services/STREETS/Streets_Permitting/MapServer/2","title":"Street light L047842"},"type":"Feature"},{"geometry":{"coordinates":[-90.19481235066252,38.66515636145911],"type":"Point"},"id":"stl-city-public-streetlights:2:155111","properties":{"address":null,"attributes":{"Date_Installed":null,"LED_Powered":0,"LightID":"L047843","Light_Source":"LED","Light_Type":"Cobra","Lighting_Type":"LED-Powered Lamp","Verification_Date":null},"id":"stl-city-public-streetlights:2:155111","sourceLayerId":2,"sourceObjectId":155111,"sourceURL":"https://maps8.stlouis-mo.gov/arcgis/rest/services/STREETS/Streets_Permitting/MapServer/2","title":"Street light L047843"},"type":"Feature"},{"geometry":{"coordinates":[-90.19442462326784,38.66527616319619],"type":"Point"},"id":"stl-city-public-streetlights:2:155112","properties":{"address":null,"attributes":{"Date_Installed":null,"LED_Powered":0,"LightID":"L047844","Light_Source":"LED","Light_Type":"Cobra","Lighting_Type":"LED-Powered Lamp","Verification_Date":null},"id":"stl-city-public-streetlights:2:155112","sourceLayerId":2,"sourceObjectId":155112,"sourceURL":"https://maps8.stlouis-mo.gov/arcgis/rest/services/STREETS/Streets_Permitting/MapServer/2","title":"Street light L047844"},"type":"Feature"},{"geometry":{"coordinates":[-90.19403409293456,38.665396829268765],"type":"Point"},"id":"stl-city-public-streetlights:2:155113","properties":{"address":null,"attributes":{"Date_Installed":null,"LED_Powered":0,"LightID":"L047845","Light_Source":"LED","Light_Type":"Cobra","Lighting_Type":"LED-Powered Lamp","Verification_Date":null},"id":"stl-city-public-streetlights:2:155113","sourceLayerId":2,"sourceObjectId":155113,"sourceURL":"https://maps8.stlouis-mo.gov/arcgis/rest/services/STREETS/Streets_Permitting/MapServer/2","title":"Street light L047845"},"type":"Feature"},{"geometry":{"coordinates":[-90.19369619384081,38.66549843942809],"type":"Point"},"id":"stl-city-public-streetlights:2:155114","properties":{"address":null,"attributes":{"Date_Installed":null,"LED_Powered":0,"LightID":"L047846","Light_Source":"LED","Light_Type":"Cobra","Lighting_Type":"LED-Powered Lamp","Verification_Date":null},"id":"stl-city-public-streetlights:2:155114","sourceLayerId":2,"sourceObjectId":155114,"sourceURL":"https://maps8.stlouis-mo.gov/arcgis/rest/services/STREETS/Streets_Permitting/MapServer/2","title":"Street light L047846"},"type":"Feature"},{"geometry":{"coordinates":[-90.19320910486728,38.66565090420845],"type":"Point"},"id":"stl-city-public-streetlights:2:155115","properties":{"address":null,"attributes":{"Date_Installed":null,"LED_Powered":0,"LightID":"L047847","Light_Source":"LED","Light_Type":"Cobra","Lighting_Type":"LED-Powered Lamp","Verification_Date":null},"id":"stl-city-public-streetlights:2:155115","sourceLayerId":2,"sourceObjectId":155115,"sourceURL":"https://maps8.stlouis-mo.gov/arcgis/rest/services/STREETS/Streets_Permitting/MapServer/2","title":"Street light L047847"},"type":"Feature"},{"geometry":{"coordinates":[-90.19192954586784,38.665915791146034],"type":"Point"},"id":"stl-city-public-streetlights:2:155116","properties":{"address":null,"attributes":{"Date_Installed":null,"LED_Powered":0,"LightID":"L047848","Light_Source":"LED","Light_Type":"Cobra","Lighting_Type":"LED-Powered Lamp","Verification_Date":null},"id":"stl-city-public-streetlights:2:155116","sourceLayerId":2,"sourceObjectId":155116,"sourceURL":"https://maps8.stlouis-mo.gov/arcgis/rest/services/STREETS/Streets_Permitting/MapServer/2","title":"Street light L047848"},"type":"Feature"},{"geometry":{"coordinates":[-90.1914885729657,38.666060504571114],"type":"Point"},"id":"stl-city-public-streetlights:2:155117","properties":{"address":null,"attributes":{"Date_Installed":null,"LED_Powered":0,"LightID":"L047849","Light_Source":"LED","Light_Type":"Cobra","Lighting_Type":"LED-Powered Lamp","Verification_Date":null},"id":"stl-city-public-streetlights:2:155117","sourceLayerId":2,"sourceObjectId":155117,"sourceURL":"https://maps8.stlouis-mo.gov/arcgis/rest/services/STREETS/Streets_Permitting/MapServer/2","title":"Street light L047849"},"type":"Feature"},{"geometry":{"coordinates":[-90.19105560721707,38.66620952838815],"type":"Point"},"id":"stl-city-public-streetlights:2:155118","properties":{"address":null,"attributes":{"Date_Installed":null,"LED_Powered":0,"LightID":"L047850","Light_Source":"LED","Light_Type":"Cobra","Lighting_Type":"LED-Powered Lamp","Verification_Date":null},"id":"stl-city-public-streetlights:2:155118","sourceLayerId":2,"sourceObjectId":155118,"sourceURL":"https://maps8.stlouis-mo.gov/arcgis/rest/services/STREETS/Streets_Permitting/MapServer/2","title":"Street light L047850"},"type":"Feature"},{"geometry":{"coordinates":[-90.19061651395235,38.66634065724323],"type":"Point"},"id":"stl-city-public-streetlights:2:155119","properties":{"address":null,"attributes":{"Date_Installed":null,"LED_Powered":0,"LightID":"L047851","Light_Source":"LED","Light_Type":"Cobra","Lighting_Type":"LED-Powered Lamp","Verification_Date":null},"id":"stl-city-public-streetlights:2:155119","sourceLayerId":2,"sourceObjectId":155119,"sourceURL":"https://maps8.stlouis-mo.gov/arcgis/rest/services/STREETS/Streets_Permitting/MapServer/2","title":"Street light L047851"},"type":"Feature"},{"geometry":{"coordinates":[-90.19017083791432,38.66647534261731],"type":"Point"},"id":"stl-city-public-streetlights:2:155120","properties":{"address":null,"attributes":{"Date_Installed":null,"LED_Powered":0,"LightID":"L047852","Light_Source":"LED","Light_Type":"Cobra","Lighting_Type":"LED-Powered Lamp","Verification_Date":null},"id":"stl-city-public-streetlights:2:155120","sourceLayerId":2,"sourceObjectId":155120,"sourceURL":"https://maps8.stlouis-mo.gov/arcgis/rest/services/STREETS/Streets_Permitting/MapServer/2","title":"Street light L047852"},"type":"Feature"},{"geometry":{"coordinates":[-90.19731977188697,38.66354205470427],"type":"Point"},"id":"stl-city-public-streetlights:2:155123","properties":{"address":null,"attributes":{"Date_Installed":null,"LED_Powered":0,"LightID":"L047855","Light_Source":"LED","Light_Type":"Cobra","Lighting_Type":"LED-Powered Lamp","Verification_Date":null},"id":"stl-city-public-streetlights:2:155123","sourceLayerId":2,"sourceObjectId":155123,"sourceURL":"https://maps8.stlouis-mo.gov/arcgis/rest/services/STREETS/Streets_Permitting/MapServer/2","title":"Street light L047855"},"type":"Feature"},{"geometry":{"coordinates":[-90.19685309513656,38.663689224592645],"type":"Point"},"id":"stl-city-public-streetlights:2:155124","properties":{"address":null,"attributes":{"Date_Installed":null,"LED_Powered":0,"LightID":"L047856","Light_Source":"LED","Light_Type":"Cobra","Lighting_Type":"LED-Powered Lamp","Verification_Date":null},"id":"stl-city-public-streetlights:2:155124","sourceLayerId":2,"sourceObjectId":155124,"sourceURL":"https://maps8.stlouis-mo.gov/arcgis/rest/services/STREETS/Streets_Permitting/MapServer/2","title":"Street light L047856"},"type":"Feature"},{"geometry":{"coordinates":[-90.19654005916772,38.66211920577957],"type":"Point"},"id":"stl-city-public-streetlights:2:155125","properties":{"address":null,"attributes":{"Date_Installed":null,"LED_Powered":0,"LightID":"L047857","Light_Source":"LED","Light_Type":"Cobra","Lighting_Type":"LED-Powered Lamp","Verification_Date":null},"id":"stl-city-public-streetlights:2:155125","sourceLayerId":2,"sourceObjectId":155125,"sourceURL":"https://maps8.stlouis-mo.gov/arcgis/rest/services/STREETS/Streets_Permitting/MapServer/2","title":"Street light L047857"},"type":"Feature"},{"geometry":{"coordinates":[-90.19614496726771,38.66224884898409],"type":"Point"},"id":"stl-city-public-streetlights:2:155126","properties":{"address":null,"attributes":{"Date_Installed":null,"LED_Powered":0,"LightID":"L047858","Light_Source":"LED","Light_Type":"Cobra","Lighting_Type":"LED-Powered Lamp","Verification_Date":null},"id":"stl-city-public-streetlights:2:155126","sourceLayerId":2,"sourceObjectId":155126,"sourceURL":"https://maps8.stlouis-mo.gov/arcgis/rest/services/STREETS/Streets_Permitting/MapServer/2","title":"Street light L047858"},"type":"Feature"},{"geometry":{"coordinates":[-90.19577435307211,38.66236289353141],"type":"Point"},"id":"stl-city-public-streetlights:2:155127","properties":{"address":null,"attributes":{"Date_Installed":null,"LED_Powered":0,"LightID":"L047859","Light_Source":"LED","Light_Type":"Cobra","Lighting_Type":"LED-Powered Lamp","Verification_Date":null},"id":"stl-city-public-streetlights:2:155127","sourceLayerId":2,"sourceObjectId":155127,"sourceURL":"https://maps8.stlouis-mo.gov/arcgis/rest/services/STREETS/Streets_Permitting/MapServer/2","title":"Street light L047859"},"type":"Feature"},{"geometry":{"coordinates":[-90.1961224239877,38.66122398690227],"type":"Point"},"id":"stl-city-public-streetlights:2:155128","properties":{"address":null,"attributes":{"Date_Installed":null,"LED_Powered":0,"LightID":"L047860","Light_Source":"LED","Light_Type":"Cobra","Lighting_Type":"LED-Powered Lamp","Verification_Date":null},"id":"stl-city-public-streetlights:2:155128","sourceLayerId":2,"sourceObjectId":155128,"sourceURL":"https://maps8.stlouis-mo.gov/arcgis/rest/services/STREETS/Streets_Permitting/MapServer/2","title":"Street light L047860"},"type":"Feature"},{"geometry":{"coordinates":[-90.19568952112667,38.661367307596336],"type":"Point"},"id":"stl-city-public-streetlights:2:155129","properties":{"address":null,"attributes":{"Date_Installed":null,"LED_Powered":0,"LightID":"L047861","Light_Source":"LED","Light_Type":"Cobra","Lighting_Type":"LED-Powered Lamp","Verification_Date":null},"id":"stl-city-public-streetlights:2:155129","sourceLayerId":2,"sourceObjectId":155129,"sourceURL":"https://maps8.stlouis-mo.gov/arcgis/rest/services/STREETS/Streets_Permitting/MapServer/2","title":"Street light L047861"},"type":"Feature"},{"geometry":{"coordinates":[-90.19524714262197,38.66150774078467],"type":"Point"},"id":"stl-city-public-streetlights:2:155130","properties":{"address":null,"attributes":{"Date_Installed":null,"LED_Powered":0,"LightID":"L047862","Light_Source":"LED","Light_Type":"Cobra","Lighting_Type":"LED-Powered Lamp","Verification_Date":null},"id":"stl-city-public-streetlights:2:155130","sourceLayerId":2,"sourceObjectId":155130,"sourceURL":"https://maps8.stlouis-mo.gov/arcgis/rest/services/STREETS/Streets_Permitting/MapServer/2","title":"Street light L047862"},"type":"Feature"},{"geometry":{"coordinates":[-90.19563422799318,38.66029579601877],"type":"Point"},"id":"stl-city-public-streetlights:2:155131","properties":{"address":null,"attributes":{"Date_Installed":null,"LED_Powered":0,"LightID":"L047863","Light_Source":"LED","Light_Type":"Cobra","Lighting_Type":"LED-Powered Lamp","Verification_Date":null},"id":"stl-city-public-streetlights:2:155131","sourceLayerId":2,"sourceObjectId":155131,"sourceURL":"https://maps8.stlouis-mo.gov/arcgis/rest/services/STREETS/Streets_Permitting/MapServer/2","title":"Street light L047863"},"type":"Feature"},{"geometry":{"coordinates":[-90.19524885546727,38.660414925686574],"type":"Point"},"id":"stl-city-public-streetlights:2:155132","properties":{"address":null,"attributes":{"Date_Installed":null,"LED_Powered":0,"LightID":"L047864","Light_Source":"LED","Light_Type":"Cobra","Lighting_Type":"LED-Powered Lamp","Verification_Date":null},"id":"stl-city-public-streetlights:2:155132","sourceLayerId":2,"sourceObjectId":155132,"sourceURL":"https://maps8.stlouis-mo.gov/arcgis/rest/services/STREETS/Streets_Permitting/MapServer/2","title":"Street light L047864"},"type":"Feature"},{"geometry":{"coordinates":[-90.19480592711086,38.66055750261325],"type":"Point"},"id":"stl-city-public-streetlights:2:155133","properties":{"address":null,"attributes":{"Date_Installed":null,"LED_Powered":0,"LightID":"L047865","Light_Source":"LED","Light_Type":"Cobra","Lighting_Type":"LED-Powered Lamp","Verification_Date":null},"id":"stl-city-public-streetlights:2:155133","sourceLayerId":2,"sourceObjectId":155133,"sourceURL":"https://maps8.stlouis-mo.gov/arcgis/rest/services/STREETS/Streets_Permitting/MapServer/2","title":"Street light L047865"},"type":"Feature"},{"geometry":{"coordinates":[-90.19156737428028,38.66008343971644],"type":"Point"},"id":"stl-city-public-streetlights:2:155143","properties":{"address":null,"attributes":{"Date_Installed":null,"LED_Powered":0,"LightID":"L047875","Light_Source":"LED","Light_Type":"Cobra","Lighting_Type":"LED-Powered Lamp","Verification_Date":null},"id":"stl-city-public-streetlights:2:155143","sourceLayerId":2,"sourceObjectId":155143,"sourceURL":"https://maps8.stlouis-mo.gov/arcgis/rest/services/STREETS/Streets_Permitting/MapServer/2","title":"Street light L047875"},"type":"Feature"},{"geometry":{"coordinates":[-90.19118109713992,38.660284835936274],"type":"Point"},"id":"stl-city-public-streetlights:2:155144","properties":{"address":null,"attributes":{"Date_Installed":null,"LED_Powered":0,"LightID":"L047876","Light_Source":"LED","Light_Type":"Cobra","Lighting_Type":"LED-Powered Lamp","Verification_Date":null},"id":"stl-city-public-streetlights:2:155144","sourceLayerId":2,"sourceObjectId":155144,"sourceURL":"https://maps8.stlouis-mo.gov/arcgis/rest/services/STREETS/Streets_Permitting/MapServer/2","title":"Street light L047876"},"type":"Feature"},{"geometry":{"coordinates":[-90.19060371711969,38.66037388608054],"type":"Point"},"id":"stl-city-public-streetlights:2:155145","properties":{"address":null,"attributes":{"Date_Installed":null,"LED_Powered":0,"LightID":"L047877","Light_Source":"LED","Light_Type":"Cobra","Lighting_Type":"LED-Powered Lamp","Verification_Date":null},"id":"stl-city-public-streetlights:2:155145","sourceLayerId":2,"sourceObjectId":155145,"sourceURL":"https://maps8.stlouis-mo.gov/arcgis/rest/services/STREETS/Streets_Permitting/MapServer/2","title":"Street light L047877"},"type":"Feature"},{"geometry":{"coordinates":[-90.19013974163538,38.66053092903805],"type":"Point"},"id":"stl-city-public-streetlights:2:155146","properties":{"address":null,"attributes":{"Date_Installed":null,"LED_Powered":0,"LightID":"L047878","Light_Source":"LED","Light_Type":"Cobra","Lighting_Type":"LED-Powered Lamp","Verification_Date":null},"id":"stl-city-public-streetlights:2:155146","sourceLayerId":2,"sourceObjectId":155146,"sourceURL":"https://maps8.stlouis-mo.gov/arcgis/rest/services/STREETS/Streets_Permitting/MapServer/2","title":"Street light L047878"},"type":"Feature"},{"geometry":{"coordinates":[-90.19982893617644,38.6687353011702],"type":"Point"},"id":"stl-city-public-streetlights:2:157672","properties":{"address":null,"attributes":{"Date_Installed":"4/1/2017","LED_Powered":1,"LightID":"L050385","Light_Source":"LED","Light_Type":"Cobra","Lighting_Type":"LED-Powered Lamp","Verification_Date":null},"id":"stl-city-public-streetlights:2:157672","sourceLayerId":2,"sourceObjectId":157672,"sourceURL":"https://maps8.stlouis-mo.gov/arcgis/rest/services/STREETS/Streets_Permitting/MapServer/2","title":"Street light L050385"},"type":"Feature"},{"geometry":{"coordinates":[-90.19940671487623,38.668277997489675],"type":"Point"},"id":"stl-city-public-streetlights:2:157673","properties":{"address":null,"attributes":{"Date_Installed":"4/1/2017","LED_Powered":1,"LightID":"L050386","Light_Source":"LED","Light_Type":"Cobra","Lighting_Type":"LED-Powered Lamp","Verification_Date":null},"id":"stl-city-public-streetlights:2:157673","sourceLayerId":2,"sourceObjectId":157673,"sourceURL":"https://maps8.stlouis-mo.gov/arcgis/rest/services/STREETS/Streets_Permitting/MapServer/2","title":"Street light L050386"},"type":"Feature"},{"geometry":{"coordinates":[-90.19901727735437,38.66787826834218],"type":"Point"},"id":"stl-city-public-streetlights:2:157674","properties":{"address":null,"attributes":{"Date_Installed":"4/1/2017","LED_Powered":1,"LightID":"L050387","Light_Source":"LED","Light_Type":"Cobra","Lighting_Type":"LED-Powered Lamp","Verification_Date":null},"id":"stl-city-public-streetlights:2:157674","sourceLayerId":2,"sourceObjectId":157674,"sourceURL":"https://maps8.stlouis-mo.gov/arcgis/rest/services/STREETS/Streets_Permitting/MapServer/2","title":"Street light L050387"},"type":"Feature"},{"geometry":{"coordinates":[-90.198650414779,38.667490038169774],"type":"Point"},"id":"stl-city-public-streetlights:2:157675","properties":{"address":null,"attributes":{"Date_Installed":"4/1/2017","LED_Powered":1,"LightID":"L050388","Light_Source":"LED","Light_Type":"Cobra","Lighting_Type":"LED-Powered Lamp","Verification_Date":null},"id":"stl-city-public-streetlights:2:157675","sourceLayerId":2,"sourceObjectId":157675,"sourceURL":"https://maps8.stlouis-mo.gov/arcgis/rest/services/STREETS/Streets_Permitting/MapServer/2","title":"Street light L050388"},"type":"Feature"},{"geometry":{"coordinates":[-90.19790951327646,38.666991862341646],"type":"Point"},"id":"stl-city-public-streetlights:2:157682","properties":{"address":null,"attributes":{"Date_Installed":"4/1/2017","LED_Powered":1,"LightID":"L050395","Light_Source":"LED","Light_Type":"Cobra","Lighting_Type":"LED-Powered Lamp","Verification_Date":null},"id":"stl-city-public-streetlights:2:157682","sourceLayerId":2,"sourceObjectId":157682,"sourceURL":"https://maps8.stlouis-mo.gov/arcgis/rest/services/STREETS/Streets_Permitting/MapServer/2","title":"Street light L050395"},"type":"Feature"},{"geometry":{"coordinates":[-90.19830054467799,38.667400465835044],"type":"Point"},"id":"stl-city-public-streetlights:2:157683","properties":{"address":null,"attributes":{"Date_Installed":"4/1/2017","LED_Powered":1,"LightID":"L050396","Light_Source":"LED","Light_Type":"Cobra","Lighting_Type":"LED-Powered Lamp","Verification_Date":null},"id":"stl-city-public-streetlights:2:157683","sourceLayerId":2,"sourceObjectId":157683,"sourceURL":"https://maps8.stlouis-mo.gov/arcgis/rest/services/STREETS/Streets_Permitting/MapServer/2","title":"Street light L050396"},"type":"Feature"},{"geometry":{"coordinates":[-90.19867466565323,38.667797297628255],"type":"Point"},"id":"stl-city-public-streetlights:2:157684","properties":{"address":null,"attributes":{"Date_Installed":"4/1/2017","LED_Powered":1,"LightID":"L050397","Light_Source":"LED","Light_Type":"Cobra","Lighting_Type":"LED-Powered Lamp","Verification_Date":null},"id":"stl-city-public-streetlights:2:157684","sourceLayerId":2,"sourceObjectId":157684,"sourceURL":"https://maps8.stlouis-mo.gov/arcgis/rest/services/STREETS/Streets_Permitting/MapServer/2","title":"Street light L050397"},"type":"Feature"},{"geometry":{"coordinates":[-90.19904699472424,38.66818725885696],"type":"Point"},"id":"stl-city-public-streetlights:2:157685","properties":{"address":null,"attributes":{"Date_Installed":"4/1/2017","LED_Powered":1,"LightID":"L050398","Light_Source":"LED","Light_Type":"Cobra","Lighting_Type":"LED-Powered Lamp","Verification_Date":null},"id":"stl-city-public-streetlights:2:157685","sourceLayerId":2,"sourceObjectId":157685,"sourceURL":"https://maps8.stlouis-mo.gov/arcgis/rest/services/STREETS/Streets_Permitting/MapServer/2","title":"Street light L050398"},"type":"Feature"},{"geometry":{"coordinates":[-90.19944001187464,38.668604158925476],"type":"Point"},"id":"stl-city-public-streetlights:2:157686","properties":{"address":null,"attributes":{"Date_Installed":"4/1/2017","LED_Powered":1,"LightID":"L050399","Light_Source":"LED","Light_Type":"Cobra","Lighting_Type":"LED-Powered Lamp","Verification_Date":null},"id":"stl-city-public-streetlights:2:157686","sourceLayerId":2,"sourceObjectId":157686,"sourceURL":"https://maps8.stlouis-mo.gov/arcgis/rest/services/STREETS/Streets_Permitting/MapServer/2","title":"Street light L050399"},"type":"Feature"},{"geometry":{"coordinates":[-90.19980961502539,38.66899368185954],"type":"Point"},"id":"stl-city-public-streetlights:2:157687","properties":{"address":null,"attributes":{"Date_Installed":"4/1/2017","LED_Powered":1,"LightID":"L050400","Light_Source":"LED","Light_Type":"Cobra","Lighting_Type":"LED-Powered Lamp","Verification_Date":null},"id":"stl-city-public-streetlights:2:157687","sourceLayerId":2,"sourceObjectId":157687,"sourceURL":"https://maps8.stlouis-mo.gov/arcgis/rest/services/STREETS/Streets_Permitting/MapServer/2","title":"Street light L050400"},"type":"Feature"},{"geometry":{"coordinates":[-90.19987822454699,38.66672688214883],"type":"Point"},"id":"stl-city-public-streetlights:2:157692","properties":{"address":null,"attributes":{"Date_Installed":null,"LED_Powered":0,"LightID":"L050405","Light_Source":"High Pressure Sodium","Light_Type":"Cobra","Lighting_Type":"70-W High Pressure Sodium Vapor Wallpack","Verification_Date":null},"id":"stl-city-public-streetlights:2:157692","sourceLayerId":2,"sourceObjectId":157692,"sourceURL":"https://maps8.stlouis-mo.gov/arcgis/rest/services/STREETS/Streets_Permitting/MapServer/2","title":"Street light L050405"},"type":"Feature"},{"geometry":{"coordinates":[-90.1995371755911,38.66691864716228],"type":"Point"},"id":"stl-city-public-streetlights:2:157693","properties":{"address":null,"attributes":{"Date_Installed":null,"LED_Powered":0,"LightID":"L050406","Light_Source":"LED","Light_Type":"Cobra","Lighting_Type":"LED-Powered Lamp","Verification_Date":null},"id":"stl-city-public-streetlights:2:157693","sourceLayerId":2,"sourceObjectId":157693,"sourceURL":"https://maps8.stlouis-mo.gov/arcgis/rest/services/STREETS/Streets_Permitting/MapServer/2","title":"Street light L050406"},"type":"Feature"},{"geometry":{"coordinates":[-90.19910492888401,38.667134443723626],"type":"Point"},"id":"stl-city-public-streetlights:2:157694","properties":{"address":null,"attributes":{"Date_Installed":null,"LED_Powered":0,"LightID":"L050407","Light_Source":"LED","Light_Type":"Cobra","Lighting_Type":"LED-Powered Lamp","Verification_Date":null},"id":"stl-city-public-streetlights:2:157694","sourceLayerId":2,"sourceObjectId":157694,"sourceURL":"https://maps8.stlouis-mo.gov/arcgis/rest/services/STREETS/Streets_Permitting/MapServer/2","title":"Street light L050407"},"type":"Feature"},{"geometry":{"coordinates":[-90.19869735509936,38.667356856166904],"type":"Point"},"id":"stl-city-public-streetlights:2:157695","properties":{"address":null,"attributes":{"Date_Installed":null,"LED_Powered":0,"LightID":"L050408","Light_Source":"LED","Light_Type":"Cobra","Lighting_Type":"LED-Powered Lamp","Verification_Date":null},"id":"stl-city-public-streetlights:2:157695","sourceLayerId":2,"sourceObjectId":157695,"sourceURL":"https://maps8.stlouis-mo.gov/arcgis/rest/services/STREETS/Streets_Permitting/MapServer/2","title":"Street light L050408"},"type":"Feature"},{"geometry":{"coordinates":[-90.19827562247,38.667605964391576],"type":"Point"},"id":"stl-city-public-streetlights:2:157696","properties":{"address":null,"attributes":{"Date_Installed":null,"LED_Powered":0,"LightID":"L050409","Light_Source":"LED","Light_Type":"Cobra","Lighting_Type":"LED-Powered Lamp","Verification_Date":null},"id":"stl-city-public-streetlights:2:157696","sourceLayerId":2,"sourceObjectId":157696,"sourceURL":"https://maps8.stlouis-mo.gov/arcgis/rest/services/STREETS/Streets_Permitting/MapServer/2","title":"Street light L050409"},"type":"Feature"},{"geometry":{"coordinates":[-90.19788316329453,38.66781963654749],"type":"Point"},"id":"stl-city-public-streetlights:2:157697","properties":{"address":null,"attributes":{"Date_Installed":null,"LED_Powered":0,"LightID":"L050410","Light_Source":"LED","Light_Type":"Cobra","Lighting_Type":"LED-Powered Lamp","Verification_Date":null},"id":"stl-city-public-streetlights:2:157697","sourceLayerId":2,"sourceObjectId":157697,"sourceURL":"https://maps8.stlouis-mo.gov/arcgis/rest/services/STREETS/Streets_Permitting/MapServer/2","title":"Street light L050410"},"type":"Feature"},{"geometry":{"coordinates":[-90.19759871320076,38.66797073559027],"type":"Point"},"id":"stl-city-public-streetlights:2:157698","properties":{"address":null,"attributes":{"Date_Installed":null,"LED_Powered":0,"LightID":"L050411","Light_Source":"LED","Light_Type":"Cobra","Lighting_Type":"LED-Powered Lamp","Verification_Date":null},"id":"stl-city-public-streetlights:2:157698","sourceLayerId":2,"sourceObjectId":157698,"sourceURL":"https://maps8.stlouis-mo.gov/arcgis/rest/services/STREETS/Streets_Permitting/MapServer/2","title":"Street light L050411"},"type":"Feature"},{"geometry":{"coordinates":[-90.19722146896576,38.668172365788934],"type":"Point"},"id":"stl-city-public-streetlights:2:157699","properties":{"address":null,"attributes":{"Date_Installed":null,"LED_Powered":0,"LightID":"L050412","Light_Source":"LED","Light_Type":"Cobra","Lighting_Type":"LED-Powered Lamp","Verification_Date":null},"id":"stl-city-public-streetlights:2:157699","sourceLayerId":2,"sourceObjectId":157699,"sourceURL":"https://maps8.stlouis-mo.gov/arcgis/rest/services/STREETS/Streets_Permitting/MapServer/2","title":"Street light L050412"},"type":"Feature"},{"geometry":{"coordinates":[-90.19678356897319,38.66840970983584],"type":"Point"},"id":"stl-city-public-streetlights:2:157700","properties":{"address":null,"attributes":{"Date_Installed":null,"LED_Powered":0,"LightID":"L050413","Light_Source":"LED","Light_Type":"Cobra","Lighting_Type":"LED-Powered Lamp","Verification_Date":null},"id":"stl-city-public-streetlights:2:157700","sourceLayerId":2,"sourceObjectId":157700,"sourceURL":"https://maps8.stlouis-mo.gov/arcgis/rest/services/STREETS/Streets_Permitting/MapServer/2","title":"Street light L050413"},"type":"Feature"},{"geometry":{"coordinates":[-90.1965443208579,38.66854681381779],"type":"Point"},"id":"stl-city-public-streetlights:2:157701","properties":{"address":null,"attributes":{"Date_Installed":null,"LED_Powered":0,"LightID":"L050414","Light_Source":"LED","Light_Type":"Cobra","Lighting_Type":"LED-Powered Lamp","Verification_Date":null},"id":"stl-city-public-streetlights:2:157701","sourceLayerId":2,"sourceObjectId":157701,"sourceURL":"https://maps8.stlouis-mo.gov/arcgis/rest/services/STREETS/Streets_Permitting/MapServer/2","title":"Street light L050414"},"type":"Feature"},{"geometry":{"coordinates":[-90.19618417148344,38.668730845684586],"type":"Point"},"id":"stl-city-public-streetlights:2:157702","properties":{"address":null,"attributes":{"Date_Installed":null,"LED_Powered":0,"LightID":"L050415","Light_Source":"LED","Light_Type":"Cobra","Lighting_Type":"LED-Powered Lamp","Verification_Date":null},"id":"stl-city-public-streetlights:2:157702","sourceLayerId":2,"sourceObjectId":157702,"sourceURL":"https://maps8.stlouis-mo.gov/arcgis/rest/services/STREETS/Streets_Permitting/MapServer/2","title":"Street light L050415"},"type":"Feature"},{"geometry":{"coordinates":[-90.19584286417683,38.668916355134755],"type":"Point"},"id":"stl-city-public-streetlights:2:157703","properties":{"address":null,"attributes":{"Date_Installed":null,"LED_Powered":0,"LightID":"L050416","Light_Source":"LED","Light_Type":"Cobra","Lighting_Type":"LED-Powered Lamp","Verification_Date":null},"id":"stl-city-public-streetlights:2:157703","sourceLayerId":2,"sourceObjectId":157703,"sourceURL":"https://maps8.stlouis-mo.gov/arcgis/rest/services/STREETS/Streets_Permitting/MapServer/2","title":"Street light L050416"},"type":"Feature"},{"geometry":{"coordinates":[-90.19552312782966,38.669090955977886],"type":"Point"},"id":"stl-city-public-streetlights:2:157704","properties":{"address":null,"attributes":{"Date_Installed":null,"LED_Powered":0,"LightID":"L050417","Light_Source":"LED","Light_Type":"Cobra","Lighting_Type":"LED-Powered Lamp","Verification_Date":null},"id":"stl-city-public-streetlights:2:157704","sourceLayerId":2,"sourceObjectId":157704,"sourceURL":"https://maps8.stlouis-mo.gov/arcgis/rest/services/STREETS/Streets_Permitting/MapServer/2","title":"Street light L050417"},"type":"Feature"},{"geometry":{"coordinates":[-90.1950862682644,38.66929547442526],"type":"Point"},"id":"stl-city-public-streetlights:2:157705","properties":{"address":null,"attributes":{"Date_Installed":null,"LED_Powered":0,"LightID":"L050418","Light_Source":"LED","Light_Type":"Cobra","Lighting_Type":"LED-Powered Lamp","Verification_Date":null},"id":"stl-city-public-streetlights:2:157705","sourceLayerId":2,"sourceObjectId":157705,"sourceURL":"https://maps8.stlouis-mo.gov/arcgis/rest/services/STREETS/Streets_Permitting/MapServer/2","title":"Street light L050418"},"type":"Feature"},{"geometry":{"coordinates":[-90.19474097240193,38.66941661380209],"type":"Point"},"id":"stl-city-public-streetlights:2:157706","properties":{"address":null,"attributes":{"Date_Installed":null,"LED_Powered":0,"LightID":"L050419","Light_Source":"LED","Light_Type":"Cobra","Lighting_Type":"LED-Powered Lamp","Verification_Date":null},"id":"stl-city-public-streetlights:2:157706","sourceLayerId":2,"sourceObjectId":157706,"sourceURL":"https://maps8.stlouis-mo.gov/arcgis/rest/services/STREETS/Streets_Permitting/MapServer/2","title":"Street light L050419"},"type":"Feature"},{"geometry":{"coordinates":[-90.19428367571507,38.66957821905379],"type":"Point"},"id":"stl-city-public-streetlights:2:157707","properties":{"address":null,"attributes":{"Date_Installed":null,"LED_Powered":0,"LightID":"L050420","Light_Source":"LED","Light_Type":"Cobra","Lighting_Type":"LED-Powered Lamp","Verification_Date":null},"id":"stl-city-public-streetlights:2:157707","sourceLayerId":2,"sourceObjectId":157707,"sourceURL":"https://maps8.stlouis-mo.gov/arcgis/rest/services/STREETS/Streets_Permitting/MapServer/2","title":"Street light L050420"},"type":"Feature"},{"geometry":{"coordinates":[-90.19381524713955,38.669740746505234],"type":"Point"},"id":"stl-city-public-streetlights:2:157708","properties":{"address":null,"attributes":{"Date_Installed":null,"LED_Powered":0,"LightID":"L050421","Light_Source":"LED","Light_Type":"Cobra","Lighting_Type":"LED-Powered Lamp","Verification_Date":null},"id":"stl-city-public-streetlights:2:157708","sourceLayerId":2,"sourceObjectId":157708,"sourceURL":"https://maps8.stlouis-mo.gov/arcgis/rest/services/STREETS/Streets_Permitting/MapServer/2","title":"Street light L050421"},"type":"Feature"},{"geometry":{"coordinates":[-90.19335096670827,38.669905796413694],"type":"Point"},"id":"stl-city-public-streetlights:2:157709","properties":{"address":null,"attributes":{"Date_Installed":null,"LED_Powered":0,"LightID":"L050422","Light_Source":"LED","Light_Type":"Cobra","Lighting_Type":"LED-Powered Lamp","Verification_Date":null},"id":"stl-city-public-streetlights:2:157709","sourceLayerId":2,"sourceObjectId":157709,"sourceURL":"https://maps8.stlouis-mo.gov/arcgis/rest/services/STREETS/Streets_Permitting/MapServer/2","title":"Street light L050422"},"type":"Feature"},{"geometry":{"coordinates":[-90.19546949394906,38.66758315190996],"type":"Point"},"id":"stl-city-public-streetlights:2:157717","properties":{"address":null,"attributes":{"Date_Installed":null,"LED_Powered":0,"LightID":"L050430","Light_Source":"LED","Light_Type":"Cobra","Lighting_Type":"LED-Powered Lamp","Verification_Date":null},"id":"stl-city-public-streetlights:2:157717","sourceLayerId":2,"sourceObjectId":157717,"sourceURL":"https://maps8.stlouis-mo.gov/arcgis/rest/services/STREETS/Streets_Permitting/MapServer/2","title":"Street light L050430"},"type":"Feature"},{"geometry":{"coordinates":[-90.19597595768847,38.667943275320255],"type":"Point"},"id":"stl-city-public-streetlights:2:157718","properties":{"address":null,"attributes":{"Date_Installed":null,"LED_Powered":0,"LightID":"L050431","Light_Source":"LED","Light_Type":"Cobra","Lighting_Type":"LED-Powered Lamp","Verification_Date":null},"id":"stl-city-public-streetlights:2:157718","sourceLayerId":2,"sourceObjectId":157718,"sourceURL":"https://maps8.stlouis-mo.gov/arcgis/rest/services/STREETS/Streets_Permitting/MapServer/2","title":"Street light L050431"},"type":"Feature"},{"geometry":{"coordinates":[-90.19629981750913,38.6683111187833],"type":"Point"},"id":"stl-city-public-streetlights:2:157719","properties":{"address":null,"attributes":{"Date_Installed":null,"LED_Powered":0,"LightID":"L050432","Light_Source":"LED","Light_Type":"Cobra","Lighting_Type":"LED-Powered Lamp","Verification_Date":null},"id":"stl-city-public-streetlights:2:157719","sourceLayerId":2,"sourceObjectId":157719,"sourceURL":"https://maps8.stlouis-mo.gov/arcgis/rest/services/STREETS/Streets_Permitting/MapServer/2","title":"Street light L050432"},"type":"Feature"},{"geometry":{"coordinates":[-90.19980560171392,38.66792662849076],"type":"Point"},"id":"stl-city-public-streetlights:2:157720","properties":{"address":null,"attributes":{"Date_Installed":null,"LED_Powered":0,"LightID":"L050433","Light_Source":"LED","Light_Type":"Cobra","Lighting_Type":"LED-Powered Lamp","Verification_Date":null},"id":"stl-city-public-streetlights:2:157720","sourceLayerId":2,"sourceObjectId":157720,"sourceURL":"https://maps8.stlouis-mo.gov/arcgis/rest/services/STREETS/Streets_Permitting/MapServer/2","title":"Street light L050433"},"type":"Feature"},{"geometry":{"coordinates":[-90.19940831126904,38.66813941679683],"type":"Point"},"id":"stl-city-public-streetlights:2:157721","properties":{"address":null,"attributes":{"Date_Installed":null,"LED_Powered":0,"LightID":"L050434","Light_Source":"LED","Light_Type":"Cobra","Lighting_Type":"LED-Powered Lamp","Verification_Date":null},"id":"stl-city-public-streetlights:2:157721","sourceLayerId":2,"sourceObjectId":157721,"sourceURL":"https://maps8.stlouis-mo.gov/arcgis/rest/services/STREETS/Streets_Permitting/MapServer/2","title":"Street light L050434"},"type":"Feature"},{"geometry":{"coordinates":[-90.19947422870145,38.668870887779946],"type":"Point"},"id":"stl-city-public-streetlights:2:157722","properties":{"address":null,"attributes":{"Date_Installed":null,"LED_Powered":0,"LightID":"L050435","Light_Source":"LED","Light_Type":"Cobra","Lighting_Type":"LED-Powered Lamp","Verification_Date":null},"id":"stl-city-public-streetlights:2:157722","sourceLayerId":2,"sourceObjectId":157722,"sourceURL":"https://maps8.stlouis-mo.gov/arcgis/rest/services/STREETS/Streets_Permitting/MapServer/2","title":"Street light L050435"},"type":"Feature"},{"geometry":{"coordinates":[-90.19906894346644,38.66908913622686],"type":"Point"},"id":"stl-city-public-streetlights:2:157723","properties":{"address":null,"attributes":{"Date_Installed":null,"LED_Powered":0,"LightID":"L050436","Light_Source":"LED","Light_Type":"Cobra","Lighting_Type":"LED-Powered Lamp","Verification_Date":null},"id":"stl-city-public-streetlights:2:157723","sourceLayerId":2,"sourceObjectId":157723,"sourceURL":"https://maps8.stlouis-mo.gov/arcgis/rest/services/STREETS/Streets_Permitting/MapServer/2","title":"Street light L050436"},"type":"Feature"},{"geometry":{"coordinates":[-90.19880537808872,38.66922551469983],"type":"Point"},"id":"stl-city-public-streetlights:2:157724","properties":{"address":null,"attributes":{"Date_Installed":null,"LED_Powered":0,"LightID":"L050437","Light_Source":"LED","Light_Type":"Cobra","Lighting_Type":"LED-Powered Lamp","Verification_Date":null},"id":"stl-city-public-streetlights:2:157724","sourceLayerId":2,"sourceObjectId":157724,"sourceURL":"https://maps8.stlouis-mo.gov/arcgis/rest/services/STREETS/Streets_Permitting/MapServer/2","title":"Street light L050437"},"type":"Feature"}],"layerId":"city-streetlights","retrievedAt":"2026-09-13T21:56:18.173251+00:00","schema":"property-infrastructure-geojson-v1","sourceId":"stl-city-public-streetlights","tileId":"-9020_3866","type":"FeatureCollection"}