{"features":[{"geometry":{"coordinates":[-90.25891103340093,38.542022831642555],"type":"Point"},"id":"stl-city-public-streetlights:2:107320","properties":{"address":null,"attributes":{"Date_Installed":null,"LED_Powered":0,"LightID":"L000064","Light_Source":"LED","Light_Type":"Cobra","Lighting_Type":"LED-Powered Lamp","Verification_Date":null},"id":"stl-city-public-streetlights:2:107320","sourceLayerId":2,"sourceObjectId":107320,"sourceURL":"https://maps8.stlouis-mo.gov/arcgis/rest/services/STREETS/Streets_Permitting/MapServer/2","title":"Street light L000064"},"type":"Feature"},{"geometry":{"coordinates":[-90.25865178863904,38.542268343551356],"type":"Point"},"id":"stl-city-public-streetlights:2:107321","properties":{"address":null,"attributes":{"Date_Installed":null,"LED_Powered":0,"LightID":"L000065","Light_Source":"LED","Light_Type":"Cobra","Lighting_Type":"LED-Powered Lamp","Verification_Date":null},"id":"stl-city-public-streetlights:2:107321","sourceLayerId":2,"sourceObjectId":107321,"sourceURL":"https://maps8.stlouis-mo.gov/arcgis/rest/services/STREETS/Streets_Permitting/MapServer/2","title":"Street light L000065"},"type":"Feature"},{"geometry":{"coordinates":[-90.25988479981122,38.54267228480436],"type":"Point"},"id":"stl-city-public-streetlights:2:107325","properties":{"address":null,"attributes":{"Date_Installed":null,"LED_Powered":0,"LightID":"L000069","Light_Source":"LED","Light_Type":"Cobra","Lighting_Type":"LED-Powered Lamp","Verification_Date":null},"id":"stl-city-public-streetlights:2:107325","sourceLayerId":2,"sourceObjectId":107325,"sourceURL":"https://maps8.stlouis-mo.gov/arcgis/rest/services/STREETS/Streets_Permitting/MapServer/2","title":"Street light L000069"},"type":"Feature"},{"geometry":{"coordinates":[-90.25967841589842,38.54285444765417],"type":"Point"},"id":"stl-city-public-streetlights:2:107326","properties":{"address":null,"attributes":{"Date_Installed":null,"LED_Powered":0,"LightID":"L000070","Light_Source":"LED","Light_Type":"Cobra","Lighting_Type":"LED-Powered Lamp","Verification_Date":null},"id":"stl-city-public-streetlights:2:107326","sourceLayerId":2,"sourceObjectId":107326,"sourceURL":"https://maps8.stlouis-mo.gov/arcgis/rest/services/STREETS/Streets_Permitting/MapServer/2","title":"Street light L000070"},"type":"Feature"},{"geometry":{"coordinates":[-90.25989458819242,38.542375540657446],"type":"Point"},"id":"stl-city-public-streetlights:2:107327","properties":{"address":null,"attributes":{"Date_Installed":null,"LED_Powered":0,"LightID":"L000071","Light_Source":"High Pressure Sodium","Light_Type":"Cobra","Lighting_Type":"150-W High Pressure Sodium Vapor Lamp","Verification_Date":null},"id":"stl-city-public-streetlights:2:107327","sourceLayerId":2,"sourceObjectId":107327,"sourceURL":"https://maps8.stlouis-mo.gov/arcgis/rest/services/STREETS/Streets_Permitting/MapServer/2","title":"Street light L000071"},"type":"Feature"},{"geometry":{"coordinates":[-90.25671952313886,38.54170271888832],"type":"Point"},"id":"stl-city-public-streetlights:2:107433","properties":{"address":null,"attributes":{"Date_Installed":null,"LED_Powered":0,"LightID":"L000177","Light_Source":"High Pressure Sodium","Light_Type":"Cobra","Lighting_Type":"150-W High Pressure Sodium Vapor Lamp","Verification_Date":null},"id":"stl-city-public-streetlights:2:107433","sourceLayerId":2,"sourceObjectId":107433,"sourceURL":"https://maps8.stlouis-mo.gov/arcgis/rest/services/STREETS/Streets_Permitting/MapServer/2","title":"Street light L000177"},"type":"Feature"},{"geometry":{"coordinates":[-90.25645124340866,38.541537296513404],"type":"Point"},"id":"stl-city-public-streetlights:2:107434","properties":{"address":null,"attributes":{"Date_Installed":null,"LED_Powered":0,"LightID":"L000178","Light_Source":"High Pressure Sodium","Light_Type":"Cobra","Lighting_Type":"150-W High Pressure Sodium Vapor Lamp","Verification_Date":null},"id":"stl-city-public-streetlights:2:107434","sourceLayerId":2,"sourceObjectId":107434,"sourceURL":"https://maps8.stlouis-mo.gov/arcgis/rest/services/STREETS/Streets_Permitting/MapServer/2","title":"Street light L000178"},"type":"Feature"},{"geometry":{"coordinates":[-90.256249260484,38.54160480979246],"type":"Point"},"id":"stl-city-public-streetlights:2:107435","properties":{"address":null,"attributes":{"Date_Installed":null,"LED_Powered":0,"LightID":"L000179","Light_Source":"High Pressure Sodium","Light_Type":"Cobra","Lighting_Type":"150-W High Pressure Sodium Vapor Lamp","Verification_Date":null},"id":"stl-city-public-streetlights:2:107435","sourceLayerId":2,"sourceObjectId":107435,"sourceURL":"https://maps8.stlouis-mo.gov/arcgis/rest/services/STREETS/Streets_Permitting/MapServer/2","title":"Street light L000179"},"type":"Feature"},{"geometry":{"coordinates":[-90.25604236610108,38.541842900552524],"type":"Point"},"id":"stl-city-public-streetlights:2:107436","properties":{"address":null,"attributes":{"Date_Installed":null,"LED_Powered":0,"LightID":"L000180","Light_Source":"High Pressure Sodium","Light_Type":"Cobra","Lighting_Type":"150-W High Pressure Sodium Vapor Lamp","Verification_Date":null},"id":"stl-city-public-streetlights:2:107436","sourceLayerId":2,"sourceObjectId":107436,"sourceURL":"https://maps8.stlouis-mo.gov/arcgis/rest/services/STREETS/Streets_Permitting/MapServer/2","title":"Street light L000180"},"type":"Feature"},{"geometry":{"coordinates":[-90.25582037995993,38.54208887931303],"type":"Point"},"id":"stl-city-public-streetlights:2:107437","properties":{"address":null,"attributes":{"Date_Installed":null,"LED_Powered":0,"LightID":"L000181","Light_Source":"High Pressure Sodium","Light_Type":"Cobra","Lighting_Type":"150-W High Pressure Sodium Vapor Lamp","Verification_Date":null},"id":"stl-city-public-streetlights:2:107437","sourceLayerId":2,"sourceObjectId":107437,"sourceURL":"https://maps8.stlouis-mo.gov/arcgis/rest/services/STREETS/Streets_Permitting/MapServer/2","title":"Street light L000181"},"type":"Feature"},{"geometry":{"coordinates":[-90.25583110952702,38.54222640853143],"type":"Point"},"id":"stl-city-public-streetlights:2:107438","properties":{"address":null,"attributes":{"Date_Installed":null,"LED_Powered":0,"LightID":"L000182","Light_Source":"High Pressure Sodium","Light_Type":"Cobra","Lighting_Type":"150-W High Pressure Sodium Vapor Lamp","Verification_Date":null},"id":"stl-city-public-streetlights:2:107438","sourceLayerId":2,"sourceObjectId":107438,"sourceURL":"https://maps8.stlouis-mo.gov/arcgis/rest/services/STREETS/Streets_Permitting/MapServer/2","title":"Street light L000182"},"type":"Feature"},{"geometry":{"coordinates":[-90.25601291028288,38.542337120385916],"type":"Point"},"id":"stl-city-public-streetlights:2:107439","properties":{"address":null,"attributes":{"Date_Installed":null,"LED_Powered":0,"LightID":"L000183","Light_Source":"High Pressure Sodium","Light_Type":"Cobra","Lighting_Type":"150-W High Pressure Sodium Vapor Lamp","Verification_Date":null},"id":"stl-city-public-streetlights:2:107439","sourceLayerId":2,"sourceObjectId":107439,"sourceURL":"https://maps8.stlouis-mo.gov/arcgis/rest/services/STREETS/Streets_Permitting/MapServer/2","title":"Street light L000183"},"type":"Feature"},{"geometry":{"coordinates":[-90.25625167555252,38.54249376785592],"type":"Point"},"id":"stl-city-public-streetlights:2:107440","properties":{"address":null,"attributes":{"Date_Installed":null,"LED_Powered":0,"LightID":"L000184","Light_Source":"High Pressure Sodium","Light_Type":"Cobra","Lighting_Type":"150-W High Pressure Sodium Vapor Lamp","Verification_Date":null},"id":"stl-city-public-streetlights:2:107440","sourceLayerId":2,"sourceObjectId":107440,"sourceURL":"https://maps8.stlouis-mo.gov/arcgis/rest/services/STREETS/Streets_Permitting/MapServer/2","title":"Street light L000184"},"type":"Feature"},{"geometry":{"coordinates":[-90.25649301051823,38.5426595166117],"type":"Point"},"id":"stl-city-public-streetlights:2:107441","properties":{"address":null,"attributes":{"Date_Installed":null,"LED_Powered":0,"LightID":"L000185","Light_Source":"High Pressure Sodium","Light_Type":"Cobra","Lighting_Type":"150-W High Pressure Sodium Vapor Lamp","Verification_Date":null},"id":"stl-city-public-streetlights:2:107441","sourceLayerId":2,"sourceObjectId":107441,"sourceURL":"https://maps8.stlouis-mo.gov/arcgis/rest/services/STREETS/Streets_Permitting/MapServer/2","title":"Street light L000185"},"type":"Feature"},{"geometry":{"coordinates":[-90.25650126749072,38.542911247353345],"type":"Point"},"id":"stl-city-public-streetlights:2:107442","properties":{"address":null,"attributes":{"Date_Installed":null,"LED_Powered":0,"LightID":"L000186","Light_Source":"High Pressure Sodium","Light_Type":"Cobra","Lighting_Type":"150-W High Pressure Sodium Vapor Lamp","Verification_Date":null},"id":"stl-city-public-streetlights:2:107442","sourceLayerId":2,"sourceObjectId":107442,"sourceURL":"https://maps8.stlouis-mo.gov/arcgis/rest/services/STREETS/Streets_Permitting/MapServer/2","title":"Street light L000186"},"type":"Feature"},{"geometry":{"coordinates":[-90.25622545332516,38.54315895362004],"type":"Point"},"id":"stl-city-public-streetlights:2:107443","properties":{"address":null,"attributes":{"Date_Installed":null,"LED_Powered":0,"LightID":"L000187","Light_Source":"High Pressure Sodium","Light_Type":"Cobra","Lighting_Type":"150-W High Pressure Sodium Vapor Lamp","Verification_Date":null},"id":"stl-city-public-streetlights:2:107443","sourceLayerId":2,"sourceObjectId":107443,"sourceURL":"https://maps8.stlouis-mo.gov/arcgis/rest/services/STREETS/Streets_Permitting/MapServer/2","title":"Street light L000187"},"type":"Feature"},{"geometry":{"coordinates":[-90.25595509788313,38.54340724357756],"type":"Point"},"id":"stl-city-public-streetlights:2:107444","properties":{"address":null,"attributes":{"Date_Installed":null,"LED_Powered":0,"LightID":"L000188","Light_Source":"High Pressure Sodium","Light_Type":"Cobra","Lighting_Type":"150-W High Pressure Sodium Vapor Lamp","Verification_Date":null},"id":"stl-city-public-streetlights:2:107444","sourceLayerId":2,"sourceObjectId":107444,"sourceURL":"https://maps8.stlouis-mo.gov/arcgis/rest/services/STREETS/Streets_Permitting/MapServer/2","title":"Street light L000188"},"type":"Feature"},{"geometry":{"coordinates":[-90.2559135643401,38.54351067359411],"type":"Point"},"id":"stl-city-public-streetlights:2:107445","properties":{"address":null,"attributes":{"Date_Installed":null,"LED_Powered":0,"LightID":"L000189","Light_Source":"High Pressure Sodium","Light_Type":"Cobra","Lighting_Type":"150-W High Pressure Sodium Vapor Lamp","Verification_Date":null},"id":"stl-city-public-streetlights:2:107445","sourceLayerId":2,"sourceObjectId":107445,"sourceURL":"https://maps8.stlouis-mo.gov/arcgis/rest/services/STREETS/Streets_Permitting/MapServer/2","title":"Street light L000189"},"type":"Feature"},{"geometry":{"coordinates":[-90.25616078461476,38.543674312748145],"type":"Point"},"id":"stl-city-public-streetlights:2:107446","properties":{"address":null,"attributes":{"Date_Installed":null,"LED_Powered":0,"LightID":"L000190","Light_Source":"High Pressure Sodium","Light_Type":"Cobra","Lighting_Type":"150-W High Pressure Sodium Vapor Lamp","Verification_Date":null},"id":"stl-city-public-streetlights:2:107446","sourceLayerId":2,"sourceObjectId":107446,"sourceURL":"https://maps8.stlouis-mo.gov/arcgis/rest/services/STREETS/Streets_Permitting/MapServer/2","title":"Street light L000190"},"type":"Feature"},{"geometry":{"coordinates":[-90.25643256167874,38.54385420432625],"type":"Point"},"id":"stl-city-public-streetlights:2:107447","properties":{"address":null,"attributes":{"Date_Installed":null,"LED_Powered":0,"LightID":"L000191","Light_Source":"High Pressure Sodium","Light_Type":"Cobra","Lighting_Type":"150-W High Pressure Sodium Vapor Lamp","Verification_Date":null},"id":"stl-city-public-streetlights:2:107447","sourceLayerId":2,"sourceObjectId":107447,"sourceURL":"https://maps8.stlouis-mo.gov/arcgis/rest/services/STREETS/Streets_Permitting/MapServer/2","title":"Street light L000191"},"type":"Feature"},{"geometry":{"coordinates":[-90.25680723053269,38.54410539217284],"type":"Point"},"id":"stl-city-public-streetlights:2:107448","properties":{"address":null,"attributes":{"Date_Installed":null,"LED_Powered":0,"LightID":"L000192","Light_Source":"LED","Light_Type":"Cobra","Lighting_Type":"LED-Powered Lamp","Verification_Date":null},"id":"stl-city-public-streetlights:2:107448","sourceLayerId":2,"sourceObjectId":107448,"sourceURL":"https://maps8.stlouis-mo.gov/arcgis/rest/services/STREETS/Streets_Permitting/MapServer/2","title":"Street light L000192"},"type":"Feature"},{"geometry":{"coordinates":[-90.25719603162453,38.54435954506875],"type":"Point"},"id":"stl-city-public-streetlights:2:107449","properties":{"address":null,"attributes":{"Date_Installed":null,"LED_Powered":0,"LightID":"L000193","Light_Source":"LED","Light_Type":"Cobra","Lighting_Type":"LED-Powered Lamp","Verification_Date":null},"id":"stl-city-public-streetlights:2:107449","sourceLayerId":2,"sourceObjectId":107449,"sourceURL":"https://maps8.stlouis-mo.gov/arcgis/rest/services/STREETS/Streets_Permitting/MapServer/2","title":"Street light L000193"},"type":"Feature"},{"geometry":{"coordinates":[-90.25748218238007,38.544548133403],"type":"Point"},"id":"stl-city-public-streetlights:2:107450","properties":{"address":null,"attributes":{"Date_Installed":null,"LED_Powered":0,"LightID":"L000194","Light_Source":"LED","Light_Type":"Cobra","Lighting_Type":"LED-Powered Lamp","Verification_Date":null},"id":"stl-city-public-streetlights:2:107450","sourceLayerId":2,"sourceObjectId":107450,"sourceURL":"https://maps8.stlouis-mo.gov/arcgis/rest/services/STREETS/Streets_Permitting/MapServer/2","title":"Street light L000194"},"type":"Feature"},{"geometry":{"coordinates":[-90.25782005717598,38.5447725804129],"type":"Point"},"id":"stl-city-public-streetlights:2:107451","properties":{"address":null,"attributes":{"Date_Installed":null,"LED_Powered":0,"LightID":"L000195","Light_Source":"LED","Light_Type":"Cobra","Lighting_Type":"LED-Powered Lamp","Verification_Date":null},"id":"stl-city-public-streetlights:2:107451","sourceLayerId":2,"sourceObjectId":107451,"sourceURL":"https://maps8.stlouis-mo.gov/arcgis/rest/services/STREETS/Streets_Permitting/MapServer/2","title":"Street light L000195"},"type":"Feature"},{"geometry":{"coordinates":[-90.25742080698878,38.54502484034371],"type":"Point"},"id":"stl-city-public-streetlights:2:107452","properties":{"address":null,"attributes":{"Date_Installed":null,"LED_Powered":0,"LightID":"L000196","Light_Source":"LED","Light_Type":"Cobra","Lighting_Type":"LED-Powered Lamp","Verification_Date":null},"id":"stl-city-public-streetlights:2:107452","sourceLayerId":2,"sourceObjectId":107452,"sourceURL":"https://maps8.stlouis-mo.gov/arcgis/rest/services/STREETS/Streets_Permitting/MapServer/2","title":"Street light L000196"},"type":"Feature"},{"geometry":{"coordinates":[-90.25708955951913,38.54533436001967],"type":"Point"},"id":"stl-city-public-streetlights:2:107453","properties":{"address":null,"attributes":{"Date_Installed":null,"LED_Powered":0,"LightID":"L000197","Light_Source":"LED","Light_Type":"Cobra","Lighting_Type":"LED-Powered Lamp","Verification_Date":null},"id":"stl-city-public-streetlights:2:107453","sourceLayerId":2,"sourceObjectId":107453,"sourceURL":"https://maps8.stlouis-mo.gov/arcgis/rest/services/STREETS/Streets_Permitting/MapServer/2","title":"Street light L000197"},"type":"Feature"},{"geometry":{"coordinates":[-90.25698521853636,38.545489982754276],"type":"Point"},"id":"stl-city-public-streetlights:2:107454","properties":{"address":null,"attributes":{"Date_Installed":null,"LED_Powered":0,"LightID":"L000198","Light_Source":"LED","Light_Type":"Cobra","Lighting_Type":"LED-Powered Lamp","Verification_Date":null},"id":"stl-city-public-streetlights:2:107454","sourceLayerId":2,"sourceObjectId":107454,"sourceURL":"https://maps8.stlouis-mo.gov/arcgis/rest/services/STREETS/Streets_Permitting/MapServer/2","title":"Street light L000198"},"type":"Feature"},{"geometry":{"coordinates":[-90.25730259743021,38.54570083097826],"type":"Point"},"id":"stl-city-public-streetlights:2:107455","properties":{"address":null,"attributes":{"Date_Installed":null,"LED_Powered":0,"LightID":"L000199","Light_Source":"LED","Light_Type":"Cobra","Lighting_Type":"LED-Powered Lamp","Verification_Date":null},"id":"stl-city-public-streetlights:2:107455","sourceLayerId":2,"sourceObjectId":107455,"sourceURL":"https://maps8.stlouis-mo.gov/arcgis/rest/services/STREETS/Streets_Permitting/MapServer/2","title":"Street light L000199"},"type":"Feature"},{"geometry":{"coordinates":[-90.25760058573296,38.54590167509618],"type":"Point"},"id":"stl-city-public-streetlights:2:107456","properties":{"address":null,"attributes":{"Date_Installed":null,"LED_Powered":0,"LightID":"L000200","Light_Source":"LED","Light_Type":"Cobra","Lighting_Type":"LED-Powered Lamp","Verification_Date":null},"id":"stl-city-public-streetlights:2:107456","sourceLayerId":2,"sourceObjectId":107456,"sourceURL":"https://maps8.stlouis-mo.gov/arcgis/rest/services/STREETS/Streets_Permitting/MapServer/2","title":"Street light L000200"},"type":"Feature"},{"geometry":{"coordinates":[-90.25792763981661,38.54612488853336],"type":"Point"},"id":"stl-city-public-streetlights:2:107457","properties":{"address":null,"attributes":{"Date_Installed":null,"LED_Powered":0,"LightID":"L000201","Light_Source":"LED","Light_Type":"Cobra","Lighting_Type":"LED-Powered Lamp","Verification_Date":null},"id":"stl-city-public-streetlights:2:107457","sourceLayerId":2,"sourceObjectId":107457,"sourceURL":"https://maps8.stlouis-mo.gov/arcgis/rest/services/STREETS/Streets_Permitting/MapServer/2","title":"Street light L000201"},"type":"Feature"},{"geometry":{"coordinates":[-90.25824139622776,38.54633148435024],"type":"Point"},"id":"stl-city-public-streetlights:2:107458","properties":{"address":null,"attributes":{"Date_Installed":null,"LED_Powered":0,"LightID":"L000202","Light_Source":"LED","Light_Type":"Cobra","Lighting_Type":"LED-Powered Lamp","Verification_Date":null},"id":"stl-city-public-streetlights:2:107458","sourceLayerId":2,"sourceObjectId":107458,"sourceURL":"https://maps8.stlouis-mo.gov/arcgis/rest/services/STREETS/Streets_Permitting/MapServer/2","title":"Street light L000202"},"type":"Feature"},{"geometry":{"coordinates":[-90.25860264603972,38.54656797194435],"type":"Point"},"id":"stl-city-public-streetlights:2:107459","properties":{"address":null,"attributes":{"Date_Installed":null,"LED_Powered":0,"LightID":"L000203","Light_Source":"LED","Light_Type":"Cobra","Lighting_Type":"LED-Powered Lamp","Verification_Date":null},"id":"stl-city-public-streetlights:2:107459","sourceLayerId":2,"sourceObjectId":107459,"sourceURL":"https://maps8.stlouis-mo.gov/arcgis/rest/services/STREETS/Streets_Permitting/MapServer/2","title":"Street light L000203"},"type":"Feature"},{"geometry":{"coordinates":[-90.25848876653185,38.54397833997491],"type":"Point"},"id":"stl-city-public-streetlights:2:107460","properties":{"address":null,"attributes":{"Date_Installed":null,"LED_Powered":0,"LightID":"L000204","Light_Source":"LED","Light_Type":"Cobra","Lighting_Type":"LED-Powered Lamp","Verification_Date":null},"id":"stl-city-public-streetlights:2:107460","sourceLayerId":2,"sourceObjectId":107460,"sourceURL":"https://maps8.stlouis-mo.gov/arcgis/rest/services/STREETS/Streets_Permitting/MapServer/2","title":"Street light L000204"},"type":"Feature"},{"geometry":{"coordinates":[-90.25886077869788,38.544233560833355],"type":"Point"},"id":"stl-city-public-streetlights:2:107461","properties":{"address":null,"attributes":{"Date_Installed":null,"LED_Powered":0,"LightID":"L000205","Light_Source":"LED","Light_Type":"Cobra","Lighting_Type":"LED-Powered Lamp","Verification_Date":null},"id":"stl-city-public-streetlights:2:107461","sourceLayerId":2,"sourceObjectId":107461,"sourceURL":"https://maps8.stlouis-mo.gov/arcgis/rest/services/STREETS/Streets_Permitting/MapServer/2","title":"Street light L000205"},"type":"Feature"},{"geometry":{"coordinates":[-90.2592605460575,38.54449467813626],"type":"Point"},"id":"stl-city-public-streetlights:2:107462","properties":{"address":null,"attributes":{"Date_Installed":null,"LED_Powered":0,"LightID":"L000206","Light_Source":"LED","Light_Type":"Cobra","Lighting_Type":"LED-Powered Lamp","Verification_Date":null},"id":"stl-city-public-streetlights:2:107462","sourceLayerId":2,"sourceObjectId":107462,"sourceURL":"https://maps8.stlouis-mo.gov/arcgis/rest/services/STREETS/Streets_Permitting/MapServer/2","title":"Street light L000206"},"type":"Feature"},{"geometry":{"coordinates":[-90.25954160084792,38.54467688967773],"type":"Point"},"id":"stl-city-public-streetlights:2:107463","properties":{"address":null,"attributes":{"Date_Installed":null,"LED_Powered":0,"LightID":"L000207","Light_Source":"LED","Light_Type":"Cobra","Lighting_Type":"LED-Powered Lamp","Verification_Date":null},"id":"stl-city-public-streetlights:2:107463","sourceLayerId":2,"sourceObjectId":107463,"sourceURL":"https://maps8.stlouis-mo.gov/arcgis/rest/services/STREETS/Streets_Permitting/MapServer/2","title":"Street light L000207"},"type":"Feature"},{"geometry":{"coordinates":[-90.25987617197131,38.54490306902342],"type":"Point"},"id":"stl-city-public-streetlights:2:107464","properties":{"address":null,"attributes":{"Date_Installed":null,"LED_Powered":0,"LightID":"L000208","Light_Source":"LED","Light_Type":"Cobra","Lighting_Type":"LED-Powered Lamp","Verification_Date":null},"id":"stl-city-public-streetlights:2:107464","sourceLayerId":2,"sourceObjectId":107464,"sourceURL":"https://maps8.stlouis-mo.gov/arcgis/rest/services/STREETS/Streets_Permitting/MapServer/2","title":"Street light L000208"},"type":"Feature"},{"geometry":{"coordinates":[-90.25978974925142,38.54420516223829],"type":"Point"},"id":"stl-city-public-streetlights:2:107466","properties":{"address":null,"attributes":{"Date_Installed":null,"LED_Powered":0,"LightID":"L000210","Light_Source":"LED","Light_Type":"Cobra","Lighting_Type":"LED-Powered Lamp","Verification_Date":null},"id":"stl-city-public-streetlights:2:107466","sourceLayerId":2,"sourceObjectId":107466,"sourceURL":"https://maps8.stlouis-mo.gov/arcgis/rest/services/STREETS/Streets_Permitting/MapServer/2","title":"Street light L000210"},"type":"Feature"},{"geometry":{"coordinates":[-90.25947848707129,38.54448102601135],"type":"Point"},"id":"stl-city-public-streetlights:2:107467","properties":{"address":null,"attributes":{"Date_Installed":null,"LED_Powered":0,"LightID":"L000211","Light_Source":"LED","Light_Type":"Cobra","Lighting_Type":"LED-Powered Lamp","Verification_Date":null},"id":"stl-city-public-streetlights:2:107467","sourceLayerId":2,"sourceObjectId":107467,"sourceURL":"https://maps8.stlouis-mo.gov/arcgis/rest/services/STREETS/Streets_Permitting/MapServer/2","title":"Street light L000211"},"type":"Feature"},{"geometry":{"coordinates":[-90.25919193496422,38.544725374791156],"type":"Point"},"id":"stl-city-public-streetlights:2:107468","properties":{"address":null,"attributes":{"Date_Installed":null,"LED_Powered":0,"LightID":"L000212","Light_Source":"LED","Light_Type":"Cobra","Lighting_Type":"LED-Powered Lamp","Verification_Date":null},"id":"stl-city-public-streetlights:2:107468","sourceLayerId":2,"sourceObjectId":107468,"sourceURL":"https://maps8.stlouis-mo.gov/arcgis/rest/services/STREETS/Streets_Permitting/MapServer/2","title":"Street light L000212"},"type":"Feature"},{"geometry":{"coordinates":[-90.2588789525576,38.54501553615439],"type":"Point"},"id":"stl-city-public-streetlights:2:107469","properties":{"address":null,"attributes":{"Date_Installed":null,"LED_Powered":0,"LightID":"L000213","Light_Source":"LED","Light_Type":"Cobra","Lighting_Type":"LED-Powered Lamp","Verification_Date":null},"id":"stl-city-public-streetlights:2:107469","sourceLayerId":2,"sourceObjectId":107469,"sourceURL":"https://maps8.stlouis-mo.gov/arcgis/rest/services/STREETS/Streets_Permitting/MapServer/2","title":"Street light L000213"},"type":"Feature"},{"geometry":{"coordinates":[-90.25858764875889,38.54527105205837],"type":"Point"},"id":"stl-city-public-streetlights:2:107470","properties":{"address":null,"attributes":{"Date_Installed":null,"LED_Powered":0,"LightID":"L000214","Light_Source":"LED","Light_Type":"Cobra","Lighting_Type":"LED-Powered Lamp","Verification_Date":null},"id":"stl-city-public-streetlights:2:107470","sourceLayerId":2,"sourceObjectId":107470,"sourceURL":"https://maps8.stlouis-mo.gov/arcgis/rest/services/STREETS/Streets_Permitting/MapServer/2","title":"Street light L000214"},"type":"Feature"},{"geometry":{"coordinates":[-90.25825146057586,38.54556593684874],"type":"Point"},"id":"stl-city-public-streetlights:2:107471","properties":{"address":null,"attributes":{"Date_Installed":null,"LED_Powered":0,"LightID":"L000215","Light_Source":"LED","Light_Type":"Cobra","Lighting_Type":"LED-Powered Lamp","Verification_Date":null},"id":"stl-city-public-streetlights:2:107471","sourceLayerId":2,"sourceObjectId":107471,"sourceURL":"https://maps8.stlouis-mo.gov/arcgis/rest/services/STREETS/Streets_Permitting/MapServer/2","title":"Street light L000215"},"type":"Feature"},{"geometry":{"coordinates":[-90.25794031198129,38.545829389440506],"type":"Point"},"id":"stl-city-public-streetlights:2:107472","properties":{"address":null,"attributes":{"Date_Installed":null,"LED_Powered":0,"LightID":"L000216","Light_Source":"LED","Light_Type":"Cobra","Lighting_Type":"LED-Powered Lamp","Verification_Date":null},"id":"stl-city-public-streetlights:2:107472","sourceLayerId":2,"sourceObjectId":107472,"sourceURL":"https://maps8.stlouis-mo.gov/arcgis/rest/services/STREETS/Streets_Permitting/MapServer/2","title":"Street light L000216"},"type":"Feature"},{"geometry":{"coordinates":[-90.25942894232435,38.545832130674086],"type":"Point"},"id":"stl-city-public-streetlights:2:107473","properties":{"address":null,"attributes":{"Date_Installed":null,"LED_Powered":0,"LightID":"L000217","Light_Source":"LED","Light_Type":"Cobra","Lighting_Type":"LED-Powered Lamp","Verification_Date":null},"id":"stl-city-public-streetlights:2:107473","sourceLayerId":2,"sourceObjectId":107473,"sourceURL":"https://maps8.stlouis-mo.gov/arcgis/rest/services/STREETS/Streets_Permitting/MapServer/2","title":"Street light L000217"},"type":"Feature"},{"geometry":{"coordinates":[-90.25907139821477,38.545600627117345],"type":"Point"},"id":"stl-city-public-streetlights:2:107474","properties":{"address":null,"attributes":{"Date_Installed":null,"LED_Powered":0,"LightID":"L000218","Light_Source":"LED","Light_Type":"Cobra","Lighting_Type":"LED-Powered Lamp","Verification_Date":null},"id":"stl-city-public-streetlights:2:107474","sourceLayerId":2,"sourceObjectId":107474,"sourceURL":"https://maps8.stlouis-mo.gov/arcgis/rest/services/STREETS/Streets_Permitting/MapServer/2","title":"Street light L000218"},"type":"Feature"},{"geometry":{"coordinates":[-90.25872542297361,38.54537191838516],"type":"Point"},"id":"stl-city-public-streetlights:2:107475","properties":{"address":null,"attributes":{"Date_Installed":null,"LED_Powered":0,"LightID":"L000219","Light_Source":"LED","Light_Type":"Cobra","Lighting_Type":"LED-Powered Lamp","Verification_Date":null},"id":"stl-city-public-streetlights:2:107475","sourceLayerId":2,"sourceObjectId":107475,"sourceURL":"https://maps8.stlouis-mo.gov/arcgis/rest/services/STREETS/Streets_Permitting/MapServer/2","title":"Street light L000219"},"type":"Feature"},{"geometry":{"coordinates":[-90.2584302417114,38.54517491354635],"type":"Point"},"id":"stl-city-public-streetlights:2:107476","properties":{"address":null,"attributes":{"Date_Installed":null,"LED_Powered":0,"LightID":"L000220","Light_Source":"LED","Light_Type":"Cobra","Lighting_Type":"LED-Powered Lamp","Verification_Date":null},"id":"stl-city-public-streetlights:2:107476","sourceLayerId":2,"sourceObjectId":107476,"sourceURL":"https://maps8.stlouis-mo.gov/arcgis/rest/services/STREETS/Streets_Permitting/MapServer/2","title":"Street light L000220"},"type":"Feature"},{"geometry":{"coordinates":[-90.25812870347168,38.54497686779558],"type":"Point"},"id":"stl-city-public-streetlights:2:107477","properties":{"address":null,"attributes":{"Date_Installed":null,"LED_Powered":0,"LightID":"L000221","Light_Source":"LED","Light_Type":"Cobra","Lighting_Type":"LED-Powered Lamp","Verification_Date":null},"id":"stl-city-public-streetlights:2:107477","sourceLayerId":2,"sourceObjectId":107477,"sourceURL":"https://maps8.stlouis-mo.gov/arcgis/rest/services/STREETS/Streets_Permitting/MapServer/2","title":"Street light L000221"},"type":"Feature"},{"geometry":{"coordinates":[-90.25737364733405,38.54343258559173],"type":"Point"},"id":"stl-city-public-streetlights:2:107478","properties":{"address":null,"attributes":{"Date_Installed":null,"LED_Powered":0,"LightID":"L000222","Light_Source":"LED","Light_Type":"Cobra","Lighting_Type":"LED-Powered Lamp","Verification_Date":null},"id":"stl-city-public-streetlights:2:107478","sourceLayerId":2,"sourceObjectId":107478,"sourceURL":"https://maps8.stlouis-mo.gov/arcgis/rest/services/STREETS/Streets_Permitting/MapServer/2","title":"Street light L000222"},"type":"Feature"},{"geometry":{"coordinates":[-90.25709879274213,38.54366609042609],"type":"Point"},"id":"stl-city-public-streetlights:2:107479","properties":{"address":null,"attributes":{"Date_Installed":null,"LED_Powered":0,"LightID":"L000223","Light_Source":"LED","Light_Type":"Cobra","Lighting_Type":"LED-Powered Lamp","Verification_Date":null},"id":"stl-city-public-streetlights:2:107479","sourceLayerId":2,"sourceObjectId":107479,"sourceURL":"https://maps8.stlouis-mo.gov/arcgis/rest/services/STREETS/Streets_Permitting/MapServer/2","title":"Street light L000223"},"type":"Feature"},{"geometry":{"coordinates":[-90.25674112215623,38.54397641383498],"type":"Point"},"id":"stl-city-public-streetlights:2:107480","properties":{"address":null,"attributes":{"Date_Installed":null,"LED_Powered":0,"LightID":"L000224","Light_Source":"LED","Light_Type":"Cobra","Lighting_Type":"LED-Powered Lamp","Verification_Date":null},"id":"stl-city-public-streetlights:2:107480","sourceLayerId":2,"sourceObjectId":107480,"sourceURL":"https://maps8.stlouis-mo.gov/arcgis/rest/services/STREETS/Streets_Permitting/MapServer/2","title":"Street light L000224"},"type":"Feature"},{"geometry":{"coordinates":[-90.25771824501842,38.54724405622933],"type":"Point"},"id":"stl-city-public-streetlights:2:107481","properties":{"address":null,"attributes":{"Date_Installed":null,"LED_Powered":0,"LightID":"L000225","Light_Source":"LED","Light_Type":"Cobra","Lighting_Type":"LED-Powered Lamp","Verification_Date":null},"id":"stl-city-public-streetlights:2:107481","sourceLayerId":2,"sourceObjectId":107481,"sourceURL":"https://maps8.stlouis-mo.gov/arcgis/rest/services/STREETS/Streets_Permitting/MapServer/2","title":"Street light L000225"},"type":"Feature"},{"geometry":{"coordinates":[-90.25738147330637,38.547021203189615],"type":"Point"},"id":"stl-city-public-streetlights:2:107482","properties":{"address":null,"attributes":{"Date_Installed":null,"LED_Powered":0,"LightID":"L000226","Light_Source":"LED","Light_Type":"Cobra","Lighting_Type":"LED-Powered Lamp","Verification_Date":null},"id":"stl-city-public-streetlights:2:107482","sourceLayerId":2,"sourceObjectId":107482,"sourceURL":"https://maps8.stlouis-mo.gov/arcgis/rest/services/STREETS/Streets_Permitting/MapServer/2","title":"Street light L000226"},"type":"Feature"},{"geometry":{"coordinates":[-90.25709265681809,38.54683515600159],"type":"Point"},"id":"stl-city-public-streetlights:2:107483","properties":{"address":null,"attributes":{"Date_Installed":null,"LED_Powered":0,"LightID":"L000227","Light_Source":"LED","Light_Type":"Cobra","Lighting_Type":"LED-Powered Lamp","Verification_Date":null},"id":"stl-city-public-streetlights:2:107483","sourceLayerId":2,"sourceObjectId":107483,"sourceURL":"https://maps8.stlouis-mo.gov/arcgis/rest/services/STREETS/Streets_Permitting/MapServer/2","title":"Street light L000227"},"type":"Feature"},{"geometry":{"coordinates":[-90.25671568062333,38.54658266076506],"type":"Point"},"id":"stl-city-public-streetlights:2:107484","properties":{"address":null,"attributes":{"Date_Installed":null,"LED_Powered":0,"LightID":"L000228","Light_Source":"LED","Light_Type":"Cobra","Lighting_Type":"LED-Powered Lamp","Verification_Date":null},"id":"stl-city-public-streetlights:2:107484","sourceLayerId":2,"sourceObjectId":107484,"sourceURL":"https://maps8.stlouis-mo.gov/arcgis/rest/services/STREETS/Streets_Permitting/MapServer/2","title":"Street light L000228"},"type":"Feature"},{"geometry":{"coordinates":[-90.25634439327719,38.546336372562514],"type":"Point"},"id":"stl-city-public-streetlights:2:107485","properties":{"address":null,"attributes":{"Date_Installed":null,"LED_Powered":0,"LightID":"L000229","Light_Source":"LED","Light_Type":"Cobra","Lighting_Type":"LED-Powered Lamp","Verification_Date":null},"id":"stl-city-public-streetlights:2:107485","sourceLayerId":2,"sourceObjectId":107485,"sourceURL":"https://maps8.stlouis-mo.gov/arcgis/rest/services/STREETS/Streets_Permitting/MapServer/2","title":"Street light L000229"},"type":"Feature"},{"geometry":{"coordinates":[-90.25595497516565,38.54606668674997],"type":"Point"},"id":"stl-city-public-streetlights:2:107486","properties":{"address":null,"attributes":{"Date_Installed":null,"LED_Powered":0,"LightID":"L000230","Light_Source":"LED","Light_Type":"Cobra","Lighting_Type":"LED-Powered Lamp","Verification_Date":null},"id":"stl-city-public-streetlights:2:107486","sourceLayerId":2,"sourceObjectId":107486,"sourceURL":"https://maps8.stlouis-mo.gov/arcgis/rest/services/STREETS/Streets_Permitting/MapServer/2","title":"Street light L000230"},"type":"Feature"},{"geometry":{"coordinates":[-90.25564729639686,38.54586033622978],"type":"Point"},"id":"stl-city-public-streetlights:2:107487","properties":{"address":null,"attributes":{"Date_Installed":null,"LED_Powered":0,"LightID":"L000231","Light_Source":"LED","Light_Type":"Cobra","Lighting_Type":"LED-Powered Lamp","Verification_Date":null},"id":"stl-city-public-streetlights:2:107487","sourceLayerId":2,"sourceObjectId":107487,"sourceURL":"https://maps8.stlouis-mo.gov/arcgis/rest/services/STREETS/Streets_Permitting/MapServer/2","title":"Street light L000231"},"type":"Feature"},{"geometry":{"coordinates":[-90.25528806587488,38.54561310855418],"type":"Point"},"id":"stl-city-public-streetlights:2:107488","properties":{"address":null,"attributes":{"Date_Installed":null,"LED_Powered":0,"LightID":"L000232","Light_Source":"LED","Light_Type":"Cobra","Lighting_Type":"LED-Powered Lamp","Verification_Date":null},"id":"stl-city-public-streetlights:2:107488","sourceLayerId":2,"sourceObjectId":107488,"sourceURL":"https://maps8.stlouis-mo.gov/arcgis/rest/services/STREETS/Streets_Permitting/MapServer/2","title":"Street light L000232"},"type":"Feature"},{"geometry":{"coordinates":[-90.25489803972354,38.545373459472955],"type":"Point"},"id":"stl-city-public-streetlights:2:107489","properties":{"address":null,"attributes":{"Date_Installed":null,"LED_Powered":0,"LightID":"L000233","Light_Source":"LED","Light_Type":"Cobra","Lighting_Type":"LED-Powered Lamp","Verification_Date":null},"id":"stl-city-public-streetlights:2:107489","sourceLayerId":2,"sourceObjectId":107489,"sourceURL":"https://maps8.stlouis-mo.gov/arcgis/rest/services/STREETS/Streets_Permitting/MapServer/2","title":"Street light L000233"},"type":"Feature"},{"geometry":{"coordinates":[-90.25458429788246,38.54516661687085],"type":"Point"},"id":"stl-city-public-streetlights:2:107490","properties":{"address":null,"attributes":{"Date_Installed":null,"LED_Powered":0,"LightID":"L000234","Light_Source":"LED","Light_Type":"Cobra","Lighting_Type":"LED-Powered Lamp","Verification_Date":null},"id":"stl-city-public-streetlights:2:107490","sourceLayerId":2,"sourceObjectId":107490,"sourceURL":"https://maps8.stlouis-mo.gov/arcgis/rest/services/STREETS/Streets_Permitting/MapServer/2","title":"Street light L000234"},"type":"Feature"},{"geometry":{"coordinates":[-90.25423908649059,38.544932295565104],"type":"Point"},"id":"stl-city-public-streetlights:2:107491","properties":{"address":null,"attributes":{"Date_Installed":null,"LED_Powered":0,"LightID":"L000235","Light_Source":"LED","Light_Type":"Cobra","Lighting_Type":"LED-Powered Lamp","Verification_Date":null},"id":"stl-city-public-streetlights:2:107491","sourceLayerId":2,"sourceObjectId":107491,"sourceURL":"https://maps8.stlouis-mo.gov/arcgis/rest/services/STREETS/Streets_Permitting/MapServer/2","title":"Street light L000235"},"type":"Feature"},{"geometry":{"coordinates":[-90.25706874114924,38.54661503451895],"type":"Point"},"id":"stl-city-public-streetlights:2:107492","properties":{"address":null,"attributes":{"Date_Installed":null,"LED_Powered":0,"LightID":"L000236","Light_Source":"LED","Light_Type":"Cobra","Lighting_Type":"LED-Powered Lamp","Verification_Date":null},"id":"stl-city-public-streetlights:2:107492","sourceLayerId":2,"sourceObjectId":107492,"sourceURL":"https://maps8.stlouis-mo.gov/arcgis/rest/services/STREETS/Streets_Permitting/MapServer/2","title":"Street light L000236"},"type":"Feature"},{"geometry":{"coordinates":[-90.257386766117,38.54632649305046],"type":"Point"},"id":"stl-city-public-streetlights:2:107493","properties":{"address":null,"attributes":{"Date_Installed":null,"LED_Powered":0,"LightID":"L000237","Light_Source":"LED","Light_Type":"Cobra","Lighting_Type":"LED-Powered Lamp","Verification_Date":null},"id":"stl-city-public-streetlights:2:107493","sourceLayerId":2,"sourceObjectId":107493,"sourceURL":"https://maps8.stlouis-mo.gov/arcgis/rest/services/STREETS/Streets_Permitting/MapServer/2","title":"Street light L000237"},"type":"Feature"},{"geometry":{"coordinates":[-90.25764379855836,38.54609329310988],"type":"Point"},"id":"stl-city-public-streetlights:2:107494","properties":{"address":null,"attributes":{"Date_Installed":null,"LED_Powered":0,"LightID":"L000238","Light_Source":"LED","Light_Type":"Cobra","Lighting_Type":"LED-Powered Lamp","Verification_Date":null},"id":"stl-city-public-streetlights:2:107494","sourceLayerId":2,"sourceObjectId":107494,"sourceURL":"https://maps8.stlouis-mo.gov/arcgis/rest/services/STREETS/Streets_Permitting/MapServer/2","title":"Street light L000238"},"type":"Feature"},{"geometry":{"coordinates":[-90.25488510417523,38.54561212417313],"type":"Point"},"id":"stl-city-public-streetlights:2:107495","properties":{"address":null,"attributes":{"Date_Installed":null,"LED_Powered":0,"LightID":"L000239","Light_Source":"LED","Light_Type":"Cobra","Lighting_Type":"LED-Powered Lamp","Verification_Date":null},"id":"stl-city-public-streetlights:2:107495","sourceLayerId":2,"sourceObjectId":107495,"sourceURL":"https://maps8.stlouis-mo.gov/arcgis/rest/services/STREETS/Streets_Permitting/MapServer/2","title":"Street light L000239"},"type":"Feature"},{"geometry":{"coordinates":[-90.25460004624954,38.545851083672375],"type":"Point"},"id":"stl-city-public-streetlights:2:107496","properties":{"address":null,"attributes":{"Date_Installed":null,"LED_Powered":0,"LightID":"L000240","Light_Source":"LED","Light_Type":"Cobra","Lighting_Type":"LED-Powered Lamp","Verification_Date":null},"id":"stl-city-public-streetlights:2:107496","sourceLayerId":2,"sourceObjectId":107496,"sourceURL":"https://maps8.stlouis-mo.gov/arcgis/rest/services/STREETS/Streets_Permitting/MapServer/2","title":"Street light L000240"},"type":"Feature"},{"geometry":{"coordinates":[-90.25428545661056,38.5461162003943],"type":"Point"},"id":"stl-city-public-streetlights:2:107497","properties":{"address":null,"attributes":{"Date_Installed":null,"LED_Powered":0,"LightID":"L000241","Light_Source":"LED","Light_Type":"Cobra","Lighting_Type":"LED-Powered Lamp","Verification_Date":null},"id":"stl-city-public-streetlights:2:107497","sourceLayerId":2,"sourceObjectId":107497,"sourceURL":"https://maps8.stlouis-mo.gov/arcgis/rest/services/STREETS/Streets_Permitting/MapServer/2","title":"Street light L000241"},"type":"Feature"},{"geometry":{"coordinates":[-90.25427638572332,38.544742223655206],"type":"Point"},"id":"stl-city-public-streetlights:2:107498","properties":{"address":null,"attributes":{"Date_Installed":null,"LED_Powered":0,"LightID":"L000242","Light_Source":"LED","Light_Type":"Cobra","Lighting_Type":"LED-Powered Lamp","Verification_Date":null},"id":"stl-city-public-streetlights:2:107498","sourceLayerId":2,"sourceObjectId":107498,"sourceURL":"https://maps8.stlouis-mo.gov/arcgis/rest/services/STREETS/Streets_Permitting/MapServer/2","title":"Street light L000242"},"type":"Feature"},{"geometry":{"coordinates":[-90.25461173141463,38.54448555312438],"type":"Point"},"id":"stl-city-public-streetlights:2:107499","properties":{"address":null,"attributes":{"Date_Installed":null,"LED_Powered":0,"LightID":"L000243","Light_Source":"LED","Light_Type":"Cobra","Lighting_Type":"LED-Powered Lamp","Verification_Date":null},"id":"stl-city-public-streetlights:2:107499","sourceLayerId":2,"sourceObjectId":107499,"sourceURL":"https://maps8.stlouis-mo.gov/arcgis/rest/services/STREETS/Streets_Permitting/MapServer/2","title":"Street light L000243"},"type":"Feature"},{"geometry":{"coordinates":[-90.25982076049314,38.54734547780124],"type":"Point"},"id":"stl-city-public-streetlights:2:107521","properties":{"address":null,"attributes":{"Date_Installed":null,"LED_Powered":0,"LightID":"L000265","Light_Source":"LED","Light_Type":"Cobra","Lighting_Type":"LED-Powered Lamp","Verification_Date":null},"id":"stl-city-public-streetlights:2:107521","sourceLayerId":2,"sourceObjectId":107521,"sourceURL":"https://maps8.stlouis-mo.gov/arcgis/rest/services/STREETS/Streets_Permitting/MapServer/2","title":"Street light L000265"},"type":"Feature"},{"geometry":{"coordinates":[-90.25949425950432,38.547630248955095],"type":"Point"},"id":"stl-city-public-streetlights:2:107522","properties":{"address":null,"attributes":{"Date_Installed":null,"LED_Powered":0,"LightID":"L000266","Light_Source":"LED","Light_Type":"Cobra","Lighting_Type":"LED-Powered Lamp","Verification_Date":null},"id":"stl-city-public-streetlights:2:107522","sourceLayerId":2,"sourceObjectId":107522,"sourceURL":"https://maps8.stlouis-mo.gov/arcgis/rest/services/STREETS/Streets_Permitting/MapServer/2","title":"Street light L000266"},"type":"Feature"},{"geometry":{"coordinates":[-90.25916152920954,38.54792251539868],"type":"Point"},"id":"stl-city-public-streetlights:2:107523","properties":{"address":null,"attributes":{"Date_Installed":null,"LED_Powered":0,"LightID":"L000267","Light_Source":"LED","Light_Type":"Cobra","Lighting_Type":"LED-Powered Lamp","Verification_Date":null},"id":"stl-city-public-streetlights:2:107523","sourceLayerId":2,"sourceObjectId":107523,"sourceURL":"https://maps8.stlouis-mo.gov/arcgis/rest/services/STREETS/Streets_Permitting/MapServer/2","title":"Street light L000267"},"type":"Feature"},{"geometry":{"coordinates":[-90.25884865204603,38.54820409471506],"type":"Point"},"id":"stl-city-public-streetlights:2:107524","properties":{"address":null,"attributes":{"Date_Installed":null,"LED_Powered":0,"LightID":"L000268","Light_Source":"LED","Light_Type":"Cobra","Lighting_Type":"LED-Powered Lamp","Verification_Date":null},"id":"stl-city-public-streetlights:2:107524","sourceLayerId":2,"sourceObjectId":107524,"sourceURL":"https://maps8.stlouis-mo.gov/arcgis/rest/services/STREETS/Streets_Permitting/MapServer/2","title":"Street light L000268"},"type":"Feature"},{"geometry":{"coordinates":[-90.25852451952176,38.54848773555628],"type":"Point"},"id":"stl-city-public-streetlights:2:107525","properties":{"address":null,"attributes":{"Date_Installed":null,"LED_Powered":0,"LightID":"L000269","Light_Source":"LED","Light_Type":"Cobra","Lighting_Type":"LED-Powered Lamp","Verification_Date":null},"id":"stl-city-public-streetlights:2:107525","sourceLayerId":2,"sourceObjectId":107525,"sourceURL":"https://maps8.stlouis-mo.gov/arcgis/rest/services/STREETS/Streets_Permitting/MapServer/2","title":"Street light L000269"},"type":"Feature"},{"geometry":{"coordinates":[-90.2582309463787,38.54874557726018],"type":"Point"},"id":"stl-city-public-streetlights:2:107526","properties":{"address":null,"attributes":{"Date_Installed":null,"LED_Powered":0,"LightID":"L000270","Light_Source":"LED","Light_Type":"Cobra","Lighting_Type":"LED-Powered Lamp","Verification_Date":null},"id":"stl-city-public-streetlights:2:107526","sourceLayerId":2,"sourceObjectId":107526,"sourceURL":"https://maps8.stlouis-mo.gov/arcgis/rest/services/STREETS/Streets_Permitting/MapServer/2","title":"Street light L000270"},"type":"Feature"},{"geometry":{"coordinates":[-90.25919828602979,38.54937317260583],"type":"Point"},"id":"stl-city-public-streetlights:2:107527","properties":{"address":null,"attributes":{"Date_Installed":null,"LED_Powered":0,"LightID":"L000271","Light_Source":"LED","Light_Type":"Cobra","Lighting_Type":"LED-Powered Lamp","Verification_Date":null},"id":"stl-city-public-streetlights:2:107527","sourceLayerId":2,"sourceObjectId":107527,"sourceURL":"https://maps8.stlouis-mo.gov/arcgis/rest/services/STREETS/Streets_Permitting/MapServer/2","title":"Street light L000271"},"type":"Feature"},{"geometry":{"coordinates":[-90.25947884236452,38.54912728017335],"type":"Point"},"id":"stl-city-public-streetlights:2:107528","properties":{"address":null,"attributes":{"Date_Installed":null,"LED_Powered":0,"LightID":"L000272","Light_Source":"LED","Light_Type":"Cobra","Lighting_Type":"LED-Powered Lamp","Verification_Date":null},"id":"stl-city-public-streetlights:2:107528","sourceLayerId":2,"sourceObjectId":107528,"sourceURL":"https://maps8.stlouis-mo.gov/arcgis/rest/services/STREETS/Streets_Permitting/MapServer/2","title":"Street light L000272"},"type":"Feature"},{"geometry":{"coordinates":[-90.2597476585738,38.54888827559665],"type":"Point"},"id":"stl-city-public-streetlights:2:107529","properties":{"address":null,"attributes":{"Date_Installed":null,"LED_Powered":0,"LightID":"L000273","Light_Source":"LED","Light_Type":"Cobra","Lighting_Type":"LED-Powered Lamp","Verification_Date":null},"id":"stl-city-public-streetlights:2:107529","sourceLayerId":2,"sourceObjectId":107529,"sourceURL":"https://maps8.stlouis-mo.gov/arcgis/rest/services/STREETS/Streets_Permitting/MapServer/2","title":"Street light L000273"},"type":"Feature"},{"geometry":{"coordinates":[-90.25952623108422,38.54983140645115],"type":"Point"},"id":"stl-city-public-streetlights:2:107546","properties":{"address":null,"attributes":{"Date_Installed":null,"LED_Powered":0,"LightID":"L000290","Light_Source":"LED","Light_Type":"Cobra","Lighting_Type":"LED-Powered Lamp","Verification_Date":null},"id":"stl-city-public-streetlights:2:107546","sourceLayerId":2,"sourceObjectId":107546,"sourceURL":"https://maps8.stlouis-mo.gov/arcgis/rest/services/STREETS/Streets_Permitting/MapServer/2","title":"Street light L000290"},"type":"Feature"},{"geometry":{"coordinates":[-90.25920349266897,38.549618599292096],"type":"Point"},"id":"stl-city-public-streetlights:2:107547","properties":{"address":null,"attributes":{"Date_Installed":null,"LED_Powered":0,"LightID":"L000291","Light_Source":"LED","Light_Type":"Cobra","Lighting_Type":"LED-Powered Lamp","Verification_Date":null},"id":"stl-city-public-streetlights:2:107547","sourceLayerId":2,"sourceObjectId":107547,"sourceURL":"https://maps8.stlouis-mo.gov/arcgis/rest/services/STREETS/Streets_Permitting/MapServer/2","title":"Street light L000291"},"type":"Feature"},{"geometry":{"coordinates":[-90.2588739646155,38.549403392563185],"type":"Point"},"id":"stl-city-public-streetlights:2:107548","properties":{"address":null,"attributes":{"Date_Installed":null,"LED_Powered":0,"LightID":"L000292","Light_Source":"LED","Light_Type":"Cobra","Lighting_Type":"LED-Powered Lamp","Verification_Date":null},"id":"stl-city-public-streetlights:2:107548","sourceLayerId":2,"sourceObjectId":107548,"sourceURL":"https://maps8.stlouis-mo.gov/arcgis/rest/services/STREETS/Streets_Permitting/MapServer/2","title":"Street light L000292"},"type":"Feature"},{"geometry":{"coordinates":[-90.25856238010277,38.54919632643296],"type":"Point"},"id":"stl-city-public-streetlights:2:107549","properties":{"address":null,"attributes":{"Date_Installed":null,"LED_Powered":0,"LightID":"L000293","Light_Source":"LED","Light_Type":"Cobra","Lighting_Type":"LED-Powered Lamp","Verification_Date":null},"id":"stl-city-public-streetlights:2:107549","sourceLayerId":2,"sourceObjectId":107549,"sourceURL":"https://maps8.stlouis-mo.gov/arcgis/rest/services/STREETS/Streets_Permitting/MapServer/2","title":"Street light L000293"},"type":"Feature"},{"geometry":{"coordinates":[-90.25823284356639,38.54898445571813],"type":"Point"},"id":"stl-city-public-streetlights:2:107550","properties":{"address":null,"attributes":{"Date_Installed":null,"LED_Powered":0,"LightID":"L000294","Light_Source":"LED","Light_Type":"Cobra","Lighting_Type":"LED-Powered Lamp","Verification_Date":null},"id":"stl-city-public-streetlights:2:107550","sourceLayerId":2,"sourceObjectId":107550,"sourceURL":"https://maps8.stlouis-mo.gov/arcgis/rest/services/STREETS/Streets_Permitting/MapServer/2","title":"Street light L000294"},"type":"Feature"},{"geometry":{"coordinates":[-90.25791815457228,38.54878125533669],"type":"Point"},"id":"stl-city-public-streetlights:2:107551","properties":{"address":null,"attributes":{"Date_Installed":null,"LED_Powered":0,"LightID":"L000295","Light_Source":"LED","Light_Type":"Cobra","Lighting_Type":"LED-Powered Lamp","Verification_Date":null},"id":"stl-city-public-streetlights:2:107551","sourceLayerId":2,"sourceObjectId":107551,"sourceURL":"https://maps8.stlouis-mo.gov/arcgis/rest/services/STREETS/Streets_Permitting/MapServer/2","title":"Street light L000295"},"type":"Feature"},{"geometry":{"coordinates":[-90.25760532576238,38.548566794860875],"type":"Point"},"id":"stl-city-public-streetlights:2:107552","properties":{"address":null,"attributes":{"Date_Installed":null,"LED_Powered":0,"LightID":"L000296","Light_Source":"LED","Light_Type":"Cobra","Lighting_Type":"LED-Powered Lamp","Verification_Date":null},"id":"stl-city-public-streetlights:2:107552","sourceLayerId":2,"sourceObjectId":107552,"sourceURL":"https://maps8.stlouis-mo.gov/arcgis/rest/services/STREETS/Streets_Permitting/MapServer/2","title":"Street light L000296"},"type":"Feature"},{"geometry":{"coordinates":[-90.25728431769473,38.548348026484774],"type":"Point"},"id":"stl-city-public-streetlights:2:107553","properties":{"address":null,"attributes":{"Date_Installed":null,"LED_Powered":0,"LightID":"L000297","Light_Source":"LED","Light_Type":"Cobra","Lighting_Type":"LED-Powered Lamp","Verification_Date":null},"id":"stl-city-public-streetlights:2:107553","sourceLayerId":2,"sourceObjectId":107553,"sourceURL":"https://maps8.stlouis-mo.gov/arcgis/rest/services/STREETS/Streets_Permitting/MapServer/2","title":"Street light L000297"},"type":"Feature"},{"geometry":{"coordinates":[-90.25681726404102,38.54804452308445],"type":"Point"},"id":"stl-city-public-streetlights:2:107554","properties":{"address":null,"attributes":{"Date_Installed":null,"LED_Powered":0,"LightID":"L000298","Light_Source":"LED","Light_Type":"Cobra","Lighting_Type":"LED-Powered Lamp","Verification_Date":null},"id":"stl-city-public-streetlights:2:107554","sourceLayerId":2,"sourceObjectId":107554,"sourceURL":"https://maps8.stlouis-mo.gov/arcgis/rest/services/STREETS/Streets_Permitting/MapServer/2","title":"Street light L000298"},"type":"Feature"},{"geometry":{"coordinates":[-90.25647283617478,38.547796503735725],"type":"Point"},"id":"stl-city-public-streetlights:2:107555","properties":{"address":null,"attributes":{"Date_Installed":null,"LED_Powered":0,"LightID":"L000299","Light_Source":"LED","Light_Type":"Cobra","Lighting_Type":"LED-Powered Lamp","Verification_Date":null},"id":"stl-city-public-streetlights:2:107555","sourceLayerId":2,"sourceObjectId":107555,"sourceURL":"https://maps8.stlouis-mo.gov/arcgis/rest/services/STREETS/Streets_Permitting/MapServer/2","title":"Street light L000299"},"type":"Feature"},{"geometry":{"coordinates":[-90.25981126255802,38.547501820056326],"type":"Point"},"id":"stl-city-public-streetlights:2:107602","properties":{"address":null,"attributes":{"Date_Installed":null,"LED_Powered":0,"LightID":"L000346","Light_Source":"LED","Light_Type":"Cobra","Lighting_Type":"LED-Powered Lamp","Verification_Date":null},"id":"stl-city-public-streetlights:2:107602","sourceLayerId":2,"sourceObjectId":107602,"sourceURL":"https://maps8.stlouis-mo.gov/arcgis/rest/services/STREETS/Streets_Permitting/MapServer/2","title":"Street light L000346"},"type":"Feature"},{"geometry":{"coordinates":[-90.25947343799531,38.54728278440015],"type":"Point"},"id":"stl-city-public-streetlights:2:107603","properties":{"address":null,"attributes":{"Date_Installed":null,"LED_Powered":0,"LightID":"L000347","Light_Source":"LED","Light_Type":"Cobra","Lighting_Type":"LED-Powered Lamp","Verification_Date":null},"id":"stl-city-public-streetlights:2:107603","sourceLayerId":2,"sourceObjectId":107603,"sourceURL":"https://maps8.stlouis-mo.gov/arcgis/rest/services/STREETS/Streets_Permitting/MapServer/2","title":"Street light L000347"},"type":"Feature"},{"geometry":{"coordinates":[-90.2591451589059,38.54705995387551],"type":"Point"},"id":"stl-city-public-streetlights:2:107604","properties":{"address":null,"attributes":{"Date_Installed":null,"LED_Powered":0,"LightID":"L000348","Light_Source":"LED","Light_Type":"Cobra","Lighting_Type":"LED-Powered Lamp","Verification_Date":null},"id":"stl-city-public-streetlights:2:107604","sourceLayerId":2,"sourceObjectId":107604,"sourceURL":"https://maps8.stlouis-mo.gov/arcgis/rest/services/STREETS/Streets_Permitting/MapServer/2","title":"Street light L000348"},"type":"Feature"},{"geometry":{"coordinates":[-90.25886897209303,38.54687203073402],"type":"Point"},"id":"stl-city-public-streetlights:2:107605","properties":{"address":null,"attributes":{"Date_Installed":null,"LED_Powered":0,"LightID":"L000349","Light_Source":"LED","Light_Type":"Cobra","Lighting_Type":"LED-Powered Lamp","Verification_Date":null},"id":"stl-city-public-streetlights:2:107605","sourceLayerId":2,"sourceObjectId":107605,"sourceURL":"https://maps8.stlouis-mo.gov/arcgis/rest/services/STREETS/Streets_Permitting/MapServer/2","title":"Street light L000349"},"type":"Feature"},{"geometry":{"coordinates":[-90.25999285658354,38.54635837174256],"type":"Point"},"id":"stl-city-public-streetlights:2:107609","properties":{"address":null,"attributes":{"Date_Installed":null,"LED_Powered":0,"LightID":"L000353","Light_Source":"LED","Light_Type":"Cobra","Lighting_Type":"LED-Powered Lamp","Verification_Date":null},"id":"stl-city-public-streetlights:2:107609","sourceLayerId":2,"sourceObjectId":107609,"sourceURL":"https://maps8.stlouis-mo.gov/arcgis/rest/services/STREETS/Streets_Permitting/MapServer/2","title":"Street light L000353"},"type":"Feature"},{"geometry":{"coordinates":[-90.25966941694594,38.54614127331588],"type":"Point"},"id":"stl-city-public-streetlights:2:107610","properties":{"address":null,"attributes":{"Date_Installed":null,"LED_Powered":0,"LightID":"L000354","Light_Source":"LED","Light_Type":"Cobra","Lighting_Type":"LED-Powered Lamp","Verification_Date":null},"id":"stl-city-public-streetlights:2:107610","sourceLayerId":2,"sourceObjectId":107610,"sourceURL":"https://maps8.stlouis-mo.gov/arcgis/rest/services/STREETS/Streets_Permitting/MapServer/2","title":"Street light L000354"},"type":"Feature"},{"geometry":{"coordinates":[-90.25972035225637,38.5469769030641],"type":"Point"},"id":"stl-city-public-streetlights:2:107611","properties":{"address":null,"attributes":{"Date_Installed":"7/1/2016","LED_Powered":1,"LightID":"L000355","Light_Source":"LED","Light_Type":"Cobra","Lighting_Type":"LED-Powered Lamp","Verification_Date":null},"id":"stl-city-public-streetlights:2:107611","sourceLayerId":2,"sourceObjectId":107611,"sourceURL":"https://maps8.stlouis-mo.gov/arcgis/rest/services/STREETS/Streets_Permitting/MapServer/2","title":"Street light L000355"},"type":"Feature"},{"geometry":{"coordinates":[-90.2596737018717,38.546402110888934],"type":"Point"},"id":"stl-city-public-streetlights:2:107613","properties":{"address":null,"attributes":{"Date_Installed":"7/1/2016","LED_Powered":1,"LightID":"L000357","Light_Source":"LED","Light_Type":"Cobra","Lighting_Type":"LED-Powered Lamp","Verification_Date":null},"id":"stl-city-public-streetlights:2:107613","sourceLayerId":2,"sourceObjectId":107613,"sourceURL":"https://maps8.stlouis-mo.gov/arcgis/rest/services/STREETS/Streets_Permitting/MapServer/2","title":"Street light L000357"},"type":"Feature"},{"geometry":{"coordinates":[-90.25958086824588,38.54017900857661],"type":"Point"},"id":"stl-city-public-streetlights:2:107706","properties":{"address":null,"attributes":{"Date_Installed":null,"LED_Powered":0,"LightID":"L000450","Light_Source":"LED","Light_Type":"Cobra","Lighting_Type":"LED-Powered Lamp","Verification_Date":null},"id":"stl-city-public-streetlights:2:107706","sourceLayerId":2,"sourceObjectId":107706,"sourceURL":"https://maps8.stlouis-mo.gov/arcgis/rest/services/STREETS/Streets_Permitting/MapServer/2","title":"Street light L000450"},"type":"Feature"},{"geometry":{"coordinates":[-90.25921770530627,38.540460963506646],"type":"Point"},"id":"stl-city-public-streetlights:2:107707","properties":{"address":null,"attributes":{"Date_Installed":null,"LED_Powered":0,"LightID":"L000451","Light_Source":"LED","Light_Type":"Cobra","Lighting_Type":"LED-Powered Lamp","Verification_Date":null},"id":"stl-city-public-streetlights:2:107707","sourceLayerId":2,"sourceObjectId":107707,"sourceURL":"https://maps8.stlouis-mo.gov/arcgis/rest/services/STREETS/Streets_Permitting/MapServer/2","title":"Street light L000451"},"type":"Feature"},{"geometry":{"coordinates":[-90.2587268712764,38.54074826330513],"type":"Point"},"id":"stl-city-public-streetlights:2:107708","properties":{"address":null,"attributes":{"Date_Installed":null,"LED_Powered":0,"LightID":"L000452","Light_Source":"LED","Light_Type":"Cobra","Lighting_Type":"LED-Powered Lamp","Verification_Date":null},"id":"stl-city-public-streetlights:2:107708","sourceLayerId":2,"sourceObjectId":107708,"sourceURL":"https://maps8.stlouis-mo.gov/arcgis/rest/services/STREETS/Streets_Permitting/MapServer/2","title":"Street light L000452"},"type":"Feature"},{"geometry":{"coordinates":[-90.25835292379809,38.54107694393721],"type":"Point"},"id":"stl-city-public-streetlights:2:107709","properties":{"address":null,"attributes":{"Date_Installed":null,"LED_Powered":0,"LightID":"L000453","Light_Source":"LED","Light_Type":"Cobra","Lighting_Type":"LED-Powered Lamp","Verification_Date":null},"id":"stl-city-public-streetlights:2:107709","sourceLayerId":2,"sourceObjectId":107709,"sourceURL":"https://maps8.stlouis-mo.gov/arcgis/rest/services/STREETS/Streets_Permitting/MapServer/2","title":"Street light L000453"},"type":"Feature"},{"geometry":{"coordinates":[-90.25820950017413,38.54001897491696],"type":"Point"},"id":"stl-city-public-streetlights:2:107711","properties":{"address":null,"attributes":{"Date_Installed":null,"LED_Powered":0,"LightID":"L000455","Light_Source":"LED","Light_Type":"Cobra","Lighting_Type":"LED-Powered Lamp","Verification_Date":null},"id":"stl-city-public-streetlights:2:107711","sourceLayerId":2,"sourceObjectId":107711,"sourceURL":"https://maps8.stlouis-mo.gov/arcgis/rest/services/STREETS/Streets_Permitting/MapServer/2","title":"Street light L000455"},"type":"Feature"},{"geometry":{"coordinates":[-90.25853442369834,38.540236319365874],"type":"Point"},"id":"stl-city-public-streetlights:2:107712","properties":{"address":null,"attributes":{"Date_Installed":null,"LED_Powered":0,"LightID":"L000456","Light_Source":"LED","Light_Type":"Cobra","Lighting_Type":"LED-Powered Lamp","Verification_Date":null},"id":"stl-city-public-streetlights:2:107712","sourceLayerId":2,"sourceObjectId":107712,"sourceURL":"https://maps8.stlouis-mo.gov/arcgis/rest/services/STREETS/Streets_Permitting/MapServer/2","title":"Street light L000456"},"type":"Feature"},{"geometry":{"coordinates":[-90.25886148628234,38.54044985288231],"type":"Point"},"id":"stl-city-public-streetlights:2:107713","properties":{"address":null,"attributes":{"Date_Installed":null,"LED_Powered":0,"LightID":"L000457","Light_Source":"LED","Light_Type":"Cobra","Lighting_Type":"LED-Powered Lamp","Verification_Date":null},"id":"stl-city-public-streetlights:2:107713","sourceLayerId":2,"sourceObjectId":107713,"sourceURL":"https://maps8.stlouis-mo.gov/arcgis/rest/services/STREETS/Streets_Permitting/MapServer/2","title":"Street light L000457"},"type":"Feature"},{"geometry":{"coordinates":[-90.25920567263208,38.540671478389086],"type":"Point"},"id":"stl-city-public-streetlights:2:107714","properties":{"address":null,"attributes":{"Date_Installed":null,"LED_Powered":0,"LightID":"L000458","Light_Source":"LED","Light_Type":"Cobra","Lighting_Type":"LED-Powered Lamp","Verification_Date":null},"id":"stl-city-public-streetlights:2:107714","sourceLayerId":2,"sourceObjectId":107714,"sourceURL":"https://maps8.stlouis-mo.gov/arcgis/rest/services/STREETS/Streets_Permitting/MapServer/2","title":"Street light L000458"},"type":"Feature"},{"geometry":{"coordinates":[-90.25985751199391,38.541104853185345],"type":"Point"},"id":"stl-city-public-streetlights:2:107715","properties":{"address":null,"attributes":{"Date_Installed":null,"LED_Powered":0,"LightID":"L000459","Light_Source":"LED","Light_Type":"Cobra","Lighting_Type":"LED-Powered Lamp","Verification_Date":null},"id":"stl-city-public-streetlights:2:107715","sourceLayerId":2,"sourceObjectId":107715,"sourceURL":"https://maps8.stlouis-mo.gov/arcgis/rest/services/STREETS/Streets_Permitting/MapServer/2","title":"Street light L000459"},"type":"Feature"},{"geometry":{"coordinates":[-90.25980341595249,38.5412712951597],"type":"Point"},"id":"stl-city-public-streetlights:2:107725","properties":{"address":null,"attributes":{"Date_Installed":null,"LED_Powered":0,"LightID":"L000469","Light_Source":"LED","Light_Type":"Cobra","Lighting_Type":"LED-Powered Lamp","Verification_Date":null},"id":"stl-city-public-streetlights:2:107725","sourceLayerId":2,"sourceObjectId":107725,"sourceURL":"https://maps8.stlouis-mo.gov/arcgis/rest/services/STREETS/Streets_Permitting/MapServer/2","title":"Street light L000469"},"type":"Feature"},{"geometry":{"coordinates":[-90.25954789602507,38.54149090041083],"type":"Point"},"id":"stl-city-public-streetlights:2:107726","properties":{"address":null,"attributes":{"Date_Installed":null,"LED_Powered":0,"LightID":"L000470","Light_Source":"LED","Light_Type":"Cobra","Lighting_Type":"LED-Powered Lamp","Verification_Date":null},"id":"stl-city-public-streetlights:2:107726","sourceLayerId":2,"sourceObjectId":107726,"sourceURL":"https://maps8.stlouis-mo.gov/arcgis/rest/services/STREETS/Streets_Permitting/MapServer/2","title":"Street light L000470"},"type":"Feature"},{"geometry":{"coordinates":[-90.25915487304974,38.54180556955482],"type":"Point"},"id":"stl-city-public-streetlights:2:107727","properties":{"address":null,"attributes":{"Date_Installed":null,"LED_Powered":0,"LightID":"L000471","Light_Source":"LED","Light_Type":"Cobra","Lighting_Type":"LED-Powered Lamp","Verification_Date":null},"id":"stl-city-public-streetlights:2:107727","sourceLayerId":2,"sourceObjectId":107727,"sourceURL":"https://maps8.stlouis-mo.gov/arcgis/rest/services/STREETS/Streets_Permitting/MapServer/2","title":"Street light L000471"},"type":"Feature"},{"geometry":{"coordinates":[-90.2599775162976,38.54886769114699],"type":"Point"},"id":"stl-city-public-streetlights:2:107792","properties":{"address":null,"attributes":{"Date_Installed":null,"LED_Powered":0,"LightID":"L000536","Light_Source":"LED","Light_Type":"Cobra","Lighting_Type":"LED-Powered Lamp","Verification_Date":null},"id":"stl-city-public-streetlights:2:107792","sourceLayerId":2,"sourceObjectId":107792,"sourceURL":"https://maps8.stlouis-mo.gov/arcgis/rest/services/STREETS/Streets_Permitting/MapServer/2","title":"Street light L000536"},"type":"Feature"},{"geometry":{"coordinates":[-90.25968296195752,38.548669006159],"type":"Point"},"id":"stl-city-public-streetlights:2:107793","properties":{"address":null,"attributes":{"Date_Installed":null,"LED_Powered":0,"LightID":"L000537","Light_Source":"LED","Light_Type":"Cobra","Lighting_Type":"LED-Powered Lamp","Verification_Date":null},"id":"stl-city-public-streetlights:2:107793","sourceLayerId":2,"sourceObjectId":107793,"sourceURL":"https://maps8.stlouis-mo.gov/arcgis/rest/services/STREETS/Streets_Permitting/MapServer/2","title":"Street light L000537"},"type":"Feature"},{"geometry":{"coordinates":[-90.25935823205347,38.54845381151141],"type":"Point"},"id":"stl-city-public-streetlights:2:107794","properties":{"address":null,"attributes":{"Date_Installed":null,"LED_Powered":0,"LightID":"L000538","Light_Source":"LED","Light_Type":"Cobra","Lighting_Type":"LED-Powered Lamp","Verification_Date":null},"id":"stl-city-public-streetlights:2:107794","sourceLayerId":2,"sourceObjectId":107794,"sourceURL":"https://maps8.stlouis-mo.gov/arcgis/rest/services/STREETS/Streets_Permitting/MapServer/2","title":"Street light L000538"},"type":"Feature"},{"geometry":{"coordinates":[-90.25904840122348,38.54824972953679],"type":"Point"},"id":"stl-city-public-streetlights:2:107795","properties":{"address":null,"attributes":{"Date_Installed":null,"LED_Powered":0,"LightID":"L000539","Light_Source":"LED","Light_Type":"Cobra","Lighting_Type":"LED-Powered Lamp","Verification_Date":null},"id":"stl-city-public-streetlights:2:107795","sourceLayerId":2,"sourceObjectId":107795,"sourceURL":"https://maps8.stlouis-mo.gov/arcgis/rest/services/STREETS/Streets_Permitting/MapServer/2","title":"Street light L000539"},"type":"Feature"},{"geometry":{"coordinates":[-90.25872270303435,38.54803465004199],"type":"Point"},"id":"stl-city-public-streetlights:2:107796","properties":{"address":null,"attributes":{"Date_Installed":null,"LED_Powered":0,"LightID":"L000540","Light_Source":"LED","Light_Type":"Cobra","Lighting_Type":"LED-Powered Lamp","Verification_Date":null},"id":"stl-city-public-streetlights:2:107796","sourceLayerId":2,"sourceObjectId":107796,"sourceURL":"https://maps8.stlouis-mo.gov/arcgis/rest/services/STREETS/Streets_Permitting/MapServer/2","title":"Street light L000540"},"type":"Feature"},{"geometry":{"coordinates":[-90.25843197049237,38.54783888959103],"type":"Point"},"id":"stl-city-public-streetlights:2:107797","properties":{"address":null,"attributes":{"Date_Installed":null,"LED_Powered":0,"LightID":"L000541","Light_Source":"LED","Light_Type":"Cobra","Lighting_Type":"LED-Powered Lamp","Verification_Date":null},"id":"stl-city-public-streetlights:2:107797","sourceLayerId":2,"sourceObjectId":107797,"sourceURL":"https://maps8.stlouis-mo.gov/arcgis/rest/services/STREETS/Streets_Permitting/MapServer/2","title":"Street light L000541"},"type":"Feature"},{"geometry":{"coordinates":[-90.25804732259422,38.547590077449925],"type":"Point"},"id":"stl-city-public-streetlights:2:107798","properties":{"address":null,"attributes":{"Date_Installed":null,"LED_Powered":0,"LightID":"L000542","Light_Source":"LED","Light_Type":"Cobra","Lighting_Type":"LED-Powered Lamp","Verification_Date":null},"id":"stl-city-public-streetlights:2:107798","sourceLayerId":2,"sourceObjectId":107798,"sourceURL":"https://maps8.stlouis-mo.gov/arcgis/rest/services/STREETS/Streets_Permitting/MapServer/2","title":"Street light L000542"},"type":"Feature"},{"geometry":{"coordinates":[-90.25802773804922,38.549974530138144],"type":"Point"},"id":"stl-city-public-streetlights:2:108374","properties":{"address":null,"attributes":{"Date_Installed":null,"LED_Powered":0,"LightID":"L001118","Light_Source":"LED","Light_Type":"Cobra","Lighting_Type":"LED-Powered Lamp","Verification_Date":null},"id":"stl-city-public-streetlights:2:108374","sourceLayerId":2,"sourceObjectId":108374,"sourceURL":"https://maps8.stlouis-mo.gov/arcgis/rest/services/STREETS/Streets_Permitting/MapServer/2","title":"Street light L001118"},"type":"Feature"},{"geometry":{"coordinates":[-90.25771490142554,38.54976931234277],"type":"Point"},"id":"stl-city-public-streetlights:2:108375","properties":{"address":null,"attributes":{"Date_Installed":null,"LED_Powered":0,"LightID":"L001119","Light_Source":"LED","Light_Type":"Cobra","Lighting_Type":"LED-Powered Lamp","Verification_Date":null},"id":"stl-city-public-streetlights:2:108375","sourceLayerId":2,"sourceObjectId":108375,"sourceURL":"https://maps8.stlouis-mo.gov/arcgis/rest/services/STREETS/Streets_Permitting/MapServer/2","title":"Street light L001119"},"type":"Feature"},{"geometry":{"coordinates":[-90.25739119264479,38.54954924861523],"type":"Point"},"id":"stl-city-public-streetlights:2:108376","properties":{"address":null,"attributes":{"Date_Installed":null,"LED_Powered":0,"LightID":"L001120","Light_Source":"LED","Light_Type":"Cobra","Lighting_Type":"LED-Powered Lamp","Verification_Date":null},"id":"stl-city-public-streetlights:2:108376","sourceLayerId":2,"sourceObjectId":108376,"sourceURL":"https://maps8.stlouis-mo.gov/arcgis/rest/services/STREETS/Streets_Permitting/MapServer/2","title":"Street light L001120"},"type":"Feature"},{"geometry":{"coordinates":[-90.2571279096402,38.54938512391902],"type":"Point"},"id":"stl-city-public-streetlights:2:108377","properties":{"address":null,"attributes":{"Date_Installed":null,"LED_Powered":0,"LightID":"L001121","Light_Source":"LED","Light_Type":"Cobra","Lighting_Type":"LED-Powered Lamp","Verification_Date":null},"id":"stl-city-public-streetlights:2:108377","sourceLayerId":2,"sourceObjectId":108377,"sourceURL":"https://maps8.stlouis-mo.gov/arcgis/rest/services/STREETS/Streets_Permitting/MapServer/2","title":"Street light L001121"},"type":"Feature"},{"geometry":{"coordinates":[-90.25678538811884,38.54914895456956],"type":"Point"},"id":"stl-city-public-streetlights:2:108378","properties":{"address":null,"attributes":{"Date_Installed":null,"LED_Powered":0,"LightID":"L001122","Light_Source":"LED","Light_Type":"Cobra","Lighting_Type":"LED-Powered Lamp","Verification_Date":null},"id":"stl-city-public-streetlights:2:108378","sourceLayerId":2,"sourceObjectId":108378,"sourceURL":"https://maps8.stlouis-mo.gov/arcgis/rest/services/STREETS/Streets_Permitting/MapServer/2","title":"Street light L001122"},"type":"Feature"},{"geometry":{"coordinates":[-90.25646297262516,38.548957309041676],"type":"Point"},"id":"stl-city-public-streetlights:2:108379","properties":{"address":null,"attributes":{"Date_Installed":null,"LED_Powered":0,"LightID":"L001123","Light_Source":"LED","Light_Type":"Cobra","Lighting_Type":"LED-Powered Lamp","Verification_Date":null},"id":"stl-city-public-streetlights:2:108379","sourceLayerId":2,"sourceObjectId":108379,"sourceURL":"https://maps8.stlouis-mo.gov/arcgis/rest/services/STREETS/Streets_Permitting/MapServer/2","title":"Street light L001123"},"type":"Feature"},{"geometry":{"coordinates":[-90.2589559173135,38.549585472622795],"type":"Point"},"id":"stl-city-public-streetlights:2:108380","properties":{"address":null,"attributes":{"Date_Installed":null,"LED_Powered":0,"LightID":"L001124","Light_Source":"LED","Light_Type":"Cobra","Lighting_Type":"LED-Powered Lamp","Verification_Date":null},"id":"stl-city-public-streetlights:2:108380","sourceLayerId":2,"sourceObjectId":108380,"sourceURL":"https://maps8.stlouis-mo.gov/arcgis/rest/services/STREETS/Streets_Permitting/MapServer/2","title":"Street light L001124"},"type":"Feature"},{"geometry":{"coordinates":[-90.25870620344635,38.54980645881509],"type":"Point"},"id":"stl-city-public-streetlights:2:108381","properties":{"address":null,"attributes":{"Date_Installed":null,"LED_Powered":0,"LightID":"L001125","Light_Source":"LED","Light_Type":"Cobra","Lighting_Type":"LED-Powered Lamp","Verification_Date":null},"id":"stl-city-public-streetlights:2:108381","sourceLayerId":2,"sourceObjectId":108381,"sourceURL":"https://maps8.stlouis-mo.gov/arcgis/rest/services/STREETS/Streets_Permitting/MapServer/2","title":"Street light L001125"},"type":"Feature"},{"geometry":{"coordinates":[-90.25795239031783,38.548991469949485],"type":"Point"},"id":"stl-city-public-streetlights:2:108398","properties":{"address":null,"attributes":{"Date_Installed":null,"LED_Powered":0,"LightID":"L001142","Light_Source":"LED","Light_Type":"Cobra","Lighting_Type":"LED-Powered Lamp","Verification_Date":null},"id":"stl-city-public-streetlights:2:108398","sourceLayerId":2,"sourceObjectId":108398,"sourceURL":"https://maps8.stlouis-mo.gov/arcgis/rest/services/STREETS/Streets_Permitting/MapServer/2","title":"Street light L001142"},"type":"Feature"},{"geometry":{"coordinates":[-90.25770178666465,38.54921954319135],"type":"Point"},"id":"stl-city-public-streetlights:2:108399","properties":{"address":null,"attributes":{"Date_Installed":null,"LED_Powered":0,"LightID":"L001143","Light_Source":"LED","Light_Type":"Cobra","Lighting_Type":"LED-Powered Lamp","Verification_Date":null},"id":"stl-city-public-streetlights:2:108399","sourceLayerId":2,"sourceObjectId":108399,"sourceURL":"https://maps8.stlouis-mo.gov/arcgis/rest/services/STREETS/Streets_Permitting/MapServer/2","title":"Street light L001143"},"type":"Feature"},{"geometry":{"coordinates":[-90.25743025098492,38.549452577937515],"type":"Point"},"id":"stl-city-public-streetlights:2:108400","properties":{"address":null,"attributes":{"Date_Installed":null,"LED_Powered":0,"LightID":"L001144","Light_Source":"LED","Light_Type":"Cobra","Lighting_Type":"LED-Powered Lamp","Verification_Date":null},"id":"stl-city-public-streetlights:2:108400","sourceLayerId":2,"sourceObjectId":108400,"sourceURL":"https://maps8.stlouis-mo.gov/arcgis/rest/services/STREETS/Streets_Permitting/MapServer/2","title":"Street light L001144"},"type":"Feature"},{"geometry":{"coordinates":[-90.25716233991763,38.54969038714081],"type":"Point"},"id":"stl-city-public-streetlights:2:108401","properties":{"address":null,"attributes":{"Date_Installed":null,"LED_Powered":0,"LightID":"L001145","Light_Source":"LED","Light_Type":"Cobra","Lighting_Type":"LED-Powered Lamp","Verification_Date":null},"id":"stl-city-public-streetlights:2:108401","sourceLayerId":2,"sourceObjectId":108401,"sourceURL":"https://maps8.stlouis-mo.gov/arcgis/rest/services/STREETS/Streets_Permitting/MapServer/2","title":"Street light L001145"},"type":"Feature"},{"geometry":{"coordinates":[-90.25690270607595,38.54992153901536],"type":"Point"},"id":"stl-city-public-streetlights:2:108402","properties":{"address":null,"attributes":{"Date_Installed":null,"LED_Powered":0,"LightID":"L001146","Light_Source":"LED","Light_Type":"Cobra","Lighting_Type":"LED-Powered Lamp","Verification_Date":null},"id":"stl-city-public-streetlights:2:108402","sourceLayerId":2,"sourceObjectId":108402,"sourceURL":"https://maps8.stlouis-mo.gov/arcgis/rest/services/STREETS/Streets_Permitting/MapServer/2","title":"Street light L001146"},"type":"Feature"},{"geometry":{"coordinates":[-90.25588130721134,38.54995834083616],"type":"Point"},"id":"stl-city-public-streetlights:2:108492","properties":{"address":null,"attributes":{"Date_Installed":null,"LED_Powered":0,"LightID":"L001236","Light_Source":"LED","Light_Type":"Cobra","Lighting_Type":"LED-Powered Lamp","Verification_Date":null},"id":"stl-city-public-streetlights:2:108492","sourceLayerId":2,"sourceObjectId":108492,"sourceURL":"https://maps8.stlouis-mo.gov/arcgis/rest/services/STREETS/Streets_Permitting/MapServer/2","title":"Street light L001236"},"type":"Feature"},{"geometry":{"coordinates":[-90.25560692399472,38.54977470395127],"type":"Point"},"id":"stl-city-public-streetlights:2:108493","properties":{"address":null,"attributes":{"Date_Installed":null,"LED_Powered":0,"LightID":"L001237","Light_Source":"LED","Light_Type":"Cobra","Lighting_Type":"LED-Powered Lamp","Verification_Date":null},"id":"stl-city-public-streetlights:2:108493","sourceLayerId":2,"sourceObjectId":108493,"sourceURL":"https://maps8.stlouis-mo.gov/arcgis/rest/services/STREETS/Streets_Permitting/MapServer/2","title":"Street light L001237"},"type":"Feature"},{"geometry":{"coordinates":[-90.25528284971682,38.54956282555251],"type":"Point"},"id":"stl-city-public-streetlights:2:108503","properties":{"address":null,"attributes":{"Date_Installed":null,"LED_Powered":0,"LightID":"L001247","Light_Source":"LED","Light_Type":"Cobra","Lighting_Type":"LED-Powered Lamp","Verification_Date":null},"id":"stl-city-public-streetlights:2:108503","sourceLayerId":2,"sourceObjectId":108503,"sourceURL":"https://maps8.stlouis-mo.gov/arcgis/rest/services/STREETS/Streets_Permitting/MapServer/2","title":"Street light L001247"},"type":"Feature"},{"geometry":{"coordinates":[-90.25392858339377,38.54980266236773],"type":"Point"},"id":"stl-city-public-streetlights:2:108505","properties":{"address":null,"attributes":{"Date_Installed":null,"LED_Powered":0,"LightID":"L001249","Light_Source":"LED","Light_Type":"Cobra","Lighting_Type":"LED-Powered Lamp","Verification_Date":null},"id":"stl-city-public-streetlights:2:108505","sourceLayerId":2,"sourceObjectId":108505,"sourceURL":"https://maps8.stlouis-mo.gov/arcgis/rest/services/STREETS/Streets_Permitting/MapServer/2","title":"Street light L001249"},"type":"Feature"},{"geometry":{"coordinates":[-90.25328291382705,38.549372247443294],"type":"Point"},"id":"stl-city-public-streetlights:2:108506","properties":{"address":null,"attributes":{"Date_Installed":null,"LED_Powered":0,"LightID":"L001250","Light_Source":"LED","Light_Type":"Cobra","Lighting_Type":"LED-Powered Lamp","Verification_Date":null},"id":"stl-city-public-streetlights:2:108506","sourceLayerId":2,"sourceObjectId":108506,"sourceURL":"https://maps8.stlouis-mo.gov/arcgis/rest/services/STREETS/Streets_Permitting/MapServer/2","title":"Street light L001250"},"type":"Feature"},{"geometry":{"coordinates":[-90.25852070893879,38.54705277477],"type":"Point"},"id":"stl-city-public-streetlights:2:108524","properties":{"address":null,"attributes":{"Date_Installed":"6/15/2017","LED_Powered":1,"LightID":"L001268","Light_Source":"LED","Light_Type":"Cobra","Lighting_Type":"LED-Powered Lamp","Verification_Date":null},"id":"stl-city-public-streetlights:2:108524","sourceLayerId":2,"sourceObjectId":108524,"sourceURL":"https://maps8.stlouis-mo.gov/arcgis/rest/services/STREETS/Streets_Permitting/MapServer/2","title":"Street light L001268"},"type":"Feature"},{"geometry":{"coordinates":[-90.25811532059312,38.54741075975529],"type":"Point"},"id":"stl-city-public-streetlights:2:108525","properties":{"address":null,"attributes":{"Date_Installed":"6/15/2017","LED_Powered":1,"LightID":"L001269","Light_Source":"LED","Light_Type":"Cobra","Lighting_Type":"LED-Powered Lamp","Verification_Date":null},"id":"stl-city-public-streetlights:2:108525","sourceLayerId":2,"sourceObjectId":108525,"sourceURL":"https://maps8.stlouis-mo.gov/arcgis/rest/services/STREETS/Streets_Permitting/MapServer/2","title":"Street light L001269"},"type":"Feature"},{"geometry":{"coordinates":[-90.25768729767455,38.54776940367531],"type":"Point"},"id":"stl-city-public-streetlights:2:108526","properties":{"address":null,"attributes":{"Date_Installed":"6/15/2017","LED_Powered":1,"LightID":"L001270","Light_Source":"LED","Light_Type":"Cobra","Lighting_Type":"LED-Powered Lamp","Verification_Date":null},"id":"stl-city-public-streetlights:2:108526","sourceLayerId":2,"sourceObjectId":108526,"sourceURL":"https://maps8.stlouis-mo.gov/arcgis/rest/services/STREETS/Streets_Permitting/MapServer/2","title":"Street light L001270"},"type":"Feature"},{"geometry":{"coordinates":[-90.25728064804397,38.54812545337098],"type":"Point"},"id":"stl-city-public-streetlights:2:108527","properties":{"address":null,"attributes":{"Date_Installed":"6/15/2017","LED_Powered":1,"LightID":"L001271","Light_Source":"LED","Light_Type":"Cobra","Lighting_Type":"LED-Powered Lamp","Verification_Date":null},"id":"stl-city-public-streetlights:2:108527","sourceLayerId":2,"sourceObjectId":108527,"sourceURL":"https://maps8.stlouis-mo.gov/arcgis/rest/services/STREETS/Streets_Permitting/MapServer/2","title":"Street light L001271"},"type":"Feature"},{"geometry":{"coordinates":[-90.25686486022352,38.54848529527403],"type":"Point"},"id":"stl-city-public-streetlights:2:108528","properties":{"address":null,"attributes":{"Date_Installed":"6/15/2017","LED_Powered":1,"LightID":"L001272","Light_Source":"LED","Light_Type":"Cobra","Lighting_Type":"LED-Powered Lamp","Verification_Date":null},"id":"stl-city-public-streetlights:2:108528","sourceLayerId":2,"sourceObjectId":108528,"sourceURL":"https://maps8.stlouis-mo.gov/arcgis/rest/services/STREETS/Streets_Permitting/MapServer/2","title":"Street light L001272"},"type":"Feature"},{"geometry":{"coordinates":[-90.25646388638529,38.54883605745529],"type":"Point"},"id":"stl-city-public-streetlights:2:108529","properties":{"address":null,"attributes":{"Date_Installed":"6/15/2017","LED_Powered":1,"LightID":"L001273","Light_Source":"LED","Light_Type":"Cobra","Lighting_Type":"LED-Powered Lamp","Verification_Date":null},"id":"stl-city-public-streetlights:2:108529","sourceLayerId":2,"sourceObjectId":108529,"sourceURL":"https://maps8.stlouis-mo.gov/arcgis/rest/services/STREETS/Streets_Permitting/MapServer/2","title":"Street light L001273"},"type":"Feature"},{"geometry":{"coordinates":[-90.25603866275522,38.549214863279865],"type":"Point"},"id":"stl-city-public-streetlights:2:108530","properties":{"address":null,"attributes":{"Date_Installed":"6/15/2017","LED_Powered":1,"LightID":"L001274","Light_Source":"LED","Light_Type":"Cobra","Lighting_Type":"LED-Powered Lamp","Verification_Date":null},"id":"stl-city-public-streetlights:2:108530","sourceLayerId":2,"sourceObjectId":108530,"sourceURL":"https://maps8.stlouis-mo.gov/arcgis/rest/services/STREETS/Streets_Permitting/MapServer/2","title":"Street light L001274"},"type":"Feature"},{"geometry":{"coordinates":[-90.2556389959813,38.54956549827868],"type":"Point"},"id":"stl-city-public-streetlights:2:108531","properties":{"address":null,"attributes":{"Date_Installed":"6/15/2017","LED_Powered":1,"LightID":"L001275","Light_Source":"LED","Light_Type":"Cobra","Lighting_Type":"LED-Powered Lamp","Verification_Date":null},"id":"stl-city-public-streetlights:2:108531","sourceLayerId":2,"sourceObjectId":108531,"sourceURL":"https://maps8.stlouis-mo.gov/arcgis/rest/services/STREETS/Streets_Permitting/MapServer/2","title":"Street light L001275"},"type":"Feature"},{"geometry":{"coordinates":[-90.25526811142576,38.54989956588801],"type":"Point"},"id":"stl-city-public-streetlights:2:108532","properties":{"address":null,"attributes":{"Date_Installed":"6/15/2017","LED_Powered":1,"LightID":"L001276","Light_Source":"LED","Light_Type":"Cobra","Lighting_Type":"LED-Powered Lamp","Verification_Date":null},"id":"stl-city-public-streetlights:2:108532","sourceLayerId":2,"sourceObjectId":108532,"sourceURL":"https://maps8.stlouis-mo.gov/arcgis/rest/services/STREETS/Streets_Permitting/MapServer/2","title":"Street light L001276"},"type":"Feature"},{"geometry":{"coordinates":[-90.25526873490911,38.54966181973029],"type":"Point"},"id":"stl-city-public-streetlights:2:108547","properties":{"address":null,"attributes":{"Date_Installed":"6/15/2017","LED_Powered":1,"LightID":"L001291","Light_Source":"LED","Light_Type":"Cobra","Lighting_Type":"LED-Powered Lamp","Verification_Date":null},"id":"stl-city-public-streetlights:2:108547","sourceLayerId":2,"sourceObjectId":108547,"sourceURL":"https://maps8.stlouis-mo.gov/arcgis/rest/services/STREETS/Streets_Permitting/MapServer/2","title":"Street light L001291"},"type":"Feature"},{"geometry":{"coordinates":[-90.2556816080492,38.54930825499791],"type":"Point"},"id":"stl-city-public-streetlights:2:108548","properties":{"address":null,"attributes":{"Date_Installed":"6/15/2017","LED_Powered":1,"LightID":"L001292","Light_Source":"LED","Light_Type":"Cobra","Lighting_Type":"LED-Powered Lamp","Verification_Date":null},"id":"stl-city-public-streetlights:2:108548","sourceLayerId":2,"sourceObjectId":108548,"sourceURL":"https://maps8.stlouis-mo.gov/arcgis/rest/services/STREETS/Streets_Permitting/MapServer/2","title":"Street light L001292"},"type":"Feature"},{"geometry":{"coordinates":[-90.25608637600959,38.5489443655628],"type":"Point"},"id":"stl-city-public-streetlights:2:108549","properties":{"address":null,"attributes":{"Date_Installed":"6/15/2017","LED_Powered":1,"LightID":"L001293","Light_Source":"LED","Light_Type":"Cobra","Lighting_Type":"LED-Powered Lamp","Verification_Date":null},"id":"stl-city-public-streetlights:2:108549","sourceLayerId":2,"sourceObjectId":108549,"sourceURL":"https://maps8.stlouis-mo.gov/arcgis/rest/services/STREETS/Streets_Permitting/MapServer/2","title":"Street light L001293"},"type":"Feature"},{"geometry":{"coordinates":[-90.25654498266174,38.54855157757743],"type":"Point"},"id":"stl-city-public-streetlights:2:108550","properties":{"address":null,"attributes":{"Date_Installed":"6/15/2017","LED_Powered":1,"LightID":"L001294","Light_Source":"LED","Light_Type":"Cobra","Lighting_Type":"LED-Powered Lamp","Verification_Date":null},"id":"stl-city-public-streetlights:2:108550","sourceLayerId":2,"sourceObjectId":108550,"sourceURL":"https://maps8.stlouis-mo.gov/arcgis/rest/services/STREETS/Streets_Permitting/MapServer/2","title":"Street light L001294"},"type":"Feature"},{"geometry":{"coordinates":[-90.25692163675589,38.548217696188466],"type":"Point"},"id":"stl-city-public-streetlights:2:108551","properties":{"address":null,"attributes":{"Date_Installed":"6/15/2017","LED_Powered":1,"LightID":"L001295","Light_Source":"LED","Light_Type":"Cobra","Lighting_Type":"LED-Powered Lamp","Verification_Date":null},"id":"stl-city-public-streetlights:2:108551","sourceLayerId":2,"sourceObjectId":108551,"sourceURL":"https://maps8.stlouis-mo.gov/arcgis/rest/services/STREETS/Streets_Permitting/MapServer/2","title":"Street light L001295"},"type":"Feature"},{"geometry":{"coordinates":[-90.25730887959192,38.54787453909069],"type":"Point"},"id":"stl-city-public-streetlights:2:108552","properties":{"address":null,"attributes":{"Date_Installed":"6/15/2017","LED_Powered":1,"LightID":"L001296","Light_Source":"LED","Light_Type":"Cobra","Lighting_Type":"LED-Powered Lamp","Verification_Date":null},"id":"stl-city-public-streetlights:2:108552","sourceLayerId":2,"sourceObjectId":108552,"sourceURL":"https://maps8.stlouis-mo.gov/arcgis/rest/services/STREETS/Streets_Permitting/MapServer/2","title":"Street light L001296"},"type":"Feature"},{"geometry":{"coordinates":[-90.2577329915977,38.54750642988384],"type":"Point"},"id":"stl-city-public-streetlights:2:108553","properties":{"address":null,"attributes":{"Date_Installed":"6/15/2017","LED_Powered":1,"LightID":"L001297","Light_Source":"LED","Light_Type":"Cobra","Lighting_Type":"LED-Powered Lamp","Verification_Date":null},"id":"stl-city-public-streetlights:2:108553","sourceLayerId":2,"sourceObjectId":108553,"sourceURL":"https://maps8.stlouis-mo.gov/arcgis/rest/services/STREETS/Streets_Permitting/MapServer/2","title":"Street light L001297"},"type":"Feature"},{"geometry":{"coordinates":[-90.25813309266611,38.54712825686794],"type":"Point"},"id":"stl-city-public-streetlights:2:108554","properties":{"address":null,"attributes":{"Date_Installed":"6/15/2017","LED_Powered":1,"LightID":"L001298","Light_Source":"LED","Light_Type":"Cobra","Lighting_Type":"LED-Powered Lamp","Verification_Date":null},"id":"stl-city-public-streetlights:2:108554","sourceLayerId":2,"sourceObjectId":108554,"sourceURL":"https://maps8.stlouis-mo.gov/arcgis/rest/services/STREETS/Streets_Permitting/MapServer/2","title":"Street light L001298"},"type":"Feature"},{"geometry":{"coordinates":[-90.2585393873914,38.54676630519012],"type":"Point"},"id":"stl-city-public-streetlights:2:108555","properties":{"address":null,"attributes":{"Date_Installed":"6/15/2017","LED_Powered":1,"LightID":"L001299","Light_Source":"LED","Light_Type":"Cobra","Lighting_Type":"LED-Powered Lamp","Verification_Date":null},"id":"stl-city-public-streetlights:2:108555","sourceLayerId":2,"sourceObjectId":108555,"sourceURL":"https://maps8.stlouis-mo.gov/arcgis/rest/services/STREETS/Streets_Permitting/MapServer/2","title":"Street light L001299"},"type":"Feature"},{"geometry":{"coordinates":[-90.25887911637182,38.54646809538881],"type":"Point"},"id":"stl-city-public-streetlights:2:108556","properties":{"address":null,"attributes":{"Date_Installed":"6/15/2017","LED_Powered":1,"LightID":"L001300","Light_Source":"LED","Light_Type":"Cobra","Lighting_Type":"LED-Powered Lamp","Verification_Date":null},"id":"stl-city-public-streetlights:2:108556","sourceLayerId":2,"sourceObjectId":108556,"sourceURL":"https://maps8.stlouis-mo.gov/arcgis/rest/services/STREETS/Streets_Permitting/MapServer/2","title":"Street light L001300"},"type":"Feature"},{"geometry":{"coordinates":[-90.2593998060794,38.54601377140385],"type":"Point"},"id":"stl-city-public-streetlights:2:108557","properties":{"address":null,"attributes":{"Date_Installed":"6/15/2017","LED_Powered":1,"LightID":"L001301","Light_Source":"LED","Light_Type":"Cobra","Lighting_Type":"LED-Powered Lamp","Verification_Date":null},"id":"stl-city-public-streetlights:2:108557","sourceLayerId":2,"sourceObjectId":108557,"sourceURL":"https://maps8.stlouis-mo.gov/arcgis/rest/services/STREETS/Streets_Permitting/MapServer/2","title":"Street light L001301"},"type":"Feature"},{"geometry":{"coordinates":[-90.25979165327409,38.545648090097416],"type":"Point"},"id":"stl-city-public-streetlights:2:108558","properties":{"address":null,"attributes":{"Date_Installed":"6/15/2017","LED_Powered":1,"LightID":"L001302","Light_Source":"LED","Light_Type":"Cobra","Lighting_Type":"LED-Powered Lamp","Verification_Date":null},"id":"stl-city-public-streetlights:2:108558","sourceLayerId":2,"sourceObjectId":108558,"sourceURL":"https://maps8.stlouis-mo.gov/arcgis/rest/services/STREETS/Streets_Permitting/MapServer/2","title":"Street light L001302"},"type":"Feature"},{"geometry":{"coordinates":[-90.25975296994335,38.54597186315752],"type":"Point"},"id":"stl-city-public-streetlights:2:108565","properties":{"address":null,"attributes":{"Date_Installed":"6/15/2017","LED_Powered":1,"LightID":"L001309","Light_Source":"LED","Light_Type":"Cobra","Lighting_Type":"LED-Powered Lamp","Verification_Date":null},"id":"stl-city-public-streetlights:2:108565","sourceLayerId":2,"sourceObjectId":108565,"sourceURL":"https://maps8.stlouis-mo.gov/arcgis/rest/services/STREETS/Streets_Permitting/MapServer/2","title":"Street light L001309"},"type":"Feature"},{"geometry":{"coordinates":[-90.25934468764035,38.5463289294218],"type":"Point"},"id":"stl-city-public-streetlights:2:108566","properties":{"address":null,"attributes":{"Date_Installed":"6/15/2017","LED_Powered":1,"LightID":"L001310","Light_Source":"LED","Light_Type":"Cobra","Lighting_Type":"LED-Powered Lamp","Verification_Date":null},"id":"stl-city-public-streetlights:2:108566","sourceLayerId":2,"sourceObjectId":108566,"sourceURL":"https://maps8.stlouis-mo.gov/arcgis/rest/services/STREETS/Streets_Permitting/MapServer/2","title":"Street light L001310"},"type":"Feature"},{"geometry":{"coordinates":[-90.25893798654275,38.54668706956681],"type":"Point"},"id":"stl-city-public-streetlights:2:108567","properties":{"address":null,"attributes":{"Date_Installed":"6/15/2017","LED_Powered":1,"LightID":"L001311","Light_Source":"LED","Light_Type":"Cobra","Lighting_Type":"LED-Powered Lamp","Verification_Date":null},"id":"stl-city-public-streetlights:2:108567","sourceLayerId":2,"sourceObjectId":108567,"sourceURL":"https://maps8.stlouis-mo.gov/arcgis/rest/services/STREETS/Streets_Permitting/MapServer/2","title":"Street light L001311"},"type":"Feature"},{"geometry":{"coordinates":[-90.25656805016503,38.54875858918493],"type":"Point"},"id":"stl-city-public-streetlights:2:145501","properties":{"address":null,"attributes":{"Date_Installed":null,"LED_Powered":0,"LightID":"L038358","Light_Source":"High Pressure Sodium","Light_Type":"Decorative","Lighting_Type":"Sterner (Historic Light Fixture)","Verification_Date":null},"id":"stl-city-public-streetlights:2:145501","sourceLayerId":2,"sourceObjectId":145501,"sourceURL":"https://maps8.stlouis-mo.gov/arcgis/rest/services/STREETS/Streets_Permitting/MapServer/2","title":"Street light L038358"},"type":"Feature"},{"geometry":{"coordinates":[-90.25678497897519,38.548562389033606],"type":"Point"},"id":"stl-city-public-streetlights:2:145502","properties":{"address":null,"attributes":{"Date_Installed":null,"LED_Powered":0,"LightID":"L038359","Light_Source":"High Pressure Sodium","Light_Type":"Decorative","Lighting_Type":"Sterner (Historic Light Fixture)","Verification_Date":null},"id":"stl-city-public-streetlights:2:145502","sourceLayerId":2,"sourceObjectId":145502,"sourceURL":"https://maps8.stlouis-mo.gov/arcgis/rest/services/STREETS/Streets_Permitting/MapServer/2","title":"Street light L038359"},"type":"Feature"},{"geometry":{"coordinates":[-90.25694253467752,38.548420294209016],"type":"Point"},"id":"stl-city-public-streetlights:2:145503","properties":{"address":null,"attributes":{"Date_Installed":null,"LED_Powered":0,"LightID":"L038360","Light_Source":"High Pressure Sodium","Light_Type":"Decorative","Lighting_Type":"Sterner (Historic Light Fixture)","Verification_Date":null},"id":"stl-city-public-streetlights:2:145503","sourceLayerId":2,"sourceObjectId":145503,"sourceURL":"https://maps8.stlouis-mo.gov/arcgis/rest/services/STREETS/Streets_Permitting/MapServer/2","title":"Street light L038360"},"type":"Feature"},{"geometry":{"coordinates":[-90.25709701821103,38.54828891805035],"type":"Point"},"id":"stl-city-public-streetlights:2:145504","properties":{"address":null,"attributes":{"Date_Installed":null,"LED_Powered":0,"LightID":"L038361","Light_Source":"High Pressure Sodium","Light_Type":"Decorative","Lighting_Type":"Sterner (Historic Light Fixture)","Verification_Date":null},"id":"stl-city-public-streetlights:2:145504","sourceLayerId":2,"sourceObjectId":145504,"sourceURL":"https://maps8.stlouis-mo.gov/arcgis/rest/services/STREETS/Streets_Permitting/MapServer/2","title":"Street light L038361"},"type":"Feature"},{"geometry":{"coordinates":[-90.25735497334489,38.54807641540081],"type":"Point"},"id":"stl-city-public-streetlights:2:145505","properties":{"address":null,"attributes":{"Date_Installed":null,"LED_Powered":0,"LightID":"L038362","Light_Source":"High Pressure Sodium","Light_Type":"Decorative","Lighting_Type":"Sterner (Historic Light Fixture)","Verification_Date":null},"id":"stl-city-public-streetlights:2:145505","sourceLayerId":2,"sourceObjectId":145505,"sourceURL":"https://maps8.stlouis-mo.gov/arcgis/rest/services/STREETS/Streets_Permitting/MapServer/2","title":"Street light L038362"},"type":"Feature"},{"geometry":{"coordinates":[-90.2575642993367,38.54788317730835],"type":"Point"},"id":"stl-city-public-streetlights:2:145506","properties":{"address":null,"attributes":{"Date_Installed":null,"LED_Powered":0,"LightID":"L038363","Light_Source":"High Pressure Sodium","Light_Type":"Decorative","Lighting_Type":"Sterner (Historic Light Fixture)","Verification_Date":null},"id":"stl-city-public-streetlights:2:145506","sourceLayerId":2,"sourceObjectId":145506,"sourceURL":"https://maps8.stlouis-mo.gov/arcgis/rest/services/STREETS/Streets_Permitting/MapServer/2","title":"Street light L038363"},"type":"Feature"},{"geometry":{"coordinates":[-90.25777739794401,38.547695906116424],"type":"Point"},"id":"stl-city-public-streetlights:2:145507","properties":{"address":null,"attributes":{"Date_Installed":null,"LED_Powered":0,"LightID":"L038364","Light_Source":"High Pressure Sodium","Light_Type":"Decorative","Lighting_Type":"Sterner (Historic Light Fixture)","Verification_Date":null},"id":"stl-city-public-streetlights:2:145507","sourceLayerId":2,"sourceObjectId":145507,"sourceURL":"https://maps8.stlouis-mo.gov/arcgis/rest/services/STREETS/Streets_Permitting/MapServer/2","title":"Street light L038364"},"type":"Feature"},{"geometry":{"coordinates":[-90.25788774612437,38.54760078903459],"type":"Point"},"id":"stl-city-public-streetlights:2:145508","properties":{"address":null,"attributes":{"Date_Installed":null,"LED_Powered":0,"LightID":"L038365","Light_Source":"High Pressure Sodium","Light_Type":"Decorative","Lighting_Type":"Sterner (Historic Light Fixture)","Verification_Date":null},"id":"stl-city-public-streetlights:2:145508","sourceLayerId":2,"sourceObjectId":145508,"sourceURL":"https://maps8.stlouis-mo.gov/arcgis/rest/services/STREETS/Streets_Permitting/MapServer/2","title":"Street light L038365"},"type":"Feature"},{"geometry":{"coordinates":[-90.25822250551316,38.54733778993853],"type":"Point"},"id":"stl-city-public-streetlights:2:145509","properties":{"address":null,"attributes":{"Date_Installed":null,"LED_Powered":0,"LightID":"L038366","Light_Source":"High Pressure Sodium","Light_Type":"Decorative","Lighting_Type":"Sterner (Historic Light Fixture)","Verification_Date":null},"id":"stl-city-public-streetlights:2:145509","sourceLayerId":2,"sourceObjectId":145509,"sourceURL":"https://maps8.stlouis-mo.gov/arcgis/rest/services/STREETS/Streets_Permitting/MapServer/2","title":"Street light L038366"},"type":"Feature"},{"geometry":{"coordinates":[-90.25840898278702,38.547168340129396],"type":"Point"},"id":"stl-city-public-streetlights:2:145510","properties":{"address":null,"attributes":{"Date_Installed":null,"LED_Powered":0,"LightID":"L038367","Light_Source":"High Pressure Sodium","Light_Type":"Decorative","Lighting_Type":"Sterner (Historic Light Fixture)","Verification_Date":null},"id":"stl-city-public-streetlights:2:145510","sourceLayerId":2,"sourceObjectId":145510,"sourceURL":"https://maps8.stlouis-mo.gov/arcgis/rest/services/STREETS/Streets_Permitting/MapServer/2","title":"Street light L038367"},"type":"Feature"},{"geometry":{"coordinates":[-90.25859927280179,38.546992938400756],"type":"Point"},"id":"stl-city-public-streetlights:2:145511","properties":{"address":null,"attributes":{"Date_Installed":null,"LED_Powered":0,"LightID":"L038368","Light_Source":"High Pressure Sodium","Light_Type":"Decorative","Lighting_Type":"Sterner (Historic Light Fixture)","Verification_Date":null},"id":"stl-city-public-streetlights:2:145511","sourceLayerId":2,"sourceObjectId":145511,"sourceURL":"https://maps8.stlouis-mo.gov/arcgis/rest/services/STREETS/Streets_Permitting/MapServer/2","title":"Street light L038368"},"type":"Feature"},{"geometry":{"coordinates":[-90.25873626653312,38.546871059141644],"type":"Point"},"id":"stl-city-public-streetlights:2:145512","properties":{"address":null,"attributes":{"Date_Installed":null,"LED_Powered":0,"LightID":"L038369","Light_Source":"High Pressure Sodium","Light_Type":"Decorative","Lighting_Type":"Sterner (Historic Light Fixture)","Verification_Date":null},"id":"stl-city-public-streetlights:2:145512","sourceLayerId":2,"sourceObjectId":145512,"sourceURL":"https://maps8.stlouis-mo.gov/arcgis/rest/services/STREETS/Streets_Permitting/MapServer/2","title":"Street light L038369"},"type":"Feature"},{"geometry":{"coordinates":[-90.25905970305548,38.546588666648226],"type":"Point"},"id":"stl-city-public-streetlights:2:145513","properties":{"address":null,"attributes":{"Date_Installed":null,"LED_Powered":0,"LightID":"L038370","Light_Source":"High Pressure Sodium","Light_Type":"Decorative","Lighting_Type":"Sterner (Historic Light Fixture)","Verification_Date":null},"id":"stl-city-public-streetlights:2:145513","sourceLayerId":2,"sourceObjectId":145513,"sourceURL":"https://maps8.stlouis-mo.gov/arcgis/rest/services/STREETS/Streets_Permitting/MapServer/2","title":"Street light L038370"},"type":"Feature"},{"geometry":{"coordinates":[-90.25934123570876,38.54635684043476],"type":"Point"},"id":"stl-city-public-streetlights:2:145514","properties":{"address":null,"attributes":{"Date_Installed":null,"LED_Powered":0,"LightID":"L038371","Light_Source":"High Pressure Sodium","Light_Type":"Decorative","Lighting_Type":"Sterner (Historic Light Fixture)","Verification_Date":null},"id":"stl-city-public-streetlights:2:145514","sourceLayerId":2,"sourceObjectId":145514,"sourceURL":"https://maps8.stlouis-mo.gov/arcgis/rest/services/STREETS/Streets_Permitting/MapServer/2","title":"Street light L038371"},"type":"Feature"},{"geometry":{"coordinates":[-90.25948207903394,38.546217090663845],"type":"Point"},"id":"stl-city-public-streetlights:2:145515","properties":{"address":null,"attributes":{"Date_Installed":null,"LED_Powered":0,"LightID":"L038372","Light_Source":"High Pressure Sodium","Light_Type":"Decorative","Lighting_Type":"Sterner (Historic Light Fixture)","Verification_Date":null},"id":"stl-city-public-streetlights:2:145515","sourceLayerId":2,"sourceObjectId":145515,"sourceURL":"https://maps8.stlouis-mo.gov/arcgis/rest/services/STREETS/Streets_Permitting/MapServer/2","title":"Street light L038372"},"type":"Feature"},{"geometry":{"coordinates":[-90.25933836841827,38.546078543543494],"type":"Point"},"id":"stl-city-public-streetlights:2:145516","properties":{"address":null,"attributes":{"Date_Installed":null,"LED_Powered":0,"LightID":"L038373","Light_Source":"High Pressure Sodium","Light_Type":"Decorative","Lighting_Type":"Sterner (Historic Light Fixture)","Verification_Date":null},"id":"stl-city-public-streetlights:2:145516","sourceLayerId":2,"sourceObjectId":145516,"sourceURL":"https://maps8.stlouis-mo.gov/arcgis/rest/services/STREETS/Streets_Permitting/MapServer/2","title":"Street light L038373"},"type":"Feature"},{"geometry":{"coordinates":[-90.25917471998557,38.54623016429487],"type":"Point"},"id":"stl-city-public-streetlights:2:145517","properties":{"address":null,"attributes":{"Date_Installed":null,"LED_Powered":0,"LightID":"L038374","Light_Source":"High Pressure Sodium","Light_Type":"Decorative","Lighting_Type":"Sterner (Historic Light Fixture)","Verification_Date":null},"id":"stl-city-public-streetlights:2:145517","sourceLayerId":2,"sourceObjectId":145517,"sourceURL":"https://maps8.stlouis-mo.gov/arcgis/rest/services/STREETS/Streets_Permitting/MapServer/2","title":"Street light L038374"},"type":"Feature"},{"geometry":{"coordinates":[-90.25890455068298,38.546467973893066],"type":"Point"},"id":"stl-city-public-streetlights:2:145518","properties":{"address":null,"attributes":{"Date_Installed":null,"LED_Powered":0,"LightID":"L038375","Light_Source":"High Pressure Sodium","Light_Type":"Decorative","Lighting_Type":"Sterner (Historic Light Fixture)","Verification_Date":null},"id":"stl-city-public-streetlights:2:145518","sourceLayerId":2,"sourceObjectId":145518,"sourceURL":"https://maps8.stlouis-mo.gov/arcgis/rest/services/STREETS/Streets_Permitting/MapServer/2","title":"Street light L038375"},"type":"Feature"},{"geometry":{"coordinates":[-90.25874486181294,38.54658795523744],"type":"Point"},"id":"stl-city-public-streetlights:2:145519","properties":{"address":null,"attributes":{"Date_Installed":null,"LED_Powered":0,"LightID":"L038376","Light_Source":"High Pressure Sodium","Light_Type":"Decorative","Lighting_Type":"Sterner (Historic Light Fixture)","Verification_Date":null},"id":"stl-city-public-streetlights:2:145519","sourceLayerId":2,"sourceObjectId":145519,"sourceURL":"https://maps8.stlouis-mo.gov/arcgis/rest/services/STREETS/Streets_Permitting/MapServer/2","title":"Street light L038376"},"type":"Feature"},{"geometry":{"coordinates":[-90.2584783893897,38.54683536877967],"type":"Point"},"id":"stl-city-public-streetlights:2:145520","properties":{"address":null,"attributes":{"Date_Installed":null,"LED_Powered":0,"LightID":"L038377","Light_Source":"High Pressure Sodium","Light_Type":"Decorative","Lighting_Type":"Sterner (Historic Light Fixture)","Verification_Date":null},"id":"stl-city-public-streetlights:2:145520","sourceLayerId":2,"sourceObjectId":145520,"sourceURL":"https://maps8.stlouis-mo.gov/arcgis/rest/services/STREETS/Streets_Permitting/MapServer/2","title":"Street light L038377"},"type":"Feature"},{"geometry":{"coordinates":[-90.25832236585566,38.54697508598992],"type":"Point"},"id":"stl-city-public-streetlights:2:145521","properties":{"address":null,"attributes":{"Date_Installed":null,"LED_Powered":0,"LightID":"L038378","Light_Source":"High Pressure Sodium","Light_Type":"Decorative","Lighting_Type":"Sterner (Historic Light Fixture)","Verification_Date":null},"id":"stl-city-public-streetlights:2:145521","sourceLayerId":2,"sourceObjectId":145521,"sourceURL":"https://maps8.stlouis-mo.gov/arcgis/rest/services/STREETS/Streets_Permitting/MapServer/2","title":"Street light L038378"},"type":"Feature"},{"geometry":{"coordinates":[-90.25812450777974,38.547144512155555],"type":"Point"},"id":"stl-city-public-streetlights:2:145522","properties":{"address":null,"attributes":{"Date_Installed":null,"LED_Powered":0,"LightID":"L038379","Light_Source":"High Pressure Sodium","Light_Type":"Decorative","Lighting_Type":"Sterner (Historic Light Fixture)","Verification_Date":null},"id":"stl-city-public-streetlights:2:145522","sourceLayerId":2,"sourceObjectId":145522,"sourceURL":"https://maps8.stlouis-mo.gov/arcgis/rest/services/STREETS/Streets_Permitting/MapServer/2","title":"Street light L038379"},"type":"Feature"},{"geometry":{"coordinates":[-90.25793802990553,38.5473139606094],"type":"Point"},"id":"stl-city-public-streetlights:2:145523","properties":{"address":null,"attributes":{"Date_Installed":null,"LED_Powered":0,"LightID":"L038380","Light_Source":"High Pressure Sodium","Light_Type":"Decorative","Lighting_Type":"Sterner (Historic Light Fixture)","Verification_Date":null},"id":"stl-city-public-streetlights:2:145523","sourceLayerId":2,"sourceObjectId":145523,"sourceURL":"https://maps8.stlouis-mo.gov/arcgis/rest/services/STREETS/Streets_Permitting/MapServer/2","title":"Street light L038380"},"type":"Feature"},{"geometry":{"coordinates":[-90.25773249143879,38.547510186517854],"type":"Point"},"id":"stl-city-public-streetlights:2:145524","properties":{"address":null,"attributes":{"Date_Installed":null,"LED_Powered":0,"LightID":"L038381","Light_Source":"High Pressure Sodium","Light_Type":"Decorative","Lighting_Type":"Sterner (Historic Light Fixture)","Verification_Date":null},"id":"stl-city-public-streetlights:2:145524","sourceLayerId":2,"sourceObjectId":145524,"sourceURL":"https://maps8.stlouis-mo.gov/arcgis/rest/services/STREETS/Streets_Permitting/MapServer/2","title":"Street light L038381"},"type":"Feature"},{"geometry":{"coordinates":[-90.25753845425565,38.547670680815244],"type":"Point"},"id":"stl-city-public-streetlights:2:145525","properties":{"address":null,"attributes":{"Date_Installed":null,"LED_Powered":0,"LightID":"L038382","Light_Source":"High Pressure Sodium","Light_Type":"Decorative","Lighting_Type":"Sterner (Historic Light Fixture)","Verification_Date":null},"id":"stl-city-public-streetlights:2:145525","sourceLayerId":2,"sourceObjectId":145525,"sourceURL":"https://maps8.stlouis-mo.gov/arcgis/rest/services/STREETS/Streets_Permitting/MapServer/2","title":"Street light L038382"},"type":"Feature"},{"geometry":{"coordinates":[-90.25723785182801,38.54792928028418],"type":"Point"},"id":"stl-city-public-streetlights:2:145526","properties":{"address":null,"attributes":{"Date_Installed":null,"LED_Powered":0,"LightID":"L038383","Light_Source":"High Pressure Sodium","Light_Type":"Decorative","Lighting_Type":"Sterner (Historic Light Fixture)","Verification_Date":null},"id":"stl-city-public-streetlights:2:145526","sourceLayerId":2,"sourceObjectId":145526,"sourceURL":"https://maps8.stlouis-mo.gov/arcgis/rest/services/STREETS/Streets_Permitting/MapServer/2","title":"Street light L038383"},"type":"Feature"},{"geometry":{"coordinates":[-90.25713128601538,38.548027383880765],"type":"Point"},"id":"stl-city-public-streetlights:2:145527","properties":{"address":null,"attributes":{"Date_Installed":null,"LED_Powered":0,"LightID":"L038384","Light_Source":"High Pressure Sodium","Light_Type":"Decorative","Lighting_Type":"Sterner (Historic Light Fixture)","Verification_Date":null},"id":"stl-city-public-streetlights:2:145527","sourceLayerId":2,"sourceObjectId":145527,"sourceURL":"https://maps8.stlouis-mo.gov/arcgis/rest/services/STREETS/Streets_Permitting/MapServer/2","title":"Street light L038384"},"type":"Feature"},{"geometry":{"coordinates":[-90.25679264311376,38.548314207853984],"type":"Point"},"id":"stl-city-public-streetlights:2:145528","properties":{"address":null,"attributes":{"Date_Installed":null,"LED_Powered":0,"LightID":"L038385","Light_Source":"High Pressure Sodium","Light_Type":"Decorative","Lighting_Type":"Sterner (Historic Light Fixture)","Verification_Date":null},"id":"stl-city-public-streetlights:2:145528","sourceLayerId":2,"sourceObjectId":145528,"sourceURL":"https://maps8.stlouis-mo.gov/arcgis/rest/services/STREETS/Streets_Permitting/MapServer/2","title":"Street light L038385"},"type":"Feature"},{"geometry":{"coordinates":[-90.25663658413414,38.54846286236587],"type":"Point"},"id":"stl-city-public-streetlights:2:145529","properties":{"address":null,"attributes":{"Date_Installed":null,"LED_Powered":0,"LightID":"L038386","Light_Source":"High Pressure Sodium","Light_Type":"Decorative","Lighting_Type":"Sterner (Historic Light Fixture)","Verification_Date":null},"id":"stl-city-public-streetlights:2:145529","sourceLayerId":2,"sourceObjectId":145529,"sourceURL":"https://maps8.stlouis-mo.gov/arcgis/rest/services/STREETS/Streets_Permitting/MapServer/2","title":"Street light L038386"},"type":"Feature"},{"geometry":{"coordinates":[-90.25644247044985,38.54864421147075],"type":"Point"},"id":"stl-city-public-streetlights:2:145530","properties":{"address":null,"attributes":{"Date_Installed":null,"LED_Powered":0,"LightID":"L038387","Light_Source":"High Pressure Sodium","Light_Type":"Decorative","Lighting_Type":"Sterner (Historic Light Fixture)","Verification_Date":null},"id":"stl-city-public-streetlights:2:145530","sourceLayerId":2,"sourceObjectId":145530,"sourceURL":"https://maps8.stlouis-mo.gov/arcgis/rest/services/STREETS/Streets_Permitting/MapServer/2","title":"Street light L038387"},"type":"Feature"},{"geometry":{"coordinates":[-90.25632453120352,38.54873931136982],"type":"Point"},"id":"stl-city-public-streetlights:2:145531","properties":{"address":null,"attributes":{"Date_Installed":null,"LED_Powered":0,"LightID":"L038388","Light_Source":"High Pressure Sodium","Light_Type":"Decorative","Lighting_Type":"Sterner (Historic Light Fixture)","Verification_Date":null},"id":"stl-city-public-streetlights:2:145531","sourceLayerId":2,"sourceObjectId":145531,"sourceURL":"https://maps8.stlouis-mo.gov/arcgis/rest/services/STREETS/Streets_Permitting/MapServer/2","title":"Street light L038388"},"type":"Feature"}],"layerId":"city-streetlights","retrievedAt":"2026-09-13T21:56:18.173251+00:00","schema":"property-infrastructure-geojson-v1","sourceId":"stl-city-public-streetlights","tileId":"-9026_3854","type":"FeatureCollection"}