{"features":[{"geometry":{"coordinates":[-90.22977725124979,38.6596353014353],"type":"Point"},"id":"stl-city-public-streetlights:2:134446","properties":{"address":null,"attributes":{"Date_Installed":null,"LED_Powered":1,"LightID":"L027162","Light_Source":"LED","Light_Type":"Cobra","Lighting_Type":"LED-Powered Lamp","Verification_Date":null},"id":"stl-city-public-streetlights:2:134446","sourceLayerId":2,"sourceObjectId":134446,"sourceURL":"https://maps8.stlouis-mo.gov/arcgis/rest/services/STREETS/Streets_Permitting/MapServer/2","title":"Street light L027162"},"type":"Feature"},{"geometry":{"coordinates":[-90.22903898339737,38.65931395301112],"type":"Point"},"id":"stl-city-public-streetlights:2:134447","properties":{"address":null,"attributes":{"Date_Installed":null,"LED_Powered":1,"LightID":"L027163","Light_Source":"LED","Light_Type":"Cobra","Lighting_Type":"LED-Powered Lamp","Verification_Date":null},"id":"stl-city-public-streetlights:2:134447","sourceLayerId":2,"sourceObjectId":134447,"sourceURL":"https://maps8.stlouis-mo.gov/arcgis/rest/services/STREETS/Streets_Permitting/MapServer/2","title":"Street light L027163"},"type":"Feature"},{"geometry":{"coordinates":[-90.22951172452959,38.659347941160554],"type":"Point"},"id":"stl-city-public-streetlights:2:134448","properties":{"address":null,"attributes":{"Date_Installed":null,"LED_Powered":1,"LightID":"L027164","Light_Source":"LED","Light_Type":"Cobra","Lighting_Type":"LED-Powered Lamp","Verification_Date":null},"id":"stl-city-public-streetlights:2:134448","sourceLayerId":2,"sourceObjectId":134448,"sourceURL":"https://maps8.stlouis-mo.gov/arcgis/rest/services/STREETS/Streets_Permitting/MapServer/2","title":"Street light L027164"},"type":"Feature"},{"geometry":{"coordinates":[-90.22970907829715,38.6584231495723],"type":"Point"},"id":"stl-city-public-streetlights:2:134475","properties":{"address":null,"attributes":{"Date_Installed":null,"LED_Powered":0,"LightID":"L027191","Light_Source":"LED","Light_Type":"Cobra","Lighting_Type":"LED-Powered Lamp","Verification_Date":null},"id":"stl-city-public-streetlights:2:134475","sourceLayerId":2,"sourceObjectId":134475,"sourceURL":"https://maps8.stlouis-mo.gov/arcgis/rest/services/STREETS/Streets_Permitting/MapServer/2","title":"Street light L027191"},"type":"Feature"},{"geometry":{"coordinates":[-90.2292817674528,38.658233678036396],"type":"Point"},"id":"stl-city-public-streetlights:2:134476","properties":{"address":null,"attributes":{"Date_Installed":null,"LED_Powered":0,"LightID":"L027192","Light_Source":"LED","Light_Type":"Cobra","Lighting_Type":"LED-Powered Lamp","Verification_Date":null},"id":"stl-city-public-streetlights:2:134476","sourceLayerId":2,"sourceObjectId":134476,"sourceURL":"https://maps8.stlouis-mo.gov/arcgis/rest/services/STREETS/Streets_Permitting/MapServer/2","title":"Street light L027192"},"type":"Feature"},{"geometry":{"coordinates":[-90.22891757218653,38.65807515972201],"type":"Point"},"id":"stl-city-public-streetlights:2:134477","properties":{"address":null,"attributes":{"Date_Installed":null,"LED_Powered":0,"LightID":"L027193","Light_Source":"LED","Light_Type":"Cobra","Lighting_Type":"LED-Powered Lamp","Verification_Date":null},"id":"stl-city-public-streetlights:2:134477","sourceLayerId":2,"sourceObjectId":134477,"sourceURL":"https://maps8.stlouis-mo.gov/arcgis/rest/services/STREETS/Streets_Permitting/MapServer/2","title":"Street light L027193"},"type":"Feature"},{"geometry":{"coordinates":[-90.22858253280147,38.657924305998534],"type":"Point"},"id":"stl-city-public-streetlights:2:134478","properties":{"address":null,"attributes":{"Date_Installed":null,"LED_Powered":0,"LightID":"L027194","Light_Source":"LED","Light_Type":"Cobra","Lighting_Type":"LED-Powered Lamp","Verification_Date":null},"id":"stl-city-public-streetlights:2:134478","sourceLayerId":2,"sourceObjectId":134478,"sourceURL":"https://maps8.stlouis-mo.gov/arcgis/rest/services/STREETS/Streets_Permitting/MapServer/2","title":"Street light L027194"},"type":"Feature"},{"geometry":{"coordinates":[-90.22822560915009,38.65777331038263],"type":"Point"},"id":"stl-city-public-streetlights:2:134479","properties":{"address":null,"attributes":{"Date_Installed":null,"LED_Powered":0,"LightID":"L027195","Light_Source":"LED","Light_Type":"Cobra","Lighting_Type":"LED-Powered Lamp","Verification_Date":null},"id":"stl-city-public-streetlights:2:134479","sourceLayerId":2,"sourceObjectId":134479,"sourceURL":"https://maps8.stlouis-mo.gov/arcgis/rest/services/STREETS/Streets_Permitting/MapServer/2","title":"Street light L027195"},"type":"Feature"},{"geometry":{"coordinates":[-90.22787382369292,38.65761417350992],"type":"Point"},"id":"stl-city-public-streetlights:2:134480","properties":{"address":null,"attributes":{"Date_Installed":null,"LED_Powered":0,"LightID":"L027196","Light_Source":"LED","Light_Type":"Cobra","Lighting_Type":"LED-Powered Lamp","Verification_Date":null},"id":"stl-city-public-streetlights:2:134480","sourceLayerId":2,"sourceObjectId":134480,"sourceURL":"https://maps8.stlouis-mo.gov/arcgis/rest/services/STREETS/Streets_Permitting/MapServer/2","title":"Street light L027196"},"type":"Feature"},{"geometry":{"coordinates":[-90.22751326492079,38.657460306946206],"type":"Point"},"id":"stl-city-public-streetlights:2:134481","properties":{"address":null,"attributes":{"Date_Installed":null,"LED_Powered":0,"LightID":"L027197","Light_Source":"LED","Light_Type":"Cobra","Lighting_Type":"LED-Powered Lamp","Verification_Date":null},"id":"stl-city-public-streetlights:2:134481","sourceLayerId":2,"sourceObjectId":134481,"sourceURL":"https://maps8.stlouis-mo.gov/arcgis/rest/services/STREETS/Streets_Permitting/MapServer/2","title":"Street light L027197"},"type":"Feature"},{"geometry":{"coordinates":[-90.2280011482838,38.656788105604676],"type":"Point"},"id":"stl-city-public-streetlights:2:134482","properties":{"address":null,"attributes":{"Date_Installed":"1/18/2018","LED_Powered":1,"LightID":"L027198","Light_Source":"LED","Light_Type":"Cobra","Lighting_Type":"LED-Powered Lamp","Verification_Date":null},"id":"stl-city-public-streetlights:2:134482","sourceLayerId":2,"sourceObjectId":134482,"sourceURL":"https://maps8.stlouis-mo.gov/arcgis/rest/services/STREETS/Streets_Permitting/MapServer/2","title":"Street light L027198"},"type":"Feature"},{"geometry":{"coordinates":[-90.22838474420317,38.65695870948749],"type":"Point"},"id":"stl-city-public-streetlights:2:134483","properties":{"address":null,"attributes":{"Date_Installed":"1/18/2018","LED_Powered":1,"LightID":"L027199","Light_Source":"LED","Light_Type":"Cobra","Lighting_Type":"LED-Powered Lamp","Verification_Date":null},"id":"stl-city-public-streetlights:2:134483","sourceLayerId":2,"sourceObjectId":134483,"sourceURL":"https://maps8.stlouis-mo.gov/arcgis/rest/services/STREETS/Streets_Permitting/MapServer/2","title":"Street light L027199"},"type":"Feature"},{"geometry":{"coordinates":[-90.2287562044809,38.65712356244188],"type":"Point"},"id":"stl-city-public-streetlights:2:134484","properties":{"address":null,"attributes":{"Date_Installed":"1/18/2018","LED_Powered":1,"LightID":"L027200","Light_Source":"LED","Light_Type":"Cobra","Lighting_Type":"LED-Powered Lamp","Verification_Date":null},"id":"stl-city-public-streetlights:2:134484","sourceLayerId":2,"sourceObjectId":134484,"sourceURL":"https://maps8.stlouis-mo.gov/arcgis/rest/services/STREETS/Streets_Permitting/MapServer/2","title":"Street light L027200"},"type":"Feature"},{"geometry":{"coordinates":[-90.22913981835234,38.65729035043361],"type":"Point"},"id":"stl-city-public-streetlights:2:134485","properties":{"address":null,"attributes":{"Date_Installed":"1/18/2018","LED_Powered":1,"LightID":"L027201","Light_Source":"LED","Light_Type":"Cobra","Lighting_Type":"LED-Powered Lamp","Verification_Date":null},"id":"stl-city-public-streetlights:2:134485","sourceLayerId":2,"sourceObjectId":134485,"sourceURL":"https://maps8.stlouis-mo.gov/arcgis/rest/services/STREETS/Streets_Permitting/MapServer/2","title":"Street light L027201"},"type":"Feature"},{"geometry":{"coordinates":[-90.22952875042986,38.65746592048998],"type":"Point"},"id":"stl-city-public-streetlights:2:134486","properties":{"address":null,"attributes":{"Date_Installed":"1/18/2018","LED_Powered":1,"LightID":"L027202","Light_Source":"LED","Light_Type":"Cobra","Lighting_Type":"LED-Powered Lamp","Verification_Date":null},"id":"stl-city-public-streetlights:2:134486","sourceLayerId":2,"sourceObjectId":134486,"sourceURL":"https://maps8.stlouis-mo.gov/arcgis/rest/services/STREETS/Streets_Permitting/MapServer/2","title":"Street light L027202"},"type":"Feature"},{"geometry":{"coordinates":[-90.22985410970492,38.657603967386486],"type":"Point"},"id":"stl-city-public-streetlights:2:134487","properties":{"address":null,"attributes":{"Date_Installed":"1/18/2018","LED_Powered":1,"LightID":"L027203","Light_Source":"LED","Light_Type":"Cobra","Lighting_Type":"LED-Powered Lamp","Verification_Date":null},"id":"stl-city-public-streetlights:2:134487","sourceLayerId":2,"sourceObjectId":134487,"sourceURL":"https://maps8.stlouis-mo.gov/arcgis/rest/services/STREETS/Streets_Permitting/MapServer/2","title":"Street light L027203"},"type":"Feature"},{"geometry":{"coordinates":[-90.22985709179639,38.65474834715618],"type":"Point"},"id":"stl-city-public-streetlights:2:134523","properties":{"address":null,"attributes":{"Date_Installed":null,"LED_Powered":0,"LightID":"L027239","Light_Source":"LED","Light_Type":"Cobra","Lighting_Type":"LED-Powered Lamp","Verification_Date":null},"id":"stl-city-public-streetlights:2:134523","sourceLayerId":2,"sourceObjectId":134523,"sourceURL":"https://maps8.stlouis-mo.gov/arcgis/rest/services/STREETS/Streets_Permitting/MapServer/2","title":"Street light L027239"},"type":"Feature"},{"geometry":{"coordinates":[-90.22949457845745,38.654591740725635],"type":"Point"},"id":"stl-city-public-streetlights:2:134524","properties":{"address":null,"attributes":{"Date_Installed":null,"LED_Powered":0,"LightID":"L027240","Light_Source":"LED","Light_Type":"Cobra","Lighting_Type":"LED-Powered Lamp","Verification_Date":null},"id":"stl-city-public-streetlights:2:134524","sourceLayerId":2,"sourceObjectId":134524,"sourceURL":"https://maps8.stlouis-mo.gov/arcgis/rest/services/STREETS/Streets_Permitting/MapServer/2","title":"Street light L027240"},"type":"Feature"},{"geometry":{"coordinates":[-90.22995666021065,38.6509192174263],"type":"Point"},"id":"stl-city-public-streetlights:2:134572","properties":{"address":null,"attributes":{"Date_Installed":null,"LED_Powered":0,"LightID":"L027288","Light_Source":"LED","Light_Type":"Cobra","Lighting_Type":"LED-Powered Lamp","Verification_Date":null},"id":"stl-city-public-streetlights:2:134572","sourceLayerId":2,"sourceObjectId":134572,"sourceURL":"https://maps8.stlouis-mo.gov/arcgis/rest/services/STREETS/Streets_Permitting/MapServer/2","title":"Street light L027288"},"type":"Feature"},{"geometry":{"coordinates":[-90.22958522194924,38.65075627447597],"type":"Point"},"id":"stl-city-public-streetlights:2:134573","properties":{"address":null,"attributes":{"Date_Installed":null,"LED_Powered":0,"LightID":"L027289","Light_Source":"LED","Light_Type":"Cobra","Lighting_Type":"LED-Powered Lamp","Verification_Date":null},"id":"stl-city-public-streetlights:2:134573","sourceLayerId":2,"sourceObjectId":134573,"sourceURL":"https://maps8.stlouis-mo.gov/arcgis/rest/services/STREETS/Streets_Permitting/MapServer/2","title":"Street light L027289"},"type":"Feature"},{"geometry":{"coordinates":[-90.22999833240902,38.65679303425312],"type":"Point"},"id":"stl-city-public-streetlights:2:134586","properties":{"address":null,"attributes":{"Date_Installed":null,"LED_Powered":0,"LightID":"L027302","Light_Source":"LED","Light_Type":"Cobra","Lighting_Type":"LED-Powered Lamp","Verification_Date":null},"id":"stl-city-public-streetlights:2:134586","sourceLayerId":2,"sourceObjectId":134586,"sourceURL":"https://maps8.stlouis-mo.gov/arcgis/rest/services/STREETS/Streets_Permitting/MapServer/2","title":"Street light L027302"},"type":"Feature"},{"geometry":{"coordinates":[-90.22961470483611,38.656630063384696],"type":"Point"},"id":"stl-city-public-streetlights:2:134587","properties":{"address":null,"attributes":{"Date_Installed":null,"LED_Powered":0,"LightID":"L027303","Light_Source":"LED","Light_Type":"Cobra","Lighting_Type":"LED-Powered Lamp","Verification_Date":null},"id":"stl-city-public-streetlights:2:134587","sourceLayerId":2,"sourceObjectId":134587,"sourceURL":"https://maps8.stlouis-mo.gov/arcgis/rest/services/STREETS/Streets_Permitting/MapServer/2","title":"Street light L027303"},"type":"Feature"},{"geometry":{"coordinates":[-90.22923841048897,38.65645757414935],"type":"Point"},"id":"stl-city-public-streetlights:2:134588","properties":{"address":null,"attributes":{"Date_Installed":null,"LED_Powered":0,"LightID":"L027304","Light_Source":"LED","Light_Type":"Cobra","Lighting_Type":"LED-Powered Lamp","Verification_Date":null},"id":"stl-city-public-streetlights:2:134588","sourceLayerId":2,"sourceObjectId":134588,"sourceURL":"https://maps8.stlouis-mo.gov/arcgis/rest/services/STREETS/Streets_Permitting/MapServer/2","title":"Street light L027304"},"type":"Feature"},{"geometry":{"coordinates":[-90.22884993388922,38.65629172922992],"type":"Point"},"id":"stl-city-public-streetlights:2:134589","properties":{"address":null,"attributes":{"Date_Installed":null,"LED_Powered":0,"LightID":"L027305","Light_Source":"LED","Light_Type":"Cobra","Lighting_Type":"LED-Powered Lamp","Verification_Date":null},"id":"stl-city-public-streetlights:2:134589","sourceLayerId":2,"sourceObjectId":134589,"sourceURL":"https://maps8.stlouis-mo.gov/arcgis/rest/services/STREETS/Streets_Permitting/MapServer/2","title":"Street light L027305"},"type":"Feature"},{"geometry":{"coordinates":[-90.22845953731773,38.65611939488167],"type":"Point"},"id":"stl-city-public-streetlights:2:134590","properties":{"address":null,"attributes":{"Date_Installed":null,"LED_Powered":0,"LightID":"L027306","Light_Source":"LED","Light_Type":"Cobra","Lighting_Type":"LED-Powered Lamp","Verification_Date":null},"id":"stl-city-public-streetlights:2:134590","sourceLayerId":2,"sourceObjectId":134590,"sourceURL":"https://maps8.stlouis-mo.gov/arcgis/rest/services/STREETS/Streets_Permitting/MapServer/2","title":"Street light L027306"},"type":"Feature"},{"geometry":{"coordinates":[-90.228988415974,38.65536221007954],"type":"Point"},"id":"stl-city-public-streetlights:2:134591","properties":{"address":null,"attributes":{"Date_Installed":null,"LED_Powered":0,"LightID":"L027307","Light_Source":"LED","Light_Type":"Cobra","Lighting_Type":"LED-Powered Lamp","Verification_Date":null},"id":"stl-city-public-streetlights:2:134591","sourceLayerId":2,"sourceObjectId":134591,"sourceURL":"https://maps8.stlouis-mo.gov/arcgis/rest/services/STREETS/Streets_Permitting/MapServer/2","title":"Street light L027307"},"type":"Feature"},{"geometry":{"coordinates":[-90.22934017329713,38.65551404370167],"type":"Point"},"id":"stl-city-public-streetlights:2:134592","properties":{"address":null,"attributes":{"Date_Installed":null,"LED_Powered":0,"LightID":"L027308","Light_Source":"LED","Light_Type":"Cobra","Lighting_Type":"LED-Powered Lamp","Verification_Date":null},"id":"stl-city-public-streetlights:2:134592","sourceLayerId":2,"sourceObjectId":134592,"sourceURL":"https://maps8.stlouis-mo.gov/arcgis/rest/services/STREETS/Streets_Permitting/MapServer/2","title":"Street light L027308"},"type":"Feature"},{"geometry":{"coordinates":[-90.22970669920839,38.65567225082891],"type":"Point"},"id":"stl-city-public-streetlights:2:134593","properties":{"address":null,"attributes":{"Date_Installed":null,"LED_Powered":0,"LightID":"L027309","Light_Source":"LED","Light_Type":"Cobra","Lighting_Type":"LED-Powered Lamp","Verification_Date":null},"id":"stl-city-public-streetlights:2:134593","sourceLayerId":2,"sourceObjectId":134593,"sourceURL":"https://maps8.stlouis-mo.gov/arcgis/rest/services/STREETS/Streets_Permitting/MapServer/2","title":"Street light L027309"},"type":"Feature"},{"geometry":{"coordinates":[-90.22557049465601,38.65985567691626],"type":"Point"},"id":"stl-city-public-streetlights:2:134653","properties":{"address":null,"attributes":{"Date_Installed":"12/8/2018","LED_Powered":1,"LightID":"L027369","Light_Source":"LED","Light_Type":"Cobra","Lighting_Type":"LED-Powered Lamp","Verification_Date":null},"id":"stl-city-public-streetlights:2:134653","sourceLayerId":2,"sourceObjectId":134653,"sourceURL":"https://maps8.stlouis-mo.gov/arcgis/rest/services/STREETS/Streets_Permitting/MapServer/2","title":"Street light L027369"},"type":"Feature"},{"geometry":{"coordinates":[-90.22588890137934,38.659417627218296],"type":"Point"},"id":"stl-city-public-streetlights:2:134654","properties":{"address":null,"attributes":{"Date_Installed":"12/8/2018","LED_Powered":1,"LightID":"L027370","Light_Source":"LED","Light_Type":"Cobra","Lighting_Type":"LED-Powered Lamp","Verification_Date":null},"id":"stl-city-public-streetlights:2:134654","sourceLayerId":2,"sourceObjectId":134654,"sourceURL":"https://maps8.stlouis-mo.gov/arcgis/rest/services/STREETS/Streets_Permitting/MapServer/2","title":"Street light L027370"},"type":"Feature"},{"geometry":{"coordinates":[-90.22620068200696,38.6589707171091],"type":"Point"},"id":"stl-city-public-streetlights:2:134655","properties":{"address":null,"attributes":{"Date_Installed":null,"LED_Powered":0,"LightID":"L027371","Light_Source":"LED","Light_Type":"Cobra","Lighting_Type":"LED-Powered Lamp","Verification_Date":null},"id":"stl-city-public-streetlights:2:134655","sourceLayerId":2,"sourceObjectId":134655,"sourceURL":"https://maps8.stlouis-mo.gov/arcgis/rest/services/STREETS/Streets_Permitting/MapServer/2","title":"Street light L027371"},"type":"Feature"},{"geometry":{"coordinates":[-90.22649847918802,38.65855438013716],"type":"Point"},"id":"stl-city-public-streetlights:2:134656","properties":{"address":null,"attributes":{"Date_Installed":null,"LED_Powered":0,"LightID":"L027372","Light_Source":"LED","Light_Type":"Cobra","Lighting_Type":"LED-Powered Lamp","Verification_Date":null},"id":"stl-city-public-streetlights:2:134656","sourceLayerId":2,"sourceObjectId":134656,"sourceURL":"https://maps8.stlouis-mo.gov/arcgis/rest/services/STREETS/Streets_Permitting/MapServer/2","title":"Street light L027372"},"type":"Feature"},{"geometry":{"coordinates":[-90.22681572410914,38.65810762432941],"type":"Point"},"id":"stl-city-public-streetlights:2:134657","properties":{"address":null,"attributes":{"Date_Installed":null,"LED_Powered":0,"LightID":"L027373","Light_Source":"LED","Light_Type":"Cobra","Lighting_Type":"LED-Powered Lamp","Verification_Date":null},"id":"stl-city-public-streetlights:2:134657","sourceLayerId":2,"sourceObjectId":134657,"sourceURL":"https://maps8.stlouis-mo.gov/arcgis/rest/services/STREETS/Streets_Permitting/MapServer/2","title":"Street light L027373"},"type":"Feature"},{"geometry":{"coordinates":[-90.22711466008052,38.6576778435523],"type":"Point"},"id":"stl-city-public-streetlights:2:134658","properties":{"address":null,"attributes":{"Date_Installed":null,"LED_Powered":0,"LightID":"L027374","Light_Source":"LED","Light_Type":"Cobra","Lighting_Type":"LED-Powered Lamp","Verification_Date":null},"id":"stl-city-public-streetlights:2:134658","sourceLayerId":2,"sourceObjectId":134658,"sourceURL":"https://maps8.stlouis-mo.gov/arcgis/rest/services/STREETS/Streets_Permitting/MapServer/2","title":"Street light L027374"},"type":"Feature"},{"geometry":{"coordinates":[-90.22742139111558,38.657259665536024],"type":"Point"},"id":"stl-city-public-streetlights:2:134659","properties":{"address":null,"attributes":{"Date_Installed":null,"LED_Powered":0,"LightID":"L027375","Light_Source":"LED","Light_Type":"Cobra","Lighting_Type":"LED-Powered Lamp","Verification_Date":null},"id":"stl-city-public-streetlights:2:134659","sourceLayerId":2,"sourceObjectId":134659,"sourceURL":"https://maps8.stlouis-mo.gov/arcgis/rest/services/STREETS/Streets_Permitting/MapServer/2","title":"Street light L027375"},"type":"Feature"},{"geometry":{"coordinates":[-90.22774690083982,38.65679454916722],"type":"Point"},"id":"stl-city-public-streetlights:2:134660","properties":{"address":null,"attributes":{"Date_Installed":null,"LED_Powered":0,"LightID":"L027376","Light_Source":"LED","Light_Type":"Cobra","Lighting_Type":"LED-Powered Lamp","Verification_Date":null},"id":"stl-city-public-streetlights:2:134660","sourceLayerId":2,"sourceObjectId":134660,"sourceURL":"https://maps8.stlouis-mo.gov/arcgis/rest/services/STREETS/Streets_Permitting/MapServer/2","title":"Street light L027376"},"type":"Feature"},{"geometry":{"coordinates":[-90.22803202211396,38.6563974125339],"type":"Point"},"id":"stl-city-public-streetlights:2:134661","properties":{"address":null,"attributes":{"Date_Installed":null,"LED_Powered":0,"LightID":"L027377","Light_Source":"High Pressure Sodium","Light_Type":"Cobra","Lighting_Type":"400-W High Pressure Sodium Vapor Lamp","Verification_Date":null},"id":"stl-city-public-streetlights:2:134661","sourceLayerId":2,"sourceObjectId":134661,"sourceURL":"https://maps8.stlouis-mo.gov/arcgis/rest/services/STREETS/Streets_Permitting/MapServer/2","title":"Street light L027377"},"type":"Feature"},{"geometry":{"coordinates":[-90.22836997417227,38.65591966672561],"type":"Point"},"id":"stl-city-public-streetlights:2:134662","properties":{"address":null,"attributes":{"Date_Installed":null,"LED_Powered":0,"LightID":"L027378","Light_Source":"LED","Light_Type":"Cobra","Lighting_Type":"LED-Powered Lamp","Verification_Date":null},"id":"stl-city-public-streetlights:2:134662","sourceLayerId":2,"sourceObjectId":134662,"sourceURL":"https://maps8.stlouis-mo.gov/arcgis/rest/services/STREETS/Streets_Permitting/MapServer/2","title":"Street light L027378"},"type":"Feature"},{"geometry":{"coordinates":[-90.22868171657436,38.65547475227756],"type":"Point"},"id":"stl-city-public-streetlights:2:134663","properties":{"address":null,"attributes":{"Date_Installed":null,"LED_Powered":0,"LightID":"L027379","Light_Source":"LED","Light_Type":"Cobra","Lighting_Type":"LED-Powered Lamp","Verification_Date":null},"id":"stl-city-public-streetlights:2:134663","sourceLayerId":2,"sourceObjectId":134663,"sourceURL":"https://maps8.stlouis-mo.gov/arcgis/rest/services/STREETS/Streets_Permitting/MapServer/2","title":"Street light L027379"},"type":"Feature"},{"geometry":{"coordinates":[-90.22898866076397,38.65504355535531],"type":"Point"},"id":"stl-city-public-streetlights:2:134664","properties":{"address":null,"attributes":{"Date_Installed":null,"LED_Powered":0,"LightID":"L027380","Light_Source":"LED","Light_Type":"Cobra","Lighting_Type":"LED-Powered Lamp","Verification_Date":null},"id":"stl-city-public-streetlights:2:134664","sourceLayerId":2,"sourceObjectId":134664,"sourceURL":"https://maps8.stlouis-mo.gov/arcgis/rest/services/STREETS/Streets_Permitting/MapServer/2","title":"Street light L027380"},"type":"Feature"},{"geometry":{"coordinates":[-90.22927563380135,38.654635480376896],"type":"Point"},"id":"stl-city-public-streetlights:2:134665","properties":{"address":null,"attributes":{"Date_Installed":null,"LED_Powered":0,"LightID":"L027381","Light_Source":"LED","Light_Type":"Cobra","Lighting_Type":"LED-Powered Lamp","Verification_Date":null},"id":"stl-city-public-streetlights:2:134665","sourceLayerId":2,"sourceObjectId":134665,"sourceURL":"https://maps8.stlouis-mo.gov/arcgis/rest/services/STREETS/Streets_Permitting/MapServer/2","title":"Street light L027381"},"type":"Feature"},{"geometry":{"coordinates":[-90.22958461977868,38.65419284528328],"type":"Point"},"id":"stl-city-public-streetlights:2:134666","properties":{"address":null,"attributes":{"Date_Installed":null,"LED_Powered":0,"LightID":"L027382","Light_Source":"LED","Light_Type":"Cobra","Lighting_Type":"LED-Powered Lamp","Verification_Date":null},"id":"stl-city-public-streetlights:2:134666","sourceLayerId":2,"sourceObjectId":134666,"sourceURL":"https://maps8.stlouis-mo.gov/arcgis/rest/services/STREETS/Streets_Permitting/MapServer/2","title":"Street light L027382"},"type":"Feature"},{"geometry":{"coordinates":[-90.22987884382191,38.65379508175344],"type":"Point"},"id":"stl-city-public-streetlights:2:134667","properties":{"address":null,"attributes":{"Date_Installed":null,"LED_Powered":0,"LightID":"L027383","Light_Source":"LED","Light_Type":"Cobra","Lighting_Type":"LED-Powered Lamp","Verification_Date":null},"id":"stl-city-public-streetlights:2:134667","sourceLayerId":2,"sourceObjectId":134667,"sourceURL":"https://maps8.stlouis-mo.gov/arcgis/rest/services/STREETS/Streets_Permitting/MapServer/2","title":"Street light L027383"},"type":"Feature"},{"geometry":{"coordinates":[-90.2299119414712,38.653521044440524],"type":"Point"},"id":"stl-city-public-streetlights:2:134682","properties":{"address":null,"attributes":{"Date_Installed":null,"LED_Powered":0,"LightID":"L027398","Light_Source":"LED","Light_Type":"Cobra","Lighting_Type":"LED-Powered Lamp","Verification_Date":null},"id":"stl-city-public-streetlights:2:134682","sourceLayerId":2,"sourceObjectId":134682,"sourceURL":"https://maps8.stlouis-mo.gov/arcgis/rest/services/STREETS/Streets_Permitting/MapServer/2","title":"Street light L027398"},"type":"Feature"},{"geometry":{"coordinates":[-90.22960646144162,38.65394187899204],"type":"Point"},"id":"stl-city-public-streetlights:2:134683","properties":{"address":null,"attributes":{"Date_Installed":null,"LED_Powered":0,"LightID":"L027399","Light_Source":"LED","Light_Type":"Cobra","Lighting_Type":"LED-Powered Lamp","Verification_Date":null},"id":"stl-city-public-streetlights:2:134683","sourceLayerId":2,"sourceObjectId":134683,"sourceURL":"https://maps8.stlouis-mo.gov/arcgis/rest/services/STREETS/Streets_Permitting/MapServer/2","title":"Street light L027399"},"type":"Feature"},{"geometry":{"coordinates":[-90.2293104194812,38.65435810939844],"type":"Point"},"id":"stl-city-public-streetlights:2:134684","properties":{"address":null,"attributes":{"Date_Installed":null,"LED_Powered":0,"LightID":"L027400","Light_Source":"LED","Light_Type":"Cobra","Lighting_Type":"LED-Powered Lamp","Verification_Date":null},"id":"stl-city-public-streetlights:2:134684","sourceLayerId":2,"sourceObjectId":134684,"sourceURL":"https://maps8.stlouis-mo.gov/arcgis/rest/services/STREETS/Streets_Permitting/MapServer/2","title":"Street light L027400"},"type":"Feature"},{"geometry":{"coordinates":[-90.22901156978456,38.654772164083106],"type":"Point"},"id":"stl-city-public-streetlights:2:134685","properties":{"address":null,"attributes":{"Date_Installed":null,"LED_Powered":0,"LightID":"L027401","Light_Source":"LED","Light_Type":"Cobra","Lighting_Type":"LED-Powered Lamp","Verification_Date":null},"id":"stl-city-public-streetlights:2:134685","sourceLayerId":2,"sourceObjectId":134685,"sourceURL":"https://maps8.stlouis-mo.gov/arcgis/rest/services/STREETS/Streets_Permitting/MapServer/2","title":"Street light L027401"},"type":"Feature"},{"geometry":{"coordinates":[-90.22868074991506,38.65524735456115],"type":"Point"},"id":"stl-city-public-streetlights:2:134686","properties":{"address":null,"attributes":{"Date_Installed":null,"LED_Powered":0,"LightID":"L027402","Light_Source":"LED","Light_Type":"Cobra","Lighting_Type":"LED-Powered Lamp","Verification_Date":null},"id":"stl-city-public-streetlights:2:134686","sourceLayerId":2,"sourceObjectId":134686,"sourceURL":"https://maps8.stlouis-mo.gov/arcgis/rest/services/STREETS/Streets_Permitting/MapServer/2","title":"Street light L027402"},"type":"Feature"},{"geometry":{"coordinates":[-90.2283867522737,38.655662753944405],"type":"Point"},"id":"stl-city-public-streetlights:2:134687","properties":{"address":null,"attributes":{"Date_Installed":null,"LED_Powered":0,"LightID":"L027403","Light_Source":"LED","Light_Type":"Cobra","Lighting_Type":"LED-Powered Lamp","Verification_Date":null},"id":"stl-city-public-streetlights:2:134687","sourceLayerId":2,"sourceObjectId":134687,"sourceURL":"https://maps8.stlouis-mo.gov/arcgis/rest/services/STREETS/Streets_Permitting/MapServer/2","title":"Street light L027403"},"type":"Feature"},{"geometry":{"coordinates":[-90.22806298194376,38.65612031960436],"type":"Point"},"id":"stl-city-public-streetlights:2:134688","properties":{"address":null,"attributes":{"Date_Installed":null,"LED_Powered":0,"LightID":"L027404","Light_Source":"LED","Light_Type":"Cobra","Lighting_Type":"LED-Powered Lamp","Verification_Date":null},"id":"stl-city-public-streetlights:2:134688","sourceLayerId":2,"sourceObjectId":134688,"sourceURL":"https://maps8.stlouis-mo.gov/arcgis/rest/services/STREETS/Streets_Permitting/MapServer/2","title":"Street light L027404"},"type":"Feature"},{"geometry":{"coordinates":[-90.22773422308454,38.65652972484568],"type":"Point"},"id":"stl-city-public-streetlights:2:134689","properties":{"address":null,"attributes":{"Date_Installed":null,"LED_Powered":0,"LightID":"L027405","Light_Source":"LED","Light_Type":"Cobra","Lighting_Type":"LED-Powered Lamp","Verification_Date":null},"id":"stl-city-public-streetlights:2:134689","sourceLayerId":2,"sourceObjectId":134689,"sourceURL":"https://maps8.stlouis-mo.gov/arcgis/rest/services/STREETS/Streets_Permitting/MapServer/2","title":"Street light L027405"},"type":"Feature"},{"geometry":{"coordinates":[-90.22742432018309,38.65696791944843],"type":"Point"},"id":"stl-city-public-streetlights:2:134690","properties":{"address":null,"attributes":{"Date_Installed":null,"LED_Powered":0,"LightID":"L027406","Light_Source":"LED","Light_Type":"Cobra","Lighting_Type":"LED-Powered Lamp","Verification_Date":null},"id":"stl-city-public-streetlights:2:134690","sourceLayerId":2,"sourceObjectId":134690,"sourceURL":"https://maps8.stlouis-mo.gov/arcgis/rest/services/STREETS/Streets_Permitting/MapServer/2","title":"Street light L027406"},"type":"Feature"},{"geometry":{"coordinates":[-90.2271156693951,38.65741183674061],"type":"Point"},"id":"stl-city-public-streetlights:2:134691","properties":{"address":null,"attributes":{"Date_Installed":null,"LED_Powered":0,"LightID":"L027407","Light_Source":"High Pressure Sodium","Light_Type":"Cobra","Lighting_Type":"400-W High Pressure Sodium Vapor Lamp","Verification_Date":null},"id":"stl-city-public-streetlights:2:134691","sourceLayerId":2,"sourceObjectId":134691,"sourceURL":"https://maps8.stlouis-mo.gov/arcgis/rest/services/STREETS/Streets_Permitting/MapServer/2","title":"Street light L027407"},"type":"Feature"},{"geometry":{"coordinates":[-90.22679119835234,38.657841557003835],"type":"Point"},"id":"stl-city-public-streetlights:2:134692","properties":{"address":null,"attributes":{"Date_Installed":null,"LED_Powered":0,"LightID":"L027408","Light_Source":"LED","Light_Type":"Cobra","Lighting_Type":"LED-Powered Lamp","Verification_Date":null},"id":"stl-city-public-streetlights:2:134692","sourceLayerId":2,"sourceObjectId":134692,"sourceURL":"https://maps8.stlouis-mo.gov/arcgis/rest/services/STREETS/Streets_Permitting/MapServer/2","title":"Street light L027408"},"type":"Feature"},{"geometry":{"coordinates":[-90.22649223855551,38.65827691426866],"type":"Point"},"id":"stl-city-public-streetlights:2:134693","properties":{"address":null,"attributes":{"Date_Installed":"2021-05-10","LED_Powered":1,"LightID":"L027409","Light_Source":"LED","Light_Type":"Cobra","Lighting_Type":"5G Pole - 5G Pole -5G Pole - LED-Powered Lamp","Verification_Date":null},"id":"stl-city-public-streetlights:2:134693","sourceLayerId":2,"sourceObjectId":134693,"sourceURL":"https://maps8.stlouis-mo.gov/arcgis/rest/services/STREETS/Streets_Permitting/MapServer/2","title":"Street light L027409"},"type":"Feature"},{"geometry":{"coordinates":[-90.22618343125274,38.65871096031551],"type":"Point"},"id":"stl-city-public-streetlights:2:134694","properties":{"address":null,"attributes":{"Date_Installed":"1/2020","LED_Powered":1,"LightID":"L027410","Light_Source":"LED","Light_Type":"Cobra","Lighting_Type":"LED-Powered Lamp","Verification_Date":null},"id":"stl-city-public-streetlights:2:134694","sourceLayerId":2,"sourceObjectId":134694,"sourceURL":"https://maps8.stlouis-mo.gov/arcgis/rest/services/STREETS/Streets_Permitting/MapServer/2","title":"Street light L027410"},"type":"Feature"},{"geometry":{"coordinates":[-90.22588733995669,38.659129446378685],"type":"Point"},"id":"stl-city-public-streetlights:2:134695","properties":{"address":null,"attributes":{"Date_Installed":"1/2020","LED_Powered":1,"LightID":"L027411","Light_Source":"LED","Light_Type":"Cobra","Lighting_Type":"LED-Powered Lamp","Verification_Date":null},"id":"stl-city-public-streetlights:2:134695","sourceLayerId":2,"sourceObjectId":134695,"sourceURL":"https://maps8.stlouis-mo.gov/arcgis/rest/services/STREETS/Streets_Permitting/MapServer/2","title":"Street light L027411"},"type":"Feature"},{"geometry":{"coordinates":[-90.22556655297406,38.65957404625766],"type":"Point"},"id":"stl-city-public-streetlights:2:134696","properties":{"address":null,"attributes":{"Date_Installed":"1/2020","LED_Powered":1,"LightID":"L027412","Light_Source":"LED","Light_Type":"Cobra","Lighting_Type":"LED-Powered Lamp","Verification_Date":null},"id":"stl-city-public-streetlights:2:134696","sourceLayerId":2,"sourceObjectId":134696,"sourceURL":"https://maps8.stlouis-mo.gov/arcgis/rest/services/STREETS/Streets_Permitting/MapServer/2","title":"Street light L027412"},"type":"Feature"},{"geometry":{"coordinates":[-90.22755730842789,38.65659617042049],"type":"Point"},"id":"stl-city-public-streetlights:2:134706","properties":{"address":null,"attributes":{"Date_Installed":null,"LED_Powered":0,"LightID":"L027422","Light_Source":"LED","Light_Type":"Cobra","Lighting_Type":"LED-Powered Lamp","Verification_Date":null},"id":"stl-city-public-streetlights:2:134706","sourceLayerId":2,"sourceObjectId":134706,"sourceURL":"https://maps8.stlouis-mo.gov/arcgis/rest/services/STREETS/Streets_Permitting/MapServer/2","title":"Street light L027422"},"type":"Feature"},{"geometry":{"coordinates":[-90.22717226027136,38.656429017132766],"type":"Point"},"id":"stl-city-public-streetlights:2:134707","properties":{"address":null,"attributes":{"Date_Installed":null,"LED_Powered":0,"LightID":"L027423","Light_Source":"LED","Light_Type":"Cobra","Lighting_Type":"LED-Powered Lamp","Verification_Date":null},"id":"stl-city-public-streetlights:2:134707","sourceLayerId":2,"sourceObjectId":134707,"sourceURL":"https://maps8.stlouis-mo.gov/arcgis/rest/services/STREETS/Streets_Permitting/MapServer/2","title":"Street light L027423"},"type":"Feature"},{"geometry":{"coordinates":[-90.22677601389647,38.65626104904548],"type":"Point"},"id":"stl-city-public-streetlights:2:134708","properties":{"address":null,"attributes":{"Date_Installed":null,"LED_Powered":0,"LightID":"L027424","Light_Source":"LED","Light_Type":"Cobra","Lighting_Type":"LED-Powered Lamp","Verification_Date":null},"id":"stl-city-public-streetlights:2:134708","sourceLayerId":2,"sourceObjectId":134708,"sourceURL":"https://maps8.stlouis-mo.gov/arcgis/rest/services/STREETS/Streets_Permitting/MapServer/2","title":"Street light L027424"},"type":"Feature"},{"geometry":{"coordinates":[-90.22635846707844,38.65606747794764],"type":"Point"},"id":"stl-city-public-streetlights:2:134709","properties":{"address":null,"attributes":{"Date_Installed":null,"LED_Powered":0,"LightID":"L027425","Light_Source":"LED","Light_Type":"Cobra","Lighting_Type":"LED-Powered Lamp","Verification_Date":null},"id":"stl-city-public-streetlights:2:134709","sourceLayerId":2,"sourceObjectId":134709,"sourceURL":"https://maps8.stlouis-mo.gov/arcgis/rest/services/STREETS/Streets_Permitting/MapServer/2","title":"Street light L027425"},"type":"Feature"},{"geometry":{"coordinates":[-90.22597484441849,38.65590640232594],"type":"Point"},"id":"stl-city-public-streetlights:2:134710","properties":{"address":null,"attributes":{"Date_Installed":null,"LED_Powered":0,"LightID":"L027426","Light_Source":"LED","Light_Type":"Cobra","Lighting_Type":"LED-Powered Lamp","Verification_Date":null},"id":"stl-city-public-streetlights:2:134710","sourceLayerId":2,"sourceObjectId":134710,"sourceURL":"https://maps8.stlouis-mo.gov/arcgis/rest/services/STREETS/Streets_Permitting/MapServer/2","title":"Street light L027426"},"type":"Feature"},{"geometry":{"coordinates":[-90.22560336774127,38.65574916738777],"type":"Point"},"id":"stl-city-public-streetlights:2:134711","properties":{"address":null,"attributes":{"Date_Installed":null,"LED_Powered":0,"LightID":"L027427","Light_Source":"LED","Light_Type":"Cobra","Lighting_Type":"LED-Powered Lamp","Verification_Date":null},"id":"stl-city-public-streetlights:2:134711","sourceLayerId":2,"sourceObjectId":134711,"sourceURL":"https://maps8.stlouis-mo.gov/arcgis/rest/services/STREETS/Streets_Permitting/MapServer/2","title":"Street light L027427"},"type":"Feature"},{"geometry":{"coordinates":[-90.22512931730846,38.65576593163562],"type":"Point"},"id":"stl-city-public-streetlights:2:134712","properties":{"address":null,"attributes":{"Date_Installed":null,"LED_Powered":0,"LightID":"L027428","Light_Source":"LED","Light_Type":"Cobra","Lighting_Type":"LED-Powered Lamp","Verification_Date":null},"id":"stl-city-public-streetlights:2:134712","sourceLayerId":2,"sourceObjectId":134712,"sourceURL":"https://maps8.stlouis-mo.gov/arcgis/rest/services/STREETS/Streets_Permitting/MapServer/2","title":"Street light L027428"},"type":"Feature"},{"geometry":{"coordinates":[-90.22476944167921,38.65560983390261],"type":"Point"},"id":"stl-city-public-streetlights:2:134713","properties":{"address":null,"attributes":{"Date_Installed":null,"LED_Powered":0,"LightID":"L027429","Light_Source":"LED","Light_Type":"Cobra","Lighting_Type":"LED-Powered Lamp","Verification_Date":null},"id":"stl-city-public-streetlights:2:134713","sourceLayerId":2,"sourceObjectId":134713,"sourceURL":"https://maps8.stlouis-mo.gov/arcgis/rest/services/STREETS/Streets_Permitting/MapServer/2","title":"Street light L027429"},"type":"Feature"},{"geometry":{"coordinates":[-90.22439252737813,38.65544495451728],"type":"Point"},"id":"stl-city-public-streetlights:2:134714","properties":{"address":null,"attributes":{"Date_Installed":null,"LED_Powered":0,"LightID":"L027430","Light_Source":"LED","Light_Type":"Cobra","Lighting_Type":"LED-Powered Lamp","Verification_Date":null},"id":"stl-city-public-streetlights:2:134714","sourceLayerId":2,"sourceObjectId":134714,"sourceURL":"https://maps8.stlouis-mo.gov/arcgis/rest/services/STREETS/Streets_Permitting/MapServer/2","title":"Street light L027430"},"type":"Feature"},{"geometry":{"coordinates":[-90.22399194238548,38.65527000741673],"type":"Point"},"id":"stl-city-public-streetlights:2:134715","properties":{"address":null,"attributes":{"Date_Installed":null,"LED_Powered":0,"LightID":"L027431","Light_Source":"LED","Light_Type":"Cobra","Lighting_Type":"LED-Powered Lamp","Verification_Date":null},"id":"stl-city-public-streetlights:2:134715","sourceLayerId":2,"sourceObjectId":134715,"sourceURL":"https://maps8.stlouis-mo.gov/arcgis/rest/services/STREETS/Streets_Permitting/MapServer/2","title":"Street light L027431"},"type":"Feature"},{"geometry":{"coordinates":[-90.22360958995756,38.65509748486671],"type":"Point"},"id":"stl-city-public-streetlights:2:134716","properties":{"address":null,"attributes":{"Date_Installed":null,"LED_Powered":0,"LightID":"L027432","Light_Source":"LED","Light_Type":"Cobra","Lighting_Type":"LED-Powered Lamp","Verification_Date":null},"id":"stl-city-public-streetlights:2:134716","sourceLayerId":2,"sourceObjectId":134716,"sourceURL":"https://maps8.stlouis-mo.gov/arcgis/rest/services/STREETS/Streets_Permitting/MapServer/2","title":"Street light L027432"},"type":"Feature"},{"geometry":{"coordinates":[-90.22421822753574,38.654246832182956],"type":"Point"},"id":"stl-city-public-streetlights:2:134717","properties":{"address":null,"attributes":{"Date_Installed":null,"LED_Powered":0,"LightID":"L027433","Light_Source":"LED","Light_Type":"Cobra","Lighting_Type":"LED-Powered Lamp","Verification_Date":null},"id":"stl-city-public-streetlights:2:134717","sourceLayerId":2,"sourceObjectId":134717,"sourceURL":"https://maps8.stlouis-mo.gov/arcgis/rest/services/STREETS/Streets_Permitting/MapServer/2","title":"Street light L027433"},"type":"Feature"},{"geometry":{"coordinates":[-90.22460112187119,38.65441625499038],"type":"Point"},"id":"stl-city-public-streetlights:2:134718","properties":{"address":null,"attributes":{"Date_Installed":null,"LED_Powered":0,"LightID":"L027434","Light_Source":"LED","Light_Type":"Cobra","Lighting_Type":"LED-Powered Lamp","Verification_Date":null},"id":"stl-city-public-streetlights:2:134718","sourceLayerId":2,"sourceObjectId":134718,"sourceURL":"https://maps8.stlouis-mo.gov/arcgis/rest/services/STREETS/Streets_Permitting/MapServer/2","title":"Street light L027434"},"type":"Feature"},{"geometry":{"coordinates":[-90.22497596912473,38.65458380990484],"type":"Point"},"id":"stl-city-public-streetlights:2:134719","properties":{"address":null,"attributes":{"Date_Installed":null,"LED_Powered":0,"LightID":"L027435","Light_Source":"LED","Light_Type":"Cobra","Lighting_Type":"LED-Powered Lamp","Verification_Date":null},"id":"stl-city-public-streetlights:2:134719","sourceLayerId":2,"sourceObjectId":134719,"sourceURL":"https://maps8.stlouis-mo.gov/arcgis/rest/services/STREETS/Streets_Permitting/MapServer/2","title":"Street light L027435"},"type":"Feature"},{"geometry":{"coordinates":[-90.22535025404805,38.6547519586823],"type":"Point"},"id":"stl-city-public-streetlights:2:134720","properties":{"address":null,"attributes":{"Date_Installed":null,"LED_Powered":0,"LightID":"L027436","Light_Source":"LED","Light_Type":"Cobra","Lighting_Type":"LED-Powered Lamp","Verification_Date":null},"id":"stl-city-public-streetlights:2:134720","sourceLayerId":2,"sourceObjectId":134720,"sourceURL":"https://maps8.stlouis-mo.gov/arcgis/rest/services/STREETS/Streets_Permitting/MapServer/2","title":"Street light L027436"},"type":"Feature"},{"geometry":{"coordinates":[-90.22575084131188,38.654926424583735],"type":"Point"},"id":"stl-city-public-streetlights:2:134721","properties":{"address":null,"attributes":{"Date_Installed":null,"LED_Powered":0,"LightID":"L027437","Light_Source":"LED","Light_Type":"Cobra","Lighting_Type":"LED-Powered Lamp","Verification_Date":null},"id":"stl-city-public-streetlights:2:134721","sourceLayerId":2,"sourceObjectId":134721,"sourceURL":"https://maps8.stlouis-mo.gov/arcgis/rest/services/STREETS/Streets_Permitting/MapServer/2","title":"Street light L027437"},"type":"Feature"},{"geometry":{"coordinates":[-90.22613928519982,38.65509704632876],"type":"Point"},"id":"stl-city-public-streetlights:2:134722","properties":{"address":null,"attributes":{"Date_Installed":null,"LED_Powered":0,"LightID":"L027438","Light_Source":"LED","Light_Type":"Cobra","Lighting_Type":"LED-Powered Lamp","Verification_Date":null},"id":"stl-city-public-streetlights:2:134722","sourceLayerId":2,"sourceObjectId":134722,"sourceURL":"https://maps8.stlouis-mo.gov/arcgis/rest/services/STREETS/Streets_Permitting/MapServer/2","title":"Street light L027438"},"type":"Feature"},{"geometry":{"coordinates":[-90.22650419667868,38.65525350208048],"type":"Point"},"id":"stl-city-public-streetlights:2:134723","properties":{"address":null,"attributes":{"Date_Installed":null,"LED_Powered":0,"LightID":"L027439","Light_Source":"LED","Light_Type":"Cobra","Lighting_Type":"LED-Powered Lamp","Verification_Date":null},"id":"stl-city-public-streetlights:2:134723","sourceLayerId":2,"sourceObjectId":134723,"sourceURL":"https://maps8.stlouis-mo.gov/arcgis/rest/services/STREETS/Streets_Permitting/MapServer/2","title":"Street light L027439"},"type":"Feature"},{"geometry":{"coordinates":[-90.22689990340884,38.65543367325791],"type":"Point"},"id":"stl-city-public-streetlights:2:134724","properties":{"address":null,"attributes":{"Date_Installed":null,"LED_Powered":0,"LightID":"L027440","Light_Source":"LED","Light_Type":"Cobra","Lighting_Type":"LED-Powered Lamp","Verification_Date":null},"id":"stl-city-public-streetlights:2:134724","sourceLayerId":2,"sourceObjectId":134724,"sourceURL":"https://maps8.stlouis-mo.gov/arcgis/rest/services/STREETS/Streets_Permitting/MapServer/2","title":"Street light L027440"},"type":"Feature"},{"geometry":{"coordinates":[-90.22724464485296,38.65558702740076],"type":"Point"},"id":"stl-city-public-streetlights:2:134725","properties":{"address":null,"attributes":{"Date_Installed":null,"LED_Powered":0,"LightID":"L027441","Light_Source":"LED","Light_Type":"Cobra","Lighting_Type":"LED-Powered Lamp","Verification_Date":null},"id":"stl-city-public-streetlights:2:134725","sourceLayerId":2,"sourceObjectId":134725,"sourceURL":"https://maps8.stlouis-mo.gov/arcgis/rest/services/STREETS/Streets_Permitting/MapServer/2","title":"Street light L027441"},"type":"Feature"},{"geometry":{"coordinates":[-90.22760495191635,38.65574041767348],"type":"Point"},"id":"stl-city-public-streetlights:2:134726","properties":{"address":null,"attributes":{"Date_Installed":null,"LED_Powered":0,"LightID":"L027442","Light_Source":"LED","Light_Type":"Cobra","Lighting_Type":"LED-Powered Lamp","Verification_Date":null},"id":"stl-city-public-streetlights:2:134726","sourceLayerId":2,"sourceObjectId":134726,"sourceURL":"https://maps8.stlouis-mo.gov/arcgis/rest/services/STREETS/Streets_Permitting/MapServer/2","title":"Street light L027442"},"type":"Feature"},{"geometry":{"coordinates":[-90.22796912300757,38.65590144272483],"type":"Point"},"id":"stl-city-public-streetlights:2:134727","properties":{"address":null,"attributes":{"Date_Installed":null,"LED_Powered":0,"LightID":"L027443","Light_Source":"LED","Light_Type":"Cobra","Lighting_Type":"LED-Powered Lamp","Verification_Date":null},"id":"stl-city-public-streetlights:2:134727","sourceLayerId":2,"sourceObjectId":134727,"sourceURL":"https://maps8.stlouis-mo.gov/arcgis/rest/services/STREETS/Streets_Permitting/MapServer/2","title":"Street light L027443"},"type":"Feature"},{"geometry":{"coordinates":[-90.22850407533656,38.655146563365754],"type":"Point"},"id":"stl-city-public-streetlights:2:134728","properties":{"address":null,"attributes":{"Date_Installed":null,"LED_Powered":0,"LightID":"L027444","Light_Source":"LED","Light_Type":"Cobra","Lighting_Type":"LED-Powered Lamp","Verification_Date":null},"id":"stl-city-public-streetlights:2:134728","sourceLayerId":2,"sourceObjectId":134728,"sourceURL":"https://maps8.stlouis-mo.gov/arcgis/rest/services/STREETS/Streets_Permitting/MapServer/2","title":"Street light L027444"},"type":"Feature"},{"geometry":{"coordinates":[-90.22710720255962,38.657282020907445],"type":"Point"},"id":"stl-city-public-streetlights:2:135108","properties":{"address":null,"attributes":{"Date_Installed":null,"LED_Powered":0,"LightID":"L027824","Light_Source":"LED","Light_Type":"Cobra","Lighting_Type":"LED-Powered Lamp","Verification_Date":null},"id":"stl-city-public-streetlights:2:135108","sourceLayerId":2,"sourceObjectId":135108,"sourceURL":"https://maps8.stlouis-mo.gov/arcgis/rest/services/STREETS/Streets_Permitting/MapServer/2","title":"Street light L027824"},"type":"Feature"},{"geometry":{"coordinates":[-90.22670690616324,38.65710682165217],"type":"Point"},"id":"stl-city-public-streetlights:2:135109","properties":{"address":null,"attributes":{"Date_Installed":null,"LED_Powered":0,"LightID":"L027825","Light_Source":"LED","Light_Type":"Cobra","Lighting_Type":"LED-Powered Lamp","Verification_Date":null},"id":"stl-city-public-streetlights:2:135109","sourceLayerId":2,"sourceObjectId":135109,"sourceURL":"https://maps8.stlouis-mo.gov/arcgis/rest/services/STREETS/Streets_Permitting/MapServer/2","title":"Street light L027825"},"type":"Feature"},{"geometry":{"coordinates":[-90.2263008478117,38.65692853191726],"type":"Point"},"id":"stl-city-public-streetlights:2:135110","properties":{"address":null,"attributes":{"Date_Installed":null,"LED_Powered":0,"LightID":"L027826","Light_Source":"LED","Light_Type":"Cobra","Lighting_Type":"LED-Powered Lamp","Verification_Date":null},"id":"stl-city-public-streetlights:2:135110","sourceLayerId":2,"sourceObjectId":135110,"sourceURL":"https://maps8.stlouis-mo.gov/arcgis/rest/services/STREETS/Streets_Permitting/MapServer/2","title":"Street light L027826"},"type":"Feature"},{"geometry":{"coordinates":[-90.22590334500836,38.656755123801474],"type":"Point"},"id":"stl-city-public-streetlights:2:135111","properties":{"address":null,"attributes":{"Date_Installed":null,"LED_Powered":0,"LightID":"L027827","Light_Source":"LED","Light_Type":"Cobra","Lighting_Type":"LED-Powered Lamp","Verification_Date":null},"id":"stl-city-public-streetlights:2:135111","sourceLayerId":2,"sourceObjectId":135111,"sourceURL":"https://maps8.stlouis-mo.gov/arcgis/rest/services/STREETS/Streets_Permitting/MapServer/2","title":"Street light L027827"},"type":"Feature"},{"geometry":{"coordinates":[-90.2255136833327,38.656582591276305],"type":"Point"},"id":"stl-city-public-streetlights:2:135112","properties":{"address":null,"attributes":{"Date_Installed":null,"LED_Powered":0,"LightID":"L027828","Light_Source":"LED","Light_Type":"Cobra","Lighting_Type":"LED-Powered Lamp","Verification_Date":null},"id":"stl-city-public-streetlights:2:135112","sourceLayerId":2,"sourceObjectId":135112,"sourceURL":"https://maps8.stlouis-mo.gov/arcgis/rest/services/STREETS/Streets_Permitting/MapServer/2","title":"Street light L027828"},"type":"Feature"},{"geometry":{"coordinates":[-90.22510908838966,38.65640473055296],"type":"Point"},"id":"stl-city-public-streetlights:2:135113","properties":{"address":null,"attributes":{"Date_Installed":null,"LED_Powered":0,"LightID":"L027829","Light_Source":"LED","Light_Type":"Cobra","Lighting_Type":"LED-Powered Lamp","Verification_Date":null},"id":"stl-city-public-streetlights:2:135113","sourceLayerId":2,"sourceObjectId":135113,"sourceURL":"https://maps8.stlouis-mo.gov/arcgis/rest/services/STREETS/Streets_Permitting/MapServer/2","title":"Street light L027829"},"type":"Feature"},{"geometry":{"coordinates":[-90.22421116829481,38.65635426557853],"type":"Point"},"id":"stl-city-public-streetlights:2:135114","properties":{"address":null,"attributes":{"Date_Installed":null,"LED_Powered":1,"LightID":"L027830","Light_Source":"LED","Light_Type":"Cobra","Lighting_Type":"LED-Powered Lamp","Verification_Date":null},"id":"stl-city-public-streetlights:2:135114","sourceLayerId":2,"sourceObjectId":135114,"sourceURL":"https://maps8.stlouis-mo.gov/arcgis/rest/services/STREETS/Streets_Permitting/MapServer/2","title":"Street light L027830"},"type":"Feature"},{"geometry":{"coordinates":[-90.22348246934477,38.656033905426696],"type":"Point"},"id":"stl-city-public-streetlights:2:135115","properties":{"address":null,"attributes":{"Date_Installed":null,"LED_Powered":1,"LightID":"L027831","Light_Source":"LED","Light_Type":"Cobra","Lighting_Type":"LED-Powered Lamp","Verification_Date":null},"id":"stl-city-public-streetlights:2:135115","sourceLayerId":2,"sourceObjectId":135115,"sourceURL":"https://maps8.stlouis-mo.gov/arcgis/rest/services/STREETS/Streets_Permitting/MapServer/2","title":"Street light L027831"},"type":"Feature"},{"geometry":{"coordinates":[-90.22263145060566,38.655651467968454],"type":"Point"},"id":"stl-city-public-streetlights:2:135116","properties":{"address":null,"attributes":{"Date_Installed":null,"LED_Powered":1,"LightID":"L027832","Light_Source":"LED","Light_Type":"Cobra","Lighting_Type":"LED-Powered Lamp","Verification_Date":null},"id":"stl-city-public-streetlights:2:135116","sourceLayerId":2,"sourceObjectId":135116,"sourceURL":"https://maps8.stlouis-mo.gov/arcgis/rest/services/STREETS/Streets_Permitting/MapServer/2","title":"Street light L027832"},"type":"Feature"},{"geometry":{"coordinates":[-90.22176948446547,38.6552724315468],"type":"Point"},"id":"stl-city-public-streetlights:2:135117","properties":{"address":null,"attributes":{"Date_Installed":null,"LED_Powered":1,"LightID":"L027833","Light_Source":"LED","Light_Type":"Cobra","Lighting_Type":"LED-Powered Lamp","Verification_Date":null},"id":"stl-city-public-streetlights:2:135117","sourceLayerId":2,"sourceObjectId":135117,"sourceURL":"https://maps8.stlouis-mo.gov/arcgis/rest/services/STREETS/Streets_Permitting/MapServer/2","title":"Street light L027833"},"type":"Feature"},{"geometry":{"coordinates":[-90.22214112028851,38.655574506436416],"type":"Point"},"id":"stl-city-public-streetlights:2:135118","properties":{"address":null,"attributes":{"Date_Installed":null,"LED_Powered":1,"LightID":"L027834","Light_Source":"LED","Light_Type":"Cobra","Lighting_Type":"LED-Powered Lamp","Verification_Date":null},"id":"stl-city-public-streetlights:2:135118","sourceLayerId":2,"sourceObjectId":135118,"sourceURL":"https://maps8.stlouis-mo.gov/arcgis/rest/services/STREETS/Streets_Permitting/MapServer/2","title":"Street light L027834"},"type":"Feature"},{"geometry":{"coordinates":[-90.22299582732197,38.65594551493939],"type":"Point"},"id":"stl-city-public-streetlights:2:135119","properties":{"address":null,"attributes":{"Date_Installed":null,"LED_Powered":1,"LightID":"L027835","Light_Source":"LED","Light_Type":"Cobra","Lighting_Type":"LED-Powered Lamp","Verification_Date":null},"id":"stl-city-public-streetlights:2:135119","sourceLayerId":2,"sourceObjectId":135119,"sourceURL":"https://maps8.stlouis-mo.gov/arcgis/rest/services/STREETS/Streets_Permitting/MapServer/2","title":"Street light L027835"},"type":"Feature"},{"geometry":{"coordinates":[-90.22372633003106,38.65627017240416],"type":"Point"},"id":"stl-city-public-streetlights:2:135120","properties":{"address":null,"attributes":{"Date_Installed":null,"LED_Powered":1,"LightID":"L027836","Light_Source":"LED","Light_Type":"Cobra","Lighting_Type":"LED-Powered Lamp","Verification_Date":null},"id":"stl-city-public-streetlights:2:135120","sourceLayerId":2,"sourceObjectId":135120,"sourceURL":"https://maps8.stlouis-mo.gov/arcgis/rest/services/STREETS/Streets_Permitting/MapServer/2","title":"Street light L027836"},"type":"Feature"},{"geometry":{"coordinates":[-90.22411732740429,38.65656827055659],"type":"Point"},"id":"stl-city-public-streetlights:2:135121","properties":{"address":null,"attributes":{"Date_Installed":null,"LED_Powered":1,"LightID":"L027837","Light_Source":"LED","Light_Type":"Cobra","Lighting_Type":"LED-Powered Lamp","Verification_Date":null},"id":"stl-city-public-streetlights:2:135121","sourceLayerId":2,"sourceObjectId":135121,"sourceURL":"https://maps8.stlouis-mo.gov/arcgis/rest/services/STREETS/Streets_Permitting/MapServer/2","title":"Street light L027837"},"type":"Feature"},{"geometry":{"coordinates":[-90.22456089134204,38.656635401240635],"type":"Point"},"id":"stl-city-public-streetlights:2:135122","properties":{"address":null,"attributes":{"Date_Installed":null,"LED_Powered":1,"LightID":"L027838","Light_Source":"LED","Light_Type":"Cobra","Lighting_Type":"LED-Powered Lamp","Verification_Date":null},"id":"stl-city-public-streetlights:2:135122","sourceLayerId":2,"sourceObjectId":135122,"sourceURL":"https://maps8.stlouis-mo.gov/arcgis/rest/services/STREETS/Streets_Permitting/MapServer/2","title":"Street light L027838"},"type":"Feature"},{"geometry":{"coordinates":[-90.22410109583723,38.65699584964242],"type":"Point"},"id":"stl-city-public-streetlights:2:135123","properties":{"address":null,"attributes":{"Date_Installed":null,"LED_Powered":1,"LightID":"L027839","Light_Source":"LED","Light_Type":"Cobra","Lighting_Type":"LED-Powered Lamp","Verification_Date":null},"id":"stl-city-public-streetlights:2:135123","sourceLayerId":2,"sourceObjectId":135123,"sourceURL":"https://maps8.stlouis-mo.gov/arcgis/rest/services/STREETS/Streets_Permitting/MapServer/2","title":"Street light L027839"},"type":"Feature"},{"geometry":{"coordinates":[-90.22448062020406,38.657148055206584],"type":"Point"},"id":"stl-city-public-streetlights:2:135124","properties":{"address":null,"attributes":{"Date_Installed":null,"LED_Powered":1,"LightID":"L027840","Light_Source":"LED","Light_Type":"Cobra","Lighting_Type":"LED-Powered Lamp","Verification_Date":null},"id":"stl-city-public-streetlights:2:135124","sourceLayerId":2,"sourceObjectId":135124,"sourceURL":"https://maps8.stlouis-mo.gov/arcgis/rest/services/STREETS/Streets_Permitting/MapServer/2","title":"Street light L027840"},"type":"Feature"},{"geometry":{"coordinates":[-90.22517257744232,38.657445725857045],"type":"Point"},"id":"stl-city-public-streetlights:2:135125","properties":{"address":null,"attributes":{"Date_Installed":null,"LED_Powered":1,"LightID":"L027841","Light_Source":"LED","Light_Type":"Cobra","Lighting_Type":"LED-Powered Lamp","Verification_Date":null},"id":"stl-city-public-streetlights:2:135125","sourceLayerId":2,"sourceObjectId":135125,"sourceURL":"https://maps8.stlouis-mo.gov/arcgis/rest/services/STREETS/Streets_Permitting/MapServer/2","title":"Street light L027841"},"type":"Feature"},{"geometry":{"coordinates":[-90.22588145092584,38.65775716155348],"type":"Point"},"id":"stl-city-public-streetlights:2:135126","properties":{"address":null,"attributes":{"Date_Installed":null,"LED_Powered":1,"LightID":"L027842","Light_Source":"LED","Light_Type":"Cobra","Lighting_Type":"LED-Powered Lamp","Verification_Date":null},"id":"stl-city-public-streetlights:2:135126","sourceLayerId":2,"sourceObjectId":135126,"sourceURL":"https://maps8.stlouis-mo.gov/arcgis/rest/services/STREETS/Streets_Permitting/MapServer/2","title":"Street light L027842"},"type":"Feature"},{"geometry":{"coordinates":[-90.22477312709087,38.657447647013115],"type":"Point"},"id":"stl-city-public-streetlights:2:135127","properties":{"address":null,"attributes":{"Date_Installed":"1/2020","LED_Powered":1,"LightID":"L027843","Light_Source":"LED","Light_Type":"Cobra","Lighting_Type":"LED-Powered Lamp","Verification_Date":null},"id":"stl-city-public-streetlights:2:135127","sourceLayerId":2,"sourceObjectId":135127,"sourceURL":"https://maps8.stlouis-mo.gov/arcgis/rest/services/STREETS/Streets_Permitting/MapServer/2","title":"Street light L027843"},"type":"Feature"},{"geometry":{"coordinates":[-90.22544739820775,38.65774470235155],"type":"Point"},"id":"stl-city-public-streetlights:2:135128","properties":{"address":null,"attributes":{"Date_Installed":"1/2020","LED_Powered":1,"LightID":"L027844","Light_Source":"LED","Light_Type":"Cobra","Lighting_Type":"LED-Powered Lamp","Verification_Date":null},"id":"stl-city-public-streetlights:2:135128","sourceLayerId":2,"sourceObjectId":135128,"sourceURL":"https://maps8.stlouis-mo.gov/arcgis/rest/services/STREETS/Streets_Permitting/MapServer/2","title":"Street light L027844"},"type":"Feature"},{"geometry":{"coordinates":[-90.22615211155433,38.658048118656694],"type":"Point"},"id":"stl-city-public-streetlights:2:135129","properties":{"address":null,"attributes":{"Date_Installed":"1/2020","LED_Powered":1,"LightID":"L027845","Light_Source":"LED","Light_Type":"Cobra","Lighting_Type":"LED-Powered Lamp","Verification_Date":null},"id":"stl-city-public-streetlights:2:135129","sourceLayerId":2,"sourceObjectId":135129,"sourceURL":"https://maps8.stlouis-mo.gov/arcgis/rest/services/STREETS/Streets_Permitting/MapServer/2","title":"Street light L027845"},"type":"Feature"},{"geometry":{"coordinates":[-90.22719458077675,38.658332295799134],"type":"Point"},"id":"stl-city-public-streetlights:2:135130","properties":{"address":null,"attributes":{"Date_Installed":null,"LED_Powered":1,"LightID":"L027846","Light_Source":"LED","Light_Type":"Cobra","Lighting_Type":"LED-Powered Lamp","Verification_Date":null},"id":"stl-city-public-streetlights:2:135130","sourceLayerId":2,"sourceObjectId":135130,"sourceURL":"https://maps8.stlouis-mo.gov/arcgis/rest/services/STREETS/Streets_Permitting/MapServer/2","title":"Street light L027846"},"type":"Feature"},{"geometry":{"coordinates":[-90.22779330716581,38.658594646642875],"type":"Point"},"id":"stl-city-public-streetlights:2:135131","properties":{"address":null,"attributes":{"Date_Installed":null,"LED_Powered":1,"LightID":"L027847","Light_Source":"LED","Light_Type":"Cobra","Lighting_Type":"LED-Powered Lamp","Verification_Date":null},"id":"stl-city-public-streetlights:2:135131","sourceLayerId":2,"sourceObjectId":135131,"sourceURL":"https://maps8.stlouis-mo.gov/arcgis/rest/services/STREETS/Streets_Permitting/MapServer/2","title":"Street light L027847"},"type":"Feature"},{"geometry":{"coordinates":[-90.2285000826604,38.65890386880043],"type":"Point"},"id":"stl-city-public-streetlights:2:135132","properties":{"address":null,"attributes":{"Date_Installed":null,"LED_Powered":1,"LightID":"L027848","Light_Source":"LED","Light_Type":"Cobra","Lighting_Type":"LED-Powered Lamp","Verification_Date":null},"id":"stl-city-public-streetlights:2:135132","sourceLayerId":2,"sourceObjectId":135132,"sourceURL":"https://maps8.stlouis-mo.gov/arcgis/rest/services/STREETS/Streets_Permitting/MapServer/2","title":"Street light L027848"},"type":"Feature"},{"geometry":{"coordinates":[-90.22741972829935,38.65860235765515],"type":"Point"},"id":"stl-city-public-streetlights:2:135133","properties":{"address":null,"attributes":{"Date_Installed":null,"LED_Powered":1,"LightID":"L027849","Light_Source":"LED","Light_Type":"Cobra","Lighting_Type":"LED-Powered Lamp","Verification_Date":null},"id":"stl-city-public-streetlights:2:135133","sourceLayerId":2,"sourceObjectId":135133,"sourceURL":"https://maps8.stlouis-mo.gov/arcgis/rest/services/STREETS/Streets_Permitting/MapServer/2","title":"Street light L027849"},"type":"Feature"},{"geometry":{"coordinates":[-90.22809129387603,38.65889719866261],"type":"Point"},"id":"stl-city-public-streetlights:2:135134","properties":{"address":null,"attributes":{"Date_Installed":null,"LED_Powered":1,"LightID":"L027850","Light_Source":"LED","Light_Type":"Cobra","Lighting_Type":"LED-Powered Lamp","Verification_Date":null},"id":"stl-city-public-streetlights:2:135134","sourceLayerId":2,"sourceObjectId":135134,"sourceURL":"https://maps8.stlouis-mo.gov/arcgis/rest/services/STREETS/Streets_Permitting/MapServer/2","title":"Street light L027850"},"type":"Feature"},{"geometry":{"coordinates":[-90.22874223224011,38.65918188183702],"type":"Point"},"id":"stl-city-public-streetlights:2:135135","properties":{"address":null,"attributes":{"Date_Installed":null,"LED_Powered":1,"LightID":"L027851","Light_Source":"LED","Light_Type":"Cobra","Lighting_Type":"LED-Powered Lamp","Verification_Date":null},"id":"stl-city-public-streetlights:2:135135","sourceLayerId":2,"sourceObjectId":135135,"sourceURL":"https://maps8.stlouis-mo.gov/arcgis/rest/services/STREETS/Streets_Permitting/MapServer/2","title":"Street light L027851"},"type":"Feature"},{"geometry":{"coordinates":[-90.2278145852982,38.65992078762623],"type":"Point"},"id":"stl-city-public-streetlights:2:135137","properties":{"address":null,"attributes":{"Date_Installed":"1/18/2018","LED_Powered":1,"LightID":"L027853","Light_Source":"LED","Light_Type":"Cobra","Lighting_Type":"LED-Powered Lamp","Verification_Date":null},"id":"stl-city-public-streetlights:2:135137","sourceLayerId":2,"sourceObjectId":135137,"sourceURL":"https://maps8.stlouis-mo.gov/arcgis/rest/services/STREETS/Streets_Permitting/MapServer/2","title":"Street light L027853"},"type":"Feature"},{"geometry":{"coordinates":[-90.22744488520964,38.65975635205484],"type":"Point"},"id":"stl-city-public-streetlights:2:135138","properties":{"address":null,"attributes":{"Date_Installed":"1/18/2018","LED_Powered":1,"LightID":"L027854","Light_Source":"LED","Light_Type":"Cobra","Lighting_Type":"LED-Powered Lamp","Verification_Date":null},"id":"stl-city-public-streetlights:2:135138","sourceLayerId":2,"sourceObjectId":135138,"sourceURL":"https://maps8.stlouis-mo.gov/arcgis/rest/services/STREETS/Streets_Permitting/MapServer/2","title":"Street light L027854"},"type":"Feature"},{"geometry":{"coordinates":[-90.22704350818194,38.65958171183934],"type":"Point"},"id":"stl-city-public-streetlights:2:135139","properties":{"address":null,"attributes":{"Date_Installed":"1/18/2018","LED_Powered":1,"LightID":"L027855","Light_Source":"LED","Light_Type":"Cobra","Lighting_Type":"LED-Powered Lamp","Verification_Date":null},"id":"stl-city-public-streetlights:2:135139","sourceLayerId":2,"sourceObjectId":135139,"sourceURL":"https://maps8.stlouis-mo.gov/arcgis/rest/services/STREETS/Streets_Permitting/MapServer/2","title":"Street light L027855"},"type":"Feature"},{"geometry":{"coordinates":[-90.22662885541915,38.659401079859116],"type":"Point"},"id":"stl-city-public-streetlights:2:135140","properties":{"address":null,"attributes":{"Date_Installed":"1/18/2018","LED_Powered":1,"LightID":"L027856","Light_Source":"LED","Light_Type":"Cobra","Lighting_Type":"LED-Powered Lamp","Verification_Date":null},"id":"stl-city-public-streetlights:2:135140","sourceLayerId":2,"sourceObjectId":135140,"sourceURL":"https://maps8.stlouis-mo.gov/arcgis/rest/services/STREETS/Streets_Permitting/MapServer/2","title":"Street light L027856"},"type":"Feature"},{"geometry":{"coordinates":[-90.22624622814674,38.65923327339889],"type":"Point"},"id":"stl-city-public-streetlights:2:135141","properties":{"address":null,"attributes":{"Date_Installed":"1/18/2018","LED_Powered":1,"LightID":"L027857","Light_Source":"LED","Light_Type":"Cobra","Lighting_Type":"LED-Powered Lamp","Verification_Date":null},"id":"stl-city-public-streetlights:2:135141","sourceLayerId":2,"sourceObjectId":135141,"sourceURL":"https://maps8.stlouis-mo.gov/arcgis/rest/services/STREETS/Streets_Permitting/MapServer/2","title":"Street light L027857"},"type":"Feature"},{"geometry":{"coordinates":[-90.225779817567,38.65902790596235],"type":"Point"},"id":"stl-city-public-streetlights:2:135142","properties":{"address":null,"attributes":{"Date_Installed":"1/2020","LED_Powered":1,"LightID":"L027858","Light_Source":"LED","Light_Type":"Cobra","Lighting_Type":"LED-Powered Lamp","Verification_Date":null},"id":"stl-city-public-streetlights:2:135142","sourceLayerId":2,"sourceObjectId":135142,"sourceURL":"https://maps8.stlouis-mo.gov/arcgis/rest/services/STREETS/Streets_Permitting/MapServer/2","title":"Street light L027858"},"type":"Feature"},{"geometry":{"coordinates":[-90.22540504003948,38.65885540801753],"type":"Point"},"id":"stl-city-public-streetlights:2:135143","properties":{"address":null,"attributes":{"Date_Installed":"1/2020","LED_Powered":1,"LightID":"L027859","Light_Source":"LED","Light_Type":"Cobra","Lighting_Type":"LED-Powered Lamp","Verification_Date":null},"id":"stl-city-public-streetlights:2:135143","sourceLayerId":2,"sourceObjectId":135143,"sourceURL":"https://maps8.stlouis-mo.gov/arcgis/rest/services/STREETS/Streets_Permitting/MapServer/2","title":"Street light L027859"},"type":"Feature"},{"geometry":{"coordinates":[-90.2250222984988,38.658698860153876],"type":"Point"},"id":"stl-city-public-streetlights:2:135144","properties":{"address":null,"attributes":{"Date_Installed":"1/2020","LED_Powered":1,"LightID":"L027860","Light_Source":"LED","Light_Type":"Cobra","Lighting_Type":"LED-Powered Lamp","Verification_Date":null},"id":"stl-city-public-streetlights:2:135144","sourceLayerId":2,"sourceObjectId":135144,"sourceURL":"https://maps8.stlouis-mo.gov/arcgis/rest/services/STREETS/Streets_Permitting/MapServer/2","title":"Street light L027860"},"type":"Feature"},{"geometry":{"coordinates":[-90.22462122066197,38.65852057633822],"type":"Point"},"id":"stl-city-public-streetlights:2:135145","properties":{"address":null,"attributes":{"Date_Installed":"1/2020","LED_Powered":1,"LightID":"L027861","Light_Source":"LED","Light_Type":"Cobra","Lighting_Type":"LED-Powered Lamp","Verification_Date":null},"id":"stl-city-public-streetlights:2:135145","sourceLayerId":2,"sourceObjectId":135145,"sourceURL":"https://maps8.stlouis-mo.gov/arcgis/rest/services/STREETS/Streets_Permitting/MapServer/2","title":"Street light L027861"},"type":"Feature"},{"geometry":{"coordinates":[-90.22423923337257,38.65835490981639],"type":"Point"},"id":"stl-city-public-streetlights:2:135146","properties":{"address":null,"attributes":{"Date_Installed":"1/2020","LED_Powered":1,"LightID":"L027862","Light_Source":"LED","Light_Type":"Cobra","Lighting_Type":"LED-Powered Lamp","Verification_Date":null},"id":"stl-city-public-streetlights:2:135146","sourceLayerId":2,"sourceObjectId":135146,"sourceURL":"https://maps8.stlouis-mo.gov/arcgis/rest/services/STREETS/Streets_Permitting/MapServer/2","title":"Street light L027862"},"type":"Feature"},{"geometry":{"coordinates":[-90.22386359895405,38.658189615594374],"type":"Point"},"id":"stl-city-public-streetlights:2:135147","properties":{"address":null,"attributes":{"Date_Installed":"1/2020","LED_Powered":1,"LightID":"L027863","Light_Source":"LED","Light_Type":"Cobra","Lighting_Type":"LED-Powered Lamp","Verification_Date":null},"id":"stl-city-public-streetlights:2:135147","sourceLayerId":2,"sourceObjectId":135147,"sourceURL":"https://maps8.stlouis-mo.gov/arcgis/rest/services/STREETS/Streets_Permitting/MapServer/2","title":"Street light L027863"},"type":"Feature"},{"geometry":{"coordinates":[-90.22343623283888,38.658018893450375],"type":"Point"},"id":"stl-city-public-streetlights:2:135148","properties":{"address":null,"attributes":{"Date_Installed":null,"LED_Powered":0,"LightID":"L027864","Light_Source":"LED","Light_Type":"Cobra","Lighting_Type":"LED-Powered Lamp","Verification_Date":null},"id":"stl-city-public-streetlights:2:135148","sourceLayerId":2,"sourceObjectId":135148,"sourceURL":"https://maps8.stlouis-mo.gov/arcgis/rest/services/STREETS/Streets_Permitting/MapServer/2","title":"Street light L027864"},"type":"Feature"},{"geometry":{"coordinates":[-90.22297694702863,38.65784892927642],"type":"Point"},"id":"stl-city-public-streetlights:2:135149","properties":{"address":null,"attributes":{"Date_Installed":null,"LED_Powered":0,"LightID":"L027865","Light_Source":"LED","Light_Type":"Cobra","Lighting_Type":"LED-Powered Lamp","Verification_Date":null},"id":"stl-city-public-streetlights:2:135149","sourceLayerId":2,"sourceObjectId":135149,"sourceURL":"https://maps8.stlouis-mo.gov/arcgis/rest/services/STREETS/Streets_Permitting/MapServer/2","title":"Street light L027865"},"type":"Feature"},{"geometry":{"coordinates":[-90.22251652055074,38.65773842988296],"type":"Point"},"id":"stl-city-public-streetlights:2:135150","properties":{"address":null,"attributes":{"Date_Installed":null,"LED_Powered":0,"LightID":"L027866","Light_Source":"LED","Light_Type":"Cobra","Lighting_Type":"LED-Powered Lamp","Verification_Date":null},"id":"stl-city-public-streetlights:2:135150","sourceLayerId":2,"sourceObjectId":135150,"sourceURL":"https://maps8.stlouis-mo.gov/arcgis/rest/services/STREETS/Streets_Permitting/MapServer/2","title":"Street light L027866"},"type":"Feature"},{"geometry":{"coordinates":[-90.22206917745375,38.657625815654335],"type":"Point"},"id":"stl-city-public-streetlights:2:135151","properties":{"address":null,"attributes":{"Date_Installed":null,"LED_Powered":0,"LightID":"L027867","Light_Source":"LED","Light_Type":"Cobra","Lighting_Type":"LED-Powered Lamp","Verification_Date":null},"id":"stl-city-public-streetlights:2:135151","sourceLayerId":2,"sourceObjectId":135151,"sourceURL":"https://maps8.stlouis-mo.gov/arcgis/rest/services/STREETS/Streets_Permitting/MapServer/2","title":"Street light L027867"},"type":"Feature"},{"geometry":{"coordinates":[-90.22011483645613,38.65684363714583],"type":"Point"},"id":"stl-city-public-streetlights:2:135152","properties":{"address":null,"attributes":{"Date_Installed":null,"LED_Powered":0,"LightID":"L027868","Light_Source":"LED","Light_Type":"Cobra","Lighting_Type":"LED-Powered Lamp","Verification_Date":1659312000000},"id":"stl-city-public-streetlights:2:135152","sourceLayerId":2,"sourceObjectId":135152,"sourceURL":"https://maps8.stlouis-mo.gov/arcgis/rest/services/STREETS/Streets_Permitting/MapServer/2","title":"Street light L027868"},"type":"Feature"},{"geometry":{"coordinates":[-90.22020698943707,38.65902585394448],"type":"Point"},"id":"stl-city-public-streetlights:2:135156","properties":{"address":null,"attributes":{"Date_Installed":null,"LED_Powered":0,"LightID":"L027872","Light_Source":"LED","Light_Type":"Cobra","Lighting_Type":"LED-Powered Lamp","Verification_Date":null},"id":"stl-city-public-streetlights:2:135156","sourceLayerId":2,"sourceObjectId":135156,"sourceURL":"https://maps8.stlouis-mo.gov/arcgis/rest/services/STREETS/Streets_Permitting/MapServer/2","title":"Street light L027872"},"type":"Feature"},{"geometry":{"coordinates":[-90.22065615248513,38.659219522408996],"type":"Point"},"id":"stl-city-public-streetlights:2:135157","properties":{"address":null,"attributes":{"Date_Installed":null,"LED_Powered":0,"LightID":"L027873","Light_Source":"LED","Light_Type":"Cobra","Lighting_Type":"LED-Powered Lamp","Verification_Date":null},"id":"stl-city-public-streetlights:2:135157","sourceLayerId":2,"sourceObjectId":135157,"sourceURL":"https://maps8.stlouis-mo.gov/arcgis/rest/services/STREETS/Streets_Permitting/MapServer/2","title":"Street light L027873"},"type":"Feature"},{"geometry":{"coordinates":[-90.2210130369755,38.65937864444706],"type":"Point"},"id":"stl-city-public-streetlights:2:135158","properties":{"address":null,"attributes":{"Date_Installed":null,"LED_Powered":0,"LightID":"L027874","Light_Source":"LED","Light_Type":"Cobra","Lighting_Type":"LED-Powered Lamp","Verification_Date":null},"id":"stl-city-public-streetlights:2:135158","sourceLayerId":2,"sourceObjectId":135158,"sourceURL":"https://maps8.stlouis-mo.gov/arcgis/rest/services/STREETS/Streets_Permitting/MapServer/2","title":"Street light L027874"},"type":"Feature"},{"geometry":{"coordinates":[-90.22141437335284,38.659551982743174],"type":"Point"},"id":"stl-city-public-streetlights:2:135159","properties":{"address":null,"attributes":{"Date_Installed":null,"LED_Powered":0,"LightID":"L027875","Light_Source":"LED","Light_Type":"Cobra","Lighting_Type":"LED-Powered Lamp","Verification_Date":null},"id":"stl-city-public-streetlights:2:135159","sourceLayerId":2,"sourceObjectId":135159,"sourceURL":"https://maps8.stlouis-mo.gov/arcgis/rest/services/STREETS/Streets_Permitting/MapServer/2","title":"Street light L027875"},"type":"Feature"},{"geometry":{"coordinates":[-90.22180282809258,38.65972357283712],"type":"Point"},"id":"stl-city-public-streetlights:2:135160","properties":{"address":null,"attributes":{"Date_Installed":null,"LED_Powered":0,"LightID":"L027876","Light_Source":"LED","Light_Type":"Cobra","Lighting_Type":"LED-Powered Lamp","Verification_Date":null},"id":"stl-city-public-streetlights:2:135160","sourceLayerId":2,"sourceObjectId":135160,"sourceURL":"https://maps8.stlouis-mo.gov/arcgis/rest/services/STREETS/Streets_Permitting/MapServer/2","title":"Street light L027876"},"type":"Feature"},{"geometry":{"coordinates":[-90.2221895506941,38.65989164226867],"type":"Point"},"id":"stl-city-public-streetlights:2:135161","properties":{"address":null,"attributes":{"Date_Installed":null,"LED_Powered":0,"LightID":"L027877","Light_Source":"LED","Light_Type":"Cobra","Lighting_Type":"LED-Powered Lamp","Verification_Date":null},"id":"stl-city-public-streetlights:2:135161","sourceLayerId":2,"sourceObjectId":135161,"sourceURL":"https://maps8.stlouis-mo.gov/arcgis/rest/services/STREETS/Streets_Permitting/MapServer/2","title":"Street light L027877"},"type":"Feature"},{"geometry":{"coordinates":[-90.2225971734495,38.65990106626198],"type":"Point"},"id":"stl-city-public-streetlights:2:135162","properties":{"address":null,"attributes":{"Date_Installed":"1/2020","LED_Powered":1,"LightID":"L027878","Light_Source":"LED","Light_Type":"Cobra","Lighting_Type":"LED-Powered Lamp","Verification_Date":null},"id":"stl-city-public-streetlights:2:135162","sourceLayerId":2,"sourceObjectId":135162,"sourceURL":"https://maps8.stlouis-mo.gov/arcgis/rest/services/STREETS/Streets_Permitting/MapServer/2","title":"Street light L027878"},"type":"Feature"},{"geometry":{"coordinates":[-90.22345335452503,38.65519071322086],"type":"Point"},"id":"stl-city-public-streetlights:2:135164","properties":{"address":null,"attributes":{"Date_Installed":null,"LED_Powered":0,"LightID":"L027880","Light_Source":"LED","Light_Type":"Cobra","Lighting_Type":"LED-Powered Lamp","Verification_Date":null},"id":"stl-city-public-streetlights:2:135164","sourceLayerId":2,"sourceObjectId":135164,"sourceURL":"https://maps8.stlouis-mo.gov/arcgis/rest/services/STREETS/Streets_Permitting/MapServer/2","title":"Street light L027880"},"type":"Feature"},{"geometry":{"coordinates":[-90.2237036550564,38.6548576001028],"type":"Point"},"id":"stl-city-public-streetlights:2:135165","properties":{"address":null,"attributes":{"Date_Installed":null,"LED_Powered":0,"LightID":"L027881","Light_Source":"LED","Light_Type":"Cobra","Lighting_Type":"LED-Powered Lamp","Verification_Date":null},"id":"stl-city-public-streetlights:2:135165","sourceLayerId":2,"sourceObjectId":135165,"sourceURL":"https://maps8.stlouis-mo.gov/arcgis/rest/services/STREETS/Streets_Permitting/MapServer/2","title":"Street light L027881"},"type":"Feature"},{"geometry":{"coordinates":[-90.22391396239036,38.65455299609505],"type":"Point"},"id":"stl-city-public-streetlights:2:135166","properties":{"address":null,"attributes":{"Date_Installed":null,"LED_Powered":0,"LightID":"L027882","Light_Source":"LED","Light_Type":"Cobra","Lighting_Type":"LED-Powered Lamp","Verification_Date":null},"id":"stl-city-public-streetlights:2:135166","sourceLayerId":2,"sourceObjectId":135166,"sourceURL":"https://maps8.stlouis-mo.gov/arcgis/rest/services/STREETS/Streets_Permitting/MapServer/2","title":"Street light L027882"},"type":"Feature"},{"geometry":{"coordinates":[-90.22410222679163,38.65428876519045],"type":"Point"},"id":"stl-city-public-streetlights:2:135167","properties":{"address":null,"attributes":{"Date_Installed":null,"LED_Powered":0,"LightID":"L027883","Light_Source":"LED","Light_Type":"Cobra","Lighting_Type":"LED-Powered Lamp","Verification_Date":null},"id":"stl-city-public-streetlights:2:135167","sourceLayerId":2,"sourceObjectId":135167,"sourceURL":"https://maps8.stlouis-mo.gov/arcgis/rest/services/STREETS/Streets_Permitting/MapServer/2","title":"Street light L027883"},"type":"Feature"},{"geometry":{"coordinates":[-90.22433689893842,38.6539708694122],"type":"Point"},"id":"stl-city-public-streetlights:2:135168","properties":{"address":null,"attributes":{"Date_Installed":null,"LED_Powered":0,"LightID":"L027884","Light_Source":"LED","Light_Type":"Cobra","Lighting_Type":"LED-Powered Lamp","Verification_Date":null},"id":"stl-city-public-streetlights:2:135168","sourceLayerId":2,"sourceObjectId":135168,"sourceURL":"https://maps8.stlouis-mo.gov/arcgis/rest/services/STREETS/Streets_Permitting/MapServer/2","title":"Street light L027884"},"type":"Feature"},{"geometry":{"coordinates":[-90.22455572347043,38.65366323296441],"type":"Point"},"id":"stl-city-public-streetlights:2:135169","properties":{"address":null,"attributes":{"Date_Installed":null,"LED_Powered":0,"LightID":"L027885","Light_Source":"LED","Light_Type":"Cobra","Lighting_Type":"LED-Powered Lamp","Verification_Date":null},"id":"stl-city-public-streetlights:2:135169","sourceLayerId":2,"sourceObjectId":135169,"sourceURL":"https://maps8.stlouis-mo.gov/arcgis/rest/services/STREETS/Streets_Permitting/MapServer/2","title":"Street light L027885"},"type":"Feature"},{"geometry":{"coordinates":[-90.22479804645488,38.65333093284046],"type":"Point"},"id":"stl-city-public-streetlights:2:135170","properties":{"address":null,"attributes":{"Date_Installed":null,"LED_Powered":0,"LightID":"L027886","Light_Source":"LED","Light_Type":"Cobra","Lighting_Type":"LED-Powered Lamp","Verification_Date":null},"id":"stl-city-public-streetlights:2:135170","sourceLayerId":2,"sourceObjectId":135170,"sourceURL":"https://maps8.stlouis-mo.gov/arcgis/rest/services/STREETS/Streets_Permitting/MapServer/2","title":"Street light L027886"},"type":"Feature"},{"geometry":{"coordinates":[-90.2249783502211,38.653079768016084],"type":"Point"},"id":"stl-city-public-streetlights:2:135171","properties":{"address":null,"attributes":{"Date_Installed":null,"LED_Powered":0,"LightID":"L027887","Light_Source":"LED","Light_Type":"Cobra","Lighting_Type":"LED-Powered Lamp","Verification_Date":null},"id":"stl-city-public-streetlights:2:135171","sourceLayerId":2,"sourceObjectId":135171,"sourceURL":"https://maps8.stlouis-mo.gov/arcgis/rest/services/STREETS/Streets_Permitting/MapServer/2","title":"Street light L027887"},"type":"Feature"},{"geometry":{"coordinates":[-90.22516674928222,38.652817943708406],"type":"Point"},"id":"stl-city-public-streetlights:2:135172","properties":{"address":null,"attributes":{"Date_Installed":null,"LED_Powered":0,"LightID":"L027888","Light_Source":"LED","Light_Type":"Cobra","Lighting_Type":"LED-Powered Lamp","Verification_Date":null},"id":"stl-city-public-streetlights:2:135172","sourceLayerId":2,"sourceObjectId":135172,"sourceURL":"https://maps8.stlouis-mo.gov/arcgis/rest/services/STREETS/Streets_Permitting/MapServer/2","title":"Street light L027888"},"type":"Feature"},{"geometry":{"coordinates":[-90.22537955219853,38.652533245200125],"type":"Point"},"id":"stl-city-public-streetlights:2:135173","properties":{"address":null,"attributes":{"Date_Installed":null,"LED_Powered":0,"LightID":"L027889","Light_Source":"LED","Light_Type":"Cobra","Lighting_Type":"LED-Powered Lamp","Verification_Date":null},"id":"stl-city-public-streetlights:2:135173","sourceLayerId":2,"sourceObjectId":135173,"sourceURL":"https://maps8.stlouis-mo.gov/arcgis/rest/services/STREETS/Streets_Permitting/MapServer/2","title":"Street light L027889"},"type":"Feature"},{"geometry":{"coordinates":[-90.22559454927783,38.652230675135385],"type":"Point"},"id":"stl-city-public-streetlights:2:135174","properties":{"address":null,"attributes":{"Date_Installed":null,"LED_Powered":0,"LightID":"L027890","Light_Source":"LED","Light_Type":"Cobra","Lighting_Type":"LED-Powered Lamp","Verification_Date":null},"id":"stl-city-public-streetlights:2:135174","sourceLayerId":2,"sourceObjectId":135174,"sourceURL":"https://maps8.stlouis-mo.gov/arcgis/rest/services/STREETS/Streets_Permitting/MapServer/2","title":"Street light L027890"},"type":"Feature"},{"geometry":{"coordinates":[-90.22585479387938,38.651875151159835],"type":"Point"},"id":"stl-city-public-streetlights:2:135175","properties":{"address":null,"attributes":{"Date_Installed":null,"LED_Powered":0,"LightID":"L027891","Light_Source":"LED","Light_Type":"Cobra","Lighting_Type":"LED-Powered Lamp","Verification_Date":null},"id":"stl-city-public-streetlights:2:135175","sourceLayerId":2,"sourceObjectId":135175,"sourceURL":"https://maps8.stlouis-mo.gov/arcgis/rest/services/STREETS/Streets_Permitting/MapServer/2","title":"Street light L027891"},"type":"Feature"},{"geometry":{"coordinates":[-90.22605777371807,38.65157433940157],"type":"Point"},"id":"stl-city-public-streetlights:2:135176","properties":{"address":null,"attributes":{"Date_Installed":"2021-05-17","LED_Powered":1,"LightID":"L027892","Light_Source":"LED","Light_Type":"Cobra","Lighting_Type":"5G Pole - LED-Powered Lamp","Verification_Date":null},"id":"stl-city-public-streetlights:2:135176","sourceLayerId":2,"sourceObjectId":135176,"sourceURL":"https://maps8.stlouis-mo.gov/arcgis/rest/services/STREETS/Streets_Permitting/MapServer/2","title":"Street light L027892"},"type":"Feature"},{"geometry":{"coordinates":[-90.22629197382086,38.65125602131411],"type":"Point"},"id":"stl-city-public-streetlights:2:135177","properties":{"address":null,"attributes":{"Date_Installed":null,"LED_Powered":0,"LightID":"L027893","Light_Source":"LED","Light_Type":"Cobra","Lighting_Type":"LED-Powered Lamp","Verification_Date":null},"id":"stl-city-public-streetlights:2:135177","sourceLayerId":2,"sourceObjectId":135177,"sourceURL":"https://maps8.stlouis-mo.gov/arcgis/rest/services/STREETS/Streets_Permitting/MapServer/2","title":"Street light L027893"},"type":"Feature"},{"geometry":{"coordinates":[-90.22648449381639,38.65098712435922],"type":"Point"},"id":"stl-city-public-streetlights:2:135178","properties":{"address":null,"attributes":{"Date_Installed":null,"LED_Powered":0,"LightID":"L027894","Light_Source":"LED","Light_Type":"Cobra","Lighting_Type":"LED-Powered Lamp","Verification_Date":null},"id":"stl-city-public-streetlights:2:135178","sourceLayerId":2,"sourceObjectId":135178,"sourceURL":"https://maps8.stlouis-mo.gov/arcgis/rest/services/STREETS/Streets_Permitting/MapServer/2","title":"Street light L027894"},"type":"Feature"},{"geometry":{"coordinates":[-90.22668924277278,38.65069918746574],"type":"Point"},"id":"stl-city-public-streetlights:2:135179","properties":{"address":null,"attributes":{"Date_Installed":null,"LED_Powered":0,"LightID":"L027895","Light_Source":"LED","Light_Type":"Cobra","Lighting_Type":"LED-Powered Lamp","Verification_Date":null},"id":"stl-city-public-streetlights:2:135179","sourceLayerId":2,"sourceObjectId":135179,"sourceURL":"https://maps8.stlouis-mo.gov/arcgis/rest/services/STREETS/Streets_Permitting/MapServer/2","title":"Street light L027895"},"type":"Feature"},{"geometry":{"coordinates":[-90.22694379945526,38.65034200265061],"type":"Point"},"id":"stl-city-public-streetlights:2:135180","properties":{"address":null,"attributes":{"Date_Installed":null,"LED_Powered":0,"LightID":"L027896","Light_Source":"LED","Light_Type":"Cobra","Lighting_Type":"LED-Powered Lamp","Verification_Date":null},"id":"stl-city-public-streetlights:2:135180","sourceLayerId":2,"sourceObjectId":135180,"sourceURL":"https://maps8.stlouis-mo.gov/arcgis/rest/services/STREETS/Streets_Permitting/MapServer/2","title":"Street light L027896"},"type":"Feature"},{"geometry":{"coordinates":[-90.22715276917775,38.65006217914342],"type":"Point"},"id":"stl-city-public-streetlights:2:135181","properties":{"address":null,"attributes":{"Date_Installed":null,"LED_Powered":0,"LightID":"L027897","Light_Source":"LED","Light_Type":"Cobra","Lighting_Type":"LED-Powered Lamp","Verification_Date":null},"id":"stl-city-public-streetlights:2:135181","sourceLayerId":2,"sourceObjectId":135181,"sourceURL":"https://maps8.stlouis-mo.gov/arcgis/rest/services/STREETS/Streets_Permitting/MapServer/2","title":"Street light L027897"},"type":"Feature"},{"geometry":{"coordinates":[-90.22919299271565,38.65058601205584],"type":"Point"},"id":"stl-city-public-streetlights:2:135185","properties":{"address":null,"attributes":{"Date_Installed":null,"LED_Powered":0,"LightID":"L027901","Light_Source":"LED","Light_Type":"Cobra","Lighting_Type":"LED-Powered Lamp","Verification_Date":null},"id":"stl-city-public-streetlights:2:135185","sourceLayerId":2,"sourceObjectId":135185,"sourceURL":"https://maps8.stlouis-mo.gov/arcgis/rest/services/STREETS/Streets_Permitting/MapServer/2","title":"Street light L027901"},"type":"Feature"},{"geometry":{"coordinates":[-90.22907701655392,38.6504163253601],"type":"Point"},"id":"stl-city-public-streetlights:2:135187","properties":{"address":null,"attributes":{"Date_Installed":null,"LED_Powered":0,"LightID":"L027903","Light_Source":"LED","Light_Type":"Cobra","Lighting_Type":"LED-Powered Lamp","Verification_Date":null},"id":"stl-city-public-streetlights:2:135187","sourceLayerId":2,"sourceObjectId":135187,"sourceURL":"https://maps8.stlouis-mo.gov/arcgis/rest/services/STREETS/Streets_Permitting/MapServer/2","title":"Street light L027903"},"type":"Feature"},{"geometry":{"coordinates":[-90.22891112292241,38.65064004757114],"type":"Point"},"id":"stl-city-public-streetlights:2:135188","properties":{"address":null,"attributes":{"Date_Installed":null,"LED_Powered":0,"LightID":"L027904","Light_Source":"LED","Light_Type":"Cobra","Lighting_Type":"LED-Powered Lamp","Verification_Date":null},"id":"stl-city-public-streetlights:2:135188","sourceLayerId":2,"sourceObjectId":135188,"sourceURL":"https://maps8.stlouis-mo.gov/arcgis/rest/services/STREETS/Streets_Permitting/MapServer/2","title":"Street light L027904"},"type":"Feature"},{"geometry":{"coordinates":[-90.22873087673611,38.650897058272975],"type":"Point"},"id":"stl-city-public-streetlights:2:135189","properties":{"address":null,"attributes":{"Date_Installed":null,"LED_Powered":0,"LightID":"L027905","Light_Source":"LED","Light_Type":"Cobra","Lighting_Type":"LED-Powered Lamp","Verification_Date":null},"id":"stl-city-public-streetlights:2:135189","sourceLayerId":2,"sourceObjectId":135189,"sourceURL":"https://maps8.stlouis-mo.gov/arcgis/rest/services/STREETS/Streets_Permitting/MapServer/2","title":"Street light L027905"},"type":"Feature"},{"geometry":{"coordinates":[-90.2285163605614,38.6511976101155],"type":"Point"},"id":"stl-city-public-streetlights:2:135190","properties":{"address":null,"attributes":{"Date_Installed":null,"LED_Powered":0,"LightID":"L027906","Light_Source":"LED","Light_Type":"Cobra","Lighting_Type":"LED-Powered Lamp","Verification_Date":null},"id":"stl-city-public-streetlights:2:135190","sourceLayerId":2,"sourceObjectId":135190,"sourceURL":"https://maps8.stlouis-mo.gov/arcgis/rest/services/STREETS/Streets_Permitting/MapServer/2","title":"Street light L027906"},"type":"Feature"},{"geometry":{"coordinates":[-90.22828534009145,38.65152172015001],"type":"Point"},"id":"stl-city-public-streetlights:2:135191","properties":{"address":null,"attributes":{"Date_Installed":null,"LED_Powered":0,"LightID":"L027907","Light_Source":"LED","Light_Type":"Cobra","Lighting_Type":"LED-Powered Lamp","Verification_Date":null},"id":"stl-city-public-streetlights:2:135191","sourceLayerId":2,"sourceObjectId":135191,"sourceURL":"https://maps8.stlouis-mo.gov/arcgis/rest/services/STREETS/Streets_Permitting/MapServer/2","title":"Street light L027907"},"type":"Feature"},{"geometry":{"coordinates":[-90.22805801915962,38.65183153672546],"type":"Point"},"id":"stl-city-public-streetlights:2:135192","properties":{"address":null,"attributes":{"Date_Installed":null,"LED_Powered":0,"LightID":"L027908","Light_Source":"LED","Light_Type":"Cobra","Lighting_Type":"LED-Powered Lamp","Verification_Date":null},"id":"stl-city-public-streetlights:2:135192","sourceLayerId":2,"sourceObjectId":135192,"sourceURL":"https://maps8.stlouis-mo.gov/arcgis/rest/services/STREETS/Streets_Permitting/MapServer/2","title":"Street light L027908"},"type":"Feature"},{"geometry":{"coordinates":[-90.22784530164681,38.65213709679152],"type":"Point"},"id":"stl-city-public-streetlights:2:135193","properties":{"address":null,"attributes":{"Date_Installed":null,"LED_Powered":0,"LightID":"L027909","Light_Source":"LED","Light_Type":"Cobra","Lighting_Type":"LED-Powered Lamp","Verification_Date":null},"id":"stl-city-public-streetlights:2:135193","sourceLayerId":2,"sourceObjectId":135193,"sourceURL":"https://maps8.stlouis-mo.gov/arcgis/rest/services/STREETS/Streets_Permitting/MapServer/2","title":"Street light L027909"},"type":"Feature"},{"geometry":{"coordinates":[-90.22764360746676,38.652421229295925],"type":"Point"},"id":"stl-city-public-streetlights:2:135194","properties":{"address":null,"attributes":{"Date_Installed":null,"LED_Powered":0,"LightID":"L027910","Light_Source":"LED","Light_Type":"Cobra","Lighting_Type":"LED-Powered Lamp","Verification_Date":null},"id":"stl-city-public-streetlights:2:135194","sourceLayerId":2,"sourceObjectId":135194,"sourceURL":"https://maps8.stlouis-mo.gov/arcgis/rest/services/STREETS/Streets_Permitting/MapServer/2","title":"Street light L027910"},"type":"Feature"},{"geometry":{"coordinates":[-90.22741845968865,38.652729691095495],"type":"Point"},"id":"stl-city-public-streetlights:2:135195","properties":{"address":null,"attributes":{"Date_Installed":null,"LED_Powered":0,"LightID":"L027911","Light_Source":"LED","Light_Type":"Cobra","Lighting_Type":"LED-Powered Lamp","Verification_Date":null},"id":"stl-city-public-streetlights:2:135195","sourceLayerId":2,"sourceObjectId":135195,"sourceURL":"https://maps8.stlouis-mo.gov/arcgis/rest/services/STREETS/Streets_Permitting/MapServer/2","title":"Street light L027911"},"type":"Feature"},{"geometry":{"coordinates":[-90.22720890265796,38.65302202779078],"type":"Point"},"id":"stl-city-public-streetlights:2:135196","properties":{"address":null,"attributes":{"Date_Installed":null,"LED_Powered":0,"LightID":"L027912","Light_Source":"LED","Light_Type":"Cobra","Lighting_Type":"LED-Powered Lamp","Verification_Date":null},"id":"stl-city-public-streetlights:2:135196","sourceLayerId":2,"sourceObjectId":135196,"sourceURL":"https://maps8.stlouis-mo.gov/arcgis/rest/services/STREETS/Streets_Permitting/MapServer/2","title":"Street light L027912"},"type":"Feature"},{"geometry":{"coordinates":[-90.22701454324094,38.65329444942105],"type":"Point"},"id":"stl-city-public-streetlights:2:135197","properties":{"address":null,"attributes":{"Date_Installed":null,"LED_Powered":0,"LightID":"L027913","Light_Source":"LED","Light_Type":"Cobra","Lighting_Type":"LED-Powered Lamp","Verification_Date":null},"id":"stl-city-public-streetlights:2:135197","sourceLayerId":2,"sourceObjectId":135197,"sourceURL":"https://maps8.stlouis-mo.gov/arcgis/rest/services/STREETS/Streets_Permitting/MapServer/2","title":"Street light L027913"},"type":"Feature"},{"geometry":{"coordinates":[-90.22676623317983,38.653644974116766],"type":"Point"},"id":"stl-city-public-streetlights:2:135198","properties":{"address":null,"attributes":{"Date_Installed":null,"LED_Powered":0,"LightID":"L027914","Light_Source":"LED","Light_Type":"Cobra","Lighting_Type":"LED-Powered Lamp","Verification_Date":null},"id":"stl-city-public-streetlights:2:135198","sourceLayerId":2,"sourceObjectId":135198,"sourceURL":"https://maps8.stlouis-mo.gov/arcgis/rest/services/STREETS/Streets_Permitting/MapServer/2","title":"Street light L027914"},"type":"Feature"},{"geometry":{"coordinates":[-90.22655840897691,38.65394005503963],"type":"Point"},"id":"stl-city-public-streetlights:2:135199","properties":{"address":null,"attributes":{"Date_Installed":"2021-05-10","LED_Powered":1,"LightID":"L027915","Light_Source":"LED","Light_Type":"Cobra","Lighting_Type":"5G Pole - LED-Powered Lamp","Verification_Date":null},"id":"stl-city-public-streetlights:2:135199","sourceLayerId":2,"sourceObjectId":135199,"sourceURL":"https://maps8.stlouis-mo.gov/arcgis/rest/services/STREETS/Streets_Permitting/MapServer/2","title":"Street light L027915"},"type":"Feature"},{"geometry":{"coordinates":[-90.22634695488166,38.65423000194038],"type":"Point"},"id":"stl-city-public-streetlights:2:135200","properties":{"address":null,"attributes":{"Date_Installed":null,"LED_Powered":0,"LightID":"L027916","Light_Source":"LED","Light_Type":"Cobra","Lighting_Type":"LED-Powered Lamp","Verification_Date":null},"id":"stl-city-public-streetlights:2:135200","sourceLayerId":2,"sourceObjectId":135200,"sourceURL":"https://maps8.stlouis-mo.gov/arcgis/rest/services/STREETS/Streets_Permitting/MapServer/2","title":"Street light L027916"},"type":"Feature"},{"geometry":{"coordinates":[-90.22614378699217,38.654498873580636],"type":"Point"},"id":"stl-city-public-streetlights:2:135201","properties":{"address":null,"attributes":{"Date_Installed":null,"LED_Powered":0,"LightID":"L027917","Light_Source":"LED","Light_Type":"Cobra","Lighting_Type":"LED-Powered Lamp","Verification_Date":null},"id":"stl-city-public-streetlights:2:135201","sourceLayerId":2,"sourceObjectId":135201,"sourceURL":"https://maps8.stlouis-mo.gov/arcgis/rest/services/STREETS/Streets_Permitting/MapServer/2","title":"Street light L027917"},"type":"Feature"},{"geometry":{"coordinates":[-90.2259405285761,38.654791103729785],"type":"Point"},"id":"stl-city-public-streetlights:2:135202","properties":{"address":null,"attributes":{"Date_Installed":null,"LED_Powered":0,"LightID":"L027918","Light_Source":"LED","Light_Type":"Cobra","Lighting_Type":"LED-Powered Lamp","Verification_Date":null},"id":"stl-city-public-streetlights:2:135202","sourceLayerId":2,"sourceObjectId":135202,"sourceURL":"https://maps8.stlouis-mo.gov/arcgis/rest/services/STREETS/Streets_Permitting/MapServer/2","title":"Street light L027918"},"type":"Feature"},{"geometry":{"coordinates":[-90.22568924084233,38.6551225508954],"type":"Point"},"id":"stl-city-public-streetlights:2:135203","properties":{"address":null,"attributes":{"Date_Installed":null,"LED_Powered":0,"LightID":"L027919","Light_Source":"LED","Light_Type":"Cobra","Lighting_Type":"LED-Powered Lamp","Verification_Date":null},"id":"stl-city-public-streetlights:2:135203","sourceLayerId":2,"sourceObjectId":135203,"sourceURL":"https://maps8.stlouis-mo.gov/arcgis/rest/services/STREETS/Streets_Permitting/MapServer/2","title":"Street light L027919"},"type":"Feature"},{"geometry":{"coordinates":[-90.2255057402259,38.65541411127885],"type":"Point"},"id":"stl-city-public-streetlights:2:135204","properties":{"address":null,"attributes":{"Date_Installed":null,"LED_Powered":0,"LightID":"L027920","Light_Source":"LED","Light_Type":"Cobra","Lighting_Type":"LED-Powered Lamp","Verification_Date":null},"id":"stl-city-public-streetlights:2:135204","sourceLayerId":2,"sourceObjectId":135204,"sourceURL":"https://maps8.stlouis-mo.gov/arcgis/rest/services/STREETS/Streets_Permitting/MapServer/2","title":"Street light L027920"},"type":"Feature"},{"geometry":{"coordinates":[-90.22530416912115,38.65566117468402],"type":"Point"},"id":"stl-city-public-streetlights:2:135205","properties":{"address":null,"attributes":{"Date_Installed":null,"LED_Powered":0,"LightID":"L027921","Light_Source":"LED","Light_Type":"Cobra","Lighting_Type":"LED-Powered Lamp","Verification_Date":null},"id":"stl-city-public-streetlights:2:135205","sourceLayerId":2,"sourceObjectId":135205,"sourceURL":"https://maps8.stlouis-mo.gov/arcgis/rest/services/STREETS/Streets_Permitting/MapServer/2","title":"Street light L027921"},"type":"Feature"},{"geometry":{"coordinates":[-90.22508458883671,38.65600675778306],"type":"Point"},"id":"stl-city-public-streetlights:2:135206","properties":{"address":null,"attributes":{"Date_Installed":null,"LED_Powered":0,"LightID":"L027922","Light_Source":"LED","Light_Type":"Cobra","Lighting_Type":"LED-Powered Lamp","Verification_Date":null},"id":"stl-city-public-streetlights:2:135206","sourceLayerId":2,"sourceObjectId":135206,"sourceURL":"https://maps8.stlouis-mo.gov/arcgis/rest/services/STREETS/Streets_Permitting/MapServer/2","title":"Street light L027922"},"type":"Feature"},{"geometry":{"coordinates":[-90.22244026129522,38.659929017890384],"type":"Point"},"id":"stl-city-public-streetlights:2:135289","properties":{"address":null,"attributes":{"Date_Installed":"1/2020","LED_Powered":1,"LightID":"L028005","Light_Source":"LED","Light_Type":"Cobra","Lighting_Type":"LED-Powered Lamp","Verification_Date":null},"id":"stl-city-public-streetlights:2:135289","sourceLayerId":2,"sourceObjectId":135289,"sourceURL":"https://maps8.stlouis-mo.gov/arcgis/rest/services/STREETS/Streets_Permitting/MapServer/2","title":"Street light L028005"},"type":"Feature"},{"geometry":{"coordinates":[-90.22272286949291,38.659532366873954],"type":"Point"},"id":"stl-city-public-streetlights:2:135290","properties":{"address":null,"attributes":{"Date_Installed":"1/2020","LED_Powered":1,"LightID":"L028006","Light_Source":"LED","Light_Type":"Cobra","Lighting_Type":"LED-Powered Lamp","Verification_Date":null},"id":"stl-city-public-streetlights:2:135290","sourceLayerId":2,"sourceObjectId":135290,"sourceURL":"https://maps8.stlouis-mo.gov/arcgis/rest/services/STREETS/Streets_Permitting/MapServer/2","title":"Street light L028006"},"type":"Feature"},{"geometry":{"coordinates":[-90.22295758310696,38.65921006444123],"type":"Point"},"id":"stl-city-public-streetlights:2:135291","properties":{"address":null,"attributes":{"Date_Installed":"1/2020","LED_Powered":1,"LightID":"L028007","Light_Source":"LED","Light_Type":"Cobra","Lighting_Type":"LED-Powered Lamp","Verification_Date":null},"id":"stl-city-public-streetlights:2:135291","sourceLayerId":2,"sourceObjectId":135291,"sourceURL":"https://maps8.stlouis-mo.gov/arcgis/rest/services/STREETS/Streets_Permitting/MapServer/2","title":"Street light L028007"},"type":"Feature"},{"geometry":{"coordinates":[-90.22320477411665,38.65885983114738],"type":"Point"},"id":"stl-city-public-streetlights:2:135292","properties":{"address":null,"attributes":{"Date_Installed":"1/2020","LED_Powered":1,"LightID":"L028008","Light_Source":"LED","Light_Type":"Cobra","Lighting_Type":"LED-Powered Lamp","Verification_Date":null},"id":"stl-city-public-streetlights:2:135292","sourceLayerId":2,"sourceObjectId":135292,"sourceURL":"https://maps8.stlouis-mo.gov/arcgis/rest/services/STREETS/Streets_Permitting/MapServer/2","title":"Street light L028008"},"type":"Feature"},{"geometry":{"coordinates":[-90.22344148251484,38.65852349301402],"type":"Point"},"id":"stl-city-public-streetlights:2:135293","properties":{"address":null,"attributes":{"Date_Installed":"1/2020","LED_Powered":1,"LightID":"L028009","Light_Source":"LED","Light_Type":"Cobra","Lighting_Type":"LED-Powered Lamp","Verification_Date":null},"id":"stl-city-public-streetlights:2:135293","sourceLayerId":2,"sourceObjectId":135293,"sourceURL":"https://maps8.stlouis-mo.gov/arcgis/rest/services/STREETS/Streets_Permitting/MapServer/2","title":"Street light L028009"},"type":"Feature"},{"geometry":{"coordinates":[-90.22367265118102,38.658204088761046],"type":"Point"},"id":"stl-city-public-streetlights:2:135294","properties":{"address":null,"attributes":{"Date_Installed":"1/2020","LED_Powered":1,"LightID":"L028010","Light_Source":"LED","Light_Type":"Cobra","Lighting_Type":"LED-Powered Lamp","Verification_Date":null},"id":"stl-city-public-streetlights:2:135294","sourceLayerId":2,"sourceObjectId":135294,"sourceURL":"https://maps8.stlouis-mo.gov/arcgis/rest/services/STREETS/Streets_Permitting/MapServer/2","title":"Street light L028010"},"type":"Feature"},{"geometry":{"coordinates":[-90.22387131989264,38.65792448503958],"type":"Point"},"id":"stl-city-public-streetlights:2:135295","properties":{"address":null,"attributes":{"Date_Installed":"1/2020","LED_Powered":1,"LightID":"L028011","Light_Source":"LED","Light_Type":"Cobra","Lighting_Type":"LED-Powered Lamp","Verification_Date":null},"id":"stl-city-public-streetlights:2:135295","sourceLayerId":2,"sourceObjectId":135295,"sourceURL":"https://maps8.stlouis-mo.gov/arcgis/rest/services/STREETS/Streets_Permitting/MapServer/2","title":"Street light L028011"},"type":"Feature"},{"geometry":{"coordinates":[-90.22410049586456,38.65761646960693],"type":"Point"},"id":"stl-city-public-streetlights:2:135296","properties":{"address":null,"attributes":{"Date_Installed":"1/2020","LED_Powered":1,"LightID":"L028012","Light_Source":"LED","Light_Type":"Cobra","Lighting_Type":"LED-Powered Lamp","Verification_Date":null},"id":"stl-city-public-streetlights:2:135296","sourceLayerId":2,"sourceObjectId":135296,"sourceURL":"https://maps8.stlouis-mo.gov/arcgis/rest/services/STREETS/Streets_Permitting/MapServer/2","title":"Street light L028012"},"type":"Feature"},{"geometry":{"coordinates":[-90.22432091584605,38.6572923423437],"type":"Point"},"id":"stl-city-public-streetlights:2:135297","properties":{"address":null,"attributes":{"Date_Installed":"1/2020","LED_Powered":1,"LightID":"L028013","Light_Source":"LED","Light_Type":"Cobra","Lighting_Type":"LED-Powered Lamp","Verification_Date":null},"id":"stl-city-public-streetlights:2:135297","sourceLayerId":2,"sourceObjectId":135297,"sourceURL":"https://maps8.stlouis-mo.gov/arcgis/rest/services/STREETS/Streets_Permitting/MapServer/2","title":"Street light L028013"},"type":"Feature"},{"geometry":{"coordinates":[-90.22451529583594,38.65702035517447],"type":"Point"},"id":"stl-city-public-streetlights:2:135298","properties":{"address":null,"attributes":{"Date_Installed":null,"LED_Powered":0,"LightID":"L028014","Light_Source":"LED","Light_Type":"Cobra","Lighting_Type":"LED-Powered Lamp","Verification_Date":null},"id":"stl-city-public-streetlights:2:135298","sourceLayerId":2,"sourceObjectId":135298,"sourceURL":"https://maps8.stlouis-mo.gov/arcgis/rest/services/STREETS/Streets_Permitting/MapServer/2","title":"Street light L028014"},"type":"Feature"},{"geometry":{"coordinates":[-90.2247408568865,38.65670195981696],"type":"Point"},"id":"stl-city-public-streetlights:2:135299","properties":{"address":null,"attributes":{"Date_Installed":null,"LED_Powered":0,"LightID":"L028015","Light_Source":"LED","Light_Type":"Cobra","Lighting_Type":"LED-Powered Lamp","Verification_Date":null},"id":"stl-city-public-streetlights:2:135299","sourceLayerId":2,"sourceObjectId":135299,"sourceURL":"https://maps8.stlouis-mo.gov/arcgis/rest/services/STREETS/Streets_Permitting/MapServer/2","title":"Street light L028015"},"type":"Feature"},{"geometry":{"coordinates":[-90.22495462494949,38.656406897159805],"type":"Point"},"id":"stl-city-public-streetlights:2:135300","properties":{"address":null,"attributes":{"Date_Installed":null,"LED_Powered":0,"LightID":"L028016","Light_Source":"LED","Light_Type":"Cobra","Lighting_Type":"LED-Powered Lamp","Verification_Date":null},"id":"stl-city-public-streetlights:2:135300","sourceLayerId":2,"sourceObjectId":135300,"sourceURL":"https://maps8.stlouis-mo.gov/arcgis/rest/services/STREETS/Streets_Permitting/MapServer/2","title":"Street light L028016"},"type":"Feature"},{"geometry":{"coordinates":[-90.22332337824527,38.659003662499096],"type":"Point"},"id":"stl-city-public-streetlights:2:135301","properties":{"address":null,"attributes":{"Date_Installed":"1/2020","LED_Powered":1,"LightID":"L028017","Light_Source":"LED","Light_Type":"Cobra","Lighting_Type":"LED-Powered Lamp","Verification_Date":null},"id":"stl-city-public-streetlights:2:135301","sourceLayerId":2,"sourceObjectId":135301,"sourceURL":"https://maps8.stlouis-mo.gov/arcgis/rest/services/STREETS/Streets_Permitting/MapServer/2","title":"Street light L028017"},"type":"Feature"},{"geometry":{"coordinates":[-90.2236952287502,38.65916953417405],"type":"Point"},"id":"stl-city-public-streetlights:2:135302","properties":{"address":null,"attributes":{"Date_Installed":"1/2020","LED_Powered":1,"LightID":"L028018","Light_Source":"LED","Light_Type":"Cobra","Lighting_Type":"LED-Powered Lamp","Verification_Date":null},"id":"stl-city-public-streetlights:2:135302","sourceLayerId":2,"sourceObjectId":135302,"sourceURL":"https://maps8.stlouis-mo.gov/arcgis/rest/services/STREETS/Streets_Permitting/MapServer/2","title":"Street light L028018"},"type":"Feature"},{"geometry":{"coordinates":[-90.22407050037339,38.65933119388608],"type":"Point"},"id":"stl-city-public-streetlights:2:135303","properties":{"address":null,"attributes":{"Date_Installed":"1/2020","LED_Powered":1,"LightID":"L028019","Light_Source":"LED","Light_Type":"Cobra","Lighting_Type":"LED-Powered Lamp","Verification_Date":null},"id":"stl-city-public-streetlights:2:135303","sourceLayerId":2,"sourceObjectId":135303,"sourceURL":"https://maps8.stlouis-mo.gov/arcgis/rest/services/STREETS/Streets_Permitting/MapServer/2","title":"Street light L028019"},"type":"Feature"},{"geometry":{"coordinates":[-90.22447898834882,38.6595122843643],"type":"Point"},"id":"stl-city-public-streetlights:2:135304","properties":{"address":null,"attributes":{"Date_Installed":"1/2020","LED_Powered":1,"LightID":"L028020","Light_Source":"LED","Light_Type":"Cobra","Lighting_Type":"LED-Powered Lamp","Verification_Date":null},"id":"stl-city-public-streetlights:2:135304","sourceLayerId":2,"sourceObjectId":135304,"sourceURL":"https://maps8.stlouis-mo.gov/arcgis/rest/services/STREETS/Streets_Permitting/MapServer/2","title":"Street light L028020"},"type":"Feature"},{"geometry":{"coordinates":[-90.22489127705437,38.65969393189236],"type":"Point"},"id":"stl-city-public-streetlights:2:135305","properties":{"address":null,"attributes":{"Date_Installed":"1/2020","LED_Powered":1,"LightID":"L028021","Light_Source":"LED","Light_Type":"Cobra","Lighting_Type":"LED-Powered Lamp","Verification_Date":null},"id":"stl-city-public-streetlights:2:135305","sourceLayerId":2,"sourceObjectId":135305,"sourceURL":"https://maps8.stlouis-mo.gov/arcgis/rest/services/STREETS/Streets_Permitting/MapServer/2","title":"Street light L028021"},"type":"Feature"},{"geometry":{"coordinates":[-90.22513188254399,38.65979609851627],"type":"Point"},"id":"stl-city-public-streetlights:2:135306","properties":{"address":null,"attributes":{"Date_Installed":"1/2020","LED_Powered":1,"LightID":"L028022","Light_Source":"LED","Light_Type":"Cobra","Lighting_Type":"LED-Powered Lamp","Verification_Date":null},"id":"stl-city-public-streetlights:2:135306","sourceLayerId":2,"sourceObjectId":135306,"sourceURL":"https://maps8.stlouis-mo.gov/arcgis/rest/services/STREETS/Streets_Permitting/MapServer/2","title":"Street light L028022"},"type":"Feature"},{"geometry":{"coordinates":[-90.22165298739256,38.65934914157781],"type":"Point"},"id":"stl-city-public-streetlights:2:135307","properties":{"address":null,"attributes":{"Date_Installed":null,"LED_Powered":0,"LightID":"L028023","Light_Source":"LED","Light_Type":"Cobra","Lighting_Type":"LED-Powered Lamp","Verification_Date":null},"id":"stl-city-public-streetlights:2:135307","sourceLayerId":2,"sourceObjectId":135307,"sourceURL":"https://maps8.stlouis-mo.gov/arcgis/rest/services/STREETS/Streets_Permitting/MapServer/2","title":"Street light L028023"},"type":"Feature"},{"geometry":{"coordinates":[-90.22192158595175,38.6589685606567],"type":"Point"},"id":"stl-city-public-streetlights:2:135308","properties":{"address":null,"attributes":{"Date_Installed":null,"LED_Powered":0,"LightID":"L028024","Light_Source":"LED","Light_Type":"Cobra","Lighting_Type":"LED-Powered Lamp","Verification_Date":null},"id":"stl-city-public-streetlights:2:135308","sourceLayerId":2,"sourceObjectId":135308,"sourceURL":"https://maps8.stlouis-mo.gov/arcgis/rest/services/STREETS/Streets_Permitting/MapServer/2","title":"Street light L028024"},"type":"Feature"},{"geometry":{"coordinates":[-90.22219823167696,38.658595599876925],"type":"Point"},"id":"stl-city-public-streetlights:2:135309","properties":{"address":null,"attributes":{"Date_Installed":null,"LED_Powered":0,"LightID":"L028025","Light_Source":"LED","Light_Type":"Cobra","Lighting_Type":"LED-Powered Lamp","Verification_Date":null},"id":"stl-city-public-streetlights:2:135309","sourceLayerId":2,"sourceObjectId":135309,"sourceURL":"https://maps8.stlouis-mo.gov/arcgis/rest/services/STREETS/Streets_Permitting/MapServer/2","title":"Street light L028025"},"type":"Feature"},{"geometry":{"coordinates":[-90.22245710917534,38.658234622186],"type":"Point"},"id":"stl-city-public-streetlights:2:135310","properties":{"address":null,"attributes":{"Date_Installed":null,"LED_Powered":0,"LightID":"L028026","Light_Source":"LED","Light_Type":"Cobra","Lighting_Type":"LED-Powered Lamp","Verification_Date":null},"id":"stl-city-public-streetlights:2:135310","sourceLayerId":2,"sourceObjectId":135310,"sourceURL":"https://maps8.stlouis-mo.gov/arcgis/rest/services/STREETS/Streets_Permitting/MapServer/2","title":"Street light L028026"},"type":"Feature"},{"geometry":{"coordinates":[-90.22269462355939,38.65789433075074],"type":"Point"},"id":"stl-city-public-streetlights:2:135311","properties":{"address":null,"attributes":{"Date_Installed":null,"LED_Powered":0,"LightID":"L028027","Light_Source":"LED","Light_Type":"Cobra","Lighting_Type":"LED-Powered Lamp","Verification_Date":null},"id":"stl-city-public-streetlights:2:135311","sourceLayerId":2,"sourceObjectId":135311,"sourceURL":"https://maps8.stlouis-mo.gov/arcgis/rest/services/STREETS/Streets_Permitting/MapServer/2","title":"Street light L028027"},"type":"Feature"},{"geometry":{"coordinates":[-90.22289556535672,38.65763325538147],"type":"Point"},"id":"stl-city-public-streetlights:2:135312","properties":{"address":null,"attributes":{"Date_Installed":null,"LED_Powered":0,"LightID":"L028028","Light_Source":"LED","Light_Type":"Cobra","Lighting_Type":"LED-Powered Lamp","Verification_Date":null},"id":"stl-city-public-streetlights:2:135312","sourceLayerId":2,"sourceObjectId":135312,"sourceURL":"https://maps8.stlouis-mo.gov/arcgis/rest/services/STREETS/Streets_Permitting/MapServer/2","title":"Street light L028028"},"type":"Feature"},{"geometry":{"coordinates":[-90.22318157532858,38.6572897643279],"type":"Point"},"id":"stl-city-public-streetlights:2:135313","properties":{"address":null,"attributes":{"Date_Installed":null,"LED_Powered":0,"LightID":"L028029","Light_Source":"LED","Light_Type":"Cobra","Lighting_Type":"LED-Powered Lamp","Verification_Date":null},"id":"stl-city-public-streetlights:2:135313","sourceLayerId":2,"sourceObjectId":135313,"sourceURL":"https://maps8.stlouis-mo.gov/arcgis/rest/services/STREETS/Streets_Permitting/MapServer/2","title":"Street light L028029"},"type":"Feature"},{"geometry":{"coordinates":[-90.22349362023849,38.65689470520641],"type":"Point"},"id":"stl-city-public-streetlights:2:135314","properties":{"address":null,"attributes":{"Date_Installed":null,"LED_Powered":0,"LightID":"L028030","Light_Source":"LED","Light_Type":"Cobra","Lighting_Type":"LED-Powered Lamp","Verification_Date":null},"id":"stl-city-public-streetlights:2:135314","sourceLayerId":2,"sourceObjectId":135314,"sourceURL":"https://maps8.stlouis-mo.gov/arcgis/rest/services/STREETS/Streets_Permitting/MapServer/2","title":"Street light L028030"},"type":"Feature"},{"geometry":{"coordinates":[-90.22375141179438,38.65653586787322],"type":"Point"},"id":"stl-city-public-streetlights:2:135315","properties":{"address":null,"attributes":{"Date_Installed":null,"LED_Powered":0,"LightID":"L028031","Light_Source":"LED","Light_Type":"Cobra","Lighting_Type":"LED-Powered Lamp","Verification_Date":null},"id":"stl-city-public-streetlights:2:135315","sourceLayerId":2,"sourceObjectId":135315,"sourceURL":"https://maps8.stlouis-mo.gov/arcgis/rest/services/STREETS/Streets_Permitting/MapServer/2","title":"Street light L028031"},"type":"Feature"},{"geometry":{"coordinates":[-90.2201088219511,38.659858092500365],"type":"Point"},"id":"stl-city-public-streetlights:2:135322","properties":{"address":null,"attributes":{"Date_Installed":null,"LED_Powered":0,"LightID":"L028038","Light_Source":"LED","Light_Type":"Cobra","Lighting_Type":"LED-Powered Lamp","Verification_Date":null},"id":"stl-city-public-streetlights:2:135322","sourceLayerId":2,"sourceObjectId":135322,"sourceURL":"https://maps8.stlouis-mo.gov/arcgis/rest/services/STREETS/Streets_Permitting/MapServer/2","title":"Street light L028038"},"type":"Feature"},{"geometry":{"coordinates":[-90.22032682208209,38.65955014974201],"type":"Point"},"id":"stl-city-public-streetlights:2:135323","properties":{"address":null,"attributes":{"Date_Installed":null,"LED_Powered":0,"LightID":"L028039","Light_Source":"LED","Light_Type":"Cobra","Lighting_Type":"LED-Powered Lamp","Verification_Date":null},"id":"stl-city-public-streetlights:2:135323","sourceLayerId":2,"sourceObjectId":135323,"sourceURL":"https://maps8.stlouis-mo.gov/arcgis/rest/services/STREETS/Streets_Permitting/MapServer/2","title":"Street light L028039"},"type":"Feature"},{"geometry":{"coordinates":[-90.22054639964765,38.659239975229426],"type":"Point"},"id":"stl-city-public-streetlights:2:135324","properties":{"address":null,"attributes":{"Date_Installed":null,"LED_Powered":0,"LightID":"L028040","Light_Source":"LED","Light_Type":"Cobra","Lighting_Type":"LED-Powered Lamp","Verification_Date":null},"id":"stl-city-public-streetlights:2:135324","sourceLayerId":2,"sourceObjectId":135324,"sourceURL":"https://maps8.stlouis-mo.gov/arcgis/rest/services/STREETS/Streets_Permitting/MapServer/2","title":"Street light L028040"},"type":"Feature"},{"geometry":{"coordinates":[-90.22078479520759,38.65891117884985],"type":"Point"},"id":"stl-city-public-streetlights:2:135325","properties":{"address":null,"attributes":{"Date_Installed":null,"LED_Powered":0,"LightID":"L028041","Light_Source":"LED","Light_Type":"Cobra","Lighting_Type":"LED-Powered Lamp","Verification_Date":null},"id":"stl-city-public-streetlights:2:135325","sourceLayerId":2,"sourceObjectId":135325,"sourceURL":"https://maps8.stlouis-mo.gov/arcgis/rest/services/STREETS/Streets_Permitting/MapServer/2","title":"Street light L028041"},"type":"Feature"},{"geometry":{"coordinates":[-90.2210058343546,38.65860469875479],"type":"Point"},"id":"stl-city-public-streetlights:2:135326","properties":{"address":null,"attributes":{"Date_Installed":null,"LED_Powered":0,"LightID":"L028042","Light_Source":"LED","Light_Type":"Cobra","Lighting_Type":"LED-Powered Lamp","Verification_Date":null},"id":"stl-city-public-streetlights:2:135326","sourceLayerId":2,"sourceObjectId":135326,"sourceURL":"https://maps8.stlouis-mo.gov/arcgis/rest/services/STREETS/Streets_Permitting/MapServer/2","title":"Street light L028042"},"type":"Feature"},{"geometry":{"coordinates":[-90.22122351035652,38.65828710318539],"type":"Point"},"id":"stl-city-public-streetlights:2:135327","properties":{"address":null,"attributes":{"Date_Installed":null,"LED_Powered":0,"LightID":"L028043","Light_Source":"LED","Light_Type":"Cobra","Lighting_Type":"LED-Powered Lamp","Verification_Date":null},"id":"stl-city-public-streetlights:2:135327","sourceLayerId":2,"sourceObjectId":135327,"sourceURL":"https://maps8.stlouis-mo.gov/arcgis/rest/services/STREETS/Streets_Permitting/MapServer/2","title":"Street light L028043"},"type":"Feature"},{"geometry":{"coordinates":[-90.22145576035942,38.657973258951316],"type":"Point"},"id":"stl-city-public-streetlights:2:135328","properties":{"address":null,"attributes":{"Date_Installed":null,"LED_Powered":0,"LightID":"L028044","Light_Source":"LED","Light_Type":"Cobra","Lighting_Type":"LED-Powered Lamp","Verification_Date":null},"id":"stl-city-public-streetlights:2:135328","sourceLayerId":2,"sourceObjectId":135328,"sourceURL":"https://maps8.stlouis-mo.gov/arcgis/rest/services/STREETS/Streets_Permitting/MapServer/2","title":"Street light L028044"},"type":"Feature"},{"geometry":{"coordinates":[-90.2216947857602,38.65763659649807],"type":"Point"},"id":"stl-city-public-streetlights:2:135329","properties":{"address":null,"attributes":{"Date_Installed":null,"LED_Powered":0,"LightID":"L028045","Light_Source":"LED","Light_Type":"Cobra","Lighting_Type":"LED-Powered Lamp","Verification_Date":null},"id":"stl-city-public-streetlights:2:135329","sourceLayerId":2,"sourceObjectId":135329,"sourceURL":"https://maps8.stlouis-mo.gov/arcgis/rest/services/STREETS/Streets_Permitting/MapServer/2","title":"Street light L028045"},"type":"Feature"},{"geometry":{"coordinates":[-90.22189472796502,38.65734388944975],"type":"Point"},"id":"stl-city-public-streetlights:2:135330","properties":{"address":null,"attributes":{"Date_Installed":null,"LED_Powered":0,"LightID":"L028046","Light_Source":"LED","Light_Type":"Cobra","Lighting_Type":"LED-Powered Lamp","Verification_Date":null},"id":"stl-city-public-streetlights:2:135330","sourceLayerId":2,"sourceObjectId":135330,"sourceURL":"https://maps8.stlouis-mo.gov/arcgis/rest/services/STREETS/Streets_Permitting/MapServer/2","title":"Street light L028046"},"type":"Feature"},{"geometry":{"coordinates":[-90.22212453441142,38.65703170736177],"type":"Point"},"id":"stl-city-public-streetlights:2:135331","properties":{"address":null,"attributes":{"Date_Installed":null,"LED_Powered":0,"LightID":"L028047","Light_Source":"LED","Light_Type":"Cobra","Lighting_Type":"LED-Powered Lamp","Verification_Date":null},"id":"stl-city-public-streetlights:2:135331","sourceLayerId":2,"sourceObjectId":135331,"sourceURL":"https://maps8.stlouis-mo.gov/arcgis/rest/services/STREETS/Streets_Permitting/MapServer/2","title":"Street light L028047"},"type":"Feature"},{"geometry":{"coordinates":[-90.22233972407889,38.65672559181157],"type":"Point"},"id":"stl-city-public-streetlights:2:135332","properties":{"address":null,"attributes":{"Date_Installed":null,"LED_Powered":0,"LightID":"L028048","Light_Source":"LED","Light_Type":"Cobra","Lighting_Type":"LED-Powered Lamp","Verification_Date":null},"id":"stl-city-public-streetlights:2:135332","sourceLayerId":2,"sourceObjectId":135332,"sourceURL":"https://maps8.stlouis-mo.gov/arcgis/rest/services/STREETS/Streets_Permitting/MapServer/2","title":"Street light L028048"},"type":"Feature"},{"geometry":{"coordinates":[-90.22258417660703,38.656398188838224],"type":"Point"},"id":"stl-city-public-streetlights:2:135333","properties":{"address":null,"attributes":{"Date_Installed":null,"LED_Powered":0,"LightID":"L028049","Light_Source":"LED","Light_Type":"Cobra","Lighting_Type":"LED-Powered Lamp","Verification_Date":null},"id":"stl-city-public-streetlights:2:135333","sourceLayerId":2,"sourceObjectId":135333,"sourceURL":"https://maps8.stlouis-mo.gov/arcgis/rest/services/STREETS/Streets_Permitting/MapServer/2","title":"Street light L028049"},"type":"Feature"},{"geometry":{"coordinates":[-90.2228103417409,38.65608275531981],"type":"Point"},"id":"stl-city-public-streetlights:2:135334","properties":{"address":null,"attributes":{"Date_Installed":null,"LED_Powered":0,"LightID":"L028050","Light_Source":"LED","Light_Type":"Cobra","Lighting_Type":"LED-Powered Lamp","Verification_Date":null},"id":"stl-city-public-streetlights:2:135334","sourceLayerId":2,"sourceObjectId":135334,"sourceURL":"https://maps8.stlouis-mo.gov/arcgis/rest/services/STREETS/Streets_Permitting/MapServer/2","title":"Street light L028050"},"type":"Feature"},{"geometry":{"coordinates":[-90.22303764185386,38.6557877273064],"type":"Point"},"id":"stl-city-public-streetlights:2:135335","properties":{"address":null,"attributes":{"Date_Installed":null,"LED_Powered":0,"LightID":"L028051","Light_Source":"LED","Light_Type":"Cobra","Lighting_Type":"LED-Powered Lamp","Verification_Date":null},"id":"stl-city-public-streetlights:2:135335","sourceLayerId":2,"sourceObjectId":135335,"sourceURL":"https://maps8.stlouis-mo.gov/arcgis/rest/services/STREETS/Streets_Permitting/MapServer/2","title":"Street light L028051"},"type":"Feature"},{"geometry":{"coordinates":[-90.22841107023356,38.659925536157516],"type":"Point"},"id":"stl-city-public-streetlights:2:135336","properties":{"address":null,"attributes":{"Date_Installed":"2021-05-19","LED_Powered":1,"LightID":"L028052","Light_Source":"LED","Light_Type":"Cobra","Lighting_Type":"5G Pole - 5G Pole -5G Pole - 150-W High Pressure Sodium Vapor Lamp","Verification_Date":null},"id":"stl-city-public-streetlights:2:135336","sourceLayerId":2,"sourceObjectId":135336,"sourceURL":"https://maps8.stlouis-mo.gov/arcgis/rest/services/STREETS/Streets_Permitting/MapServer/2","title":"Street light L028052"},"type":"Feature"},{"geometry":{"coordinates":[-90.22858771733675,38.659678051200316],"type":"Point"},"id":"stl-city-public-streetlights:2:135337","properties":{"address":null,"attributes":{"Date_Installed":null,"LED_Powered":0,"LightID":"L028053","Light_Source":"LED","Light_Type":"Cobra","Lighting_Type":"LED-Powered Lamp","Verification_Date":null},"id":"stl-city-public-streetlights:2:135337","sourceLayerId":2,"sourceObjectId":135337,"sourceURL":"https://maps8.stlouis-mo.gov/arcgis/rest/services/STREETS/Streets_Permitting/MapServer/2","title":"Street light L028053"},"type":"Feature"},{"geometry":{"coordinates":[-90.22885636549245,38.65929777515971],"type":"Point"},"id":"stl-city-public-streetlights:2:135338","properties":{"address":null,"attributes":{"Date_Installed":null,"LED_Powered":0,"LightID":"L028054","Light_Source":"LED","Light_Type":"Cobra","Lighting_Type":"LED-Powered Lamp","Verification_Date":null},"id":"stl-city-public-streetlights:2:135338","sourceLayerId":2,"sourceObjectId":135338,"sourceURL":"https://maps8.stlouis-mo.gov/arcgis/rest/services/STREETS/Streets_Permitting/MapServer/2","title":"Street light L028054"},"type":"Feature"},{"geometry":{"coordinates":[-90.22908591737946,38.65897728442039],"type":"Point"},"id":"stl-city-public-streetlights:2:135339","properties":{"address":null,"attributes":{"Date_Installed":null,"LED_Powered":0,"LightID":"L028055","Light_Source":"LED","Light_Type":"Cobra","Lighting_Type":"LED-Powered Lamp","Verification_Date":null},"id":"stl-city-public-streetlights:2:135339","sourceLayerId":2,"sourceObjectId":135339,"sourceURL":"https://maps8.stlouis-mo.gov/arcgis/rest/services/STREETS/Streets_Permitting/MapServer/2","title":"Street light L028055"},"type":"Feature"},{"geometry":{"coordinates":[-90.2267300020658,38.65830421636003],"type":"Point"},"id":"stl-city-public-streetlights:2:135340","properties":{"address":null,"attributes":{"Date_Installed":null,"LED_Powered":1,"LightID":"L028056","Light_Source":"LED","Light_Type":"Cobra","Lighting_Type":"LED-Powered Lamp","Verification_Date":null},"id":"stl-city-public-streetlights:2:135340","sourceLayerId":2,"sourceObjectId":135340,"sourceURL":"https://maps8.stlouis-mo.gov/arcgis/rest/services/STREETS/Streets_Permitting/MapServer/2","title":"Street light L028056"},"type":"Feature"},{"geometry":{"coordinates":[-90.22655917378215,38.65806003468681],"type":"Point"},"id":"stl-city-public-streetlights:2:135341","properties":{"address":null,"attributes":{"Date_Installed":null,"LED_Powered":1,"LightID":"L028057","Light_Source":"LED","Light_Type":"Cobra","Lighting_Type":"LED-Powered Lamp","Verification_Date":null},"id":"stl-city-public-streetlights:2:135341","sourceLayerId":2,"sourceObjectId":135341,"sourceURL":"https://maps8.stlouis-mo.gov/arcgis/rest/services/STREETS/Streets_Permitting/MapServer/2","title":"Street light L028057"},"type":"Feature"},{"geometry":{"coordinates":[-90.220120993687,38.65666232511052],"type":"Point"},"id":"stl-city-public-streetlights:2:135616","properties":{"address":null,"attributes":{"Date_Installed":null,"LED_Powered":1,"LightID":"L028332","Light_Source":"LED","Light_Type":"Cobra","Lighting_Type":"LED-Powered Lamp","Verification_Date":1659312000000},"id":"stl-city-public-streetlights:2:135616","sourceLayerId":2,"sourceObjectId":135616,"sourceURL":"https://maps8.stlouis-mo.gov/arcgis/rest/services/STREETS/Streets_Permitting/MapServer/2","title":"Street light L028332"},"type":"Feature"},{"geometry":{"coordinates":[-90.22042350217255,38.65623137804747],"type":"Point"},"id":"stl-city-public-streetlights:2:135617","properties":{"address":null,"attributes":{"Date_Installed":null,"LED_Powered":1,"LightID":"L028333","Light_Source":"LED","Light_Type":"Cobra","Lighting_Type":"LED-Powered Lamp","Verification_Date":1659312000000},"id":"stl-city-public-streetlights:2:135617","sourceLayerId":2,"sourceObjectId":135617,"sourceURL":"https://maps8.stlouis-mo.gov/arcgis/rest/services/STREETS/Streets_Permitting/MapServer/2","title":"Street light L028333"},"type":"Feature"},{"geometry":{"coordinates":[-90.22071122392386,38.655839796928326],"type":"Point"},"id":"stl-city-public-streetlights:2:135618","properties":{"address":null,"attributes":{"Date_Installed":null,"LED_Powered":1,"LightID":"L028334","Light_Source":"LED","Light_Type":"Cobra","Lighting_Type":"LED-Powered Lamp","Verification_Date":1659312000000},"id":"stl-city-public-streetlights:2:135618","sourceLayerId":2,"sourceObjectId":135618,"sourceURL":"https://maps8.stlouis-mo.gov/arcgis/rest/services/STREETS/Streets_Permitting/MapServer/2","title":"Street light L028334"},"type":"Feature"},{"geometry":{"coordinates":[-90.22099443327744,38.65542772806162],"type":"Point"},"id":"stl-city-public-streetlights:2:135619","properties":{"address":null,"attributes":{"Date_Installed":null,"LED_Powered":1,"LightID":"L028335","Light_Source":"LED","Light_Type":"Cobra","Lighting_Type":"LED-Powered Lamp","Verification_Date":1659312000000},"id":"stl-city-public-streetlights:2:135619","sourceLayerId":2,"sourceObjectId":135619,"sourceURL":"https://maps8.stlouis-mo.gov/arcgis/rest/services/STREETS/Streets_Permitting/MapServer/2","title":"Street light L028335"},"type":"Feature"},{"geometry":{"coordinates":[-90.22127913550959,38.655201186084994],"type":"Point"},"id":"stl-city-public-streetlights:2:135620","properties":{"address":null,"attributes":{"Date_Installed":null,"LED_Powered":1,"LightID":"L028336","Light_Source":"LED","Light_Type":"Cobra","Lighting_Type":"LED-Powered Lamp","Verification_Date":1659312000000},"id":"stl-city-public-streetlights:2:135620","sourceLayerId":2,"sourceObjectId":135620,"sourceURL":"https://maps8.stlouis-mo.gov/arcgis/rest/services/STREETS/Streets_Permitting/MapServer/2","title":"Street light L028336"},"type":"Feature"},{"geometry":{"coordinates":[-90.22130798912072,38.654996567120456],"type":"Point"},"id":"stl-city-public-streetlights:2:135621","properties":{"address":null,"attributes":{"Date_Installed":"2021-05-14","LED_Powered":1,"LightID":"L028337","Light_Source":"LED","Light_Type":"Cobra","Lighting_Type":"5G Pole - 5G Pole -5G Pole - LED-Powered Lamp","Verification_Date":1659312000000},"id":"stl-city-public-streetlights:2:135621","sourceLayerId":2,"sourceObjectId":135621,"sourceURL":"https://maps8.stlouis-mo.gov/arcgis/rest/services/STREETS/Streets_Permitting/MapServer/2","title":"Street light L028337"},"type":"Feature"},{"geometry":{"coordinates":[-90.22162648867338,38.65455343977984],"type":"Point"},"id":"stl-city-public-streetlights:2:135622","properties":{"address":null,"attributes":{"Date_Installed":null,"LED_Powered":1,"LightID":"L028338","Light_Source":"LED","Light_Type":"Cobra","Lighting_Type":"LED-Powered Lamp","Verification_Date":1659312000000},"id":"stl-city-public-streetlights:2:135622","sourceLayerId":2,"sourceObjectId":135622,"sourceURL":"https://maps8.stlouis-mo.gov/arcgis/rest/services/STREETS/Streets_Permitting/MapServer/2","title":"Street light L028338"},"type":"Feature"},{"geometry":{"coordinates":[-90.22190919777495,38.65415783831331],"type":"Point"},"id":"stl-city-public-streetlights:2:135623","properties":{"address":null,"attributes":{"Date_Installed":null,"LED_Powered":1,"LightID":"L028339","Light_Source":"LED","Light_Type":"Cobra","Lighting_Type":"LED-Powered Lamp","Verification_Date":1659312000000},"id":"stl-city-public-streetlights:2:135623","sourceLayerId":2,"sourceObjectId":135623,"sourceURL":"https://maps8.stlouis-mo.gov/arcgis/rest/services/STREETS/Streets_Permitting/MapServer/2","title":"Street light L028339"},"type":"Feature"},{"geometry":{"coordinates":[-90.2222095562628,38.65373695322003],"type":"Point"},"id":"stl-city-public-streetlights:2:135624","properties":{"address":null,"attributes":{"Date_Installed":null,"LED_Powered":1,"LightID":"L028340","Light_Source":"LED","Light_Type":"Cobra","Lighting_Type":"LED-Powered Lamp","Verification_Date":1659312000000},"id":"stl-city-public-streetlights:2:135624","sourceLayerId":2,"sourceObjectId":135624,"sourceURL":"https://maps8.stlouis-mo.gov/arcgis/rest/services/STREETS/Streets_Permitting/MapServer/2","title":"Street light L028340"},"type":"Feature"},{"geometry":{"coordinates":[-90.22252122336843,38.653318655366185],"type":"Point"},"id":"stl-city-public-streetlights:2:135625","properties":{"address":null,"attributes":{"Date_Installed":null,"LED_Powered":1,"LightID":"L028341","Light_Source":"LED","Light_Type":"Cobra","Lighting_Type":"LED-Powered Lamp","Verification_Date":1659312000000},"id":"stl-city-public-streetlights:2:135625","sourceLayerId":2,"sourceObjectId":135625,"sourceURL":"https://maps8.stlouis-mo.gov/arcgis/rest/services/STREETS/Streets_Permitting/MapServer/2","title":"Street light L028341"},"type":"Feature"},{"geometry":{"coordinates":[-90.22280729958878,38.65291459849011],"type":"Point"},"id":"stl-city-public-streetlights:2:135626","properties":{"address":null,"attributes":{"Date_Installed":null,"LED_Powered":1,"LightID":"L028342","Light_Source":"LED","Light_Type":"Cobra","Lighting_Type":"LED-Powered Lamp","Verification_Date":null},"id":"stl-city-public-streetlights:2:135626","sourceLayerId":2,"sourceObjectId":135626,"sourceURL":"https://maps8.stlouis-mo.gov/arcgis/rest/services/STREETS/Streets_Permitting/MapServer/2","title":"Street light L028342"},"type":"Feature"},{"geometry":{"coordinates":[-90.2227665751272,38.65259700603763],"type":"Point"},"id":"stl-city-public-streetlights:2:135627","properties":{"address":null,"attributes":{"Date_Installed":null,"LED_Powered":1,"LightID":"L028343","Light_Source":"LED","Light_Type":"Cobra","Lighting_Type":"LED-Powered Lamp","Verification_Date":1659312000000},"id":"stl-city-public-streetlights:2:135627","sourceLayerId":2,"sourceObjectId":135627,"sourceURL":"https://maps8.stlouis-mo.gov/arcgis/rest/services/STREETS/Streets_Permitting/MapServer/2","title":"Street light L028343"},"type":"Feature"},{"geometry":{"coordinates":[-90.22258538507961,38.65279478511581],"type":"Point"},"id":"stl-city-public-streetlights:2:135628","properties":{"address":null,"attributes":{"Date_Installed":"12/23/2018","LED_Powered":1,"LightID":"L028344","Light_Source":"LED","Light_Type":"Cobra","Lighting_Type":"LED-Powered Lamp","Verification_Date":1659312000000},"id":"stl-city-public-streetlights:2:135628","sourceLayerId":2,"sourceObjectId":135628,"sourceURL":"https://maps8.stlouis-mo.gov/arcgis/rest/services/STREETS/Streets_Permitting/MapServer/2","title":"Street light L028344"},"type":"Feature"},{"geometry":{"coordinates":[-90.2224658278618,38.653022480849],"type":"Point"},"id":"stl-city-public-streetlights:2:135629","properties":{"address":null,"attributes":{"Date_Installed":null,"LED_Powered":1,"LightID":"L028345","Light_Source":"LED","Light_Type":"Cobra","Lighting_Type":"LED-Powered Lamp","Verification_Date":1659312000000},"id":"stl-city-public-streetlights:2:135629","sourceLayerId":2,"sourceObjectId":135629,"sourceURL":"https://maps8.stlouis-mo.gov/arcgis/rest/services/STREETS/Streets_Permitting/MapServer/2","title":"Street light L028345"},"type":"Feature"},{"geometry":{"coordinates":[-90.22217240982734,38.65343796070433],"type":"Point"},"id":"stl-city-public-streetlights:2:135630","properties":{"address":null,"attributes":{"Date_Installed":null,"LED_Powered":1,"LightID":"L028346","Light_Source":"LED","Light_Type":"Cobra","Lighting_Type":"LED-Powered Lamp","Verification_Date":1659312000000},"id":"stl-city-public-streetlights:2:135630","sourceLayerId":2,"sourceObjectId":135630,"sourceURL":"https://maps8.stlouis-mo.gov/arcgis/rest/services/STREETS/Streets_Permitting/MapServer/2","title":"Street light L028346"},"type":"Feature"},{"geometry":{"coordinates":[-90.2218723992256,38.653847882761625],"type":"Point"},"id":"stl-city-public-streetlights:2:135631","properties":{"address":null,"attributes":{"Date_Installed":null,"LED_Powered":1,"LightID":"L028347","Light_Source":"LED","Light_Type":"Cobra","Lighting_Type":"LED-Powered Lamp","Verification_Date":1659312000000},"id":"stl-city-public-streetlights:2:135631","sourceLayerId":2,"sourceObjectId":135631,"sourceURL":"https://maps8.stlouis-mo.gov/arcgis/rest/services/STREETS/Streets_Permitting/MapServer/2","title":"Street light L028347"},"type":"Feature"},{"geometry":{"coordinates":[-90.22155914426136,38.65428214507778],"type":"Point"},"id":"stl-city-public-streetlights:2:135632","properties":{"address":null,"attributes":{"Date_Installed":null,"LED_Powered":1,"LightID":"L028348","Light_Source":"LED","Light_Type":"Cobra","Lighting_Type":"LED-Powered Lamp","Verification_Date":1659312000000},"id":"stl-city-public-streetlights:2:135632","sourceLayerId":2,"sourceObjectId":135632,"sourceURL":"https://maps8.stlouis-mo.gov/arcgis/rest/services/STREETS/Streets_Permitting/MapServer/2","title":"Street light L028348"},"type":"Feature"},{"geometry":{"coordinates":[-90.22126562328698,38.65468236669766],"type":"Point"},"id":"stl-city-public-streetlights:2:135633","properties":{"address":null,"attributes":{"Date_Installed":null,"LED_Powered":1,"LightID":"L028349","Light_Source":"LED","Light_Type":"Cobra","Lighting_Type":"LED-Powered Lamp","Verification_Date":1659312000000},"id":"stl-city-public-streetlights:2:135633","sourceLayerId":2,"sourceObjectId":135633,"sourceURL":"https://maps8.stlouis-mo.gov/arcgis/rest/services/STREETS/Streets_Permitting/MapServer/2","title":"Street light L028349"},"type":"Feature"},{"geometry":{"coordinates":[-90.22102255265489,38.6549271563148],"type":"Point"},"id":"stl-city-public-streetlights:2:135634","properties":{"address":null,"attributes":{"Date_Installed":null,"LED_Powered":1,"LightID":"L028350","Light_Source":"LED","Light_Type":"Cobra","Lighting_Type":"LED-Powered Lamp","Verification_Date":1659312000000},"id":"stl-city-public-streetlights:2:135634","sourceLayerId":2,"sourceObjectId":135634,"sourceURL":"https://maps8.stlouis-mo.gov/arcgis/rest/services/STREETS/Streets_Permitting/MapServer/2","title":"Street light L028350"},"type":"Feature"},{"geometry":{"coordinates":[-90.22088805644198,38.65510997939607],"type":"Point"},"id":"stl-city-public-streetlights:2:135635","properties":{"address":null,"attributes":{"Date_Installed":null,"LED_Powered":1,"LightID":"L028351","Light_Source":"LED","Light_Type":"Cobra","Lighting_Type":"LED-Powered Lamp","Verification_Date":1659312000000},"id":"stl-city-public-streetlights:2:135635","sourceLayerId":2,"sourceObjectId":135635,"sourceURL":"https://maps8.stlouis-mo.gov/arcgis/rest/services/STREETS/Streets_Permitting/MapServer/2","title":"Street light L028351"},"type":"Feature"},{"geometry":{"coordinates":[-90.22057572691021,38.65550624539361],"type":"Point"},"id":"stl-city-public-streetlights:2:135636","properties":{"address":null,"attributes":{"Date_Installed":null,"LED_Powered":1,"LightID":"L028352","Light_Source":"LED","Light_Type":"Cobra","Lighting_Type":"LED-Powered Lamp","Verification_Date":1659312000000},"id":"stl-city-public-streetlights:2:135636","sourceLayerId":2,"sourceObjectId":135636,"sourceURL":"https://maps8.stlouis-mo.gov/arcgis/rest/services/STREETS/Streets_Permitting/MapServer/2","title":"Street light L028352"},"type":"Feature"},{"geometry":{"coordinates":[-90.2203041465442,38.655928923754495],"type":"Point"},"id":"stl-city-public-streetlights:2:135637","properties":{"address":null,"attributes":{"Date_Installed":null,"LED_Powered":1,"LightID":"L028353","Light_Source":"LED","Light_Type":"Cobra","Lighting_Type":"LED-Powered Lamp","Verification_Date":1659312000000},"id":"stl-city-public-streetlights:2:135637","sourceLayerId":2,"sourceObjectId":135637,"sourceURL":"https://maps8.stlouis-mo.gov/arcgis/rest/services/STREETS/Streets_Permitting/MapServer/2","title":"Street light L028353"},"type":"Feature"},{"geometry":{"coordinates":[-90.22001620783078,38.65632687981643],"type":"Point"},"id":"stl-city-public-streetlights:2:135638","properties":{"address":null,"attributes":{"Date_Installed":null,"LED_Powered":1,"LightID":"L028354","Light_Source":"LED","Light_Type":"Cobra","Lighting_Type":"LED-Powered Lamp","Verification_Date":1659312000000},"id":"stl-city-public-streetlights:2:135638","sourceLayerId":2,"sourceObjectId":135638,"sourceURL":"https://maps8.stlouis-mo.gov/arcgis/rest/services/STREETS/Streets_Permitting/MapServer/2","title":"Street light L028354"},"type":"Feature"},{"geometry":{"coordinates":[-90.22026878754313,38.65585922231445],"type":"Point"},"id":"stl-city-public-streetlights:2:144128","properties":{"address":null,"attributes":{"Date_Installed":"7/31/2017","LED_Powered":1,"LightID":"L036986","Light_Source":"LED","Light_Type":"Cobra","Lighting_Type":"LED-Powered Lamp","Verification_Date":1659312000000},"id":"stl-city-public-streetlights:2:144128","sourceLayerId":2,"sourceObjectId":144128,"sourceURL":"https://maps8.stlouis-mo.gov/arcgis/rest/services/STREETS/Streets_Permitting/MapServer/2","title":"Street light L036986"},"type":"Feature"},{"geometry":{"coordinates":[-90.22047164757734,38.6548706330676],"type":"Point"},"id":"stl-city-public-streetlights:2:144372","properties":{"address":null,"attributes":{"Date_Installed":null,"LED_Powered":1,"LightID":"L037230","Light_Source":"LED","Light_Type":"Cobra","Lighting_Type":"LED-Powered Lamp","Verification_Date":null},"id":"stl-city-public-streetlights:2:144372","sourceLayerId":2,"sourceObjectId":144372,"sourceURL":"https://maps8.stlouis-mo.gov/arcgis/rest/services/STREETS/Streets_Permitting/MapServer/2","title":"Street light L037230"},"type":"Feature"},{"geometry":{"coordinates":[-90.2299376850999,38.65778745467207],"type":"Point"},"id":"stl-city-public-streetlights:2:154555","properties":{"address":null,"attributes":{"Date_Installed":null,"LED_Powered":0,"LightID":"L047287","Light_Source":"LED","Light_Type":"Cobra","Lighting_Type":"LED-Powered Lamp","Verification_Date":null},"id":"stl-city-public-streetlights:2:154555","sourceLayerId":2,"sourceObjectId":154555,"sourceURL":"https://maps8.stlouis-mo.gov/arcgis/rest/services/STREETS/Streets_Permitting/MapServer/2","title":"Street light L047287"},"type":"Feature"},{"geometry":{"coordinates":[-90.22972208960898,38.658071725044934],"type":"Point"},"id":"stl-city-public-streetlights:2:154556","properties":{"address":null,"attributes":{"Date_Installed":null,"LED_Powered":0,"LightID":"L047288","Light_Source":"LED","Light_Type":"Cobra","Lighting_Type":"LED-Powered Lamp","Verification_Date":null},"id":"stl-city-public-streetlights:2:154556","sourceLayerId":2,"sourceObjectId":154556,"sourceURL":"https://maps8.stlouis-mo.gov/arcgis/rest/services/STREETS/Streets_Permitting/MapServer/2","title":"Street light L047288"},"type":"Feature"},{"geometry":{"coordinates":[-90.2294901290082,38.65839876636683],"type":"Point"},"id":"stl-city-public-streetlights:2:154557","properties":{"address":null,"attributes":{"Date_Installed":null,"LED_Powered":0,"LightID":"L047289","Light_Source":"LED","Light_Type":"Cobra","Lighting_Type":"LED-Powered Lamp","Verification_Date":null},"id":"stl-city-public-streetlights:2:154557","sourceLayerId":2,"sourceObjectId":154557,"sourceURL":"https://maps8.stlouis-mo.gov/arcgis/rest/services/STREETS/Streets_Permitting/MapServer/2","title":"Street light L047289"},"type":"Feature"},{"geometry":{"coordinates":[-90.22928672740463,38.658689095532914],"type":"Point"},"id":"stl-city-public-streetlights:2:154558","properties":{"address":null,"attributes":{"Date_Installed":null,"LED_Powered":0,"LightID":"L047290","Light_Source":"LED","Light_Type":"Cobra","Lighting_Type":"LED-Powered Lamp","Verification_Date":null},"id":"stl-city-public-streetlights:2:154558","sourceLayerId":2,"sourceObjectId":154558,"sourceURL":"https://maps8.stlouis-mo.gov/arcgis/rest/services/STREETS/Streets_Permitting/MapServer/2","title":"Street light L047290"},"type":"Feature"},{"geometry":{"coordinates":[-90.22813339405054,38.65497968438484],"type":"Point"},"id":"stl-city-public-streetlights:2:154571","properties":{"address":null,"attributes":{"Date_Installed":null,"LED_Powered":0,"LightID":"L047303","Light_Source":"LED","Light_Type":"Cobra","Lighting_Type":"LED-Powered Lamp","Verification_Date":null},"id":"stl-city-public-streetlights:2:154571","sourceLayerId":2,"sourceObjectId":154571,"sourceURL":"https://maps8.stlouis-mo.gov/arcgis/rest/services/STREETS/Streets_Permitting/MapServer/2","title":"Street light L047303"},"type":"Feature"},{"geometry":{"coordinates":[-90.22777527647139,38.65482677828852],"type":"Point"},"id":"stl-city-public-streetlights:2:154572","properties":{"address":null,"attributes":{"Date_Installed":null,"LED_Powered":0,"LightID":"L047304","Light_Source":"LED","Light_Type":"Cobra","Lighting_Type":"LED-Powered Lamp","Verification_Date":null},"id":"stl-city-public-streetlights:2:154572","sourceLayerId":2,"sourceObjectId":154572,"sourceURL":"https://maps8.stlouis-mo.gov/arcgis/rest/services/STREETS/Streets_Permitting/MapServer/2","title":"Street light L047304"},"type":"Feature"},{"geometry":{"coordinates":[-90.2274071821268,38.65465966428677],"type":"Point"},"id":"stl-city-public-streetlights:2:154573","properties":{"address":null,"attributes":{"Date_Installed":null,"LED_Powered":0,"LightID":"L047305","Light_Source":"LED","Light_Type":"Cobra","Lighting_Type":"LED-Powered Lamp","Verification_Date":null},"id":"stl-city-public-streetlights:2:154573","sourceLayerId":2,"sourceObjectId":154573,"sourceURL":"https://maps8.stlouis-mo.gov/arcgis/rest/services/STREETS/Streets_Permitting/MapServer/2","title":"Street light L047305"},"type":"Feature"},{"geometry":{"coordinates":[-90.22705604983119,38.65450939384187],"type":"Point"},"id":"stl-city-public-streetlights:2:154574","properties":{"address":null,"attributes":{"Date_Installed":null,"LED_Powered":0,"LightID":"L047306","Light_Source":"LED","Light_Type":"Cobra","Lighting_Type":"LED-Powered Lamp","Verification_Date":null},"id":"stl-city-public-streetlights:2:154574","sourceLayerId":2,"sourceObjectId":154574,"sourceURL":"https://maps8.stlouis-mo.gov/arcgis/rest/services/STREETS/Streets_Permitting/MapServer/2","title":"Street light L047306"},"type":"Feature"},{"geometry":{"coordinates":[-90.22669023161093,38.65434430988514],"type":"Point"},"id":"stl-city-public-streetlights:2:154575","properties":{"address":null,"attributes":{"Date_Installed":null,"LED_Powered":0,"LightID":"L047307","Light_Source":"LED","Light_Type":"Cobra","Lighting_Type":"LED-Powered Lamp","Verification_Date":null},"id":"stl-city-public-streetlights:2:154575","sourceLayerId":2,"sourceObjectId":154575,"sourceURL":"https://maps8.stlouis-mo.gov/arcgis/rest/services/STREETS/Streets_Permitting/MapServer/2","title":"Street light L047307"},"type":"Feature"},{"geometry":{"coordinates":[-90.22629712675588,38.65417439344908],"type":"Point"},"id":"stl-city-public-streetlights:2:154576","properties":{"address":null,"attributes":{"Date_Installed":null,"LED_Powered":0,"LightID":"L047308","Light_Source":"LED","Light_Type":"Cobra","Lighting_Type":"LED-Powered Lamp","Verification_Date":null},"id":"stl-city-public-streetlights:2:154576","sourceLayerId":2,"sourceObjectId":154576,"sourceURL":"https://maps8.stlouis-mo.gov/arcgis/rest/services/STREETS/Streets_Permitting/MapServer/2","title":"Street light L047308"},"type":"Feature"},{"geometry":{"coordinates":[-90.22592035273703,38.65400570582629],"type":"Point"},"id":"stl-city-public-streetlights:2:154577","properties":{"address":null,"attributes":{"Date_Installed":null,"LED_Powered":0,"LightID":"L047309","Light_Source":"LED","Light_Type":"Cobra","Lighting_Type":"LED-Powered Lamp","Verification_Date":null},"id":"stl-city-public-streetlights:2:154577","sourceLayerId":2,"sourceObjectId":154577,"sourceURL":"https://maps8.stlouis-mo.gov/arcgis/rest/services/STREETS/Streets_Permitting/MapServer/2","title":"Street light L047309"},"type":"Feature"},{"geometry":{"coordinates":[-90.22554647679107,38.65384274441751],"type":"Point"},"id":"stl-city-public-streetlights:2:154578","properties":{"address":null,"attributes":{"Date_Installed":null,"LED_Powered":0,"LightID":"L047310","Light_Source":"LED","Light_Type":"Cobra","Lighting_Type":"LED-Powered Lamp","Verification_Date":null},"id":"stl-city-public-streetlights:2:154578","sourceLayerId":2,"sourceObjectId":154578,"sourceURL":"https://maps8.stlouis-mo.gov/arcgis/rest/services/STREETS/Streets_Permitting/MapServer/2","title":"Street light L047310"},"type":"Feature"},{"geometry":{"coordinates":[-90.22515227004158,38.653670676530275],"type":"Point"},"id":"stl-city-public-streetlights:2:154579","properties":{"address":null,"attributes":{"Date_Installed":null,"LED_Powered":0,"LightID":"L047311","Light_Source":"LED","Light_Type":"Cobra","Lighting_Type":"LED-Powered Lamp","Verification_Date":null},"id":"stl-city-public-streetlights:2:154579","sourceLayerId":2,"sourceObjectId":154579,"sourceURL":"https://maps8.stlouis-mo.gov/arcgis/rest/services/STREETS/Streets_Permitting/MapServer/2","title":"Street light L047311"},"type":"Feature"},{"geometry":{"coordinates":[-90.22476156757209,38.653497244407546],"type":"Point"},"id":"stl-city-public-streetlights:2:154580","properties":{"address":null,"attributes":{"Date_Installed":null,"LED_Powered":0,"LightID":"L047312","Light_Source":"LED","Light_Type":"Cobra","Lighting_Type":"LED-Powered Lamp","Verification_Date":null},"id":"stl-city-public-streetlights:2:154580","sourceLayerId":2,"sourceObjectId":154580,"sourceURL":"https://maps8.stlouis-mo.gov/arcgis/rest/services/STREETS/Streets_Permitting/MapServer/2","title":"Street light L047312"},"type":"Feature"},{"geometry":{"coordinates":[-90.22456595811308,38.65323947452251],"type":"Point"},"id":"stl-city-public-streetlights:2:154581","properties":{"address":null,"attributes":{"Date_Installed":null,"LED_Powered":0,"LightID":"L047313","Light_Source":"LED","Light_Type":"Cobra","Lighting_Type":"LED-Powered Lamp","Verification_Date":null},"id":"stl-city-public-streetlights:2:154581","sourceLayerId":2,"sourceObjectId":154581,"sourceURL":"https://maps8.stlouis-mo.gov/arcgis/rest/services/STREETS/Streets_Permitting/MapServer/2","title":"Street light L047313"},"type":"Feature"},{"geometry":{"coordinates":[-90.22417950723009,38.65306801709428],"type":"Point"},"id":"stl-city-public-streetlights:2:154582","properties":{"address":null,"attributes":{"Date_Installed":null,"LED_Powered":0,"LightID":"L047314","Light_Source":"LED","Light_Type":"Cobra","Lighting_Type":"LED-Powered Lamp","Verification_Date":null},"id":"stl-city-public-streetlights:2:154582","sourceLayerId":2,"sourceObjectId":154582,"sourceURL":"https://maps8.stlouis-mo.gov/arcgis/rest/services/STREETS/Streets_Permitting/MapServer/2","title":"Street light L047314"},"type":"Feature"},{"geometry":{"coordinates":[-90.22379760265862,38.65290026455894],"type":"Point"},"id":"stl-city-public-streetlights:2:154583","properties":{"address":null,"attributes":{"Date_Installed":null,"LED_Powered":0,"LightID":"L047315","Light_Source":"LED","Light_Type":"Cobra","Lighting_Type":"LED-Powered Lamp","Verification_Date":null},"id":"stl-city-public-streetlights:2:154583","sourceLayerId":2,"sourceObjectId":154583,"sourceURL":"https://maps8.stlouis-mo.gov/arcgis/rest/services/STREETS/Streets_Permitting/MapServer/2","title":"Street light L047315"},"type":"Feature"},{"geometry":{"coordinates":[-90.22342588329731,38.65273253395443],"type":"Point"},"id":"stl-city-public-streetlights:2:154584","properties":{"address":null,"attributes":{"Date_Installed":null,"LED_Powered":0,"LightID":"L047316","Light_Source":"LED","Light_Type":"Cobra","Lighting_Type":"LED-Powered Lamp","Verification_Date":null},"id":"stl-city-public-streetlights:2:154584","sourceLayerId":2,"sourceObjectId":154584,"sourceURL":"https://maps8.stlouis-mo.gov/arcgis/rest/services/STREETS/Streets_Permitting/MapServer/2","title":"Street light L047316"},"type":"Feature"},{"geometry":{"coordinates":[-90.22312240870548,38.652603697342784],"type":"Point"},"id":"stl-city-public-streetlights:2:154585","properties":{"address":null,"attributes":{"Date_Installed":null,"LED_Powered":0,"LightID":"L047317","Light_Source":"LED","Light_Type":"Cobra","Lighting_Type":"LED-Powered Lamp","Verification_Date":null},"id":"stl-city-public-streetlights:2:154585","sourceLayerId":2,"sourceObjectId":154585,"sourceURL":"https://maps8.stlouis-mo.gov/arcgis/rest/services/STREETS/Streets_Permitting/MapServer/2","title":"Street light L047317"},"type":"Feature"},{"geometry":{"coordinates":[-90.22394833443418,38.6513736034451],"type":"Point"},"id":"stl-city-public-streetlights:2:154586","properties":{"address":null,"attributes":{"Date_Installed":null,"LED_Powered":0,"LightID":"L047318","Light_Source":"LED","Light_Type":"Cobra","Lighting_Type":"LED-Powered Lamp","Verification_Date":1659312000000},"id":"stl-city-public-streetlights:2:154586","sourceLayerId":2,"sourceObjectId":154586,"sourceURL":"https://maps8.stlouis-mo.gov/arcgis/rest/services/STREETS/Streets_Permitting/MapServer/2","title":"Street light L047318"},"type":"Feature"},{"geometry":{"coordinates":[-90.2242924602042,38.651522318131995],"type":"Point"},"id":"stl-city-public-streetlights:2:154587","properties":{"address":null,"attributes":{"Date_Installed":null,"LED_Powered":0,"LightID":"L047319","Light_Source":"LED","Light_Type":"Cobra","Lighting_Type":"LED-Powered Lamp","Verification_Date":null},"id":"stl-city-public-streetlights:2:154587","sourceLayerId":2,"sourceObjectId":154587,"sourceURL":"https://maps8.stlouis-mo.gov/arcgis/rest/services/STREETS/Streets_Permitting/MapServer/2","title":"Street light L047319"},"type":"Feature"},{"geometry":{"coordinates":[-90.22465523517066,38.65168311155231],"type":"Point"},"id":"stl-city-public-streetlights:2:154588","properties":{"address":null,"attributes":{"Date_Installed":null,"LED_Powered":0,"LightID":"L047320","Light_Source":"LED","Light_Type":"Cobra","Lighting_Type":"LED-Powered Lamp","Verification_Date":null},"id":"stl-city-public-streetlights:2:154588","sourceLayerId":2,"sourceObjectId":154588,"sourceURL":"https://maps8.stlouis-mo.gov/arcgis/rest/services/STREETS/Streets_Permitting/MapServer/2","title":"Street light L047320"},"type":"Feature"},{"geometry":{"coordinates":[-90.22502256867241,38.651844654188984],"type":"Point"},"id":"stl-city-public-streetlights:2:154589","properties":{"address":null,"attributes":{"Date_Installed":null,"LED_Powered":0,"LightID":"L047321","Light_Source":"LED","Light_Type":"Cobra","Lighting_Type":"LED-Powered Lamp","Verification_Date":null},"id":"stl-city-public-streetlights:2:154589","sourceLayerId":2,"sourceObjectId":154589,"sourceURL":"https://maps8.stlouis-mo.gov/arcgis/rest/services/STREETS/Streets_Permitting/MapServer/2","title":"Street light L047321"},"type":"Feature"},{"geometry":{"coordinates":[-90.22539398027908,38.652013332160074],"type":"Point"},"id":"stl-city-public-streetlights:2:154590","properties":{"address":null,"attributes":{"Date_Installed":null,"LED_Powered":0,"LightID":"L047322","Light_Source":"LED","Light_Type":"Cobra","Lighting_Type":"LED-Powered Lamp","Verification_Date":null},"id":"stl-city-public-streetlights:2:154590","sourceLayerId":2,"sourceObjectId":154590,"sourceURL":"https://maps8.stlouis-mo.gov/arcgis/rest/services/STREETS/Streets_Permitting/MapServer/2","title":"Street light L047322"},"type":"Feature"},{"geometry":{"coordinates":[-90.22534822947415,38.65288143561863],"type":"Point"},"id":"stl-city-public-streetlights:2:154591","properties":{"address":null,"attributes":{"Date_Installed":null,"LED_Powered":0,"LightID":"L047323","Light_Source":"LED","Light_Type":"Cobra","Lighting_Type":"LED-Powered Lamp","Verification_Date":null},"id":"stl-city-public-streetlights:2:154591","sourceLayerId":2,"sourceObjectId":154591,"sourceURL":"https://maps8.stlouis-mo.gov/arcgis/rest/services/STREETS/Streets_Permitting/MapServer/2","title":"Street light L047323"},"type":"Feature"},{"geometry":{"coordinates":[-90.22566163257498,38.652998371908836],"type":"Point"},"id":"stl-city-public-streetlights:2:154592","properties":{"address":null,"attributes":{"Date_Installed":null,"LED_Powered":0,"LightID":"L047324","Light_Source":"LED","Light_Type":"Cobra","Lighting_Type":"LED-Powered Lamp","Verification_Date":null},"id":"stl-city-public-streetlights:2:154592","sourceLayerId":2,"sourceObjectId":154592,"sourceURL":"https://maps8.stlouis-mo.gov/arcgis/rest/services/STREETS/Streets_Permitting/MapServer/2","title":"Street light L047324"},"type":"Feature"},{"geometry":{"coordinates":[-90.226048526192,38.653174473158984],"type":"Point"},"id":"stl-city-public-streetlights:2:154593","properties":{"address":null,"attributes":{"Date_Installed":null,"LED_Powered":0,"LightID":"L047325","Light_Source":"LED","Light_Type":"Cobra","Lighting_Type":"LED-Powered Lamp","Verification_Date":null},"id":"stl-city-public-streetlights:2:154593","sourceLayerId":2,"sourceObjectId":154593,"sourceURL":"https://maps8.stlouis-mo.gov/arcgis/rest/services/STREETS/Streets_Permitting/MapServer/2","title":"Street light L047325"},"type":"Feature"},{"geometry":{"coordinates":[-90.2264230992291,38.65333810396782],"type":"Point"},"id":"stl-city-public-streetlights:2:154594","properties":{"address":null,"attributes":{"Date_Installed":null,"LED_Powered":0,"LightID":"L047326","Light_Source":"LED","Light_Type":"Cobra","Lighting_Type":"LED-Powered Lamp","Verification_Date":null},"id":"stl-city-public-streetlights:2:154594","sourceLayerId":2,"sourceObjectId":154594,"sourceURL":"https://maps8.stlouis-mo.gov/arcgis/rest/services/STREETS/Streets_Permitting/MapServer/2","title":"Street light L047326"},"type":"Feature"},{"geometry":{"coordinates":[-90.22680766410798,38.653508514461876],"type":"Point"},"id":"stl-city-public-streetlights:2:154595","properties":{"address":null,"attributes":{"Date_Installed":null,"LED_Powered":0,"LightID":"L047327","Light_Source":"LED","Light_Type":"Cobra","Lighting_Type":"LED-Powered Lamp","Verification_Date":null},"id":"stl-city-public-streetlights:2:154595","sourceLayerId":2,"sourceObjectId":154595,"sourceURL":"https://maps8.stlouis-mo.gov/arcgis/rest/services/STREETS/Streets_Permitting/MapServer/2","title":"Street light L047327"},"type":"Feature"},{"geometry":{"coordinates":[-90.22718101322775,38.65357016770483],"type":"Point"},"id":"stl-city-public-streetlights:2:154596","properties":{"address":null,"attributes":{"Date_Installed":null,"LED_Powered":0,"LightID":"L047328","Light_Source":"LED","Light_Type":"Cobra","Lighting_Type":"LED-Powered Lamp","Verification_Date":null},"id":"stl-city-public-streetlights:2:154596","sourceLayerId":2,"sourceObjectId":154596,"sourceURL":"https://maps8.stlouis-mo.gov/arcgis/rest/services/STREETS/Streets_Permitting/MapServer/2","title":"Street light L047328"},"type":"Feature"},{"geometry":{"coordinates":[-90.22755871935938,38.653734085958654],"type":"Point"},"id":"stl-city-public-streetlights:2:154597","properties":{"address":null,"attributes":{"Date_Installed":null,"LED_Powered":0,"LightID":"L047329","Light_Source":"LED","Light_Type":"Cobra","Lighting_Type":"LED-Powered Lamp","Verification_Date":null},"id":"stl-city-public-streetlights:2:154597","sourceLayerId":2,"sourceObjectId":154597,"sourceURL":"https://maps8.stlouis-mo.gov/arcgis/rest/services/STREETS/Streets_Permitting/MapServer/2","title":"Street light L047329"},"type":"Feature"},{"geometry":{"coordinates":[-90.22792287906246,38.65389511206999],"type":"Point"},"id":"stl-city-public-streetlights:2:154598","properties":{"address":null,"attributes":{"Date_Installed":null,"LED_Powered":0,"LightID":"L047330","Light_Source":"LED","Light_Type":"Cobra","Lighting_Type":"LED-Powered Lamp","Verification_Date":null},"id":"stl-city-public-streetlights:2:154598","sourceLayerId":2,"sourceObjectId":154598,"sourceURL":"https://maps8.stlouis-mo.gov/arcgis/rest/services/STREETS/Streets_Permitting/MapServer/2","title":"Street light L047330"},"type":"Feature"},{"geometry":{"coordinates":[-90.22829887246439,38.654062599565236],"type":"Point"},"id":"stl-city-public-streetlights:2:154599","properties":{"address":null,"attributes":{"Date_Installed":null,"LED_Powered":0,"LightID":"L047331","Light_Source":"LED","Light_Type":"Cobra","Lighting_Type":"LED-Powered Lamp","Verification_Date":null},"id":"stl-city-public-streetlights:2:154599","sourceLayerId":2,"sourceObjectId":154599,"sourceURL":"https://maps8.stlouis-mo.gov/arcgis/rest/services/STREETS/Streets_Permitting/MapServer/2","title":"Street light L047331"},"type":"Feature"},{"geometry":{"coordinates":[-90.22865575027984,38.65422122182996],"type":"Point"},"id":"stl-city-public-streetlights:2:154600","properties":{"address":null,"attributes":{"Date_Installed":null,"LED_Powered":0,"LightID":"L047332","Light_Source":"LED","Light_Type":"Cobra","Lighting_Type":"LED-Powered Lamp","Verification_Date":null},"id":"stl-city-public-streetlights:2:154600","sourceLayerId":2,"sourceObjectId":154600,"sourceURL":"https://maps8.stlouis-mo.gov/arcgis/rest/services/STREETS/Streets_Permitting/MapServer/2","title":"Street light L047332"},"type":"Feature"},{"geometry":{"coordinates":[-90.2290449843318,38.65439274207562],"type":"Point"},"id":"stl-city-public-streetlights:2:154601","properties":{"address":null,"attributes":{"Date_Installed":null,"LED_Powered":0,"LightID":"L047333","Light_Source":"LED","Light_Type":"Cobra","Lighting_Type":"LED-Powered Lamp","Verification_Date":null},"id":"stl-city-public-streetlights:2:154601","sourceLayerId":2,"sourceObjectId":154601,"sourceURL":"https://maps8.stlouis-mo.gov/arcgis/rest/services/STREETS/Streets_Permitting/MapServer/2","title":"Street light L047333"},"type":"Feature"},{"geometry":{"coordinates":[-90.22572170154271,38.65216093116841],"type":"Point"},"id":"stl-city-public-streetlights:2:154602","properties":{"address":null,"attributes":{"Date_Installed":null,"LED_Powered":0,"LightID":"L047334","Light_Source":"LED","Light_Type":"Cobra","Lighting_Type":"LED-Powered Lamp","Verification_Date":null},"id":"stl-city-public-streetlights:2:154602","sourceLayerId":2,"sourceObjectId":154602,"sourceURL":"https://maps8.stlouis-mo.gov/arcgis/rest/services/STREETS/Streets_Permitting/MapServer/2","title":"Street light L047334"},"type":"Feature"},{"geometry":{"coordinates":[-90.22607372838512,38.652312399628144],"type":"Point"},"id":"stl-city-public-streetlights:2:154603","properties":{"address":null,"attributes":{"Date_Installed":null,"LED_Powered":0,"LightID":"L047335","Light_Source":"LED","Light_Type":"Cobra","Lighting_Type":"LED-Powered Lamp","Verification_Date":null},"id":"stl-city-public-streetlights:2:154603","sourceLayerId":2,"sourceObjectId":154603,"sourceURL":"https://maps8.stlouis-mo.gov/arcgis/rest/services/STREETS/Streets_Permitting/MapServer/2","title":"Street light L047335"},"type":"Feature"},{"geometry":{"coordinates":[-90.22645290645265,38.65248624098496],"type":"Point"},"id":"stl-city-public-streetlights:2:154604","properties":{"address":null,"attributes":{"Date_Installed":null,"LED_Powered":0,"LightID":"L047336","Light_Source":"LED","Light_Type":"Cobra","Lighting_Type":"LED-Powered Lamp","Verification_Date":null},"id":"stl-city-public-streetlights:2:154604","sourceLayerId":2,"sourceObjectId":154604,"sourceURL":"https://maps8.stlouis-mo.gov/arcgis/rest/services/STREETS/Streets_Permitting/MapServer/2","title":"Street light L047336"},"type":"Feature"},{"geometry":{"coordinates":[-90.22683012808052,38.652647537997105],"type":"Point"},"id":"stl-city-public-streetlights:2:154605","properties":{"address":null,"attributes":{"Date_Installed":null,"LED_Powered":0,"LightID":"L047337","Light_Source":"LED","Light_Type":"Cobra","Lighting_Type":"LED-Powered Lamp","Verification_Date":null},"id":"stl-city-public-streetlights:2:154605","sourceLayerId":2,"sourceObjectId":154605,"sourceURL":"https://maps8.stlouis-mo.gov/arcgis/rest/services/STREETS/Streets_Permitting/MapServer/2","title":"Street light L047337"},"type":"Feature"},{"geometry":{"coordinates":[-90.22719184199532,38.652810586787965],"type":"Point"},"id":"stl-city-public-streetlights:2:154606","properties":{"address":null,"attributes":{"Date_Installed":null,"LED_Powered":0,"LightID":"L047338","Light_Source":"LED","Light_Type":"Cobra","Lighting_Type":"LED-Powered Lamp","Verification_Date":null},"id":"stl-city-public-streetlights:2:154606","sourceLayerId":2,"sourceObjectId":154606,"sourceURL":"https://maps8.stlouis-mo.gov/arcgis/rest/services/STREETS/Streets_Permitting/MapServer/2","title":"Street light L047338"},"type":"Feature"},{"geometry":{"coordinates":[-90.22772953337895,38.652818989826166],"type":"Point"},"id":"stl-city-public-streetlights:2:154607","properties":{"address":null,"attributes":{"Date_Installed":null,"LED_Powered":0,"LightID":"L047339","Light_Source":"LED","Light_Type":"Cobra","Lighting_Type":"LED-Powered Lamp","Verification_Date":null},"id":"stl-city-public-streetlights:2:154607","sourceLayerId":2,"sourceObjectId":154607,"sourceURL":"https://maps8.stlouis-mo.gov/arcgis/rest/services/STREETS/Streets_Permitting/MapServer/2","title":"Street light L047339"},"type":"Feature"},{"geometry":{"coordinates":[-90.22811723346328,38.652991630320024],"type":"Point"},"id":"stl-city-public-streetlights:2:154608","properties":{"address":null,"attributes":{"Date_Installed":null,"LED_Powered":0,"LightID":"L047340","Light_Source":"LED","Light_Type":"Cobra","Lighting_Type":"LED-Powered Lamp","Verification_Date":null},"id":"stl-city-public-streetlights:2:154608","sourceLayerId":2,"sourceObjectId":154608,"sourceURL":"https://maps8.stlouis-mo.gov/arcgis/rest/services/STREETS/Streets_Permitting/MapServer/2","title":"Street light L047340"},"type":"Feature"},{"geometry":{"coordinates":[-90.22847228413545,38.65314977235021],"type":"Point"},"id":"stl-city-public-streetlights:2:154609","properties":{"address":null,"attributes":{"Date_Installed":null,"LED_Powered":0,"LightID":"L047341","Light_Source":"LED","Light_Type":"Cobra","Lighting_Type":"LED-Powered Lamp","Verification_Date":null},"id":"stl-city-public-streetlights:2:154609","sourceLayerId":2,"sourceObjectId":154609,"sourceURL":"https://maps8.stlouis-mo.gov/arcgis/rest/services/STREETS/Streets_Permitting/MapServer/2","title":"Street light L047341"},"type":"Feature"},{"geometry":{"coordinates":[-90.22889620839567,38.65333395991988],"type":"Point"},"id":"stl-city-public-streetlights:2:154610","properties":{"address":null,"attributes":{"Date_Installed":null,"LED_Powered":0,"LightID":"L047342","Light_Source":"LED","Light_Type":"Cobra","Lighting_Type":"LED-Powered Lamp","Verification_Date":null},"id":"stl-city-public-streetlights:2:154610","sourceLayerId":2,"sourceObjectId":154610,"sourceURL":"https://maps8.stlouis-mo.gov/arcgis/rest/services/STREETS/Streets_Permitting/MapServer/2","title":"Street light L047342"},"type":"Feature"},{"geometry":{"coordinates":[-90.22925656890767,38.65349521092106],"type":"Point"},"id":"stl-city-public-streetlights:2:154611","properties":{"address":null,"attributes":{"Date_Installed":null,"LED_Powered":0,"LightID":"L047343","Light_Source":"LED","Light_Type":"Cobra","Lighting_Type":"LED-Powered Lamp","Verification_Date":null},"id":"stl-city-public-streetlights:2:154611","sourceLayerId":2,"sourceObjectId":154611,"sourceURL":"https://maps8.stlouis-mo.gov/arcgis/rest/services/STREETS/Streets_Permitting/MapServer/2","title":"Street light L047343"},"type":"Feature"},{"geometry":{"coordinates":[-90.2296503419369,38.653663688371886],"type":"Point"},"id":"stl-city-public-streetlights:2:154612","properties":{"address":null,"attributes":{"Date_Installed":null,"LED_Powered":0,"LightID":"L047344","Light_Source":"LED","Light_Type":"Cobra","Lighting_Type":"LED-Powered Lamp","Verification_Date":null},"id":"stl-city-public-streetlights:2:154612","sourceLayerId":2,"sourceObjectId":154612,"sourceURL":"https://maps8.stlouis-mo.gov/arcgis/rest/services/STREETS/Streets_Permitting/MapServer/2","title":"Street light L047344"},"type":"Feature"},{"geometry":{"coordinates":[-90.22976733627593,38.65275065848458],"type":"Point"},"id":"stl-city-public-streetlights:2:154614","properties":{"address":null,"attributes":{"Date_Installed":null,"LED_Powered":0,"LightID":"L047346","Light_Source":"LED","Light_Type":"Cobra","Lighting_Type":"LED-Powered Lamp","Verification_Date":null},"id":"stl-city-public-streetlights:2:154614","sourceLayerId":2,"sourceObjectId":154614,"sourceURL":"https://maps8.stlouis-mo.gov/arcgis/rest/services/STREETS/Streets_Permitting/MapServer/2","title":"Street light L047346"},"type":"Feature"},{"geometry":{"coordinates":[-90.22939447363872,38.652584350468004],"type":"Point"},"id":"stl-city-public-streetlights:2:154615","properties":{"address":null,"attributes":{"Date_Installed":null,"LED_Powered":0,"LightID":"L047347","Light_Source":"LED","Light_Type":"Cobra","Lighting_Type":"LED-Powered Lamp","Verification_Date":null},"id":"stl-city-public-streetlights:2:154615","sourceLayerId":2,"sourceObjectId":154615,"sourceURL":"https://maps8.stlouis-mo.gov/arcgis/rest/services/STREETS/Streets_Permitting/MapServer/2","title":"Street light L047347"},"type":"Feature"},{"geometry":{"coordinates":[-90.2290325763401,38.65242869802782],"type":"Point"},"id":"stl-city-public-streetlights:2:154616","properties":{"address":null,"attributes":{"Date_Installed":null,"LED_Powered":0,"LightID":"L047348","Light_Source":"LED","Light_Type":"Cobra","Lighting_Type":"LED-Powered Lamp","Verification_Date":null},"id":"stl-city-public-streetlights:2:154616","sourceLayerId":2,"sourceObjectId":154616,"sourceURL":"https://maps8.stlouis-mo.gov/arcgis/rest/services/STREETS/Streets_Permitting/MapServer/2","title":"Street light L047348"},"type":"Feature"},{"geometry":{"coordinates":[-90.22863693326036,38.65225044041148],"type":"Point"},"id":"stl-city-public-streetlights:2:154617","properties":{"address":null,"attributes":{"Date_Installed":null,"LED_Powered":0,"LightID":"L047349","Light_Source":"LED","Light_Type":"Cobra","Lighting_Type":"LED-Powered Lamp","Verification_Date":null},"id":"stl-city-public-streetlights:2:154617","sourceLayerId":2,"sourceObjectId":154617,"sourceURL":"https://maps8.stlouis-mo.gov/arcgis/rest/services/STREETS/Streets_Permitting/MapServer/2","title":"Street light L047349"},"type":"Feature"},{"geometry":{"coordinates":[-90.22826913267406,38.65208940893036],"type":"Point"},"id":"stl-city-public-streetlights:2:154618","properties":{"address":null,"attributes":{"Date_Installed":null,"LED_Powered":0,"LightID":"L047350","Light_Source":"LED","Light_Type":"Cobra","Lighting_Type":"LED-Powered Lamp","Verification_Date":null},"id":"stl-city-public-streetlights:2:154618","sourceLayerId":2,"sourceObjectId":154618,"sourceURL":"https://maps8.stlouis-mo.gov/arcgis/rest/services/STREETS/Streets_Permitting/MapServer/2","title":"Street light L047350"},"type":"Feature"},{"geometry":{"coordinates":[-90.2278241564626,38.65209685992655],"type":"Point"},"id":"stl-city-public-streetlights:2:154619","properties":{"address":null,"attributes":{"Date_Installed":null,"LED_Powered":0,"LightID":"L047351","Light_Source":"LED","Light_Type":"Cobra","Lighting_Type":"LED-Powered Lamp","Verification_Date":null},"id":"stl-city-public-streetlights:2:154619","sourceLayerId":2,"sourceObjectId":154619,"sourceURL":"https://maps8.stlouis-mo.gov/arcgis/rest/services/STREETS/Streets_Permitting/MapServer/2","title":"Street light L047351"},"type":"Feature"},{"geometry":{"coordinates":[-90.22747398020684,38.65193777412677],"type":"Point"},"id":"stl-city-public-streetlights:2:154620","properties":{"address":null,"attributes":{"Date_Installed":null,"LED_Powered":0,"LightID":"L047352","Light_Source":"LED","Light_Type":"Cobra","Lighting_Type":"LED-Powered Lamp","Verification_Date":null},"id":"stl-city-public-streetlights:2:154620","sourceLayerId":2,"sourceObjectId":154620,"sourceURL":"https://maps8.stlouis-mo.gov/arcgis/rest/services/STREETS/Streets_Permitting/MapServer/2","title":"Street light L047352"},"type":"Feature"},{"geometry":{"coordinates":[-90.22709708427296,38.65177147280377],"type":"Point"},"id":"stl-city-public-streetlights:2:154621","properties":{"address":null,"attributes":{"Date_Installed":null,"LED_Powered":0,"LightID":"L047353","Light_Source":"LED","Light_Type":"Cobra","Lighting_Type":"LED-Powered Lamp","Verification_Date":null},"id":"stl-city-public-streetlights:2:154621","sourceLayerId":2,"sourceObjectId":154621,"sourceURL":"https://maps8.stlouis-mo.gov/arcgis/rest/services/STREETS/Streets_Permitting/MapServer/2","title":"Street light L047353"},"type":"Feature"},{"geometry":{"coordinates":[-90.22673901956605,38.65160125845857],"type":"Point"},"id":"stl-city-public-streetlights:2:154622","properties":{"address":null,"attributes":{"Date_Installed":null,"LED_Powered":0,"LightID":"L047354","Light_Source":"LED","Light_Type":"Cobra","Lighting_Type":"LED-Powered Lamp","Verification_Date":null},"id":"stl-city-public-streetlights:2:154622","sourceLayerId":2,"sourceObjectId":154622,"sourceURL":"https://maps8.stlouis-mo.gov/arcgis/rest/services/STREETS/Streets_Permitting/MapServer/2","title":"Street light L047354"},"type":"Feature"},{"geometry":{"coordinates":[-90.22634085141217,38.65143442933365],"type":"Point"},"id":"stl-city-public-streetlights:2:154623","properties":{"address":null,"attributes":{"Date_Installed":null,"LED_Powered":0,"LightID":"L047355","Light_Source":"LED","Light_Type":"Cobra","Lighting_Type":"LED-Powered Lamp","Verification_Date":null},"id":"stl-city-public-streetlights:2:154623","sourceLayerId":2,"sourceObjectId":154623,"sourceURL":"https://maps8.stlouis-mo.gov/arcgis/rest/services/STREETS/Streets_Permitting/MapServer/2","title":"Street light L047355"},"type":"Feature"},{"geometry":{"coordinates":[-90.22604224705994,38.65130406213562],"type":"Point"},"id":"stl-city-public-streetlights:2:154624","properties":{"address":null,"attributes":{"Date_Installed":null,"LED_Powered":0,"LightID":"L047356","Light_Source":"LED","Light_Type":"Cobra","Lighting_Type":"LED-Powered Lamp","Verification_Date":null},"id":"stl-city-public-streetlights:2:154624","sourceLayerId":2,"sourceObjectId":154624,"sourceURL":"https://maps8.stlouis-mo.gov/arcgis/rest/services/STREETS/Streets_Permitting/MapServer/2","title":"Street light L047356"},"type":"Feature"},{"geometry":{"coordinates":[-90.22565383110634,38.65113153287273],"type":"Point"},"id":"stl-city-public-streetlights:2:154625","properties":{"address":null,"attributes":{"Date_Installed":null,"LED_Powered":0,"LightID":"L047357","Light_Source":"LED","Light_Type":"Cobra","Lighting_Type":"LED-Powered Lamp","Verification_Date":null},"id":"stl-city-public-streetlights:2:154625","sourceLayerId":2,"sourceObjectId":154625,"sourceURL":"https://maps8.stlouis-mo.gov/arcgis/rest/services/STREETS/Streets_Permitting/MapServer/2","title":"Street light L047357"},"type":"Feature"},{"geometry":{"coordinates":[-90.22530158817808,38.650974914050195],"type":"Point"},"id":"stl-city-public-streetlights:2:154626","properties":{"address":null,"attributes":{"Date_Installed":null,"LED_Powered":0,"LightID":"L047358","Light_Source":"LED","Light_Type":"Cobra","Lighting_Type":"LED-Powered Lamp","Verification_Date":null},"id":"stl-city-public-streetlights:2:154626","sourceLayerId":2,"sourceObjectId":154626,"sourceURL":"https://maps8.stlouis-mo.gov/arcgis/rest/services/STREETS/Streets_Permitting/MapServer/2","title":"Street light L047358"},"type":"Feature"},{"geometry":{"coordinates":[-90.22494231094676,38.65081389120584],"type":"Point"},"id":"stl-city-public-streetlights:2:154627","properties":{"address":null,"attributes":{"Date_Installed":null,"LED_Powered":0,"LightID":"L047359","Light_Source":"LED","Light_Type":"Cobra","Lighting_Type":"LED-Powered Lamp","Verification_Date":null},"id":"stl-city-public-streetlights:2:154627","sourceLayerId":2,"sourceObjectId":154627,"sourceURL":"https://maps8.stlouis-mo.gov/arcgis/rest/services/STREETS/Streets_Permitting/MapServer/2","title":"Street light L047359"},"type":"Feature"},{"geometry":{"coordinates":[-90.22455389299373,38.65064326455599],"type":"Point"},"id":"stl-city-public-streetlights:2:154628","properties":{"address":null,"attributes":{"Date_Installed":null,"LED_Powered":1,"LightID":"L047360","Light_Source":"LED","Light_Type":"Cobra","Lighting_Type":"LED-Powered Lamp","Verification_Date":1659312000000},"id":"stl-city-public-streetlights:2:154628","sourceLayerId":2,"sourceObjectId":154628,"sourceURL":"https://maps8.stlouis-mo.gov/arcgis/rest/services/STREETS/Streets_Permitting/MapServer/2","title":"Street light L047360"},"type":"Feature"},{"geometry":{"coordinates":[-90.22544555041635,38.65004280219457],"type":"Point"},"id":"stl-city-public-streetlights:2:154629","properties":{"address":null,"attributes":{"Date_Installed":"1/18/2018","LED_Powered":1,"LightID":"L047361","Light_Source":"LED","Light_Type":"Cobra","Lighting_Type":"LED-Powered Lamp","Verification_Date":null},"id":"stl-city-public-streetlights:2:154629","sourceLayerId":2,"sourceObjectId":154629,"sourceURL":"https://maps8.stlouis-mo.gov/arcgis/rest/services/STREETS/Streets_Permitting/MapServer/2","title":"Street light L047361"},"type":"Feature"},{"geometry":{"coordinates":[-90.22580849785906,38.65019715743949],"type":"Point"},"id":"stl-city-public-streetlights:2:154630","properties":{"address":null,"attributes":{"Date_Installed":"1/18/2018","LED_Powered":1,"LightID":"L047362","Light_Source":"LED","Light_Type":"Cobra","Lighting_Type":"LED-Powered Lamp","Verification_Date":null},"id":"stl-city-public-streetlights:2:154630","sourceLayerId":2,"sourceObjectId":154630,"sourceURL":"https://maps8.stlouis-mo.gov/arcgis/rest/services/STREETS/Streets_Permitting/MapServer/2","title":"Street light L047362"},"type":"Feature"},{"geometry":{"coordinates":[-90.2261419514256,38.650354064997664],"type":"Point"},"id":"stl-city-public-streetlights:2:154631","properties":{"address":null,"attributes":{"Date_Installed":"1/18/2018","LED_Powered":1,"LightID":"L047363","Light_Source":"LED","Light_Type":"Cobra","Lighting_Type":"LED-Powered Lamp","Verification_Date":null},"id":"stl-city-public-streetlights:2:154631","sourceLayerId":2,"sourceObjectId":154631,"sourceURL":"https://maps8.stlouis-mo.gov/arcgis/rest/services/STREETS/Streets_Permitting/MapServer/2","title":"Street light L047363"},"type":"Feature"},{"geometry":{"coordinates":[-90.2265212552772,38.650524187609484],"type":"Point"},"id":"stl-city-public-streetlights:2:154632","properties":{"address":null,"attributes":{"Date_Installed":"1/18/2018","LED_Powered":1,"LightID":"L047364","Light_Source":"LED","Light_Type":"Cobra","Lighting_Type":"LED-Powered Lamp","Verification_Date":null},"id":"stl-city-public-streetlights:2:154632","sourceLayerId":2,"sourceObjectId":154632,"sourceURL":"https://maps8.stlouis-mo.gov/arcgis/rest/services/STREETS/Streets_Permitting/MapServer/2","title":"Street light L047364"},"type":"Feature"},{"geometry":{"coordinates":[-90.22692514508054,38.65070390137322],"type":"Point"},"id":"stl-city-public-streetlights:2:154633","properties":{"address":null,"attributes":{"Date_Installed":null,"LED_Powered":1,"LightID":"L047365","Light_Source":"LED","Light_Type":"Cobra","Lighting_Type":"LED-Powered Lamp","Verification_Date":null},"id":"stl-city-public-streetlights:2:154633","sourceLayerId":2,"sourceObjectId":154633,"sourceURL":"https://maps8.stlouis-mo.gov/arcgis/rest/services/STREETS/Streets_Permitting/MapServer/2","title":"Street light L047365"},"type":"Feature"},{"geometry":{"coordinates":[-90.22725591895535,38.650847688881925],"type":"Point"},"id":"stl-city-public-streetlights:2:154634","properties":{"address":null,"attributes":{"Date_Installed":null,"LED_Powered":1,"LightID":"L047366","Light_Source":"LED","Light_Type":"Cobra","Lighting_Type":"LED-Powered Lamp","Verification_Date":null},"id":"stl-city-public-streetlights:2:154634","sourceLayerId":2,"sourceObjectId":154634,"sourceURL":"https://maps8.stlouis-mo.gov/arcgis/rest/services/STREETS/Streets_Permitting/MapServer/2","title":"Street light L047366"},"type":"Feature"},{"geometry":{"coordinates":[-90.22763828474663,38.65101304840917],"type":"Point"},"id":"stl-city-public-streetlights:2:154635","properties":{"address":null,"attributes":{"Date_Installed":null,"LED_Powered":1,"LightID":"L047367","Light_Source":"LED","Light_Type":"Cobra","Lighting_Type":"LED-Powered Lamp","Verification_Date":null},"id":"stl-city-public-streetlights:2:154635","sourceLayerId":2,"sourceObjectId":154635,"sourceURL":"https://maps8.stlouis-mo.gov/arcgis/rest/services/STREETS/Streets_Permitting/MapServer/2","title":"Street light L047367"},"type":"Feature"},{"geometry":{"coordinates":[-90.22801757760588,38.651187933628734],"type":"Point"},"id":"stl-city-public-streetlights:2:154636","properties":{"address":null,"attributes":{"Date_Installed":null,"LED_Powered":1,"LightID":"L047368","Light_Source":"LED","Light_Type":"Cobra","Lighting_Type":"LED-Powered Lamp","Verification_Date":null},"id":"stl-city-public-streetlights:2:154636","sourceLayerId":2,"sourceObjectId":154636,"sourceURL":"https://maps8.stlouis-mo.gov/arcgis/rest/services/STREETS/Streets_Permitting/MapServer/2","title":"Street light L047368"},"type":"Feature"},{"geometry":{"coordinates":[-90.22836957822184,38.65134606981683],"type":"Point"},"id":"stl-city-public-streetlights:2:154637","properties":{"address":null,"attributes":{"Date_Installed":null,"LED_Powered":1,"LightID":"L047369","Light_Source":"LED","Light_Type":"Cobra","Lighting_Type":"LED-Powered Lamp","Verification_Date":null},"id":"stl-city-public-streetlights:2:154637","sourceLayerId":2,"sourceObjectId":154637,"sourceURL":"https://maps8.stlouis-mo.gov/arcgis/rest/services/STREETS/Streets_Permitting/MapServer/2","title":"Street light L047369"},"type":"Feature"},{"geometry":{"coordinates":[-90.22994321582446,38.65173128033125],"type":"Point"},"id":"stl-city-public-streetlights:2:154640","properties":{"address":null,"attributes":{"Date_Installed":null,"LED_Powered":0,"LightID":"L047372","Light_Source":"LED","Light_Type":"Cobra","Lighting_Type":"LED-Powered Lamp","Verification_Date":null},"id":"stl-city-public-streetlights:2:154640","sourceLayerId":2,"sourceObjectId":154640,"sourceURL":"https://maps8.stlouis-mo.gov/arcgis/rest/services/STREETS/Streets_Permitting/MapServer/2","title":"Street light L047372"},"type":"Feature"},{"geometry":{"coordinates":[-90.22956092755467,38.65154256852188],"type":"Point"},"id":"stl-city-public-streetlights:2:154641","properties":{"address":null,"attributes":{"Date_Installed":null,"LED_Powered":0,"LightID":"L047373","Light_Source":"LED","Light_Type":"Cobra","Lighting_Type":"LED-Powered Lamp","Verification_Date":null},"id":"stl-city-public-streetlights:2:154641","sourceLayerId":2,"sourceObjectId":154641,"sourceURL":"https://maps8.stlouis-mo.gov/arcgis/rest/services/STREETS/Streets_Permitting/MapServer/2","title":"Street light L047373"},"type":"Feature"},{"geometry":{"coordinates":[-90.22919751688038,38.651389828342914],"type":"Point"},"id":"stl-city-public-streetlights:2:154642","properties":{"address":null,"attributes":{"Date_Installed":null,"LED_Powered":0,"LightID":"L047374","Light_Source":"LED","Light_Type":"Cobra","Lighting_Type":"LED-Powered Lamp","Verification_Date":null},"id":"stl-city-public-streetlights:2:154642","sourceLayerId":2,"sourceObjectId":154642,"sourceURL":"https://maps8.stlouis-mo.gov/arcgis/rest/services/STREETS/Streets_Permitting/MapServer/2","title":"Street light L047374"},"type":"Feature"},{"geometry":{"coordinates":[-90.22879589429203,38.65122358784485],"type":"Point"},"id":"stl-city-public-streetlights:2:154643","properties":{"address":null,"attributes":{"Date_Installed":null,"LED_Powered":0,"LightID":"L047375","Light_Source":"LED","Light_Type":"Cobra","Lighting_Type":"LED-Powered Lamp","Verification_Date":null},"id":"stl-city-public-streetlights:2:154643","sourceLayerId":2,"sourceObjectId":154643,"sourceURL":"https://maps8.stlouis-mo.gov/arcgis/rest/services/STREETS/Streets_Permitting/MapServer/2","title":"Street light L047375"},"type":"Feature"},{"geometry":{"coordinates":[-90.2289244083997,38.65046585306249],"type":"Point"},"id":"stl-city-public-streetlights:2:154644","properties":{"address":null,"attributes":{"Date_Installed":null,"LED_Powered":0,"LightID":"L047376","Light_Source":"LED","Light_Type":"Cobra","Lighting_Type":"LED-Powered Lamp","Verification_Date":null},"id":"stl-city-public-streetlights:2:154644","sourceLayerId":2,"sourceObjectId":154644,"sourceURL":"https://maps8.stlouis-mo.gov/arcgis/rest/services/STREETS/Streets_Permitting/MapServer/2","title":"Street light L047376"},"type":"Feature"},{"geometry":{"coordinates":[-90.2285553996754,38.65030481874306],"type":"Point"},"id":"stl-city-public-streetlights:2:154645","properties":{"address":null,"attributes":{"Date_Installed":null,"LED_Powered":0,"LightID":"L047377","Light_Source":"LED","Light_Type":"Cobra","Lighting_Type":"LED-Powered Lamp","Verification_Date":null},"id":"stl-city-public-streetlights:2:154645","sourceLayerId":2,"sourceObjectId":154645,"sourceURL":"https://maps8.stlouis-mo.gov/arcgis/rest/services/STREETS/Streets_Permitting/MapServer/2","title":"Street light L047377"},"type":"Feature"},{"geometry":{"coordinates":[-90.22818884625131,38.65013806922859],"type":"Point"},"id":"stl-city-public-streetlights:2:154646","properties":{"address":null,"attributes":{"Date_Installed":null,"LED_Powered":0,"LightID":"L047378","Light_Source":"LED","Light_Type":"Cobra","Lighting_Type":"LED-Powered Lamp","Verification_Date":null},"id":"stl-city-public-streetlights:2:154646","sourceLayerId":2,"sourceObjectId":154646,"sourceURL":"https://maps8.stlouis-mo.gov/arcgis/rest/services/STREETS/Streets_Permitting/MapServer/2","title":"Street light L047378"},"type":"Feature"},{"geometry":{"coordinates":[-90.2247150217458,38.65185825587012],"type":"Point"},"id":"stl-city-public-streetlights:2:154657","properties":{"address":null,"attributes":{"Date_Installed":null,"LED_Powered":0,"LightID":"L047389","Light_Source":"LED","Light_Type":"Cobra","Lighting_Type":"LED-Powered Lamp","Verification_Date":null},"id":"stl-city-public-streetlights:2:154657","sourceLayerId":2,"sourceObjectId":154657,"sourceURL":"https://maps8.stlouis-mo.gov/arcgis/rest/services/STREETS/Streets_Permitting/MapServer/2","title":"Street light L047389"},"type":"Feature"},{"geometry":{"coordinates":[-90.22448734892232,38.65217616901814],"type":"Point"},"id":"stl-city-public-streetlights:2:154658","properties":{"address":null,"attributes":{"Date_Installed":null,"LED_Powered":0,"LightID":"L047390","Light_Source":"LED","Light_Type":"Cobra","Lighting_Type":"LED-Powered Lamp","Verification_Date":null},"id":"stl-city-public-streetlights:2:154658","sourceLayerId":2,"sourceObjectId":154658,"sourceURL":"https://maps8.stlouis-mo.gov/arcgis/rest/services/STREETS/Streets_Permitting/MapServer/2","title":"Street light L047390"},"type":"Feature"},{"geometry":{"coordinates":[-90.22427471195459,38.652472379643314],"type":"Point"},"id":"stl-city-public-streetlights:2:154659","properties":{"address":null,"attributes":{"Date_Installed":null,"LED_Powered":0,"LightID":"L047391","Light_Source":"LED","Light_Type":"Cobra","Lighting_Type":"LED-Powered Lamp","Verification_Date":null},"id":"stl-city-public-streetlights:2:154659","sourceLayerId":2,"sourceObjectId":154659,"sourceURL":"https://maps8.stlouis-mo.gov/arcgis/rest/services/STREETS/Streets_Permitting/MapServer/2","title":"Street light L047391"},"type":"Feature"},{"geometry":{"coordinates":[-90.22405109798004,38.65278510425403],"type":"Point"},"id":"stl-city-public-streetlights:2:154660","properties":{"address":null,"attributes":{"Date_Installed":null,"LED_Powered":0,"LightID":"L047392","Light_Source":"LED","Light_Type":"Cobra","Lighting_Type":"LED-Powered Lamp","Verification_Date":null},"id":"stl-city-public-streetlights:2:154660","sourceLayerId":2,"sourceObjectId":154660,"sourceURL":"https://maps8.stlouis-mo.gov/arcgis/rest/services/STREETS/Streets_Permitting/MapServer/2","title":"Street light L047392"},"type":"Feature"},{"geometry":{"coordinates":[-90.22386301431172,38.65304304378244],"type":"Point"},"id":"stl-city-public-streetlights:2:154661","properties":{"address":null,"attributes":{"Date_Installed":null,"LED_Powered":0,"LightID":"L047393","Light_Source":"LED","Light_Type":"Cobra","Lighting_Type":"LED-Powered Lamp","Verification_Date":null},"id":"stl-city-public-streetlights:2:154661","sourceLayerId":2,"sourceObjectId":154661,"sourceURL":"https://maps8.stlouis-mo.gov/arcgis/rest/services/STREETS/Streets_Permitting/MapServer/2","title":"Street light L047393"},"type":"Feature"},{"geometry":{"coordinates":[-90.22366006998429,38.653331435701425],"type":"Point"},"id":"stl-city-public-streetlights:2:154662","properties":{"address":null,"attributes":{"Date_Installed":null,"LED_Powered":0,"LightID":"L047394","Light_Source":"LED","Light_Type":"Cobra","Lighting_Type":"LED-Powered Lamp","Verification_Date":null},"id":"stl-city-public-streetlights:2:154662","sourceLayerId":2,"sourceObjectId":154662,"sourceURL":"https://maps8.stlouis-mo.gov/arcgis/rest/services/STREETS/Streets_Permitting/MapServer/2","title":"Street light L047394"},"type":"Feature"},{"geometry":{"coordinates":[-90.22346585789273,38.653593799655965],"type":"Point"},"id":"stl-city-public-streetlights:2:154663","properties":{"address":null,"attributes":{"Date_Installed":null,"LED_Powered":0,"LightID":"L047395","Light_Source":"LED","Light_Type":"Cobra","Lighting_Type":"LED-Powered Lamp","Verification_Date":null},"id":"stl-city-public-streetlights:2:154663","sourceLayerId":2,"sourceObjectId":154663,"sourceURL":"https://maps8.stlouis-mo.gov/arcgis/rest/services/STREETS/Streets_Permitting/MapServer/2","title":"Street light L047395"},"type":"Feature"},{"geometry":{"coordinates":[-90.22324295862585,38.65389989291518],"type":"Point"},"id":"stl-city-public-streetlights:2:154664","properties":{"address":null,"attributes":{"Date_Installed":null,"LED_Powered":0,"LightID":"L047396","Light_Source":"LED","Light_Type":"Cobra","Lighting_Type":"LED-Powered Lamp","Verification_Date":null},"id":"stl-city-public-streetlights:2:154664","sourceLayerId":2,"sourceObjectId":154664,"sourceURL":"https://maps8.stlouis-mo.gov/arcgis/rest/services/STREETS/Streets_Permitting/MapServer/2","title":"Street light L047396"},"type":"Feature"},{"geometry":{"coordinates":[-90.22302386662705,38.65421298652677],"type":"Point"},"id":"stl-city-public-streetlights:2:154665","properties":{"address":null,"attributes":{"Date_Installed":null,"LED_Powered":0,"LightID":"L047397","Light_Source":"LED","Light_Type":"Cobra","Lighting_Type":"LED-Powered Lamp","Verification_Date":null},"id":"stl-city-public-streetlights:2:154665","sourceLayerId":2,"sourceObjectId":154665,"sourceURL":"https://maps8.stlouis-mo.gov/arcgis/rest/services/STREETS/Streets_Permitting/MapServer/2","title":"Street light L047397"},"type":"Feature"},{"geometry":{"coordinates":[-90.22281296163791,38.654514250648205],"type":"Point"},"id":"stl-city-public-streetlights:2:154666","properties":{"address":null,"attributes":{"Date_Installed":null,"LED_Powered":0,"LightID":"L047398","Light_Source":"LED","Light_Type":"Cobra","Lighting_Type":"LED-Powered Lamp","Verification_Date":null},"id":"stl-city-public-streetlights:2:154666","sourceLayerId":2,"sourceObjectId":154666,"sourceURL":"https://maps8.stlouis-mo.gov/arcgis/rest/services/STREETS/Streets_Permitting/MapServer/2","title":"Street light L047398"},"type":"Feature"},{"geometry":{"coordinates":[-90.2225996069818,38.65480021781549],"type":"Point"},"id":"stl-city-public-streetlights:2:154667","properties":{"address":null,"attributes":{"Date_Installed":null,"LED_Powered":0,"LightID":"L047399","Light_Source":"LED","Light_Type":"Cobra","Lighting_Type":"LED-Powered Lamp","Verification_Date":null},"id":"stl-city-public-streetlights:2:154667","sourceLayerId":2,"sourceObjectId":154667,"sourceURL":"https://maps8.stlouis-mo.gov/arcgis/rest/services/STREETS/Streets_Permitting/MapServer/2","title":"Street light L047399"},"type":"Feature"},{"geometry":{"coordinates":[-90.22239964376432,38.65508905324856],"type":"Point"},"id":"stl-city-public-streetlights:2:154668","properties":{"address":null,"attributes":{"Date_Installed":null,"LED_Powered":0,"LightID":"L047400","Light_Source":"LED","Light_Type":"Cobra","Lighting_Type":"LED-Powered Lamp","Verification_Date":null},"id":"stl-city-public-streetlights:2:154668","sourceLayerId":2,"sourceObjectId":154668,"sourceURL":"https://maps8.stlouis-mo.gov/arcgis/rest/services/STREETS/Streets_Permitting/MapServer/2","title":"Street light L047400"},"type":"Feature"},{"geometry":{"coordinates":[-90.22218512008544,38.65538144107415],"type":"Point"},"id":"stl-city-public-streetlights:2:154669","properties":{"address":null,"attributes":{"Date_Installed":null,"LED_Powered":0,"LightID":"L047401","Light_Source":"LED","Light_Type":"Cobra","Lighting_Type":"LED-Powered Lamp","Verification_Date":null},"id":"stl-city-public-streetlights:2:154669","sourceLayerId":2,"sourceObjectId":154669,"sourceURL":"https://maps8.stlouis-mo.gov/arcgis/rest/services/STREETS/Streets_Permitting/MapServer/2","title":"Street light L047401"},"type":"Feature"},{"geometry":{"coordinates":[-90.22325529425659,38.655471699770395],"type":"Point"},"id":"stl-city-public-streetlights:2:154670","properties":{"address":null,"attributes":{"Date_Installed":null,"LED_Powered":0,"LightID":"L047402","Light_Source":"LED","Light_Type":"Cobra","Lighting_Type":"LED-Powered Lamp","Verification_Date":null},"id":"stl-city-public-streetlights:2:154670","sourceLayerId":2,"sourceObjectId":154670,"sourceURL":"https://maps8.stlouis-mo.gov/arcgis/rest/services/STREETS/Streets_Permitting/MapServer/2","title":"Street light L047402"},"type":"Feature"},{"geometry":{"coordinates":[-90.22084381889408,38.65484482492992],"type":"Point"},"id":"stl-city-public-streetlights:2:159258","properties":{"address":null,"attributes":{"Date_Installed":null,"LED_Powered":1,"LightID":"L051855","Light_Source":"LED","Light_Type":"Cobra","Lighting_Type":"LED-Powered Lamp","Verification_Date":null},"id":"stl-city-public-streetlights:2:159258","sourceLayerId":2,"sourceObjectId":159258,"sourceURL":"https://maps8.stlouis-mo.gov/arcgis/rest/services/STREETS/Streets_Permitting/MapServer/2","title":"Street light L051855"},"type":"Feature"},{"geometry":{"coordinates":[-90.22034895047386,38.65459719462911],"type":"Point"},"id":"stl-city-public-streetlights:2:159259","properties":{"address":null,"attributes":{"Date_Installed":null,"LED_Powered":1,"LightID":"L051856","Light_Source":"LED","Light_Type":"Cobra","Lighting_Type":"LED-Powered Lamp","Verification_Date":null},"id":"stl-city-public-streetlights:2:159259","sourceLayerId":2,"sourceObjectId":159259,"sourceURL":"https://maps8.stlouis-mo.gov/arcgis/rest/services/STREETS/Streets_Permitting/MapServer/2","title":"Street light L051856"},"type":"Feature"},{"geometry":{"coordinates":[-90.22034096302434,38.654406990278964],"type":"Point"},"id":"stl-city-public-streetlights:2:159261","properties":{"address":null,"attributes":{"Date_Installed":"12/23/2018","LED_Powered":1,"LightID":"L051858","Light_Source":"LED","Light_Type":"Cobra","Lighting_Type":"LED-Powered Lamp","Verification_Date":null},"id":"stl-city-public-streetlights:2:159261","sourceLayerId":2,"sourceObjectId":159261,"sourceURL":"https://maps8.stlouis-mo.gov/arcgis/rest/services/STREETS/Streets_Permitting/MapServer/2","title":"Street light L051858"},"type":"Feature"},{"geometry":{"coordinates":[-90.2205756532865,38.654089102119016],"type":"Point"},"id":"stl-city-public-streetlights:2:159262","properties":{"address":null,"attributes":{"Date_Installed":"12/23/2018","LED_Powered":1,"LightID":"L051859","Light_Source":"LED","Light_Type":"Cobra","Lighting_Type":"LED-Powered Lamp","Verification_Date":null},"id":"stl-city-public-streetlights:2:159262","sourceLayerId":2,"sourceObjectId":159262,"sourceURL":"https://maps8.stlouis-mo.gov/arcgis/rest/services/STREETS/Streets_Permitting/MapServer/2","title":"Street light L051859"},"type":"Feature"},{"geometry":{"coordinates":[-90.22079083324569,38.65378489641499],"type":"Point"},"id":"stl-city-public-streetlights:2:159263","properties":{"address":null,"attributes":{"Date_Installed":"12/23/2018","LED_Powered":1,"LightID":"L051860","Light_Source":"LED","Light_Type":"Cobra","Lighting_Type":"LED-Powered Lamp","Verification_Date":null},"id":"stl-city-public-streetlights:2:159263","sourceLayerId":2,"sourceObjectId":159263,"sourceURL":"https://maps8.stlouis-mo.gov/arcgis/rest/services/STREETS/Streets_Permitting/MapServer/2","title":"Street light L051860"},"type":"Feature"},{"geometry":{"coordinates":[-90.22100355852528,38.65348602399793],"type":"Point"},"id":"stl-city-public-streetlights:2:159264","properties":{"address":null,"attributes":{"Date_Installed":"12/23/2018","LED_Powered":1,"LightID":"L051861","Light_Source":"LED","Light_Type":"Cobra","Lighting_Type":"LED-Powered Lamp","Verification_Date":null},"id":"stl-city-public-streetlights:2:159264","sourceLayerId":2,"sourceObjectId":159264,"sourceURL":"https://maps8.stlouis-mo.gov/arcgis/rest/services/STREETS/Streets_Permitting/MapServer/2","title":"Street light L051861"},"type":"Feature"},{"geometry":{"coordinates":[-90.22121869199783,38.6531928766454],"type":"Point"},"id":"stl-city-public-streetlights:2:159265","properties":{"address":null,"attributes":{"Date_Installed":"12/23/2018","LED_Powered":1,"LightID":"L051862","Light_Source":"LED","Light_Type":"Cobra","Lighting_Type":"LED-Powered Lamp","Verification_Date":null},"id":"stl-city-public-streetlights:2:159265","sourceLayerId":2,"sourceObjectId":159265,"sourceURL":"https://maps8.stlouis-mo.gov/arcgis/rest/services/STREETS/Streets_Permitting/MapServer/2","title":"Street light L051862"},"type":"Feature"},{"geometry":{"coordinates":[-90.22143967191923,38.65288091336716],"type":"Point"},"id":"stl-city-public-streetlights:2:159266","properties":{"address":null,"attributes":{"Date_Installed":"12/23/2018","LED_Powered":1,"LightID":"L051863","Light_Source":"LED","Light_Type":"Cobra","Lighting_Type":"LED-Powered Lamp","Verification_Date":null},"id":"stl-city-public-streetlights:2:159266","sourceLayerId":2,"sourceObjectId":159266,"sourceURL":"https://maps8.stlouis-mo.gov/arcgis/rest/services/STREETS/Streets_Permitting/MapServer/2","title":"Street light L051863"},"type":"Feature"},{"geometry":{"coordinates":[-90.22164504612121,38.65259536976471],"type":"Point"},"id":"stl-city-public-streetlights:2:159267","properties":{"address":null,"attributes":{"Date_Installed":"12/23/2018","LED_Powered":1,"LightID":"L051864","Light_Source":"LED","Light_Type":"Cobra","Lighting_Type":"LED-Powered Lamp","Verification_Date":null},"id":"stl-city-public-streetlights:2:159267","sourceLayerId":2,"sourceObjectId":159267,"sourceURL":"https://maps8.stlouis-mo.gov/arcgis/rest/services/STREETS/Streets_Permitting/MapServer/2","title":"Street light L051864"},"type":"Feature"},{"geometry":{"coordinates":[-90.2218449284458,38.65231424689259],"type":"Point"},"id":"stl-city-public-streetlights:2:159268","properties":{"address":null,"attributes":{"Date_Installed":"12/23/2018","LED_Powered":1,"LightID":"L051865","Light_Source":"LED","Light_Type":"Cobra","Lighting_Type":"LED-Powered Lamp","Verification_Date":null},"id":"stl-city-public-streetlights:2:159268","sourceLayerId":2,"sourceObjectId":159268,"sourceURL":"https://maps8.stlouis-mo.gov/arcgis/rest/services/STREETS/Streets_Permitting/MapServer/2","title":"Street light L051865"},"type":"Feature"},{"geometry":{"coordinates":[-90.22203197867582,38.65205011182798],"type":"Point"},"id":"stl-city-public-streetlights:2:159269","properties":{"address":null,"attributes":{"Date_Installed":"12/23/2018","LED_Powered":1,"LightID":"L051866","Light_Source":"LED","Light_Type":"Cobra","Lighting_Type":"LED-Powered Lamp","Verification_Date":null},"id":"stl-city-public-streetlights:2:159269","sourceLayerId":2,"sourceObjectId":159269,"sourceURL":"https://maps8.stlouis-mo.gov/arcgis/rest/services/STREETS/Streets_Permitting/MapServer/2","title":"Street light L051866"},"type":"Feature"},{"geometry":{"coordinates":[-90.2222226905041,38.651781694220446],"type":"Point"},"id":"stl-city-public-streetlights:2:159270","properties":{"address":null,"attributes":{"Date_Installed":"12/23/2018","LED_Powered":1,"LightID":"L051867","Light_Source":"LED","Light_Type":"Cobra","Lighting_Type":"LED-Powered Lamp","Verification_Date":null},"id":"stl-city-public-streetlights:2:159270","sourceLayerId":2,"sourceObjectId":159270,"sourceURL":"https://maps8.stlouis-mo.gov/arcgis/rest/services/STREETS/Streets_Permitting/MapServer/2","title":"Street light L051867"},"type":"Feature"},{"geometry":{"coordinates":[-90.2224084323076,38.651524849000566],"type":"Point"},"id":"stl-city-public-streetlights:2:159271","properties":{"address":null,"attributes":{"Date_Installed":"12/23/2018","LED_Powered":1,"LightID":"L051868","Light_Source":"LED","Light_Type":"Cobra","Lighting_Type":"LED-Powered Lamp","Verification_Date":null},"id":"stl-city-public-streetlights:2:159271","sourceLayerId":2,"sourceObjectId":159271,"sourceURL":"https://maps8.stlouis-mo.gov/arcgis/rest/services/STREETS/Streets_Permitting/MapServer/2","title":"Street light L051868"},"type":"Feature"},{"geometry":{"coordinates":[-90.22259730159374,38.65126071730726],"type":"Point"},"id":"stl-city-public-streetlights:2:159272","properties":{"address":null,"attributes":{"Date_Installed":"12/23/2018","LED_Powered":1,"LightID":"L051869","Light_Source":"LED","Light_Type":"Cobra","Lighting_Type":"LED-Powered Lamp","Verification_Date":null},"id":"stl-city-public-streetlights:2:159272","sourceLayerId":2,"sourceObjectId":159272,"sourceURL":"https://maps8.stlouis-mo.gov/arcgis/rest/services/STREETS/Streets_Permitting/MapServer/2","title":"Street light L051869"},"type":"Feature"},{"geometry":{"coordinates":[-90.22278800369456,38.650993729321854],"type":"Point"},"id":"stl-city-public-streetlights:2:159273","properties":{"address":null,"attributes":{"Date_Installed":"12/23/2018","LED_Powered":1,"LightID":"L051870","Light_Source":"LED","Light_Type":"Cobra","Lighting_Type":"LED-Powered Lamp","Verification_Date":null},"id":"stl-city-public-streetlights:2:159273","sourceLayerId":2,"sourceObjectId":159273,"sourceURL":"https://maps8.stlouis-mo.gov/arcgis/rest/services/STREETS/Streets_Permitting/MapServer/2","title":"Street light L051870"},"type":"Feature"},{"geometry":{"coordinates":[-90.22299337152752,38.65070704000465],"type":"Point"},"id":"stl-city-public-streetlights:2:159274","properties":{"address":null,"attributes":{"Date_Installed":"12/23/2018","LED_Powered":1,"LightID":"L051871","Light_Source":"LED","Light_Type":"Cobra","Lighting_Type":"LED-Powered Lamp","Verification_Date":null},"id":"stl-city-public-streetlights:2:159274","sourceLayerId":2,"sourceObjectId":159274,"sourceURL":"https://maps8.stlouis-mo.gov/arcgis/rest/services/STREETS/Streets_Permitting/MapServer/2","title":"Street light L051871"},"type":"Feature"},{"geometry":{"coordinates":[-90.22321413415501,38.65040007713492],"type":"Point"},"id":"stl-city-public-streetlights:2:159275","properties":{"address":null,"attributes":{"Date_Installed":"12/23/2018","LED_Powered":1,"LightID":"L051872","Light_Source":"LED","Light_Type":"Cobra","Lighting_Type":"LED-Powered Lamp","Verification_Date":null},"id":"stl-city-public-streetlights:2:159275","sourceLayerId":2,"sourceObjectId":159275,"sourceURL":"https://maps8.stlouis-mo.gov/arcgis/rest/services/STREETS/Streets_Permitting/MapServer/2","title":"Street light L051872"},"type":"Feature"},{"geometry":{"coordinates":[-90.22340668347395,38.65012594212383],"type":"Point"},"id":"stl-city-public-streetlights:2:159276","properties":{"address":null,"attributes":{"Date_Installed":"12/23/2018","LED_Powered":1,"LightID":"L051873","Light_Source":"LED","Light_Type":"Cobra","Lighting_Type":"LED-Powered Lamp","Verification_Date":null},"id":"stl-city-public-streetlights:2:159276","sourceLayerId":2,"sourceObjectId":159276,"sourceURL":"https://maps8.stlouis-mo.gov/arcgis/rest/services/STREETS/Streets_Permitting/MapServer/2","title":"Street light L051873"},"type":"Feature"},{"geometry":{"coordinates":[-90.22013137197065,38.65292246564395],"type":"Point"},"id":"stl-city-public-streetlights:2:159289","properties":{"address":null,"attributes":{"Date_Installed":"12/23/2018","LED_Powered":1,"LightID":"L051886","Light_Source":"LED","Light_Type":"Cobra","Lighting_Type":"LED-Powered Lamp","Verification_Date":null},"id":"stl-city-public-streetlights:2:159289","sourceLayerId":2,"sourceObjectId":159289,"sourceURL":"https://maps8.stlouis-mo.gov/arcgis/rest/services/STREETS/Streets_Permitting/MapServer/2","title":"Street light L051886"},"type":"Feature"},{"geometry":{"coordinates":[-90.22034408999951,38.652625500641484],"type":"Point"},"id":"stl-city-public-streetlights:2:159290","properties":{"address":null,"attributes":{"Date_Installed":"12/23/2018","LED_Powered":1,"LightID":"L051887","Light_Source":"LED","Light_Type":"Cobra","Lighting_Type":"LED-Powered Lamp","Verification_Date":null},"id":"stl-city-public-streetlights:2:159290","sourceLayerId":2,"sourceObjectId":159290,"sourceURL":"https://maps8.stlouis-mo.gov/arcgis/rest/services/STREETS/Streets_Permitting/MapServer/2","title":"Street light L051887"},"type":"Feature"},{"geometry":{"coordinates":[-90.22055772233783,38.6523275365335],"type":"Point"},"id":"stl-city-public-streetlights:2:159291","properties":{"address":null,"attributes":{"Date_Installed":"12/23/2018","LED_Powered":1,"LightID":"L051888","Light_Source":"LED","Light_Type":"Cobra","Lighting_Type":"LED-Powered Lamp","Verification_Date":null},"id":"stl-city-public-streetlights:2:159291","sourceLayerId":2,"sourceObjectId":159291,"sourceURL":"https://maps8.stlouis-mo.gov/arcgis/rest/services/STREETS/Streets_Permitting/MapServer/2","title":"Street light L051888"},"type":"Feature"},{"geometry":{"coordinates":[-90.22082356025584,38.65197063086739],"type":"Point"},"id":"stl-city-public-streetlights:2:159292","properties":{"address":null,"attributes":{"Date_Installed":"12/23/2018","LED_Powered":1,"LightID":"L051889","Light_Source":"LED","Light_Type":"Cobra","Lighting_Type":"LED-Powered Lamp","Verification_Date":null},"id":"stl-city-public-streetlights:2:159292","sourceLayerId":2,"sourceObjectId":159292,"sourceURL":"https://maps8.stlouis-mo.gov/arcgis/rest/services/STREETS/Streets_Permitting/MapServer/2","title":"Street light L051889"},"type":"Feature"},{"geometry":{"coordinates":[-90.22103213013419,38.651683666215135],"type":"Point"},"id":"stl-city-public-streetlights:2:159293","properties":{"address":null,"attributes":{"Date_Installed":"12/23/2018","LED_Powered":1,"LightID":"L051890","Light_Source":"LED","Light_Type":"Cobra","Lighting_Type":"LED-Powered Lamp","Verification_Date":null},"id":"stl-city-public-streetlights:2:159293","sourceLayerId":2,"sourceObjectId":159293,"sourceURL":"https://maps8.stlouis-mo.gov/arcgis/rest/services/STREETS/Streets_Permitting/MapServer/2","title":"Street light L051890"},"type":"Feature"},{"geometry":{"coordinates":[-90.22122775688307,38.6514028675334],"type":"Point"},"id":"stl-city-public-streetlights:2:159294","properties":{"address":null,"attributes":{"Date_Installed":"12/23/2018","LED_Powered":1,"LightID":"L051891","Light_Source":"LED","Light_Type":"Cobra","Lighting_Type":"LED-Powered Lamp","Verification_Date":null},"id":"stl-city-public-streetlights:2:159294","sourceLayerId":2,"sourceObjectId":159294,"sourceURL":"https://maps8.stlouis-mo.gov/arcgis/rest/services/STREETS/Streets_Permitting/MapServer/2","title":"Street light L051891"},"type":"Feature"},{"geometry":{"coordinates":[-90.22142641266166,38.65112445946926],"type":"Point"},"id":"stl-city-public-streetlights:2:159295","properties":{"address":null,"attributes":{"Date_Installed":"12/23/2018","LED_Powered":1,"LightID":"L051892","Light_Source":"LED","Light_Type":"Cobra","Lighting_Type":"LED-Powered Lamp","Verification_Date":null},"id":"stl-city-public-streetlights:2:159295","sourceLayerId":2,"sourceObjectId":159295,"sourceURL":"https://maps8.stlouis-mo.gov/arcgis/rest/services/STREETS/Streets_Permitting/MapServer/2","title":"Street light L051892"},"type":"Feature"},{"geometry":{"coordinates":[-90.22158385664811,38.650891002737694],"type":"Point"},"id":"stl-city-public-streetlights:2:159296","properties":{"address":null,"attributes":{"Date_Installed":"12/23/2018","LED_Powered":1,"LightID":"L051893","Light_Source":"LED","Light_Type":"Cobra","Lighting_Type":"LED-Powered Lamp","Verification_Date":null},"id":"stl-city-public-streetlights:2:159296","sourceLayerId":2,"sourceObjectId":159296,"sourceURL":"https://maps8.stlouis-mo.gov/arcgis/rest/services/STREETS/Streets_Permitting/MapServer/2","title":"Street light L051893"},"type":"Feature"},{"geometry":{"coordinates":[-90.2218258027336,38.650578849757316],"type":"Point"},"id":"stl-city-public-streetlights:2:159297","properties":{"address":null,"attributes":{"Date_Installed":"12/23/2018","LED_Powered":1,"LightID":"L051894","Light_Source":"LED","Light_Type":"Cobra","Lighting_Type":"LED-Powered Lamp","Verification_Date":null},"id":"stl-city-public-streetlights:2:159297","sourceLayerId":2,"sourceObjectId":159297,"sourceURL":"https://maps8.stlouis-mo.gov/arcgis/rest/services/STREETS/Streets_Permitting/MapServer/2","title":"Street light L051894"},"type":"Feature"},{"geometry":{"coordinates":[-90.22202662208494,38.65028964773911],"type":"Point"},"id":"stl-city-public-streetlights:2:159298","properties":{"address":null,"attributes":{"Date_Installed":"12/23/2018","LED_Powered":1,"LightID":"L051895","Light_Source":"LED","Light_Type":"Cobra","Lighting_Type":"LED-Powered Lamp","Verification_Date":null},"id":"stl-city-public-streetlights:2:159298","sourceLayerId":2,"sourceObjectId":159298,"sourceURL":"https://maps8.stlouis-mo.gov/arcgis/rest/services/STREETS/Streets_Permitting/MapServer/2","title":"Street light L051895"},"type":"Feature"},{"geometry":{"coordinates":[-90.22222887749967,38.65002173493362],"type":"Point"},"id":"stl-city-public-streetlights:2:159299","properties":{"address":null,"attributes":{"Date_Installed":"12/23/2018","LED_Powered":1,"LightID":"L051896","Light_Source":"LED","Light_Type":"Cobra","Lighting_Type":"LED-Powered Lamp","Verification_Date":null},"id":"stl-city-public-streetlights:2:159299","sourceLayerId":2,"sourceObjectId":159299,"sourceURL":"https://maps8.stlouis-mo.gov/arcgis/rest/services/STREETS/Streets_Permitting/MapServer/2","title":"Street light L051896"},"type":"Feature"},{"geometry":{"coordinates":[-90.22085660293173,38.6501580069152],"type":"Point"},"id":"stl-city-public-streetlights:2:159316","properties":{"address":null,"attributes":{"Date_Installed":"12/23/2018","LED_Powered":1,"LightID":"L051913","Light_Source":"LED","Light_Type":"Cobra","Lighting_Type":"LED-Powered Lamp","Verification_Date":null},"id":"stl-city-public-streetlights:2:159316","sourceLayerId":2,"sourceObjectId":159316,"sourceURL":"https://maps8.stlouis-mo.gov/arcgis/rest/services/STREETS/Streets_Permitting/MapServer/2","title":"Street light L051913"},"type":"Feature"},{"geometry":{"coordinates":[-90.22065583044592,38.650434025256445],"type":"Point"},"id":"stl-city-public-streetlights:2:159317","properties":{"address":null,"attributes":{"Date_Installed":"12/23/2018","LED_Powered":1,"LightID":"L051914","Light_Source":"LED","Light_Type":"Cobra","Lighting_Type":"LED-Powered Lamp","Verification_Date":null},"id":"stl-city-public-streetlights:2:159317","sourceLayerId":2,"sourceObjectId":159317,"sourceURL":"https://maps8.stlouis-mo.gov/arcgis/rest/services/STREETS/Streets_Permitting/MapServer/2","title":"Street light L051914"},"type":"Feature"},{"geometry":{"coordinates":[-90.22045161494637,38.6507350625554],"type":"Point"},"id":"stl-city-public-streetlights:2:159318","properties":{"address":null,"attributes":{"Date_Installed":"12/23/2018","LED_Powered":1,"LightID":"L051915","Light_Source":"LED","Light_Type":"Cobra","Lighting_Type":"LED-Powered Lamp","Verification_Date":null},"id":"stl-city-public-streetlights:2:159318","sourceLayerId":2,"sourceObjectId":159318,"sourceURL":"https://maps8.stlouis-mo.gov/arcgis/rest/services/STREETS/Streets_Permitting/MapServer/2","title":"Street light L051915"},"type":"Feature"},{"geometry":{"coordinates":[-90.22025908241017,38.651001565786615],"type":"Point"},"id":"stl-city-public-streetlights:2:159319","properties":{"address":null,"attributes":{"Date_Installed":"12/23/2018","LED_Powered":1,"LightID":"L051916","Light_Source":"LED","Light_Type":"Cobra","Lighting_Type":"LED-Powered Lamp","Verification_Date":null},"id":"stl-city-public-streetlights:2:159319","sourceLayerId":2,"sourceObjectId":159319,"sourceURL":"https://maps8.stlouis-mo.gov/arcgis/rest/services/STREETS/Streets_Permitting/MapServer/2","title":"Street light L051916"},"type":"Feature"},{"geometry":{"coordinates":[-90.22007880502554,38.65124307046969],"type":"Point"},"id":"stl-city-public-streetlights:2:159320","properties":{"address":null,"attributes":{"Date_Installed":"12/23/2018","LED_Powered":1,"LightID":"L051917","Light_Source":"LED","Light_Type":"Cobra","Lighting_Type":"LED-Powered Lamp","Verification_Date":null},"id":"stl-city-public-streetlights:2:159320","sourceLayerId":2,"sourceObjectId":159320,"sourceURL":"https://maps8.stlouis-mo.gov/arcgis/rest/services/STREETS/Streets_Permitting/MapServer/2","title":"Street light L051917"},"type":"Feature"},{"geometry":{"coordinates":[-90.22006254860335,38.6515147625145],"type":"Point"},"id":"stl-city-public-streetlights:2:159321","properties":{"address":null,"attributes":{"Date_Installed":"12/23/2018","LED_Powered":1,"LightID":"L051918","Light_Source":"LED","Light_Type":"Cobra","Lighting_Type":"LED-Powered Lamp","Verification_Date":null},"id":"stl-city-public-streetlights:2:159321","sourceLayerId":2,"sourceObjectId":159321,"sourceURL":"https://maps8.stlouis-mo.gov/arcgis/rest/services/STREETS/Streets_Permitting/MapServer/2","title":"Street light L051918"},"type":"Feature"},{"geometry":{"coordinates":[-90.22007349275613,38.65182703972871],"type":"Point"},"id":"stl-city-public-streetlights:2:159322","properties":{"address":null,"attributes":{"Date_Installed":"12/23/2018","LED_Powered":1,"LightID":"L051919","Light_Source":"LED","Light_Type":"Cobra","Lighting_Type":"LED-Powered Lamp","Verification_Date":null},"id":"stl-city-public-streetlights:2:159322","sourceLayerId":2,"sourceObjectId":159322,"sourceURL":"https://maps8.stlouis-mo.gov/arcgis/rest/services/STREETS/Streets_Permitting/MapServer/2","title":"Street light L051919"},"type":"Feature"},{"geometry":{"coordinates":[-90.22006528558877,38.65208087380774],"type":"Point"},"id":"stl-city-public-streetlights:2:159323","properties":{"address":null,"attributes":{"Date_Installed":"12/23/2018","LED_Powered":1,"LightID":"L051920","Light_Source":"LED","Light_Type":"Cobra","Lighting_Type":"LED-Powered Lamp","Verification_Date":null},"id":"stl-city-public-streetlights:2:159323","sourceLayerId":2,"sourceObjectId":159323,"sourceURL":"https://maps8.stlouis-mo.gov/arcgis/rest/services/STREETS/Streets_Permitting/MapServer/2","title":"Street light L051920"},"type":"Feature"},{"geometry":{"coordinates":[-90.22004846860355,38.652373142527516],"type":"Point"},"id":"stl-city-public-streetlights:2:159324","properties":{"address":null,"attributes":{"Date_Installed":"12/23/2018","LED_Powered":1,"LightID":"L051921","Light_Source":"LED","Light_Type":"Cobra","Lighting_Type":"LED-Powered Lamp","Verification_Date":null},"id":"stl-city-public-streetlights:2:159324","sourceLayerId":2,"sourceObjectId":159324,"sourceURL":"https://maps8.stlouis-mo.gov/arcgis/rest/services/STREETS/Streets_Permitting/MapServer/2","title":"Street light L051921"},"type":"Feature"},{"geometry":{"coordinates":[-90.22003004344737,38.65273349910864],"type":"Point"},"id":"stl-city-public-streetlights:2:159325","properties":{"address":null,"attributes":{"Date_Installed":"12/23/2018","LED_Powered":1,"LightID":"L051922","Light_Source":"LED","Light_Type":"Cobra","Lighting_Type":"LED-Powered Lamp","Verification_Date":null},"id":"stl-city-public-streetlights:2:159325","sourceLayerId":2,"sourceObjectId":159325,"sourceURL":"https://maps8.stlouis-mo.gov/arcgis/rest/services/STREETS/Streets_Permitting/MapServer/2","title":"Street light L051922"},"type":"Feature"},{"geometry":{"coordinates":[-90.2200624765806,38.6500852166765],"type":"Point"},"id":"stl-city-public-streetlights:2:159327","properties":{"address":null,"attributes":{"Date_Installed":"12/23/2018","LED_Powered":1,"LightID":"L051924","Light_Source":"LED","Light_Type":"Cobra","Lighting_Type":"LED-Powered Lamp","Verification_Date":null},"id":"stl-city-public-streetlights:2:159327","sourceLayerId":2,"sourceObjectId":159327,"sourceURL":"https://maps8.stlouis-mo.gov/arcgis/rest/services/STREETS/Streets_Permitting/MapServer/2","title":"Street light L051924"},"type":"Feature"},{"geometry":{"coordinates":[-90.2200574999284,38.65042677524171],"type":"Point"},"id":"stl-city-public-streetlights:2:159328","properties":{"address":null,"attributes":{"Date_Installed":"12/23/2018","LED_Powered":1,"LightID":"L051925","Light_Source":"LED","Light_Type":"Cobra","Lighting_Type":"LED-Powered Lamp","Verification_Date":null},"id":"stl-city-public-streetlights:2:159328","sourceLayerId":2,"sourceObjectId":159328,"sourceURL":"https://maps8.stlouis-mo.gov/arcgis/rest/services/STREETS/Streets_Permitting/MapServer/2","title":"Street light L051925"},"type":"Feature"},{"geometry":{"coordinates":[-90.22006343141096,38.65077717867387],"type":"Point"},"id":"stl-city-public-streetlights:2:159329","properties":{"address":null,"attributes":{"Date_Installed":"12/23/2018","LED_Powered":1,"LightID":"L051926","Light_Source":"LED","Light_Type":"Cobra","Lighting_Type":"LED-Powered Lamp","Verification_Date":null},"id":"stl-city-public-streetlights:2:159329","sourceLayerId":2,"sourceObjectId":159329,"sourceURL":"https://maps8.stlouis-mo.gov/arcgis/rest/services/STREETS/Streets_Permitting/MapServer/2","title":"Street light L051926"},"type":"Feature"},{"geometry":{"coordinates":[-90.22014714514891,38.652115015085684],"type":"Point"},"id":"stl-city-public-streetlights:2:159358","properties":{"address":null,"attributes":{"Date_Installed":"12/23/2018","LED_Powered":1,"LightID":"L051955","Light_Source":"LED","Light_Type":"Cobra","Lighting_Type":"LED-Powered Lamp","Verification_Date":null},"id":"stl-city-public-streetlights:2:159358","sourceLayerId":2,"sourceObjectId":159358,"sourceURL":"https://maps8.stlouis-mo.gov/arcgis/rest/services/STREETS/Streets_Permitting/MapServer/2","title":"Street light L051955"},"type":"Feature"},{"geometry":{"coordinates":[-90.22052787011748,38.65211354061916],"type":"Point"},"id":"stl-city-public-streetlights:2:159359","properties":{"address":null,"attributes":{"Date_Installed":"12/23/2018","LED_Powered":1,"LightID":"L051956","Light_Source":"LED","Light_Type":"Cobra","Lighting_Type":"LED-Powered Lamp","Verification_Date":null},"id":"stl-city-public-streetlights:2:159359","sourceLayerId":2,"sourceObjectId":159359,"sourceURL":"https://maps8.stlouis-mo.gov/arcgis/rest/services/STREETS/Streets_Permitting/MapServer/2","title":"Street light L051956"},"type":"Feature"},{"geometry":{"coordinates":[-90.2208280359569,38.652114257337786],"type":"Point"},"id":"stl-city-public-streetlights:2:159360","properties":{"address":null,"attributes":{"Date_Installed":"12/23/2018","LED_Powered":1,"LightID":"L051957","Light_Source":"LED","Light_Type":"Cobra","Lighting_Type":"LED-Powered Lamp","Verification_Date":null},"id":"stl-city-public-streetlights:2:159360","sourceLayerId":2,"sourceObjectId":159360,"sourceURL":"https://maps8.stlouis-mo.gov/arcgis/rest/services/STREETS/Streets_Permitting/MapServer/2","title":"Street light L051957"},"type":"Feature"},{"geometry":{"coordinates":[-90.22118571269657,38.652177680571384],"type":"Point"},"id":"stl-city-public-streetlights:2:159361","properties":{"address":null,"attributes":{"Date_Installed":"12/23/2018","LED_Powered":1,"LightID":"L051958","Light_Source":"LED","Light_Type":"Cobra","Lighting_Type":"LED-Powered Lamp","Verification_Date":null},"id":"stl-city-public-streetlights:2:159361","sourceLayerId":2,"sourceObjectId":159361,"sourceURL":"https://maps8.stlouis-mo.gov/arcgis/rest/services/STREETS/Streets_Permitting/MapServer/2","title":"Street light L051958"},"type":"Feature"},{"geometry":{"coordinates":[-90.22155130965143,38.65233861013849],"type":"Point"},"id":"stl-city-public-streetlights:2:159362","properties":{"address":null,"attributes":{"Date_Installed":"12/23/2018","LED_Powered":1,"LightID":"L051959","Light_Source":"LED","Light_Type":"Cobra","Lighting_Type":"LED-Powered Lamp","Verification_Date":null},"id":"stl-city-public-streetlights:2:159362","sourceLayerId":2,"sourceObjectId":159362,"sourceURL":"https://maps8.stlouis-mo.gov/arcgis/rest/services/STREETS/Streets_Permitting/MapServer/2","title":"Street light L051959"},"type":"Feature"},{"geometry":{"coordinates":[-90.22190263208051,38.65248925523718],"type":"Point"},"id":"stl-city-public-streetlights:2:159363","properties":{"address":null,"attributes":{"Date_Installed":"12/23/2018","LED_Powered":1,"LightID":"L051960","Light_Source":"LED","Light_Type":"Cobra","Lighting_Type":"LED-Powered Lamp","Verification_Date":null},"id":"stl-city-public-streetlights:2:159363","sourceLayerId":2,"sourceObjectId":159363,"sourceURL":"https://maps8.stlouis-mo.gov/arcgis/rest/services/STREETS/Streets_Permitting/MapServer/2","title":"Street light L051960"},"type":"Feature"},{"geometry":{"coordinates":[-90.22225160910892,38.65264132341765],"type":"Point"},"id":"stl-city-public-streetlights:2:159364","properties":{"address":null,"attributes":{"Date_Installed":"12/23/2018","LED_Powered":1,"LightID":"L051961","Light_Source":"LED","Light_Type":"Cobra","Lighting_Type":"LED-Powered Lamp","Verification_Date":null},"id":"stl-city-public-streetlights:2:159364","sourceLayerId":2,"sourceObjectId":159364,"sourceURL":"https://maps8.stlouis-mo.gov/arcgis/rest/services/STREETS/Streets_Permitting/MapServer/2","title":"Street light L051961"},"type":"Feature"},{"geometry":{"coordinates":[-90.22111661490874,38.65011164759464],"type":"Point"},"id":"stl-city-public-streetlights:2:159371","properties":{"address":null,"attributes":{"Date_Installed":"12/23/2018","LED_Powered":1,"LightID":"L051968","Light_Source":"LED","Light_Type":"Cobra","Lighting_Type":"LED-Powered Lamp","Verification_Date":null},"id":"stl-city-public-streetlights:2:159371","sourceLayerId":2,"sourceObjectId":159371,"sourceURL":"https://maps8.stlouis-mo.gov/arcgis/rest/services/STREETS/Streets_Permitting/MapServer/2","title":"Street light L051968"},"type":"Feature"},{"geometry":{"coordinates":[-90.22153920812272,38.65029809920527],"type":"Point"},"id":"stl-city-public-streetlights:2:159372","properties":{"address":null,"attributes":{"Date_Installed":"12/23/2018","LED_Powered":1,"LightID":"L051969","Light_Source":"LED","Light_Type":"Cobra","Lighting_Type":"LED-Powered Lamp","Verification_Date":null},"id":"stl-city-public-streetlights:2:159372","sourceLayerId":2,"sourceObjectId":159372,"sourceURL":"https://maps8.stlouis-mo.gov/arcgis/rest/services/STREETS/Streets_Permitting/MapServer/2","title":"Street light L051969"},"type":"Feature"},{"geometry":{"coordinates":[-90.2219740227097,38.650494588090105],"type":"Point"},"id":"stl-city-public-streetlights:2:159373","properties":{"address":null,"attributes":{"Date_Installed":"12/23/2018","LED_Powered":1,"LightID":"L051970","Light_Source":"LED","Light_Type":"Cobra","Lighting_Type":"LED-Powered Lamp","Verification_Date":null},"id":"stl-city-public-streetlights:2:159373","sourceLayerId":2,"sourceObjectId":159373,"sourceURL":"https://maps8.stlouis-mo.gov/arcgis/rest/services/STREETS/Streets_Permitting/MapServer/2","title":"Street light L051970"},"type":"Feature"},{"geometry":{"coordinates":[-90.22236850587785,38.65066714487371],"type":"Point"},"id":"stl-city-public-streetlights:2:159374","properties":{"address":null,"attributes":{"Date_Installed":"12/23/2018","LED_Powered":1,"LightID":"L051971","Light_Source":"LED","Light_Type":"Cobra","Lighting_Type":"LED-Powered Lamp","Verification_Date":null},"id":"stl-city-public-streetlights:2:159374","sourceLayerId":2,"sourceObjectId":159374,"sourceURL":"https://maps8.stlouis-mo.gov/arcgis/rest/services/STREETS/Streets_Permitting/MapServer/2","title":"Street light L051971"},"type":"Feature"},{"geometry":{"coordinates":[-90.22269014186985,38.65081330734146],"type":"Point"},"id":"stl-city-public-streetlights:2:159375","properties":{"address":null,"attributes":{"Date_Installed":"12/23/2018","LED_Powered":1,"LightID":"L051972","Light_Source":"LED","Light_Type":"Cobra","Lighting_Type":"LED-Powered Lamp","Verification_Date":null},"id":"stl-city-public-streetlights:2:159375","sourceLayerId":2,"sourceObjectId":159375,"sourceURL":"https://maps8.stlouis-mo.gov/arcgis/rest/services/STREETS/Streets_Permitting/MapServer/2","title":"Street light L051972"},"type":"Feature"},{"geometry":{"coordinates":[-90.22313318025063,38.65100742855685],"type":"Point"},"id":"stl-city-public-streetlights:2:159376","properties":{"address":null,"attributes":{"Date_Installed":"12/23/2018","LED_Powered":1,"LightID":"L051973","Light_Source":"LED","Light_Type":"Cobra","Lighting_Type":"LED-Powered Lamp","Verification_Date":null},"id":"stl-city-public-streetlights:2:159376","sourceLayerId":2,"sourceObjectId":159376,"sourceURL":"https://maps8.stlouis-mo.gov/arcgis/rest/services/STREETS/Streets_Permitting/MapServer/2","title":"Street light L051973"},"type":"Feature"},{"geometry":{"coordinates":[-90.22355586744891,38.65119816221382],"type":"Point"},"id":"stl-city-public-streetlights:2:159377","properties":{"address":null,"attributes":{"Date_Installed":"12/23/2018","LED_Powered":1,"LightID":"L051974","Light_Source":"LED","Light_Type":"Cobra","Lighting_Type":"LED-Powered Lamp","Verification_Date":null},"id":"stl-city-public-streetlights:2:159377","sourceLayerId":2,"sourceObjectId":159377,"sourceURL":"https://maps8.stlouis-mo.gov/arcgis/rest/services/STREETS/Streets_Permitting/MapServer/2","title":"Street light L051974"},"type":"Feature"},{"geometry":{"coordinates":[-90.22313603681819,38.652466306510775],"type":"Point"},"id":"stl-city-public-streetlights:2:159378","properties":{"address":null,"attributes":{"Date_Installed":null,"LED_Powered":1,"LightID":"L051975","Light_Source":"LED","Light_Type":"Cobra","Lighting_Type":"LED-Powered Lamp","Verification_Date":1659312000000},"id":"stl-city-public-streetlights:2:159378","sourceLayerId":2,"sourceObjectId":159378,"sourceURL":"https://maps8.stlouis-mo.gov/arcgis/rest/services/STREETS/Streets_Permitting/MapServer/2","title":"Street light L051975"},"type":"Feature"},{"geometry":{"coordinates":[-90.22342031866074,38.65205266108599],"type":"Point"},"id":"stl-city-public-streetlights:2:159379","properties":{"address":null,"attributes":{"Date_Installed":null,"LED_Powered":1,"LightID":"L051976","Light_Source":"LED","Light_Type":"Cobra","Lighting_Type":"LED-Powered Lamp","Verification_Date":1659312000000},"id":"stl-city-public-streetlights:2:159379","sourceLayerId":2,"sourceObjectId":159379,"sourceURL":"https://maps8.stlouis-mo.gov/arcgis/rest/services/STREETS/Streets_Permitting/MapServer/2","title":"Street light L051976"},"type":"Feature"},{"geometry":{"coordinates":[-90.22369014491287,38.65160308404896],"type":"Point"},"id":"stl-city-public-streetlights:2:159380","properties":{"address":null,"attributes":{"Date_Installed":null,"LED_Powered":1,"LightID":"L051977","Light_Source":"LED","Light_Type":"Cobra","Lighting_Type":"LED-Powered Lamp","Verification_Date":1659312000000},"id":"stl-city-public-streetlights:2:159380","sourceLayerId":2,"sourceObjectId":159380,"sourceURL":"https://maps8.stlouis-mo.gov/arcgis/rest/services/STREETS/Streets_Permitting/MapServer/2","title":"Street light L051977"},"type":"Feature"},{"geometry":{"coordinates":[-90.22397557818098,38.65118853453291],"type":"Point"},"id":"stl-city-public-streetlights:2:159381","properties":{"address":null,"attributes":{"Date_Installed":null,"LED_Powered":1,"LightID":"L051978","Light_Source":"LED","Light_Type":"Cobra","Lighting_Type":"LED-Powered Lamp","Verification_Date":1659312000000},"id":"stl-city-public-streetlights:2:159381","sourceLayerId":2,"sourceObjectId":159381,"sourceURL":"https://maps8.stlouis-mo.gov/arcgis/rest/services/STREETS/Streets_Permitting/MapServer/2","title":"Street light L051978"},"type":"Feature"},{"geometry":{"coordinates":[-90.22430132501404,38.650739564512754],"type":"Point"},"id":"stl-city-public-streetlights:2:159382","properties":{"address":null,"attributes":{"Date_Installed":null,"LED_Powered":1,"LightID":"L051979","Light_Source":"LED","Light_Type":"Cobra","Lighting_Type":"LED-Powered Lamp","Verification_Date":1659312000000},"id":"stl-city-public-streetlights:2:159382","sourceLayerId":2,"sourceObjectId":159382,"sourceURL":"https://maps8.stlouis-mo.gov/arcgis/rest/services/STREETS/Streets_Permitting/MapServer/2","title":"Street light L051979"},"type":"Feature"},{"geometry":{"coordinates":[-90.22461190497977,38.650312963809384],"type":"Point"},"id":"stl-city-public-streetlights:2:159383","properties":{"address":null,"attributes":{"Date_Installed":null,"LED_Powered":1,"LightID":"L051980","Light_Source":"LED","Light_Type":"Cobra","Lighting_Type":"LED-Powered Lamp","Verification_Date":null},"id":"stl-city-public-streetlights:2:159383","sourceLayerId":2,"sourceObjectId":159383,"sourceURL":"https://maps8.stlouis-mo.gov/arcgis/rest/services/STREETS/Streets_Permitting/MapServer/2","title":"Street light L051980"},"type":"Feature"},{"geometry":{"coordinates":[-90.22459301608713,38.6500068654128],"type":"Point"},"id":"stl-city-public-streetlights:2:159432","properties":{"address":null,"attributes":{"Date_Installed":null,"LED_Powered":1,"LightID":"L052029","Light_Source":"LED","Light_Type":"Cobra","Lighting_Type":"LED-Powered Lamp","Verification_Date":null},"id":"stl-city-public-streetlights:2:159432","sourceLayerId":2,"sourceObjectId":159432,"sourceURL":"https://maps8.stlouis-mo.gov/arcgis/rest/services/STREETS/Streets_Permitting/MapServer/2","title":"Street light L052029"},"type":"Feature"},{"geometry":{"coordinates":[-90.22428964461747,38.65045636561496],"type":"Point"},"id":"stl-city-public-streetlights:2:159433","properties":{"address":null,"attributes":{"Date_Installed":null,"LED_Powered":1,"LightID":"L052030","Light_Source":"LED","Light_Type":"Cobra","Lighting_Type":"LED-Powered Lamp","Verification_Date":1659312000000},"id":"stl-city-public-streetlights:2:159433","sourceLayerId":2,"sourceObjectId":159433,"sourceURL":"https://maps8.stlouis-mo.gov/arcgis/rest/services/STREETS/Streets_Permitting/MapServer/2","title":"Street light L052030"},"type":"Feature"},{"geometry":{"coordinates":[-90.22396699622766,38.650890373796216],"type":"Point"},"id":"stl-city-public-streetlights:2:159434","properties":{"address":null,"attributes":{"Date_Installed":null,"LED_Powered":1,"LightID":"L052031","Light_Source":"LED","Light_Type":"Cobra","Lighting_Type":"LED-Powered Lamp","Verification_Date":1659312000000},"id":"stl-city-public-streetlights:2:159434","sourceLayerId":2,"sourceObjectId":159434,"sourceURL":"https://maps8.stlouis-mo.gov/arcgis/rest/services/STREETS/Streets_Permitting/MapServer/2","title":"Street light L052031"},"type":"Feature"},{"geometry":{"coordinates":[-90.22367119371346,38.651314147327604],"type":"Point"},"id":"stl-city-public-streetlights:2:159435","properties":{"address":null,"attributes":{"Date_Installed":null,"LED_Powered":1,"LightID":"L052032","Light_Source":"LED","Light_Type":"Cobra","Lighting_Type":"LED-Powered Lamp","Verification_Date":1659312000000},"id":"stl-city-public-streetlights:2:159435","sourceLayerId":2,"sourceObjectId":159435,"sourceURL":"https://maps8.stlouis-mo.gov/arcgis/rest/services/STREETS/Streets_Permitting/MapServer/2","title":"Street light L052032"},"type":"Feature"},{"geometry":{"coordinates":[-90.22337768625836,38.651756517107835],"type":"Point"},"id":"stl-city-public-streetlights:2:159436","properties":{"address":null,"attributes":{"Date_Installed":null,"LED_Powered":1,"LightID":"L052033","Light_Source":"LED","Light_Type":"Cobra","Lighting_Type":"LED-Powered Lamp","Verification_Date":1659312000000},"id":"stl-city-public-streetlights:2:159436","sourceLayerId":2,"sourceObjectId":159436,"sourceURL":"https://maps8.stlouis-mo.gov/arcgis/rest/services/STREETS/Streets_Permitting/MapServer/2","title":"Street light L052033"},"type":"Feature"},{"geometry":{"coordinates":[-90.22306599240339,38.6521848279635],"type":"Point"},"id":"stl-city-public-streetlights:2:159437","properties":{"address":null,"attributes":{"Date_Installed":null,"LED_Powered":1,"LightID":"L052034","Light_Source":"LED","Light_Type":"Cobra","Lighting_Type":"LED-Powered Lamp","Verification_Date":1659312000000},"id":"stl-city-public-streetlights:2:159437","sourceLayerId":2,"sourceObjectId":159437,"sourceURL":"https://maps8.stlouis-mo.gov/arcgis/rest/services/STREETS/Streets_Permitting/MapServer/2","title":"Street light L052034"},"type":"Feature"}],"layerId":"city-streetlights","retrievedAt":"2026-09-13T21:56:18.173251+00:00","schema":"property-infrastructure-geojson-v1","sourceId":"stl-city-public-streetlights","tileId":"-9023_3865","type":"FeatureCollection"}