{"features":[{"geometry":{"coordinates":[-90.22941772900475,38.64976585253839],"type":"Point"},"id":"stl-city-public-streetlights:2:135060","properties":{"address":null,"attributes":{"Date_Installed":null,"LED_Powered":0,"LightID":"L027776","Light_Source":"LED","Light_Type":"Cobra","Lighting_Type":"LED-Powered Lamp","Verification_Date":1646092800000},"id":"stl-city-public-streetlights:2:135060","sourceLayerId":2,"sourceObjectId":135060,"sourceURL":"https://maps8.stlouis-mo.gov/arcgis/rest/services/STREETS/Streets_Permitting/MapServer/2","title":"Street light L027776"},"type":"Feature"},{"geometry":{"coordinates":[-90.22911843078968,38.64941768399431],"type":"Point"},"id":"stl-city-public-streetlights:2:135061","properties":{"address":null,"attributes":{"Date_Installed":null,"LED_Powered":1,"LightID":"L027777","Light_Source":"LED","Light_Type":"Cobra","Lighting_Type":"LED-Powered Lamp","Verification_Date":1646092800000},"id":"stl-city-public-streetlights:2:135061","sourceLayerId":2,"sourceObjectId":135061,"sourceURL":"https://maps8.stlouis-mo.gov/arcgis/rest/services/STREETS/Streets_Permitting/MapServer/2","title":"Street light L027777"},"type":"Feature"},{"geometry":{"coordinates":[-90.22878391160225,38.64902665347221],"type":"Point"},"id":"stl-city-public-streetlights:2:135062","properties":{"address":null,"attributes":{"Date_Installed":null,"LED_Powered":0,"LightID":"L027778","Light_Source":"LED","Light_Type":"Cobra","Lighting_Type":"LED-Powered Lamp","Verification_Date":null},"id":"stl-city-public-streetlights:2:135062","sourceLayerId":2,"sourceObjectId":135062,"sourceURL":"https://maps8.stlouis-mo.gov/arcgis/rest/services/STREETS/Streets_Permitting/MapServer/2","title":"Street light L027778"},"type":"Feature"},{"geometry":{"coordinates":[-90.22840254604837,38.64859843629183],"type":"Point"},"id":"stl-city-public-streetlights:2:135063","properties":{"address":null,"attributes":{"Date_Installed":null,"LED_Powered":0,"LightID":"L027779","Light_Source":"LED","Light_Type":"Cobra","Lighting_Type":"LED-Powered Lamp","Verification_Date":null},"id":"stl-city-public-streetlights:2:135063","sourceLayerId":2,"sourceObjectId":135063,"sourceURL":"https://maps8.stlouis-mo.gov/arcgis/rest/services/STREETS/Streets_Permitting/MapServer/2","title":"Street light L027779"},"type":"Feature"},{"geometry":{"coordinates":[-90.22804688526504,38.64819799881443],"type":"Point"},"id":"stl-city-public-streetlights:2:135064","properties":{"address":null,"attributes":{"Date_Installed":null,"LED_Powered":0,"LightID":"L027780","Light_Source":"LED","Light_Type":"Cobra","Lighting_Type":"LED-Powered Lamp","Verification_Date":null},"id":"stl-city-public-streetlights:2:135064","sourceLayerId":2,"sourceObjectId":135064,"sourceURL":"https://maps8.stlouis-mo.gov/arcgis/rest/services/STREETS/Streets_Permitting/MapServer/2","title":"Street light L027780"},"type":"Feature"},{"geometry":{"coordinates":[-90.22769068094358,38.64779713014579],"type":"Point"},"id":"stl-city-public-streetlights:2:135065","properties":{"address":null,"attributes":{"Date_Installed":null,"LED_Powered":0,"LightID":"L027781","Light_Source":"LED","Light_Type":"Cobra","Lighting_Type":"LED-Powered Lamp","Verification_Date":null},"id":"stl-city-public-streetlights:2:135065","sourceLayerId":2,"sourceObjectId":135065,"sourceURL":"https://maps8.stlouis-mo.gov/arcgis/rest/services/STREETS/Streets_Permitting/MapServer/2","title":"Street light L027781"},"type":"Feature"},{"geometry":{"coordinates":[-90.2273456759808,38.64740217377417],"type":"Point"},"id":"stl-city-public-streetlights:2:135066","properties":{"address":null,"attributes":{"Date_Installed":null,"LED_Powered":0,"LightID":"L027782","Light_Source":"LED","Light_Type":"Cobra","Lighting_Type":"LED-Powered Lamp","Verification_Date":null},"id":"stl-city-public-streetlights:2:135066","sourceLayerId":2,"sourceObjectId":135066,"sourceURL":"https://maps8.stlouis-mo.gov/arcgis/rest/services/STREETS/Streets_Permitting/MapServer/2","title":"Street light L027782"},"type":"Feature"},{"geometry":{"coordinates":[-90.22699530331447,38.647012924474744],"type":"Point"},"id":"stl-city-public-streetlights:2:135067","properties":{"address":null,"attributes":{"Date_Installed":null,"LED_Powered":0,"LightID":"L027783","Light_Source":"LED","Light_Type":"Cobra","Lighting_Type":"LED-Powered Lamp","Verification_Date":null},"id":"stl-city-public-streetlights:2:135067","sourceLayerId":2,"sourceObjectId":135067,"sourceURL":"https://maps8.stlouis-mo.gov/arcgis/rest/services/STREETS/Streets_Permitting/MapServer/2","title":"Street light L027783"},"type":"Feature"},{"geometry":{"coordinates":[-90.22733676147942,38.64710753927416],"type":"Point"},"id":"stl-city-public-streetlights:2:135068","properties":{"address":null,"attributes":{"Date_Installed":null,"LED_Powered":0,"LightID":"L027784","Light_Source":"LED","Light_Type":"Cobra","Lighting_Type":"LED-Powered Lamp","Verification_Date":null},"id":"stl-city-public-streetlights:2:135068","sourceLayerId":2,"sourceObjectId":135068,"sourceURL":"https://maps8.stlouis-mo.gov/arcgis/rest/services/STREETS/Streets_Permitting/MapServer/2","title":"Street light L027784"},"type":"Feature"},{"geometry":{"coordinates":[-90.22769178304475,38.64750595138841],"type":"Point"},"id":"stl-city-public-streetlights:2:135069","properties":{"address":null,"attributes":{"Date_Installed":null,"LED_Powered":0,"LightID":"L027785","Light_Source":"LED","Light_Type":"Cobra","Lighting_Type":"LED-Powered Lamp","Verification_Date":null},"id":"stl-city-public-streetlights:2:135069","sourceLayerId":2,"sourceObjectId":135069,"sourceURL":"https://maps8.stlouis-mo.gov/arcgis/rest/services/STREETS/Streets_Permitting/MapServer/2","title":"Street light L027785"},"type":"Feature"},{"geometry":{"coordinates":[-90.22805207803381,38.647909523235256],"type":"Point"},"id":"stl-city-public-streetlights:2:135070","properties":{"address":null,"attributes":{"Date_Installed":null,"LED_Powered":0,"LightID":"L027786","Light_Source":"LED","Light_Type":"Cobra","Lighting_Type":"LED-Powered Lamp","Verification_Date":null},"id":"stl-city-public-streetlights:2:135070","sourceLayerId":2,"sourceObjectId":135070,"sourceURL":"https://maps8.stlouis-mo.gov/arcgis/rest/services/STREETS/Streets_Permitting/MapServer/2","title":"Street light L027786"},"type":"Feature"},{"geometry":{"coordinates":[-90.22845007118408,38.64827962069556],"type":"Point"},"id":"stl-city-public-streetlights:2:135071","properties":{"address":null,"attributes":{"Date_Installed":null,"LED_Powered":0,"LightID":"L027787","Light_Source":"LED","Light_Type":"Cobra","Lighting_Type":"LED-Powered Lamp","Verification_Date":null},"id":"stl-city-public-streetlights:2:135071","sourceLayerId":2,"sourceObjectId":135071,"sourceURL":"https://maps8.stlouis-mo.gov/arcgis/rest/services/STREETS/Streets_Permitting/MapServer/2","title":"Street light L027787"},"type":"Feature"},{"geometry":{"coordinates":[-90.22877230006654,38.64872057163051],"type":"Point"},"id":"stl-city-public-streetlights:2:135072","properties":{"address":null,"attributes":{"Date_Installed":null,"LED_Powered":0,"LightID":"L027788","Light_Source":"LED","Light_Type":"Cobra","Lighting_Type":"LED-Powered Lamp","Verification_Date":null},"id":"stl-city-public-streetlights:2:135072","sourceLayerId":2,"sourceObjectId":135072,"sourceURL":"https://maps8.stlouis-mo.gov/arcgis/rest/services/STREETS/Streets_Permitting/MapServer/2","title":"Street light L027788"},"type":"Feature"},{"geometry":{"coordinates":[-90.22912677529591,38.649125812166936],"type":"Point"},"id":"stl-city-public-streetlights:2:135073","properties":{"address":null,"attributes":{"Date_Installed":null,"LED_Powered":0,"LightID":"L027789","Light_Source":"LED","Light_Type":"Cobra","Lighting_Type":"LED-Powered Lamp","Verification_Date":null},"id":"stl-city-public-streetlights:2:135073","sourceLayerId":2,"sourceObjectId":135073,"sourceURL":"https://maps8.stlouis-mo.gov/arcgis/rest/services/STREETS/Streets_Permitting/MapServer/2","title":"Street light L027789"},"type":"Feature"},{"geometry":{"coordinates":[-90.22947732681338,38.64951880848142],"type":"Point"},"id":"stl-city-public-streetlights:2:135074","properties":{"address":null,"attributes":{"Date_Installed":null,"LED_Powered":1,"LightID":"L027790","Light_Source":"LED","Light_Type":"Cobra","Lighting_Type":"LED-Powered Lamp","Verification_Date":1646092800000},"id":"stl-city-public-streetlights:2:135074","sourceLayerId":2,"sourceObjectId":135074,"sourceURL":"https://maps8.stlouis-mo.gov/arcgis/rest/services/STREETS/Streets_Permitting/MapServer/2","title":"Street light L027790"},"type":"Feature"},{"geometry":{"coordinates":[-90.22988416086326,38.649756865745665],"type":"Point"},"id":"stl-city-public-streetlights:2:135075","properties":{"address":null,"attributes":{"Date_Installed":null,"LED_Powered":1,"LightID":"L027791","Light_Source":"LED","Light_Type":"Cobra","Lighting_Type":"LED-Powered Lamp","Verification_Date":1646092800000},"id":"stl-city-public-streetlights:2:135075","sourceLayerId":2,"sourceObjectId":135075,"sourceURL":"https://maps8.stlouis-mo.gov/arcgis/rest/services/STREETS/Streets_Permitting/MapServer/2","title":"Street light L027791"},"type":"Feature"},{"geometry":{"coordinates":[-90.2284410477051,38.6491603155362],"type":"Point"},"id":"stl-city-public-streetlights:2:135097","properties":{"address":null,"attributes":{"Date_Installed":null,"LED_Powered":1,"LightID":"L027813","Light_Source":"LED","Light_Type":"Cobra","Lighting_Type":"LED-Powered Lamp","Verification_Date":1646092800000},"id":"stl-city-public-streetlights:2:135097","sourceLayerId":2,"sourceObjectId":135097,"sourceURL":"https://maps8.stlouis-mo.gov/arcgis/rest/services/STREETS/Streets_Permitting/MapServer/2","title":"Street light L027813"},"type":"Feature"},{"geometry":{"coordinates":[-90.2277553729286,38.648866491963375],"type":"Point"},"id":"stl-city-public-streetlights:2:135098","properties":{"address":null,"attributes":{"Date_Installed":null,"LED_Powered":1,"LightID":"L027814","Light_Source":"LED","Light_Type":"Cobra","Lighting_Type":"LED-Powered Lamp","Verification_Date":1646092800000},"id":"stl-city-public-streetlights:2:135098","sourceLayerId":2,"sourceObjectId":135098,"sourceURL":"https://maps8.stlouis-mo.gov/arcgis/rest/services/STREETS/Streets_Permitting/MapServer/2","title":"Street light L027814"},"type":"Feature"},{"geometry":{"coordinates":[-90.22715123849501,38.648600504613555],"type":"Point"},"id":"stl-city-public-streetlights:2:135099","properties":{"address":null,"attributes":{"Date_Installed":null,"LED_Powered":1,"LightID":"L027815","Light_Source":"LED","Light_Type":"Cobra","Lighting_Type":"LED-Powered Lamp","Verification_Date":1646092800000},"id":"stl-city-public-streetlights:2:135099","sourceLayerId":2,"sourceObjectId":135099,"sourceURL":"https://maps8.stlouis-mo.gov/arcgis/rest/services/STREETS/Streets_Permitting/MapServer/2","title":"Street light L027815"},"type":"Feature"},{"geometry":{"coordinates":[-90.22657347733555,38.648346755782384],"type":"Point"},"id":"stl-city-public-streetlights:2:135100","properties":{"address":null,"attributes":{"Date_Installed":null,"LED_Powered":1,"LightID":"L027816","Light_Source":"LED","Light_Type":"Cobra","Lighting_Type":"LED-Powered Lamp","Verification_Date":1659312000000},"id":"stl-city-public-streetlights:2:135100","sourceLayerId":2,"sourceObjectId":135100,"sourceURL":"https://maps8.stlouis-mo.gov/arcgis/rest/services/STREETS/Streets_Permitting/MapServer/2","title":"Street light L027816"},"type":"Feature"},{"geometry":{"coordinates":[-90.22818981830522,38.64859767645818],"type":"Point"},"id":"stl-city-public-streetlights:2:135101","properties":{"address":null,"attributes":{"Date_Installed":null,"LED_Powered":0,"LightID":"L027817","Light_Source":"LED","Light_Type":"Cobra","Lighting_Type":"LED-Powered Lamp","Verification_Date":null},"id":"stl-city-public-streetlights:2:135101","sourceLayerId":2,"sourceObjectId":135101,"sourceURL":"https://maps8.stlouis-mo.gov/arcgis/rest/services/STREETS/Streets_Permitting/MapServer/2","title":"Street light L027817"},"type":"Feature"},{"geometry":{"coordinates":[-90.22799179912236,38.648877527361286],"type":"Point"},"id":"stl-city-public-streetlights:2:135102","properties":{"address":null,"attributes":{"Date_Installed":null,"LED_Powered":0,"LightID":"L027818","Light_Source":"LED","Light_Type":"Cobra","Lighting_Type":"LED-Powered Lamp","Verification_Date":1646092800000},"id":"stl-city-public-streetlights:2:135102","sourceLayerId":2,"sourceObjectId":135102,"sourceURL":"https://maps8.stlouis-mo.gov/arcgis/rest/services/STREETS/Streets_Permitting/MapServer/2","title":"Street light L027818"},"type":"Feature"},{"geometry":{"coordinates":[-90.22781554444734,38.64808682368265],"type":"Point"},"id":"stl-city-public-streetlights:2:135103","properties":{"address":null,"attributes":{"Date_Installed":null,"LED_Powered":0,"LightID":"L027819","Light_Source":"LED","Light_Type":"Cobra","Lighting_Type":"LED-Powered Lamp","Verification_Date":null},"id":"stl-city-public-streetlights:2:135103","sourceLayerId":2,"sourceObjectId":135103,"sourceURL":"https://maps8.stlouis-mo.gov/arcgis/rest/services/STREETS/Streets_Permitting/MapServer/2","title":"Street light L027819"},"type":"Feature"},{"geometry":{"coordinates":[-90.22747718100717,38.6479277643921],"type":"Point"},"id":"stl-city-public-streetlights:2:135104","properties":{"address":null,"attributes":{"Date_Installed":null,"LED_Powered":0,"LightID":"L027820","Light_Source":"LED","Light_Type":"Cobra","Lighting_Type":"LED-Powered Lamp","Verification_Date":null},"id":"stl-city-public-streetlights:2:135104","sourceLayerId":2,"sourceObjectId":135104,"sourceURL":"https://maps8.stlouis-mo.gov/arcgis/rest/services/STREETS/Streets_Permitting/MapServer/2","title":"Street light L027820"},"type":"Feature"},{"geometry":{"coordinates":[-90.22713245397749,38.64778013055126],"type":"Point"},"id":"stl-city-public-streetlights:2:135105","properties":{"address":null,"attributes":{"Date_Installed":null,"LED_Powered":0,"LightID":"L027821","Light_Source":"LED","Light_Type":"Cobra","Lighting_Type":"LED-Powered Lamp","Verification_Date":null},"id":"stl-city-public-streetlights:2:135105","sourceLayerId":2,"sourceObjectId":135105,"sourceURL":"https://maps8.stlouis-mo.gov/arcgis/rest/services/STREETS/Streets_Permitting/MapServer/2","title":"Street light L027821"},"type":"Feature"},{"geometry":{"coordinates":[-90.22677316794683,38.647624834775],"type":"Point"},"id":"stl-city-public-streetlights:2:135106","properties":{"address":null,"attributes":{"Date_Installed":null,"LED_Powered":0,"LightID":"L027822","Light_Source":"LED","Light_Type":"Cobra","Lighting_Type":"LED-Powered Lamp","Verification_Date":null},"id":"stl-city-public-streetlights:2:135106","sourceLayerId":2,"sourceObjectId":135106,"sourceURL":"https://maps8.stlouis-mo.gov/arcgis/rest/services/STREETS/Streets_Permitting/MapServer/2","title":"Street light L027822"},"type":"Feature"},{"geometry":{"coordinates":[-90.2291346481323,38.649468438806416],"type":"Point"},"id":"stl-city-public-streetlights:2:135107","properties":{"address":null,"attributes":{"Date_Installed":null,"LED_Powered":1,"LightID":"L027823","Light_Source":"LED","Light_Type":"Cobra","Lighting_Type":"LED-Powered Lamp","Verification_Date":1646092800000},"id":"stl-city-public-streetlights:2:135107","sourceLayerId":2,"sourceObjectId":135107,"sourceURL":"https://maps8.stlouis-mo.gov/arcgis/rest/services/STREETS/Streets_Permitting/MapServer/2","title":"Street light L027823"},"type":"Feature"},{"geometry":{"coordinates":[-90.22741793353596,38.64967965621001],"type":"Point"},"id":"stl-city-public-streetlights:2:135182","properties":{"address":null,"attributes":{"Date_Installed":null,"LED_Powered":0,"LightID":"L027898","Light_Source":"LED","Light_Type":"Cobra","Lighting_Type":"LED-Powered Lamp","Verification_Date":null},"id":"stl-city-public-streetlights:2:135182","sourceLayerId":2,"sourceObjectId":135182,"sourceURL":"https://maps8.stlouis-mo.gov/arcgis/rest/services/STREETS/Streets_Permitting/MapServer/2","title":"Street light L027898"},"type":"Feature"},{"geometry":{"coordinates":[-90.22757191715128,38.64947121172276],"type":"Point"},"id":"stl-city-public-streetlights:2:135183","properties":{"address":null,"attributes":{"Date_Installed":null,"LED_Powered":0,"LightID":"L027899","Light_Source":"LED","Light_Type":"Cobra","Lighting_Type":"LED-Powered Lamp","Verification_Date":null},"id":"stl-city-public-streetlights:2:135183","sourceLayerId":2,"sourceObjectId":135183,"sourceURL":"https://maps8.stlouis-mo.gov/arcgis/rest/services/STREETS/Streets_Permitting/MapServer/2","title":"Street light L027899"},"type":"Feature"},{"geometry":{"coordinates":[-90.22781946179485,38.64911710763897],"type":"Point"},"id":"stl-city-public-streetlights:2:135184","properties":{"address":null,"attributes":{"Date_Installed":null,"LED_Powered":1,"LightID":"L027900","Light_Source":"LED","Light_Type":"Cobra","Lighting_Type":"LED-Powered Lamp","Verification_Date":1646092800000},"id":"stl-city-public-streetlights:2:135184","sourceLayerId":2,"sourceObjectId":135184,"sourceURL":"https://maps8.stlouis-mo.gov/arcgis/rest/services/STREETS/Streets_Permitting/MapServer/2","title":"Street light L027900"},"type":"Feature"},{"geometry":{"coordinates":[-90.22940244267987,38.64996228720885],"type":"Point"},"id":"stl-city-public-streetlights:2:135186","properties":{"address":null,"attributes":{"Date_Installed":null,"LED_Powered":0,"LightID":"L027902","Light_Source":"LED","Light_Type":"Cobra","Lighting_Type":"LED-Powered Lamp","Verification_Date":null},"id":"stl-city-public-streetlights:2:135186","sourceLayerId":2,"sourceObjectId":135186,"sourceURL":"https://maps8.stlouis-mo.gov/arcgis/rest/services/STREETS/Streets_Permitting/MapServer/2","title":"Street light L027902"},"type":"Feature"},{"geometry":{"coordinates":[-90.22974948014107,38.64947751201177],"type":"Point"},"id":"stl-city-public-streetlights:2:138652","properties":{"address":null,"attributes":{"Date_Installed":null,"LED_Powered":0,"LightID":"L031435","Light_Source":"LED","Light_Type":"Cobra","Lighting_Type":"LED-Powered Lamp","Verification_Date":null},"id":"stl-city-public-streetlights:2:138652","sourceLayerId":2,"sourceObjectId":138652,"sourceURL":"https://maps8.stlouis-mo.gov/arcgis/rest/services/STREETS/Streets_Permitting/MapServer/2","title":"Street light L031435"},"type":"Feature"},{"geometry":{"coordinates":[-90.22996994126852,38.64916934461492],"type":"Point"},"id":"stl-city-public-streetlights:2:138653","properties":{"address":null,"attributes":{"Date_Installed":null,"LED_Powered":0,"LightID":"L031436","Light_Source":"LED","Light_Type":"Cobra","Lighting_Type":"LED-Powered Lamp","Verification_Date":null},"id":"stl-city-public-streetlights:2:138653","sourceLayerId":2,"sourceObjectId":138653,"sourceURL":"https://maps8.stlouis-mo.gov/arcgis/rest/services/STREETS/Streets_Permitting/MapServer/2","title":"Street light L031436"},"type":"Feature"},{"geometry":{"coordinates":[-90.22840822520044,38.64808093908895],"type":"Point"},"id":"stl-city-public-streetlights:2:138671","properties":{"address":null,"attributes":{"Date_Installed":null,"LED_Powered":0,"LightID":"L031454","Light_Source":"LED","Light_Type":"Cobra","Lighting_Type":"LED-Powered Lamp","Verification_Date":null},"id":"stl-city-public-streetlights:2:138671","sourceLayerId":2,"sourceObjectId":138671,"sourceURL":"https://maps8.stlouis-mo.gov/arcgis/rest/services/STREETS/Streets_Permitting/MapServer/2","title":"Street light L031454"},"type":"Feature"},{"geometry":{"coordinates":[-90.22870338680688,38.64767116781505],"type":"Point"},"id":"stl-city-public-streetlights:2:138672","properties":{"address":null,"attributes":{"Date_Installed":null,"LED_Powered":0,"LightID":"L031455","Light_Source":"LED","Light_Type":"Cobra","Lighting_Type":"LED-Powered Lamp","Verification_Date":null},"id":"stl-city-public-streetlights:2:138672","sourceLayerId":2,"sourceObjectId":138672,"sourceURL":"https://maps8.stlouis-mo.gov/arcgis/rest/services/STREETS/Streets_Permitting/MapServer/2","title":"Street light L031455"},"type":"Feature"},{"geometry":{"coordinates":[-90.2289472731451,38.647316528419594],"type":"Point"},"id":"stl-city-public-streetlights:2:138673","properties":{"address":null,"attributes":{"Date_Installed":null,"LED_Powered":0,"LightID":"L031456","Light_Source":"LED","Light_Type":"Cobra","Lighting_Type":"LED-Powered Lamp","Verification_Date":null},"id":"stl-city-public-streetlights:2:138673","sourceLayerId":2,"sourceObjectId":138673,"sourceURL":"https://maps8.stlouis-mo.gov/arcgis/rest/services/STREETS/Streets_Permitting/MapServer/2","title":"Street light L031456"},"type":"Feature"},{"geometry":{"coordinates":[-90.22923637950404,38.64690695612054],"type":"Point"},"id":"stl-city-public-streetlights:2:138674","properties":{"address":null,"attributes":{"Date_Installed":null,"LED_Powered":0,"LightID":"L031457","Light_Source":"LED","Light_Type":"Cobra","Lighting_Type":"LED-Powered Lamp","Verification_Date":null},"id":"stl-city-public-streetlights:2:138674","sourceLayerId":2,"sourceObjectId":138674,"sourceURL":"https://maps8.stlouis-mo.gov/arcgis/rest/services/STREETS/Streets_Permitting/MapServer/2","title":"Street light L031457"},"type":"Feature"},{"geometry":{"coordinates":[-90.2296754224771,38.646315774593326],"type":"Point"},"id":"stl-city-public-streetlights:2:138675","properties":{"address":null,"attributes":{"Date_Installed":null,"LED_Powered":0,"LightID":"L031458","Light_Source":"LED","Light_Type":"Cobra","Lighting_Type":"LED-Powered Lamp","Verification_Date":null},"id":"stl-city-public-streetlights:2:138675","sourceLayerId":2,"sourceObjectId":138675,"sourceURL":"https://maps8.stlouis-mo.gov/arcgis/rest/services/STREETS/Streets_Permitting/MapServer/2","title":"Street light L031458"},"type":"Feature"},{"geometry":{"coordinates":[-90.22969393123654,38.64664785401964],"type":"Point"},"id":"stl-city-public-streetlights:2:139098","properties":{"address":null,"attributes":{"Date_Installed":null,"LED_Powered":0,"LightID":"L031913","Light_Source":"LED","Light_Type":"Cobra","Lighting_Type":"LED-Powered Lamp","Verification_Date":null},"id":"stl-city-public-streetlights:2:139098","sourceLayerId":2,"sourceObjectId":139098,"sourceURL":"https://maps8.stlouis-mo.gov/arcgis/rest/services/STREETS/Streets_Permitting/MapServer/2","title":"Street light L031913"},"type":"Feature"},{"geometry":{"coordinates":[-90.22875097342174,38.64854211761405],"type":"Point"},"id":"stl-city-public-streetlights:2:139099","properties":{"address":null,"attributes":{"Date_Installed":null,"LED_Powered":0,"LightID":"L031914","Light_Source":"LED","Light_Type":"Cobra","Lighting_Type":"LED-Powered Lamp","Verification_Date":null},"id":"stl-city-public-streetlights:2:139099","sourceLayerId":2,"sourceObjectId":139099,"sourceURL":"https://maps8.stlouis-mo.gov/arcgis/rest/services/STREETS/Streets_Permitting/MapServer/2","title":"Street light L031914"},"type":"Feature"},{"geometry":{"coordinates":[-90.22915456792012,38.648718248327405],"type":"Point"},"id":"stl-city-public-streetlights:2:139100","properties":{"address":null,"attributes":{"Date_Installed":null,"LED_Powered":0,"LightID":"L031915","Light_Source":"LED","Light_Type":"Cobra","Lighting_Type":"LED-Powered Lamp","Verification_Date":null},"id":"stl-city-public-streetlights:2:139100","sourceLayerId":2,"sourceObjectId":139100,"sourceURL":"https://maps8.stlouis-mo.gov/arcgis/rest/services/STREETS/Streets_Permitting/MapServer/2","title":"Street light L031915"},"type":"Feature"},{"geometry":{"coordinates":[-90.22952096330017,38.64887712883512],"type":"Point"},"id":"stl-city-public-streetlights:2:139101","properties":{"address":null,"attributes":{"Date_Installed":null,"LED_Powered":0,"LightID":"L031916","Light_Source":"LED","Light_Type":"Cobra","Lighting_Type":"LED-Powered Lamp","Verification_Date":null},"id":"stl-city-public-streetlights:2:139101","sourceLayerId":2,"sourceObjectId":139101,"sourceURL":"https://maps8.stlouis-mo.gov/arcgis/rest/services/STREETS/Streets_Permitting/MapServer/2","title":"Street light L031916"},"type":"Feature"},{"geometry":{"coordinates":[-90.2299156764324,38.64905180577324],"type":"Point"},"id":"stl-city-public-streetlights:2:139102","properties":{"address":null,"attributes":{"Date_Installed":null,"LED_Powered":0,"LightID":"L031917","Light_Source":"LED","Light_Type":"Cobra","Lighting_Type":"LED-Powered Lamp","Verification_Date":null},"id":"stl-city-public-streetlights:2:139102","sourceLayerId":2,"sourceObjectId":139102,"sourceURL":"https://maps8.stlouis-mo.gov/arcgis/rest/services/STREETS/Streets_Permitting/MapServer/2","title":"Street light L031917"},"type":"Feature"},{"geometry":{"coordinates":[-90.22993633633415,38.647982893557156],"type":"Point"},"id":"stl-city-public-streetlights:2:139110","properties":{"address":null,"attributes":{"Date_Installed":null,"LED_Powered":0,"LightID":"L031925","Light_Source":"LED","Light_Type":"Cobra","Lighting_Type":"LED-Powered Lamp","Verification_Date":null},"id":"stl-city-public-streetlights:2:139110","sourceLayerId":2,"sourceObjectId":139110,"sourceURL":"https://maps8.stlouis-mo.gov/arcgis/rest/services/STREETS/Streets_Permitting/MapServer/2","title":"Street light L031925"},"type":"Feature"},{"geometry":{"coordinates":[-90.22934643591147,38.64772267099861],"type":"Point"},"id":"stl-city-public-streetlights:2:139111","properties":{"address":null,"attributes":{"Date_Installed":null,"LED_Powered":0,"LightID":"L031926","Light_Source":"LED","Light_Type":"Cobra","Lighting_Type":"LED-Powered Lamp","Verification_Date":null},"id":"stl-city-public-streetlights:2:139111","sourceLayerId":2,"sourceObjectId":139111,"sourceURL":"https://maps8.stlouis-mo.gov/arcgis/rest/services/STREETS/Streets_Permitting/MapServer/2","title":"Street light L031926"},"type":"Feature"},{"geometry":{"coordinates":[-90.22955013148915,38.6469668098472],"type":"Point"},"id":"stl-city-public-streetlights:2:139120","properties":{"address":null,"attributes":{"Date_Installed":null,"LED_Powered":1,"LightID":"L031935","Light_Source":"LED","Light_Type":"Cobra","Lighting_Type":"LED-Powered Lamp","Verification_Date":null},"id":"stl-city-public-streetlights:2:139120","sourceLayerId":2,"sourceObjectId":139120,"sourceURL":"https://maps8.stlouis-mo.gov/arcgis/rest/services/STREETS/Streets_Permitting/MapServer/2","title":"Street light L031935"},"type":"Feature"},{"geometry":{"coordinates":[-90.2289547898047,38.6467014241279],"type":"Point"},"id":"stl-city-public-streetlights:2:139121","properties":{"address":null,"attributes":{"Date_Installed":null,"LED_Powered":1,"LightID":"L031936","Light_Source":"LED","Light_Type":"Cobra","Lighting_Type":"LED-Powered Lamp","Verification_Date":null},"id":"stl-city-public-streetlights:2:139121","sourceLayerId":2,"sourceObjectId":139121,"sourceURL":"https://maps8.stlouis-mo.gov/arcgis/rest/services/STREETS/Streets_Permitting/MapServer/2","title":"Street light L031936"},"type":"Feature"},{"geometry":{"coordinates":[-90.22842460827101,38.6464706537252],"type":"Point"},"id":"stl-city-public-streetlights:2:139122","properties":{"address":null,"attributes":{"Date_Installed":null,"LED_Powered":1,"LightID":"L031937","Light_Source":"LED","Light_Type":"Cobra","Lighting_Type":"LED-Powered Lamp","Verification_Date":null},"id":"stl-city-public-streetlights:2:139122","sourceLayerId":2,"sourceObjectId":139122,"sourceURL":"https://maps8.stlouis-mo.gov/arcgis/rest/services/STREETS/Streets_Permitting/MapServer/2","title":"Street light L031937"},"type":"Feature"},{"geometry":{"coordinates":[-90.22791246062167,38.64624607232053],"type":"Point"},"id":"stl-city-public-streetlights:2:139123","properties":{"address":null,"attributes":{"Date_Installed":null,"LED_Powered":1,"LightID":"L031938","Light_Source":"LED","Light_Type":"Cobra","Lighting_Type":"LED-Powered Lamp","Verification_Date":null},"id":"stl-city-public-streetlights:2:139123","sourceLayerId":2,"sourceObjectId":139123,"sourceURL":"https://maps8.stlouis-mo.gov/arcgis/rest/services/STREETS/Streets_Permitting/MapServer/2","title":"Street light L031938"},"type":"Feature"},{"geometry":{"coordinates":[-90.22772752112412,38.64596246953735],"type":"Point"},"id":"stl-city-public-streetlights:2:139124","properties":{"address":null,"attributes":{"Date_Installed":null,"LED_Powered":1,"LightID":"L031939","Light_Source":"LED","Light_Type":"Cobra","Lighting_Type":"LED-Powered Lamp","Verification_Date":null},"id":"stl-city-public-streetlights:2:139124","sourceLayerId":2,"sourceObjectId":139124,"sourceURL":"https://maps8.stlouis-mo.gov/arcgis/rest/services/STREETS/Streets_Permitting/MapServer/2","title":"Street light L031939"},"type":"Feature"},{"geometry":{"coordinates":[-90.22826196529067,38.64619754394206],"type":"Point"},"id":"stl-city-public-streetlights:2:139125","properties":{"address":null,"attributes":{"Date_Installed":null,"LED_Powered":1,"LightID":"L031940","Light_Source":"LED","Light_Type":"Cobra","Lighting_Type":"LED-Powered Lamp","Verification_Date":null},"id":"stl-city-public-streetlights:2:139125","sourceLayerId":2,"sourceObjectId":139125,"sourceURL":"https://maps8.stlouis-mo.gov/arcgis/rest/services/STREETS/Streets_Permitting/MapServer/2","title":"Street light L031940"},"type":"Feature"},{"geometry":{"coordinates":[-90.22880224060404,38.646435060013786],"type":"Point"},"id":"stl-city-public-streetlights:2:139126","properties":{"address":null,"attributes":{"Date_Installed":null,"LED_Powered":1,"LightID":"L031941","Light_Source":"LED","Light_Type":"Cobra","Lighting_Type":"LED-Powered Lamp","Verification_Date":null},"id":"stl-city-public-streetlights:2:139126","sourceLayerId":2,"sourceObjectId":139126,"sourceURL":"https://maps8.stlouis-mo.gov/arcgis/rest/services/STREETS/Streets_Permitting/MapServer/2","title":"Street light L031941"},"type":"Feature"},{"geometry":{"coordinates":[-90.22928687280552,38.64665499734184],"type":"Point"},"id":"stl-city-public-streetlights:2:139127","properties":{"address":null,"attributes":{"Date_Installed":null,"LED_Powered":1,"LightID":"L031942","Light_Source":"LED","Light_Type":"Cobra","Lighting_Type":"LED-Powered Lamp","Verification_Date":null},"id":"stl-city-public-streetlights:2:139127","sourceLayerId":2,"sourceObjectId":139127,"sourceURL":"https://maps8.stlouis-mo.gov/arcgis/rest/services/STREETS/Streets_Permitting/MapServer/2","title":"Street light L031942"},"type":"Feature"},{"geometry":{"coordinates":[-90.22992666958491,38.64693192618801],"type":"Point"},"id":"stl-city-public-streetlights:2:139128","properties":{"address":null,"attributes":{"Date_Installed":null,"LED_Powered":1,"LightID":"L031943","Light_Source":"LED","Light_Type":"Cobra","Lighting_Type":"LED-Powered Lamp","Verification_Date":null},"id":"stl-city-public-streetlights:2:139128","sourceLayerId":2,"sourceObjectId":139128,"sourceURL":"https://maps8.stlouis-mo.gov/arcgis/rest/services/STREETS/Streets_Permitting/MapServer/2","title":"Street light L031943"},"type":"Feature"},{"geometry":{"coordinates":[-90.22817779829742,38.64481914734658],"type":"Point"},"id":"stl-city-public-streetlights:2:139137","properties":{"address":null,"attributes":{"Date_Installed":null,"LED_Powered":0,"LightID":"L031952","Light_Source":"LED","Light_Type":"Cobra","Lighting_Type":"LED-Powered Lamp","Verification_Date":null},"id":"stl-city-public-streetlights:2:139137","sourceLayerId":2,"sourceObjectId":139137,"sourceURL":"https://maps8.stlouis-mo.gov/arcgis/rest/services/STREETS/Streets_Permitting/MapServer/2","title":"Street light L031952"},"type":"Feature"},{"geometry":{"coordinates":[-90.22866631787902,38.64503629546033],"type":"Point"},"id":"stl-city-public-streetlights:2:139138","properties":{"address":null,"attributes":{"Date_Installed":null,"LED_Powered":0,"LightID":"L031953","Light_Source":"LED","Light_Type":"Cobra","Lighting_Type":"LED-Powered Lamp","Verification_Date":null},"id":"stl-city-public-streetlights:2:139138","sourceLayerId":2,"sourceObjectId":139138,"sourceURL":"https://maps8.stlouis-mo.gov/arcgis/rest/services/STREETS/Streets_Permitting/MapServer/2","title":"Street light L031953"},"type":"Feature"},{"geometry":{"coordinates":[-90.22916152494557,38.64525405340022],"type":"Point"},"id":"stl-city-public-streetlights:2:139139","properties":{"address":null,"attributes":{"Date_Installed":null,"LED_Powered":0,"LightID":"L031954","Light_Source":"LED","Light_Type":"Cobra","Lighting_Type":"LED-Powered Lamp","Verification_Date":null},"id":"stl-city-public-streetlights:2:139139","sourceLayerId":2,"sourceObjectId":139139,"sourceURL":"https://maps8.stlouis-mo.gov/arcgis/rest/services/STREETS/Streets_Permitting/MapServer/2","title":"Street light L031954"},"type":"Feature"},{"geometry":{"coordinates":[-90.22965035734481,38.64547054227407],"type":"Point"},"id":"stl-city-public-streetlights:2:139140","properties":{"address":null,"attributes":{"Date_Installed":null,"LED_Powered":0,"LightID":"L031955","Light_Source":"LED","Light_Type":"Cobra","Lighting_Type":"LED-Powered Lamp","Verification_Date":null},"id":"stl-city-public-streetlights:2:139140","sourceLayerId":2,"sourceObjectId":139140,"sourceURL":"https://maps8.stlouis-mo.gov/arcgis/rest/services/STREETS/Streets_Permitting/MapServer/2","title":"Street light L031955"},"type":"Feature"},{"geometry":{"coordinates":[-90.22920202344287,38.64406317835832],"type":"Point"},"id":"stl-city-public-streetlights:2:139151","properties":{"address":null,"attributes":{"Date_Installed":null,"LED_Powered":0,"LightID":"L031966","Light_Source":"LED","Light_Type":"Cobra","Lighting_Type":"LED-Powered Lamp","Verification_Date":null},"id":"stl-city-public-streetlights:2:139151","sourceLayerId":2,"sourceObjectId":139151,"sourceURL":"https://maps8.stlouis-mo.gov/arcgis/rest/services/STREETS/Streets_Permitting/MapServer/2","title":"Street light L031966"},"type":"Feature"},{"geometry":{"coordinates":[-90.2297089884866,38.64428489450445],"type":"Point"},"id":"stl-city-public-streetlights:2:139152","properties":{"address":null,"attributes":{"Date_Installed":null,"LED_Powered":0,"LightID":"L031967","Light_Source":"LED","Light_Type":"Cobra","Lighting_Type":"LED-Powered Lamp","Verification_Date":null},"id":"stl-city-public-streetlights:2:139152","sourceLayerId":2,"sourceObjectId":139152,"sourceURL":"https://maps8.stlouis-mo.gov/arcgis/rest/services/STREETS/Streets_Permitting/MapServer/2","title":"Street light L031967"},"type":"Feature"},{"geometry":{"coordinates":[-90.22962869997619,38.64308480136347],"type":"Point"},"id":"stl-city-public-streetlights:2:139164","properties":{"address":null,"attributes":{"Date_Installed":null,"LED_Powered":0,"LightID":"L031979","Light_Source":"LED","Light_Type":"Cobra","Lighting_Type":"LED-Powered Lamp","Verification_Date":null},"id":"stl-city-public-streetlights:2:139164","sourceLayerId":2,"sourceObjectId":139164,"sourceURL":"https://maps8.stlouis-mo.gov/arcgis/rest/services/STREETS/Streets_Permitting/MapServer/2","title":"Street light L031979"},"type":"Feature"},{"geometry":{"coordinates":[-90.22984556167954,38.642657528960555],"type":"Point"},"id":"stl-city-public-streetlights:2:139568","properties":{"address":null,"attributes":{"Date_Installed":null,"LED_Powered":0,"LightID":"L032425","Light_Source":"LED","Light_Type":"Cobra","Lighting_Type":"LED-Powered Lamp","Verification_Date":null},"id":"stl-city-public-streetlights:2:139568","sourceLayerId":2,"sourceObjectId":139568,"sourceURL":"https://maps8.stlouis-mo.gov/arcgis/rest/services/STREETS/Streets_Permitting/MapServer/2","title":"Street light L032425"},"type":"Feature"},{"geometry":{"coordinates":[-90.22621088844312,38.64647974405417],"type":"Point"},"id":"stl-city-public-streetlights:2:140890","properties":{"address":null,"attributes":{"Date_Installed":"12/23/2018","LED_Powered":1,"LightID":"L033747","Light_Source":"LED","Light_Type":"Cobra","Lighting_Type":"LED-Powered Lamp","Verification_Date":null},"id":"stl-city-public-streetlights:2:140890","sourceLayerId":2,"sourceObjectId":140890,"sourceURL":"https://maps8.stlouis-mo.gov/arcgis/rest/services/STREETS/Streets_Permitting/MapServer/2","title":"Street light L033747"},"type":"Feature"},{"geometry":{"coordinates":[-90.225805527912,38.64629382707374],"type":"Point"},"id":"stl-city-public-streetlights:2:140891","properties":{"address":null,"attributes":{"Date_Installed":"12/23/2018","LED_Powered":1,"LightID":"L033748","Light_Source":"LED","Light_Type":"Cobra","Lighting_Type":"LED-Powered Lamp","Verification_Date":null},"id":"stl-city-public-streetlights:2:140891","sourceLayerId":2,"sourceObjectId":140891,"sourceURL":"https://maps8.stlouis-mo.gov/arcgis/rest/services/STREETS/Streets_Permitting/MapServer/2","title":"Street light L033748"},"type":"Feature"},{"geometry":{"coordinates":[-90.22541468796382,38.64612643979893],"type":"Point"},"id":"stl-city-public-streetlights:2:140892","properties":{"address":null,"attributes":{"Date_Installed":"12/23/2018","LED_Powered":1,"LightID":"L033749","Light_Source":"LED","Light_Type":"Cobra","Lighting_Type":"LED-Powered Lamp","Verification_Date":null},"id":"stl-city-public-streetlights:2:140892","sourceLayerId":2,"sourceObjectId":140892,"sourceURL":"https://maps8.stlouis-mo.gov/arcgis/rest/services/STREETS/Streets_Permitting/MapServer/2","title":"Street light L033749"},"type":"Feature"},{"geometry":{"coordinates":[-90.22515479313192,38.645672087379666],"type":"Point"},"id":"stl-city-public-streetlights:2:140893","properties":{"address":null,"attributes":{"Date_Installed":"12/23/2018","LED_Powered":1,"LightID":"L033750","Light_Source":"LED","Light_Type":"Cobra","Lighting_Type":"LED-Powered Lamp","Verification_Date":null},"id":"stl-city-public-streetlights:2:140893","sourceLayerId":2,"sourceObjectId":140893,"sourceURL":"https://maps8.stlouis-mo.gov/arcgis/rest/services/STREETS/Streets_Permitting/MapServer/2","title":"Street light L033750"},"type":"Feature"},{"geometry":{"coordinates":[-90.22477156640068,38.645501950104716],"type":"Point"},"id":"stl-city-public-streetlights:2:140894","properties":{"address":null,"attributes":{"Date_Installed":"12/23/2018","LED_Powered":1,"LightID":"L033751","Light_Source":"LED","Light_Type":"Cobra","Lighting_Type":"LED-Powered Lamp","Verification_Date":null},"id":"stl-city-public-streetlights:2:140894","sourceLayerId":2,"sourceObjectId":140894,"sourceURL":"https://maps8.stlouis-mo.gov/arcgis/rest/services/STREETS/Streets_Permitting/MapServer/2","title":"Street light L033751"},"type":"Feature"},{"geometry":{"coordinates":[-90.22433375422005,38.64545896762548],"type":"Point"},"id":"stl-city-public-streetlights:2:140895","properties":{"address":null,"attributes":{"Date_Installed":"12/23/2018","LED_Powered":1,"LightID":"L033752","Light_Source":"LED","Light_Type":"Cobra","Lighting_Type":"LED-Powered Lamp","Verification_Date":null},"id":"stl-city-public-streetlights:2:140895","sourceLayerId":2,"sourceObjectId":140895,"sourceURL":"https://maps8.stlouis-mo.gov/arcgis/rest/services/STREETS/Streets_Permitting/MapServer/2","title":"Street light L033752"},"type":"Feature"},{"geometry":{"coordinates":[-90.22390092847331,38.64546319189744],"type":"Point"},"id":"stl-city-public-streetlights:2:140896","properties":{"address":null,"attributes":{"Date_Installed":"12/23/2018","LED_Powered":1,"LightID":"L033753","Light_Source":"LED","Light_Type":"Cobra","Lighting_Type":"LED-Powered Lamp","Verification_Date":null},"id":"stl-city-public-streetlights:2:140896","sourceLayerId":2,"sourceObjectId":140896,"sourceURL":"https://maps8.stlouis-mo.gov/arcgis/rest/services/STREETS/Streets_Permitting/MapServer/2","title":"Street light L033753"},"type":"Feature"},{"geometry":{"coordinates":[-90.22349849295766,38.645467961167476],"type":"Point"},"id":"stl-city-public-streetlights:2:140897","properties":{"address":null,"attributes":{"Date_Installed":"12/23/2018","LED_Powered":1,"LightID":"L033754","Light_Source":"LED","Light_Type":"Cobra","Lighting_Type":"LED-Powered Lamp","Verification_Date":null},"id":"stl-city-public-streetlights:2:140897","sourceLayerId":2,"sourceObjectId":140897,"sourceURL":"https://maps8.stlouis-mo.gov/arcgis/rest/services/STREETS/Streets_Permitting/MapServer/2","title":"Street light L033754"},"type":"Feature"},{"geometry":{"coordinates":[-90.22308756338545,38.645468896389836],"type":"Point"},"id":"stl-city-public-streetlights:2:140898","properties":{"address":null,"attributes":{"Date_Installed":"12/23/2018","LED_Powered":1,"LightID":"L033755","Light_Source":"LED","Light_Type":"Cobra","Lighting_Type":"LED-Powered Lamp","Verification_Date":null},"id":"stl-city-public-streetlights:2:140898","sourceLayerId":2,"sourceObjectId":140898,"sourceURL":"https://maps8.stlouis-mo.gov/arcgis/rest/services/STREETS/Streets_Permitting/MapServer/2","title":"Street light L033755"},"type":"Feature"},{"geometry":{"coordinates":[-90.22265035718057,38.64547405790457],"type":"Point"},"id":"stl-city-public-streetlights:2:140899","properties":{"address":null,"attributes":{"Date_Installed":"12/23/2018","LED_Powered":1,"LightID":"L033756","Light_Source":"LED","Light_Type":"Cobra","Lighting_Type":"LED-Powered Lamp","Verification_Date":null},"id":"stl-city-public-streetlights:2:140899","sourceLayerId":2,"sourceObjectId":140899,"sourceURL":"https://maps8.stlouis-mo.gov/arcgis/rest/services/STREETS/Streets_Permitting/MapServer/2","title":"Street light L033756"},"type":"Feature"},{"geometry":{"coordinates":[-90.22471743282819,38.64474262905942],"type":"Point"},"id":"stl-city-public-streetlights:2:140900","properties":{"address":null,"attributes":{"Date_Installed":"2020-01-15","LED_Powered":1,"LightID":"L033757","Light_Source":"LED","Light_Type":"Cobra","Lighting_Type":"5G Pole - 5G Pole -5G Pole - 2A","Verification_Date":null},"id":"stl-city-public-streetlights:2:140900","sourceLayerId":2,"sourceObjectId":140900,"sourceURL":"https://maps8.stlouis-mo.gov/arcgis/rest/services/STREETS/Streets_Permitting/MapServer/2","title":"Street light L033757"},"type":"Feature"},{"geometry":{"coordinates":[-90.22403949203745,38.64474508404337],"type":"Point"},"id":"stl-city-public-streetlights:2:140901","properties":{"address":null,"attributes":{"Date_Installed":"12/23/2018","LED_Powered":1,"LightID":"L033758","Light_Source":"LED","Light_Type":"Cobra","Lighting_Type":"LED-Powered Lamp","Verification_Date":null},"id":"stl-city-public-streetlights:2:140901","sourceLayerId":2,"sourceObjectId":140901,"sourceURL":"https://maps8.stlouis-mo.gov/arcgis/rest/services/STREETS/Streets_Permitting/MapServer/2","title":"Street light L033758"},"type":"Feature"},{"geometry":{"coordinates":[-90.22333609349407,38.64474471007115],"type":"Point"},"id":"stl-city-public-streetlights:2:140902","properties":{"address":null,"attributes":{"Date_Installed":"12/23/2018","LED_Powered":1,"LightID":"L033759","Light_Source":"LED","Light_Type":"Cobra","Lighting_Type":"LED-Powered Lamp","Verification_Date":null},"id":"stl-city-public-streetlights:2:140902","sourceLayerId":2,"sourceObjectId":140902,"sourceURL":"https://maps8.stlouis-mo.gov/arcgis/rest/services/STREETS/Streets_Permitting/MapServer/2","title":"Street light L033759"},"type":"Feature"},{"geometry":{"coordinates":[-90.2226404477688,38.64474344395709],"type":"Point"},"id":"stl-city-public-streetlights:2:140903","properties":{"address":null,"attributes":{"Date_Installed":"12/23/2018","LED_Powered":1,"LightID":"L033760","Light_Source":"LED","Light_Type":"Cobra","Lighting_Type":"LED-Powered Lamp","Verification_Date":null},"id":"stl-city-public-streetlights:2:140903","sourceLayerId":2,"sourceObjectId":140903,"sourceURL":"https://maps8.stlouis-mo.gov/arcgis/rest/services/STREETS/Streets_Permitting/MapServer/2","title":"Street light L033760"},"type":"Feature"},{"geometry":{"coordinates":[-90.22186944548635,38.644737323471894],"type":"Point"},"id":"stl-city-public-streetlights:2:140904","properties":{"address":null,"attributes":{"Date_Installed":"12/23/2018","LED_Powered":1,"LightID":"L033761","Light_Source":"LED","Light_Type":"Cobra","Lighting_Type":"LED-Powered Lamp","Verification_Date":null},"id":"stl-city-public-streetlights:2:140904","sourceLayerId":2,"sourceObjectId":140904,"sourceURL":"https://maps8.stlouis-mo.gov/arcgis/rest/services/STREETS/Streets_Permitting/MapServer/2","title":"Street light L033761"},"type":"Feature"},{"geometry":{"coordinates":[-90.22118036449697,38.64473615977682],"type":"Point"},"id":"stl-city-public-streetlights:2:140905","properties":{"address":null,"attributes":{"Date_Installed":"12/23/2018","LED_Powered":1,"LightID":"L033762","Light_Source":"LED","Light_Type":"Cobra","Lighting_Type":"LED-Powered Lamp","Verification_Date":null},"id":"stl-city-public-streetlights:2:140905","sourceLayerId":2,"sourceObjectId":140905,"sourceURL":"https://maps8.stlouis-mo.gov/arcgis/rest/services/STREETS/Streets_Permitting/MapServer/2","title":"Street light L033762"},"type":"Feature"},{"geometry":{"coordinates":[-90.22047517962442,38.64474973171375],"type":"Point"},"id":"stl-city-public-streetlights:2:140906","properties":{"address":null,"attributes":{"Date_Installed":"12/23/2018","LED_Powered":1,"LightID":"L033763","Light_Source":"LED","Light_Type":"Cobra","Lighting_Type":"LED-Powered Lamp","Verification_Date":null},"id":"stl-city-public-streetlights:2:140906","sourceLayerId":2,"sourceObjectId":140906,"sourceURL":"https://maps8.stlouis-mo.gov/arcgis/rest/services/STREETS/Streets_Permitting/MapServer/2","title":"Street light L033763"},"type":"Feature"},{"geometry":{"coordinates":[-90.22012799109292,38.64461732694887],"type":"Point"},"id":"stl-city-public-streetlights:2:140922","properties":{"address":null,"attributes":{"Date_Installed":"12/23/2018","LED_Powered":1,"LightID":"L033779","Light_Source":"LED","Light_Type":"Cobra","Lighting_Type":"LED-Powered Lamp","Verification_Date":null},"id":"stl-city-public-streetlights:2:140922","sourceLayerId":2,"sourceObjectId":140922,"sourceURL":"https://maps8.stlouis-mo.gov/arcgis/rest/services/STREETS/Streets_Permitting/MapServer/2","title":"Street light L033779"},"type":"Feature"},{"geometry":{"coordinates":[-90.22082831218572,38.64460374459551],"type":"Point"},"id":"stl-city-public-streetlights:2:140923","properties":{"address":null,"attributes":{"Date_Installed":"12/23/2018","LED_Powered":1,"LightID":"L033780","Light_Source":"LED","Light_Type":"Cobra","Lighting_Type":"LED-Powered Lamp","Verification_Date":null},"id":"stl-city-public-streetlights:2:140923","sourceLayerId":2,"sourceObjectId":140923,"sourceURL":"https://maps8.stlouis-mo.gov/arcgis/rest/services/STREETS/Streets_Permitting/MapServer/2","title":"Street light L033780"},"type":"Feature"},{"geometry":{"coordinates":[-90.22152350667388,38.6445953908166],"type":"Point"},"id":"stl-city-public-streetlights:2:140924","properties":{"address":null,"attributes":{"Date_Installed":"12/23/2018","LED_Powered":1,"LightID":"L033781","Light_Source":"LED","Light_Type":"Cobra","Lighting_Type":"LED-Powered Lamp","Verification_Date":null},"id":"stl-city-public-streetlights:2:140924","sourceLayerId":2,"sourceObjectId":140924,"sourceURL":"https://maps8.stlouis-mo.gov/arcgis/rest/services/STREETS/Streets_Permitting/MapServer/2","title":"Street light L033781"},"type":"Feature"},{"geometry":{"coordinates":[-90.22221706448124,38.64460180718829],"type":"Point"},"id":"stl-city-public-streetlights:2:140925","properties":{"address":null,"attributes":{"Date_Installed":"12/23/2018","LED_Powered":1,"LightID":"L033782","Light_Source":"LED","Light_Type":"Cobra","Lighting_Type":"LED-Powered Lamp","Verification_Date":null},"id":"stl-city-public-streetlights:2:140925","sourceLayerId":2,"sourceObjectId":140925,"sourceURL":"https://maps8.stlouis-mo.gov/arcgis/rest/services/STREETS/Streets_Permitting/MapServer/2","title":"Street light L033782"},"type":"Feature"},{"geometry":{"coordinates":[-90.22298140433941,38.64460123582581],"type":"Point"},"id":"stl-city-public-streetlights:2:140926","properties":{"address":null,"attributes":{"Date_Installed":"12/23/2018","LED_Powered":1,"LightID":"L033783","Light_Source":"LED","Light_Type":"Cobra","Lighting_Type":"LED-Powered Lamp","Verification_Date":null},"id":"stl-city-public-streetlights:2:140926","sourceLayerId":2,"sourceObjectId":140926,"sourceURL":"https://maps8.stlouis-mo.gov/arcgis/rest/services/STREETS/Streets_Permitting/MapServer/2","title":"Street light L033783"},"type":"Feature"},{"geometry":{"coordinates":[-90.22371812467743,38.644606791455296],"type":"Point"},"id":"stl-city-public-streetlights:2:140927","properties":{"address":null,"attributes":{"Date_Installed":"12/23/2018","LED_Powered":1,"LightID":"L033784","Light_Source":"LED","Light_Type":"Cobra","Lighting_Type":"LED-Powered Lamp","Verification_Date":null},"id":"stl-city-public-streetlights:2:140927","sourceLayerId":2,"sourceObjectId":140927,"sourceURL":"https://maps8.stlouis-mo.gov/arcgis/rest/services/STREETS/Streets_Permitting/MapServer/2","title":"Street light L033784"},"type":"Feature"},{"geometry":{"coordinates":[-90.22442085570603,38.64460654174527],"type":"Point"},"id":"stl-city-public-streetlights:2:140928","properties":{"address":null,"attributes":{"Date_Installed":"12/23/2018","LED_Powered":1,"LightID":"L033785","Light_Source":"LED","Light_Type":"Cobra","Lighting_Type":"LED-Powered Lamp","Verification_Date":null},"id":"stl-city-public-streetlights:2:140928","sourceLayerId":2,"sourceObjectId":140928,"sourceURL":"https://maps8.stlouis-mo.gov/arcgis/rest/services/STREETS/Streets_Permitting/MapServer/2","title":"Street light L033785"},"type":"Feature"},{"geometry":{"coordinates":[-90.22382827851287,38.64378115690001],"type":"Point"},"id":"stl-city-public-streetlights:2:140929","properties":{"address":null,"attributes":{"Date_Installed":"12/23/2018","LED_Powered":1,"LightID":"L033786","Light_Source":"LED","Light_Type":"Cobra","Lighting_Type":"LED-Powered Lamp","Verification_Date":null},"id":"stl-city-public-streetlights:2:140929","sourceLayerId":2,"sourceObjectId":140929,"sourceURL":"https://maps8.stlouis-mo.gov/arcgis/rest/services/STREETS/Streets_Permitting/MapServer/2","title":"Street light L033786"},"type":"Feature"},{"geometry":{"coordinates":[-90.22312558394717,38.64379761102781],"type":"Point"},"id":"stl-city-public-streetlights:2:140930","properties":{"address":null,"attributes":{"Date_Installed":"12/23/2018","LED_Powered":1,"LightID":"L033787","Light_Source":"LED","Light_Type":"Cobra","Lighting_Type":"LED-Powered Lamp","Verification_Date":null},"id":"stl-city-public-streetlights:2:140930","sourceLayerId":2,"sourceObjectId":140930,"sourceURL":"https://maps8.stlouis-mo.gov/arcgis/rest/services/STREETS/Streets_Permitting/MapServer/2","title":"Street light L033787"},"type":"Feature"},{"geometry":{"coordinates":[-90.22339229257587,38.64367715444617],"type":"Point"},"id":"stl-city-public-streetlights:2:140931","properties":{"address":null,"attributes":{"Date_Installed":"12/23/2018","LED_Powered":1,"LightID":"L033788","Light_Source":"LED","Light_Type":"Cobra","Lighting_Type":"LED-Powered Lamp","Verification_Date":null},"id":"stl-city-public-streetlights:2:140931","sourceLayerId":2,"sourceObjectId":140931,"sourceURL":"https://maps8.stlouis-mo.gov/arcgis/rest/services/STREETS/Streets_Permitting/MapServer/2","title":"Street light L033788"},"type":"Feature"},{"geometry":{"coordinates":[-90.22298134639034,38.643684763050345],"type":"Point"},"id":"stl-city-public-streetlights:2:140932","properties":{"address":null,"attributes":{"Date_Installed":"12/23/2018","LED_Powered":1,"LightID":"L033789","Light_Source":"LED","Light_Type":"Cobra","Lighting_Type":"LED-Powered Lamp","Verification_Date":null},"id":"stl-city-public-streetlights:2:140932","sourceLayerId":2,"sourceObjectId":140932,"sourceURL":"https://maps8.stlouis-mo.gov/arcgis/rest/services/STREETS/Streets_Permitting/MapServer/2","title":"Street light L033789"},"type":"Feature"},{"geometry":{"coordinates":[-90.22257254154644,38.64368903839878],"type":"Point"},"id":"stl-city-public-streetlights:2:140933","properties":{"address":null,"attributes":{"Date_Installed":"12/23/2018","LED_Powered":1,"LightID":"L033790","Light_Source":"LED","Light_Type":"Cobra","Lighting_Type":"LED-Powered Lamp","Verification_Date":null},"id":"stl-city-public-streetlights:2:140933","sourceLayerId":2,"sourceObjectId":140933,"sourceURL":"https://maps8.stlouis-mo.gov/arcgis/rest/services/STREETS/Streets_Permitting/MapServer/2","title":"Street light L033790"},"type":"Feature"},{"geometry":{"coordinates":[-90.22216068521736,38.643696404127155],"type":"Point"},"id":"stl-city-public-streetlights:2:140934","properties":{"address":null,"attributes":{"Date_Installed":"12/23/2018","LED_Powered":1,"LightID":"L033791","Light_Source":"LED","Light_Type":"Cobra","Lighting_Type":"LED-Powered Lamp","Verification_Date":null},"id":"stl-city-public-streetlights:2:140934","sourceLayerId":2,"sourceObjectId":140934,"sourceURL":"https://maps8.stlouis-mo.gov/arcgis/rest/services/STREETS/Streets_Permitting/MapServer/2","title":"Street light L033791"},"type":"Feature"},{"geometry":{"coordinates":[-90.22173548322168,38.6436965845113],"type":"Point"},"id":"stl-city-public-streetlights:2:140935","properties":{"address":null,"attributes":{"Date_Installed":"12/23/2018","LED_Powered":1,"LightID":"L033792","Light_Source":"LED","Light_Type":"Cobra","Lighting_Type":"LED-Powered Lamp","Verification_Date":null},"id":"stl-city-public-streetlights:2:140935","sourceLayerId":2,"sourceObjectId":140935,"sourceURL":"https://maps8.stlouis-mo.gov/arcgis/rest/services/STREETS/Streets_Permitting/MapServer/2","title":"Street light L033792"},"type":"Feature"},{"geometry":{"coordinates":[-90.22132819061642,38.64370276628853],"type":"Point"},"id":"stl-city-public-streetlights:2:140936","properties":{"address":null,"attributes":{"Date_Installed":"12/23/2018","LED_Powered":1,"LightID":"L033793","Light_Source":"LED","Light_Type":"Cobra","Lighting_Type":"LED-Powered Lamp","Verification_Date":null},"id":"stl-city-public-streetlights:2:140936","sourceLayerId":2,"sourceObjectId":140936,"sourceURL":"https://maps8.stlouis-mo.gov/arcgis/rest/services/STREETS/Streets_Permitting/MapServer/2","title":"Street light L033793"},"type":"Feature"},{"geometry":{"coordinates":[-90.22092393628044,38.6437089538954],"type":"Point"},"id":"stl-city-public-streetlights:2:140937","properties":{"address":null,"attributes":{"Date_Installed":"12/23/2018","LED_Powered":1,"LightID":"L033794","Light_Source":"LED","Light_Type":"Cobra","Lighting_Type":"LED-Powered Lamp","Verification_Date":null},"id":"stl-city-public-streetlights:2:140937","sourceLayerId":2,"sourceObjectId":140937,"sourceURL":"https://maps8.stlouis-mo.gov/arcgis/rest/services/STREETS/Streets_Permitting/MapServer/2","title":"Street light L033794"},"type":"Feature"},{"geometry":{"coordinates":[-90.22053488854264,38.64371279178083],"type":"Point"},"id":"stl-city-public-streetlights:2:140938","properties":{"address":null,"attributes":{"Date_Installed":"12/23/2018","LED_Powered":1,"LightID":"L033795","Light_Source":"LED","Light_Type":"Cobra","Lighting_Type":"LED-Powered Lamp","Verification_Date":null},"id":"stl-city-public-streetlights:2:140938","sourceLayerId":2,"sourceObjectId":140938,"sourceURL":"https://maps8.stlouis-mo.gov/arcgis/rest/services/STREETS/Streets_Permitting/MapServer/2","title":"Street light L033795"},"type":"Feature"},{"geometry":{"coordinates":[-90.22012395789751,38.643716576023515],"type":"Point"},"id":"stl-city-public-streetlights:2:140939","properties":{"address":null,"attributes":{"Date_Installed":"12/23/2018","LED_Powered":1,"LightID":"L033796","Light_Source":"LED","Light_Type":"Cobra","Lighting_Type":"LED-Powered Lamp","Verification_Date":null},"id":"stl-city-public-streetlights:2:140939","sourceLayerId":2,"sourceObjectId":140939,"sourceURL":"https://maps8.stlouis-mo.gov/arcgis/rest/services/STREETS/Streets_Permitting/MapServer/2","title":"Street light L033796"},"type":"Feature"},{"geometry":{"coordinates":[-90.22018791541332,38.64296351076146],"type":"Point"},"id":"stl-city-public-streetlights:2:140972","properties":{"address":null,"attributes":{"Date_Installed":"12/23/2018","LED_Powered":1,"LightID":"L033829","Light_Source":"LED","Light_Type":"Cobra","Lighting_Type":"LED-Powered Lamp","Verification_Date":null},"id":"stl-city-public-streetlights:2:140972","sourceLayerId":2,"sourceObjectId":140972,"sourceURL":"https://maps8.stlouis-mo.gov/arcgis/rest/services/STREETS/Streets_Permitting/MapServer/2","title":"Street light L033829"},"type":"Feature"},{"geometry":{"coordinates":[-90.22061639559836,38.6429788364012],"type":"Point"},"id":"stl-city-public-streetlights:2:140973","properties":{"address":null,"attributes":{"Date_Installed":"12/23/2018","LED_Powered":1,"LightID":"L033830","Light_Source":"LED","Light_Type":"Cobra","Lighting_Type":"LED-Powered Lamp","Verification_Date":null},"id":"stl-city-public-streetlights:2:140973","sourceLayerId":2,"sourceObjectId":140973,"sourceURL":"https://maps8.stlouis-mo.gov/arcgis/rest/services/STREETS/Streets_Permitting/MapServer/2","title":"Street light L033830"},"type":"Feature"},{"geometry":{"coordinates":[-90.2210267420796,38.64296789777806],"type":"Point"},"id":"stl-city-public-streetlights:2:140974","properties":{"address":null,"attributes":{"Date_Installed":"12/23/2018","LED_Powered":1,"LightID":"L033831","Light_Source":"LED","Light_Type":"Cobra","Lighting_Type":"LED-Powered Lamp","Verification_Date":null},"id":"stl-city-public-streetlights:2:140974","sourceLayerId":2,"sourceObjectId":140974,"sourceURL":"https://maps8.stlouis-mo.gov/arcgis/rest/services/STREETS/Streets_Permitting/MapServer/2","title":"Street light L033831"},"type":"Feature"},{"geometry":{"coordinates":[-90.22145227645942,38.64295937672767],"type":"Point"},"id":"stl-city-public-streetlights:2:140975","properties":{"address":null,"attributes":{"Date_Installed":"12/23/2018","LED_Powered":1,"LightID":"L033832","Light_Source":"LED","Light_Type":"Cobra","Lighting_Type":"LED-Powered Lamp","Verification_Date":null},"id":"stl-city-public-streetlights:2:140975","sourceLayerId":2,"sourceObjectId":140975,"sourceURL":"https://maps8.stlouis-mo.gov/arcgis/rest/services/STREETS/Streets_Permitting/MapServer/2","title":"Street light L033832"},"type":"Feature"},{"geometry":{"coordinates":[-90.22186317510041,38.64296273808731],"type":"Point"},"id":"stl-city-public-streetlights:2:140976","properties":{"address":null,"attributes":{"Date_Installed":"12/23/2018","LED_Powered":1,"LightID":"L033833","Light_Source":"LED","Light_Type":"Cobra","Lighting_Type":"LED-Powered Lamp","Verification_Date":null},"id":"stl-city-public-streetlights:2:140976","sourceLayerId":2,"sourceObjectId":140976,"sourceURL":"https://maps8.stlouis-mo.gov/arcgis/rest/services/STREETS/Streets_Permitting/MapServer/2","title":"Street light L033833"},"type":"Feature"},{"geometry":{"coordinates":[-90.22228264886998,38.64294943300722],"type":"Point"},"id":"stl-city-public-streetlights:2:140977","properties":{"address":null,"attributes":{"Date_Installed":"12/23/2018","LED_Powered":1,"LightID":"L033834","Light_Source":"LED","Light_Type":"Cobra","Lighting_Type":"LED-Powered Lamp","Verification_Date":null},"id":"stl-city-public-streetlights:2:140977","sourceLayerId":2,"sourceObjectId":140977,"sourceURL":"https://maps8.stlouis-mo.gov/arcgis/rest/services/STREETS/Streets_Permitting/MapServer/2","title":"Street light L033834"},"type":"Feature"},{"geometry":{"coordinates":[-90.2224905460984,38.64314962625748],"type":"Point"},"id":"stl-city-public-streetlights:2:141276","properties":{"address":null,"attributes":{"Date_Installed":"12/23/2018","LED_Powered":1,"LightID":"L034133","Light_Source":"LED","Light_Type":"Cobra","Lighting_Type":"LED-Powered Lamp","Verification_Date":null},"id":"stl-city-public-streetlights:2:141276","sourceLayerId":2,"sourceObjectId":141276,"sourceURL":"https://maps8.stlouis-mo.gov/arcgis/rest/services/STREETS/Streets_Permitting/MapServer/2","title":"Street light L034133"},"type":"Feature"},{"geometry":{"coordinates":[-90.22249487419322,38.64350503154953],"type":"Point"},"id":"stl-city-public-streetlights:2:141277","properties":{"address":null,"attributes":{"Date_Installed":"12/23/2018","LED_Powered":1,"LightID":"L034134","Light_Source":"LED","Light_Type":"Cobra","Lighting_Type":"LED-Powered Lamp","Verification_Date":null},"id":"stl-city-public-streetlights:2:141277","sourceLayerId":2,"sourceObjectId":141277,"sourceURL":"https://maps8.stlouis-mo.gov/arcgis/rest/services/STREETS/Streets_Permitting/MapServer/2","title":"Street light L034134"},"type":"Feature"},{"geometry":{"coordinates":[-90.22250577136099,38.64383196901909],"type":"Point"},"id":"stl-city-public-streetlights:2:141278","properties":{"address":null,"attributes":{"Date_Installed":"12/23/2018","LED_Powered":1,"LightID":"L034135","Light_Source":"LED","Light_Type":"Cobra","Lighting_Type":"LED-Powered Lamp","Verification_Date":null},"id":"stl-city-public-streetlights:2:141278","sourceLayerId":2,"sourceObjectId":141278,"sourceURL":"https://maps8.stlouis-mo.gov/arcgis/rest/services/STREETS/Streets_Permitting/MapServer/2","title":"Street light L034135"},"type":"Feature"},{"geometry":{"coordinates":[-90.22250618802244,38.64411800290912],"type":"Point"},"id":"stl-city-public-streetlights:2:141279","properties":{"address":null,"attributes":{"Date_Installed":"12/23/2018","LED_Powered":1,"LightID":"L034136","Light_Source":"LED","Light_Type":"Cobra","Lighting_Type":"LED-Powered Lamp","Verification_Date":null},"id":"stl-city-public-streetlights:2:141279","sourceLayerId":2,"sourceObjectId":141279,"sourceURL":"https://maps8.stlouis-mo.gov/arcgis/rest/services/STREETS/Streets_Permitting/MapServer/2","title":"Street light L034136"},"type":"Feature"},{"geometry":{"coordinates":[-90.2225079984118,38.644515353826726],"type":"Point"},"id":"stl-city-public-streetlights:2:141280","properties":{"address":null,"attributes":{"Date_Installed":"12/23/2018","LED_Powered":1,"LightID":"L034137","Light_Source":"LED","Light_Type":"Cobra","Lighting_Type":"LED-Powered Lamp","Verification_Date":null},"id":"stl-city-public-streetlights:2:141280","sourceLayerId":2,"sourceObjectId":141280,"sourceURL":"https://maps8.stlouis-mo.gov/arcgis/rest/services/STREETS/Streets_Permitting/MapServer/2","title":"Street light L034137"},"type":"Feature"},{"geometry":{"coordinates":[-90.22250726979706,38.64486184896977],"type":"Point"},"id":"stl-city-public-streetlights:2:141281","properties":{"address":null,"attributes":{"Date_Installed":"12/23/2018","LED_Powered":1,"LightID":"L034138","Light_Source":"LED","Light_Type":"Cobra","Lighting_Type":"LED-Powered Lamp","Verification_Date":null},"id":"stl-city-public-streetlights:2:141281","sourceLayerId":2,"sourceObjectId":141281,"sourceURL":"https://maps8.stlouis-mo.gov/arcgis/rest/services/STREETS/Streets_Permitting/MapServer/2","title":"Street light L034138"},"type":"Feature"},{"geometry":{"coordinates":[-90.22251011134789,38.64520866967318],"type":"Point"},"id":"stl-city-public-streetlights:2:141282","properties":{"address":null,"attributes":{"Date_Installed":"12/23/2018","LED_Powered":1,"LightID":"L034139","Light_Source":"LED","Light_Type":"Cobra","Lighting_Type":"LED-Powered Lamp","Verification_Date":null},"id":"stl-city-public-streetlights:2:141282","sourceLayerId":2,"sourceObjectId":141282,"sourceURL":"https://maps8.stlouis-mo.gov/arcgis/rest/services/STREETS/Streets_Permitting/MapServer/2","title":"Street light L034139"},"type":"Feature"},{"geometry":{"coordinates":[-90.2225057055231,38.645562922607894],"type":"Point"},"id":"stl-city-public-streetlights:2:141283","properties":{"address":null,"attributes":{"Date_Installed":"12/23/2018","LED_Powered":1,"LightID":"L034140","Light_Source":"LED","Light_Type":"Cobra","Lighting_Type":"LED-Powered Lamp","Verification_Date":null},"id":"stl-city-public-streetlights:2:141283","sourceLayerId":2,"sourceObjectId":141283,"sourceURL":"https://maps8.stlouis-mo.gov/arcgis/rest/services/STREETS/Streets_Permitting/MapServer/2","title":"Street light L034140"},"type":"Feature"},{"geometry":{"coordinates":[-90.2225119599834,38.645911539627534],"type":"Point"},"id":"stl-city-public-streetlights:2:141284","properties":{"address":null,"attributes":{"Date_Installed":"12/23/2018","LED_Powered":1,"LightID":"L034141","Light_Source":"LED","Light_Type":"Cobra","Lighting_Type":"LED-Powered Lamp","Verification_Date":null},"id":"stl-city-public-streetlights:2:141284","sourceLayerId":2,"sourceObjectId":141284,"sourceURL":"https://maps8.stlouis-mo.gov/arcgis/rest/services/STREETS/Streets_Permitting/MapServer/2","title":"Street light L034141"},"type":"Feature"},{"geometry":{"coordinates":[-90.22252226335624,38.646273991254475],"type":"Point"},"id":"stl-city-public-streetlights:2:141285","properties":{"address":null,"attributes":{"Date_Installed":"12/23/2018","LED_Powered":1,"LightID":"L034142","Light_Source":"LED","Light_Type":"Cobra","Lighting_Type":"LED-Powered Lamp","Verification_Date":null},"id":"stl-city-public-streetlights:2:141285","sourceLayerId":2,"sourceObjectId":141285,"sourceURL":"https://maps8.stlouis-mo.gov/arcgis/rest/services/STREETS/Streets_Permitting/MapServer/2","title":"Street light L034142"},"type":"Feature"},{"geometry":{"coordinates":[-90.22253568322007,38.64657721687783],"type":"Point"},"id":"stl-city-public-streetlights:2:141286","properties":{"address":null,"attributes":{"Date_Installed":"12/23/2018","LED_Powered":1,"LightID":"L034143","Light_Source":"LED","Light_Type":"Cobra","Lighting_Type":"LED-Powered Lamp","Verification_Date":null},"id":"stl-city-public-streetlights:2:141286","sourceLayerId":2,"sourceObjectId":141286,"sourceURL":"https://maps8.stlouis-mo.gov/arcgis/rest/services/STREETS/Streets_Permitting/MapServer/2","title":"Street light L034143"},"type":"Feature"},{"geometry":{"coordinates":[-90.2225345066038,38.64688231594567],"type":"Point"},"id":"stl-city-public-streetlights:2:141287","properties":{"address":null,"attributes":{"Date_Installed":"12/23/2018","LED_Powered":1,"LightID":"L034144","Light_Source":"LED","Light_Type":"Cobra","Lighting_Type":"LED-Powered Lamp","Verification_Date":null},"id":"stl-city-public-streetlights:2:141287","sourceLayerId":2,"sourceObjectId":141287,"sourceURL":"https://maps8.stlouis-mo.gov/arcgis/rest/services/STREETS/Streets_Permitting/MapServer/2","title":"Street light L034144"},"type":"Feature"},{"geometry":{"coordinates":[-90.22434657360388,38.64730702691933],"type":"Point"},"id":"stl-city-public-streetlights:2:141288","properties":{"address":null,"attributes":{"Date_Installed":"12/23/2018","LED_Powered":1,"LightID":"L034145","Light_Source":"LED","Light_Type":"Cobra","Lighting_Type":"LED-Powered Lamp","Verification_Date":1659312000000},"id":"stl-city-public-streetlights:2:141288","sourceLayerId":2,"sourceObjectId":141288,"sourceURL":"https://maps8.stlouis-mo.gov/arcgis/rest/services/STREETS/Streets_Permitting/MapServer/2","title":"Street light L034145"},"type":"Feature"},{"geometry":{"coordinates":[-90.22454829118756,38.647016702697464],"type":"Point"},"id":"stl-city-public-streetlights:2:141289","properties":{"address":null,"attributes":{"Date_Installed":"12/23/2018","LED_Powered":1,"LightID":"L034146","Light_Source":"LED","Light_Type":"Cobra","Lighting_Type":"LED-Powered Lamp","Verification_Date":null},"id":"stl-city-public-streetlights:2:141289","sourceLayerId":2,"sourceObjectId":141289,"sourceURL":"https://maps8.stlouis-mo.gov/arcgis/rest/services/STREETS/Streets_Permitting/MapServer/2","title":"Street light L034146"},"type":"Feature"},{"geometry":{"coordinates":[-90.22472853837351,38.64677638272091],"type":"Point"},"id":"stl-city-public-streetlights:2:141290","properties":{"address":null,"attributes":{"Date_Installed":"12/23/2018","LED_Powered":1,"LightID":"L034147","Light_Source":"LED","Light_Type":"Cobra","Lighting_Type":"LED-Powered Lamp","Verification_Date":null},"id":"stl-city-public-streetlights:2:141290","sourceLayerId":2,"sourceObjectId":141290,"sourceURL":"https://maps8.stlouis-mo.gov/arcgis/rest/services/STREETS/Streets_Permitting/MapServer/2","title":"Street light L034147"},"type":"Feature"},{"geometry":{"coordinates":[-90.22493026203259,38.646483674075014],"type":"Point"},"id":"stl-city-public-streetlights:2:141291","properties":{"address":null,"attributes":{"Date_Installed":"12/23/2018","LED_Powered":1,"LightID":"L034148","Light_Source":"LED","Light_Type":"Cobra","Lighting_Type":"LED-Powered Lamp","Verification_Date":null},"id":"stl-city-public-streetlights:2:141291","sourceLayerId":2,"sourceObjectId":141291,"sourceURL":"https://maps8.stlouis-mo.gov/arcgis/rest/services/STREETS/Streets_Permitting/MapServer/2","title":"Street light L034148"},"type":"Feature"},{"geometry":{"coordinates":[-90.2251268413276,38.646184279199794],"type":"Point"},"id":"stl-city-public-streetlights:2:141292","properties":{"address":null,"attributes":{"Date_Installed":"12/23/2018","LED_Powered":1,"LightID":"L034149","Light_Source":"LED","Light_Type":"Cobra","Lighting_Type":"LED-Powered Lamp","Verification_Date":null},"id":"stl-city-public-streetlights:2:141292","sourceLayerId":2,"sourceObjectId":141292,"sourceURL":"https://maps8.stlouis-mo.gov/arcgis/rest/services/STREETS/Streets_Permitting/MapServer/2","title":"Street light L034149"},"type":"Feature"},{"geometry":{"coordinates":[-90.22533975578018,38.645904944563746],"type":"Point"},"id":"stl-city-public-streetlights:2:141293","properties":{"address":null,"attributes":{"Date_Installed":"12/23/2018","LED_Powered":1,"LightID":"L034150","Light_Source":"LED","Light_Type":"Cobra","Lighting_Type":"LED-Powered Lamp","Verification_Date":null},"id":"stl-city-public-streetlights:2:141293","sourceLayerId":2,"sourceObjectId":141293,"sourceURL":"https://maps8.stlouis-mo.gov/arcgis/rest/services/STREETS/Streets_Permitting/MapServer/2","title":"Street light L034150"},"type":"Feature"},{"geometry":{"coordinates":[-90.22554540318686,38.64561796375677],"type":"Point"},"id":"stl-city-public-streetlights:2:141294","properties":{"address":null,"attributes":{"Date_Installed":"12/23/2018","LED_Powered":1,"LightID":"L034151","Light_Source":"LED","Light_Type":"Cobra","Lighting_Type":"LED-Powered Lamp","Verification_Date":null},"id":"stl-city-public-streetlights:2:141294","sourceLayerId":2,"sourceObjectId":141294,"sourceURL":"https://maps8.stlouis-mo.gov/arcgis/rest/services/STREETS/Streets_Permitting/MapServer/2","title":"Street light L034151"},"type":"Feature"},{"geometry":{"coordinates":[-90.22989572866797,38.640437039761196],"type":"Point"},"id":"stl-city-public-streetlights:2:143293","properties":{"address":null,"attributes":{"Date_Installed":null,"LED_Powered":0,"LightID":"L036151","Light_Source":"High Pressure Sodium","Light_Type":"Decorative","Lighting_Type":"SIV-LED Irvine (Historic Light Fixture)","Verification_Date":null},"id":"stl-city-public-streetlights:2:143293","sourceLayerId":2,"sourceObjectId":143293,"sourceURL":"https://maps8.stlouis-mo.gov/arcgis/rest/services/STREETS/Streets_Permitting/MapServer/2","title":"Street light L036151"},"type":"Feature"},{"geometry":{"coordinates":[-90.22979191797381,38.64040247617813],"type":"Point"},"id":"stl-city-public-streetlights:2:143294","properties":{"address":null,"attributes":{"Date_Installed":null,"LED_Powered":0,"LightID":"L036152","Light_Source":"High Pressure Sodium","Light_Type":"Decorative","Lighting_Type":"SIV-LED Irvine (Historic Light Fixture)","Verification_Date":null},"id":"stl-city-public-streetlights:2:143294","sourceLayerId":2,"sourceObjectId":143294,"sourceURL":"https://maps8.stlouis-mo.gov/arcgis/rest/services/STREETS/Streets_Permitting/MapServer/2","title":"Street light L036152"},"type":"Feature"},{"geometry":{"coordinates":[-90.22968627372074,38.64037076858855],"type":"Point"},"id":"stl-city-public-streetlights:2:143295","properties":{"address":null,"attributes":{"Date_Installed":null,"LED_Powered":0,"LightID":"L036153","Light_Source":"High Pressure Sodium","Light_Type":"Decorative","Lighting_Type":"SIV-LED Irvine (Historic Light Fixture)","Verification_Date":null},"id":"stl-city-public-streetlights:2:143295","sourceLayerId":2,"sourceObjectId":143295,"sourceURL":"https://maps8.stlouis-mo.gov/arcgis/rest/services/STREETS/Streets_Permitting/MapServer/2","title":"Street light L036153"},"type":"Feature"},{"geometry":{"coordinates":[-90.22956790218834,38.64032901990665],"type":"Point"},"id":"stl-city-public-streetlights:2:143296","properties":{"address":null,"attributes":{"Date_Installed":null,"LED_Powered":0,"LightID":"L036154","Light_Source":"High Pressure Sodium","Light_Type":"Decorative","Lighting_Type":"SIV-LED Irvine (Historic Light Fixture)","Verification_Date":null},"id":"stl-city-public-streetlights:2:143296","sourceLayerId":2,"sourceObjectId":143296,"sourceURL":"https://maps8.stlouis-mo.gov/arcgis/rest/services/STREETS/Streets_Permitting/MapServer/2","title":"Street light L036154"},"type":"Feature"},{"geometry":{"coordinates":[-90.2294641198412,38.64028730484212],"type":"Point"},"id":"stl-city-public-streetlights:2:143297","properties":{"address":null,"attributes":{"Date_Installed":null,"LED_Powered":0,"LightID":"L036155","Light_Source":"High Pressure Sodium","Light_Type":"Decorative","Lighting_Type":"SIV-LED Irvine (Historic Light Fixture)","Verification_Date":null},"id":"stl-city-public-streetlights:2:143297","sourceLayerId":2,"sourceObjectId":143297,"sourceURL":"https://maps8.stlouis-mo.gov/arcgis/rest/services/STREETS/Streets_Permitting/MapServer/2","title":"Street light L036155"},"type":"Feature"},{"geometry":{"coordinates":[-90.22924195456528,38.640206701870035],"type":"Point"},"id":"stl-city-public-streetlights:2:143298","properties":{"address":null,"attributes":{"Date_Installed":null,"LED_Powered":0,"LightID":"L036156","Light_Source":"High Pressure Sodium","Light_Type":"Decorative","Lighting_Type":"SIV-LED Irvine (Historic Light Fixture)","Verification_Date":null},"id":"stl-city-public-streetlights:2:143298","sourceLayerId":2,"sourceObjectId":143298,"sourceURL":"https://maps8.stlouis-mo.gov/arcgis/rest/services/STREETS/Streets_Permitting/MapServer/2","title":"Street light L036156"},"type":"Feature"},{"geometry":{"coordinates":[-90.22909806669658,38.64016203423524],"type":"Point"},"id":"stl-city-public-streetlights:2:143299","properties":{"address":null,"attributes":{"Date_Installed":null,"LED_Powered":0,"LightID":"L036157","Light_Source":"High Pressure Sodium","Light_Type":"Decorative","Lighting_Type":"SIV-LED Irvine (Historic Light Fixture)","Verification_Date":null},"id":"stl-city-public-streetlights:2:143299","sourceLayerId":2,"sourceObjectId":143299,"sourceURL":"https://maps8.stlouis-mo.gov/arcgis/rest/services/STREETS/Streets_Permitting/MapServer/2","title":"Street light L036157"},"type":"Feature"},{"geometry":{"coordinates":[-90.22903485913287,38.64033779812237],"type":"Point"},"id":"stl-city-public-streetlights:2:143300","properties":{"address":null,"attributes":{"Date_Installed":null,"LED_Powered":0,"LightID":"L036158","Light_Source":"High Pressure Sodium","Light_Type":"Decorative","Lighting_Type":"SIV-LED Irvine (Historic Light Fixture)","Verification_Date":null},"id":"stl-city-public-streetlights:2:143300","sourceLayerId":2,"sourceObjectId":143300,"sourceURL":"https://maps8.stlouis-mo.gov/arcgis/rest/services/STREETS/Streets_Permitting/MapServer/2","title":"Street light L036158"},"type":"Feature"},{"geometry":{"coordinates":[-90.22914415964276,38.64036665444266],"type":"Point"},"id":"stl-city-public-streetlights:2:143301","properties":{"address":null,"attributes":{"Date_Installed":null,"LED_Powered":0,"LightID":"L036159","Light_Source":"High Pressure Sodium","Light_Type":"Decorative","Lighting_Type":"SIV-LED Irvine (Historic Light Fixture)","Verification_Date":null},"id":"stl-city-public-streetlights:2:143301","sourceLayerId":2,"sourceObjectId":143301,"sourceURL":"https://maps8.stlouis-mo.gov/arcgis/rest/services/STREETS/Streets_Permitting/MapServer/2","title":"Street light L036159"},"type":"Feature"},{"geometry":{"coordinates":[-90.22924975522025,38.640411234308765],"type":"Point"},"id":"stl-city-public-streetlights:2:143302","properties":{"address":null,"attributes":{"Date_Installed":null,"LED_Powered":0,"LightID":"L036160","Light_Source":"High Pressure Sodium","Light_Type":"Decorative","Lighting_Type":"SIV-LED Irvine (Historic Light Fixture)","Verification_Date":null},"id":"stl-city-public-streetlights:2:143302","sourceLayerId":2,"sourceObjectId":143302,"sourceURL":"https://maps8.stlouis-mo.gov/arcgis/rest/services/STREETS/Streets_Permitting/MapServer/2","title":"Street light L036160"},"type":"Feature"},{"geometry":{"coordinates":[-90.2293608112245,38.6404586861324],"type":"Point"},"id":"stl-city-public-streetlights:2:143303","properties":{"address":null,"attributes":{"Date_Installed":null,"LED_Powered":0,"LightID":"L036161","Light_Source":"High Pressure Sodium","Light_Type":"Decorative","Lighting_Type":"SIV-LED Irvine (Historic Light Fixture)","Verification_Date":null},"id":"stl-city-public-streetlights:2:143303","sourceLayerId":2,"sourceObjectId":143303,"sourceURL":"https://maps8.stlouis-mo.gov/arcgis/rest/services/STREETS/Streets_Permitting/MapServer/2","title":"Street light L036161"},"type":"Feature"},{"geometry":{"coordinates":[-90.22946093179314,38.64050468285262],"type":"Point"},"id":"stl-city-public-streetlights:2:143304","properties":{"address":null,"attributes":{"Date_Installed":null,"LED_Powered":0,"LightID":"L036162","Light_Source":"High Pressure Sodium","Light_Type":"Decorative","Lighting_Type":"SIV-LED Irvine (Historic Light Fixture)","Verification_Date":null},"id":"stl-city-public-streetlights:2:143304","sourceLayerId":2,"sourceObjectId":143304,"sourceURL":"https://maps8.stlouis-mo.gov/arcgis/rest/services/STREETS/Streets_Permitting/MapServer/2","title":"Street light L036162"},"type":"Feature"},{"geometry":{"coordinates":[-90.22955924454374,38.64054638527538],"type":"Point"},"id":"stl-city-public-streetlights:2:143305","properties":{"address":null,"attributes":{"Date_Installed":null,"LED_Powered":0,"LightID":"L036163","Light_Source":"High Pressure Sodium","Light_Type":"Decorative","Lighting_Type":"SIV-LED Irvine (Historic Light Fixture)","Verification_Date":null},"id":"stl-city-public-streetlights:2:143305","sourceLayerId":2,"sourceObjectId":143305,"sourceURL":"https://maps8.stlouis-mo.gov/arcgis/rest/services/STREETS/Streets_Permitting/MapServer/2","title":"Street light L036163"},"type":"Feature"},{"geometry":{"coordinates":[-90.22966664859744,38.64059525897764],"type":"Point"},"id":"stl-city-public-streetlights:2:143306","properties":{"address":null,"attributes":{"Date_Installed":null,"LED_Powered":0,"LightID":"L036164","Light_Source":"High Pressure Sodium","Light_Type":"Decorative","Lighting_Type":"SIV-LED Irvine (Historic Light Fixture)","Verification_Date":null},"id":"stl-city-public-streetlights:2:143306","sourceLayerId":2,"sourceObjectId":143306,"sourceURL":"https://maps8.stlouis-mo.gov/arcgis/rest/services/STREETS/Streets_Permitting/MapServer/2","title":"Street light L036164"},"type":"Feature"},{"geometry":{"coordinates":[-90.22977042728607,38.64063840356317],"type":"Point"},"id":"stl-city-public-streetlights:2:143307","properties":{"address":null,"attributes":{"Date_Installed":null,"LED_Powered":0,"LightID":"L036165","Light_Source":"High Pressure Sodium","Light_Type":"Decorative","Lighting_Type":"SIV-LED Irvine (Historic Light Fixture)","Verification_Date":null},"id":"stl-city-public-streetlights:2:143307","sourceLayerId":2,"sourceObjectId":143307,"sourceURL":"https://maps8.stlouis-mo.gov/arcgis/rest/services/STREETS/Streets_Permitting/MapServer/2","title":"Street light L036165"},"type":"Feature"},{"geometry":{"coordinates":[-90.2298741953629,38.640684408353984],"type":"Point"},"id":"stl-city-public-streetlights:2:143308","properties":{"address":null,"attributes":{"Date_Installed":null,"LED_Powered":0,"LightID":"L036166","Light_Source":"High Pressure Sodium","Light_Type":"Decorative","Lighting_Type":"SIV-LED Irvine (Historic Light Fixture)","Verification_Date":null},"id":"stl-city-public-streetlights:2:143308","sourceLayerId":2,"sourceObjectId":143308,"sourceURL":"https://maps8.stlouis-mo.gov/arcgis/rest/services/STREETS/Streets_Permitting/MapServer/2","title":"Street light L036166"},"type":"Feature"},{"geometry":{"coordinates":[-90.22997795705612,38.64073184364929],"type":"Point"},"id":"stl-city-public-streetlights:2:143309","properties":{"address":null,"attributes":{"Date_Installed":null,"LED_Powered":0,"LightID":"L036167","Light_Source":"High Pressure Sodium","Light_Type":"Decorative","Lighting_Type":"SIV-LED Irvine (Historic Light Fixture)","Verification_Date":null},"id":"stl-city-public-streetlights:2:143309","sourceLayerId":2,"sourceObjectId":143309,"sourceURL":"https://maps8.stlouis-mo.gov/arcgis/rest/services/STREETS/Streets_Permitting/MapServer/2","title":"Street light L036167"},"type":"Feature"},{"geometry":{"coordinates":[-90.22276732684823,38.64053345626424],"type":"Point"},"id":"stl-city-public-streetlights:2:143310","properties":{"address":null,"attributes":{"Date_Installed":"8/1/2016","LED_Powered":1,"LightID":"L036168","Light_Source":"LED","Light_Type":"Cobra","Lighting_Type":"LED-Powered Lamp","Verification_Date":null},"id":"stl-city-public-streetlights:2:143310","sourceLayerId":2,"sourceObjectId":143310,"sourceURL":"https://maps8.stlouis-mo.gov/arcgis/rest/services/STREETS/Streets_Permitting/MapServer/2","title":"Street light L036168"},"type":"Feature"},{"geometry":{"coordinates":[-90.22412954246306,38.643586174042255],"type":"Point"},"id":"stl-city-public-streetlights:2:143311","properties":{"address":null,"attributes":{"Date_Installed":null,"LED_Powered":0,"LightID":"L036169","Light_Source":"LED","Light_Type":"Cobra","Lighting_Type":"LED-Powered Lamp","Verification_Date":null},"id":"stl-city-public-streetlights:2:143311","sourceLayerId":2,"sourceObjectId":143311,"sourceURL":"https://maps8.stlouis-mo.gov/arcgis/rest/services/STREETS/Streets_Permitting/MapServer/2","title":"Street light L036169"},"type":"Feature"},{"geometry":{"coordinates":[-90.22432479230474,38.6432625784639],"type":"Point"},"id":"stl-city-public-streetlights:2:143312","properties":{"address":null,"attributes":{"Date_Installed":null,"LED_Powered":0,"LightID":"L036170","Light_Source":"High Pressure Sodium","Light_Type":"Cobra","Lighting_Type":"400-W High Pressure Sodium Vapor Lamp","Verification_Date":null},"id":"stl-city-public-streetlights:2:143312","sourceLayerId":2,"sourceObjectId":143312,"sourceURL":"https://maps8.stlouis-mo.gov/arcgis/rest/services/STREETS/Streets_Permitting/MapServer/2","title":"Street light L036170"},"type":"Feature"},{"geometry":{"coordinates":[-90.22455633598132,38.643275994837175],"type":"Point"},"id":"stl-city-public-streetlights:2:143313","properties":{"address":null,"attributes":{"Date_Installed":null,"LED_Powered":0,"LightID":"L036171","Light_Source":"High Pressure Sodium","Light_Type":"Cobra","Lighting_Type":"400-W High Pressure Sodium Vapor Lamp","Verification_Date":null},"id":"stl-city-public-streetlights:2:143313","sourceLayerId":2,"sourceObjectId":143313,"sourceURL":"https://maps8.stlouis-mo.gov/arcgis/rest/services/STREETS/Streets_Permitting/MapServer/2","title":"Street light L036171"},"type":"Feature"},{"geometry":{"coordinates":[-90.22476062966902,38.643262174050925],"type":"Point"},"id":"stl-city-public-streetlights:2:143314","properties":{"address":null,"attributes":{"Date_Installed":null,"LED_Powered":0,"LightID":"L036172","Light_Source":"High Pressure Sodium","Light_Type":"Cobra","Lighting_Type":"400-W High Pressure Sodium Vapor Lamp","Verification_Date":null},"id":"stl-city-public-streetlights:2:143314","sourceLayerId":2,"sourceObjectId":143314,"sourceURL":"https://maps8.stlouis-mo.gov/arcgis/rest/services/STREETS/Streets_Permitting/MapServer/2","title":"Street light L036172"},"type":"Feature"},{"geometry":{"coordinates":[-90.22441558618866,38.64213847281686],"type":"Point"},"id":"stl-city-public-streetlights:2:143315","properties":{"address":null,"attributes":{"Date_Installed":null,"LED_Powered":0,"LightID":"L036173","Light_Source":"High Pressure Sodium","Light_Type":"Cobra","Lighting_Type":"400-W High Pressure Sodium Vapor Lamp","Verification_Date":null},"id":"stl-city-public-streetlights:2:143315","sourceLayerId":2,"sourceObjectId":143315,"sourceURL":"https://maps8.stlouis-mo.gov/arcgis/rest/services/STREETS/Streets_Permitting/MapServer/2","title":"Street light L036173"},"type":"Feature"},{"geometry":{"coordinates":[-90.22488658259171,38.64224088536374],"type":"Point"},"id":"stl-city-public-streetlights:2:143316","properties":{"address":null,"attributes":{"Date_Installed":null,"LED_Powered":0,"LightID":"L036174","Light_Source":"High Pressure Sodium","Light_Type":"Cobra","Lighting_Type":"400-W High Pressure Sodium Vapor Lamp","Verification_Date":null},"id":"stl-city-public-streetlights:2:143316","sourceLayerId":2,"sourceObjectId":143316,"sourceURL":"https://maps8.stlouis-mo.gov/arcgis/rest/services/STREETS/Streets_Permitting/MapServer/2","title":"Street light L036174"},"type":"Feature"},{"geometry":{"coordinates":[-90.22543794284272,38.64246981443593],"type":"Point"},"id":"stl-city-public-streetlights:2:143317","properties":{"address":null,"attributes":{"Date_Installed":null,"LED_Powered":0,"LightID":"L036175","Light_Source":"High Pressure Sodium","Light_Type":"Cobra","Lighting_Type":"400-W High Pressure Sodium Vapor Lamp","Verification_Date":null},"id":"stl-city-public-streetlights:2:143317","sourceLayerId":2,"sourceObjectId":143317,"sourceURL":"https://maps8.stlouis-mo.gov/arcgis/rest/services/STREETS/Streets_Permitting/MapServer/2","title":"Street light L036175"},"type":"Feature"},{"geometry":{"coordinates":[-90.22594053776791,38.642575871617645],"type":"Point"},"id":"stl-city-public-streetlights:2:143318","properties":{"address":null,"attributes":{"Date_Installed":null,"LED_Powered":0,"LightID":"L036176","Light_Source":"High Pressure Sodium","Light_Type":"Cobra","Lighting_Type":"400-W High Pressure Sodium Vapor Lamp","Verification_Date":null},"id":"stl-city-public-streetlights:2:143318","sourceLayerId":2,"sourceObjectId":143318,"sourceURL":"https://maps8.stlouis-mo.gov/arcgis/rest/services/STREETS/Streets_Permitting/MapServer/2","title":"Street light L036176"},"type":"Feature"},{"geometry":{"coordinates":[-90.22606404830451,38.642585218418624],"type":"Point"},"id":"stl-city-public-streetlights:2:143319","properties":{"address":null,"attributes":{"Date_Installed":null,"LED_Powered":0,"LightID":"L036177","Light_Source":"High Pressure Sodium","Light_Type":"Cobra","Lighting_Type":"400-W High Pressure Sodium Vapor Lamp","Verification_Date":null},"id":"stl-city-public-streetlights:2:143319","sourceLayerId":2,"sourceObjectId":143319,"sourceURL":"https://maps8.stlouis-mo.gov/arcgis/rest/services/STREETS/Streets_Permitting/MapServer/2","title":"Street light L036177"},"type":"Feature"},{"geometry":{"coordinates":[-90.22420058877007,38.641131452907075],"type":"Point"},"id":"stl-city-public-streetlights:2:143320","properties":{"address":null,"attributes":{"Date_Installed":null,"LED_Powered":0,"LightID":"L036178","Light_Source":"High Pressure Sodium","Light_Type":"Cobra","Lighting_Type":"400-W High Pressure Sodium Vapor Lamp","Verification_Date":null},"id":"stl-city-public-streetlights:2:143320","sourceLayerId":2,"sourceObjectId":143320,"sourceURL":"https://maps8.stlouis-mo.gov/arcgis/rest/services/STREETS/Streets_Permitting/MapServer/2","title":"Street light L036178"},"type":"Feature"},{"geometry":{"coordinates":[-90.22447996518969,38.641191796858735],"type":"Point"},"id":"stl-city-public-streetlights:2:143321","properties":{"address":null,"attributes":{"Date_Installed":null,"LED_Powered":0,"LightID":"L036179","Light_Source":"High Pressure Sodium","Light_Type":"Cobra","Lighting_Type":"400-W High Pressure Sodium Vapor Lamp","Verification_Date":null},"id":"stl-city-public-streetlights:2:143321","sourceLayerId":2,"sourceObjectId":143321,"sourceURL":"https://maps8.stlouis-mo.gov/arcgis/rest/services/STREETS/Streets_Permitting/MapServer/2","title":"Street light L036179"},"type":"Feature"},{"geometry":{"coordinates":[-90.22490270709731,38.64127478785223],"type":"Point"},"id":"stl-city-public-streetlights:2:143322","properties":{"address":null,"attributes":{"Date_Installed":null,"LED_Powered":0,"LightID":"L036180","Light_Source":"High Pressure Sodium","Light_Type":"Cobra","Lighting_Type":"400-W High Pressure Sodium Vapor Lamp","Verification_Date":null},"id":"stl-city-public-streetlights:2:143322","sourceLayerId":2,"sourceObjectId":143322,"sourceURL":"https://maps8.stlouis-mo.gov/arcgis/rest/services/STREETS/Streets_Permitting/MapServer/2","title":"Street light L036180"},"type":"Feature"},{"geometry":{"coordinates":[-90.22544447509985,38.64020797945021],"type":"Point"},"id":"stl-city-public-streetlights:2:143324","properties":{"address":null,"attributes":{"Date_Installed":null,"LED_Powered":0,"LightID":"L036182","Light_Source":"High Pressure Sodium","Light_Type":"Cobra","Lighting_Type":"400-W High Pressure Sodium Vapor Lamp","Verification_Date":null},"id":"stl-city-public-streetlights:2:143324","sourceLayerId":2,"sourceObjectId":143324,"sourceURL":"https://maps8.stlouis-mo.gov/arcgis/rest/services/STREETS/Streets_Permitting/MapServer/2","title":"Street light L036182"},"type":"Feature"},{"geometry":{"coordinates":[-90.22525757207818,38.64076358815177],"type":"Point"},"id":"stl-city-public-streetlights:2:143325","properties":{"address":null,"attributes":{"Date_Installed":null,"LED_Powered":0,"LightID":"L036183","Light_Source":"High Pressure Sodium","Light_Type":"Cobra","Lighting_Type":"400-W High Pressure Sodium Vapor Lamp","Verification_Date":null},"id":"stl-city-public-streetlights:2:143325","sourceLayerId":2,"sourceObjectId":143325,"sourceURL":"https://maps8.stlouis-mo.gov/arcgis/rest/services/STREETS/Streets_Permitting/MapServer/2","title":"Street light L036183"},"type":"Feature"},{"geometry":{"coordinates":[-90.22523930124984,38.641091529993204],"type":"Point"},"id":"stl-city-public-streetlights:2:143326","properties":{"address":null,"attributes":{"Date_Installed":null,"LED_Powered":0,"LightID":"L036184","Light_Source":"High Pressure Sodium","Light_Type":"Cobra","Lighting_Type":"400-W High Pressure Sodium Vapor Lamp","Verification_Date":null},"id":"stl-city-public-streetlights:2:143326","sourceLayerId":2,"sourceObjectId":143326,"sourceURL":"https://maps8.stlouis-mo.gov/arcgis/rest/services/STREETS/Streets_Permitting/MapServer/2","title":"Street light L036184"},"type":"Feature"},{"geometry":{"coordinates":[-90.22508884943474,38.64165122838801],"type":"Point"},"id":"stl-city-public-streetlights:2:143327","properties":{"address":null,"attributes":{"Date_Installed":null,"LED_Powered":0,"LightID":"L036185","Light_Source":"High Pressure Sodium","Light_Type":"Cobra","Lighting_Type":"400-W High Pressure Sodium Vapor Lamp","Verification_Date":null},"id":"stl-city-public-streetlights:2:143327","sourceLayerId":2,"sourceObjectId":143327,"sourceURL":"https://maps8.stlouis-mo.gov/arcgis/rest/services/STREETS/Streets_Permitting/MapServer/2","title":"Street light L036185"},"type":"Feature"},{"geometry":{"coordinates":[-90.22509445346367,38.64209363909944],"type":"Point"},"id":"stl-city-public-streetlights:2:143328","properties":{"address":null,"attributes":{"Date_Installed":null,"LED_Powered":0,"LightID":"L036186","Light_Source":"High Pressure Sodium","Light_Type":"Cobra","Lighting_Type":"400-W High Pressure Sodium Vapor Lamp","Verification_Date":null},"id":"stl-city-public-streetlights:2:143328","sourceLayerId":2,"sourceObjectId":143328,"sourceURL":"https://maps8.stlouis-mo.gov/arcgis/rest/services/STREETS/Streets_Permitting/MapServer/2","title":"Street light L036186"},"type":"Feature"},{"geometry":{"coordinates":[-90.22712815396713,38.64017954691788],"type":"Point"},"id":"stl-city-public-streetlights:2:143329","properties":{"address":null,"attributes":{"Date_Installed":null,"LED_Powered":0,"LightID":"L036187","Light_Source":"High Pressure Sodium","Light_Type":"Cobra","Lighting_Type":"400-W High Pressure Sodium Vapor Lamp","Verification_Date":null},"id":"stl-city-public-streetlights:2:143329","sourceLayerId":2,"sourceObjectId":143329,"sourceURL":"https://maps8.stlouis-mo.gov/arcgis/rest/services/STREETS/Streets_Permitting/MapServer/2","title":"Street light L036187"},"type":"Feature"},{"geometry":{"coordinates":[-90.22701492261595,38.64051619896875],"type":"Point"},"id":"stl-city-public-streetlights:2:143330","properties":{"address":null,"attributes":{"Date_Installed":null,"LED_Powered":0,"LightID":"L036188","Light_Source":"High Pressure Sodium","Light_Type":"Cobra","Lighting_Type":"400-W High Pressure Sodium Vapor Lamp","Verification_Date":null},"id":"stl-city-public-streetlights:2:143330","sourceLayerId":2,"sourceObjectId":143330,"sourceURL":"https://maps8.stlouis-mo.gov/arcgis/rest/services/STREETS/Streets_Permitting/MapServer/2","title":"Street light L036188"},"type":"Feature"},{"geometry":{"coordinates":[-90.2266816810311,38.64103504724884],"type":"Point"},"id":"stl-city-public-streetlights:2:143331","properties":{"address":null,"attributes":{"Date_Installed":null,"LED_Powered":0,"LightID":"L036189","Light_Source":"High Pressure Sodium","Light_Type":"Cobra","Lighting_Type":"400-W High Pressure Sodium Vapor Lamp","Verification_Date":null},"id":"stl-city-public-streetlights:2:143331","sourceLayerId":2,"sourceObjectId":143331,"sourceURL":"https://maps8.stlouis-mo.gov/arcgis/rest/services/STREETS/Streets_Permitting/MapServer/2","title":"Street light L036189"},"type":"Feature"},{"geometry":{"coordinates":[-90.22657413539808,38.641343949416296],"type":"Point"},"id":"stl-city-public-streetlights:2:143740","properties":{"address":null,"attributes":{"Date_Installed":null,"LED_Powered":0,"LightID":"L036598","Light_Source":"High Pressure Sodium","Light_Type":"Cobra","Lighting_Type":"400-W High Pressure Sodium Vapor Lamp","Verification_Date":null},"id":"stl-city-public-streetlights:2:143740","sourceLayerId":2,"sourceObjectId":143740,"sourceURL":"https://maps8.stlouis-mo.gov/arcgis/rest/services/STREETS/Streets_Permitting/MapServer/2","title":"Street light L036598"},"type":"Feature"},{"geometry":{"coordinates":[-90.22842302880105,38.64081995225874],"type":"Point"},"id":"stl-city-public-streetlights:2:143741","properties":{"address":null,"attributes":{"Date_Installed":null,"LED_Powered":0,"LightID":"L036599","Light_Source":"High Pressure Sodium","Light_Type":"Cobra","Lighting_Type":"400-W High Pressure Sodium Vapor Lamp","Verification_Date":null},"id":"stl-city-public-streetlights:2:143741","sourceLayerId":2,"sourceObjectId":143741,"sourceURL":"https://maps8.stlouis-mo.gov/arcgis/rest/services/STREETS/Streets_Permitting/MapServer/2","title":"Street light L036599"},"type":"Feature"},{"geometry":{"coordinates":[-90.22822280896935,38.6414068082042],"type":"Point"},"id":"stl-city-public-streetlights:2:143742","properties":{"address":null,"attributes":{"Date_Installed":null,"LED_Powered":0,"LightID":"L036600","Light_Source":"High Pressure Sodium","Light_Type":"Cobra","Lighting_Type":"400-W High Pressure Sodium Vapor Lamp","Verification_Date":null},"id":"stl-city-public-streetlights:2:143742","sourceLayerId":2,"sourceObjectId":143742,"sourceURL":"https://maps8.stlouis-mo.gov/arcgis/rest/services/STREETS/Streets_Permitting/MapServer/2","title":"Street light L036600"},"type":"Feature"},{"geometry":{"coordinates":[-90.22988254269477,38.64114039086513],"type":"Point"},"id":"stl-city-public-streetlights:2:143919","properties":{"address":null,"attributes":{"Date_Installed":null,"LED_Powered":1,"LightID":"L036777","Light_Source":"LED","Light_Type":"Cobra","Lighting_Type":"LED-Powered Lamp","Verification_Date":1646092800000},"id":"stl-city-public-streetlights:2:143919","sourceLayerId":2,"sourceObjectId":143919,"sourceURL":"https://maps8.stlouis-mo.gov/arcgis/rest/services/STREETS/Streets_Permitting/MapServer/2","title":"Street light L036777"},"type":"Feature"},{"geometry":{"coordinates":[-90.22960195301782,38.64118992399102],"type":"Point"},"id":"stl-city-public-streetlights:2:143920","properties":{"address":null,"attributes":{"Date_Installed":"2020-03-03","LED_Powered":1,"LightID":"L036778","Light_Source":"LED","Light_Type":"Cobra","Lighting_Type":"5G Pole - 5G Pole -5G Pole - 1A","Verification_Date":null},"id":"stl-city-public-streetlights:2:143920","sourceLayerId":2,"sourceObjectId":143920,"sourceURL":"https://maps8.stlouis-mo.gov/arcgis/rest/services/STREETS/Streets_Permitting/MapServer/2","title":"Street light L036778"},"type":"Feature"},{"geometry":{"coordinates":[-90.22315747447114,38.648211758783674],"type":"Point"},"id":"stl-city-public-streetlights:2:144420","properties":{"address":null,"attributes":{"Date_Installed":"12/23/2018","LED_Powered":1,"LightID":"L037278","Light_Source":"LED","Light_Type":"Cobra","Lighting_Type":"LED-Powered Lamp","Verification_Date":null},"id":"stl-city-public-streetlights:2:144420","sourceLayerId":2,"sourceObjectId":144420,"sourceURL":"https://maps8.stlouis-mo.gov/arcgis/rest/services/STREETS/Streets_Permitting/MapServer/2","title":"Street light L037278"},"type":"Feature"},{"geometry":{"coordinates":[-90.2227106815657,38.648207840288514],"type":"Point"},"id":"stl-city-public-streetlights:2:144421","properties":{"address":null,"attributes":{"Date_Installed":"12/23/2018","LED_Powered":1,"LightID":"L037279","Light_Source":"LED","Light_Type":"Cobra","Lighting_Type":"LED-Powered Lamp","Verification_Date":null},"id":"stl-city-public-streetlights:2:144421","sourceLayerId":2,"sourceObjectId":144421,"sourceURL":"https://maps8.stlouis-mo.gov/arcgis/rest/services/STREETS/Streets_Permitting/MapServer/2","title":"Street light L037279"},"type":"Feature"},{"geometry":{"coordinates":[-90.22237540256725,38.64831682815353],"type":"Point"},"id":"stl-city-public-streetlights:2:144422","properties":{"address":null,"attributes":{"Date_Installed":"12/23/2018","LED_Powered":1,"LightID":"L037280","Light_Source":"LED","Light_Type":"Cobra","Lighting_Type":"LED-Powered Lamp","Verification_Date":null},"id":"stl-city-public-streetlights:2:144422","sourceLayerId":2,"sourceObjectId":144422,"sourceURL":"https://maps8.stlouis-mo.gov/arcgis/rest/services/STREETS/Streets_Permitting/MapServer/2","title":"Street light L037280"},"type":"Feature"},{"geometry":{"coordinates":[-90.22232362512186,38.648410653419155],"type":"Point"},"id":"stl-city-public-streetlights:2:144423","properties":{"address":null,"attributes":{"Date_Installed":"12/23/2018","LED_Powered":1,"LightID":"L037281","Light_Source":"LED","Light_Type":"Cobra","Lighting_Type":"LED-Powered Lamp","Verification_Date":null},"id":"stl-city-public-streetlights:2:144423","sourceLayerId":2,"sourceObjectId":144423,"sourceURL":"https://maps8.stlouis-mo.gov/arcgis/rest/services/STREETS/Streets_Permitting/MapServer/2","title":"Street light L037281"},"type":"Feature"},{"geometry":{"coordinates":[-90.22188287976594,38.64841437392968],"type":"Point"},"id":"stl-city-public-streetlights:2:144424","properties":{"address":null,"attributes":{"Date_Installed":"12/23/2018","LED_Powered":1,"LightID":"L037282","Light_Source":"LED","Light_Type":"Cobra","Lighting_Type":"LED-Powered Lamp","Verification_Date":null},"id":"stl-city-public-streetlights:2:144424","sourceLayerId":2,"sourceObjectId":144424,"sourceURL":"https://maps8.stlouis-mo.gov/arcgis/rest/services/STREETS/Streets_Permitting/MapServer/2","title":"Street light L037282"},"type":"Feature"},{"geometry":{"coordinates":[-90.22145645755,38.648408591890934],"type":"Point"},"id":"stl-city-public-streetlights:2:144425","properties":{"address":null,"attributes":{"Date_Installed":"12/23/2018","LED_Powered":1,"LightID":"L037283","Light_Source":"LED","Light_Type":"Cobra","Lighting_Type":"LED-Powered Lamp","Verification_Date":null},"id":"stl-city-public-streetlights:2:144425","sourceLayerId":2,"sourceObjectId":144425,"sourceURL":"https://maps8.stlouis-mo.gov/arcgis/rest/services/STREETS/Streets_Permitting/MapServer/2","title":"Street light L037283"},"type":"Feature"},{"geometry":{"coordinates":[-90.22104304041063,38.64841952464698],"type":"Point"},"id":"stl-city-public-streetlights:2:144426","properties":{"address":null,"attributes":{"Date_Installed":"12/23/2018","LED_Powered":1,"LightID":"L037284","Light_Source":"LED","Light_Type":"Cobra","Lighting_Type":"LED-Powered Lamp","Verification_Date":null},"id":"stl-city-public-streetlights:2:144426","sourceLayerId":2,"sourceObjectId":144426,"sourceURL":"https://maps8.stlouis-mo.gov/arcgis/rest/services/STREETS/Streets_Permitting/MapServer/2","title":"Street light L037284"},"type":"Feature"},{"geometry":{"coordinates":[-90.22059012814078,38.6484255950217],"type":"Point"},"id":"stl-city-public-streetlights:2:144427","properties":{"address":null,"attributes":{"Date_Installed":"12/23/2018","LED_Powered":1,"LightID":"L037285","Light_Source":"LED","Light_Type":"Cobra","Lighting_Type":"LED-Powered Lamp","Verification_Date":null},"id":"stl-city-public-streetlights:2:144427","sourceLayerId":2,"sourceObjectId":144427,"sourceURL":"https://maps8.stlouis-mo.gov/arcgis/rest/services/STREETS/Streets_Permitting/MapServer/2","title":"Street light L037285"},"type":"Feature"},{"geometry":{"coordinates":[-90.22021323098798,38.64842469422411],"type":"Point"},"id":"stl-city-public-streetlights:2:144428","properties":{"address":null,"attributes":{"Date_Installed":"12/23/2018","LED_Powered":1,"LightID":"L037286","Light_Source":"LED","Light_Type":"Cobra","Lighting_Type":"LED-Powered Lamp","Verification_Date":null},"id":"stl-city-public-streetlights:2:144428","sourceLayerId":2,"sourceObjectId":144428,"sourceURL":"https://maps8.stlouis-mo.gov/arcgis/rest/services/STREETS/Streets_Permitting/MapServer/2","title":"Street light L037286"},"type":"Feature"},{"geometry":{"coordinates":[-90.22237617339002,38.6473296598768],"type":"Point"},"id":"stl-city-public-streetlights:2:144457","properties":{"address":null,"attributes":{"Date_Installed":"12/23/2018","LED_Powered":1,"LightID":"L037315","Light_Source":"LED","Light_Type":"Cobra","Lighting_Type":"LED-Powered Lamp","Verification_Date":null},"id":"stl-city-public-streetlights:2:144457","sourceLayerId":2,"sourceObjectId":144457,"sourceURL":"https://maps8.stlouis-mo.gov/arcgis/rest/services/STREETS/Streets_Permitting/MapServer/2","title":"Street light L037315"},"type":"Feature"},{"geometry":{"coordinates":[-90.22887717967211,38.640122248301026],"type":"Point"},"id":"stl-city-public-streetlights:2:145644","properties":{"address":null,"attributes":{"Date_Installed":null,"LED_Powered":0,"LightID":"L038501","Light_Source":"LED","Light_Type":"Cobra","Lighting_Type":"LED-Powered Lamp","Verification_Date":null},"id":"stl-city-public-streetlights:2:145644","sourceLayerId":2,"sourceObjectId":145644,"sourceURL":"https://maps8.stlouis-mo.gov/arcgis/rest/services/STREETS/Streets_Permitting/MapServer/2","title":"Street light L038501"},"type":"Feature"},{"geometry":{"coordinates":[-90.22896030155961,38.64032409406573],"type":"Point"},"id":"stl-city-public-streetlights:2:145645","properties":{"address":null,"attributes":{"Date_Installed":null,"LED_Powered":0,"LightID":"L038502","Light_Source":"LED","Light_Type":"Cobra","Lighting_Type":"LED-Powered Lamp","Verification_Date":null},"id":"stl-city-public-streetlights:2:145645","sourceLayerId":2,"sourceObjectId":145645,"sourceURL":"https://maps8.stlouis-mo.gov/arcgis/rest/services/STREETS/Streets_Permitting/MapServer/2","title":"Street light L038502"},"type":"Feature"},{"geometry":{"coordinates":[-90.22853737522597,38.64047840871446],"type":"Point"},"id":"stl-city-public-streetlights:2:145646","properties":{"address":null,"attributes":{"Date_Installed":null,"LED_Powered":0,"LightID":"L038503","Light_Source":"LED","Light_Type":"Cobra","Lighting_Type":"LED-Powered Lamp","Verification_Date":null},"id":"stl-city-public-streetlights:2:145646","sourceLayerId":2,"sourceObjectId":145646,"sourceURL":"https://maps8.stlouis-mo.gov/arcgis/rest/services/STREETS/Streets_Permitting/MapServer/2","title":"Street light L038503"},"type":"Feature"},{"geometry":{"coordinates":[-90.22842773112114,38.64020701643608],"type":"Point"},"id":"stl-city-public-streetlights:2:145647","properties":{"address":null,"attributes":{"Date_Installed":null,"LED_Powered":0,"LightID":"L038504","Light_Source":"LED","Light_Type":"Cobra","Lighting_Type":"LED-Powered Lamp","Verification_Date":null},"id":"stl-city-public-streetlights:2:145647","sourceLayerId":2,"sourceObjectId":145647,"sourceURL":"https://maps8.stlouis-mo.gov/arcgis/rest/services/STREETS/Streets_Permitting/MapServer/2","title":"Street light L038504"},"type":"Feature"},{"geometry":{"coordinates":[-90.22792667226176,38.640100019444645],"type":"Point"},"id":"stl-city-public-streetlights:2:145648","properties":{"address":null,"attributes":{"Date_Installed":null,"LED_Powered":0,"LightID":"L038505","Light_Source":"LED","Light_Type":"Cobra","Lighting_Type":"LED-Powered Lamp","Verification_Date":null},"id":"stl-city-public-streetlights:2:145648","sourceLayerId":2,"sourceObjectId":145648,"sourceURL":"https://maps8.stlouis-mo.gov/arcgis/rest/services/STREETS/Streets_Permitting/MapServer/2","title":"Street light L038505"},"type":"Feature"},{"geometry":{"coordinates":[-90.22327135174119,38.64007969801904],"type":"Point"},"id":"stl-city-public-streetlights:2:145674","properties":{"address":null,"attributes":{"Date_Installed":null,"LED_Powered":0,"LightID":"L038531","Light_Source":"LED","Light_Type":"Cobra","Lighting_Type":"LED-Powered Lamp","Verification_Date":null},"id":"stl-city-public-streetlights:2:145674","sourceLayerId":2,"sourceObjectId":145674,"sourceURL":"https://maps8.stlouis-mo.gov/arcgis/rest/services/STREETS/Streets_Permitting/MapServer/2","title":"Street light L038531"},"type":"Feature"},{"geometry":{"coordinates":[-90.22365812292075,38.64016910383416],"type":"Point"},"id":"stl-city-public-streetlights:2:145675","properties":{"address":null,"attributes":{"Date_Installed":null,"LED_Powered":0,"LightID":"L038532","Light_Source":"LED","Light_Type":"Cobra","Lighting_Type":"LED-Powered Lamp","Verification_Date":null},"id":"stl-city-public-streetlights:2:145675","sourceLayerId":2,"sourceObjectId":145675,"sourceURL":"https://maps8.stlouis-mo.gov/arcgis/rest/services/STREETS/Streets_Permitting/MapServer/2","title":"Street light L038532"},"type":"Feature"},{"geometry":{"coordinates":[-90.22415687702544,38.64026121476542],"type":"Point"},"id":"stl-city-public-streetlights:2:145676","properties":{"address":null,"attributes":{"Date_Installed":null,"LED_Powered":0,"LightID":"L038533","Light_Source":"LED","Light_Type":"Cobra","Lighting_Type":"LED-Powered Lamp","Verification_Date":null},"id":"stl-city-public-streetlights:2:145676","sourceLayerId":2,"sourceObjectId":145676,"sourceURL":"https://maps8.stlouis-mo.gov/arcgis/rest/services/STREETS/Streets_Permitting/MapServer/2","title":"Street light L038533"},"type":"Feature"},{"geometry":{"coordinates":[-90.22465724477998,38.64036902985991],"type":"Point"},"id":"stl-city-public-streetlights:2:145677","properties":{"address":null,"attributes":{"Date_Installed":null,"LED_Powered":0,"LightID":"L038534","Light_Source":"LED","Light_Type":"Cobra","Lighting_Type":"LED-Powered Lamp","Verification_Date":null},"id":"stl-city-public-streetlights:2:145677","sourceLayerId":2,"sourceObjectId":145677,"sourceURL":"https://maps8.stlouis-mo.gov/arcgis/rest/services/STREETS/Streets_Permitting/MapServer/2","title":"Street light L038534"},"type":"Feature"},{"geometry":{"coordinates":[-90.22516743498396,38.64047177136317],"type":"Point"},"id":"stl-city-public-streetlights:2:145678","properties":{"address":null,"attributes":{"Date_Installed":null,"LED_Powered":0,"LightID":"L038535","Light_Source":"LED","Light_Type":"Cobra","Lighting_Type":"LED-Powered Lamp","Verification_Date":null},"id":"stl-city-public-streetlights:2:145678","sourceLayerId":2,"sourceObjectId":145678,"sourceURL":"https://maps8.stlouis-mo.gov/arcgis/rest/services/STREETS/Streets_Permitting/MapServer/2","title":"Street light L038535"},"type":"Feature"},{"geometry":{"coordinates":[-90.22583155418327,38.640616345688166],"type":"Point"},"id":"stl-city-public-streetlights:2:145679","properties":{"address":null,"attributes":{"Date_Installed":null,"LED_Powered":0,"LightID":"L038536","Light_Source":"LED","Light_Type":"Cobra","Lighting_Type":"LED-Powered Lamp","Verification_Date":null},"id":"stl-city-public-streetlights:2:145679","sourceLayerId":2,"sourceObjectId":145679,"sourceURL":"https://maps8.stlouis-mo.gov/arcgis/rest/services/STREETS/Streets_Permitting/MapServer/2","title":"Street light L038536"},"type":"Feature"},{"geometry":{"coordinates":[-90.2265884381132,38.64077543558197],"type":"Point"},"id":"stl-city-public-streetlights:2:145680","properties":{"address":null,"attributes":{"Date_Installed":null,"LED_Powered":0,"LightID":"L038537","Light_Source":"LED","Light_Type":"Cobra","Lighting_Type":"LED-Powered Lamp","Verification_Date":null},"id":"stl-city-public-streetlights:2:145680","sourceLayerId":2,"sourceObjectId":145680,"sourceURL":"https://maps8.stlouis-mo.gov/arcgis/rest/services/STREETS/Streets_Permitting/MapServer/2","title":"Street light L038537"},"type":"Feature"},{"geometry":{"coordinates":[-90.22740938582402,38.640823830819386],"type":"Point"},"id":"stl-city-public-streetlights:2:145681","properties":{"address":null,"attributes":{"Date_Installed":null,"LED_Powered":0,"LightID":"L038538","Light_Source":"LED","Light_Type":"Cobra","Lighting_Type":"LED-Powered Lamp","Verification_Date":null},"id":"stl-city-public-streetlights:2:145681","sourceLayerId":2,"sourceObjectId":145681,"sourceURL":"https://maps8.stlouis-mo.gov/arcgis/rest/services/STREETS/Streets_Permitting/MapServer/2","title":"Street light L038538"},"type":"Feature"},{"geometry":{"coordinates":[-90.22813694918592,38.64097426141091],"type":"Point"},"id":"stl-city-public-streetlights:2:145682","properties":{"address":null,"attributes":{"Date_Installed":null,"LED_Powered":0,"LightID":"L038539","Light_Source":"LED","Light_Type":"Cobra","Lighting_Type":"LED-Powered Lamp","Verification_Date":null},"id":"stl-city-public-streetlights:2:145682","sourceLayerId":2,"sourceObjectId":145682,"sourceURL":"https://maps8.stlouis-mo.gov/arcgis/rest/services/STREETS/Streets_Permitting/MapServer/2","title":"Street light L038539"},"type":"Feature"},{"geometry":{"coordinates":[-90.228734676115,38.641222495086005],"type":"Point"},"id":"stl-city-public-streetlights:2:145683","properties":{"address":null,"attributes":{"Date_Installed":null,"LED_Powered":0,"LightID":"L038540","Light_Source":"LED","Light_Type":"Cobra","Lighting_Type":"LED-Powered Lamp","Verification_Date":null},"id":"stl-city-public-streetlights:2:145683","sourceLayerId":2,"sourceObjectId":145683,"sourceURL":"https://maps8.stlouis-mo.gov/arcgis/rest/services/STREETS/Streets_Permitting/MapServer/2","title":"Street light L038540"},"type":"Feature"},{"geometry":{"coordinates":[-90.22916106125541,38.64130786289719],"type":"Point"},"id":"stl-city-public-streetlights:2:145684","properties":{"address":null,"attributes":{"Date_Installed":null,"LED_Powered":0,"LightID":"L038541","Light_Source":"LED","Light_Type":"Cobra","Lighting_Type":"LED-Powered Lamp","Verification_Date":null},"id":"stl-city-public-streetlights:2:145684","sourceLayerId":2,"sourceObjectId":145684,"sourceURL":"https://maps8.stlouis-mo.gov/arcgis/rest/services/STREETS/Streets_Permitting/MapServer/2","title":"Street light L038541"},"type":"Feature"},{"geometry":{"coordinates":[-90.22964099909174,38.64140908424183],"type":"Point"},"id":"stl-city-public-streetlights:2:145685","properties":{"address":null,"attributes":{"Date_Installed":null,"LED_Powered":1,"LightID":"L038542","Light_Source":"LED","Light_Type":"Cobra","Lighting_Type":"LED-Powered Lamp","Verification_Date":1646092800000},"id":"stl-city-public-streetlights:2:145685","sourceLayerId":2,"sourceObjectId":145685,"sourceURL":"https://maps8.stlouis-mo.gov/arcgis/rest/services/STREETS/Streets_Permitting/MapServer/2","title":"Street light L038542"},"type":"Feature"},{"geometry":{"coordinates":[-90.22969778509142,38.641489567521525],"type":"Point"},"id":"stl-city-public-streetlights:2:145686","properties":{"address":null,"attributes":{"Date_Installed":null,"LED_Powered":1,"LightID":"L038543","Light_Source":"LED","Light_Type":"Cobra","Lighting_Type":"LED-Powered Lamp","Verification_Date":1646092800000},"id":"stl-city-public-streetlights:2:145686","sourceLayerId":2,"sourceObjectId":145686,"sourceURL":"https://maps8.stlouis-mo.gov/arcgis/rest/services/STREETS/Streets_Permitting/MapServer/2","title":"Street light L038543"},"type":"Feature"},{"geometry":{"coordinates":[-90.22943160153372,38.64196047733758],"type":"Point"},"id":"stl-city-public-streetlights:2:145687","properties":{"address":null,"attributes":{"Date_Installed":null,"LED_Powered":1,"LightID":"L038544","Light_Source":"LED","Light_Type":"Cobra","Lighting_Type":"LED-Powered Lamp","Verification_Date":1646092800000},"id":"stl-city-public-streetlights:2:145687","sourceLayerId":2,"sourceObjectId":145687,"sourceURL":"https://maps8.stlouis-mo.gov/arcgis/rest/services/STREETS/Streets_Permitting/MapServer/2","title":"Street light L038544"},"type":"Feature"},{"geometry":{"coordinates":[-90.22183057153006,38.64166028219277],"type":"Point"},"id":"stl-city-public-streetlights:2:145688","properties":{"address":null,"attributes":{"Date_Installed":null,"LED_Powered":0,"LightID":"L038545","Light_Source":"LED","Light_Type":"Cobra","Lighting_Type":"LED-Powered Lamp","Verification_Date":null},"id":"stl-city-public-streetlights:2:145688","sourceLayerId":2,"sourceObjectId":145688,"sourceURL":"https://maps8.stlouis-mo.gov/arcgis/rest/services/STREETS/Streets_Permitting/MapServer/2","title":"Street light L038545"},"type":"Feature"},{"geometry":{"coordinates":[-90.22222838588019,38.64174465328015],"type":"Point"},"id":"stl-city-public-streetlights:2:145689","properties":{"address":null,"attributes":{"Date_Installed":null,"LED_Powered":0,"LightID":"L038546","Light_Source":"LED","Light_Type":"Cobra","Lighting_Type":"LED-Powered Lamp","Verification_Date":null},"id":"stl-city-public-streetlights:2:145689","sourceLayerId":2,"sourceObjectId":145689,"sourceURL":"https://maps8.stlouis-mo.gov/arcgis/rest/services/STREETS/Streets_Permitting/MapServer/2","title":"Street light L038546"},"type":"Feature"},{"geometry":{"coordinates":[-90.22263075567385,38.64183022659167],"type":"Point"},"id":"stl-city-public-streetlights:2:145690","properties":{"address":null,"attributes":{"Date_Installed":null,"LED_Powered":0,"LightID":"L038547","Light_Source":"LED","Light_Type":"Cobra","Lighting_Type":"LED-Powered Lamp","Verification_Date":null},"id":"stl-city-public-streetlights:2:145690","sourceLayerId":2,"sourceObjectId":145690,"sourceURL":"https://maps8.stlouis-mo.gov/arcgis/rest/services/STREETS/Streets_Permitting/MapServer/2","title":"Street light L038547"},"type":"Feature"},{"geometry":{"coordinates":[-90.22302720154501,38.64191518810651],"type":"Point"},"id":"stl-city-public-streetlights:2:145691","properties":{"address":null,"attributes":{"Date_Installed":null,"LED_Powered":0,"LightID":"L038548","Light_Source":"LED","Light_Type":"Cobra","Lighting_Type":"LED-Powered Lamp","Verification_Date":null},"id":"stl-city-public-streetlights:2:145691","sourceLayerId":2,"sourceObjectId":145691,"sourceURL":"https://maps8.stlouis-mo.gov/arcgis/rest/services/STREETS/Streets_Permitting/MapServer/2","title":"Street light L038548"},"type":"Feature"},{"geometry":{"coordinates":[-90.22343565550877,38.641999580277314],"type":"Point"},"id":"stl-city-public-streetlights:2:145692","properties":{"address":null,"attributes":{"Date_Installed":null,"LED_Powered":0,"LightID":"L038549","Light_Source":"LED","Light_Type":"Cobra","Lighting_Type":"LED-Powered Lamp","Verification_Date":null},"id":"stl-city-public-streetlights:2:145692","sourceLayerId":2,"sourceObjectId":145692,"sourceURL":"https://maps8.stlouis-mo.gov/arcgis/rest/services/STREETS/Streets_Permitting/MapServer/2","title":"Street light L038549"},"type":"Feature"},{"geometry":{"coordinates":[-90.22380796706851,38.64207792722604],"type":"Point"},"id":"stl-city-public-streetlights:2:145693","properties":{"address":null,"attributes":{"Date_Installed":null,"LED_Powered":0,"LightID":"L038550","Light_Source":"LED","Light_Type":"Cobra","Lighting_Type":"LED-Powered Lamp","Verification_Date":null},"id":"stl-city-public-streetlights:2:145693","sourceLayerId":2,"sourceObjectId":145693,"sourceURL":"https://maps8.stlouis-mo.gov/arcgis/rest/services/STREETS/Streets_Permitting/MapServer/2","title":"Street light L038550"},"type":"Feature"},{"geometry":{"coordinates":[-90.22385889962675,38.64029725636988],"type":"Point"},"id":"stl-city-public-streetlights:2:145694","properties":{"address":null,"attributes":{"Date_Installed":null,"LED_Powered":0,"LightID":"L038551","Light_Source":"LED","Light_Type":"Cobra","Lighting_Type":"LED-Powered Lamp","Verification_Date":null},"id":"stl-city-public-streetlights:2:145694","sourceLayerId":2,"sourceObjectId":145694,"sourceURL":"https://maps8.stlouis-mo.gov/arcgis/rest/services/STREETS/Streets_Permitting/MapServer/2","title":"Street light L038551"},"type":"Feature"},{"geometry":{"coordinates":[-90.22386548943244,38.640797495803476],"type":"Point"},"id":"stl-city-public-streetlights:2:145695","properties":{"address":null,"attributes":{"Date_Installed":null,"LED_Powered":0,"LightID":"L038552","Light_Source":"LED","Light_Type":"Cobra","Lighting_Type":"LED-Powered Lamp","Verification_Date":null},"id":"stl-city-public-streetlights:2:145695","sourceLayerId":2,"sourceObjectId":145695,"sourceURL":"https://maps8.stlouis-mo.gov/arcgis/rest/services/STREETS/Streets_Permitting/MapServer/2","title":"Street light L038552"},"type":"Feature"},{"geometry":{"coordinates":[-90.2238709176154,38.641283764174176],"type":"Point"},"id":"stl-city-public-streetlights:2:145696","properties":{"address":null,"attributes":{"Date_Installed":null,"LED_Powered":0,"LightID":"L038553","Light_Source":"LED","Light_Type":"Cobra","Lighting_Type":"LED-Powered Lamp","Verification_Date":null},"id":"stl-city-public-streetlights:2:145696","sourceLayerId":2,"sourceObjectId":145696,"sourceURL":"https://maps8.stlouis-mo.gov/arcgis/rest/services/STREETS/Streets_Permitting/MapServer/2","title":"Street light L038553"},"type":"Feature"},{"geometry":{"coordinates":[-90.22653851957625,38.64620240446933],"type":"Point"},"id":"stl-city-public-streetlights:2:147217","properties":{"address":null,"attributes":{"Date_Installed":null,"LED_Powered":0,"LightID":"L040072","Light_Source":"High Pressure Sodium","Light_Type":"Decorative","Lighting_Type":"King Luminaire (Historic Light Fixture)","Verification_Date":null},"id":"stl-city-public-streetlights:2:147217","sourceLayerId":2,"sourceObjectId":147217,"sourceURL":"https://maps8.stlouis-mo.gov/arcgis/rest/services/STREETS/Streets_Permitting/MapServer/2","title":"Street light L040072"},"type":"Feature"},{"geometry":{"coordinates":[-90.22637507642163,38.64602182219319],"type":"Point"},"id":"stl-city-public-streetlights:2:147218","properties":{"address":null,"attributes":{"Date_Installed":null,"LED_Powered":0,"LightID":"L040073","Light_Source":"High Pressure Sodium","Light_Type":"Decorative","Lighting_Type":"King Luminaire (Historic Light Fixture)","Verification_Date":null},"id":"stl-city-public-streetlights:2:147218","sourceLayerId":2,"sourceObjectId":147218,"sourceURL":"https://maps8.stlouis-mo.gov/arcgis/rest/services/STREETS/Streets_Permitting/MapServer/2","title":"Street light L040073"},"type":"Feature"},{"geometry":{"coordinates":[-90.22621528249348,38.64584124732363],"type":"Point"},"id":"stl-city-public-streetlights:2:147219","properties":{"address":null,"attributes":{"Date_Installed":null,"LED_Powered":0,"LightID":"L040074","Light_Source":"High Pressure Sodium","Light_Type":"Decorative","Lighting_Type":"King Luminaire (Historic Light Fixture)","Verification_Date":null},"id":"stl-city-public-streetlights:2:147219","sourceLayerId":2,"sourceObjectId":147219,"sourceURL":"https://maps8.stlouis-mo.gov/arcgis/rest/services/STREETS/Streets_Permitting/MapServer/2","title":"Street light L040074"},"type":"Feature"},{"geometry":{"coordinates":[-90.22604822209553,38.64565350576845],"type":"Point"},"id":"stl-city-public-streetlights:2:147220","properties":{"address":null,"attributes":{"Date_Installed":null,"LED_Powered":0,"LightID":"L040075","Light_Source":"High Pressure Sodium","Light_Type":"Decorative","Lighting_Type":"King Luminaire (Historic Light Fixture)","Verification_Date":null},"id":"stl-city-public-streetlights:2:147220","sourceLayerId":2,"sourceObjectId":147220,"sourceURL":"https://maps8.stlouis-mo.gov/arcgis/rest/services/STREETS/Streets_Permitting/MapServer/2","title":"Street light L040075"},"type":"Feature"},{"geometry":{"coordinates":[-90.22552975879782,38.64535737222364],"type":"Point"},"id":"stl-city-public-streetlights:2:147221","properties":{"address":null,"attributes":{"Date_Installed":null,"LED_Powered":0,"LightID":"L040076","Light_Source":"High Pressure Sodium","Light_Type":"Decorative","Lighting_Type":"King Luminaire (Historic Light Fixture)","Verification_Date":null},"id":"stl-city-public-streetlights:2:147221","sourceLayerId":2,"sourceObjectId":147221,"sourceURL":"https://maps8.stlouis-mo.gov/arcgis/rest/services/STREETS/Streets_Permitting/MapServer/2","title":"Street light L040076"},"type":"Feature"},{"geometry":{"coordinates":[-90.22498723136543,38.644459546903896],"type":"Point"},"id":"stl-city-public-streetlights:2:147222","properties":{"address":null,"attributes":{"Date_Installed":null,"LED_Powered":0,"LightID":"L040077","Light_Source":"High Pressure Sodium","Light_Type":"Decorative","Lighting_Type":"King Luminaire (Historic Light Fixture)","Verification_Date":null},"id":"stl-city-public-streetlights:2:147222","sourceLayerId":2,"sourceObjectId":147222,"sourceURL":"https://maps8.stlouis-mo.gov/arcgis/rest/services/STREETS/Streets_Permitting/MapServer/2","title":"Street light L040077"},"type":"Feature"},{"geometry":{"coordinates":[-90.22480545738297,38.64425803941319],"type":"Point"},"id":"stl-city-public-streetlights:2:147223","properties":{"address":null,"attributes":{"Date_Installed":null,"LED_Powered":0,"LightID":"L040078","Light_Source":"High Pressure Sodium","Light_Type":"Decorative","Lighting_Type":"King Luminaire (Historic Light Fixture)","Verification_Date":null},"id":"stl-city-public-streetlights:2:147223","sourceLayerId":2,"sourceObjectId":147223,"sourceURL":"https://maps8.stlouis-mo.gov/arcgis/rest/services/STREETS/Streets_Permitting/MapServer/2","title":"Street light L040078"},"type":"Feature"},{"geometry":{"coordinates":[-90.22456837951417,38.64402221904189],"type":"Point"},"id":"stl-city-public-streetlights:2:147224","properties":{"address":null,"attributes":{"Date_Installed":null,"LED_Powered":0,"LightID":"L040079","Light_Source":"High Pressure Sodium","Light_Type":"Decorative","Lighting_Type":"King Luminaire (Historic Light Fixture)","Verification_Date":null},"id":"stl-city-public-streetlights:2:147224","sourceLayerId":2,"sourceObjectId":147224,"sourceURL":"https://maps8.stlouis-mo.gov/arcgis/rest/services/STREETS/Streets_Permitting/MapServer/2","title":"Street light L040079"},"type":"Feature"},{"geometry":{"coordinates":[-90.22438938461585,38.64385780610366],"type":"Point"},"id":"stl-city-public-streetlights:2:147225","properties":{"address":null,"attributes":{"Date_Installed":null,"LED_Powered":0,"LightID":"L040080","Light_Source":"High Pressure Sodium","Light_Type":"Decorative","Lighting_Type":"King Luminaire (Historic Light Fixture)","Verification_Date":null},"id":"stl-city-public-streetlights:2:147225","sourceLayerId":2,"sourceObjectId":147225,"sourceURL":"https://maps8.stlouis-mo.gov/arcgis/rest/services/STREETS/Streets_Permitting/MapServer/2","title":"Street light L040080"},"type":"Feature"},{"geometry":{"coordinates":[-90.22422576421468,38.64372656019742],"type":"Point"},"id":"stl-city-public-streetlights:2:147226","properties":{"address":null,"attributes":{"Date_Installed":null,"LED_Powered":0,"LightID":"L040081","Light_Source":"High Pressure Sodium","Light_Type":"Decorative","Lighting_Type":"King Luminaire (Historic Light Fixture)","Verification_Date":null},"id":"stl-city-public-streetlights:2:147226","sourceLayerId":2,"sourceObjectId":147226,"sourceURL":"https://maps8.stlouis-mo.gov/arcgis/rest/services/STREETS/Streets_Permitting/MapServer/2","title":"Street light L040081"},"type":"Feature"},{"geometry":{"coordinates":[-90.22383820488714,38.643461424455644],"type":"Point"},"id":"stl-city-public-streetlights:2:147227","properties":{"address":null,"attributes":{"Date_Installed":null,"LED_Powered":0,"LightID":"L040082","Light_Source":"High Pressure Sodium","Light_Type":"Decorative","Lighting_Type":"King Luminaire (Historic Light Fixture)","Verification_Date":null},"id":"stl-city-public-streetlights:2:147227","sourceLayerId":2,"sourceObjectId":147227,"sourceURL":"https://maps8.stlouis-mo.gov/arcgis/rest/services/STREETS/Streets_Permitting/MapServer/2","title":"Street light L040082"},"type":"Feature"},{"geometry":{"coordinates":[-90.22360776832457,38.64331786334885],"type":"Point"},"id":"stl-city-public-streetlights:2:147228","properties":{"address":null,"attributes":{"Date_Installed":null,"LED_Powered":0,"LightID":"L040083","Light_Source":"High Pressure Sodium","Light_Type":"Decorative","Lighting_Type":"King Luminaire (Historic Light Fixture)","Verification_Date":null},"id":"stl-city-public-streetlights:2:147228","sourceLayerId":2,"sourceObjectId":147228,"sourceURL":"https://maps8.stlouis-mo.gov/arcgis/rest/services/STREETS/Streets_Permitting/MapServer/2","title":"Street light L040083"},"type":"Feature"},{"geometry":{"coordinates":[-90.2234031165256,38.64318747337901],"type":"Point"},"id":"stl-city-public-streetlights:2:147229","properties":{"address":null,"attributes":{"Date_Installed":null,"LED_Powered":0,"LightID":"L040084","Light_Source":"High Pressure Sodium","Light_Type":"Decorative","Lighting_Type":"King Luminaire (Historic Light Fixture)","Verification_Date":null},"id":"stl-city-public-streetlights:2:147229","sourceLayerId":2,"sourceObjectId":147229,"sourceURL":"https://maps8.stlouis-mo.gov/arcgis/rest/services/STREETS/Streets_Permitting/MapServer/2","title":"Street light L040084"},"type":"Feature"},{"geometry":{"coordinates":[-90.2232242416746,38.643071922207824],"type":"Point"},"id":"stl-city-public-streetlights:2:147230","properties":{"address":null,"attributes":{"Date_Installed":null,"LED_Powered":0,"LightID":"L040085","Light_Source":"High Pressure Sodium","Light_Type":"Decorative","Lighting_Type":"King Luminaire (Historic Light Fixture)","Verification_Date":null},"id":"stl-city-public-streetlights:2:147230","sourceLayerId":2,"sourceObjectId":147230,"sourceURL":"https://maps8.stlouis-mo.gov/arcgis/rest/services/STREETS/Streets_Permitting/MapServer/2","title":"Street light L040085"},"type":"Feature"},{"geometry":{"coordinates":[-90.22301579024428,38.642942118054755],"type":"Point"},"id":"stl-city-public-streetlights:2:147231","properties":{"address":null,"attributes":{"Date_Installed":null,"LED_Powered":0,"LightID":"L040086","Light_Source":"High Pressure Sodium","Light_Type":"Decorative","Lighting_Type":"King Luminaire (Historic Light Fixture)","Verification_Date":null},"id":"stl-city-public-streetlights:2:147231","sourceLayerId":2,"sourceObjectId":147231,"sourceURL":"https://maps8.stlouis-mo.gov/arcgis/rest/services/STREETS/Streets_Permitting/MapServer/2","title":"Street light L040086"},"type":"Feature"},{"geometry":{"coordinates":[-90.22279749064526,38.6428045443558],"type":"Point"},"id":"stl-city-public-streetlights:2:147232","properties":{"address":null,"attributes":{"Date_Installed":null,"LED_Powered":0,"LightID":"L040087","Light_Source":"High Pressure Sodium","Light_Type":"Decorative","Lighting_Type":"King Luminaire (Historic Light Fixture)","Verification_Date":null},"id":"stl-city-public-streetlights:2:147232","sourceLayerId":2,"sourceObjectId":147232,"sourceURL":"https://maps8.stlouis-mo.gov/arcgis/rest/services/STREETS/Streets_Permitting/MapServer/2","title":"Street light L040087"},"type":"Feature"},{"geometry":{"coordinates":[-90.22256027640093,38.64264666351235],"type":"Point"},"id":"stl-city-public-streetlights:2:147233","properties":{"address":null,"attributes":{"Date_Installed":null,"LED_Powered":0,"LightID":"L040088","Light_Source":"High Pressure Sodium","Light_Type":"Decorative","Lighting_Type":"King Luminaire (Historic Light Fixture)","Verification_Date":null},"id":"stl-city-public-streetlights:2:147233","sourceLayerId":2,"sourceObjectId":147233,"sourceURL":"https://maps8.stlouis-mo.gov/arcgis/rest/services/STREETS/Streets_Permitting/MapServer/2","title":"Street light L040088"},"type":"Feature"},{"geometry":{"coordinates":[-90.2223287261984,38.64249773424339],"type":"Point"},"id":"stl-city-public-streetlights:2:147234","properties":{"address":null,"attributes":{"Date_Installed":null,"LED_Powered":0,"LightID":"L040089","Light_Source":"High Pressure Sodium","Light_Type":"Decorative","Lighting_Type":"King Luminaire (Historic Light Fixture)","Verification_Date":null},"id":"stl-city-public-streetlights:2:147234","sourceLayerId":2,"sourceObjectId":147234,"sourceURL":"https://maps8.stlouis-mo.gov/arcgis/rest/services/STREETS/Streets_Permitting/MapServer/2","title":"Street light L040089"},"type":"Feature"},{"geometry":{"coordinates":[-90.22210852128401,38.64236253757968],"type":"Point"},"id":"stl-city-public-streetlights:2:147235","properties":{"address":null,"attributes":{"Date_Installed":null,"LED_Powered":0,"LightID":"L040090","Light_Source":"High Pressure Sodium","Light_Type":"Decorative","Lighting_Type":"King Luminaire (Historic Light Fixture)","Verification_Date":null},"id":"stl-city-public-streetlights:2:147235","sourceLayerId":2,"sourceObjectId":147235,"sourceURL":"https://maps8.stlouis-mo.gov/arcgis/rest/services/STREETS/Streets_Permitting/MapServer/2","title":"Street light L040090"},"type":"Feature"},{"geometry":{"coordinates":[-90.22188950205971,38.64221560474159],"type":"Point"},"id":"stl-city-public-streetlights:2:147236","properties":{"address":null,"attributes":{"Date_Installed":null,"LED_Powered":0,"LightID":"L040091","Light_Source":"High Pressure Sodium","Light_Type":"Decorative","Lighting_Type":"King Luminaire (Historic Light Fixture)","Verification_Date":null},"id":"stl-city-public-streetlights:2:147236","sourceLayerId":2,"sourceObjectId":147236,"sourceURL":"https://maps8.stlouis-mo.gov/arcgis/rest/services/STREETS/Streets_Permitting/MapServer/2","title":"Street light L040091"},"type":"Feature"},{"geometry":{"coordinates":[-90.2216873246927,38.64207550425684],"type":"Point"},"id":"stl-city-public-streetlights:2:147237","properties":{"address":null,"attributes":{"Date_Installed":null,"LED_Powered":0,"LightID":"L040092","Light_Source":"High Pressure Sodium","Light_Type":"Decorative","Lighting_Type":"King Luminaire (Historic Light Fixture)","Verification_Date":null},"id":"stl-city-public-streetlights:2:147237","sourceLayerId":2,"sourceObjectId":147237,"sourceURL":"https://maps8.stlouis-mo.gov/arcgis/rest/services/STREETS/Streets_Permitting/MapServer/2","title":"Street light L040092"},"type":"Feature"},{"geometry":{"coordinates":[-90.22137120933596,38.641848547724884],"type":"Point"},"id":"stl-city-public-streetlights:2:147238","properties":{"address":null,"attributes":{"Date_Installed":null,"LED_Powered":0,"LightID":"L040093","Light_Source":"High Pressure Sodium","Light_Type":"Decorative","Lighting_Type":"King Luminaire (Historic Light Fixture)","Verification_Date":null},"id":"stl-city-public-streetlights:2:147238","sourceLayerId":2,"sourceObjectId":147238,"sourceURL":"https://maps8.stlouis-mo.gov/arcgis/rest/services/STREETS/Streets_Permitting/MapServer/2","title":"Street light L040093"},"type":"Feature"},{"geometry":{"coordinates":[-90.22117928963266,38.64172886239715],"type":"Point"},"id":"stl-city-public-streetlights:2:147239","properties":{"address":null,"attributes":{"Date_Installed":null,"LED_Powered":0,"LightID":"L040094","Light_Source":"High Pressure Sodium","Light_Type":"Decorative","Lighting_Type":"King Luminaire (Historic Light Fixture)","Verification_Date":null},"id":"stl-city-public-streetlights:2:147239","sourceLayerId":2,"sourceObjectId":147239,"sourceURL":"https://maps8.stlouis-mo.gov/arcgis/rest/services/STREETS/Streets_Permitting/MapServer/2","title":"Street light L040094"},"type":"Feature"},{"geometry":{"coordinates":[-90.22092517081872,38.641562285796105],"type":"Point"},"id":"stl-city-public-streetlights:2:147240","properties":{"address":null,"attributes":{"Date_Installed":null,"LED_Powered":0,"LightID":"L040095","Light_Source":"High Pressure Sodium","Light_Type":"Decorative","Lighting_Type":"King Luminaire (Historic Light Fixture)","Verification_Date":null},"id":"stl-city-public-streetlights:2:147240","sourceLayerId":2,"sourceObjectId":147240,"sourceURL":"https://maps8.stlouis-mo.gov/arcgis/rest/services/STREETS/Streets_Permitting/MapServer/2","title":"Street light L040095"},"type":"Feature"},{"geometry":{"coordinates":[-90.2207170110591,38.6414299638409],"type":"Point"},"id":"stl-city-public-streetlights:2:147241","properties":{"address":null,"attributes":{"Date_Installed":null,"LED_Powered":0,"LightID":"L040096","Light_Source":"High Pressure Sodium","Light_Type":"Decorative","Lighting_Type":"King Luminaire (Historic Light Fixture)","Verification_Date":null},"id":"stl-city-public-streetlights:2:147241","sourceLayerId":2,"sourceObjectId":147241,"sourceURL":"https://maps8.stlouis-mo.gov/arcgis/rest/services/STREETS/Streets_Permitting/MapServer/2","title":"Street light L040096"},"type":"Feature"},{"geometry":{"coordinates":[-90.22048928907445,38.64130292173192],"type":"Point"},"id":"stl-city-public-streetlights:2:147242","properties":{"address":null,"attributes":{"Date_Installed":null,"LED_Powered":0,"LightID":"L040097","Light_Source":"High Pressure Sodium","Light_Type":"Decorative","Lighting_Type":"King Luminaire (Historic Light Fixture)","Verification_Date":null},"id":"stl-city-public-streetlights:2:147242","sourceLayerId":2,"sourceObjectId":147242,"sourceURL":"https://maps8.stlouis-mo.gov/arcgis/rest/services/STREETS/Streets_Permitting/MapServer/2","title":"Street light L040097"},"type":"Feature"},{"geometry":{"coordinates":[-90.22032149071394,38.64117446210696],"type":"Point"},"id":"stl-city-public-streetlights:2:147243","properties":{"address":null,"attributes":{"Date_Installed":null,"LED_Powered":0,"LightID":"L040098","Light_Source":"High Pressure Sodium","Light_Type":"Decorative","Lighting_Type":"King Luminaire (Historic Light Fixture)","Verification_Date":null},"id":"stl-city-public-streetlights:2:147243","sourceLayerId":2,"sourceObjectId":147243,"sourceURL":"https://maps8.stlouis-mo.gov/arcgis/rest/services/STREETS/Streets_Permitting/MapServer/2","title":"Street light L040098"},"type":"Feature"},{"geometry":{"coordinates":[-90.22012905943204,38.64103098495993],"type":"Point"},"id":"stl-city-public-streetlights:2:147244","properties":{"address":null,"attributes":{"Date_Installed":null,"LED_Powered":0,"LightID":"L040099","Light_Source":"High Pressure Sodium","Light_Type":"Decorative","Lighting_Type":"King Luminaire (Historic Light Fixture)","Verification_Date":null},"id":"stl-city-public-streetlights:2:147244","sourceLayerId":2,"sourceObjectId":147244,"sourceURL":"https://maps8.stlouis-mo.gov/arcgis/rest/services/STREETS/Streets_Permitting/MapServer/2","title":"Street light L040099"},"type":"Feature"},{"geometry":{"coordinates":[-90.22021849181424,38.64132968577827],"type":"Point"},"id":"stl-city-public-streetlights:2:147300","properties":{"address":null,"attributes":{"Date_Installed":null,"LED_Powered":0,"LightID":"L040155","Light_Source":"High Pressure Sodium","Light_Type":"Decorative","Lighting_Type":"King Luminaire (Historic Light Fixture)","Verification_Date":null},"id":"stl-city-public-streetlights:2:147300","sourceLayerId":2,"sourceObjectId":147300,"sourceURL":"https://maps8.stlouis-mo.gov/arcgis/rest/services/STREETS/Streets_Permitting/MapServer/2","title":"Street light L040155"},"type":"Feature"},{"geometry":{"coordinates":[-90.22042583441564,38.6414689074746],"type":"Point"},"id":"stl-city-public-streetlights:2:147301","properties":{"address":null,"attributes":{"Date_Installed":null,"LED_Powered":0,"LightID":"L040156","Light_Source":"High Pressure Sodium","Light_Type":"Decorative","Lighting_Type":"King Luminaire (Historic Light Fixture)","Verification_Date":null},"id":"stl-city-public-streetlights:2:147301","sourceLayerId":2,"sourceObjectId":147301,"sourceURL":"https://maps8.stlouis-mo.gov/arcgis/rest/services/STREETS/Streets_Permitting/MapServer/2","title":"Street light L040156"},"type":"Feature"},{"geometry":{"coordinates":[-90.2206472197229,38.64160773351045],"type":"Point"},"id":"stl-city-public-streetlights:2:147302","properties":{"address":null,"attributes":{"Date_Installed":null,"LED_Powered":0,"LightID":"L040157","Light_Source":"High Pressure Sodium","Light_Type":"Decorative","Lighting_Type":"King Luminaire (Historic Light Fixture)","Verification_Date":null},"id":"stl-city-public-streetlights:2:147302","sourceLayerId":2,"sourceObjectId":147302,"sourceURL":"https://maps8.stlouis-mo.gov/arcgis/rest/services/STREETS/Streets_Permitting/MapServer/2","title":"Street light L040157"},"type":"Feature"},{"geometry":{"coordinates":[-90.22086784540997,38.641754566211674],"type":"Point"},"id":"stl-city-public-streetlights:2:147303","properties":{"address":null,"attributes":{"Date_Installed":null,"LED_Powered":0,"LightID":"L040158","Light_Source":"High Pressure Sodium","Light_Type":"Decorative","Lighting_Type":"King Luminaire (Historic Light Fixture)","Verification_Date":null},"id":"stl-city-public-streetlights:2:147303","sourceLayerId":2,"sourceObjectId":147303,"sourceURL":"https://maps8.stlouis-mo.gov/arcgis/rest/services/STREETS/Streets_Permitting/MapServer/2","title":"Street light L040158"},"type":"Feature"},{"geometry":{"coordinates":[-90.2210802405071,38.641884502527915],"type":"Point"},"id":"stl-city-public-streetlights:2:147304","properties":{"address":null,"attributes":{"Date_Installed":null,"LED_Powered":0,"LightID":"L040159","Light_Source":"High Pressure Sodium","Light_Type":"Decorative","Lighting_Type":"King Luminaire (Historic Light Fixture)","Verification_Date":null},"id":"stl-city-public-streetlights:2:147304","sourceLayerId":2,"sourceObjectId":147304,"sourceURL":"https://maps8.stlouis-mo.gov/arcgis/rest/services/STREETS/Streets_Permitting/MapServer/2","title":"Street light L040159"},"type":"Feature"},{"geometry":{"coordinates":[-90.22129650502805,38.64202781956237],"type":"Point"},"id":"stl-city-public-streetlights:2:147305","properties":{"address":null,"attributes":{"Date_Installed":null,"LED_Powered":0,"LightID":"L040160","Light_Source":"High Pressure Sodium","Light_Type":"Decorative","Lighting_Type":"King Luminaire (Historic Light Fixture)","Verification_Date":null},"id":"stl-city-public-streetlights:2:147305","sourceLayerId":2,"sourceObjectId":147305,"sourceURL":"https://maps8.stlouis-mo.gov/arcgis/rest/services/STREETS/Streets_Permitting/MapServer/2","title":"Street light L040160"},"type":"Feature"},{"geometry":{"coordinates":[-90.2215014738666,38.64217625788314],"type":"Point"},"id":"stl-city-public-streetlights:2:147408","properties":{"address":null,"attributes":{"Date_Installed":null,"LED_Powered":0,"LightID":"L040263","Light_Source":"High Pressure Sodium","Light_Type":"Decorative","Lighting_Type":"King Luminaire (Historic Light Fixture)","Verification_Date":null},"id":"stl-city-public-streetlights:2:147408","sourceLayerId":2,"sourceObjectId":147408,"sourceURL":"https://maps8.stlouis-mo.gov/arcgis/rest/services/STREETS/Streets_Permitting/MapServer/2","title":"Street light L040263"},"type":"Feature"},{"geometry":{"coordinates":[-90.22170454870071,38.64232278505688],"type":"Point"},"id":"stl-city-public-streetlights:2:147409","properties":{"address":null,"attributes":{"Date_Installed":null,"LED_Powered":0,"LightID":"L040264","Light_Source":"High Pressure Sodium","Light_Type":"Decorative","Lighting_Type":"King Luminaire (Historic Light Fixture)","Verification_Date":null},"id":"stl-city-public-streetlights:2:147409","sourceLayerId":2,"sourceObjectId":147409,"sourceURL":"https://maps8.stlouis-mo.gov/arcgis/rest/services/STREETS/Streets_Permitting/MapServer/2","title":"Street light L040264"},"type":"Feature"},{"geometry":{"coordinates":[-90.22188950615832,38.64243596926967],"type":"Point"},"id":"stl-city-public-streetlights:2:147410","properties":{"address":null,"attributes":{"Date_Installed":null,"LED_Powered":0,"LightID":"L040265","Light_Source":"High Pressure Sodium","Light_Type":"Decorative","Lighting_Type":"King Luminaire (Historic Light Fixture)","Verification_Date":null},"id":"stl-city-public-streetlights:2:147410","sourceLayerId":2,"sourceObjectId":147410,"sourceURL":"https://maps8.stlouis-mo.gov/arcgis/rest/services/STREETS/Streets_Permitting/MapServer/2","title":"Street light L040265"},"type":"Feature"},{"geometry":{"coordinates":[-90.22214674466647,38.64260247909665],"type":"Point"},"id":"stl-city-public-streetlights:2:147411","properties":{"address":null,"attributes":{"Date_Installed":null,"LED_Powered":0,"LightID":"L040266","Light_Source":"High Pressure Sodium","Light_Type":"Decorative","Lighting_Type":"King Luminaire (Historic Light Fixture)","Verification_Date":null},"id":"stl-city-public-streetlights:2:147411","sourceLayerId":2,"sourceObjectId":147411,"sourceURL":"https://maps8.stlouis-mo.gov/arcgis/rest/services/STREETS/Streets_Permitting/MapServer/2","title":"Street light L040266"},"type":"Feature"},{"geometry":{"coordinates":[-90.22288978596954,38.64307884928256],"type":"Point"},"id":"stl-city-public-streetlights:2:147412","properties":{"address":null,"attributes":{"Date_Installed":null,"LED_Powered":0,"LightID":"L040267","Light_Source":"High Pressure Sodium","Light_Type":"Decorative","Lighting_Type":"King Luminaire (Historic Light Fixture)","Verification_Date":null},"id":"stl-city-public-streetlights:2:147412","sourceLayerId":2,"sourceObjectId":147412,"sourceURL":"https://maps8.stlouis-mo.gov/arcgis/rest/services/STREETS/Streets_Permitting/MapServer/2","title":"Street light L040267"},"type":"Feature"},{"geometry":{"coordinates":[-90.22314143120101,38.643239146450796],"type":"Point"},"id":"stl-city-public-streetlights:2:147413","properties":{"address":null,"attributes":{"Date_Installed":null,"LED_Powered":0,"LightID":"L040268","Light_Source":"High Pressure Sodium","Light_Type":"Decorative","Lighting_Type":"King Luminaire (Historic Light Fixture)","Verification_Date":null},"id":"stl-city-public-streetlights:2:147413","sourceLayerId":2,"sourceObjectId":147413,"sourceURL":"https://maps8.stlouis-mo.gov/arcgis/rest/services/STREETS/Streets_Permitting/MapServer/2","title":"Street light L040268"},"type":"Feature"},{"geometry":{"coordinates":[-90.22329150406098,38.64333603709282],"type":"Point"},"id":"stl-city-public-streetlights:2:147414","properties":{"address":null,"attributes":{"Date_Installed":null,"LED_Powered":0,"LightID":"L040269","Light_Source":"High Pressure Sodium","Light_Type":"Decorative","Lighting_Type":"King Luminaire (Historic Light Fixture)","Verification_Date":null},"id":"stl-city-public-streetlights:2:147414","sourceLayerId":2,"sourceObjectId":147414,"sourceURL":"https://maps8.stlouis-mo.gov/arcgis/rest/services/STREETS/Streets_Permitting/MapServer/2","title":"Street light L040269"},"type":"Feature"},{"geometry":{"coordinates":[-90.22345551421924,38.64344440176895],"type":"Point"},"id":"stl-city-public-streetlights:2:147415","properties":{"address":null,"attributes":{"Date_Installed":null,"LED_Powered":0,"LightID":"L040270","Light_Source":"High Pressure Sodium","Light_Type":"Decorative","Lighting_Type":"King Luminaire (Historic Light Fixture)","Verification_Date":null},"id":"stl-city-public-streetlights:2:147415","sourceLayerId":2,"sourceObjectId":147415,"sourceURL":"https://maps8.stlouis-mo.gov/arcgis/rest/services/STREETS/Streets_Permitting/MapServer/2","title":"Street light L040270"},"type":"Feature"},{"geometry":{"coordinates":[-90.22365258188441,38.643571199003205],"type":"Point"},"id":"stl-city-public-streetlights:2:147416","properties":{"address":null,"attributes":{"Date_Installed":null,"LED_Powered":0,"LightID":"L040271","Light_Source":"High Pressure Sodium","Light_Type":"Decorative","Lighting_Type":"King Luminaire (Historic Light Fixture)","Verification_Date":null},"id":"stl-city-public-streetlights:2:147416","sourceLayerId":2,"sourceObjectId":147416,"sourceURL":"https://maps8.stlouis-mo.gov/arcgis/rest/services/STREETS/Streets_Permitting/MapServer/2","title":"Street light L040271"},"type":"Feature"},{"geometry":{"coordinates":[-90.22411185939096,38.64387881472123],"type":"Point"},"id":"stl-city-public-streetlights:2:147417","properties":{"address":null,"attributes":{"Date_Installed":null,"LED_Powered":0,"LightID":"L040272","Light_Source":"High Pressure Sodium","Light_Type":"Decorative","Lighting_Type":"King Luminaire (Historic Light Fixture)","Verification_Date":null},"id":"stl-city-public-streetlights:2:147417","sourceLayerId":2,"sourceObjectId":147417,"sourceURL":"https://maps8.stlouis-mo.gov/arcgis/rest/services/STREETS/Streets_Permitting/MapServer/2","title":"Street light L040272"},"type":"Feature"},{"geometry":{"coordinates":[-90.22431635690555,38.64405032051559],"type":"Point"},"id":"stl-city-public-streetlights:2:147418","properties":{"address":null,"attributes":{"Date_Installed":null,"LED_Powered":0,"LightID":"L040273","Light_Source":"High Pressure Sodium","Light_Type":"Decorative","Lighting_Type":"King Luminaire (Historic Light Fixture)","Verification_Date":null},"id":"stl-city-public-streetlights:2:147418","sourceLayerId":2,"sourceObjectId":147418,"sourceURL":"https://maps8.stlouis-mo.gov/arcgis/rest/services/STREETS/Streets_Permitting/MapServer/2","title":"Street light L040273"},"type":"Feature"},{"geometry":{"coordinates":[-90.22460200692167,38.64432753174062],"type":"Point"},"id":"stl-city-public-streetlights:2:147419","properties":{"address":null,"attributes":{"Date_Installed":null,"LED_Powered":0,"LightID":"L040274","Light_Source":"High Pressure Sodium","Light_Type":"Decorative","Lighting_Type":"King Luminaire (Historic Light Fixture)","Verification_Date":null},"id":"stl-city-public-streetlights:2:147419","sourceLayerId":2,"sourceObjectId":147419,"sourceURL":"https://maps8.stlouis-mo.gov/arcgis/rest/services/STREETS/Streets_Permitting/MapServer/2","title":"Street light L040274"},"type":"Feature"},{"geometry":{"coordinates":[-90.22476363221088,38.64450429789789],"type":"Point"},"id":"stl-city-public-streetlights:2:147420","properties":{"address":null,"attributes":{"Date_Installed":null,"LED_Powered":0,"LightID":"L040275","Light_Source":"High Pressure Sodium","Light_Type":"Decorative","Lighting_Type":"King Luminaire (Historic Light Fixture)","Verification_Date":null},"id":"stl-city-public-streetlights:2:147420","sourceLayerId":2,"sourceObjectId":147420,"sourceURL":"https://maps8.stlouis-mo.gov/arcgis/rest/services/STREETS/Streets_Permitting/MapServer/2","title":"Street light L040275"},"type":"Feature"},{"geometry":{"coordinates":[-90.22499849644139,38.644762947464564],"type":"Point"},"id":"stl-city-public-streetlights:2:147421","properties":{"address":null,"attributes":{"Date_Installed":null,"LED_Powered":0,"LightID":"L040276","Light_Source":"High Pressure Sodium","Light_Type":"Decorative","Lighting_Type":"King Luminaire (Historic Light Fixture)","Verification_Date":null},"id":"stl-city-public-streetlights:2:147421","sourceLayerId":2,"sourceObjectId":147421,"sourceURL":"https://maps8.stlouis-mo.gov/arcgis/rest/services/STREETS/Streets_Permitting/MapServer/2","title":"Street light L040276"},"type":"Feature"},{"geometry":{"coordinates":[-90.22513244740819,38.644920699665924],"type":"Point"},"id":"stl-city-public-streetlights:2:147422","properties":{"address":null,"attributes":{"Date_Installed":null,"LED_Powered":0,"LightID":"L040277","Light_Source":"High Pressure Sodium","Light_Type":"Decorative","Lighting_Type":"King Luminaire (Historic Light Fixture)","Verification_Date":null},"id":"stl-city-public-streetlights:2:147422","sourceLayerId":2,"sourceObjectId":147422,"sourceURL":"https://maps8.stlouis-mo.gov/arcgis/rest/services/STREETS/Streets_Permitting/MapServer/2","title":"Street light L040277"},"type":"Feature"},{"geometry":{"coordinates":[-90.22526319673139,38.64506509483228],"type":"Point"},"id":"stl-city-public-streetlights:2:147423","properties":{"address":null,"attributes":{"Date_Installed":null,"LED_Powered":0,"LightID":"L040278","Light_Source":"High Pressure Sodium","Light_Type":"Decorative","Lighting_Type":"King Luminaire (Historic Light Fixture)","Verification_Date":null},"id":"stl-city-public-streetlights:2:147423","sourceLayerId":2,"sourceObjectId":147423,"sourceURL":"https://maps8.stlouis-mo.gov/arcgis/rest/services/STREETS/Streets_Permitting/MapServer/2","title":"Street light L040278"},"type":"Feature"},{"geometry":{"coordinates":[-90.22540616860134,38.64523252091356],"type":"Point"},"id":"stl-city-public-streetlights:2:147424","properties":{"address":null,"attributes":{"Date_Installed":null,"LED_Powered":0,"LightID":"L040279","Light_Source":"High Pressure Sodium","Light_Type":"Decorative","Lighting_Type":"King Luminaire (Historic Light Fixture)","Verification_Date":null},"id":"stl-city-public-streetlights:2:147424","sourceLayerId":2,"sourceObjectId":147424,"sourceURL":"https://maps8.stlouis-mo.gov/arcgis/rest/services/STREETS/Streets_Permitting/MapServer/2","title":"Street light L040279"},"type":"Feature"},{"geometry":{"coordinates":[-90.22571117090374,38.64557129104479],"type":"Point"},"id":"stl-city-public-streetlights:2:147425","properties":{"address":null,"attributes":{"Date_Installed":null,"LED_Powered":0,"LightID":"L040280","Light_Source":"High Pressure Sodium","Light_Type":"Decorative","Lighting_Type":"King Luminaire (Historic Light Fixture)","Verification_Date":null},"id":"stl-city-public-streetlights:2:147425","sourceLayerId":2,"sourceObjectId":147425,"sourceURL":"https://maps8.stlouis-mo.gov/arcgis/rest/services/STREETS/Streets_Permitting/MapServer/2","title":"Street light L040280"},"type":"Feature"},{"geometry":{"coordinates":[-90.22588367851998,38.64576512503823],"type":"Point"},"id":"stl-city-public-streetlights:2:147426","properties":{"address":null,"attributes":{"Date_Installed":null,"LED_Powered":0,"LightID":"L040281","Light_Source":"High Pressure Sodium","Light_Type":"Decorative","Lighting_Type":"King Luminaire (Historic Light Fixture)","Verification_Date":null},"id":"stl-city-public-streetlights:2:147426","sourceLayerId":2,"sourceObjectId":147426,"sourceURL":"https://maps8.stlouis-mo.gov/arcgis/rest/services/STREETS/Streets_Permitting/MapServer/2","title":"Street light L040281"},"type":"Feature"},{"geometry":{"coordinates":[-90.22607162105415,38.64597663430028],"type":"Point"},"id":"stl-city-public-streetlights:2:147427","properties":{"address":null,"attributes":{"Date_Installed":null,"LED_Powered":0,"LightID":"L040282","Light_Source":"High Pressure Sodium","Light_Type":"Decorative","Lighting_Type":"King Luminaire (Historic Light Fixture)","Verification_Date":null},"id":"stl-city-public-streetlights:2:147427","sourceLayerId":2,"sourceObjectId":147427,"sourceURL":"https://maps8.stlouis-mo.gov/arcgis/rest/services/STREETS/Streets_Permitting/MapServer/2","title":"Street light L040282"},"type":"Feature"},{"geometry":{"coordinates":[-90.22631642778914,38.646261332001316],"type":"Point"},"id":"stl-city-public-streetlights:2:147428","properties":{"address":null,"attributes":{"Date_Installed":null,"LED_Powered":0,"LightID":"L040283","Light_Source":"High Pressure Sodium","Light_Type":"Decorative","Lighting_Type":"King Luminaire (Historic Light Fixture)","Verification_Date":null},"id":"stl-city-public-streetlights:2:147428","sourceLayerId":2,"sourceObjectId":147428,"sourceURL":"https://maps8.stlouis-mo.gov/arcgis/rest/services/STREETS/Streets_Permitting/MapServer/2","title":"Street light L040283"},"type":"Feature"},{"geometry":{"coordinates":[-90.22347211152176,38.64379304782242],"type":"Point"},"id":"stl-city-public-streetlights:2:147429","properties":{"address":null,"attributes":{"Date_Installed":null,"LED_Powered":0,"LightID":"L040284","Light_Source":"High Pressure Sodium","Light_Type":"Decorative","Lighting_Type":"King Luminaire (Historic Light Fixture)","Verification_Date":null},"id":"stl-city-public-streetlights:2:147429","sourceLayerId":2,"sourceObjectId":147429,"sourceURL":"https://maps8.stlouis-mo.gov/arcgis/rest/services/STREETS/Streets_Permitting/MapServer/2","title":"Street light L040284"},"type":"Feature"},{"geometry":{"coordinates":[-90.2226842854738,38.64380167112292],"type":"Point"},"id":"stl-city-public-streetlights:2:147430","properties":{"address":null,"attributes":{"Date_Installed":null,"LED_Powered":0,"LightID":"L040285","Light_Source":"High Pressure Sodium","Light_Type":"Decorative","Lighting_Type":"King Luminaire (Historic Light Fixture)","Verification_Date":null},"id":"stl-city-public-streetlights:2:147430","sourceLayerId":2,"sourceObjectId":147430,"sourceURL":"https://maps8.stlouis-mo.gov/arcgis/rest/services/STREETS/Streets_Permitting/MapServer/2","title":"Street light L040285"},"type":"Feature"},{"geometry":{"coordinates":[-90.22250289420717,38.64402339282882],"type":"Point"},"id":"stl-city-public-streetlights:2:147431","properties":{"address":null,"attributes":{"Date_Installed":null,"LED_Powered":0,"LightID":"L040286","Light_Source":"High Pressure Sodium","Light_Type":"Decorative","Lighting_Type":"King Luminaire (Historic Light Fixture)","Verification_Date":null},"id":"stl-city-public-streetlights:2:147431","sourceLayerId":2,"sourceObjectId":147431,"sourceURL":"https://maps8.stlouis-mo.gov/arcgis/rest/services/STREETS/Streets_Permitting/MapServer/2","title":"Street light L040286"},"type":"Feature"},{"geometry":{"coordinates":[-90.22250379267714,38.64442069474362],"type":"Point"},"id":"stl-city-public-streetlights:2:147432","properties":{"address":null,"attributes":{"Date_Installed":null,"LED_Powered":0,"LightID":"L040287","Light_Source":"High Pressure Sodium","Light_Type":"Decorative","Lighting_Type":"King Luminaire (Historic Light Fixture)","Verification_Date":null},"id":"stl-city-public-streetlights:2:147432","sourceLayerId":2,"sourceObjectId":147432,"sourceURL":"https://maps8.stlouis-mo.gov/arcgis/rest/services/STREETS/Streets_Permitting/MapServer/2","title":"Street light L040287"},"type":"Feature"},{"geometry":{"coordinates":[-90.22264157100929,38.64460105495182],"type":"Point"},"id":"stl-city-public-streetlights:2:147433","properties":{"address":null,"attributes":{"Date_Installed":null,"LED_Powered":0,"LightID":"L040288","Light_Source":"High Pressure Sodium","Light_Type":"Decorative","Lighting_Type":"King Luminaire (Historic Light Fixture)","Verification_Date":null},"id":"stl-city-public-streetlights:2:147433","sourceLayerId":2,"sourceObjectId":147433,"sourceURL":"https://maps8.stlouis-mo.gov/arcgis/rest/services/STREETS/Streets_Permitting/MapServer/2","title":"Street light L040288"},"type":"Feature"},{"geometry":{"coordinates":[-90.22343058130821,38.64460280307292],"type":"Point"},"id":"stl-city-public-streetlights:2:147434","properties":{"address":null,"attributes":{"Date_Installed":null,"LED_Powered":0,"LightID":"L040289","Light_Source":"High Pressure Sodium","Light_Type":"Decorative","Lighting_Type":"King Luminaire (Historic Light Fixture)","Verification_Date":null},"id":"stl-city-public-streetlights:2:147434","sourceLayerId":2,"sourceObjectId":147434,"sourceURL":"https://maps8.stlouis-mo.gov/arcgis/rest/services/STREETS/Streets_Permitting/MapServer/2","title":"Street light L040289"},"type":"Feature"},{"geometry":{"coordinates":[-90.22400652815236,38.64460068310514],"type":"Point"},"id":"stl-city-public-streetlights:2:147435","properties":{"address":null,"attributes":{"Date_Installed":null,"LED_Powered":0,"LightID":"L040290","Light_Source":"High Pressure Sodium","Light_Type":"Decorative","Lighting_Type":"King Luminaire (Historic Light Fixture)","Verification_Date":null},"id":"stl-city-public-streetlights:2:147435","sourceLayerId":2,"sourceObjectId":147435,"sourceURL":"https://maps8.stlouis-mo.gov/arcgis/rest/services/STREETS/Streets_Permitting/MapServer/2","title":"Street light L040290"},"type":"Feature"},{"geometry":{"coordinates":[-90.22473467974083,38.64460034913774],"type":"Point"},"id":"stl-city-public-streetlights:2:147436","properties":{"address":null,"attributes":{"Date_Installed":null,"LED_Powered":0,"LightID":"L040291","Light_Source":"High Pressure Sodium","Light_Type":"Decorative","Lighting_Type":"King Luminaire (Historic Light Fixture)","Verification_Date":null},"id":"stl-city-public-streetlights:2:147436","sourceLayerId":2,"sourceObjectId":147436,"sourceURL":"https://maps8.stlouis-mo.gov/arcgis/rest/services/STREETS/Streets_Permitting/MapServer/2","title":"Street light L040291"},"type":"Feature"},{"geometry":{"coordinates":[-90.22539686433696,38.64052191303859],"type":"Point"},"id":"stl-city-public-streetlights:2:148171","properties":{"address":null,"attributes":{"Date_Installed":null,"LED_Powered":0,"LightID":"L041027","Light_Source":"High Pressure Sodium","Light_Type":"Decorative","Lighting_Type":"GE Americana Series (Historic Light Fixture)","Verification_Date":null},"id":"stl-city-public-streetlights:2:148171","sourceLayerId":2,"sourceObjectId":148171,"sourceURL":"https://maps8.stlouis-mo.gov/arcgis/rest/services/STREETS/Streets_Permitting/MapServer/2","title":"Street light L041027"},"type":"Feature"},{"geometry":{"coordinates":[-90.22620583902523,38.64069685988358],"type":"Point"},"id":"stl-city-public-streetlights:2:148172","properties":{"address":null,"attributes":{"Date_Installed":null,"LED_Powered":0,"LightID":"L041028","Light_Source":"High Pressure Sodium","Light_Type":"Decorative","Lighting_Type":"GE Americana Series (Historic Light Fixture)","Verification_Date":null},"id":"stl-city-public-streetlights:2:148172","sourceLayerId":2,"sourceObjectId":148172,"sourceURL":"https://maps8.stlouis-mo.gov/arcgis/rest/services/STREETS/Streets_Permitting/MapServer/2","title":"Street light L041028"},"type":"Feature"},{"geometry":{"coordinates":[-90.227159874081,38.6408970220711],"type":"Point"},"id":"stl-city-public-streetlights:2:148173","properties":{"address":null,"attributes":{"Date_Installed":null,"LED_Powered":0,"LightID":"L041029","Light_Source":"High Pressure Sodium","Light_Type":"Decorative","Lighting_Type":"GE Americana Series (Historic Light Fixture)","Verification_Date":null},"id":"stl-city-public-streetlights:2:148173","sourceLayerId":2,"sourceObjectId":148173,"sourceURL":"https://maps8.stlouis-mo.gov/arcgis/rest/services/STREETS/Streets_Permitting/MapServer/2","title":"Street light L041029"},"type":"Feature"},{"geometry":{"coordinates":[-90.22789417950241,38.64104890050531],"type":"Point"},"id":"stl-city-public-streetlights:2:148174","properties":{"address":null,"attributes":{"Date_Installed":null,"LED_Powered":0,"LightID":"L041030","Light_Source":"High Pressure Sodium","Light_Type":"Decorative","Lighting_Type":"GE Americana Series (Historic Light Fixture)","Verification_Date":null},"id":"stl-city-public-streetlights:2:148174","sourceLayerId":2,"sourceObjectId":148174,"sourceURL":"https://maps8.stlouis-mo.gov/arcgis/rest/services/STREETS/Streets_Permitting/MapServer/2","title":"Street light L041030"},"type":"Feature"},{"geometry":{"coordinates":[-90.2282567716309,38.641125541355365],"type":"Point"},"id":"stl-city-public-streetlights:2:148175","properties":{"address":null,"attributes":{"Date_Installed":null,"LED_Powered":0,"LightID":"L041031","Light_Source":"High Pressure Sodium","Light_Type":"Decorative","Lighting_Type":"GE Americana Series (Historic Light Fixture)","Verification_Date":null},"id":"stl-city-public-streetlights:2:148175","sourceLayerId":2,"sourceObjectId":148175,"sourceURL":"https://maps8.stlouis-mo.gov/arcgis/rest/services/STREETS/Streets_Permitting/MapServer/2","title":"Street light L041031"},"type":"Feature"},{"geometry":{"coordinates":[-90.22763665728856,38.64086666947965],"type":"Point"},"id":"stl-city-public-streetlights:2:148176","properties":{"address":null,"attributes":{"Date_Installed":null,"LED_Powered":0,"LightID":"L041032","Light_Source":"High Pressure Sodium","Light_Type":"Decorative","Lighting_Type":"GE Americana Series (Historic Light Fixture)","Verification_Date":null},"id":"stl-city-public-streetlights:2:148176","sourceLayerId":2,"sourceObjectId":148176,"sourceURL":"https://maps8.stlouis-mo.gov/arcgis/rest/services/STREETS/Streets_Permitting/MapServer/2","title":"Street light L041032"},"type":"Feature"},{"geometry":{"coordinates":[-90.22708730456792,38.640750976395644],"type":"Point"},"id":"stl-city-public-streetlights:2:148177","properties":{"address":null,"attributes":{"Date_Installed":null,"LED_Powered":0,"LightID":"L041033","Light_Source":"High Pressure Sodium","Light_Type":"Decorative","Lighting_Type":"GE Americana Series (Historic Light Fixture)","Verification_Date":null},"id":"stl-city-public-streetlights:2:148177","sourceLayerId":2,"sourceObjectId":148177,"sourceURL":"https://maps8.stlouis-mo.gov/arcgis/rest/services/STREETS/Streets_Permitting/MapServer/2","title":"Street light L041033"},"type":"Feature"},{"geometry":{"coordinates":[-90.2263657623618,38.64060055426052],"type":"Point"},"id":"stl-city-public-streetlights:2:148178","properties":{"address":null,"attributes":{"Date_Installed":null,"LED_Powered":0,"LightID":"L041034","Light_Source":"High Pressure Sodium","Light_Type":"Decorative","Lighting_Type":"GE Americana Series (Historic Light Fixture)","Verification_Date":null},"id":"stl-city-public-streetlights:2:148178","sourceLayerId":2,"sourceObjectId":148178,"sourceURL":"https://maps8.stlouis-mo.gov/arcgis/rest/services/STREETS/Streets_Permitting/MapServer/2","title":"Street light L041034"},"type":"Feature"},{"geometry":{"coordinates":[-90.22599314933116,38.64052331111415],"type":"Point"},"id":"stl-city-public-streetlights:2:148179","properties":{"address":null,"attributes":{"Date_Installed":null,"LED_Powered":0,"LightID":"L041035","Light_Source":"High Pressure Sodium","Light_Type":"Decorative","Lighting_Type":"GE Americana Series (Historic Light Fixture)","Verification_Date":null},"id":"stl-city-public-streetlights:2:148179","sourceLayerId":2,"sourceObjectId":148179,"sourceURL":"https://maps8.stlouis-mo.gov/arcgis/rest/services/STREETS/Streets_Permitting/MapServer/2","title":"Street light L041035"},"type":"Feature"},{"geometry":{"coordinates":[-90.22559593214825,38.64044229110684],"type":"Point"},"id":"stl-city-public-streetlights:2:148180","properties":{"address":null,"attributes":{"Date_Installed":null,"LED_Powered":0,"LightID":"L041036","Light_Source":"High Pressure Sodium","Light_Type":"Decorative","Lighting_Type":"GE Americana Series (Historic Light Fixture)","Verification_Date":null},"id":"stl-city-public-streetlights:2:148180","sourceLayerId":2,"sourceObjectId":148180,"sourceURL":"https://maps8.stlouis-mo.gov/arcgis/rest/services/STREETS/Streets_Permitting/MapServer/2","title":"Street light L041036"},"type":"Feature"},{"geometry":{"coordinates":[-90.22410154093308,38.640456367238905],"type":"Point"},"id":"stl-city-public-streetlights:2:148183","properties":{"address":null,"attributes":{"Date_Installed":null,"LED_Powered":0,"LightID":"L041039","Light_Source":"High Pressure Sodium","Light_Type":"Decorative","Lighting_Type":"GE Americana Series (Historic Light Fixture)","Verification_Date":null},"id":"stl-city-public-streetlights:2:148183","sourceLayerId":2,"sourceObjectId":148183,"sourceURL":"https://maps8.stlouis-mo.gov/arcgis/rest/services/STREETS/Streets_Permitting/MapServer/2","title":"Street light L041039"},"type":"Feature"},{"geometry":{"coordinates":[-90.22410401455564,38.64076242839942],"type":"Point"},"id":"stl-city-public-streetlights:2:148184","properties":{"address":null,"attributes":{"Date_Installed":null,"LED_Powered":0,"LightID":"L041040","Light_Source":"High Pressure Sodium","Light_Type":"Decorative","Lighting_Type":"GE Americana Series (Historic Light Fixture)","Verification_Date":null},"id":"stl-city-public-streetlights:2:148184","sourceLayerId":2,"sourceObjectId":148184,"sourceURL":"https://maps8.stlouis-mo.gov/arcgis/rest/services/STREETS/Streets_Permitting/MapServer/2","title":"Street light L041040"},"type":"Feature"},{"geometry":{"coordinates":[-90.22411232664425,38.64097268118931],"type":"Point"},"id":"stl-city-public-streetlights:2:148185","properties":{"address":null,"attributes":{"Date_Installed":null,"LED_Powered":0,"LightID":"L041041","Light_Source":"High Pressure Sodium","Light_Type":"Decorative","Lighting_Type":"GE Americana Series (Historic Light Fixture)","Verification_Date":null},"id":"stl-city-public-streetlights:2:148185","sourceLayerId":2,"sourceObjectId":148185,"sourceURL":"https://maps8.stlouis-mo.gov/arcgis/rest/services/STREETS/Streets_Permitting/MapServer/2","title":"Street light L041041"},"type":"Feature"},{"geometry":{"coordinates":[-90.22410799310654,38.64131023755261],"type":"Point"},"id":"stl-city-public-streetlights:2:148186","properties":{"address":null,"attributes":{"Date_Installed":null,"LED_Powered":0,"LightID":"L041042","Light_Source":"High Pressure Sodium","Light_Type":"Decorative","Lighting_Type":"GE Americana Series (Historic Light Fixture)","Verification_Date":null},"id":"stl-city-public-streetlights:2:148186","sourceLayerId":2,"sourceObjectId":148186,"sourceURL":"https://maps8.stlouis-mo.gov/arcgis/rest/services/STREETS/Streets_Permitting/MapServer/2","title":"Street light L041042"},"type":"Feature"},{"geometry":{"coordinates":[-90.22411021563816,38.64168179988293],"type":"Point"},"id":"stl-city-public-streetlights:2:148187","properties":{"address":null,"attributes":{"Date_Installed":null,"LED_Powered":0,"LightID":"L041043","Light_Source":"High Pressure Sodium","Light_Type":"Decorative","Lighting_Type":"GE Americana Series (Historic Light Fixture)","Verification_Date":null},"id":"stl-city-public-streetlights:2:148187","sourceLayerId":2,"sourceObjectId":148187,"sourceURL":"https://maps8.stlouis-mo.gov/arcgis/rest/services/STREETS/Streets_Permitting/MapServer/2","title":"Street light L041043"},"type":"Feature"},{"geometry":{"coordinates":[-90.22411418084864,38.642232803469014],"type":"Point"},"id":"stl-city-public-streetlights:2:148188","properties":{"address":null,"attributes":{"Date_Installed":null,"LED_Powered":0,"LightID":"L041044","Light_Source":"High Pressure Sodium","Light_Type":"Decorative","Lighting_Type":"GE Americana Series (Historic Light Fixture)","Verification_Date":null},"id":"stl-city-public-streetlights:2:148188","sourceLayerId":2,"sourceObjectId":148188,"sourceURL":"https://maps8.stlouis-mo.gov/arcgis/rest/services/STREETS/Streets_Permitting/MapServer/2","title":"Street light L041044"},"type":"Feature"},{"geometry":{"coordinates":[-90.22411889258214,38.64258940154754],"type":"Point"},"id":"stl-city-public-streetlights:2:148189","properties":{"address":null,"attributes":{"Date_Installed":null,"LED_Powered":0,"LightID":"L041045","Light_Source":"High Pressure Sodium","Light_Type":"Decorative","Lighting_Type":"GE Americana Series (Historic Light Fixture)","Verification_Date":null},"id":"stl-city-public-streetlights:2:148189","sourceLayerId":2,"sourceObjectId":148189,"sourceURL":"https://maps8.stlouis-mo.gov/arcgis/rest/services/STREETS/Streets_Permitting/MapServer/2","title":"Street light L041045"},"type":"Feature"},{"geometry":{"coordinates":[-90.22412124274378,38.64292768888433],"type":"Point"},"id":"stl-city-public-streetlights:2:148190","properties":{"address":null,"attributes":{"Date_Installed":null,"LED_Powered":0,"LightID":"L041046","Light_Source":"High Pressure Sodium","Light_Type":"Decorative","Lighting_Type":"GE Americana Series (Historic Light Fixture)","Verification_Date":null},"id":"stl-city-public-streetlights:2:148190","sourceLayerId":2,"sourceObjectId":148190,"sourceURL":"https://maps8.stlouis-mo.gov/arcgis/rest/services/STREETS/Streets_Permitting/MapServer/2","title":"Street light L041046"},"type":"Feature"},{"geometry":{"coordinates":[-90.22412181429037,38.643412896982014],"type":"Point"},"id":"stl-city-public-streetlights:2:148191","properties":{"address":null,"attributes":{"Date_Installed":null,"LED_Powered":0,"LightID":"L041047","Light_Source":"High Pressure Sodium","Light_Type":"Decorative","Lighting_Type":"GE Americana Series (Historic Light Fixture)","Verification_Date":null},"id":"stl-city-public-streetlights:2:148191","sourceLayerId":2,"sourceObjectId":148191,"sourceURL":"https://maps8.stlouis-mo.gov/arcgis/rest/services/STREETS/Streets_Permitting/MapServer/2","title":"Street light L041047"},"type":"Feature"},{"geometry":{"coordinates":[-90.22421744835503,38.64336068265405],"type":"Point"},"id":"stl-city-public-streetlights:2:148192","properties":{"address":null,"attributes":{"Date_Installed":null,"LED_Powered":0,"LightID":"L041048","Light_Source":"High Pressure Sodium","Light_Type":"Decorative","Lighting_Type":"GE Americana Series (Historic Light Fixture)","Verification_Date":null},"id":"stl-city-public-streetlights:2:148192","sourceLayerId":2,"sourceObjectId":148192,"sourceURL":"https://maps8.stlouis-mo.gov/arcgis/rest/services/STREETS/Streets_Permitting/MapServer/2","title":"Street light L041048"},"type":"Feature"},{"geometry":{"coordinates":[-90.22469341681922,38.64335751366791],"type":"Point"},"id":"stl-city-public-streetlights:2:148193","properties":{"address":null,"attributes":{"Date_Installed":null,"LED_Powered":0,"LightID":"L041049","Light_Source":"High Pressure Sodium","Light_Type":"Decorative","Lighting_Type":"GE Americana Series (Historic Light Fixture)","Verification_Date":null},"id":"stl-city-public-streetlights:2:148193","sourceLayerId":2,"sourceObjectId":148193,"sourceURL":"https://maps8.stlouis-mo.gov/arcgis/rest/services/STREETS/Streets_Permitting/MapServer/2","title":"Street light L041049"},"type":"Feature"},{"geometry":{"coordinates":[-90.22503107368681,38.643355770872255],"type":"Point"},"id":"stl-city-public-streetlights:2:148194","properties":{"address":null,"attributes":{"Date_Installed":null,"LED_Powered":0,"LightID":"L041050","Light_Source":"High Pressure Sodium","Light_Type":"Decorative","Lighting_Type":"GE Americana Series (Historic Light Fixture)","Verification_Date":null},"id":"stl-city-public-streetlights:2:148194","sourceLayerId":2,"sourceObjectId":148194,"sourceURL":"https://maps8.stlouis-mo.gov/arcgis/rest/services/STREETS/Streets_Permitting/MapServer/2","title":"Street light L041050"},"type":"Feature"},{"geometry":{"coordinates":[-90.22455562123625,38.643038391058596],"type":"Point"},"id":"stl-city-public-streetlights:2:148195","properties":{"address":null,"attributes":{"Date_Installed":null,"LED_Powered":0,"LightID":"L041051","Light_Source":"High Pressure Sodium","Light_Type":"Decorative","Lighting_Type":"GE Americana Series (Historic Light Fixture)","Verification_Date":null},"id":"stl-city-public-streetlights:2:148195","sourceLayerId":2,"sourceObjectId":148195,"sourceURL":"https://maps8.stlouis-mo.gov/arcgis/rest/services/STREETS/Streets_Permitting/MapServer/2","title":"Street light L041051"},"type":"Feature"},{"geometry":{"coordinates":[-90.22422778224647,38.64220279875123],"type":"Point"},"id":"stl-city-public-streetlights:2:148196","properties":{"address":null,"attributes":{"Date_Installed":null,"LED_Powered":0,"LightID":"L041052","Light_Source":"High Pressure Sodium","Light_Type":"Decorative","Lighting_Type":"GE Americana Series (Historic Light Fixture)","Verification_Date":null},"id":"stl-city-public-streetlights:2:148196","sourceLayerId":2,"sourceObjectId":148196,"sourceURL":"https://maps8.stlouis-mo.gov/arcgis/rest/services/STREETS/Streets_Permitting/MapServer/2","title":"Street light L041052"},"type":"Feature"},{"geometry":{"coordinates":[-90.22463714585537,38.6422886194822],"type":"Point"},"id":"stl-city-public-streetlights:2:148197","properties":{"address":null,"attributes":{"Date_Installed":null,"LED_Powered":0,"LightID":"L041053","Light_Source":"High Pressure Sodium","Light_Type":"Decorative","Lighting_Type":"GE Americana Series (Historic Light Fixture)","Verification_Date":null},"id":"stl-city-public-streetlights:2:148197","sourceLayerId":2,"sourceObjectId":148197,"sourceURL":"https://maps8.stlouis-mo.gov/arcgis/rest/services/STREETS/Streets_Permitting/MapServer/2","title":"Street light L041053"},"type":"Feature"},{"geometry":{"coordinates":[-90.22503509309456,38.64237155252922],"type":"Point"},"id":"stl-city-public-streetlights:2:148198","properties":{"address":null,"attributes":{"Date_Installed":null,"LED_Powered":0,"LightID":"L041054","Light_Source":"High Pressure Sodium","Light_Type":"Decorative","Lighting_Type":"GE Americana Series (Historic Light Fixture)","Verification_Date":null},"id":"stl-city-public-streetlights:2:148198","sourceLayerId":2,"sourceObjectId":148198,"sourceURL":"https://maps8.stlouis-mo.gov/arcgis/rest/services/STREETS/Streets_Permitting/MapServer/2","title":"Street light L041054"},"type":"Feature"},{"geometry":{"coordinates":[-90.22510443330374,38.641882551932426],"type":"Point"},"id":"stl-city-public-streetlights:2:148199","properties":{"address":null,"attributes":{"Date_Installed":null,"LED_Powered":0,"LightID":"L041055","Light_Source":"High Pressure Sodium","Light_Type":"Decorative","Lighting_Type":"GE Americana Series (Historic Light Fixture)","Verification_Date":null},"id":"stl-city-public-streetlights:2:148199","sourceLayerId":2,"sourceObjectId":148199,"sourceURL":"https://maps8.stlouis-mo.gov/arcgis/rest/services/STREETS/Streets_Permitting/MapServer/2","title":"Street light L041055"},"type":"Feature"},{"geometry":{"coordinates":[-90.22509221098105,38.64221818166728],"type":"Point"},"id":"stl-city-public-streetlights:2:148200","properties":{"address":null,"attributes":{"Date_Installed":null,"LED_Powered":0,"LightID":"L041056","Light_Source":"High Pressure Sodium","Light_Type":"Decorative","Lighting_Type":"GE Americana Series (Historic Light Fixture)","Verification_Date":null},"id":"stl-city-public-streetlights:2:148200","sourceLayerId":2,"sourceObjectId":148200,"sourceURL":"https://maps8.stlouis-mo.gov/arcgis/rest/services/STREETS/Streets_Permitting/MapServer/2","title":"Street light L041056"},"type":"Feature"},{"geometry":{"coordinates":[-90.22509590687818,38.642523530287065],"type":"Point"},"id":"stl-city-public-streetlights:2:148201","properties":{"address":null,"attributes":{"Date_Installed":null,"LED_Powered":0,"LightID":"L041057","Light_Source":"High Pressure Sodium","Light_Type":"Decorative","Lighting_Type":"GE Americana Series (Historic Light Fixture)","Verification_Date":null},"id":"stl-city-public-streetlights:2:148201","sourceLayerId":2,"sourceObjectId":148201,"sourceURL":"https://maps8.stlouis-mo.gov/arcgis/rest/services/STREETS/Streets_Permitting/MapServer/2","title":"Street light L041057"},"type":"Feature"},{"geometry":{"coordinates":[-90.2251136026695,38.642823906450545],"type":"Point"},"id":"stl-city-public-streetlights:2:148202","properties":{"address":null,"attributes":{"Date_Installed":null,"LED_Powered":0,"LightID":"L041058","Light_Source":"High Pressure Sodium","Light_Type":"Decorative","Lighting_Type":"GE Americana Series (Historic Light Fixture)","Verification_Date":null},"id":"stl-city-public-streetlights:2:148202","sourceLayerId":2,"sourceObjectId":148202,"sourceURL":"https://maps8.stlouis-mo.gov/arcgis/rest/services/STREETS/Streets_Permitting/MapServer/2","title":"Street light L041058"},"type":"Feature"},{"geometry":{"coordinates":[-90.22511749499859,38.6432372332756],"type":"Point"},"id":"stl-city-public-streetlights:2:148203","properties":{"address":null,"attributes":{"Date_Installed":null,"LED_Powered":0,"LightID":"L041059","Light_Source":"High Pressure Sodium","Light_Type":"Decorative","Lighting_Type":"GE Americana Series (Historic Light Fixture)","Verification_Date":null},"id":"stl-city-public-streetlights:2:148203","sourceLayerId":2,"sourceObjectId":148203,"sourceURL":"https://maps8.stlouis-mo.gov/arcgis/rest/services/STREETS/Streets_Permitting/MapServer/2","title":"Street light L041059"},"type":"Feature"},{"geometry":{"coordinates":[-90.22511599141129,38.643630524249886],"type":"Point"},"id":"stl-city-public-streetlights:2:148204","properties":{"address":null,"attributes":{"Date_Installed":null,"LED_Powered":0,"LightID":"L041060","Light_Source":"High Pressure Sodium","Light_Type":"Decorative","Lighting_Type":"GE Americana Series (Historic Light Fixture)","Verification_Date":null},"id":"stl-city-public-streetlights:2:148204","sourceLayerId":2,"sourceObjectId":148204,"sourceURL":"https://maps8.stlouis-mo.gov/arcgis/rest/services/STREETS/Streets_Permitting/MapServer/2","title":"Street light L041060"},"type":"Feature"},{"geometry":{"coordinates":[-90.22512552172634,38.644000243256905],"type":"Point"},"id":"stl-city-public-streetlights:2:148205","properties":{"address":null,"attributes":{"Date_Installed":null,"LED_Powered":0,"LightID":"L041061","Light_Source":"High Pressure Sodium","Light_Type":"Decorative","Lighting_Type":"GE Americana Series (Historic Light Fixture)","Verification_Date":null},"id":"stl-city-public-streetlights:2:148205","sourceLayerId":2,"sourceObjectId":148205,"sourceURL":"https://maps8.stlouis-mo.gov/arcgis/rest/services/STREETS/Streets_Permitting/MapServer/2","title":"Street light L041061"},"type":"Feature"},{"geometry":{"coordinates":[-90.22560554704214,38.642507483724465],"type":"Point"},"id":"stl-city-public-streetlights:2:148206","properties":{"address":null,"attributes":{"Date_Installed":null,"LED_Powered":0,"LightID":"L041062","Light_Source":"High Pressure Sodium","Light_Type":"Decorative","Lighting_Type":"GE Americana Series (Historic Light Fixture)","Verification_Date":null},"id":"stl-city-public-streetlights:2:148206","sourceLayerId":2,"sourceObjectId":148206,"sourceURL":"https://maps8.stlouis-mo.gov/arcgis/rest/services/STREETS/Streets_Permitting/MapServer/2","title":"Street light L041062"},"type":"Feature"},{"geometry":{"coordinates":[-90.22609830467779,38.642591597637974],"type":"Point"},"id":"stl-city-public-streetlights:2:148207","properties":{"address":null,"attributes":{"Date_Installed":null,"LED_Powered":0,"LightID":"L041063","Light_Source":"High Pressure Sodium","Light_Type":"Decorative","Lighting_Type":"GE Americana Series (Historic Light Fixture)","Verification_Date":null},"id":"stl-city-public-streetlights:2:148207","sourceLayerId":2,"sourceObjectId":148207,"sourceURL":"https://maps8.stlouis-mo.gov/arcgis/rest/services/STREETS/Streets_Permitting/MapServer/2","title":"Street light L041063"},"type":"Feature"},{"geometry":{"coordinates":[-90.2260405057507,38.642924332472944],"type":"Point"},"id":"stl-city-public-streetlights:2:148208","properties":{"address":null,"attributes":{"Date_Installed":null,"LED_Powered":0,"LightID":"L041064","Light_Source":"High Pressure Sodium","Light_Type":"Decorative","Lighting_Type":"GE Americana Series (Historic Light Fixture)","Verification_Date":null},"id":"stl-city-public-streetlights:2:148208","sourceLayerId":2,"sourceObjectId":148208,"sourceURL":"https://maps8.stlouis-mo.gov/arcgis/rest/services/STREETS/Streets_Permitting/MapServer/2","title":"Street light L041064"},"type":"Feature"},{"geometry":{"coordinates":[-90.22596855455328,38.643194526872634],"type":"Point"},"id":"stl-city-public-streetlights:2:148209","properties":{"address":null,"attributes":{"Date_Installed":null,"LED_Powered":0,"LightID":"L041065","Light_Source":"High Pressure Sodium","Light_Type":"Decorative","Lighting_Type":"GE Americana Series (Historic Light Fixture)","Verification_Date":null},"id":"stl-city-public-streetlights:2:148209","sourceLayerId":2,"sourceObjectId":148209,"sourceURL":"https://maps8.stlouis-mo.gov/arcgis/rest/services/STREETS/Streets_Permitting/MapServer/2","title":"Street light L041065"},"type":"Feature"},{"geometry":{"coordinates":[-90.22589243318848,38.643430289402005],"type":"Point"},"id":"stl-city-public-streetlights:2:148210","properties":{"address":null,"attributes":{"Date_Installed":null,"LED_Powered":0,"LightID":"L041066","Light_Source":"High Pressure Sodium","Light_Type":"Decorative","Lighting_Type":"GE Americana Series (Historic Light Fixture)","Verification_Date":null},"id":"stl-city-public-streetlights:2:148210","sourceLayerId":2,"sourceObjectId":148210,"sourceURL":"https://maps8.stlouis-mo.gov/arcgis/rest/services/STREETS/Streets_Permitting/MapServer/2","title":"Street light L041066"},"type":"Feature"},{"geometry":{"coordinates":[-90.22599160414481,38.643794330145695],"type":"Point"},"id":"stl-city-public-streetlights:2:148211","properties":{"address":null,"attributes":{"Date_Installed":null,"LED_Powered":0,"LightID":"L041067","Light_Source":"High Pressure Sodium","Light_Type":"Decorative","Lighting_Type":"GE Americana Series (Historic Light Fixture)","Verification_Date":null},"id":"stl-city-public-streetlights:2:148211","sourceLayerId":2,"sourceObjectId":148211,"sourceURL":"https://maps8.stlouis-mo.gov/arcgis/rest/services/STREETS/Streets_Permitting/MapServer/2","title":"Street light L041067"},"type":"Feature"},{"geometry":{"coordinates":[-90.22643992461644,38.64418455134309],"type":"Point"},"id":"stl-city-public-streetlights:2:148212","properties":{"address":null,"attributes":{"Date_Installed":null,"LED_Powered":0,"LightID":"L041068","Light_Source":"High Pressure Sodium","Light_Type":"Decorative","Lighting_Type":"GE Americana Series (Historic Light Fixture)","Verification_Date":null},"id":"stl-city-public-streetlights:2:148212","sourceLayerId":2,"sourceObjectId":148212,"sourceURL":"https://maps8.stlouis-mo.gov/arcgis/rest/services/STREETS/Streets_Permitting/MapServer/2","title":"Street light L041068"},"type":"Feature"},{"geometry":{"coordinates":[-90.22639141223593,38.644333627685235],"type":"Point"},"id":"stl-city-public-streetlights:2:148213","properties":{"address":null,"attributes":{"Date_Installed":null,"LED_Powered":0,"LightID":"L041069","Light_Source":"High Pressure Sodium","Light_Type":"Decorative","Lighting_Type":"GE Americana Series (Historic Light Fixture)","Verification_Date":null},"id":"stl-city-public-streetlights:2:148213","sourceLayerId":2,"sourceObjectId":148213,"sourceURL":"https://maps8.stlouis-mo.gov/arcgis/rest/services/STREETS/Streets_Permitting/MapServer/2","title":"Street light L041069"},"type":"Feature"},{"geometry":{"coordinates":[-90.22620757762834,38.64459300924211],"type":"Point"},"id":"stl-city-public-streetlights:2:148214","properties":{"address":null,"attributes":{"Date_Installed":null,"LED_Powered":0,"LightID":"L041070","Light_Source":"High Pressure Sodium","Light_Type":"Decorative","Lighting_Type":"GE Americana Series (Historic Light Fixture)","Verification_Date":null},"id":"stl-city-public-streetlights:2:148214","sourceLayerId":2,"sourceObjectId":148214,"sourceURL":"https://maps8.stlouis-mo.gov/arcgis/rest/services/STREETS/Streets_Permitting/MapServer/2","title":"Street light L041070"},"type":"Feature"},{"geometry":{"coordinates":[-90.22609012821208,38.644787236061866],"type":"Point"},"id":"stl-city-public-streetlights:2:148215","properties":{"address":null,"attributes":{"Date_Installed":null,"LED_Powered":0,"LightID":"L041071","Light_Source":"High Pressure Sodium","Light_Type":"Decorative","Lighting_Type":"GE Americana Series (Historic Light Fixture)","Verification_Date":null},"id":"stl-city-public-streetlights:2:148215","sourceLayerId":2,"sourceObjectId":148215,"sourceURL":"https://maps8.stlouis-mo.gov/arcgis/rest/services/STREETS/Streets_Permitting/MapServer/2","title":"Street light L041071"},"type":"Feature"},{"geometry":{"coordinates":[-90.2259177836094,38.64502996049531],"type":"Point"},"id":"stl-city-public-streetlights:2:148216","properties":{"address":null,"attributes":{"Date_Installed":null,"LED_Powered":0,"LightID":"L041072","Light_Source":"High Pressure Sodium","Light_Type":"Decorative","Lighting_Type":"GE Americana Series (Historic Light Fixture)","Verification_Date":null},"id":"stl-city-public-streetlights:2:148216","sourceLayerId":2,"sourceObjectId":148216,"sourceURL":"https://maps8.stlouis-mo.gov/arcgis/rest/services/STREETS/Streets_Permitting/MapServer/2","title":"Street light L041072"},"type":"Feature"},{"geometry":{"coordinates":[-90.22586418250593,38.64291991588992],"type":"Point"},"id":"stl-city-public-streetlights:2:148217","properties":{"address":null,"attributes":{"Date_Installed":null,"LED_Powered":0,"LightID":"L041073","Light_Source":"High Pressure Sodium","Light_Type":"Decorative","Lighting_Type":"GE Americana Series (Historic Light Fixture)","Verification_Date":null},"id":"stl-city-public-streetlights:2:148217","sourceLayerId":2,"sourceObjectId":148217,"sourceURL":"https://maps8.stlouis-mo.gov/arcgis/rest/services/STREETS/Streets_Permitting/MapServer/2","title":"Street light L041073"},"type":"Feature"},{"geometry":{"coordinates":[-90.2256155193728,38.64309238189686],"type":"Point"},"id":"stl-city-public-streetlights:2:148218","properties":{"address":null,"attributes":{"Date_Installed":null,"LED_Powered":0,"LightID":"L041074","Light_Source":"High Pressure Sodium","Light_Type":"Decorative","Lighting_Type":"GE Americana Series (Historic Light Fixture)","Verification_Date":null},"id":"stl-city-public-streetlights:2:148218","sourceLayerId":2,"sourceObjectId":148218,"sourceURL":"https://maps8.stlouis-mo.gov/arcgis/rest/services/STREETS/Streets_Permitting/MapServer/2","title":"Street light L041074"},"type":"Feature"},{"geometry":{"coordinates":[-90.2254117775254,38.64296175973146],"type":"Point"},"id":"stl-city-public-streetlights:2:148219","properties":{"address":null,"attributes":{"Date_Installed":null,"LED_Powered":0,"LightID":"L041075","Light_Source":"High Pressure Sodium","Light_Type":"Decorative","Lighting_Type":"GE Americana Series (Historic Light Fixture)","Verification_Date":null},"id":"stl-city-public-streetlights:2:148219","sourceLayerId":2,"sourceObjectId":148219,"sourceURL":"https://maps8.stlouis-mo.gov/arcgis/rest/services/STREETS/Streets_Permitting/MapServer/2","title":"Street light L041075"},"type":"Feature"},{"geometry":{"coordinates":[-90.22539434427655,38.6427514847898],"type":"Point"},"id":"stl-city-public-streetlights:2:148220","properties":{"address":null,"attributes":{"Date_Installed":null,"LED_Powered":0,"LightID":"L041076","Light_Source":"High Pressure Sodium","Light_Type":"Decorative","Lighting_Type":"GE Americana Series (Historic Light Fixture)","Verification_Date":null},"id":"stl-city-public-streetlights:2:148220","sourceLayerId":2,"sourceObjectId":148220,"sourceURL":"https://maps8.stlouis-mo.gov/arcgis/rest/services/STREETS/Streets_Permitting/MapServer/2","title":"Street light L041076"},"type":"Feature"},{"geometry":{"coordinates":[-90.22558994340824,38.642626088730886],"type":"Point"},"id":"stl-city-public-streetlights:2:148221","properties":{"address":null,"attributes":{"Date_Installed":null,"LED_Powered":0,"LightID":"L041077","Light_Source":"High Pressure Sodium","Light_Type":"Decorative","Lighting_Type":"GE Americana Series (Historic Light Fixture)","Verification_Date":null},"id":"stl-city-public-streetlights:2:148221","sourceLayerId":2,"sourceObjectId":148221,"sourceURL":"https://maps8.stlouis-mo.gov/arcgis/rest/services/STREETS/Streets_Permitting/MapServer/2","title":"Street light L041077"},"type":"Feature"},{"geometry":{"coordinates":[-90.22584690710481,38.64266816718094],"type":"Point"},"id":"stl-city-public-streetlights:2:148222","properties":{"address":null,"attributes":{"Date_Installed":null,"LED_Powered":0,"LightID":"L041078","Light_Source":"High Pressure Sodium","Light_Type":"Decorative","Lighting_Type":"GE Americana Series (Historic Light Fixture)","Verification_Date":null},"id":"stl-city-public-streetlights:2:148222","sourceLayerId":2,"sourceObjectId":148222,"sourceURL":"https://maps8.stlouis-mo.gov/arcgis/rest/services/STREETS/Streets_Permitting/MapServer/2","title":"Street light L041078"},"type":"Feature"},{"geometry":{"coordinates":[-90.2236911445935,38.641180587972926],"type":"Point"},"id":"stl-city-public-streetlights:2:148223","properties":{"address":null,"attributes":{"Date_Installed":"8/1/2016","LED_Powered":0,"LightID":"L041079","Light_Source":"LED","Light_Type":"Decorative","Lighting_Type":"GE Edison III Series (Historic Light Fixture) (LED-Powered)","Verification_Date":null},"id":"stl-city-public-streetlights:2:148223","sourceLayerId":2,"sourceObjectId":148223,"sourceURL":"https://maps8.stlouis-mo.gov/arcgis/rest/services/STREETS/Streets_Permitting/MapServer/2","title":"Street light L041079"},"type":"Feature"},{"geometry":{"coordinates":[-90.22358562827101,38.64111598103554],"type":"Point"},"id":"stl-city-public-streetlights:2:148224","properties":{"address":null,"attributes":{"Date_Installed":"8/1/2016","LED_Powered":0,"LightID":"L041080","Light_Source":"LED","Light_Type":"Decorative","Lighting_Type":"GE Edison III Series (Historic Light Fixture) (LED-Powered)","Verification_Date":null},"id":"stl-city-public-streetlights:2:148224","sourceLayerId":2,"sourceObjectId":148224,"sourceURL":"https://maps8.stlouis-mo.gov/arcgis/rest/services/STREETS/Streets_Permitting/MapServer/2","title":"Street light L041080"},"type":"Feature"},{"geometry":{"coordinates":[-90.2234561147051,38.641127115349114],"type":"Point"},"id":"stl-city-public-streetlights:2:148225","properties":{"address":null,"attributes":{"Date_Installed":"8/1/2016","LED_Powered":0,"LightID":"L041081","Light_Source":"LED","Light_Type":"Decorative","Lighting_Type":"GE Edison III Series (Historic Light Fixture) (LED-Powered)","Verification_Date":null},"id":"stl-city-public-streetlights:2:148225","sourceLayerId":2,"sourceObjectId":148225,"sourceURL":"https://maps8.stlouis-mo.gov/arcgis/rest/services/STREETS/Streets_Permitting/MapServer/2","title":"Street light L041081"},"type":"Feature"},{"geometry":{"coordinates":[-90.22291167349512,38.641015704310384],"type":"Point"},"id":"stl-city-public-streetlights:2:148226","properties":{"address":null,"attributes":{"Date_Installed":"8/1/2016","LED_Powered":0,"LightID":"L041082","Light_Source":"LED","Light_Type":"Decorative","Lighting_Type":"GE Edison III Series (Historic Light Fixture) (LED-Powered)","Verification_Date":null},"id":"stl-city-public-streetlights:2:148226","sourceLayerId":2,"sourceObjectId":148226,"sourceURL":"https://maps8.stlouis-mo.gov/arcgis/rest/services/STREETS/Streets_Permitting/MapServer/2","title":"Street light L041082"},"type":"Feature"},{"geometry":{"coordinates":[-90.22281343559885,38.64095540574789],"type":"Point"},"id":"stl-city-public-streetlights:2:148227","properties":{"address":null,"attributes":{"Date_Installed":"8/1/2016","LED_Powered":0,"LightID":"L041083","Light_Source":"LED","Light_Type":"Decorative","Lighting_Type":"GE Edison III Series (Historic Light Fixture) (LED-Powered)","Verification_Date":null},"id":"stl-city-public-streetlights:2:148227","sourceLayerId":2,"sourceObjectId":148227,"sourceURL":"https://maps8.stlouis-mo.gov/arcgis/rest/services/STREETS/Streets_Permitting/MapServer/2","title":"Street light L041083"},"type":"Feature"},{"geometry":{"coordinates":[-90.2224392107659,38.64091804873054],"type":"Point"},"id":"stl-city-public-streetlights:2:148228","properties":{"address":null,"attributes":{"Date_Installed":"8/1/2016","LED_Powered":0,"LightID":"L041084","Light_Source":"LED","Light_Type":"Decorative","Lighting_Type":"GE Edison III Series (Historic Light Fixture) (LED-Powered)","Verification_Date":null},"id":"stl-city-public-streetlights:2:148228","sourceLayerId":2,"sourceObjectId":148228,"sourceURL":"https://maps8.stlouis-mo.gov/arcgis/rest/services/STREETS/Streets_Permitting/MapServer/2","title":"Street light L041084"},"type":"Feature"},{"geometry":{"coordinates":[-90.2221777361032,38.64086594230795],"type":"Point"},"id":"stl-city-public-streetlights:2:148229","properties":{"address":null,"attributes":{"Date_Installed":"8/1/2016","LED_Powered":0,"LightID":"L041085","Light_Source":"LED","Light_Type":"Decorative","Lighting_Type":"GE Edison III Series (Historic Light Fixture) (LED-Powered)","Verification_Date":null},"id":"stl-city-public-streetlights:2:148229","sourceLayerId":2,"sourceObjectId":148229,"sourceURL":"https://maps8.stlouis-mo.gov/arcgis/rest/services/STREETS/Streets_Permitting/MapServer/2","title":"Street light L041085"},"type":"Feature"},{"geometry":{"coordinates":[-90.22785140211626,38.64999045446776],"type":"Point"},"id":"stl-city-public-streetlights:2:154647","properties":{"address":null,"attributes":{"Date_Installed":null,"LED_Powered":0,"LightID":"L047379","Light_Source":"LED","Light_Type":"Cobra","Lighting_Type":"LED-Powered Lamp","Verification_Date":null},"id":"stl-city-public-streetlights:2:154647","sourceLayerId":2,"sourceObjectId":154647,"sourceURL":"https://maps8.stlouis-mo.gov/arcgis/rest/services/STREETS/Streets_Permitting/MapServer/2","title":"Street light L047379"},"type":"Feature"},{"geometry":{"coordinates":[-90.22750086752048,38.64983251199799],"type":"Point"},"id":"stl-city-public-streetlights:2:154648","properties":{"address":null,"attributes":{"Date_Installed":null,"LED_Powered":0,"LightID":"L047380","Light_Source":"LED","Light_Type":"Cobra","Lighting_Type":"LED-Powered Lamp","Verification_Date":null},"id":"stl-city-public-streetlights:2:154648","sourceLayerId":2,"sourceObjectId":154648,"sourceURL":"https://maps8.stlouis-mo.gov/arcgis/rest/services/STREETS/Streets_Permitting/MapServer/2","title":"Street light L047380"},"type":"Feature"},{"geometry":{"coordinates":[-90.22712822750059,38.6496686043916],"type":"Point"},"id":"stl-city-public-streetlights:2:154649","properties":{"address":null,"attributes":{"Date_Installed":null,"LED_Powered":0,"LightID":"L047381","Light_Source":"LED","Light_Type":"Cobra","Lighting_Type":"LED-Powered Lamp","Verification_Date":null},"id":"stl-city-public-streetlights:2:154649","sourceLayerId":2,"sourceObjectId":154649,"sourceURL":"https://maps8.stlouis-mo.gov/arcgis/rest/services/STREETS/Streets_Permitting/MapServer/2","title":"Street light L047381"},"type":"Feature"},{"geometry":{"coordinates":[-90.22677987077674,38.649514287305145],"type":"Point"},"id":"stl-city-public-streetlights:2:154650","properties":{"address":null,"attributes":{"Date_Installed":null,"LED_Powered":0,"LightID":"L047382","Light_Source":"LED","Light_Type":"Cobra","Lighting_Type":"LED-Powered Lamp","Verification_Date":null},"id":"stl-city-public-streetlights:2:154650","sourceLayerId":2,"sourceObjectId":154650,"sourceURL":"https://maps8.stlouis-mo.gov/arcgis/rest/services/STREETS/Streets_Permitting/MapServer/2","title":"Street light L047382"},"type":"Feature"},{"geometry":{"coordinates":[-90.2264094251118,38.64935000235494],"type":"Point"},"id":"stl-city-public-streetlights:2:154651","properties":{"address":null,"attributes":{"Date_Installed":null,"LED_Powered":0,"LightID":"L047383","Light_Source":"LED","Light_Type":"Cobra","Lighting_Type":"LED-Powered Lamp","Verification_Date":null},"id":"stl-city-public-streetlights:2:154651","sourceLayerId":2,"sourceObjectId":154651,"sourceURL":"https://maps8.stlouis-mo.gov/arcgis/rest/services/STREETS/Streets_Permitting/MapServer/2","title":"Street light L047383"},"type":"Feature"},{"geometry":{"coordinates":[-90.226050068634,38.64919165292064],"type":"Point"},"id":"stl-city-public-streetlights:2:154652","properties":{"address":null,"attributes":{"Date_Installed":null,"LED_Powered":0,"LightID":"L047384","Light_Source":"LED","Light_Type":"Cobra","Lighting_Type":"LED-Powered Lamp","Verification_Date":null},"id":"stl-city-public-streetlights:2:154652","sourceLayerId":2,"sourceObjectId":154652,"sourceURL":"https://maps8.stlouis-mo.gov/arcgis/rest/services/STREETS/Streets_Permitting/MapServer/2","title":"Street light L047384"},"type":"Feature"},{"geometry":{"coordinates":[-90.22678643379234,38.64861681510324],"type":"Point"},"id":"stl-city-public-streetlights:2:154653","properties":{"address":null,"attributes":{"Date_Installed":null,"LED_Powered":0,"LightID":"L047385","Light_Source":"LED","Light_Type":"Cobra","Lighting_Type":"LED-Powered Lamp","Verification_Date":1646092800000},"id":"stl-city-public-streetlights:2:154653","sourceLayerId":2,"sourceObjectId":154653,"sourceURL":"https://maps8.stlouis-mo.gov/arcgis/rest/services/STREETS/Streets_Permitting/MapServer/2","title":"Street light L047385"},"type":"Feature"},{"geometry":{"coordinates":[-90.22741188816887,38.648890838580705],"type":"Point"},"id":"stl-city-public-streetlights:2:154654","properties":{"address":null,"attributes":{"Date_Installed":null,"LED_Powered":0,"LightID":"L047386","Light_Source":"LED","Light_Type":"Cobra","Lighting_Type":"LED-Powered Lamp","Verification_Date":1646092800000},"id":"stl-city-public-streetlights:2:154654","sourceLayerId":2,"sourceObjectId":154654,"sourceURL":"https://maps8.stlouis-mo.gov/arcgis/rest/services/STREETS/Streets_Permitting/MapServer/2","title":"Street light L047386"},"type":"Feature"},{"geometry":{"coordinates":[-90.22805436914884,38.649172765739834],"type":"Point"},"id":"stl-city-public-streetlights:2:154655","properties":{"address":null,"attributes":{"Date_Installed":null,"LED_Powered":0,"LightID":"L047387","Light_Source":"LED","Light_Type":"Cobra","Lighting_Type":"LED-Powered Lamp","Verification_Date":1646092800000},"id":"stl-city-public-streetlights:2:154655","sourceLayerId":2,"sourceObjectId":154655,"sourceURL":"https://maps8.stlouis-mo.gov/arcgis/rest/services/STREETS/Streets_Permitting/MapServer/2","title":"Street light L047387"},"type":"Feature"},{"geometry":{"coordinates":[-90.22870005235202,38.649451938272485],"type":"Point"},"id":"stl-city-public-streetlights:2:154656","properties":{"address":null,"attributes":{"Date_Installed":null,"LED_Powered":0,"LightID":"L047388","Light_Source":"LED","Light_Type":"Cobra","Lighting_Type":"LED-Powered Lamp","Verification_Date":1646092800000},"id":"stl-city-public-streetlights:2:154656","sourceLayerId":2,"sourceObjectId":154656,"sourceURL":"https://maps8.stlouis-mo.gov/arcgis/rest/services/STREETS/Streets_Permitting/MapServer/2","title":"Street light L047388"},"type":"Feature"},{"geometry":{"coordinates":[-90.22025568129776,38.6413518924249],"type":"Point"},"id":"stl-city-public-streetlights:2:155227","properties":{"address":null,"attributes":{"Date_Installed":"2020-01-15","LED_Powered":1,"LightID":"L047959","Light_Source":"LED","Light_Type":"Cobra","Lighting_Type":"5G Pole - 5G Pole -5G Pole - 1A","Verification_Date":null},"id":"stl-city-public-streetlights:2:155227","sourceLayerId":2,"sourceObjectId":155227,"sourceURL":"https://maps8.stlouis-mo.gov/arcgis/rest/services/STREETS/Streets_Permitting/MapServer/2","title":"Street light L047959"},"type":"Feature"},{"geometry":{"coordinates":[-90.22075284136056,38.641679634232176],"type":"Point"},"id":"stl-city-public-streetlights:2:155228","properties":{"address":null,"attributes":{"Date_Installed":null,"LED_Powered":1,"LightID":"L047960","Light_Source":"LED","Light_Type":"Cobra","Lighting_Type":"LED-Powered Lamp","Verification_Date":null},"id":"stl-city-public-streetlights:2:155228","sourceLayerId":2,"sourceObjectId":155228,"sourceURL":"https://maps8.stlouis-mo.gov/arcgis/rest/services/STREETS/Streets_Permitting/MapServer/2","title":"Street light L047960"},"type":"Feature"},{"geometry":{"coordinates":[-90.22124354636287,38.64198822996907],"type":"Point"},"id":"stl-city-public-streetlights:2:155229","properties":{"address":null,"attributes":{"Date_Installed":null,"LED_Powered":1,"LightID":"L047961","Light_Source":"LED","Light_Type":"Cobra","Lighting_Type":"LED-Powered Lamp","Verification_Date":null},"id":"stl-city-public-streetlights:2:155229","sourceLayerId":2,"sourceObjectId":155229,"sourceURL":"https://maps8.stlouis-mo.gov/arcgis/rest/services/STREETS/Streets_Permitting/MapServer/2","title":"Street light L047961"},"type":"Feature"},{"geometry":{"coordinates":[-90.22174440319225,38.642344937207746],"type":"Point"},"id":"stl-city-public-streetlights:2:155230","properties":{"address":null,"attributes":{"Date_Installed":null,"LED_Powered":1,"LightID":"L047962","Light_Source":"LED","Light_Type":"Cobra","Lighting_Type":"LED-Powered Lamp","Verification_Date":null},"id":"stl-city-public-streetlights:2:155230","sourceLayerId":2,"sourceObjectId":155230,"sourceURL":"https://maps8.stlouis-mo.gov/arcgis/rest/services/STREETS/Streets_Permitting/MapServer/2","title":"Street light L047962"},"type":"Feature"},{"geometry":{"coordinates":[-90.22224571361198,38.64266398262592],"type":"Point"},"id":"stl-city-public-streetlights:2:155231","properties":{"address":null,"attributes":{"Date_Installed":null,"LED_Powered":1,"LightID":"L047963","Light_Source":"LED","Light_Type":"Cobra","Lighting_Type":"LED-Powered Lamp","Verification_Date":null},"id":"stl-city-public-streetlights:2:155231","sourceLayerId":2,"sourceObjectId":155231,"sourceURL":"https://maps8.stlouis-mo.gov/arcgis/rest/services/STREETS/Streets_Permitting/MapServer/2","title":"Street light L047963"},"type":"Feature"},{"geometry":{"coordinates":[-90.22271152510628,38.64296074926704],"type":"Point"},"id":"stl-city-public-streetlights:2:155232","properties":{"address":null,"attributes":{"Date_Installed":null,"LED_Powered":1,"LightID":"L047964","Light_Source":"LED","Light_Type":"Cobra","Lighting_Type":"LED-Powered Lamp","Verification_Date":null},"id":"stl-city-public-streetlights:2:155232","sourceLayerId":2,"sourceObjectId":155232,"sourceURL":"https://maps8.stlouis-mo.gov/arcgis/rest/services/STREETS/Streets_Permitting/MapServer/2","title":"Street light L047964"},"type":"Feature"},{"geometry":{"coordinates":[-90.22316022810328,38.6432497511454],"type":"Point"},"id":"stl-city-public-streetlights:2:155233","properties":{"address":null,"attributes":{"Date_Installed":null,"LED_Powered":1,"LightID":"L047965","Light_Source":"LED","Light_Type":"Cobra","Lighting_Type":"LED-Powered Lamp","Verification_Date":null},"id":"stl-city-public-streetlights:2:155233","sourceLayerId":2,"sourceObjectId":155233,"sourceURL":"https://maps8.stlouis-mo.gov/arcgis/rest/services/STREETS/Streets_Permitting/MapServer/2","title":"Street light L047965"},"type":"Feature"},{"geometry":{"coordinates":[-90.22361135918693,38.64354066511107],"type":"Point"},"id":"stl-city-public-streetlights:2:155234","properties":{"address":null,"attributes":{"Date_Installed":null,"LED_Powered":1,"LightID":"L047966","Light_Source":"LED","Light_Type":"Cobra","Lighting_Type":"LED-Powered Lamp","Verification_Date":null},"id":"stl-city-public-streetlights:2:155234","sourceLayerId":2,"sourceObjectId":155234,"sourceURL":"https://maps8.stlouis-mo.gov/arcgis/rest/services/STREETS/Streets_Permitting/MapServer/2","title":"Street light L047966"},"type":"Feature"},{"geometry":{"coordinates":[-90.2244708363021,38.644186456403176],"type":"Point"},"id":"stl-city-public-streetlights:2:155235","properties":{"address":null,"attributes":{"Date_Installed":null,"LED_Powered":1,"LightID":"L047967","Light_Source":"LED","Light_Type":"Cobra","Lighting_Type":"LED-Powered Lamp","Verification_Date":null},"id":"stl-city-public-streetlights:2:155235","sourceLayerId":2,"sourceObjectId":155235,"sourceURL":"https://maps8.stlouis-mo.gov/arcgis/rest/services/STREETS/Streets_Permitting/MapServer/2","title":"Street light L047967"},"type":"Feature"},{"geometry":{"coordinates":[-90.22516602898085,38.64494131070251],"type":"Point"},"id":"stl-city-public-streetlights:2:155236","properties":{"address":null,"attributes":{"Date_Installed":null,"LED_Powered":1,"LightID":"L047968","Light_Source":"LED","Light_Type":"Cobra","Lighting_Type":"LED-Powered Lamp","Verification_Date":null},"id":"stl-city-public-streetlights:2:155236","sourceLayerId":2,"sourceObjectId":155236,"sourceURL":"https://maps8.stlouis-mo.gov/arcgis/rest/services/STREETS/Streets_Permitting/MapServer/2","title":"Street light L047968"},"type":"Feature"},{"geometry":{"coordinates":[-90.2255181033584,38.64534931526273],"type":"Point"},"id":"stl-city-public-streetlights:2:155237","properties":{"address":null,"attributes":{"Date_Installed":null,"LED_Powered":1,"LightID":"L047969","Light_Source":"LED","Light_Type":"Cobra","Lighting_Type":"LED-Powered Lamp","Verification_Date":null},"id":"stl-city-public-streetlights:2:155237","sourceLayerId":2,"sourceObjectId":155237,"sourceURL":"https://maps8.stlouis-mo.gov/arcgis/rest/services/STREETS/Streets_Permitting/MapServer/2","title":"Street light L047969"},"type":"Feature"},{"geometry":{"coordinates":[-90.22627852191647,38.646201920749036],"type":"Point"},"id":"stl-city-public-streetlights:2:155238","properties":{"address":null,"attributes":{"Date_Installed":"12/23/2018","LED_Powered":1,"LightID":"L047970","Light_Source":"LED","Light_Type":"Cobra","Lighting_Type":"LED-Powered Lamp","Verification_Date":null},"id":"stl-city-public-streetlights:2:155238","sourceLayerId":2,"sourceObjectId":155238,"sourceURL":"https://maps8.stlouis-mo.gov/arcgis/rest/services/STREETS/Streets_Permitting/MapServer/2","title":"Street light L047970"},"type":"Feature"},{"geometry":{"coordinates":[-90.22663986856548,38.646324901731305],"type":"Point"},"id":"stl-city-public-streetlights:2:155239","properties":{"address":null,"attributes":{"Date_Installed":"12/23/2018","LED_Powered":1,"LightID":"L047971","Light_Source":"LED","Light_Type":"Cobra","Lighting_Type":"LED-Powered Lamp","Verification_Date":null},"id":"stl-city-public-streetlights:2:155239","sourceLayerId":2,"sourceObjectId":155239,"sourceURL":"https://maps8.stlouis-mo.gov/arcgis/rest/services/STREETS/Streets_Permitting/MapServer/2","title":"Street light L047971"},"type":"Feature"},{"geometry":{"coordinates":[-90.22625962690591,38.645895822383935],"type":"Point"},"id":"stl-city-public-streetlights:2:155240","properties":{"address":null,"attributes":{"Date_Installed":"12/23/2018","LED_Powered":1,"LightID":"L047972","Light_Source":"LED","Light_Type":"Cobra","Lighting_Type":"LED-Powered Lamp","Verification_Date":null},"id":"stl-city-public-streetlights:2:155240","sourceLayerId":2,"sourceObjectId":155240,"sourceURL":"https://maps8.stlouis-mo.gov/arcgis/rest/services/STREETS/Streets_Permitting/MapServer/2","title":"Street light L047972"},"type":"Feature"},{"geometry":{"coordinates":[-90.22589211485035,38.6454681400509],"type":"Point"},"id":"stl-city-public-streetlights:2:155241","properties":{"address":null,"attributes":{"Date_Installed":"12/23/2018","LED_Powered":1,"LightID":"L047973","Light_Source":"LED","Light_Type":"Cobra","Lighting_Type":"LED-Powered Lamp","Verification_Date":null},"id":"stl-city-public-streetlights:2:155241","sourceLayerId":2,"sourceObjectId":155241,"sourceURL":"https://maps8.stlouis-mo.gov/arcgis/rest/services/STREETS/Streets_Permitting/MapServer/2","title":"Street light L047973"},"type":"Feature"},{"geometry":{"coordinates":[-90.22642993736274,38.645593750333624],"type":"Point"},"id":"stl-city-public-streetlights:2:155242","properties":{"address":null,"attributes":{"Date_Installed":null,"LED_Powered":1,"LightID":"L047974","Light_Source":"LED","Light_Type":"Cobra","Lighting_Type":"LED-Powered Lamp","Verification_Date":null},"id":"stl-city-public-streetlights:2:155242","sourceLayerId":2,"sourceObjectId":155242,"sourceURL":"https://maps8.stlouis-mo.gov/arcgis/rest/services/STREETS/Streets_Permitting/MapServer/2","title":"Street light L047974"},"type":"Feature"},{"geometry":{"coordinates":[-90.22693787779943,38.64581904282546],"type":"Point"},"id":"stl-city-public-streetlights:2:155243","properties":{"address":null,"attributes":{"Date_Installed":null,"LED_Powered":1,"LightID":"L047975","Light_Source":"LED","Light_Type":"Cobra","Lighting_Type":"LED-Powered Lamp","Verification_Date":null},"id":"stl-city-public-streetlights:2:155243","sourceLayerId":2,"sourceObjectId":155243,"sourceURL":"https://maps8.stlouis-mo.gov/arcgis/rest/services/STREETS/Streets_Permitting/MapServer/2","title":"Street light L047975"},"type":"Feature"},{"geometry":{"coordinates":[-90.22633966898724,38.64535327147321],"type":"Point"},"id":"stl-city-public-streetlights:2:155244","properties":{"address":null,"attributes":{"Date_Installed":null,"LED_Powered":1,"LightID":"L047976","Light_Source":"LED","Light_Type":"Cobra","Lighting_Type":"LED-Powered Lamp","Verification_Date":null},"id":"stl-city-public-streetlights:2:155244","sourceLayerId":2,"sourceObjectId":155244,"sourceURL":"https://maps8.stlouis-mo.gov/arcgis/rest/services/STREETS/Streets_Permitting/MapServer/2","title":"Street light L047976"},"type":"Feature"},{"geometry":{"coordinates":[-90.22598776299057,38.64519513018247],"type":"Point"},"id":"stl-city-public-streetlights:2:155245","properties":{"address":null,"attributes":{"Date_Installed":null,"LED_Powered":1,"LightID":"L047977","Light_Source":"LED","Light_Type":"Cobra","Lighting_Type":"LED-Powered Lamp","Verification_Date":null},"id":"stl-city-public-streetlights:2:155245","sourceLayerId":2,"sourceObjectId":155245,"sourceURL":"https://maps8.stlouis-mo.gov/arcgis/rest/services/STREETS/Streets_Permitting/MapServer/2","title":"Street light L047977"},"type":"Feature"},{"geometry":{"coordinates":[-90.22613375187389,38.644932287486085],"type":"Point"},"id":"stl-city-public-streetlights:2:155246","properties":{"address":null,"attributes":{"Date_Installed":null,"LED_Powered":0,"LightID":"L047978","Light_Source":"LED","Light_Type":"Cobra","Lighting_Type":"LED-Powered Lamp","Verification_Date":null},"id":"stl-city-public-streetlights:2:155246","sourceLayerId":2,"sourceObjectId":155246,"sourceURL":"https://maps8.stlouis-mo.gov/arcgis/rest/services/STREETS/Streets_Permitting/MapServer/2","title":"Street light L047978"},"type":"Feature"},{"geometry":{"coordinates":[-90.22643259319294,38.64451394847424],"type":"Point"},"id":"stl-city-public-streetlights:2:155247","properties":{"address":null,"attributes":{"Date_Installed":null,"LED_Powered":0,"LightID":"L047979","Light_Source":"LED","Light_Type":"Cobra","Lighting_Type":"LED-Powered Lamp","Verification_Date":null},"id":"stl-city-public-streetlights:2:155247","sourceLayerId":2,"sourceObjectId":155247,"sourceURL":"https://maps8.stlouis-mo.gov/arcgis/rest/services/STREETS/Streets_Permitting/MapServer/2","title":"Street light L047979"},"type":"Feature"},{"geometry":{"coordinates":[-90.22556174051822,38.64500964050001],"type":"Point"},"id":"stl-city-public-streetlights:2:155248","properties":{"address":null,"attributes":{"Date_Installed":null,"LED_Powered":1,"LightID":"L047980","Light_Source":"LED","Light_Type":"Cobra","Lighting_Type":"LED-Powered Lamp","Verification_Date":null},"id":"stl-city-public-streetlights:2:155248","sourceLayerId":2,"sourceObjectId":155248,"sourceURL":"https://maps8.stlouis-mo.gov/arcgis/rest/services/STREETS/Streets_Permitting/MapServer/2","title":"Street light L047980"},"type":"Feature"},{"geometry":{"coordinates":[-90.22524675570388,38.64439250720241],"type":"Point"},"id":"stl-city-public-streetlights:2:155249","properties":{"address":null,"attributes":{"Date_Installed":null,"LED_Powered":0,"LightID":"L047981","Light_Source":"LED","Light_Type":"Cobra","Lighting_Type":"LED-Powered Lamp","Verification_Date":null},"id":"stl-city-public-streetlights:2:155249","sourceLayerId":2,"sourceObjectId":155249,"sourceURL":"https://maps8.stlouis-mo.gov/arcgis/rest/services/STREETS/Streets_Permitting/MapServer/2","title":"Street light L047981"},"type":"Feature"},{"geometry":{"coordinates":[-90.2252453823965,38.644115290769825],"type":"Point"},"id":"stl-city-public-streetlights:2:155250","properties":{"address":null,"attributes":{"Date_Installed":null,"LED_Powered":0,"LightID":"L047982","Light_Source":"LED","Light_Type":"Cobra","Lighting_Type":"LED-Powered Lamp","Verification_Date":null},"id":"stl-city-public-streetlights:2:155250","sourceLayerId":2,"sourceObjectId":155250,"sourceURL":"https://maps8.stlouis-mo.gov/arcgis/rest/services/STREETS/Streets_Permitting/MapServer/2","title":"Street light L047982"},"type":"Feature"},{"geometry":{"coordinates":[-90.22525104728474,38.64374632187028],"type":"Point"},"id":"stl-city-public-streetlights:2:155251","properties":{"address":null,"attributes":{"Date_Installed":null,"LED_Powered":0,"LightID":"L047983","Light_Source":"LED","Light_Type":"Cobra","Lighting_Type":"LED-Powered Lamp","Verification_Date":null},"id":"stl-city-public-streetlights:2:155251","sourceLayerId":2,"sourceObjectId":155251,"sourceURL":"https://maps8.stlouis-mo.gov/arcgis/rest/services/STREETS/Streets_Permitting/MapServer/2","title":"Street light L047983"},"type":"Feature"},{"geometry":{"coordinates":[-90.22524758163391,38.643380191824676],"type":"Point"},"id":"stl-city-public-streetlights:2:155252","properties":{"address":null,"attributes":{"Date_Installed":null,"LED_Powered":0,"LightID":"L047984","Light_Source":"LED","Light_Type":"Cobra","Lighting_Type":"LED-Powered Lamp","Verification_Date":null},"id":"stl-city-public-streetlights:2:155252","sourceLayerId":2,"sourceObjectId":155252,"sourceURL":"https://maps8.stlouis-mo.gov/arcgis/rest/services/STREETS/Streets_Permitting/MapServer/2","title":"Street light L047984"},"type":"Feature"},{"geometry":{"coordinates":[-90.22524416011295,38.643002811565516],"type":"Point"},"id":"stl-city-public-streetlights:2:155253","properties":{"address":null,"attributes":{"Date_Installed":null,"LED_Powered":0,"LightID":"L047985","Light_Source":"LED","Light_Type":"Cobra","Lighting_Type":"LED-Powered Lamp","Verification_Date":null},"id":"stl-city-public-streetlights:2:155253","sourceLayerId":2,"sourceObjectId":155253,"sourceURL":"https://maps8.stlouis-mo.gov/arcgis/rest/services/STREETS/Streets_Permitting/MapServer/2","title":"Street light L047985"},"type":"Feature"},{"geometry":{"coordinates":[-90.22524069565894,38.64263668147604],"type":"Point"},"id":"stl-city-public-streetlights:2:155254","properties":{"address":null,"attributes":{"Date_Installed":null,"LED_Powered":0,"LightID":"L047986","Light_Source":"LED","Light_Type":"Cobra","Lighting_Type":"LED-Powered Lamp","Verification_Date":null},"id":"stl-city-public-streetlights:2:155254","sourceLayerId":2,"sourceObjectId":155254,"sourceURL":"https://maps8.stlouis-mo.gov/arcgis/rest/services/STREETS/Streets_Permitting/MapServer/2","title":"Street light L047986"},"type":"Feature"},{"geometry":{"coordinates":[-90.22482065956379,38.644267368735036],"type":"Point"},"id":"stl-city-public-streetlights:2:155255","properties":{"address":null,"attributes":{"Date_Installed":null,"LED_Powered":1,"LightID":"L047987","Light_Source":"LED","Light_Type":"Cobra","Lighting_Type":"LED-Powered Lamp","Verification_Date":null},"id":"stl-city-public-streetlights:2:155255","sourceLayerId":2,"sourceObjectId":155255,"sourceURL":"https://maps8.stlouis-mo.gov/arcgis/rest/services/STREETS/Streets_Permitting/MapServer/2","title":"Street light L047987"},"type":"Feature"},{"geometry":{"coordinates":[-90.22441845417312,38.64389648665389],"type":"Point"},"id":"stl-city-public-streetlights:2:155256","properties":{"address":null,"attributes":{"Date_Installed":null,"LED_Powered":1,"LightID":"L047988","Light_Source":"LED","Light_Type":"Cobra","Lighting_Type":"LED-Powered Lamp","Verification_Date":null},"id":"stl-city-public-streetlights:2:155256","sourceLayerId":2,"sourceObjectId":155256,"sourceURL":"https://maps8.stlouis-mo.gov/arcgis/rest/services/STREETS/Streets_Permitting/MapServer/2","title":"Street light L047988"},"type":"Feature"},{"geometry":{"coordinates":[-90.22351761066666,38.64326013129723],"type":"Point"},"id":"stl-city-public-streetlights:2:155257","properties":{"address":null,"attributes":{"Date_Installed":null,"LED_Powered":1,"LightID":"L047989","Light_Source":"LED","Light_Type":"Cobra","Lighting_Type":"LED-Powered Lamp","Verification_Date":null},"id":"stl-city-public-streetlights:2:155257","sourceLayerId":2,"sourceObjectId":155257,"sourceURL":"https://maps8.stlouis-mo.gov/arcgis/rest/services/STREETS/Streets_Permitting/MapServer/2","title":"Street light L047989"},"type":"Feature"},{"geometry":{"coordinates":[-90.2230688914853,38.6429749442102],"type":"Point"},"id":"stl-city-public-streetlights:2:155258","properties":{"address":null,"attributes":{"Date_Installed":null,"LED_Powered":1,"LightID":"L047990","Light_Source":"LED","Light_Type":"Cobra","Lighting_Type":"LED-Powered Lamp","Verification_Date":null},"id":"stl-city-public-streetlights:2:155258","sourceLayerId":2,"sourceObjectId":155258,"sourceURL":"https://maps8.stlouis-mo.gov/arcgis/rest/services/STREETS/Streets_Permitting/MapServer/2","title":"Street light L047990"},"type":"Feature"},{"geometry":{"coordinates":[-90.22264611645299,38.64270926708317],"type":"Point"},"id":"stl-city-public-streetlights:2:155259","properties":{"address":null,"attributes":{"Date_Installed":null,"LED_Powered":1,"LightID":"L047991","Light_Source":"LED","Light_Type":"Cobra","Lighting_Type":"LED-Powered Lamp","Verification_Date":null},"id":"stl-city-public-streetlights:2:155259","sourceLayerId":2,"sourceObjectId":155259,"sourceURL":"https://maps8.stlouis-mo.gov/arcgis/rest/services/STREETS/Streets_Permitting/MapServer/2","title":"Street light L047991"},"type":"Feature"},{"geometry":{"coordinates":[-90.22212951639266,38.64237433683512],"type":"Point"},"id":"stl-city-public-streetlights:2:155260","properties":{"address":null,"attributes":{"Date_Installed":null,"LED_Powered":1,"LightID":"L047992","Light_Source":"LED","Light_Type":"Cobra","Lighting_Type":"LED-Powered Lamp","Verification_Date":null},"id":"stl-city-public-streetlights:2:155260","sourceLayerId":2,"sourceObjectId":155260,"sourceURL":"https://maps8.stlouis-mo.gov/arcgis/rest/services/STREETS/Streets_Permitting/MapServer/2","title":"Street light L047992"},"type":"Feature"},{"geometry":{"coordinates":[-90.22163919210136,38.6420443523333],"type":"Point"},"id":"stl-city-public-streetlights:2:155261","properties":{"address":null,"attributes":{"Date_Installed":null,"LED_Powered":1,"LightID":"L047993","Light_Source":"LED","Light_Type":"Cobra","Lighting_Type":"LED-Powered Lamp","Verification_Date":null},"id":"stl-city-public-streetlights:2:155261","sourceLayerId":2,"sourceObjectId":155261,"sourceURL":"https://maps8.stlouis-mo.gov/arcgis/rest/services/STREETS/Streets_Permitting/MapServer/2","title":"Street light L047993"},"type":"Feature"},{"geometry":{"coordinates":[-90.22114175917159,38.64170678135655],"type":"Point"},"id":"stl-city-public-streetlights:2:155262","properties":{"address":null,"attributes":{"Date_Installed":null,"LED_Powered":1,"LightID":"L047994","Light_Source":"LED","Light_Type":"Cobra","Lighting_Type":"LED-Powered Lamp","Verification_Date":null},"id":"stl-city-public-streetlights:2:155262","sourceLayerId":2,"sourceObjectId":155262,"sourceURL":"https://maps8.stlouis-mo.gov/arcgis/rest/services/STREETS/Streets_Permitting/MapServer/2","title":"Street light L047994"},"type":"Feature"},{"geometry":{"coordinates":[-90.22065060998247,38.64139574091067],"type":"Point"},"id":"stl-city-public-streetlights:2:155263","properties":{"address":null,"attributes":{"Date_Installed":null,"LED_Powered":1,"LightID":"L047995","Light_Source":"LED","Light_Type":"Cobra","Lighting_Type":"LED-Powered Lamp","Verification_Date":null},"id":"stl-city-public-streetlights:2:155263","sourceLayerId":2,"sourceObjectId":155263,"sourceURL":"https://maps8.stlouis-mo.gov/arcgis/rest/services/STREETS/Streets_Permitting/MapServer/2","title":"Street light L047995"},"type":"Feature"},{"geometry":{"coordinates":[-90.22017051267058,38.64105731348988],"type":"Point"},"id":"stl-city-public-streetlights:2:155264","properties":{"address":null,"attributes":{"Date_Installed":null,"LED_Powered":1,"LightID":"L047996","Light_Source":"LED","Light_Type":"Cobra","Lighting_Type":"LED-Powered Lamp","Verification_Date":null},"id":"stl-city-public-streetlights:2:155264","sourceLayerId":2,"sourceObjectId":155264,"sourceURL":"https://maps8.stlouis-mo.gov/arcgis/rest/services/STREETS/Streets_Permitting/MapServer/2","title":"Street light L047996"},"type":"Feature"},{"geometry":{"coordinates":[-90.2238665714,38.641782975923164],"type":"Point"},"id":"stl-city-public-streetlights:2:156368","properties":{"address":null,"attributes":{"Date_Installed":null,"LED_Powered":0,"LightID":"L049092","Light_Source":"LED","Light_Type":"Cobra","Lighting_Type":"LED-Powered Lamp","Verification_Date":null},"id":"stl-city-public-streetlights:2:156368","sourceLayerId":2,"sourceObjectId":156368,"sourceURL":"https://maps8.stlouis-mo.gov/arcgis/rest/services/STREETS/Streets_Permitting/MapServer/2","title":"Street light L049092"},"type":"Feature"},{"geometry":{"coordinates":[-90.22391574475225,38.64227449603131],"type":"Point"},"id":"stl-city-public-streetlights:2:156369","properties":{"address":null,"attributes":{"Date_Installed":null,"LED_Powered":0,"LightID":"L049093","Light_Source":"LED","Light_Type":"Cobra","Lighting_Type":"LED-Powered Lamp","Verification_Date":null},"id":"stl-city-public-streetlights:2:156369","sourceLayerId":2,"sourceObjectId":156369,"sourceURL":"https://maps8.stlouis-mo.gov/arcgis/rest/services/STREETS/Streets_Permitting/MapServer/2","title":"Street light L049093"},"type":"Feature"},{"geometry":{"coordinates":[-90.22391629805546,38.6427638040824],"type":"Point"},"id":"stl-city-public-streetlights:2:156370","properties":{"address":null,"attributes":{"Date_Installed":null,"LED_Powered":0,"LightID":"L049094","Light_Source":"LED","Light_Type":"Cobra","Lighting_Type":"LED-Powered Lamp","Verification_Date":null},"id":"stl-city-public-streetlights:2:156370","sourceLayerId":2,"sourceObjectId":156370,"sourceURL":"https://maps8.stlouis-mo.gov/arcgis/rest/services/STREETS/Streets_Permitting/MapServer/2","title":"Street light L049094"},"type":"Feature"},{"geometry":{"coordinates":[-90.22391444703528,38.64324624164953],"type":"Point"},"id":"stl-city-public-streetlights:2:156371","properties":{"address":null,"attributes":{"Date_Installed":null,"LED_Powered":0,"LightID":"L049095","Light_Source":"LED","Light_Type":"Cobra","Lighting_Type":"LED-Powered Lamp","Verification_Date":null},"id":"stl-city-public-streetlights:2:156371","sourceLayerId":2,"sourceObjectId":156371,"sourceURL":"https://maps8.stlouis-mo.gov/arcgis/rest/services/STREETS/Streets_Permitting/MapServer/2","title":"Street light L049095"},"type":"Feature"},{"geometry":{"coordinates":[-90.22412425135785,38.643063675168655],"type":"Point"},"id":"stl-city-public-streetlights:2:156372","properties":{"address":null,"attributes":{"Date_Installed":null,"LED_Powered":0,"LightID":"L049096","Light_Source":"LED","Light_Type":"Cobra","Lighting_Type":"LED-Powered Lamp","Verification_Date":null},"id":"stl-city-public-streetlights:2:156372","sourceLayerId":2,"sourceObjectId":156372,"sourceURL":"https://maps8.stlouis-mo.gov/arcgis/rest/services/STREETS/Streets_Permitting/MapServer/2","title":"Street light L049096"},"type":"Feature"},{"geometry":{"coordinates":[-90.22411404380367,38.64255527617091],"type":"Point"},"id":"stl-city-public-streetlights:2:156373","properties":{"address":null,"attributes":{"Date_Installed":null,"LED_Powered":0,"LightID":"L049097","Light_Source":"LED","Light_Type":"Cobra","Lighting_Type":"LED-Powered Lamp","Verification_Date":null},"id":"stl-city-public-streetlights:2:156373","sourceLayerId":2,"sourceObjectId":156373,"sourceURL":"https://maps8.stlouis-mo.gov/arcgis/rest/services/STREETS/Streets_Permitting/MapServer/2","title":"Street light L049097"},"type":"Feature"},{"geometry":{"coordinates":[-90.22411598628709,38.64204862107247],"type":"Point"},"id":"stl-city-public-streetlights:2:156374","properties":{"address":null,"attributes":{"Date_Installed":null,"LED_Powered":0,"LightID":"L049098","Light_Source":"LED","Light_Type":"Cobra","Lighting_Type":"LED-Powered Lamp","Verification_Date":null},"id":"stl-city-public-streetlights:2:156374","sourceLayerId":2,"sourceObjectId":156374,"sourceURL":"https://maps8.stlouis-mo.gov/arcgis/rest/services/STREETS/Streets_Permitting/MapServer/2","title":"Street light L049098"},"type":"Feature"},{"geometry":{"coordinates":[-90.22410575873637,38.641545179528784],"type":"Point"},"id":"stl-city-public-streetlights:2:156375","properties":{"address":null,"attributes":{"Date_Installed":null,"LED_Powered":0,"LightID":"L049099","Light_Source":"LED","Light_Type":"Cobra","Lighting_Type":"LED-Powered Lamp","Verification_Date":null},"id":"stl-city-public-streetlights:2:156375","sourceLayerId":2,"sourceObjectId":156375,"sourceURL":"https://maps8.stlouis-mo.gov/arcgis/rest/services/STREETS/Streets_Permitting/MapServer/2","title":"Street light L049099"},"type":"Feature"},{"geometry":{"coordinates":[-90.22410766538468,38.64104786827576],"type":"Point"},"id":"stl-city-public-streetlights:2:156376","properties":{"address":null,"attributes":{"Date_Installed":null,"LED_Powered":0,"LightID":"L049100","Light_Source":"LED","Light_Type":"Cobra","Lighting_Type":"LED-Powered Lamp","Verification_Date":null},"id":"stl-city-public-streetlights:2:156376","sourceLayerId":2,"sourceObjectId":156376,"sourceURL":"https://maps8.stlouis-mo.gov/arcgis/rest/services/STREETS/Streets_Permitting/MapServer/2","title":"Street light L049100"},"type":"Feature"},{"geometry":{"coordinates":[-90.22410472580131,38.64054635101389],"type":"Point"},"id":"stl-city-public-streetlights:2:156377","properties":{"address":null,"attributes":{"Date_Installed":null,"LED_Powered":0,"LightID":"L049101","Light_Source":"LED","Light_Type":"Cobra","Lighting_Type":"LED-Powered Lamp","Verification_Date":null},"id":"stl-city-public-streetlights:2:156377","sourceLayerId":2,"sourceObjectId":156377,"sourceURL":"https://maps8.stlouis-mo.gov/arcgis/rest/services/STREETS/Streets_Permitting/MapServer/2","title":"Street light L049101"},"type":"Feature"},{"geometry":{"coordinates":[-90.2204409499977,38.640461198774204],"type":"Point"},"id":"stl-city-public-streetlights:2:156378","properties":{"address":null,"attributes":{"Date_Installed":null,"LED_Powered":0,"LightID":"L049102","Light_Source":"LED","Light_Type":"Cobra","Lighting_Type":"LED-Powered Lamp","Verification_Date":null},"id":"stl-city-public-streetlights:2:156378","sourceLayerId":2,"sourceObjectId":156378,"sourceURL":"https://maps8.stlouis-mo.gov/arcgis/rest/services/STREETS/Streets_Permitting/MapServer/2","title":"Street light L049102"},"type":"Feature"},{"geometry":{"coordinates":[-90.22085288660963,38.64054596504192],"type":"Point"},"id":"stl-city-public-streetlights:2:156379","properties":{"address":null,"attributes":{"Date_Installed":null,"LED_Powered":0,"LightID":"L049103","Light_Source":"LED","Light_Type":"Cobra","Lighting_Type":"LED-Powered Lamp","Verification_Date":null},"id":"stl-city-public-streetlights:2:156379","sourceLayerId":2,"sourceObjectId":156379,"sourceURL":"https://maps8.stlouis-mo.gov/arcgis/rest/services/STREETS/Streets_Permitting/MapServer/2","title":"Street light L049103"},"type":"Feature"},{"geometry":{"coordinates":[-90.22124310034157,38.640629011458145],"type":"Point"},"id":"stl-city-public-streetlights:2:156380","properties":{"address":null,"attributes":{"Date_Installed":null,"LED_Powered":0,"LightID":"L049104","Light_Source":"LED","Light_Type":"Cobra","Lighting_Type":"LED-Powered Lamp","Verification_Date":null},"id":"stl-city-public-streetlights:2:156380","sourceLayerId":2,"sourceObjectId":156380,"sourceURL":"https://maps8.stlouis-mo.gov/arcgis/rest/services/STREETS/Streets_Permitting/MapServer/2","title":"Street light L049104"},"type":"Feature"},{"geometry":{"coordinates":[-90.22164623096249,38.64071256387625],"type":"Point"},"id":"stl-city-public-streetlights:2:156381","properties":{"address":null,"attributes":{"Date_Installed":null,"LED_Powered":0,"LightID":"L049105","Light_Source":"LED","Light_Type":"Cobra","Lighting_Type":"LED-Powered Lamp","Verification_Date":null},"id":"stl-city-public-streetlights:2:156381","sourceLayerId":2,"sourceObjectId":156381,"sourceURL":"https://maps8.stlouis-mo.gov/arcgis/rest/services/STREETS/Streets_Permitting/MapServer/2","title":"Street light L049105"},"type":"Feature"},{"geometry":{"coordinates":[-90.22199553853481,38.6407885645978],"type":"Point"},"id":"stl-city-public-streetlights:2:156382","properties":{"address":null,"attributes":{"Date_Installed":"8/1/2016","LED_Powered":1,"LightID":"L049106","Light_Source":"LED","Light_Type":"Cobra","Lighting_Type":"LED-Powered Lamp","Verification_Date":null},"id":"stl-city-public-streetlights:2:156382","sourceLayerId":2,"sourceObjectId":156382,"sourceURL":"https://maps8.stlouis-mo.gov/arcgis/rest/services/STREETS/Streets_Permitting/MapServer/2","title":"Street light L049106"},"type":"Feature"},{"geometry":{"coordinates":[-90.2223700531515,38.640868180805654],"type":"Point"},"id":"stl-city-public-streetlights:2:156383","properties":{"address":null,"attributes":{"Date_Installed":"8/1/2016","LED_Powered":1,"LightID":"L049107","Light_Source":"LED","Light_Type":"Cobra","Lighting_Type":"LED-Powered Lamp","Verification_Date":null},"id":"stl-city-public-streetlights:2:156383","sourceLayerId":2,"sourceObjectId":156383,"sourceURL":"https://maps8.stlouis-mo.gov/arcgis/rest/services/STREETS/Streets_Permitting/MapServer/2","title":"Street light L049107"},"type":"Feature"},{"geometry":{"coordinates":[-90.22187644928569,38.64119237064432],"type":"Point"},"id":"stl-city-public-streetlights:2:156384","properties":{"address":null,"attributes":{"Date_Installed":"8/1/2016","LED_Powered":1,"LightID":"L049108","Light_Source":"LED","Light_Type":"Cobra","Lighting_Type":"LED-Powered Lamp","Verification_Date":null},"id":"stl-city-public-streetlights:2:156384","sourceLayerId":2,"sourceObjectId":156384,"sourceURL":"https://maps8.stlouis-mo.gov/arcgis/rest/services/STREETS/Streets_Permitting/MapServer/2","title":"Street light L049108"},"type":"Feature"},{"geometry":{"coordinates":[-90.22222216000739,38.64099535234234],"type":"Point"},"id":"stl-city-public-streetlights:2:156385","properties":{"address":null,"attributes":{"Date_Installed":"8/1/2016","LED_Powered":1,"LightID":"L049109","Light_Source":"LED","Light_Type":"Cobra","Lighting_Type":"LED-Powered Lamp","Verification_Date":null},"id":"stl-city-public-streetlights:2:156385","sourceLayerId":2,"sourceObjectId":156385,"sourceURL":"https://maps8.stlouis-mo.gov/arcgis/rest/services/STREETS/Streets_Permitting/MapServer/2","title":"Street light L049109"},"type":"Feature"},{"geometry":{"coordinates":[-90.22272599150605,38.64093457359047],"type":"Point"},"id":"stl-city-public-streetlights:2:156386","properties":{"address":null,"attributes":{"Date_Installed":"8/1/2016","LED_Powered":1,"LightID":"L049110","Light_Source":"LED","Light_Type":"Cobra","Lighting_Type":"LED-Powered Lamp","Verification_Date":null},"id":"stl-city-public-streetlights:2:156386","sourceLayerId":2,"sourceObjectId":156386,"sourceURL":"https://maps8.stlouis-mo.gov/arcgis/rest/services/STREETS/Streets_Permitting/MapServer/2","title":"Street light L049110"},"type":"Feature"},{"geometry":{"coordinates":[-90.22290354662434,38.640759751598694],"type":"Point"},"id":"stl-city-public-streetlights:2:156387","properties":{"address":null,"attributes":{"Date_Installed":"8/1/2016","LED_Powered":1,"LightID":"L049111","Light_Source":"LED","Light_Type":"Cobra","Lighting_Type":"LED-Powered Lamp (Twin Lights)","Verification_Date":null},"id":"stl-city-public-streetlights:2:156387","sourceLayerId":2,"sourceObjectId":156387,"sourceURL":"https://maps8.stlouis-mo.gov/arcgis/rest/services/STREETS/Streets_Permitting/MapServer/2","title":"Street light L049111"},"type":"Feature"},{"geometry":{"coordinates":[-90.22330988751254,38.64087035957652],"type":"Point"},"id":"stl-city-public-streetlights:2:156388","properties":{"address":null,"attributes":{"Date_Installed":"8/1/2016","LED_Powered":1,"LightID":"L049112","Light_Source":"LED","Light_Type":"Cobra","Lighting_Type":"LED-Powered Lamp","Verification_Date":null},"id":"stl-city-public-streetlights:2:156388","sourceLayerId":2,"sourceObjectId":156388,"sourceURL":"https://maps8.stlouis-mo.gov/arcgis/rest/services/STREETS/Streets_Permitting/MapServer/2","title":"Street light L049112"},"type":"Feature"},{"geometry":{"coordinates":[-90.22369351204611,38.64100856166843],"type":"Point"},"id":"stl-city-public-streetlights:2:156389","properties":{"address":null,"attributes":{"Date_Installed":"8/1/2016","LED_Powered":1,"LightID":"L049113","Light_Source":"LED","Light_Type":"Cobra","Lighting_Type":"LED-Powered Lamp","Verification_Date":null},"id":"stl-city-public-streetlights:2:156389","sourceLayerId":2,"sourceObjectId":156389,"sourceURL":"https://maps8.stlouis-mo.gov/arcgis/rest/services/STREETS/Streets_Permitting/MapServer/2","title":"Street light L049113"},"type":"Feature"},{"geometry":{"coordinates":[-90.22144616261194,38.641817628441316],"type":"Point"},"id":"stl-city-public-streetlights:2:156390","properties":{"address":null,"attributes":{"Date_Installed":null,"LED_Powered":0,"LightID":"L049114","Light_Source":"LED","Light_Type":"Cobra","Lighting_Type":"LED-Powered Lamp","Verification_Date":null},"id":"stl-city-public-streetlights:2:156390","sourceLayerId":2,"sourceObjectId":156390,"sourceURL":"https://maps8.stlouis-mo.gov/arcgis/rest/services/STREETS/Streets_Permitting/MapServer/2","title":"Street light L049114"},"type":"Feature"},{"geometry":{"coordinates":[-90.22153848720362,38.641521089240236],"type":"Point"},"id":"stl-city-public-streetlights:2:156391","properties":{"address":null,"attributes":{"Date_Installed":null,"LED_Powered":0,"LightID":"L049115","Light_Source":"LED","Light_Type":"Cobra","Lighting_Type":"LED-Powered Lamp","Verification_Date":null},"id":"stl-city-public-streetlights:2:156391","sourceLayerId":2,"sourceObjectId":156391,"sourceURL":"https://maps8.stlouis-mo.gov/arcgis/rest/services/STREETS/Streets_Permitting/MapServer/2","title":"Street light L049115"},"type":"Feature"},{"geometry":{"coordinates":[-90.22163222007009,38.641253156514075],"type":"Point"},"id":"stl-city-public-streetlights:2:156392","properties":{"address":null,"attributes":{"Date_Installed":null,"LED_Powered":0,"LightID":"L049116","Light_Source":"LED","Light_Type":"Cobra","Lighting_Type":"LED-Powered Lamp","Verification_Date":null},"id":"stl-city-public-streetlights:2:156392","sourceLayerId":2,"sourceObjectId":156392,"sourceURL":"https://maps8.stlouis-mo.gov/arcgis/rest/services/STREETS/Streets_Permitting/MapServer/2","title":"Street light L049116"},"type":"Feature"},{"geometry":{"coordinates":[-90.22174327137483,38.64092744315574],"type":"Point"},"id":"stl-city-public-streetlights:2:156393","properties":{"address":null,"attributes":{"Date_Installed":null,"LED_Powered":0,"LightID":"L049117","Light_Source":"LED","Light_Type":"Cobra","Lighting_Type":"LED-Powered Lamp","Verification_Date":null},"id":"stl-city-public-streetlights:2:156393","sourceLayerId":2,"sourceObjectId":156393,"sourceURL":"https://maps8.stlouis-mo.gov/arcgis/rest/services/STREETS/Streets_Permitting/MapServer/2","title":"Street light L049117"},"type":"Feature"},{"geometry":{"coordinates":[-90.22186005923822,38.64059163173607],"type":"Point"},"id":"stl-city-public-streetlights:2:156394","properties":{"address":null,"attributes":{"Date_Installed":null,"LED_Powered":0,"LightID":"L049118","Light_Source":"LED","Light_Type":"Cobra","Lighting_Type":"LED-Powered Lamp","Verification_Date":null},"id":"stl-city-public-streetlights:2:156394","sourceLayerId":2,"sourceObjectId":156394,"sourceURL":"https://maps8.stlouis-mo.gov/arcgis/rest/services/STREETS/Streets_Permitting/MapServer/2","title":"Street light L049118"},"type":"Feature"},{"geometry":{"coordinates":[-90.22196579128897,38.64026562710605],"type":"Point"},"id":"stl-city-public-streetlights:2:156395","properties":{"address":null,"attributes":{"Date_Installed":null,"LED_Powered":0,"LightID":"L049119","Light_Source":"LED","Light_Type":"Cobra","Lighting_Type":"LED-Powered Lamp","Verification_Date":null},"id":"stl-city-public-streetlights:2:156395","sourceLayerId":2,"sourceObjectId":156395,"sourceURL":"https://maps8.stlouis-mo.gov/arcgis/rest/services/STREETS/Streets_Permitting/MapServer/2","title":"Street light L049119"},"type":"Feature"},{"geometry":{"coordinates":[-90.2201562472576,38.640126853258316],"type":"Point"},"id":"stl-city-public-streetlights:2:156420","properties":{"address":null,"attributes":{"Date_Installed":null,"LED_Powered":0,"LightID":"L049144","Light_Source":"LED","Light_Type":"Cobra","Lighting_Type":"LED-Powered Lamp","Verification_Date":null},"id":"stl-city-public-streetlights:2:156420","sourceLayerId":2,"sourceObjectId":156420,"sourceURL":"https://maps8.stlouis-mo.gov/arcgis/rest/services/STREETS/Streets_Permitting/MapServer/2","title":"Street light L049144"},"type":"Feature"},{"geometry":{"coordinates":[-90.22415043776397,38.64008047948669],"type":"Point"},"id":"stl-city-public-streetlights:2:156436","properties":{"address":null,"attributes":{"Date_Installed":null,"LED_Powered":0,"LightID":"L049160","Light_Source":"LED","Light_Type":"Cobra","Lighting_Type":"LED-Powered Lamp","Verification_Date":null},"id":"stl-city-public-streetlights:2:156436","sourceLayerId":2,"sourceObjectId":156436,"sourceURL":"https://maps8.stlouis-mo.gov/arcgis/rest/services/STREETS/Streets_Permitting/MapServer/2","title":"Street light L049160"},"type":"Feature"},{"geometry":{"coordinates":[-90.22327941999008,38.64057376630445],"type":"Point"},"id":"stl-city-public-streetlights:2:156461","properties":{"address":null,"attributes":{"Date_Installed":"8/1/2016","LED_Powered":1,"LightID":"L049185","Light_Source":"LED","Light_Type":"Cobra","Lighting_Type":"LED-Powered Lamp (Twin Lights)","Verification_Date":null},"id":"stl-city-public-streetlights:2:156461","sourceLayerId":2,"sourceObjectId":156461,"sourceURL":"https://maps8.stlouis-mo.gov/arcgis/rest/services/STREETS/Streets_Permitting/MapServer/2","title":"Street light L049185"},"type":"Feature"},{"geometry":{"coordinates":[-90.22304062547684,38.64051980917061],"type":"Point"},"id":"stl-city-public-streetlights:2:156462","properties":{"address":null,"attributes":{"Date_Installed":"8/1/2016","LED_Powered":1,"LightID":"L049186","Light_Source":"LED","Light_Type":"Cobra","Lighting_Type":"LED-Powered Lamp (Twin Lights)","Verification_Date":null},"id":"stl-city-public-streetlights:2:156462","sourceLayerId":2,"sourceObjectId":156462,"sourceURL":"https://maps8.stlouis-mo.gov/arcgis/rest/services/STREETS/Streets_Permitting/MapServer/2","title":"Street light L049186"},"type":"Feature"},{"geometry":{"coordinates":[-90.22308023145358,38.64033684143],"type":"Point"},"id":"stl-city-public-streetlights:2:156463","properties":{"address":null,"attributes":{"Date_Installed":"8/1/2016","LED_Powered":1,"LightID":"L049187","Light_Source":"LED","Light_Type":"Cobra","Lighting_Type":"LED-Powered Lamp (Twin Lights)","Verification_Date":null},"id":"stl-city-public-streetlights:2:156463","sourceLayerId":2,"sourceObjectId":156463,"sourceURL":"https://maps8.stlouis-mo.gov/arcgis/rest/services/STREETS/Streets_Permitting/MapServer/2","title":"Street light L049187"},"type":"Feature"},{"geometry":{"coordinates":[-90.223244709467,38.64037068243372],"type":"Point"},"id":"stl-city-public-streetlights:2:156464","properties":{"address":null,"attributes":{"Date_Installed":"8/1/2016","LED_Powered":1,"LightID":"L049188","Light_Source":"LED","Light_Type":"Cobra","Lighting_Type":"LED-Powered Lamp (Twin Lights)","Verification_Date":null},"id":"stl-city-public-streetlights:2:156464","sourceLayerId":2,"sourceObjectId":156464,"sourceURL":"https://maps8.stlouis-mo.gov/arcgis/rest/services/STREETS/Streets_Permitting/MapServer/2","title":"Street light L049188"},"type":"Feature"},{"geometry":{"coordinates":[-90.2235913552019,38.64038728010585],"type":"Point"},"id":"stl-city-public-streetlights:2:156465","properties":{"address":null,"attributes":{"Date_Installed":"8/1/2016","LED_Powered":1,"LightID":"L049189","Light_Source":"LED","Light_Type":"Cobra","Lighting_Type":"LED-Powered Lamp (Twin Lights)","Verification_Date":null},"id":"stl-city-public-streetlights:2:156465","sourceLayerId":2,"sourceObjectId":156465,"sourceURL":"https://maps8.stlouis-mo.gov/arcgis/rest/services/STREETS/Streets_Permitting/MapServer/2","title":"Street light L049189"},"type":"Feature"},{"geometry":{"coordinates":[-90.22332938111707,38.640149255052826],"type":"Point"},"id":"stl-city-public-streetlights:2:156466","properties":{"address":null,"attributes":{"Date_Installed":"8/1/2016","LED_Powered":1,"LightID":"L049190","Light_Source":"LED","Light_Type":"Cobra","Lighting_Type":"LED-Powered Lamp","Verification_Date":null},"id":"stl-city-public-streetlights:2:156466","sourceLayerId":2,"sourceObjectId":156466,"sourceURL":"https://maps8.stlouis-mo.gov/arcgis/rest/services/STREETS/Streets_Permitting/MapServer/2","title":"Street light L049190"},"type":"Feature"},{"geometry":{"coordinates":[-90.22316238145747,38.640109053330995],"type":"Point"},"id":"stl-city-public-streetlights:2:156467","properties":{"address":null,"attributes":{"Date_Installed":"8/1/2016","LED_Powered":1,"LightID":"L049191","Light_Source":"LED","Light_Type":"Cobra","Lighting_Type":"LED-Powered Lamp","Verification_Date":null},"id":"stl-city-public-streetlights:2:156467","sourceLayerId":2,"sourceObjectId":156467,"sourceURL":"https://maps8.stlouis-mo.gov/arcgis/rest/services/STREETS/Streets_Permitting/MapServer/2","title":"Street light L049191"},"type":"Feature"},{"geometry":{"coordinates":[-90.22299496159586,38.64006586212769],"type":"Point"},"id":"stl-city-public-streetlights:2:156468","properties":{"address":null,"attributes":{"Date_Installed":"8/1/2016","LED_Powered":1,"LightID":"L049192","Light_Source":"LED","Light_Type":"Cobra","Lighting_Type":"LED-Powered Lamp","Verification_Date":null},"id":"stl-city-public-streetlights:2:156468","sourceLayerId":2,"sourceObjectId":156468,"sourceURL":"https://maps8.stlouis-mo.gov/arcgis/rest/services/STREETS/Streets_Permitting/MapServer/2","title":"Street light L049192"},"type":"Feature"},{"geometry":{"coordinates":[-90.22288062077436,38.64039929586263],"type":"Point"},"id":"stl-city-public-streetlights:2:156469","properties":{"address":null,"attributes":{"Date_Installed":"8/1/2016","LED_Powered":1,"LightID":"L049193","Light_Source":"LED","Light_Type":"Cobra","Lighting_Type":"LED-Powered Lamp","Verification_Date":null},"id":"stl-city-public-streetlights:2:156469","sourceLayerId":2,"sourceObjectId":156469,"sourceURL":"https://maps8.stlouis-mo.gov/arcgis/rest/services/STREETS/Streets_Permitting/MapServer/2","title":"Street light L049193"},"type":"Feature"},{"geometry":{"coordinates":[-90.2276826968842,38.64002441046971],"type":"Point"},"id":"stl-city-public-streetlights:2:157979","properties":{"address":null,"attributes":{"Date_Installed":null,"LED_Powered":0,"LightID":"L050682","Light_Source":"High Pressure Sodium","Light_Type":"Decorative","Lighting_Type":"GE Americana Series (Historic Light Fixture)","Verification_Date":null},"id":"stl-city-public-streetlights:2:157979","sourceLayerId":2,"sourceObjectId":157979,"sourceURL":"https://maps8.stlouis-mo.gov/arcgis/rest/services/STREETS/Streets_Permitting/MapServer/2","title":"Street light L050682"},"type":"Feature"},{"geometry":{"coordinates":[-90.2281507830828,38.64012275002671],"type":"Point"},"id":"stl-city-public-streetlights:2:157980","properties":{"address":null,"attributes":{"Date_Installed":null,"LED_Powered":0,"LightID":"L050683","Light_Source":"High Pressure Sodium","Light_Type":"Decorative","Lighting_Type":"GE Americana Series (Historic Light Fixture)","Verification_Date":null},"id":"stl-city-public-streetlights:2:157980","sourceLayerId":2,"sourceObjectId":157980,"sourceURL":"https://maps8.stlouis-mo.gov/arcgis/rest/services/STREETS/Streets_Permitting/MapServer/2","title":"Street light L050683"},"type":"Feature"},{"geometry":{"coordinates":[-90.22857526797783,38.64022670720757],"type":"Point"},"id":"stl-city-public-streetlights:2:157981","properties":{"address":null,"attributes":{"Date_Installed":null,"LED_Powered":0,"LightID":"L050684","Light_Source":"High Pressure Sodium","Light_Type":"Decorative","Lighting_Type":"GE Americana Series (Historic Light Fixture)","Verification_Date":null},"id":"stl-city-public-streetlights:2:157981","sourceLayerId":2,"sourceObjectId":157981,"sourceURL":"https://maps8.stlouis-mo.gov/arcgis/rest/services/STREETS/Streets_Permitting/MapServer/2","title":"Street light L050684"},"type":"Feature"},{"geometry":{"coordinates":[-90.22858218858981,38.6403254048276],"type":"Point"},"id":"stl-city-public-streetlights:2:157982","properties":{"address":null,"attributes":{"Date_Installed":null,"LED_Powered":0,"LightID":"L050685","Light_Source":"High Pressure Sodium","Light_Type":"Decorative","Lighting_Type":"GE Americana Series (Historic Light Fixture)","Verification_Date":null},"id":"stl-city-public-streetlights:2:157982","sourceLayerId":2,"sourceObjectId":157982,"sourceURL":"https://maps8.stlouis-mo.gov/arcgis/rest/services/STREETS/Streets_Permitting/MapServer/2","title":"Street light L050685"},"type":"Feature"},{"geometry":{"coordinates":[-90.22848436366664,38.64063809796828],"type":"Point"},"id":"stl-city-public-streetlights:2:157983","properties":{"address":null,"attributes":{"Date_Installed":null,"LED_Powered":0,"LightID":"L050686","Light_Source":"High Pressure Sodium","Light_Type":"Decorative","Lighting_Type":"GE Americana Series (Historic Light Fixture)","Verification_Date":null},"id":"stl-city-public-streetlights:2:157983","sourceLayerId":2,"sourceObjectId":157983,"sourceURL":"https://maps8.stlouis-mo.gov/arcgis/rest/services/STREETS/Streets_Permitting/MapServer/2","title":"Street light L050686"},"type":"Feature"},{"geometry":{"coordinates":[-90.22836825743283,38.64096247543408],"type":"Point"},"id":"stl-city-public-streetlights:2:157984","properties":{"address":null,"attributes":{"Date_Installed":null,"LED_Powered":0,"LightID":"L050687","Light_Source":"High Pressure Sodium","Light_Type":"Decorative","Lighting_Type":"GE Americana Series (Historic Light Fixture)","Verification_Date":null},"id":"stl-city-public-streetlights:2:157984","sourceLayerId":2,"sourceObjectId":157984,"sourceURL":"https://maps8.stlouis-mo.gov/arcgis/rest/services/STREETS/Streets_Permitting/MapServer/2","title":"Street light L050687"},"type":"Feature"},{"geometry":{"coordinates":[-90.22826317978327,38.64126342464542],"type":"Point"},"id":"stl-city-public-streetlights:2:157985","properties":{"address":null,"attributes":{"Date_Installed":null,"LED_Powered":0,"LightID":"L050688","Light_Source":"High Pressure Sodium","Light_Type":"Decorative","Lighting_Type":"GE Americana Series (Historic Light Fixture)","Verification_Date":null},"id":"stl-city-public-streetlights:2:157985","sourceLayerId":2,"sourceObjectId":157985,"sourceURL":"https://maps8.stlouis-mo.gov/arcgis/rest/services/STREETS/Streets_Permitting/MapServer/2","title":"Street light L050688"},"type":"Feature"},{"geometry":{"coordinates":[-90.22817644888269,38.641534953712195],"type":"Point"},"id":"stl-city-public-streetlights:2:157986","properties":{"address":null,"attributes":{"Date_Installed":null,"LED_Powered":0,"LightID":"L050689","Light_Source":"High Pressure Sodium","Light_Type":"Decorative","Lighting_Type":"GE Americana Series (Historic Light Fixture)","Verification_Date":null},"id":"stl-city-public-streetlights:2:157986","sourceLayerId":2,"sourceObjectId":157986,"sourceURL":"https://maps8.stlouis-mo.gov/arcgis/rest/services/STREETS/Streets_Permitting/MapServer/2","title":"Street light L050689"},"type":"Feature"},{"geometry":{"coordinates":[-90.22807508473048,38.641817890876055],"type":"Point"},"id":"stl-city-public-streetlights:2:157987","properties":{"address":null,"attributes":{"Date_Installed":null,"LED_Powered":0,"LightID":"L050690","Light_Source":"High Pressure Sodium","Light_Type":"Decorative","Lighting_Type":"GE Americana Series (Historic Light Fixture)","Verification_Date":null},"id":"stl-city-public-streetlights:2:157987","sourceLayerId":2,"sourceObjectId":157987,"sourceURL":"https://maps8.stlouis-mo.gov/arcgis/rest/services/STREETS/Streets_Permitting/MapServer/2","title":"Street light L050690"},"type":"Feature"},{"geometry":{"coordinates":[-90.2277852544807,38.641884148377194],"type":"Point"},"id":"stl-city-public-streetlights:2:157988","properties":{"address":null,"attributes":{"Date_Installed":null,"LED_Powered":0,"LightID":"L050691","Light_Source":"High Pressure Sodium","Light_Type":"Decorative","Lighting_Type":"GE Americana Series (Historic Light Fixture)","Verification_Date":null},"id":"stl-city-public-streetlights:2:157988","sourceLayerId":2,"sourceObjectId":157988,"sourceURL":"https://maps8.stlouis-mo.gov/arcgis/rest/services/STREETS/Streets_Permitting/MapServer/2","title":"Street light L050691"},"type":"Feature"},{"geometry":{"coordinates":[-90.22721676273015,38.64176412044388],"type":"Point"},"id":"stl-city-public-streetlights:2:157989","properties":{"address":null,"attributes":{"Date_Installed":null,"LED_Powered":0,"LightID":"L050692","Light_Source":"High Pressure Sodium","Light_Type":"Decorative","Lighting_Type":"GE Americana Series (Historic Light Fixture)","Verification_Date":null},"id":"stl-city-public-streetlights:2:157989","sourceLayerId":2,"sourceObjectId":157989,"sourceURL":"https://maps8.stlouis-mo.gov/arcgis/rest/services/STREETS/Streets_Permitting/MapServer/2","title":"Street light L050692"},"type":"Feature"},{"geometry":{"coordinates":[-90.22671114453364,38.64165510585748],"type":"Point"},"id":"stl-city-public-streetlights:2:157990","properties":{"address":null,"attributes":{"Date_Installed":null,"LED_Powered":0,"LightID":"L050693","Light_Source":"High Pressure Sodium","Light_Type":"Decorative","Lighting_Type":"GE Americana Series (Historic Light Fixture)","Verification_Date":null},"id":"stl-city-public-streetlights:2:157990","sourceLayerId":2,"sourceObjectId":157990,"sourceURL":"https://maps8.stlouis-mo.gov/arcgis/rest/services/STREETS/Streets_Permitting/MapServer/2","title":"Street light L050693"},"type":"Feature"},{"geometry":{"coordinates":[-90.22617544050092,38.64154516102617],"type":"Point"},"id":"stl-city-public-streetlights:2:157991","properties":{"address":null,"attributes":{"Date_Installed":null,"LED_Powered":0,"LightID":"L050694","Light_Source":"High Pressure Sodium","Light_Type":"Decorative","Lighting_Type":"GE Americana Series (Historic Light Fixture)","Verification_Date":null},"id":"stl-city-public-streetlights:2:157991","sourceLayerId":2,"sourceObjectId":157991,"sourceURL":"https://maps8.stlouis-mo.gov/arcgis/rest/services/STREETS/Streets_Permitting/MapServer/2","title":"Street light L050694"},"type":"Feature"},{"geometry":{"coordinates":[-90.22574907506132,38.64145549235423],"type":"Point"},"id":"stl-city-public-streetlights:2:157992","properties":{"address":null,"attributes":{"Date_Installed":null,"LED_Powered":0,"LightID":"L050695","Light_Source":"High Pressure Sodium","Light_Type":"Decorative","Lighting_Type":"GE Americana Series (Historic Light Fixture)","Verification_Date":null},"id":"stl-city-public-streetlights:2:157992","sourceLayerId":2,"sourceObjectId":157992,"sourceURL":"https://maps8.stlouis-mo.gov/arcgis/rest/services/STREETS/Streets_Permitting/MapServer/2","title":"Street light L050695"},"type":"Feature"},{"geometry":{"coordinates":[-90.22534293607256,38.641369587582616],"type":"Point"},"id":"stl-city-public-streetlights:2:157993","properties":{"address":null,"attributes":{"Date_Installed":null,"LED_Powered":0,"LightID":"L050696","Light_Source":"High Pressure Sodium","Light_Type":"Decorative","Lighting_Type":"GE Americana Series (Historic Light Fixture)","Verification_Date":null},"id":"stl-city-public-streetlights:2:157993","sourceLayerId":2,"sourceObjectId":157993,"sourceURL":"https://maps8.stlouis-mo.gov/arcgis/rest/services/STREETS/Streets_Permitting/MapServer/2","title":"Street light L050696"},"type":"Feature"},{"geometry":{"coordinates":[-90.22463586978,38.64134361230663],"type":"Point"},"id":"stl-city-public-streetlights:2:157994","properties":{"address":null,"attributes":{"Date_Installed":null,"LED_Powered":0,"LightID":"L050697","Light_Source":"High Pressure Sodium","Light_Type":"Decorative","Lighting_Type":"GE Americana Series (Historic Light Fixture)","Verification_Date":null},"id":"stl-city-public-streetlights:2:157994","sourceLayerId":2,"sourceObjectId":157994,"sourceURL":"https://maps8.stlouis-mo.gov/arcgis/rest/services/STREETS/Streets_Permitting/MapServer/2","title":"Street light L050697"},"type":"Feature"},{"geometry":{"coordinates":[-90.22536163601046,38.64000568411889],"type":"Point"},"id":"stl-city-public-streetlights:2:157996","properties":{"address":null,"attributes":{"Date_Installed":null,"LED_Powered":0,"LightID":"L050699","Light_Source":"High Pressure Sodium","Light_Type":"Decorative","Lighting_Type":"GE Americana Series (Historic Light Fixture)","Verification_Date":null},"id":"stl-city-public-streetlights:2:157996","sourceLayerId":2,"sourceObjectId":157996,"sourceURL":"https://maps8.stlouis-mo.gov/arcgis/rest/services/STREETS/Streets_Permitting/MapServer/2","title":"Street light L050699"},"type":"Feature"},{"geometry":{"coordinates":[-90.22526377947561,38.64032280866606],"type":"Point"},"id":"stl-city-public-streetlights:2:157997","properties":{"address":null,"attributes":{"Date_Installed":null,"LED_Powered":0,"LightID":"L050700","Light_Source":"High Pressure Sodium","Light_Type":"Decorative","Lighting_Type":"GE Americana Series (Historic Light Fixture)","Verification_Date":null},"id":"stl-city-public-streetlights:2:157997","sourceLayerId":2,"sourceObjectId":157997,"sourceURL":"https://maps8.stlouis-mo.gov/arcgis/rest/services/STREETS/Streets_Permitting/MapServer/2","title":"Street light L050700"},"type":"Feature"},{"geometry":{"coordinates":[-90.22456663775867,38.64023106888209],"type":"Point"},"id":"stl-city-public-streetlights:2:157998","properties":{"address":null,"attributes":{"Date_Installed":null,"LED_Powered":0,"LightID":"L050701","Light_Source":"High Pressure Sodium","Light_Type":"Decorative","Lighting_Type":"GE Americana Series (Historic Light Fixture)","Verification_Date":null},"id":"stl-city-public-streetlights:2:157998","sourceLayerId":2,"sourceObjectId":157998,"sourceURL":"https://maps8.stlouis-mo.gov/arcgis/rest/services/STREETS/Streets_Permitting/MapServer/2","title":"Street light L050701"},"type":"Feature"},{"geometry":{"coordinates":[-90.22437487660919,38.64030784505589],"type":"Point"},"id":"stl-city-public-streetlights:2:157999","properties":{"address":null,"attributes":{"Date_Installed":null,"LED_Powered":0,"LightID":"L050702","Light_Source":"High Pressure Sodium","Light_Type":"Decorative","Lighting_Type":"GE Americana Series (Historic Light Fixture)","Verification_Date":null},"id":"stl-city-public-streetlights:2:157999","sourceLayerId":2,"sourceObjectId":157999,"sourceURL":"https://maps8.stlouis-mo.gov/arcgis/rest/services/STREETS/Streets_Permitting/MapServer/2","title":"Street light L050702"},"type":"Feature"},{"geometry":{"coordinates":[-90.22478851888259,38.64038461871595],"type":"Point"},"id":"stl-city-public-streetlights:2:158000","properties":{"address":null,"attributes":{"Date_Installed":null,"LED_Powered":0,"LightID":"L050703","Light_Source":"High Pressure Sodium","Light_Type":"Decorative","Lighting_Type":"GE Americana Series (Historic Light Fixture)","Verification_Date":null},"id":"stl-city-public-streetlights:2:158000","sourceLayerId":2,"sourceObjectId":158000,"sourceURL":"https://maps8.stlouis-mo.gov/arcgis/rest/services/STREETS/Streets_Permitting/MapServer/2","title":"Street light L050703"},"type":"Feature"},{"geometry":{"coordinates":[-90.22514305107502,38.640660043072884],"type":"Point"},"id":"stl-city-public-streetlights:2:158001","properties":{"address":null,"attributes":{"Date_Installed":null,"LED_Powered":0,"LightID":"L050704","Light_Source":"High Pressure Sodium","Light_Type":"Decorative","Lighting_Type":"GE Americana Series (Historic Light Fixture)","Verification_Date":null},"id":"stl-city-public-streetlights:2:158001","sourceLayerId":2,"sourceObjectId":158001,"sourceURL":"https://maps8.stlouis-mo.gov/arcgis/rest/services/STREETS/Streets_Permitting/MapServer/2","title":"Street light L050704"},"type":"Feature"},{"geometry":{"coordinates":[-90.22509251150753,38.64100173321792],"type":"Point"},"id":"stl-city-public-streetlights:2:158002","properties":{"address":null,"attributes":{"Date_Installed":null,"LED_Powered":0,"LightID":"L050705","Light_Source":"High Pressure Sodium","Light_Type":"Decorative","Lighting_Type":"GE Americana Series (Historic Light Fixture)","Verification_Date":null},"id":"stl-city-public-streetlights:2:158002","sourceLayerId":2,"sourceObjectId":158002,"sourceURL":"https://maps8.stlouis-mo.gov/arcgis/rest/services/STREETS/Streets_Permitting/MapServer/2","title":"Street light L050705"},"type":"Feature"},{"geometry":{"coordinates":[-90.22509163243839,38.64123184424579],"type":"Point"},"id":"stl-city-public-streetlights:2:158003","properties":{"address":null,"attributes":{"Date_Installed":null,"LED_Powered":0,"LightID":"L050706","Light_Source":"High Pressure Sodium","Light_Type":"Decorative","Lighting_Type":"GE Americana Series (Historic Light Fixture)","Verification_Date":null},"id":"stl-city-public-streetlights:2:158003","sourceLayerId":2,"sourceObjectId":158003,"sourceURL":"https://maps8.stlouis-mo.gov/arcgis/rest/services/STREETS/Streets_Permitting/MapServer/2","title":"Street light L050706"},"type":"Feature"},{"geometry":{"coordinates":[-90.22504588103729,38.6414175152828],"type":"Point"},"id":"stl-city-public-streetlights:2:158004","properties":{"address":null,"attributes":{"Date_Installed":null,"LED_Powered":0,"LightID":"L050707","Light_Source":"High Pressure Sodium","Light_Type":"Decorative","Lighting_Type":"GE Americana Series (Historic Light Fixture)","Verification_Date":null},"id":"stl-city-public-streetlights:2:158004","sourceLayerId":2,"sourceObjectId":158004,"sourceURL":"https://maps8.stlouis-mo.gov/arcgis/rest/services/STREETS/Streets_Permitting/MapServer/2","title":"Street light L050707"},"type":"Feature"},{"geometry":{"coordinates":[-90.22667652336403,38.64150414234841],"type":"Point"},"id":"stl-city-public-streetlights:2:158005","properties":{"address":null,"attributes":{"Date_Installed":null,"LED_Powered":0,"LightID":"L050708","Light_Source":"High Pressure Sodium","Light_Type":"Decorative","Lighting_Type":"GE Americana Series (Historic Light Fixture)","Verification_Date":null},"id":"stl-city-public-streetlights:2:158005","sourceLayerId":2,"sourceObjectId":158005,"sourceURL":"https://maps8.stlouis-mo.gov/arcgis/rest/services/STREETS/Streets_Permitting/MapServer/2","title":"Street light L050708"},"type":"Feature"},{"geometry":{"coordinates":[-90.22676684717126,38.641248354109145],"type":"Point"},"id":"stl-city-public-streetlights:2:158006","properties":{"address":null,"attributes":{"Date_Installed":null,"LED_Powered":0,"LightID":"L050709","Light_Source":"High Pressure Sodium","Light_Type":"Decorative","Lighting_Type":"GE Americana Series (Historic Light Fixture)","Verification_Date":null},"id":"stl-city-public-streetlights:2:158006","sourceLayerId":2,"sourceObjectId":158006,"sourceURL":"https://maps8.stlouis-mo.gov/arcgis/rest/services/STREETS/Streets_Permitting/MapServer/2","title":"Street light L050709"},"type":"Feature"},{"geometry":{"coordinates":[-90.22688486657543,38.64090253076242],"type":"Point"},"id":"stl-city-public-streetlights:2:158007","properties":{"address":null,"attributes":{"Date_Installed":null,"LED_Powered":0,"LightID":"L050710","Light_Source":"High Pressure Sodium","Light_Type":"Decorative","Lighting_Type":"GE Americana Series (Historic Light Fixture)","Verification_Date":null},"id":"stl-city-public-streetlights:2:158007","sourceLayerId":2,"sourceObjectId":158007,"sourceURL":"https://maps8.stlouis-mo.gov/arcgis/rest/services/STREETS/Streets_Permitting/MapServer/2","title":"Street light L050710"},"type":"Feature"},{"geometry":{"coordinates":[-90.22683685174877,38.640580631106715],"type":"Point"},"id":"stl-city-public-streetlights:2:158008","properties":{"address":null,"attributes":{"Date_Installed":null,"LED_Powered":0,"LightID":"L050711","Light_Source":"High Pressure Sodium","Light_Type":"Decorative","Lighting_Type":"GE Americana Series (Historic Light Fixture)","Verification_Date":null},"id":"stl-city-public-streetlights:2:158008","sourceLayerId":2,"sourceObjectId":158008,"sourceURL":"https://maps8.stlouis-mo.gov/arcgis/rest/services/STREETS/Streets_Permitting/MapServer/2","title":"Street light L050711"},"type":"Feature"},{"geometry":{"coordinates":[-90.22694918704482,38.64029057021159],"type":"Point"},"id":"stl-city-public-streetlights:2:158009","properties":{"address":null,"attributes":{"Date_Installed":null,"LED_Powered":0,"LightID":"L050712","Light_Source":"High Pressure Sodium","Light_Type":"Decorative","Lighting_Type":"GE Americana Series (Historic Light Fixture)","Verification_Date":null},"id":"stl-city-public-streetlights:2:158009","sourceLayerId":2,"sourceObjectId":158009,"sourceURL":"https://maps8.stlouis-mo.gov/arcgis/rest/services/STREETS/Streets_Permitting/MapServer/2","title":"Street light L050712"},"type":"Feature"},{"geometry":{"coordinates":[-90.22703411983566,38.640013317161355],"type":"Point"},"id":"stl-city-public-streetlights:2:158010","properties":{"address":null,"attributes":{"Date_Installed":null,"LED_Powered":0,"LightID":"L050713","Light_Source":"High Pressure Sodium","Light_Type":"Decorative","Lighting_Type":"GE Americana Series (Historic Light Fixture)","Verification_Date":null},"id":"stl-city-public-streetlights:2:158010","sourceLayerId":2,"sourceObjectId":158010,"sourceURL":"https://maps8.stlouis-mo.gov/arcgis/rest/services/STREETS/Streets_Permitting/MapServer/2","title":"Street light L050713"},"type":"Feature"},{"geometry":{"coordinates":[-90.22236730957093,38.64765738447008],"type":"Point"},"id":"stl-city-public-streetlights:2:159039","properties":{"address":null,"attributes":{"Date_Installed":"12/23/2018","LED_Powered":1,"LightID":"L051636","Light_Source":"LED","Light_Type":"Cobra","Lighting_Type":"LED-Powered Lamp","Verification_Date":null},"id":"stl-city-public-streetlights:2:159039","sourceLayerId":2,"sourceObjectId":159039,"sourceURL":"https://maps8.stlouis-mo.gov/arcgis/rest/services/STREETS/Streets_Permitting/MapServer/2","title":"Street light L051636"},"type":"Feature"},{"geometry":{"coordinates":[-90.22237745446135,38.64798217492088],"type":"Point"},"id":"stl-city-public-streetlights:2:159040","properties":{"address":null,"attributes":{"Date_Installed":"12/23/2018","LED_Powered":1,"LightID":"L051637","Light_Source":"LED","Light_Type":"Cobra","Lighting_Type":"LED-Powered Lamp","Verification_Date":null},"id":"stl-city-public-streetlights:2:159040","sourceLayerId":2,"sourceObjectId":159040,"sourceURL":"https://maps8.stlouis-mo.gov/arcgis/rest/services/STREETS/Streets_Permitting/MapServer/2","title":"Street light L051637"},"type":"Feature"},{"geometry":{"coordinates":[-90.22237928914491,38.64865466027759],"type":"Point"},"id":"stl-city-public-streetlights:2:159041","properties":{"address":null,"attributes":{"Date_Installed":"12/23/2018","LED_Powered":1,"LightID":"L051638","Light_Source":"LED","Light_Type":"Cobra","Lighting_Type":"LED-Powered Lamp","Verification_Date":null},"id":"stl-city-public-streetlights:2:159041","sourceLayerId":2,"sourceObjectId":159041,"sourceURL":"https://maps8.stlouis-mo.gov/arcgis/rest/services/STREETS/Streets_Permitting/MapServer/2","title":"Street light L051638"},"type":"Feature"},{"geometry":{"coordinates":[-90.22006184904849,38.64868413359889],"type":"Point"},"id":"stl-city-public-streetlights:2:159042","properties":{"address":null,"attributes":{"Date_Installed":"12/23/2018","LED_Powered":1,"LightID":"L051639","Light_Source":"LED","Light_Type":"Cobra","Lighting_Type":"LED-Powered Lamp","Verification_Date":null},"id":"stl-city-public-streetlights:2:159042","sourceLayerId":2,"sourceObjectId":159042,"sourceURL":"https://maps8.stlouis-mo.gov/arcgis/rest/services/STREETS/Streets_Permitting/MapServer/2","title":"Street light L051639"},"type":"Feature"},{"geometry":{"coordinates":[-90.22005753867599,38.6490106769488],"type":"Point"},"id":"stl-city-public-streetlights:2:159043","properties":{"address":null,"attributes":{"Date_Installed":"12/23/2018","LED_Powered":1,"LightID":"L051640","Light_Source":"LED","Light_Type":"Cobra","Lighting_Type":"LED-Powered Lamp","Verification_Date":null},"id":"stl-city-public-streetlights:2:159043","sourceLayerId":2,"sourceObjectId":159043,"sourceURL":"https://maps8.stlouis-mo.gov/arcgis/rest/services/STREETS/Streets_Permitting/MapServer/2","title":"Street light L051640"},"type":"Feature"},{"geometry":{"coordinates":[-90.22005920566282,38.64936345400874],"type":"Point"},"id":"stl-city-public-streetlights:2:159044","properties":{"address":null,"attributes":{"Date_Installed":"12/23/2018","LED_Powered":1,"LightID":"L051641","Light_Source":"LED","Light_Type":"Cobra","Lighting_Type":"LED-Powered Lamp","Verification_Date":null},"id":"stl-city-public-streetlights:2:159044","sourceLayerId":2,"sourceObjectId":159044,"sourceURL":"https://maps8.stlouis-mo.gov/arcgis/rest/services/STREETS/Streets_Permitting/MapServer/2","title":"Street light L051641"},"type":"Feature"},{"geometry":{"coordinates":[-90.22361018963284,38.64984768408245],"type":"Point"},"id":"stl-city-public-streetlights:2:159277","properties":{"address":null,"attributes":{"Date_Installed":"12/23/2018","LED_Powered":1,"LightID":"L051874","Light_Source":"LED","Light_Type":"Cobra","Lighting_Type":"LED-Powered Lamp","Verification_Date":null},"id":"stl-city-public-streetlights:2:159277","sourceLayerId":2,"sourceObjectId":159277,"sourceURL":"https://maps8.stlouis-mo.gov/arcgis/rest/services/STREETS/Streets_Permitting/MapServer/2","title":"Street light L051874"},"type":"Feature"},{"geometry":{"coordinates":[-90.22381558928119,38.649550696189515],"type":"Point"},"id":"stl-city-public-streetlights:2:159278","properties":{"address":null,"attributes":{"Date_Installed":"12/23/2018","LED_Powered":1,"LightID":"L051875","Light_Source":"LED","Light_Type":"Cobra","Lighting_Type":"LED-Powered Lamp","Verification_Date":null},"id":"stl-city-public-streetlights:2:159278","sourceLayerId":2,"sourceObjectId":159278,"sourceURL":"https://maps8.stlouis-mo.gov/arcgis/rest/services/STREETS/Streets_Permitting/MapServer/2","title":"Street light L051875"},"type":"Feature"},{"geometry":{"coordinates":[-90.22402273306696,38.64927416217717],"type":"Point"},"id":"stl-city-public-streetlights:2:159279","properties":{"address":null,"attributes":{"Date_Installed":"12/23/2018","LED_Powered":1,"LightID":"L051876","Light_Source":"LED","Light_Type":"Cobra","Lighting_Type":"LED-Powered Lamp","Verification_Date":null},"id":"stl-city-public-streetlights:2:159279","sourceLayerId":2,"sourceObjectId":159279,"sourceURL":"https://maps8.stlouis-mo.gov/arcgis/rest/services/STREETS/Streets_Permitting/MapServer/2","title":"Street light L051876"},"type":"Feature"},{"geometry":{"coordinates":[-90.22423028492032,38.64898575955263],"type":"Point"},"id":"stl-city-public-streetlights:2:159280","properties":{"address":null,"attributes":{"Date_Installed":"12/23/2018","LED_Powered":1,"LightID":"L051877","Light_Source":"LED","Light_Type":"Cobra","Lighting_Type":"LED-Powered Lamp","Verification_Date":null},"id":"stl-city-public-streetlights:2:159280","sourceLayerId":2,"sourceObjectId":159280,"sourceURL":"https://maps8.stlouis-mo.gov/arcgis/rest/services/STREETS/Streets_Permitting/MapServer/2","title":"Street light L051877"},"type":"Feature"},{"geometry":{"coordinates":[-90.22443018545748,38.64869490612396],"type":"Point"},"id":"stl-city-public-streetlights:2:159281","properties":{"address":null,"attributes":{"Date_Installed":"12/23/2018","LED_Powered":1,"LightID":"L051878","Light_Source":"LED","Light_Type":"Cobra","Lighting_Type":"LED-Powered Lamp","Verification_Date":null},"id":"stl-city-public-streetlights:2:159281","sourceLayerId":2,"sourceObjectId":159281,"sourceURL":"https://maps8.stlouis-mo.gov/arcgis/rest/services/STREETS/Streets_Permitting/MapServer/2","title":"Street light L051878"},"type":"Feature"},{"geometry":{"coordinates":[-90.22463731509347,38.64842080333943],"type":"Point"},"id":"stl-city-public-streetlights:2:159282","properties":{"address":null,"attributes":{"Date_Installed":"12/23/2018","LED_Powered":1,"LightID":"L051879","Light_Source":"LED","Light_Type":"Cobra","Lighting_Type":"LED-Powered Lamp","Verification_Date":null},"id":"stl-city-public-streetlights:2:159282","sourceLayerId":2,"sourceObjectId":159282,"sourceURL":"https://maps8.stlouis-mo.gov/arcgis/rest/services/STREETS/Streets_Permitting/MapServer/2","title":"Street light L051879"},"type":"Feature"},{"geometry":{"coordinates":[-90.22471340208546,38.648077314522745],"type":"Point"},"id":"stl-city-public-streetlights:2:159283","properties":{"address":null,"attributes":{"Date_Installed":"12/23/2018","LED_Powered":1,"LightID":"L051880","Light_Source":"LED","Light_Type":"Cobra","Lighting_Type":"LED-Powered Lamp","Verification_Date":null},"id":"stl-city-public-streetlights:2:159283","sourceLayerId":2,"sourceObjectId":159283,"sourceURL":"https://maps8.stlouis-mo.gov/arcgis/rest/services/STREETS/Streets_Permitting/MapServer/2","title":"Street light L051880"},"type":"Feature"},{"geometry":{"coordinates":[-90.22470668054913,38.64776838343967],"type":"Point"},"id":"stl-city-public-streetlights:2:159284","properties":{"address":null,"attributes":{"Date_Installed":"12/23/2018","LED_Powered":1,"LightID":"L051881","Light_Source":"LED","Light_Type":"Cobra","Lighting_Type":"LED-Powered Lamp","Verification_Date":1659312000000},"id":"stl-city-public-streetlights:2:159284","sourceLayerId":2,"sourceObjectId":159284,"sourceURL":"https://maps8.stlouis-mo.gov/arcgis/rest/services/STREETS/Streets_Permitting/MapServer/2","title":"Street light L051881"},"type":"Feature"},{"geometry":{"coordinates":[-90.22242452192954,38.64973426042708],"type":"Point"},"id":"stl-city-public-streetlights:2:159300","properties":{"address":null,"attributes":{"Date_Installed":"12/23/2018","LED_Powered":1,"LightID":"L051897","Light_Source":"LED","Light_Type":"Cobra","Lighting_Type":"LED-Powered Lamp","Verification_Date":null},"id":"stl-city-public-streetlights:2:159300","sourceLayerId":2,"sourceObjectId":159300,"sourceURL":"https://maps8.stlouis-mo.gov/arcgis/rest/services/STREETS/Streets_Permitting/MapServer/2","title":"Street light L051897"},"type":"Feature"},{"geometry":{"coordinates":[-90.22260683331928,38.64947467156051],"type":"Point"},"id":"stl-city-public-streetlights:2:159301","properties":{"address":null,"attributes":{"Date_Installed":"12/23/2018","LED_Powered":1,"LightID":"L051898","Light_Source":"LED","Light_Type":"Cobra","Lighting_Type":"LED-Powered Lamp","Verification_Date":null},"id":"stl-city-public-streetlights:2:159301","sourceLayerId":2,"sourceObjectId":159301,"sourceURL":"https://maps8.stlouis-mo.gov/arcgis/rest/services/STREETS/Streets_Permitting/MapServer/2","title":"Street light L051898"},"type":"Feature"},{"geometry":{"coordinates":[-90.22281339657903,38.649191929399535],"type":"Point"},"id":"stl-city-public-streetlights:2:159302","properties":{"address":null,"attributes":{"Date_Installed":"12/23/2018","LED_Powered":1,"LightID":"L051899","Light_Source":"LED","Light_Type":"Cobra","Lighting_Type":"LED-Powered Lamp","Verification_Date":null},"id":"stl-city-public-streetlights:2:159302","sourceLayerId":2,"sourceObjectId":159302,"sourceURL":"https://maps8.stlouis-mo.gov/arcgis/rest/services/STREETS/Streets_Permitting/MapServer/2","title":"Street light L051899"},"type":"Feature"},{"geometry":{"coordinates":[-90.22301931379452,38.64891901761382],"type":"Point"},"id":"stl-city-public-streetlights:2:159303","properties":{"address":null,"attributes":{"Date_Installed":"12/23/2018","LED_Powered":1,"LightID":"L051900","Light_Source":"LED","Light_Type":"Cobra","Lighting_Type":"LED-Powered Lamp","Verification_Date":null},"id":"stl-city-public-streetlights:2:159303","sourceLayerId":2,"sourceObjectId":159303,"sourceURL":"https://maps8.stlouis-mo.gov/arcgis/rest/services/STREETS/Streets_Permitting/MapServer/2","title":"Street light L051900"},"type":"Feature"},{"geometry":{"coordinates":[-90.22320715343238,38.648635575448374],"type":"Point"},"id":"stl-city-public-streetlights:2:159304","properties":{"address":null,"attributes":{"Date_Installed":"12/23/2018","LED_Powered":1,"LightID":"L051901","Light_Source":"LED","Light_Type":"Cobra","Lighting_Type":"LED-Powered Lamp","Verification_Date":null},"id":"stl-city-public-streetlights:2:159304","sourceLayerId":2,"sourceObjectId":159304,"sourceURL":"https://maps8.stlouis-mo.gov/arcgis/rest/services/STREETS/Streets_Permitting/MapServer/2","title":"Street light L051901"},"type":"Feature"},{"geometry":{"coordinates":[-90.22339182487217,38.64835379391823],"type":"Point"},"id":"stl-city-public-streetlights:2:159305","properties":{"address":null,"attributes":{"Date_Installed":"12/23/2018","LED_Powered":1,"LightID":"L051902","Light_Source":"LED","Light_Type":"Cobra","Lighting_Type":"LED-Powered Lamp","Verification_Date":null},"id":"stl-city-public-streetlights:2:159305","sourceLayerId":2,"sourceObjectId":159305,"sourceURL":"https://maps8.stlouis-mo.gov/arcgis/rest/services/STREETS/Streets_Permitting/MapServer/2","title":"Street light L051902"},"type":"Feature"},{"geometry":{"coordinates":[-90.22364323322067,38.64806644821694],"type":"Point"},"id":"stl-city-public-streetlights:2:159306","properties":{"address":null,"attributes":{"Date_Installed":"12/23/2018","LED_Powered":1,"LightID":"L051903","Light_Source":"LED","Light_Type":"Cobra","Lighting_Type":"LED-Powered Lamp","Verification_Date":null},"id":"stl-city-public-streetlights:2:159306","sourceLayerId":2,"sourceObjectId":159306,"sourceURL":"https://maps8.stlouis-mo.gov/arcgis/rest/services/STREETS/Streets_Permitting/MapServer/2","title":"Street light L051903"},"type":"Feature"},{"geometry":{"coordinates":[-90.22403894720912,38.647638381467644],"type":"Point"},"id":"stl-city-public-streetlights:2:159307","properties":{"address":null,"attributes":{"Date_Installed":"12/23/2018","LED_Powered":1,"LightID":"L051904","Light_Source":"LED","Light_Type":"Cobra","Lighting_Type":"LED-Powered Lamp","Verification_Date":null},"id":"stl-city-public-streetlights:2:159307","sourceLayerId":2,"sourceObjectId":159307,"sourceURL":"https://maps8.stlouis-mo.gov/arcgis/rest/services/STREETS/Streets_Permitting/MapServer/2","title":"Street light L051904"},"type":"Feature"},{"geometry":{"coordinates":[-90.22447296846954,38.64819770256195],"type":"Point"},"id":"stl-city-public-streetlights:2:159308","properties":{"address":null,"attributes":{"Date_Installed":"12/23/2018","LED_Powered":1,"LightID":"L051905","Light_Source":"LED","Light_Type":"Cobra","Lighting_Type":"LED-Powered Lamp","Verification_Date":null},"id":"stl-city-public-streetlights:2:159308","sourceLayerId":2,"sourceObjectId":159308,"sourceURL":"https://maps8.stlouis-mo.gov/arcgis/rest/services/STREETS/Streets_Permitting/MapServer/2","title":"Street light L051905"},"type":"Feature"},{"geometry":{"coordinates":[-90.22407174087242,38.64820104691758],"type":"Point"},"id":"stl-city-public-streetlights:2:159309","properties":{"address":null,"attributes":{"Date_Installed":"12/23/2018","LED_Powered":1,"LightID":"L051906","Light_Source":"LED","Light_Type":"Cobra","Lighting_Type":"LED-Powered Lamp","Verification_Date":null},"id":"stl-city-public-streetlights:2:159309","sourceLayerId":2,"sourceObjectId":159309,"sourceURL":"https://maps8.stlouis-mo.gov/arcgis/rest/services/STREETS/Streets_Permitting/MapServer/2","title":"Street light L051906"},"type":"Feature"},{"geometry":{"coordinates":[-90.22368144872554,38.648205846336495],"type":"Point"},"id":"stl-city-public-streetlights:2:159310","properties":{"address":null,"attributes":{"Date_Installed":"12/23/2018","LED_Powered":1,"LightID":"L051907","Light_Source":"LED","Light_Type":"Cobra","Lighting_Type":"LED-Powered Lamp","Verification_Date":null},"id":"stl-city-public-streetlights:2:159310","sourceLayerId":2,"sourceObjectId":159310,"sourceURL":"https://maps8.stlouis-mo.gov/arcgis/rest/services/STREETS/Streets_Permitting/MapServer/2","title":"Street light L051907"},"type":"Feature"},{"geometry":{"coordinates":[-90.22189686355203,38.64864510914194],"type":"Point"},"id":"stl-city-public-streetlights:2:159311","properties":{"address":null,"attributes":{"Date_Installed":"12/23/2018","LED_Powered":1,"LightID":"L051908","Light_Source":"LED","Light_Type":"Cobra","Lighting_Type":"LED-Powered Lamp","Verification_Date":null},"id":"stl-city-public-streetlights:2:159311","sourceLayerId":2,"sourceObjectId":159311,"sourceURL":"https://maps8.stlouis-mo.gov/arcgis/rest/services/STREETS/Streets_Permitting/MapServer/2","title":"Street light L051908"},"type":"Feature"},{"geometry":{"coordinates":[-90.22171261862324,38.64896252390534],"type":"Point"},"id":"stl-city-public-streetlights:2:159312","properties":{"address":null,"attributes":{"Date_Installed":"12/23/2018","LED_Powered":1,"LightID":"L051909","Light_Source":"LED","Light_Type":"Cobra","Lighting_Type":"LED-Powered Lamp","Verification_Date":null},"id":"stl-city-public-streetlights:2:159312","sourceLayerId":2,"sourceObjectId":159312,"sourceURL":"https://maps8.stlouis-mo.gov/arcgis/rest/services/STREETS/Streets_Permitting/MapServer/2","title":"Street light L051909"},"type":"Feature"},{"geometry":{"coordinates":[-90.22150358672464,38.64925377974541],"type":"Point"},"id":"stl-city-public-streetlights:2:159313","properties":{"address":null,"attributes":{"Date_Installed":"12/23/2018","LED_Powered":1,"LightID":"L051910","Light_Source":"LED","Light_Type":"Cobra","Lighting_Type":"LED-Powered Lamp","Verification_Date":null},"id":"stl-city-public-streetlights:2:159313","sourceLayerId":2,"sourceObjectId":159313,"sourceURL":"https://maps8.stlouis-mo.gov/arcgis/rest/services/STREETS/Streets_Permitting/MapServer/2","title":"Street light L051910"},"type":"Feature"},{"geometry":{"coordinates":[-90.22129329961265,38.649554566295116],"type":"Point"},"id":"stl-city-public-streetlights:2:159314","properties":{"address":null,"attributes":{"Date_Installed":"12/23/2018","LED_Powered":1,"LightID":"L051911","Light_Source":"LED","Light_Type":"Cobra","Lighting_Type":"LED-Powered Lamp","Verification_Date":null},"id":"stl-city-public-streetlights:2:159314","sourceLayerId":2,"sourceObjectId":159314,"sourceURL":"https://maps8.stlouis-mo.gov/arcgis/rest/services/STREETS/Streets_Permitting/MapServer/2","title":"Street light L051911"},"type":"Feature"},{"geometry":{"coordinates":[-90.22107634664619,38.64984937718657],"type":"Point"},"id":"stl-city-public-streetlights:2:159315","properties":{"address":null,"attributes":{"Date_Installed":"12/23/2018","LED_Powered":1,"LightID":"L051912","Light_Source":"LED","Light_Type":"Cobra","Lighting_Type":"LED-Powered Lamp","Verification_Date":null},"id":"stl-city-public-streetlights:2:159315","sourceLayerId":2,"sourceObjectId":159315,"sourceURL":"https://maps8.stlouis-mo.gov/arcgis/rest/services/STREETS/Streets_Permitting/MapServer/2","title":"Street light L051912"},"type":"Feature"},{"geometry":{"coordinates":[-90.22006077248281,38.649741973661236],"type":"Point"},"id":"stl-city-public-streetlights:2:159326","properties":{"address":null,"attributes":{"Date_Installed":"12/23/2018","LED_Powered":1,"LightID":"L051923","Light_Source":"LED","Light_Type":"Cobra","Lighting_Type":"LED-Powered Lamp","Verification_Date":null},"id":"stl-city-public-streetlights:2:159326","sourceLayerId":2,"sourceObjectId":159326,"sourceURL":"https://maps8.stlouis-mo.gov/arcgis/rest/services/STREETS/Streets_Permitting/MapServer/2","title":"Street light L051923"},"type":"Feature"},{"geometry":{"coordinates":[-90.22031736802785,38.64975648989858],"type":"Point"},"id":"stl-city-public-streetlights:2:159369","properties":{"address":null,"attributes":{"Date_Installed":"12/23/2018","LED_Powered":1,"LightID":"L051966","Light_Source":"LED","Light_Type":"Cobra","Lighting_Type":"LED-Powered Lamp","Verification_Date":null},"id":"stl-city-public-streetlights:2:159369","sourceLayerId":2,"sourceObjectId":159369,"sourceURL":"https://maps8.stlouis-mo.gov/arcgis/rest/services/STREETS/Streets_Permitting/MapServer/2","title":"Street light L051966"},"type":"Feature"},{"geometry":{"coordinates":[-90.22072366252746,38.64993813709702],"type":"Point"},"id":"stl-city-public-streetlights:2:159370","properties":{"address":null,"attributes":{"Date_Installed":"12/23/2018","LED_Powered":1,"LightID":"L051967","Light_Source":"LED","Light_Type":"Cobra","Lighting_Type":"LED-Powered Lamp","Verification_Date":null},"id":"stl-city-public-streetlights:2:159370","sourceLayerId":2,"sourceObjectId":159370,"sourceURL":"https://maps8.stlouis-mo.gov/arcgis/rest/services/STREETS/Streets_Permitting/MapServer/2","title":"Street light L051967"},"type":"Feature"},{"geometry":{"coordinates":[-90.22493095956949,38.649863214053156],"type":"Point"},"id":"stl-city-public-streetlights:2:159384","properties":{"address":null,"attributes":{"Date_Installed":null,"LED_Powered":1,"LightID":"L051981","Light_Source":"LED","Light_Type":"Cobra","Lighting_Type":"LED-Powered Lamp","Verification_Date":null},"id":"stl-city-public-streetlights:2:159384","sourceLayerId":2,"sourceObjectId":159384,"sourceURL":"https://maps8.stlouis-mo.gov/arcgis/rest/services/STREETS/Streets_Permitting/MapServer/2","title":"Street light L051981"},"type":"Feature"},{"geometry":{"coordinates":[-90.2250801991658,38.649881766399226],"type":"Point"},"id":"stl-city-public-streetlights:2:159385","properties":{"address":null,"attributes":{"Date_Installed":"1/18/2018","LED_Powered":1,"LightID":"L051982","Light_Source":"LED","Light_Type":"Cobra","Lighting_Type":"LED-Powered Lamp","Verification_Date":null},"id":"stl-city-public-streetlights:2:159385","sourceLayerId":2,"sourceObjectId":159385,"sourceURL":"https://maps8.stlouis-mo.gov/arcgis/rest/services/STREETS/Streets_Permitting/MapServer/2","title":"Street light L051982"},"type":"Feature"},{"geometry":{"coordinates":[-90.2252591653171,38.64940375889856],"type":"Point"},"id":"stl-city-public-streetlights:2:159386","properties":{"address":null,"attributes":{"Date_Installed":null,"LED_Powered":1,"LightID":"L051983","Light_Source":"LED","Light_Type":"Cobra","Lighting_Type":"LED-Powered Lamp","Verification_Date":1659312000000},"id":"stl-city-public-streetlights:2:159386","sourceLayerId":2,"sourceObjectId":159386,"sourceURL":"https://maps8.stlouis-mo.gov/arcgis/rest/services/STREETS/Streets_Permitting/MapServer/2","title":"Street light L051983"},"type":"Feature"},{"geometry":{"coordinates":[-90.22566837939443,38.64901956733266],"type":"Point"},"id":"stl-city-public-streetlights:2:159387","properties":{"address":null,"attributes":{"Date_Installed":null,"LED_Powered":0,"LightID":"L051984","Light_Source":"LED","Light_Type":"Cobra","Lighting_Type":"LED-Powered Lamp","Verification_Date":null},"id":"stl-city-public-streetlights:2:159387","sourceLayerId":2,"sourceObjectId":159387,"sourceURL":"https://maps8.stlouis-mo.gov/arcgis/rest/services/STREETS/Streets_Permitting/MapServer/2","title":"Street light L051984"},"type":"Feature"},{"geometry":{"coordinates":[-90.22557514716412,38.64894427500786],"type":"Point"},"id":"stl-city-public-streetlights:2:159388","properties":{"address":null,"attributes":{"Date_Installed":null,"LED_Powered":1,"LightID":"L051985","Light_Source":"LED","Light_Type":"Cobra","Lighting_Type":"LED-Powered Lamp","Verification_Date":1659312000000},"id":"stl-city-public-streetlights:2:159388","sourceLayerId":2,"sourceObjectId":159388,"sourceURL":"https://maps8.stlouis-mo.gov/arcgis/rest/services/STREETS/Streets_Permitting/MapServer/2","title":"Street light L051985"},"type":"Feature"},{"geometry":{"coordinates":[-90.22588054441586,38.64852583418155],"type":"Point"},"id":"stl-city-public-streetlights:2:159389","properties":{"address":null,"attributes":{"Date_Installed":null,"LED_Powered":1,"LightID":"L051986","Light_Source":"LED","Light_Type":"Cobra","Lighting_Type":"LED-Powered Lamp","Verification_Date":1646092800000},"id":"stl-city-public-streetlights:2:159389","sourceLayerId":2,"sourceObjectId":159389,"sourceURL":"https://maps8.stlouis-mo.gov/arcgis/rest/services/STREETS/Streets_Permitting/MapServer/2","title":"Street light L051986"},"type":"Feature"},{"geometry":{"coordinates":[-90.22610967589907,38.64832312161479],"type":"Point"},"id":"stl-city-public-streetlights:2:159390","properties":{"address":null,"attributes":{"Date_Installed":null,"LED_Powered":1,"LightID":"L051987","Light_Source":"LED","Light_Type":"Cobra","Lighting_Type":"LED-Powered Lamp","Verification_Date":1659312000000},"id":"stl-city-public-streetlights:2:159390","sourceLayerId":2,"sourceObjectId":159390,"sourceURL":"https://maps8.stlouis-mo.gov/arcgis/rest/services/STREETS/Streets_Permitting/MapServer/2","title":"Street light L051987"},"type":"Feature"},{"geometry":{"coordinates":[-90.22615278466498,38.64811327428341],"type":"Point"},"id":"stl-city-public-streetlights:2:159391","properties":{"address":null,"attributes":{"Date_Installed":null,"LED_Powered":1,"LightID":"L051988","Light_Source":"LED","Light_Type":"Cobra","Lighting_Type":"LED-Powered Lamp","Verification_Date":1659312000000},"id":"stl-city-public-streetlights:2:159391","sourceLayerId":2,"sourceObjectId":159391,"sourceURL":"https://maps8.stlouis-mo.gov/arcgis/rest/services/STREETS/Streets_Permitting/MapServer/2","title":"Street light L051988"},"type":"Feature"},{"geometry":{"coordinates":[-90.22637948467248,38.64772623116045],"type":"Point"},"id":"stl-city-public-streetlights:2:159392","properties":{"address":null,"attributes":{"Date_Installed":null,"LED_Powered":1,"LightID":"L051989","Light_Source":"LED","Light_Type":"Cobra","Lighting_Type":"LED-Powered Lamp","Verification_Date":1646092800000},"id":"stl-city-public-streetlights:2:159392","sourceLayerId":2,"sourceObjectId":159392,"sourceURL":"https://maps8.stlouis-mo.gov/arcgis/rest/services/STREETS/Streets_Permitting/MapServer/2","title":"Street light L051989"},"type":"Feature"},{"geometry":{"coordinates":[-90.22658086897994,38.647361247000134],"type":"Point"},"id":"stl-city-public-streetlights:2:159393","properties":{"address":null,"attributes":{"Date_Installed":null,"LED_Powered":1,"LightID":"L051990","Light_Source":"LED","Light_Type":"Cobra","Lighting_Type":"LED-Powered Lamp","Verification_Date":1646092800000},"id":"stl-city-public-streetlights:2:159393","sourceLayerId":2,"sourceObjectId":159393,"sourceURL":"https://maps8.stlouis-mo.gov/arcgis/rest/services/STREETS/Streets_Permitting/MapServer/2","title":"Street light L051990"},"type":"Feature"},{"geometry":{"coordinates":[-90.22678573553625,38.646999871448784],"type":"Point"},"id":"stl-city-public-streetlights:2:159394","properties":{"address":null,"attributes":{"Date_Installed":null,"LED_Powered":1,"LightID":"L051991","Light_Source":"LED","Light_Type":"Cobra","Lighting_Type":"LED-Powered Lamp","Verification_Date":1646092800000},"id":"stl-city-public-streetlights:2:159394","sourceLayerId":2,"sourceObjectId":159394,"sourceURL":"https://maps8.stlouis-mo.gov/arcgis/rest/services/STREETS/Streets_Permitting/MapServer/2","title":"Street light L051991"},"type":"Feature"},{"geometry":{"coordinates":[-90.22701836651764,38.6467021566797],"type":"Point"},"id":"stl-city-public-streetlights:2:159395","properties":{"address":null,"attributes":{"Date_Installed":null,"LED_Powered":0,"LightID":"L051992","Light_Source":"LED","Light_Type":"Cobra","Lighting_Type":"LED-Powered Lamp","Verification_Date":1646092800000},"id":"stl-city-public-streetlights:2:159395","sourceLayerId":2,"sourceObjectId":159395,"sourceURL":"https://maps8.stlouis-mo.gov/arcgis/rest/services/STREETS/Streets_Permitting/MapServer/2","title":"Street light L051992"},"type":"Feature"},{"geometry":{"coordinates":[-90.22702826515494,38.646644398632155],"type":"Point"},"id":"stl-city-public-streetlights:2:159396","properties":{"address":null,"attributes":{"Date_Installed":null,"LED_Powered":1,"LightID":"L051993","Light_Source":"LED","Light_Type":"Cobra","Lighting_Type":"LED-Powered Lamp","Verification_Date":1646092800000},"id":"stl-city-public-streetlights:2:159396","sourceLayerId":2,"sourceObjectId":159396,"sourceURL":"https://maps8.stlouis-mo.gov/arcgis/rest/services/STREETS/Streets_Permitting/MapServer/2","title":"Street light L051993"},"type":"Feature"},{"geometry":{"coordinates":[-90.22725413042798,38.64623446830275],"type":"Point"},"id":"stl-city-public-streetlights:2:159397","properties":{"address":null,"attributes":{"Date_Installed":null,"LED_Powered":1,"LightID":"L051994","Light_Source":"LED","Light_Type":"Cobra","Lighting_Type":"LED-Powered Lamp","Verification_Date":1646092800000},"id":"stl-city-public-streetlights:2:159397","sourceLayerId":2,"sourceObjectId":159397,"sourceURL":"https://maps8.stlouis-mo.gov/arcgis/rest/services/STREETS/Streets_Permitting/MapServer/2","title":"Street light L051994"},"type":"Feature"},{"geometry":{"coordinates":[-90.22739342763346,38.646058942357044],"type":"Point"},"id":"stl-city-public-streetlights:2:159398","properties":{"address":null,"attributes":{"Date_Installed":null,"LED_Powered":1,"LightID":"L051995","Light_Source":"LED","Light_Type":"Cobra","Lighting_Type":"LED-Powered Lamp","Verification_Date":1646092800000},"id":"stl-city-public-streetlights:2:159398","sourceLayerId":2,"sourceObjectId":159398,"sourceURL":"https://maps8.stlouis-mo.gov/arcgis/rest/services/STREETS/Streets_Permitting/MapServer/2","title":"Street light L051995"},"type":"Feature"},{"geometry":{"coordinates":[-90.22747636644058,38.645819095795304],"type":"Point"},"id":"stl-city-public-streetlights:2:159399","properties":{"address":null,"attributes":{"Date_Installed":null,"LED_Powered":1,"LightID":"L051996","Light_Source":"LED","Light_Type":"Cobra","Lighting_Type":"LED-Powered Lamp","Verification_Date":1646092800000},"id":"stl-city-public-streetlights:2:159399","sourceLayerId":2,"sourceObjectId":159399,"sourceURL":"https://maps8.stlouis-mo.gov/arcgis/rest/services/STREETS/Streets_Permitting/MapServer/2","title":"Street light L051996"},"type":"Feature"},{"geometry":{"coordinates":[-90.22773602895616,38.64534374142747],"type":"Point"},"id":"stl-city-public-streetlights:2:159400","properties":{"address":null,"attributes":{"Date_Installed":null,"LED_Powered":1,"LightID":"L051997","Light_Source":"LED","Light_Type":"Cobra","Lighting_Type":"LED-Powered Lamp","Verification_Date":1646092800000},"id":"stl-city-public-streetlights:2:159400","sourceLayerId":2,"sourceObjectId":159400,"sourceURL":"https://maps8.stlouis-mo.gov/arcgis/rest/services/STREETS/Streets_Permitting/MapServer/2","title":"Street light L051997"},"type":"Feature"},{"geometry":{"coordinates":[-90.22797560292479,38.644923235350234],"type":"Point"},"id":"stl-city-public-streetlights:2:159401","properties":{"address":null,"attributes":{"Date_Installed":null,"LED_Powered":1,"LightID":"L051998","Light_Source":"LED","Light_Type":"Cobra","Lighting_Type":"LED-Powered Lamp","Verification_Date":1646092800000},"id":"stl-city-public-streetlights:2:159401","sourceLayerId":2,"sourceObjectId":159401,"sourceURL":"https://maps8.stlouis-mo.gov/arcgis/rest/services/STREETS/Streets_Permitting/MapServer/2","title":"Street light L051998"},"type":"Feature"},{"geometry":{"coordinates":[-90.22823171160316,38.64446977753494],"type":"Point"},"id":"stl-city-public-streetlights:2:159402","properties":{"address":null,"attributes":{"Date_Installed":null,"LED_Powered":1,"LightID":"L051999","Light_Source":"LED","Light_Type":"Cobra","Lighting_Type":"LED-Powered Lamp","Verification_Date":1646092800000},"id":"stl-city-public-streetlights:2:159402","sourceLayerId":2,"sourceObjectId":159402,"sourceURL":"https://maps8.stlouis-mo.gov/arcgis/rest/services/STREETS/Streets_Permitting/MapServer/2","title":"Street light L051999"},"type":"Feature"},{"geometry":{"coordinates":[-90.22848393982943,38.644028872099824],"type":"Point"},"id":"stl-city-public-streetlights:2:159403","properties":{"address":null,"attributes":{"Date_Installed":null,"LED_Powered":1,"LightID":"L052000","Light_Source":"LED","Light_Type":"Cobra","Lighting_Type":"LED-Powered Lamp","Verification_Date":1646092800000},"id":"stl-city-public-streetlights:2:159403","sourceLayerId":2,"sourceObjectId":159403,"sourceURL":"https://maps8.stlouis-mo.gov/arcgis/rest/services/STREETS/Streets_Permitting/MapServer/2","title":"Street light L052000"},"type":"Feature"},{"geometry":{"coordinates":[-90.22872776699613,38.64385327623609],"type":"Point"},"id":"stl-city-public-streetlights:2:159404","properties":{"address":null,"attributes":{"Date_Installed":null,"LED_Powered":1,"LightID":"L052001","Light_Source":"LED","Light_Type":"Cobra","Lighting_Type":"LED-Powered Lamp","Verification_Date":1646092800000},"id":"stl-city-public-streetlights:2:159404","sourceLayerId":2,"sourceObjectId":159404,"sourceURL":"https://maps8.stlouis-mo.gov/arcgis/rest/services/STREETS/Streets_Permitting/MapServer/2","title":"Street light L052001"},"type":"Feature"},{"geometry":{"coordinates":[-90.22872074498187,38.643614674092625],"type":"Point"},"id":"stl-city-public-streetlights:2:159405","properties":{"address":null,"attributes":{"Date_Installed":null,"LED_Powered":1,"LightID":"L052002","Light_Source":"LED","Light_Type":"Cobra","Lighting_Type":"LED-Powered Lamp","Verification_Date":1646092800000},"id":"stl-city-public-streetlights:2:159405","sourceLayerId":2,"sourceObjectId":159405,"sourceURL":"https://maps8.stlouis-mo.gov/arcgis/rest/services/STREETS/Streets_Permitting/MapServer/2","title":"Street light L052002"},"type":"Feature"},{"geometry":{"coordinates":[-90.22897037653394,38.64318391542843],"type":"Point"},"id":"stl-city-public-streetlights:2:159406","properties":{"address":null,"attributes":{"Date_Installed":null,"LED_Powered":1,"LightID":"L052003","Light_Source":"LED","Light_Type":"Cobra","Lighting_Type":"LED-Powered Lamp","Verification_Date":1646092800000},"id":"stl-city-public-streetlights:2:159406","sourceLayerId":2,"sourceObjectId":159406,"sourceURL":"https://maps8.stlouis-mo.gov/arcgis/rest/services/STREETS/Streets_Permitting/MapServer/2","title":"Street light L052003"},"type":"Feature"},{"geometry":{"coordinates":[-90.22921361105551,38.642902211406366],"type":"Point"},"id":"stl-city-public-streetlights:2:159407","properties":{"address":null,"attributes":{"Date_Installed":null,"LED_Powered":1,"LightID":"L052004","Light_Source":"LED","Light_Type":"Cobra","Lighting_Type":"LED-Powered Lamp","Verification_Date":1646092800000},"id":"stl-city-public-streetlights:2:159407","sourceLayerId":2,"sourceObjectId":159407,"sourceURL":"https://maps8.stlouis-mo.gov/arcgis/rest/services/STREETS/Streets_Permitting/MapServer/2","title":"Street light L052004"},"type":"Feature"},{"geometry":{"coordinates":[-90.22920795831824,38.642755988626426],"type":"Point"},"id":"stl-city-public-streetlights:2:159408","properties":{"address":null,"attributes":{"Date_Installed":null,"LED_Powered":1,"LightID":"L052005","Light_Source":"LED","Light_Type":"Cobra","Lighting_Type":"LED-Powered Lamp","Verification_Date":1646092800000},"id":"stl-city-public-streetlights:2:159408","sourceLayerId":2,"sourceObjectId":159408,"sourceURL":"https://maps8.stlouis-mo.gov/arcgis/rest/services/STREETS/Streets_Permitting/MapServer/2","title":"Street light L052005"},"type":"Feature"},{"geometry":{"coordinates":[-90.22944869510911,38.64247927193557],"type":"Point"},"id":"stl-city-public-streetlights:2:159409","properties":{"address":null,"attributes":{"Date_Installed":null,"LED_Powered":1,"LightID":"L052006","Light_Source":"LED","Light_Type":"Cobra","Lighting_Type":"LED-Powered Lamp","Verification_Date":1646092800000},"id":"stl-city-public-streetlights:2:159409","sourceLayerId":2,"sourceObjectId":159409,"sourceURL":"https://maps8.stlouis-mo.gov/arcgis/rest/services/STREETS/Streets_Permitting/MapServer/2","title":"Street light L052006"},"type":"Feature"},{"geometry":{"coordinates":[-90.22948880396527,38.64226666489625],"type":"Point"},"id":"stl-city-public-streetlights:2:159410","properties":{"address":null,"attributes":{"Date_Installed":null,"LED_Powered":1,"LightID":"L052007","Light_Source":"LED","Light_Type":"Cobra","Lighting_Type":"LED-Powered Lamp","Verification_Date":1646092800000},"id":"stl-city-public-streetlights:2:159410","sourceLayerId":2,"sourceObjectId":159410,"sourceURL":"https://maps8.stlouis-mo.gov/arcgis/rest/services/STREETS/Streets_Permitting/MapServer/2","title":"Street light L052007"},"type":"Feature"},{"geometry":{"coordinates":[-90.22976960872239,38.641787207784844],"type":"Point"},"id":"stl-city-public-streetlights:2:159411","properties":{"address":null,"attributes":{"Date_Installed":null,"LED_Powered":1,"LightID":"L052008","Light_Source":"LED","Light_Type":"Cobra","Lighting_Type":"LED-Powered Lamp","Verification_Date":1646092800000},"id":"stl-city-public-streetlights:2:159411","sourceLayerId":2,"sourceObjectId":159411,"sourceURL":"https://maps8.stlouis-mo.gov/arcgis/rest/services/STREETS/Streets_Permitting/MapServer/2","title":"Street light L052008"},"type":"Feature"},{"geometry":{"coordinates":[-90.22917267150319,38.64244127163032],"type":"Point"},"id":"stl-city-public-streetlights:2:159413","properties":{"address":null,"attributes":{"Date_Installed":null,"LED_Powered":1,"LightID":"L052010","Light_Source":"LED","Light_Type":"Cobra","Lighting_Type":"LED-Powered Lamp","Verification_Date":1646092800000},"id":"stl-city-public-streetlights:2:159413","sourceLayerId":2,"sourceObjectId":159413,"sourceURL":"https://maps8.stlouis-mo.gov/arcgis/rest/services/STREETS/Streets_Permitting/MapServer/2","title":"Street light L052010"},"type":"Feature"},{"geometry":{"coordinates":[-90.22891664531316,38.642894028277546],"type":"Point"},"id":"stl-city-public-streetlights:2:159414","properties":{"address":null,"attributes":{"Date_Installed":null,"LED_Powered":1,"LightID":"L052011","Light_Source":"LED","Light_Type":"Cobra","Lighting_Type":"LED-Powered Lamp","Verification_Date":1646092800000},"id":"stl-city-public-streetlights:2:159414","sourceLayerId":2,"sourceObjectId":159414,"sourceURL":"https://maps8.stlouis-mo.gov/arcgis/rest/services/STREETS/Streets_Permitting/MapServer/2","title":"Street light L052011"},"type":"Feature"},{"geometry":{"coordinates":[-90.22867627039666,38.64331909938803],"type":"Point"},"id":"stl-city-public-streetlights:2:159415","properties":{"address":null,"attributes":{"Date_Installed":null,"LED_Powered":1,"LightID":"L052012","Light_Source":"LED","Light_Type":"Cobra","Lighting_Type":"LED-Powered Lamp","Verification_Date":1646092800000},"id":"stl-city-public-streetlights:2:159415","sourceLayerId":2,"sourceObjectId":159415,"sourceURL":"https://maps8.stlouis-mo.gov/arcgis/rest/services/STREETS/Streets_Permitting/MapServer/2","title":"Street light L052012"},"type":"Feature"},{"geometry":{"coordinates":[-90.22843390932343,38.643755594929715],"type":"Point"},"id":"stl-city-public-streetlights:2:159416","properties":{"address":null,"attributes":{"Date_Installed":null,"LED_Powered":1,"LightID":"L052013","Light_Source":"LED","Light_Type":"Cobra","Lighting_Type":"LED-Powered Lamp","Verification_Date":1646092800000},"id":"stl-city-public-streetlights:2:159416","sourceLayerId":2,"sourceObjectId":159416,"sourceURL":"https://maps8.stlouis-mo.gov/arcgis/rest/services/STREETS/Streets_Permitting/MapServer/2","title":"Street light L052013"},"type":"Feature"},{"geometry":{"coordinates":[-90.22818904748333,38.64417792576277],"type":"Point"},"id":"stl-city-public-streetlights:2:159417","properties":{"address":null,"attributes":{"Date_Installed":null,"LED_Powered":1,"LightID":"L052014","Light_Source":"LED","Light_Type":"Cobra","Lighting_Type":"LED-Powered Lamp","Verification_Date":1646092800000},"id":"stl-city-public-streetlights:2:159417","sourceLayerId":2,"sourceObjectId":159417,"sourceURL":"https://maps8.stlouis-mo.gov/arcgis/rest/services/STREETS/Streets_Permitting/MapServer/2","title":"Street light L052014"},"type":"Feature"},{"geometry":{"coordinates":[-90.22793206256284,38.64462210862846],"type":"Point"},"id":"stl-city-public-streetlights:2:159418","properties":{"address":null,"attributes":{"Date_Installed":null,"LED_Powered":1,"LightID":"L052015","Light_Source":"LED","Light_Type":"Cobra","Lighting_Type":"LED-Powered Lamp","Verification_Date":1646092800000},"id":"stl-city-public-streetlights:2:159418","sourceLayerId":2,"sourceObjectId":159418,"sourceURL":"https://maps8.stlouis-mo.gov/arcgis/rest/services/STREETS/Streets_Permitting/MapServer/2","title":"Street light L052015"},"type":"Feature"},{"geometry":{"coordinates":[-90.22766768989314,38.64509008686963],"type":"Point"},"id":"stl-city-public-streetlights:2:159419","properties":{"address":null,"attributes":{"Date_Installed":null,"LED_Powered":1,"LightID":"L052016","Light_Source":"LED","Light_Type":"Cobra","Lighting_Type":"LED-Powered Lamp","Verification_Date":1646092800000},"id":"stl-city-public-streetlights:2:159419","sourceLayerId":2,"sourceObjectId":159419,"sourceURL":"https://maps8.stlouis-mo.gov/arcgis/rest/services/STREETS/Streets_Permitting/MapServer/2","title":"Street light L052016"},"type":"Feature"},{"geometry":{"coordinates":[-90.22741914275551,38.645520057745095],"type":"Point"},"id":"stl-city-public-streetlights:2:159420","properties":{"address":null,"attributes":{"Date_Installed":null,"LED_Powered":1,"LightID":"L052017","Light_Source":"LED","Light_Type":"Cobra","Lighting_Type":"LED-Powered Lamp","Verification_Date":1646092800000},"id":"stl-city-public-streetlights:2:159420","sourceLayerId":2,"sourceObjectId":159420,"sourceURL":"https://maps8.stlouis-mo.gov/arcgis/rest/services/STREETS/Streets_Permitting/MapServer/2","title":"Street light L052017"},"type":"Feature"},{"geometry":{"coordinates":[-90.22716027638143,38.645977106304144],"type":"Point"},"id":"stl-city-public-streetlights:2:159421","properties":{"address":null,"attributes":{"Date_Installed":null,"LED_Powered":1,"LightID":"L052018","Light_Source":"LED","Light_Type":"Cobra","Lighting_Type":"LED-Powered Lamp","Verification_Date":1646092800000},"id":"stl-city-public-streetlights:2:159421","sourceLayerId":2,"sourceObjectId":159421,"sourceURL":"https://maps8.stlouis-mo.gov/arcgis/rest/services/STREETS/Streets_Permitting/MapServer/2","title":"Street light L052018"},"type":"Feature"},{"geometry":{"coordinates":[-90.2269748392213,38.64630604010748],"type":"Point"},"id":"stl-city-public-streetlights:2:159422","properties":{"address":null,"attributes":{"Date_Installed":null,"LED_Powered":1,"LightID":"L052019","Light_Source":"LED","Light_Type":"Cobra","Lighting_Type":"LED-Powered Lamp","Verification_Date":1646092800000},"id":"stl-city-public-streetlights:2:159422","sourceLayerId":2,"sourceObjectId":159422,"sourceURL":"https://maps8.stlouis-mo.gov/arcgis/rest/services/STREETS/Streets_Permitting/MapServer/2","title":"Street light L052019"},"type":"Feature"},{"geometry":{"coordinates":[-90.22671325805872,38.646756216507285],"type":"Point"},"id":"stl-city-public-streetlights:2:159423","properties":{"address":null,"attributes":{"Date_Installed":null,"LED_Powered":1,"LightID":"L052020","Light_Source":"LED","Light_Type":"Cobra","Lighting_Type":"LED-Powered Lamp","Verification_Date":1646092800000},"id":"stl-city-public-streetlights:2:159423","sourceLayerId":2,"sourceObjectId":159423,"sourceURL":"https://maps8.stlouis-mo.gov/arcgis/rest/services/STREETS/Streets_Permitting/MapServer/2","title":"Street light L052020"},"type":"Feature"},{"geometry":{"coordinates":[-90.22650577688934,38.647126144268555],"type":"Point"},"id":"stl-city-public-streetlights:2:159424","properties":{"address":null,"attributes":{"Date_Installed":null,"LED_Powered":1,"LightID":"L052021","Light_Source":"LED","Light_Type":"Cobra","Lighting_Type":"LED-Powered Lamp","Verification_Date":1646092800000},"id":"stl-city-public-streetlights:2:159424","sourceLayerId":2,"sourceObjectId":159424,"sourceURL":"https://maps8.stlouis-mo.gov/arcgis/rest/services/STREETS/Streets_Permitting/MapServer/2","title":"Street light L052021"},"type":"Feature"},{"geometry":{"coordinates":[-90.22630290853769,38.647481493452084],"type":"Point"},"id":"stl-city-public-streetlights:2:159425","properties":{"address":null,"attributes":{"Date_Installed":null,"LED_Powered":1,"LightID":"L052022","Light_Source":"LED","Light_Type":"Cobra","Lighting_Type":"LED-Powered Lamp","Verification_Date":1646092800000},"id":"stl-city-public-streetlights:2:159425","sourceLayerId":2,"sourceObjectId":159425,"sourceURL":"https://maps8.stlouis-mo.gov/arcgis/rest/services/STREETS/Streets_Permitting/MapServer/2","title":"Street light L052022"},"type":"Feature"},{"geometry":{"coordinates":[-90.22608811210152,38.64785569333323],"type":"Point"},"id":"stl-city-public-streetlights:2:159426","properties":{"address":null,"attributes":{"Date_Installed":null,"LED_Powered":1,"LightID":"L052023","Light_Source":"LED","Light_Type":"Cobra","Lighting_Type":"LED-Powered Lamp","Verification_Date":1646092800000},"id":"stl-city-public-streetlights:2:159426","sourceLayerId":2,"sourceObjectId":159426,"sourceURL":"https://maps8.stlouis-mo.gov/arcgis/rest/services/STREETS/Streets_Permitting/MapServer/2","title":"Street light L052023"},"type":"Feature"},{"geometry":{"coordinates":[-90.22591714992483,38.64805263235135],"type":"Point"},"id":"stl-city-public-streetlights:2:159427","properties":{"address":null,"attributes":{"Date_Installed":"12/23/2018","LED_Powered":1,"LightID":"L052024","Light_Source":"LED","Light_Type":"Cobra","Lighting_Type":"LED-Powered Lamp","Verification_Date":1659312000000},"id":"stl-city-public-streetlights:2:159427","sourceLayerId":2,"sourceObjectId":159427,"sourceURL":"https://maps8.stlouis-mo.gov/arcgis/rest/services/STREETS/Streets_Permitting/MapServer/2","title":"Street light L052024"},"type":"Feature"},{"geometry":{"coordinates":[-90.2258549786608,38.64825523503379],"type":"Point"},"id":"stl-city-public-streetlights:2:159428","properties":{"address":null,"attributes":{"Date_Installed":null,"LED_Powered":1,"LightID":"L052025","Light_Source":"LED","Light_Type":"Cobra","Lighting_Type":"LED-Powered Lamp","Verification_Date":1659312000000},"id":"stl-city-public-streetlights:2:159428","sourceLayerId":2,"sourceObjectId":159428,"sourceURL":"https://maps8.stlouis-mo.gov/arcgis/rest/services/STREETS/Streets_Permitting/MapServer/2","title":"Street light L052025"},"type":"Feature"},{"geometry":{"coordinates":[-90.22556704426692,38.648658282776225],"type":"Point"},"id":"stl-city-public-streetlights:2:159429","properties":{"address":null,"attributes":{"Date_Installed":null,"LED_Powered":1,"LightID":"L052026","Light_Source":"LED","Light_Type":"Cobra","Lighting_Type":"LED-Powered Lamp","Verification_Date":1659312000000},"id":"stl-city-public-streetlights:2:159429","sourceLayerId":2,"sourceObjectId":159429,"sourceURL":"https://maps8.stlouis-mo.gov/arcgis/rest/services/STREETS/Streets_Permitting/MapServer/2","title":"Street light L052026"},"type":"Feature"},{"geometry":{"coordinates":[-90.22524936455315,38.649104832244],"type":"Point"},"id":"stl-city-public-streetlights:2:159430","properties":{"address":null,"attributes":{"Date_Installed":null,"LED_Powered":1,"LightID":"L052027","Light_Source":"LED","Light_Type":"Cobra","Lighting_Type":"LED-Powered Lamp","Verification_Date":1659312000000},"id":"stl-city-public-streetlights:2:159430","sourceLayerId":2,"sourceObjectId":159430,"sourceURL":"https://maps8.stlouis-mo.gov/arcgis/rest/services/STREETS/Streets_Permitting/MapServer/2","title":"Street light L052027"},"type":"Feature"},{"geometry":{"coordinates":[-90.2249303153373,38.64955458384766],"type":"Point"},"id":"stl-city-public-streetlights:2:159431","properties":{"address":null,"attributes":{"Date_Installed":null,"LED_Powered":1,"LightID":"L052028","Light_Source":"LED","Light_Type":"Cobra","Lighting_Type":"LED-Powered Lamp","Verification_Date":null},"id":"stl-city-public-streetlights:2:159431","sourceLayerId":2,"sourceObjectId":159431,"sourceURL":"https://maps8.stlouis-mo.gov/arcgis/rest/services/STREETS/Streets_Permitting/MapServer/2","title":"Street light L052028"},"type":"Feature"},{"geometry":{"coordinates":[-90.2266308692453,38.64665806597441],"type":"Point"},"id":"stl-city-public-streetlights:2:159438","properties":{"address":null,"attributes":{"Date_Installed":"2020-02-10","LED_Powered":1,"LightID":"L052035","Light_Source":"LED","Light_Type":"Cobra","Lighting_Type":"5G Pole - 5G Pole -5G Pole - 1A","Verification_Date":null},"id":"stl-city-public-streetlights:2:159438","sourceLayerId":2,"sourceObjectId":159438,"sourceURL":"https://maps8.stlouis-mo.gov/arcgis/rest/services/STREETS/Streets_Permitting/MapServer/2","title":"Street light L052035"},"type":"Feature"},{"geometry":{"coordinates":[-90.22717041085959,38.645718044465845],"type":"Point"},"id":"stl-city-public-streetlights:2:159439","properties":{"address":null,"attributes":{"Date_Installed":null,"LED_Powered":1,"LightID":"L052036","Light_Source":"LED","Light_Type":"Cobra","Lighting_Type":"LED-Powered Lamp","Verification_Date":1646092800000},"id":"stl-city-public-streetlights:2:159439","sourceLayerId":2,"sourceObjectId":159439,"sourceURL":"https://maps8.stlouis-mo.gov/arcgis/rest/services/STREETS/Streets_Permitting/MapServer/2","title":"Street light L052036"},"type":"Feature"},{"geometry":{"coordinates":[-90.22681666455964,38.6455631905239],"type":"Point"},"id":"stl-city-public-streetlights:2:159440","properties":{"address":null,"attributes":{"Date_Installed":null,"LED_Powered":1,"LightID":"L052037","Light_Source":"LED","Light_Type":"Cobra","Lighting_Type":"LED-Powered Lamp","Verification_Date":null},"id":"stl-city-public-streetlights:2:159440","sourceLayerId":2,"sourceObjectId":159440,"sourceURL":"https://maps8.stlouis-mo.gov/arcgis/rest/services/STREETS/Streets_Permitting/MapServer/2","title":"Street light L052037"},"type":"Feature"},{"geometry":{"coordinates":[-90.2290302302916,38.64230257793058],"type":"Point"},"id":"stl-city-public-streetlights:2:159441","properties":{"address":null,"attributes":{"Date_Installed":null,"LED_Powered":0,"LightID":"L052038","Light_Source":"LED","Light_Type":"Cobra","Lighting_Type":"LED-Powered Lamp","Verification_Date":null},"id":"stl-city-public-streetlights:2:159441","sourceLayerId":2,"sourceObjectId":159441,"sourceURL":"https://maps8.stlouis-mo.gov/arcgis/rest/services/STREETS/Streets_Permitting/MapServer/2","title":"Street light L052038"},"type":"Feature"},{"geometry":{"coordinates":[-90.22858522768459,38.64215584837947],"type":"Point"},"id":"stl-city-public-streetlights:2:159442","properties":{"address":null,"attributes":{"Date_Installed":null,"LED_Powered":0,"LightID":"L052039","Light_Source":"LED","Light_Type":"Cobra","Lighting_Type":"LED-Powered Lamp","Verification_Date":null},"id":"stl-city-public-streetlights:2:159442","sourceLayerId":2,"sourceObjectId":159442,"sourceURL":"https://maps8.stlouis-mo.gov/arcgis/rest/services/STREETS/Streets_Permitting/MapServer/2","title":"Street light L052039"},"type":"Feature"},{"geometry":{"coordinates":[-90.22803342129549,38.642083058874746],"type":"Point"},"id":"stl-city-public-streetlights:2:159443","properties":{"address":null,"attributes":{"Date_Installed":null,"LED_Powered":0,"LightID":"L052040","Light_Source":"LED","Light_Type":"Cobra","Lighting_Type":"LED-Powered Lamp","Verification_Date":null},"id":"stl-city-public-streetlights:2:159443","sourceLayerId":2,"sourceObjectId":159443,"sourceURL":"https://maps8.stlouis-mo.gov/arcgis/rest/services/STREETS/Streets_Permitting/MapServer/2","title":"Street light L052040"},"type":"Feature"},{"geometry":{"coordinates":[-90.22746248069629,38.64196731737645],"type":"Point"},"id":"stl-city-public-streetlights:2:159444","properties":{"address":null,"attributes":{"Date_Installed":null,"LED_Powered":0,"LightID":"L052041","Light_Source":"LED","Light_Type":"Cobra","Lighting_Type":"LED-Powered Lamp","Verification_Date":null},"id":"stl-city-public-streetlights:2:159444","sourceLayerId":2,"sourceObjectId":159444,"sourceURL":"https://maps8.stlouis-mo.gov/arcgis/rest/services/STREETS/Streets_Permitting/MapServer/2","title":"Street light L052041"},"type":"Feature"},{"geometry":{"coordinates":[-90.22687669161654,38.641840096242106],"type":"Point"},"id":"stl-city-public-streetlights:2:159445","properties":{"address":null,"attributes":{"Date_Installed":null,"LED_Powered":0,"LightID":"L052042","Light_Source":"LED","Light_Type":"Cobra","Lighting_Type":"LED-Powered Lamp","Verification_Date":null},"id":"stl-city-public-streetlights:2:159445","sourceLayerId":2,"sourceObjectId":159445,"sourceURL":"https://maps8.stlouis-mo.gov/arcgis/rest/services/STREETS/Streets_Permitting/MapServer/2","title":"Street light L052042"},"type":"Feature"},{"geometry":{"coordinates":[-90.22530354417455,38.641491207853576],"type":"Point"},"id":"stl-city-public-streetlights:2:159446","properties":{"address":null,"attributes":{"Date_Installed":"2020-01-16","LED_Powered":1,"LightID":"L052043","Light_Source":"LED","Light_Type":"Cobra","Lighting_Type":"5G Pole - 5G Pole -5G Pole - 1A","Verification_Date":null},"id":"stl-city-public-streetlights:2:159446","sourceLayerId":2,"sourceObjectId":159446,"sourceURL":"https://maps8.stlouis-mo.gov/arcgis/rest/services/STREETS/Streets_Permitting/MapServer/2","title":"Street light L052043"},"type":"Feature"},{"geometry":{"coordinates":[-90.22581132787126,38.64158964995802],"type":"Point"},"id":"stl-city-public-streetlights:2:159447","properties":{"address":null,"attributes":{"Date_Installed":null,"LED_Powered":0,"LightID":"L052044","Light_Source":"High Pressure Sodium","Light_Type":"Cobra","Lighting_Type":"250-W High Pressure Sodium Vapor Lamp","Verification_Date":null},"id":"stl-city-public-streetlights:2:159447","sourceLayerId":2,"sourceObjectId":159447,"sourceURL":"https://maps8.stlouis-mo.gov/arcgis/rest/services/STREETS/Streets_Permitting/MapServer/2","title":"Street light L052044"},"type":"Feature"},{"geometry":{"coordinates":[-90.22638707551283,38.6417187592234],"type":"Point"},"id":"stl-city-public-streetlights:2:159448","properties":{"address":null,"attributes":{"Date_Installed":null,"LED_Powered":0,"LightID":"L052045","Light_Source":"High Pressure Sodium","Light_Type":"Cobra","Lighting_Type":"250-W High Pressure Sodium Vapor Lamp","Verification_Date":null},"id":"stl-city-public-streetlights:2:159448","sourceLayerId":2,"sourceObjectId":159448,"sourceURL":"https://maps8.stlouis-mo.gov/arcgis/rest/services/STREETS/Streets_Permitting/MapServer/2","title":"Street light L052045"},"type":"Feature"},{"geometry":{"coordinates":[-90.22637739693393,38.6419298562243],"type":"Point"},"id":"stl-city-public-streetlights:2:159449","properties":{"address":null,"attributes":{"Date_Installed":null,"LED_Powered":0,"LightID":"L052046","Light_Source":"High Pressure Sodium","Light_Type":"Cobra","Lighting_Type":"250-W High Pressure Sodium Vapor Lamp","Verification_Date":null},"id":"stl-city-public-streetlights:2:159449","sourceLayerId":2,"sourceObjectId":159449,"sourceURL":"https://maps8.stlouis-mo.gov/arcgis/rest/services/STREETS/Streets_Permitting/MapServer/2","title":"Street light L052046"},"type":"Feature"},{"geometry":{"coordinates":[-90.22622863438747,38.64236713912873],"type":"Point"},"id":"stl-city-public-streetlights:2:159450","properties":{"address":null,"attributes":{"Date_Installed":null,"LED_Powered":0,"LightID":"L052047","Light_Source":"High Pressure Sodium","Light_Type":"Cobra","Lighting_Type":"250-W High Pressure Sodium Vapor Lamp","Verification_Date":null},"id":"stl-city-public-streetlights:2:159450","sourceLayerId":2,"sourceObjectId":159450,"sourceURL":"https://maps8.stlouis-mo.gov/arcgis/rest/services/STREETS/Streets_Permitting/MapServer/2","title":"Street light L052047"},"type":"Feature"},{"geometry":{"coordinates":[-90.22607621723803,38.64280560332557],"type":"Point"},"id":"stl-city-public-streetlights:2:159451","properties":{"address":null,"attributes":{"Date_Installed":null,"LED_Powered":0,"LightID":"L052048","Light_Source":"LED","Light_Type":"Cobra","Lighting_Type":"LED-Powered Lamp","Verification_Date":null},"id":"stl-city-public-streetlights:2:159451","sourceLayerId":2,"sourceObjectId":159451,"sourceURL":"https://maps8.stlouis-mo.gov/arcgis/rest/services/STREETS/Streets_Permitting/MapServer/2","title":"Street light L052048"},"type":"Feature"},{"geometry":{"coordinates":[-90.22592770118266,38.64324476290457],"type":"Point"},"id":"stl-city-public-streetlights:2:159452","properties":{"address":null,"attributes":{"Date_Installed":null,"LED_Powered":0,"LightID":"L052049","Light_Source":"LED","Light_Type":"Cobra","Lighting_Type":"LED-Powered Lamp","Verification_Date":null},"id":"stl-city-public-streetlights:2:159452","sourceLayerId":2,"sourceObjectId":159452,"sourceURL":"https://maps8.stlouis-mo.gov/arcgis/rest/services/STREETS/Streets_Permitting/MapServer/2","title":"Street light L052049"},"type":"Feature"},{"geometry":{"coordinates":[-90.22593476945018,38.643680802206966],"type":"Point"},"id":"stl-city-public-streetlights:2:159453","properties":{"address":null,"attributes":{"Date_Installed":null,"LED_Powered":0,"LightID":"L052050","Light_Source":"LED","Light_Type":"Cobra","Lighting_Type":"LED-Powered Lamp","Verification_Date":null},"id":"stl-city-public-streetlights:2:159453","sourceLayerId":2,"sourceObjectId":159453,"sourceURL":"https://maps8.stlouis-mo.gov/arcgis/rest/services/STREETS/Streets_Permitting/MapServer/2","title":"Street light L052050"},"type":"Feature"},{"geometry":{"coordinates":[-90.22619385315112,38.64403348590919],"type":"Point"},"id":"stl-city-public-streetlights:2:159454","properties":{"address":null,"attributes":{"Date_Installed":null,"LED_Powered":0,"LightID":"L052051","Light_Source":"LED","Light_Type":"Cobra","Lighting_Type":"LED-Powered Lamp","Verification_Date":null},"id":"stl-city-public-streetlights:2:159454","sourceLayerId":2,"sourceObjectId":159454,"sourceURL":"https://maps8.stlouis-mo.gov/arcgis/rest/services/STREETS/Streets_Permitting/MapServer/2","title":"Street light L052051"},"type":"Feature"},{"geometry":{"coordinates":[-90.22671571971668,38.64418851659536],"type":"Point"},"id":"stl-city-public-streetlights:2:159455","properties":{"address":null,"attributes":{"Date_Installed":null,"LED_Powered":0,"LightID":"L052052","Light_Source":"LED","Light_Type":"Cobra","Lighting_Type":"LED-Powered Lamp","Verification_Date":null},"id":"stl-city-public-streetlights:2:159455","sourceLayerId":2,"sourceObjectId":159455,"sourceURL":"https://maps8.stlouis-mo.gov/arcgis/rest/services/STREETS/Streets_Permitting/MapServer/2","title":"Street light L052052"},"type":"Feature"},{"geometry":{"coordinates":[-90.22721213684407,38.644406089236114],"type":"Point"},"id":"stl-city-public-streetlights:2:159456","properties":{"address":null,"attributes":{"Date_Installed":null,"LED_Powered":0,"LightID":"L052053","Light_Source":"LED","Light_Type":"Cobra","Lighting_Type":"LED-Powered Lamp","Verification_Date":null},"id":"stl-city-public-streetlights:2:159456","sourceLayerId":2,"sourceObjectId":159456,"sourceURL":"https://maps8.stlouis-mo.gov/arcgis/rest/services/STREETS/Streets_Permitting/MapServer/2","title":"Street light L052053"},"type":"Feature"},{"geometry":{"coordinates":[-90.22771570390165,38.644628647508576],"type":"Point"},"id":"stl-city-public-streetlights:2:159457","properties":{"address":null,"attributes":{"Date_Installed":null,"LED_Powered":0,"LightID":"L052054","Light_Source":"LED","Light_Type":"Cobra","Lighting_Type":"LED-Powered Lamp","Verification_Date":null},"id":"stl-city-public-streetlights:2:159457","sourceLayerId":2,"sourceObjectId":159457,"sourceURL":"https://maps8.stlouis-mo.gov/arcgis/rest/services/STREETS/Streets_Permitting/MapServer/2","title":"Street light L052054"},"type":"Feature"},{"geometry":{"coordinates":[-90.22470033509114,38.64752299913976],"type":"Point"},"id":"stl-city-public-streetlights:2:159458","properties":{"address":null,"attributes":{"Date_Installed":"12/23/2018","LED_Powered":1,"LightID":"L052055","Light_Source":"LED","Light_Type":"Cobra","Lighting_Type":"LED-Powered Lamp","Verification_Date":1659312000000},"id":"stl-city-public-streetlights:2:159458","sourceLayerId":2,"sourceObjectId":159458,"sourceURL":"https://maps8.stlouis-mo.gov/arcgis/rest/services/STREETS/Streets_Permitting/MapServer/2","title":"Street light L052055"},"type":"Feature"},{"geometry":{"coordinates":[-90.22408790350099,38.64735804159956],"type":"Point"},"id":"stl-city-public-streetlights:2:159459","properties":{"address":null,"attributes":{"Date_Installed":"12/23/2018","LED_Powered":1,"LightID":"L052056","Light_Source":"LED","Light_Type":"Cobra","Lighting_Type":"LED-Powered Lamp","Verification_Date":1659312000000},"id":"stl-city-public-streetlights:2:159459","sourceLayerId":2,"sourceObjectId":159459,"sourceURL":"https://maps8.stlouis-mo.gov/arcgis/rest/services/STREETS/Streets_Permitting/MapServer/2","title":"Street light L052056"},"type":"Feature"},{"geometry":{"coordinates":[-90.22347379918402,38.64723359702577],"type":"Point"},"id":"stl-city-public-streetlights:2:159460","properties":{"address":null,"attributes":{"Date_Installed":"12/23/2018","LED_Powered":1,"LightID":"L052057","Light_Source":"LED","Light_Type":"Cobra","Lighting_Type":"LED-Powered Lamp","Verification_Date":1659312000000},"id":"stl-city-public-streetlights:2:159460","sourceLayerId":2,"sourceObjectId":159460,"sourceURL":"https://maps8.stlouis-mo.gov/arcgis/rest/services/STREETS/Streets_Permitting/MapServer/2","title":"Street light L052057"},"type":"Feature"},{"geometry":{"coordinates":[-90.22275373149188,38.64708035532781],"type":"Point"},"id":"stl-city-public-streetlights:2:159461","properties":{"address":null,"attributes":{"Date_Installed":"12/23/2018","LED_Powered":1,"LightID":"L052058","Light_Source":"LED","Light_Type":"Cobra","Lighting_Type":"LED-Powered Lamp","Verification_Date":1659312000000},"id":"stl-city-public-streetlights:2:159461","sourceLayerId":2,"sourceObjectId":159461,"sourceURL":"https://maps8.stlouis-mo.gov/arcgis/rest/services/STREETS/Streets_Permitting/MapServer/2","title":"Street light L052058"},"type":"Feature"},{"geometry":{"coordinates":[-90.22197685463048,38.64692024006631],"type":"Point"},"id":"stl-city-public-streetlights:2:159462","properties":{"address":null,"attributes":{"Date_Installed":"12/23/2018","LED_Powered":1,"LightID":"L052059","Light_Source":"LED","Light_Type":"Cobra","Lighting_Type":"LED-Powered Lamp","Verification_Date":1659312000000},"id":"stl-city-public-streetlights:2:159462","sourceLayerId":2,"sourceObjectId":159462,"sourceURL":"https://maps8.stlouis-mo.gov/arcgis/rest/services/STREETS/Streets_Permitting/MapServer/2","title":"Street light L052059"},"type":"Feature"},{"geometry":{"coordinates":[-90.22124643532509,38.64677310223754],"type":"Point"},"id":"stl-city-public-streetlights:2:159463","properties":{"address":null,"attributes":{"Date_Installed":"12/23/2018","LED_Powered":1,"LightID":"L052060","Light_Source":"LED","Light_Type":"Cobra","Lighting_Type":"LED-Powered Lamp","Verification_Date":1659312000000},"id":"stl-city-public-streetlights:2:159463","sourceLayerId":2,"sourceObjectId":159463,"sourceURL":"https://maps8.stlouis-mo.gov/arcgis/rest/services/STREETS/Streets_Permitting/MapServer/2","title":"Street light L052060"},"type":"Feature"},{"geometry":{"coordinates":[-90.22047202118088,38.64660678564455],"type":"Point"},"id":"stl-city-public-streetlights:2:159464","properties":{"address":null,"attributes":{"Date_Installed":"12/23/2018","LED_Powered":1,"LightID":"L052061","Light_Source":"LED","Light_Type":"Cobra","Lighting_Type":"LED-Powered Lamp","Verification_Date":1659312000000},"id":"stl-city-public-streetlights:2:159464","sourceLayerId":2,"sourceObjectId":159464,"sourceURL":"https://maps8.stlouis-mo.gov/arcgis/rest/services/STREETS/Streets_Permitting/MapServer/2","title":"Street light L052061"},"type":"Feature"},{"geometry":{"coordinates":[-90.22008782810008,38.6466869099826],"type":"Point"},"id":"stl-city-public-streetlights:2:159484","properties":{"address":null,"attributes":{"Date_Installed":"12/23/2018","LED_Powered":1,"LightID":"L052081","Light_Source":"LED","Light_Type":"Cobra","Lighting_Type":"LED-Powered Lamp","Verification_Date":1659312000000},"id":"stl-city-public-streetlights:2:159484","sourceLayerId":2,"sourceObjectId":159484,"sourceURL":"https://maps8.stlouis-mo.gov/arcgis/rest/services/STREETS/Streets_Permitting/MapServer/2","title":"Street light L052081"},"type":"Feature"},{"geometry":{"coordinates":[-90.22079211269622,38.64683208639279],"type":"Point"},"id":"stl-city-public-streetlights:2:159485","properties":{"address":null,"attributes":{"Date_Installed":"12/23/2018","LED_Powered":1,"LightID":"L052082","Light_Source":"LED","Light_Type":"Cobra","Lighting_Type":"LED-Powered Lamp","Verification_Date":1659312000000},"id":"stl-city-public-streetlights:2:159485","sourceLayerId":2,"sourceObjectId":159485,"sourceURL":"https://maps8.stlouis-mo.gov/arcgis/rest/services/STREETS/Streets_Permitting/MapServer/2","title":"Street light L052082"},"type":"Feature"},{"geometry":{"coordinates":[-90.22154953836218,38.6469907326138],"type":"Point"},"id":"stl-city-public-streetlights:2:159486","properties":{"address":null,"attributes":{"Date_Installed":"12/23/2018","LED_Powered":1,"LightID":"L052083","Light_Source":"LED","Light_Type":"Cobra","Lighting_Type":"LED-Powered Lamp","Verification_Date":1659312000000},"id":"stl-city-public-streetlights:2:159486","sourceLayerId":2,"sourceObjectId":159486,"sourceURL":"https://maps8.stlouis-mo.gov/arcgis/rest/services/STREETS/Streets_Permitting/MapServer/2","title":"Street light L052083"},"type":"Feature"},{"geometry":{"coordinates":[-90.22229754893019,38.64714839754171],"type":"Point"},"id":"stl-city-public-streetlights:2:159487","properties":{"address":null,"attributes":{"Date_Installed":"2020-01-15","LED_Powered":1,"LightID":"L052084","Light_Source":"LED","Light_Type":"Cobra","Lighting_Type":"5G Pole - 5G Pole -5G Pole - 1A","Verification_Date":1659312000000},"id":"stl-city-public-streetlights:2:159487","sourceLayerId":2,"sourceObjectId":159487,"sourceURL":"https://maps8.stlouis-mo.gov/arcgis/rest/services/STREETS/Streets_Permitting/MapServer/2","title":"Street light L052084"},"type":"Feature"},{"geometry":{"coordinates":[-90.22305379159697,38.64730035743947],"type":"Point"},"id":"stl-city-public-streetlights:2:159488","properties":{"address":null,"attributes":{"Date_Installed":"12/23/2018","LED_Powered":1,"LightID":"L052085","Light_Source":"LED","Light_Type":"Cobra","Lighting_Type":"LED-Powered Lamp","Verification_Date":1659312000000},"id":"stl-city-public-streetlights:2:159488","sourceLayerId":2,"sourceObjectId":159488,"sourceURL":"https://maps8.stlouis-mo.gov/arcgis/rest/services/STREETS/Streets_Permitting/MapServer/2","title":"Street light L052085"},"type":"Feature"},{"geometry":{"coordinates":[-90.22376112631996,38.647445940307804],"type":"Point"},"id":"stl-city-public-streetlights:2:159489","properties":{"address":null,"attributes":{"Date_Installed":"12/23/2018","LED_Powered":1,"LightID":"L052086","Light_Source":"LED","Light_Type":"Cobra","Lighting_Type":"LED-Powered Lamp","Verification_Date":1659312000000},"id":"stl-city-public-streetlights:2:159489","sourceLayerId":2,"sourceObjectId":159489,"sourceURL":"https://maps8.stlouis-mo.gov/arcgis/rest/services/STREETS/Streets_Permitting/MapServer/2","title":"Street light L052086"},"type":"Feature"},{"geometry":{"coordinates":[-90.22380775120722,38.64766812280606],"type":"Point"},"id":"stl-city-public-streetlights:2:159490","properties":{"address":null,"attributes":{"Date_Installed":"12/23/2018","LED_Powered":1,"LightID":"L052087","Light_Source":"LED","Light_Type":"Cobra","Lighting_Type":"LED-Powered Lamp","Verification_Date":null},"id":"stl-city-public-streetlights:2:159490","sourceLayerId":2,"sourceObjectId":159490,"sourceURL":"https://maps8.stlouis-mo.gov/arcgis/rest/services/STREETS/Streets_Permitting/MapServer/2","title":"Street light L052087"},"type":"Feature"},{"geometry":{"coordinates":[-90.22419481504129,38.6475370631517],"type":"Point"},"id":"stl-city-public-streetlights:2:159491","properties":{"address":null,"attributes":{"Date_Installed":"12/23/2018","LED_Powered":1,"LightID":"L052088","Light_Source":"LED","Light_Type":"Cobra","Lighting_Type":"LED-Powered Lamp","Verification_Date":1659312000000},"id":"stl-city-public-streetlights:2:159491","sourceLayerId":2,"sourceObjectId":159491,"sourceURL":"https://maps8.stlouis-mo.gov/arcgis/rest/services/STREETS/Streets_Permitting/MapServer/2","title":"Street light L052088"},"type":"Feature"},{"geometry":{"coordinates":[-90.2249455776097,38.647812647433554],"type":"Point"},"id":"stl-city-public-streetlights:2:159492","properties":{"address":null,"attributes":{"Date_Installed":"12/23/2018","LED_Powered":1,"LightID":"L052089","Light_Source":"LED","Light_Type":"Cobra","Lighting_Type":"LED-Powered Lamp","Verification_Date":1659312000000},"id":"stl-city-public-streetlights:2:159492","sourceLayerId":2,"sourceObjectId":159492,"sourceURL":"https://maps8.stlouis-mo.gov/arcgis/rest/services/STREETS/Streets_Permitting/MapServer/2","title":"Street light L052089"},"type":"Feature"},{"geometry":{"coordinates":[-90.22554870559229,38.648067262015],"type":"Point"},"id":"stl-city-public-streetlights:2:159493","properties":{"address":null,"attributes":{"Date_Installed":"12/23/2018","LED_Powered":1,"LightID":"L052090","Light_Source":"LED","Light_Type":"Cobra","Lighting_Type":"LED-Powered Lamp","Verification_Date":1659312000000},"id":"stl-city-public-streetlights:2:159493","sourceLayerId":2,"sourceObjectId":159493,"sourceURL":"https://maps8.stlouis-mo.gov/arcgis/rest/services/STREETS/Streets_Permitting/MapServer/2","title":"Street light L052090"},"type":"Feature"},{"geometry":{"coordinates":[-90.2226247608698,38.64621690812406],"type":"Point"},"id":"stl-city-public-streetlights:2:159501","properties":{"address":null,"attributes":{"Date_Installed":"12/23/2018","LED_Powered":1,"LightID":"L052098","Light_Source":"LED","Light_Type":"Cobra","Lighting_Type":"LED-Powered Lamp","Verification_Date":null},"id":"stl-city-public-streetlights:2:159501","sourceLayerId":2,"sourceObjectId":159501,"sourceURL":"https://maps8.stlouis-mo.gov/arcgis/rest/services/STREETS/Streets_Permitting/MapServer/2","title":"Street light L052098"},"type":"Feature"},{"geometry":{"coordinates":[-90.22312395946666,38.646224050027804],"type":"Point"},"id":"stl-city-public-streetlights:2:159502","properties":{"address":null,"attributes":{"Date_Installed":"12/23/2018","LED_Powered":1,"LightID":"L052099","Light_Source":"LED","Light_Type":"Cobra","Lighting_Type":"LED-Powered Lamp","Verification_Date":null},"id":"stl-city-public-streetlights:2:159502","sourceLayerId":2,"sourceObjectId":159502,"sourceURL":"https://maps8.stlouis-mo.gov/arcgis/rest/services/STREETS/Streets_Permitting/MapServer/2","title":"Street light L052099"},"type":"Feature"},{"geometry":{"coordinates":[-90.22351149403998,38.64622198643641],"type":"Point"},"id":"stl-city-public-streetlights:2:159503","properties":{"address":null,"attributes":{"Date_Installed":"12/23/2018","LED_Powered":1,"LightID":"L052100","Light_Source":"LED","Light_Type":"Cobra","Lighting_Type":"LED-Powered Lamp","Verification_Date":null},"id":"stl-city-public-streetlights:2:159503","sourceLayerId":2,"sourceObjectId":159503,"sourceURL":"https://maps8.stlouis-mo.gov/arcgis/rest/services/STREETS/Streets_Permitting/MapServer/2","title":"Street light L052100"},"type":"Feature"},{"geometry":{"coordinates":[-90.22392182549177,38.646219976262785],"type":"Point"},"id":"stl-city-public-streetlights:2:159504","properties":{"address":null,"attributes":{"Date_Installed":"12/23/2018","LED_Powered":1,"LightID":"L052101","Light_Source":"LED","Light_Type":"Cobra","Lighting_Type":"LED-Powered Lamp","Verification_Date":null},"id":"stl-city-public-streetlights:2:159504","sourceLayerId":2,"sourceObjectId":159504,"sourceURL":"https://maps8.stlouis-mo.gov/arcgis/rest/services/STREETS/Streets_Permitting/MapServer/2","title":"Street light L052101"},"type":"Feature"},{"geometry":{"coordinates":[-90.22431694758292,38.64622090804577],"type":"Point"},"id":"stl-city-public-streetlights:2:159505","properties":{"address":null,"attributes":{"Date_Installed":"12/23/2018","LED_Powered":1,"LightID":"L052102","Light_Source":"LED","Light_Type":"Cobra","Lighting_Type":"LED-Powered Lamp","Verification_Date":null},"id":"stl-city-public-streetlights:2:159505","sourceLayerId":2,"sourceObjectId":159505,"sourceURL":"https://maps8.stlouis-mo.gov/arcgis/rest/services/STREETS/Streets_Permitting/MapServer/2","title":"Street light L052102"},"type":"Feature"},{"geometry":{"coordinates":[-90.22475379274417,38.646239813886545],"type":"Point"},"id":"stl-city-public-streetlights:2:159506","properties":{"address":null,"attributes":{"Date_Installed":"12/23/2018","LED_Powered":1,"LightID":"L052103","Light_Source":"LED","Light_Type":"Cobra","Lighting_Type":"LED-Powered Lamp","Verification_Date":null},"id":"stl-city-public-streetlights:2:159506","sourceLayerId":2,"sourceObjectId":159506,"sourceURL":"https://maps8.stlouis-mo.gov/arcgis/rest/services/STREETS/Streets_Permitting/MapServer/2","title":"Street light L052103"},"type":"Feature"},{"geometry":{"coordinates":[-90.22488770158833,38.64670958152653],"type":"Point"},"id":"stl-city-public-streetlights:2:159507","properties":{"address":null,"attributes":{"Date_Installed":"12/23/2018","LED_Powered":1,"LightID":"L052104","Light_Source":"LED","Light_Type":"Cobra","Lighting_Type":"LED-Powered Lamp","Verification_Date":null},"id":"stl-city-public-streetlights:2:159507","sourceLayerId":2,"sourceObjectId":159507,"sourceURL":"https://maps8.stlouis-mo.gov/arcgis/rest/services/STREETS/Streets_Permitting/MapServer/2","title":"Street light L052104"},"type":"Feature"},{"geometry":{"coordinates":[-90.22525562854004,38.64686836010639],"type":"Point"},"id":"stl-city-public-streetlights:2:159508","properties":{"address":null,"attributes":{"Date_Installed":"12/23/2018","LED_Powered":1,"LightID":"L052105","Light_Source":"LED","Light_Type":"Cobra","Lighting_Type":"LED-Powered Lamp","Verification_Date":null},"id":"stl-city-public-streetlights:2:159508","sourceLayerId":2,"sourceObjectId":159508,"sourceURL":"https://maps8.stlouis-mo.gov/arcgis/rest/services/STREETS/Streets_Permitting/MapServer/2","title":"Street light L052105"},"type":"Feature"},{"geometry":{"coordinates":[-90.22561973544558,38.64703308703918],"type":"Point"},"id":"stl-city-public-streetlights:2:159509","properties":{"address":null,"attributes":{"Date_Installed":"12/23/2018","LED_Powered":1,"LightID":"L052106","Light_Source":"LED","Light_Type":"Cobra","Lighting_Type":"LED-Powered Lamp","Verification_Date":null},"id":"stl-city-public-streetlights:2:159509","sourceLayerId":2,"sourceObjectId":159509,"sourceURL":"https://maps8.stlouis-mo.gov/arcgis/rest/services/STREETS/Streets_Permitting/MapServer/2","title":"Street light L052106"},"type":"Feature"},{"geometry":{"coordinates":[-90.22599555961098,38.64719378808788],"type":"Point"},"id":"stl-city-public-streetlights:2:159510","properties":{"address":null,"attributes":{"Date_Installed":"12/23/2018","LED_Powered":1,"LightID":"L052107","Light_Source":"LED","Light_Type":"Cobra","Lighting_Type":"LED-Powered Lamp","Verification_Date":null},"id":"stl-city-public-streetlights:2:159510","sourceLayerId":2,"sourceObjectId":159510,"sourceURL":"https://maps8.stlouis-mo.gov/arcgis/rest/services/STREETS/Streets_Permitting/MapServer/2","title":"Street light L052107"},"type":"Feature"},{"geometry":{"coordinates":[-90.22633131833021,38.64734092773779],"type":"Point"},"id":"stl-city-public-streetlights:2:159511","properties":{"address":null,"attributes":{"Date_Installed":"12/23/2018","LED_Powered":1,"LightID":"L052108","Light_Source":"LED","Light_Type":"Cobra","Lighting_Type":"LED-Powered Lamp","Verification_Date":1646092800000},"id":"stl-city-public-streetlights:2:159511","sourceLayerId":2,"sourceObjectId":159511,"sourceURL":"https://maps8.stlouis-mo.gov/arcgis/rest/services/STREETS/Streets_Permitting/MapServer/2","title":"Street light L052108"},"type":"Feature"}],"layerId":"city-streetlights","retrievedAt":"2026-09-13T21:56:18.173251+00:00","schema":"property-infrastructure-geojson-v1","sourceId":"stl-city-public-streetlights","tileId":"-9023_3864","type":"FeatureCollection"}