{"features":[{"geometry":{"coordinates":[-90.24100977730762,38.66567824691738],"type":"Point"},"id":"stl-city-public-streetlights:2:131028","properties":{"address":null,"attributes":{"Date_Installed":"12/8/2018","LED_Powered":1,"LightID":"L023744","Light_Source":"LED","Light_Type":"Cobra","Lighting_Type":"LED-Powered Lamp","Verification_Date":null},"id":"stl-city-public-streetlights:2:131028","sourceLayerId":2,"sourceObjectId":131028,"sourceURL":"https://maps8.stlouis-mo.gov/arcgis/rest/services/STREETS/Streets_Permitting/MapServer/2","title":"Street light L023744"},"type":"Feature"},{"geometry":{"coordinates":[-90.24062007422971,38.66551062595384],"type":"Point"},"id":"stl-city-public-streetlights:2:131029","properties":{"address":null,"attributes":{"Date_Installed":"12/8/2018","LED_Powered":1,"LightID":"L023745","Light_Source":"LED","Light_Type":"Cobra","Lighting_Type":"LED-Powered Lamp","Verification_Date":null},"id":"stl-city-public-streetlights:2:131029","sourceLayerId":2,"sourceObjectId":131029,"sourceURL":"https://maps8.stlouis-mo.gov/arcgis/rest/services/STREETS/Streets_Permitting/MapServer/2","title":"Street light L023745"},"type":"Feature"},{"geometry":{"coordinates":[-90.24027069232416,38.665358313684],"type":"Point"},"id":"stl-city-public-streetlights:2:131030","properties":{"address":null,"attributes":{"Date_Installed":"12/8/2018","LED_Powered":1,"LightID":"L023746","Light_Source":"LED","Light_Type":"Cobra","Lighting_Type":"LED-Powered Lamp","Verification_Date":null},"id":"stl-city-public-streetlights:2:131030","sourceLayerId":2,"sourceObjectId":131030,"sourceURL":"https://maps8.stlouis-mo.gov/arcgis/rest/services/STREETS/Streets_Permitting/MapServer/2","title":"Street light L023746"},"type":"Feature"},{"geometry":{"coordinates":[-90.24299201109092,38.66988949464618],"type":"Point"},"id":"stl-city-public-streetlights:2:131222","properties":{"address":null,"attributes":{"Date_Installed":"12/8/2018","LED_Powered":1,"LightID":"L023938","Light_Source":"LED","Light_Type":"Cobra","Lighting_Type":"LED-Powered Lamp","Verification_Date":null},"id":"stl-city-public-streetlights:2:131222","sourceLayerId":2,"sourceObjectId":131222,"sourceURL":"https://maps8.stlouis-mo.gov/arcgis/rest/services/STREETS/Streets_Permitting/MapServer/2","title":"Street light L023938"},"type":"Feature"},{"geometry":{"coordinates":[-90.24262371755623,38.669729937250246],"type":"Point"},"id":"stl-city-public-streetlights:2:131223","properties":{"address":null,"attributes":{"Date_Installed":"12/8/2018","LED_Powered":1,"LightID":"L023939","Light_Source":"LED","Light_Type":"Cobra","Lighting_Type":"LED-Powered Lamp","Verification_Date":null},"id":"stl-city-public-streetlights:2:131223","sourceLayerId":2,"sourceObjectId":131223,"sourceURL":"https://maps8.stlouis-mo.gov/arcgis/rest/services/STREETS/Streets_Permitting/MapServer/2","title":"Street light L023939"},"type":"Feature"},{"geometry":{"coordinates":[-90.24225399447641,38.66956250991902],"type":"Point"},"id":"stl-city-public-streetlights:2:131224","properties":{"address":null,"attributes":{"Date_Installed":"12/8/2018","LED_Powered":1,"LightID":"L023940","Light_Source":"LED","Light_Type":"Cobra","Lighting_Type":"LED-Powered Lamp","Verification_Date":null},"id":"stl-city-public-streetlights:2:131224","sourceLayerId":2,"sourceObjectId":131224,"sourceURL":"https://maps8.stlouis-mo.gov/arcgis/rest/services/STREETS/Streets_Permitting/MapServer/2","title":"Street light L023940"},"type":"Feature"},{"geometry":{"coordinates":[-90.24188242007999,38.66940294295435],"type":"Point"},"id":"stl-city-public-streetlights:2:131225","properties":{"address":null,"attributes":{"Date_Installed":"12/8/2018","LED_Powered":1,"LightID":"L023941","Light_Source":"LED","Light_Type":"Cobra","Lighting_Type":"LED-Powered Lamp","Verification_Date":null},"id":"stl-city-public-streetlights:2:131225","sourceLayerId":2,"sourceObjectId":131225,"sourceURL":"https://maps8.stlouis-mo.gov/arcgis/rest/services/STREETS/Streets_Permitting/MapServer/2","title":"Street light L023941"},"type":"Feature"},{"geometry":{"coordinates":[-90.24150484882898,38.66923764183774],"type":"Point"},"id":"stl-city-public-streetlights:2:131226","properties":{"address":null,"attributes":{"Date_Installed":"12/8/2018","LED_Powered":1,"LightID":"L023942","Light_Source":"LED","Light_Type":"Cobra","Lighting_Type":"LED-Powered Lamp","Verification_Date":null},"id":"stl-city-public-streetlights:2:131226","sourceLayerId":2,"sourceObjectId":131226,"sourceURL":"https://maps8.stlouis-mo.gov/arcgis/rest/services/STREETS/Streets_Permitting/MapServer/2","title":"Street light L023942"},"type":"Feature"},{"geometry":{"coordinates":[-90.24114857341876,38.669085828729806],"type":"Point"},"id":"stl-city-public-streetlights:2:131227","properties":{"address":null,"attributes":{"Date_Installed":"2021-05-19","LED_Powered":1,"LightID":"L023943","Light_Source":"LED","Light_Type":"Cobra","Lighting_Type":"5G Pole - 5G Pole -5G Pole - LED-Powered Lamp","Verification_Date":null},"id":"stl-city-public-streetlights:2:131227","sourceLayerId":2,"sourceObjectId":131227,"sourceURL":"https://maps8.stlouis-mo.gov/arcgis/rest/services/STREETS/Streets_Permitting/MapServer/2","title":"Street light L023943"},"type":"Feature"},{"geometry":{"coordinates":[-90.24077700395361,38.668926258257514],"type":"Point"},"id":"stl-city-public-streetlights:2:131228","properties":{"address":null,"attributes":{"Date_Installed":null,"LED_Powered":1,"LightID":"L023944","Light_Source":"LED","Light_Type":"Cobra","Lighting_Type":"LED-Powered Lamp","Verification_Date":null},"id":"stl-city-public-streetlights:2:131228","sourceLayerId":2,"sourceObjectId":131228,"sourceURL":"https://maps8.stlouis-mo.gov/arcgis/rest/services/STREETS/Streets_Permitting/MapServer/2","title":"Street light L023944"},"type":"Feature"},{"geometry":{"coordinates":[-90.2404142069299,38.66876298812067],"type":"Point"},"id":"stl-city-public-streetlights:2:131229","properties":{"address":null,"attributes":{"Date_Installed":null,"LED_Powered":1,"LightID":"L023945","Light_Source":"LED","Light_Type":"Cobra","Lighting_Type":"LED-Powered Lamp","Verification_Date":null},"id":"stl-city-public-streetlights:2:131229","sourceLayerId":2,"sourceObjectId":131229,"sourceURL":"https://maps8.stlouis-mo.gov/arcgis/rest/services/STREETS/Streets_Permitting/MapServer/2","title":"Street light L023945"},"type":"Feature"},{"geometry":{"coordinates":[-90.24003535945799,38.66859910912244],"type":"Point"},"id":"stl-city-public-streetlights:2:131230","properties":{"address":null,"attributes":{"Date_Installed":null,"LED_Powered":1,"LightID":"L023946","Light_Source":"LED","Light_Type":"Cobra","Lighting_Type":"LED-Powered Lamp","Verification_Date":null},"id":"stl-city-public-streetlights:2:131230","sourceLayerId":2,"sourceObjectId":131230,"sourceURL":"https://maps8.stlouis-mo.gov/arcgis/rest/services/STREETS/Streets_Permitting/MapServer/2","title":"Street light L023946"},"type":"Feature"},{"geometry":{"coordinates":[-90.24021888495157,38.66758207293401],"type":"Point"},"id":"stl-city-public-streetlights:2:131238","properties":{"address":null,"attributes":{"Date_Installed":"12/8/2018","LED_Powered":1,"LightID":"L023954","Light_Source":"LED","Light_Type":"Cobra","Lighting_Type":"LED-Powered Lamp","Verification_Date":null},"id":"stl-city-public-streetlights:2:131238","sourceLayerId":2,"sourceObjectId":131238,"sourceURL":"https://maps8.stlouis-mo.gov/arcgis/rest/services/STREETS/Streets_Permitting/MapServer/2","title":"Street light L023954"},"type":"Feature"},{"geometry":{"coordinates":[-90.24063447869825,38.66776425594577],"type":"Point"},"id":"stl-city-public-streetlights:2:131239","properties":{"address":null,"attributes":{"Date_Installed":"12/8/2018","LED_Powered":1,"LightID":"L023955","Light_Source":"LED","Light_Type":"Cobra","Lighting_Type":"LED-Powered Lamp","Verification_Date":null},"id":"stl-city-public-streetlights:2:131239","sourceLayerId":2,"sourceObjectId":131239,"sourceURL":"https://maps8.stlouis-mo.gov/arcgis/rest/services/STREETS/Streets_Permitting/MapServer/2","title":"Street light L023955"},"type":"Feature"},{"geometry":{"coordinates":[-90.24100252647989,38.667929002787815],"type":"Point"},"id":"stl-city-public-streetlights:2:131240","properties":{"address":null,"attributes":{"Date_Installed":"12/8/2018","LED_Powered":1,"LightID":"L023956","Light_Source":"LED","Light_Type":"Cobra","Lighting_Type":"LED-Powered Lamp","Verification_Date":null},"id":"stl-city-public-streetlights:2:131240","sourceLayerId":2,"sourceObjectId":131240,"sourceURL":"https://maps8.stlouis-mo.gov/arcgis/rest/services/STREETS/Streets_Permitting/MapServer/2","title":"Street light L023956"},"type":"Feature"},{"geometry":{"coordinates":[-90.24136758960397,38.66808283756037],"type":"Point"},"id":"stl-city-public-streetlights:2:131241","properties":{"address":null,"attributes":{"Date_Installed":"12/8/2018","LED_Powered":1,"LightID":"L023957","Light_Source":"LED","Light_Type":"Cobra","Lighting_Type":"LED-Powered Lamp","Verification_Date":null},"id":"stl-city-public-streetlights:2:131241","sourceLayerId":2,"sourceObjectId":131241,"sourceURL":"https://maps8.stlouis-mo.gov/arcgis/rest/services/STREETS/Streets_Permitting/MapServer/2","title":"Street light L023957"},"type":"Feature"},{"geometry":{"coordinates":[-90.24179179886785,38.66825110331871],"type":"Point"},"id":"stl-city-public-streetlights:2:131242","properties":{"address":null,"attributes":{"Date_Installed":"12/8/2018","LED_Powered":1,"LightID":"L023958","Light_Source":"LED","Light_Type":"Cobra","Lighting_Type":"LED-Powered Lamp","Verification_Date":null},"id":"stl-city-public-streetlights:2:131242","sourceLayerId":2,"sourceObjectId":131242,"sourceURL":"https://maps8.stlouis-mo.gov/arcgis/rest/services/STREETS/Streets_Permitting/MapServer/2","title":"Street light L023958"},"type":"Feature"},{"geometry":{"coordinates":[-90.24216590709706,38.66841439413176],"type":"Point"},"id":"stl-city-public-streetlights:2:131243","properties":{"address":null,"attributes":{"Date_Installed":"12/8/2018","LED_Powered":1,"LightID":"L023959","Light_Source":"LED","Light_Type":"Cobra","Lighting_Type":"LED-Powered Lamp","Verification_Date":null},"id":"stl-city-public-streetlights:2:131243","sourceLayerId":2,"sourceObjectId":131243,"sourceURL":"https://maps8.stlouis-mo.gov/arcgis/rest/services/STREETS/Streets_Permitting/MapServer/2","title":"Street light L023959"},"type":"Feature"},{"geometry":{"coordinates":[-90.24256296470932,38.66858831785201],"type":"Point"},"id":"stl-city-public-streetlights:2:131244","properties":{"address":null,"attributes":{"Date_Installed":"12/8/2018","LED_Powered":1,"LightID":"L023960","Light_Source":"LED","Light_Type":"Cobra","Lighting_Type":"LED-Powered Lamp","Verification_Date":null},"id":"stl-city-public-streetlights:2:131244","sourceLayerId":2,"sourceObjectId":131244,"sourceURL":"https://maps8.stlouis-mo.gov/arcgis/rest/services/STREETS/Streets_Permitting/MapServer/2","title":"Street light L023960"},"type":"Feature"},{"geometry":{"coordinates":[-90.2429230868491,38.66874428189224],"type":"Point"},"id":"stl-city-public-streetlights:2:131245","properties":{"address":null,"attributes":{"Date_Installed":"12/8/2018","LED_Powered":1,"LightID":"L023961","Light_Source":"LED","Light_Type":"Cobra","Lighting_Type":"LED-Powered Lamp","Verification_Date":null},"id":"stl-city-public-streetlights:2:131245","sourceLayerId":2,"sourceObjectId":131245,"sourceURL":"https://maps8.stlouis-mo.gov/arcgis/rest/services/STREETS/Streets_Permitting/MapServer/2","title":"Street light L023961"},"type":"Feature"},{"geometry":{"coordinates":[-90.24330846765166,38.6689110270901],"type":"Point"},"id":"stl-city-public-streetlights:2:131246","properties":{"address":null,"attributes":{"Date_Installed":"12/8/2018","LED_Powered":1,"LightID":"L023962","Light_Source":"LED","Light_Type":"Cobra","Lighting_Type":"LED-Powered Lamp","Verification_Date":null},"id":"stl-city-public-streetlights:2:131246","sourceLayerId":2,"sourceObjectId":131246,"sourceURL":"https://maps8.stlouis-mo.gov/arcgis/rest/services/STREETS/Streets_Permitting/MapServer/2","title":"Street light L023962"},"type":"Feature"},{"geometry":{"coordinates":[-90.24368916620685,38.669078475157],"type":"Point"},"id":"stl-city-public-streetlights:2:131247","properties":{"address":null,"attributes":{"Date_Installed":"12/8/2018","LED_Powered":1,"LightID":"L023963","Light_Source":"LED","Light_Type":"Cobra","Lighting_Type":"LED-Powered Lamp","Verification_Date":null},"id":"stl-city-public-streetlights:2:131247","sourceLayerId":2,"sourceObjectId":131247,"sourceURL":"https://maps8.stlouis-mo.gov/arcgis/rest/services/STREETS/Streets_Permitting/MapServer/2","title":"Street light L023963"},"type":"Feature"},{"geometry":{"coordinates":[-90.24405445523853,38.66923601997367],"type":"Point"},"id":"stl-city-public-streetlights:2:131248","properties":{"address":null,"attributes":{"Date_Installed":"12/8/2018","LED_Powered":1,"LightID":"L023964","Light_Source":"LED","Light_Type":"Cobra","Lighting_Type":"LED-Powered Lamp","Verification_Date":null},"id":"stl-city-public-streetlights:2:131248","sourceLayerId":2,"sourceObjectId":131248,"sourceURL":"https://maps8.stlouis-mo.gov/arcgis/rest/services/STREETS/Streets_Permitting/MapServer/2","title":"Street light L023964"},"type":"Feature"},{"geometry":{"coordinates":[-90.24444314432824,38.66940620013416],"type":"Point"},"id":"stl-city-public-streetlights:2:131249","properties":{"address":null,"attributes":{"Date_Installed":"12/8/2018","LED_Powered":1,"LightID":"L023965","Light_Source":"LED","Light_Type":"Cobra","Lighting_Type":"LED-Powered Lamp","Verification_Date":null},"id":"stl-city-public-streetlights:2:131249","sourceLayerId":2,"sourceObjectId":131249,"sourceURL":"https://maps8.stlouis-mo.gov/arcgis/rest/services/STREETS/Streets_Permitting/MapServer/2","title":"Street light L023965"},"type":"Feature"},{"geometry":{"coordinates":[-90.24468510691788,38.66959264950673],"type":"Point"},"id":"stl-city-public-streetlights:2:131250","properties":{"address":null,"attributes":{"Date_Installed":"12/8/2018","LED_Powered":1,"LightID":"L023966","Light_Source":"LED","Light_Type":"Cobra","Lighting_Type":"LED-Powered Lamp","Verification_Date":null},"id":"stl-city-public-streetlights:2:131250","sourceLayerId":2,"sourceObjectId":131250,"sourceURL":"https://maps8.stlouis-mo.gov/arcgis/rest/services/STREETS/Streets_Permitting/MapServer/2","title":"Street light L023966"},"type":"Feature"},{"geometry":{"coordinates":[-90.24505536711894,38.66976450358339],"type":"Point"},"id":"stl-city-public-streetlights:2:131251","properties":{"address":null,"attributes":{"Date_Installed":"12/8/2018","LED_Powered":1,"LightID":"L023967","Light_Source":"LED","Light_Type":"Cobra","Lighting_Type":"LED-Powered Lamp","Verification_Date":null},"id":"stl-city-public-streetlights:2:131251","sourceLayerId":2,"sourceObjectId":131251,"sourceURL":"https://maps8.stlouis-mo.gov/arcgis/rest/services/STREETS/Streets_Permitting/MapServer/2","title":"Street light L023967"},"type":"Feature"},{"geometry":{"coordinates":[-90.2454287792083,38.66992263476521],"type":"Point"},"id":"stl-city-public-streetlights:2:131252","properties":{"address":null,"attributes":{"Date_Installed":"12/8/2018","LED_Powered":1,"LightID":"L023968","Light_Source":"LED","Light_Type":"Cobra","Lighting_Type":"LED-Powered Lamp","Verification_Date":null},"id":"stl-city-public-streetlights:2:131252","sourceLayerId":2,"sourceObjectId":131252,"sourceURL":"https://maps8.stlouis-mo.gov/arcgis/rest/services/STREETS/Streets_Permitting/MapServer/2","title":"Street light L023968"},"type":"Feature"},{"geometry":{"coordinates":[-90.24677537685483,38.669347916912095],"type":"Point"},"id":"stl-city-public-streetlights:2:131255","properties":{"address":null,"attributes":{"Date_Installed":"12/8/2018","LED_Powered":1,"LightID":"L023971","Light_Source":"LED","Light_Type":"Cobra","Lighting_Type":"LED-Powered Lamp","Verification_Date":null},"id":"stl-city-public-streetlights:2:131255","sourceLayerId":2,"sourceObjectId":131255,"sourceURL":"https://maps8.stlouis-mo.gov/arcgis/rest/services/STREETS/Streets_Permitting/MapServer/2","title":"Street light L023971"},"type":"Feature"},{"geometry":{"coordinates":[-90.24640269679864,38.66918912494628],"type":"Point"},"id":"stl-city-public-streetlights:2:131256","properties":{"address":null,"attributes":{"Date_Installed":"12/8/2018","LED_Powered":1,"LightID":"L023972","Light_Source":"LED","Light_Type":"Cobra","Lighting_Type":"LED-Powered Lamp","Verification_Date":null},"id":"stl-city-public-streetlights:2:131256","sourceLayerId":2,"sourceObjectId":131256,"sourceURL":"https://maps8.stlouis-mo.gov/arcgis/rest/services/STREETS/Streets_Permitting/MapServer/2","title":"Street light L023972"},"type":"Feature"},{"geometry":{"coordinates":[-90.2460414401536,38.6690334069895],"type":"Point"},"id":"stl-city-public-streetlights:2:131257","properties":{"address":null,"attributes":{"Date_Installed":"12/8/2018","LED_Powered":1,"LightID":"L023973","Light_Source":"LED","Light_Type":"Cobra","Lighting_Type":"LED-Powered Lamp","Verification_Date":null},"id":"stl-city-public-streetlights:2:131257","sourceLayerId":2,"sourceObjectId":131257,"sourceURL":"https://maps8.stlouis-mo.gov/arcgis/rest/services/STREETS/Streets_Permitting/MapServer/2","title":"Street light L023973"},"type":"Feature"},{"geometry":{"coordinates":[-90.24567719396988,38.66886338077034],"type":"Point"},"id":"stl-city-public-streetlights:2:131258","properties":{"address":null,"attributes":{"Date_Installed":"12/8/2018","LED_Powered":1,"LightID":"L023974","Light_Source":"LED","Light_Type":"Cobra","Lighting_Type":"LED-Powered Lamp","Verification_Date":null},"id":"stl-city-public-streetlights:2:131258","sourceLayerId":2,"sourceObjectId":131258,"sourceURL":"https://maps8.stlouis-mo.gov/arcgis/rest/services/STREETS/Streets_Permitting/MapServer/2","title":"Street light L023974"},"type":"Feature"},{"geometry":{"coordinates":[-90.24531743432966,38.66871481505077],"type":"Point"},"id":"stl-city-public-streetlights:2:131259","properties":{"address":null,"attributes":{"Date_Installed":"12/8/2018","LED_Powered":1,"LightID":"L023975","Light_Source":"LED","Light_Type":"Cobra","Lighting_Type":"LED-Powered Lamp","Verification_Date":null},"id":"stl-city-public-streetlights:2:131259","sourceLayerId":2,"sourceObjectId":131259,"sourceURL":"https://maps8.stlouis-mo.gov/arcgis/rest/services/STREETS/Streets_Permitting/MapServer/2","title":"Street light L023975"},"type":"Feature"},{"geometry":{"coordinates":[-90.24498554980349,38.668572535915644],"type":"Point"},"id":"stl-city-public-streetlights:2:131260","properties":{"address":null,"attributes":{"Date_Installed":"12/8/2018","LED_Powered":1,"LightID":"L023976","Light_Source":"LED","Light_Type":"Cobra","Lighting_Type":"LED-Powered Lamp","Verification_Date":null},"id":"stl-city-public-streetlights:2:131260","sourceLayerId":2,"sourceObjectId":131260,"sourceURL":"https://maps8.stlouis-mo.gov/arcgis/rest/services/STREETS/Streets_Permitting/MapServer/2","title":"Street light L023976"},"type":"Feature"},{"geometry":{"coordinates":[-90.24460124620114,38.668401508569964],"type":"Point"},"id":"stl-city-public-streetlights:2:131261","properties":{"address":null,"attributes":{"Date_Installed":"12/8/2018","LED_Powered":1,"LightID":"L023977","Light_Source":"LED","Light_Type":"Cobra","Lighting_Type":"LED-Powered Lamp","Verification_Date":null},"id":"stl-city-public-streetlights:2:131261","sourceLayerId":2,"sourceObjectId":131261,"sourceURL":"https://maps8.stlouis-mo.gov/arcgis/rest/services/STREETS/Streets_Permitting/MapServer/2","title":"Street light L023977"},"type":"Feature"},{"geometry":{"coordinates":[-90.24423077271942,38.66824052173454],"type":"Point"},"id":"stl-city-public-streetlights:2:131262","properties":{"address":null,"attributes":{"Date_Installed":"12/8/2018","LED_Powered":1,"LightID":"L023978","Light_Source":"LED","Light_Type":"Cobra","Lighting_Type":"LED-Powered Lamp","Verification_Date":null},"id":"stl-city-public-streetlights:2:131262","sourceLayerId":2,"sourceObjectId":131262,"sourceURL":"https://maps8.stlouis-mo.gov/arcgis/rest/services/STREETS/Streets_Permitting/MapServer/2","title":"Street light L023978"},"type":"Feature"},{"geometry":{"coordinates":[-90.24384555419789,38.66807120608567],"type":"Point"},"id":"stl-city-public-streetlights:2:131263","properties":{"address":null,"attributes":{"Date_Installed":"12/8/2018","LED_Powered":1,"LightID":"L023979","Light_Source":"LED","Light_Type":"Cobra","Lighting_Type":"LED-Powered Lamp","Verification_Date":null},"id":"stl-city-public-streetlights:2:131263","sourceLayerId":2,"sourceObjectId":131263,"sourceURL":"https://maps8.stlouis-mo.gov/arcgis/rest/services/STREETS/Streets_Permitting/MapServer/2","title":"Street light L023979"},"type":"Feature"},{"geometry":{"coordinates":[-90.24343391299917,38.667894394406346],"type":"Point"},"id":"stl-city-public-streetlights:2:131264","properties":{"address":null,"attributes":{"Date_Installed":"12/8/2018","LED_Powered":1,"LightID":"L023980","Light_Source":"LED","Light_Type":"Cobra","Lighting_Type":"LED-Powered Lamp","Verification_Date":null},"id":"stl-city-public-streetlights:2:131264","sourceLayerId":2,"sourceObjectId":131264,"sourceURL":"https://maps8.stlouis-mo.gov/arcgis/rest/services/STREETS/Streets_Permitting/MapServer/2","title":"Street light L023980"},"type":"Feature"},{"geometry":{"coordinates":[-90.24305143012033,38.667726226260996],"type":"Point"},"id":"stl-city-public-streetlights:2:131265","properties":{"address":null,"attributes":{"Date_Installed":"12/8/2018","LED_Powered":1,"LightID":"L023981","Light_Source":"LED","Light_Type":"Cobra","Lighting_Type":"LED-Powered Lamp","Verification_Date":null},"id":"stl-city-public-streetlights:2:131265","sourceLayerId":2,"sourceObjectId":131265,"sourceURL":"https://maps8.stlouis-mo.gov/arcgis/rest/services/STREETS/Streets_Permitting/MapServer/2","title":"Street light L023981"},"type":"Feature"},{"geometry":{"coordinates":[-90.24267002364289,38.66756377984946],"type":"Point"},"id":"stl-city-public-streetlights:2:131266","properties":{"address":null,"attributes":{"Date_Installed":"12/8/2018","LED_Powered":1,"LightID":"L023982","Light_Source":"LED","Light_Type":"Cobra","Lighting_Type":"LED-Powered Lamp","Verification_Date":null},"id":"stl-city-public-streetlights:2:131266","sourceLayerId":2,"sourceObjectId":131266,"sourceURL":"https://maps8.stlouis-mo.gov/arcgis/rest/services/STREETS/Streets_Permitting/MapServer/2","title":"Street light L023982"},"type":"Feature"},{"geometry":{"coordinates":[-90.24228390416887,38.66739331294094],"type":"Point"},"id":"stl-city-public-streetlights:2:131267","properties":{"address":null,"attributes":{"Date_Installed":"12/8/2018","LED_Powered":1,"LightID":"L023983","Light_Source":"LED","Light_Type":"Cobra","Lighting_Type":"LED-Powered Lamp","Verification_Date":null},"id":"stl-city-public-streetlights:2:131267","sourceLayerId":2,"sourceObjectId":131267,"sourceURL":"https://maps8.stlouis-mo.gov/arcgis/rest/services/STREETS/Streets_Permitting/MapServer/2","title":"Street light L023983"},"type":"Feature"},{"geometry":{"coordinates":[-90.24197371941341,38.66726105485681],"type":"Point"},"id":"stl-city-public-streetlights:2:131268","properties":{"address":null,"attributes":{"Date_Installed":null,"LED_Powered":1,"LightID":"L023984","Light_Source":"LED","Light_Type":"Cobra","Lighting_Type":"LED-Powered Lamp","Verification_Date":null},"id":"stl-city-public-streetlights:2:131268","sourceLayerId":2,"sourceObjectId":131268,"sourceURL":"https://maps8.stlouis-mo.gov/arcgis/rest/services/STREETS/Streets_Permitting/MapServer/2","title":"Street light L023984"},"type":"Feature"},{"geometry":{"coordinates":[-90.24158830564787,38.667098167249954],"type":"Point"},"id":"stl-city-public-streetlights:2:131269","properties":{"address":null,"attributes":{"Date_Installed":null,"LED_Powered":1,"LightID":"L023985","Light_Source":"LED","Light_Type":"Cobra","Lighting_Type":"LED-Powered Lamp","Verification_Date":null},"id":"stl-city-public-streetlights:2:131269","sourceLayerId":2,"sourceObjectId":131269,"sourceURL":"https://maps8.stlouis-mo.gov/arcgis/rest/services/STREETS/Streets_Permitting/MapServer/2","title":"Street light L023985"},"type":"Feature"},{"geometry":{"coordinates":[-90.24120218816282,38.666928555311074],"type":"Point"},"id":"stl-city-public-streetlights:2:131270","properties":{"address":null,"attributes":{"Date_Installed":null,"LED_Powered":1,"LightID":"L023986","Light_Source":"LED","Light_Type":"Cobra","Lighting_Type":"LED-Powered Lamp","Verification_Date":null},"id":"stl-city-public-streetlights:2:131270","sourceLayerId":2,"sourceObjectId":131270,"sourceURL":"https://maps8.stlouis-mo.gov/arcgis/rest/services/STREETS/Streets_Permitting/MapServer/2","title":"Street light L023986"},"type":"Feature"},{"geometry":{"coordinates":[-90.24082700315017,38.666763256333375],"type":"Point"},"id":"stl-city-public-streetlights:2:131271","properties":{"address":null,"attributes":{"Date_Installed":null,"LED_Powered":1,"LightID":"L023987","Light_Source":"LED","Light_Type":"Cobra","Lighting_Type":"LED-Powered Lamp","Verification_Date":null},"id":"stl-city-public-streetlights:2:131271","sourceLayerId":2,"sourceObjectId":131271,"sourceURL":"https://maps8.stlouis-mo.gov/arcgis/rest/services/STREETS/Streets_Permitting/MapServer/2","title":"Street light L023987"},"type":"Feature"},{"geometry":{"coordinates":[-90.24043304413802,38.66659405329646],"type":"Point"},"id":"stl-city-public-streetlights:2:131272","properties":{"address":null,"attributes":{"Date_Installed":null,"LED_Powered":1,"LightID":"L023988","Light_Source":"LED","Light_Type":"Cobra","Lighting_Type":"LED-Powered Lamp","Verification_Date":null},"id":"stl-city-public-streetlights:2:131272","sourceLayerId":2,"sourceObjectId":131272,"sourceURL":"https://maps8.stlouis-mo.gov/arcgis/rest/services/STREETS/Streets_Permitting/MapServer/2","title":"Street light L023988"},"type":"Feature"},{"geometry":{"coordinates":[-90.24005238445004,38.66643016938451],"type":"Point"},"id":"stl-city-public-streetlights:2:131273","properties":{"address":null,"attributes":{"Date_Installed":null,"LED_Powered":1,"LightID":"L023989","Light_Source":"LED","Light_Type":"Cobra","Lighting_Type":"LED-Powered Lamp","Verification_Date":null},"id":"stl-city-public-streetlights:2:131273","sourceLayerId":2,"sourceObjectId":131273,"sourceURL":"https://maps8.stlouis-mo.gov/arcgis/rest/services/STREETS/Streets_Permitting/MapServer/2","title":"Street light L023989"},"type":"Feature"},{"geometry":{"coordinates":[-90.24138359070736,38.66584294591437],"type":"Point"},"id":"stl-city-public-streetlights:2:131276","properties":{"address":null,"attributes":{"Date_Installed":"12/8/2018","LED_Powered":1,"LightID":"L023992","Light_Source":"LED","Light_Type":"Cobra","Lighting_Type":"LED-Powered Lamp","Verification_Date":null},"id":"stl-city-public-streetlights:2:131276","sourceLayerId":2,"sourceObjectId":131276,"sourceURL":"https://maps8.stlouis-mo.gov/arcgis/rest/services/STREETS/Streets_Permitting/MapServer/2","title":"Street light L023992"},"type":"Feature"},{"geometry":{"coordinates":[-90.24177470207798,38.66601745470475],"type":"Point"},"id":"stl-city-public-streetlights:2:131277","properties":{"address":null,"attributes":{"Date_Installed":"12/8/2018","LED_Powered":1,"LightID":"L023993","Light_Source":"LED","Light_Type":"Cobra","Lighting_Type":"LED-Powered Lamp","Verification_Date":null},"id":"stl-city-public-streetlights:2:131277","sourceLayerId":2,"sourceObjectId":131277,"sourceURL":"https://maps8.stlouis-mo.gov/arcgis/rest/services/STREETS/Streets_Permitting/MapServer/2","title":"Street light L023993"},"type":"Feature"},{"geometry":{"coordinates":[-90.24215809690972,38.66618205435737],"type":"Point"},"id":"stl-city-public-streetlights:2:131278","properties":{"address":null,"attributes":{"Date_Installed":"12/8/2018","LED_Powered":1,"LightID":"L023994","Light_Source":"LED","Light_Type":"Cobra","Lighting_Type":"LED-Powered Lamp","Verification_Date":null},"id":"stl-city-public-streetlights:2:131278","sourceLayerId":2,"sourceObjectId":131278,"sourceURL":"https://maps8.stlouis-mo.gov/arcgis/rest/services/STREETS/Streets_Permitting/MapServer/2","title":"Street light L023994"},"type":"Feature"},{"geometry":{"coordinates":[-90.2425415940528,38.66634873672318],"type":"Point"},"id":"stl-city-public-streetlights:2:131279","properties":{"address":null,"attributes":{"Date_Installed":"12/8/2018","LED_Powered":1,"LightID":"L023995","Light_Source":"LED","Light_Type":"Cobra","Lighting_Type":"LED-Powered Lamp","Verification_Date":null},"id":"stl-city-public-streetlights:2:131279","sourceLayerId":2,"sourceObjectId":131279,"sourceURL":"https://maps8.stlouis-mo.gov/arcgis/rest/services/STREETS/Streets_Permitting/MapServer/2","title":"Street light L023995"},"type":"Feature"},{"geometry":{"coordinates":[-90.24981894451729,38.668206444614256],"type":"Point"},"id":"stl-city-public-streetlights:2:131289","properties":{"address":null,"attributes":{"Date_Installed":null,"LED_Powered":1,"LightID":"L024005","Light_Source":"LED","Light_Type":"Cobra","Lighting_Type":"LED-Powered Lamp","Verification_Date":null},"id":"stl-city-public-streetlights:2:131289","sourceLayerId":2,"sourceObjectId":131289,"sourceURL":"https://maps8.stlouis-mo.gov/arcgis/rest/services/STREETS/Streets_Permitting/MapServer/2","title":"Street light L024005"},"type":"Feature"},{"geometry":{"coordinates":[-90.24938178059952,38.66802054266333],"type":"Point"},"id":"stl-city-public-streetlights:2:131290","properties":{"address":null,"attributes":{"Date_Installed":null,"LED_Powered":1,"LightID":"L024006","Light_Source":"LED","Light_Type":"Cobra","Lighting_Type":"LED-Powered Lamp","Verification_Date":null},"id":"stl-city-public-streetlights:2:131290","sourceLayerId":2,"sourceObjectId":131290,"sourceURL":"https://maps8.stlouis-mo.gov/arcgis/rest/services/STREETS/Streets_Permitting/MapServer/2","title":"Street light L024006"},"type":"Feature"},{"geometry":{"coordinates":[-90.2489266839398,38.667816483787476],"type":"Point"},"id":"stl-city-public-streetlights:2:131291","properties":{"address":null,"attributes":{"Date_Installed":null,"LED_Powered":1,"LightID":"L024007","Light_Source":"LED","Light_Type":"Cobra","Lighting_Type":"LED-Powered Lamp","Verification_Date":null},"id":"stl-city-public-streetlights:2:131291","sourceLayerId":2,"sourceObjectId":131291,"sourceURL":"https://maps8.stlouis-mo.gov/arcgis/rest/services/STREETS/Streets_Permitting/MapServer/2","title":"Street light L024007"},"type":"Feature"},{"geometry":{"coordinates":[-90.24849439549439,38.66762868090402],"type":"Point"},"id":"stl-city-public-streetlights:2:131292","properties":{"address":null,"attributes":{"Date_Installed":null,"LED_Powered":1,"LightID":"L024008","Light_Source":"LED","Light_Type":"Cobra","Lighting_Type":"LED-Powered Lamp","Verification_Date":null},"id":"stl-city-public-streetlights:2:131292","sourceLayerId":2,"sourceObjectId":131292,"sourceURL":"https://maps8.stlouis-mo.gov/arcgis/rest/services/STREETS/Streets_Permitting/MapServer/2","title":"Street light L024008"},"type":"Feature"},{"geometry":{"coordinates":[-90.24803612283868,38.66742995217271],"type":"Point"},"id":"stl-city-public-streetlights:2:131293","properties":{"address":null,"attributes":{"Date_Installed":null,"LED_Powered":1,"LightID":"L024009","Light_Source":"LED","Light_Type":"Cobra","Lighting_Type":"LED-Powered Lamp","Verification_Date":null},"id":"stl-city-public-streetlights:2:131293","sourceLayerId":2,"sourceObjectId":131293,"sourceURL":"https://maps8.stlouis-mo.gov/arcgis/rest/services/STREETS/Streets_Permitting/MapServer/2","title":"Street light L024009"},"type":"Feature"},{"geometry":{"coordinates":[-90.24755135858244,38.66721798271971],"type":"Point"},"id":"stl-city-public-streetlights:2:131294","properties":{"address":null,"attributes":{"Date_Installed":null,"LED_Powered":1,"LightID":"L024010","Light_Source":"LED","Light_Type":"Cobra","Lighting_Type":"LED-Powered Lamp","Verification_Date":null},"id":"stl-city-public-streetlights:2:131294","sourceLayerId":2,"sourceObjectId":131294,"sourceURL":"https://maps8.stlouis-mo.gov/arcgis/rest/services/STREETS/Streets_Permitting/MapServer/2","title":"Street light L024010"},"type":"Feature"},{"geometry":{"coordinates":[-90.24708832243725,38.667017617492434],"type":"Point"},"id":"stl-city-public-streetlights:2:131295","properties":{"address":null,"attributes":{"Date_Installed":null,"LED_Powered":1,"LightID":"L024011","Light_Source":"LED","Light_Type":"Cobra","Lighting_Type":"LED-Powered Lamp","Verification_Date":null},"id":"stl-city-public-streetlights:2:131295","sourceLayerId":2,"sourceObjectId":131295,"sourceURL":"https://maps8.stlouis-mo.gov/arcgis/rest/services/STREETS/Streets_Permitting/MapServer/2","title":"Street light L024011"},"type":"Feature"},{"geometry":{"coordinates":[-90.24664154033674,38.66682184051133],"type":"Point"},"id":"stl-city-public-streetlights:2:131296","properties":{"address":null,"attributes":{"Date_Installed":null,"LED_Powered":1,"LightID":"L024012","Light_Source":"LED","Light_Type":"Cobra","Lighting_Type":"LED-Powered Lamp","Verification_Date":null},"id":"stl-city-public-streetlights:2:131296","sourceLayerId":2,"sourceObjectId":131296,"sourceURL":"https://maps8.stlouis-mo.gov/arcgis/rest/services/STREETS/Streets_Permitting/MapServer/2","title":"Street light L024012"},"type":"Feature"},{"geometry":{"coordinates":[-90.24618607735188,38.666622394398885],"type":"Point"},"id":"stl-city-public-streetlights:2:131297","properties":{"address":null,"attributes":{"Date_Installed":null,"LED_Powered":1,"LightID":"L024013","Light_Source":"LED","Light_Type":"Cobra","Lighting_Type":"LED-Powered Lamp","Verification_Date":null},"id":"stl-city-public-streetlights:2:131297","sourceLayerId":2,"sourceObjectId":131297,"sourceURL":"https://maps8.stlouis-mo.gov/arcgis/rest/services/STREETS/Streets_Permitting/MapServer/2","title":"Street light L024013"},"type":"Feature"},{"geometry":{"coordinates":[-90.2457116833008,38.66641682708306],"type":"Point"},"id":"stl-city-public-streetlights:2:131298","properties":{"address":null,"attributes":{"Date_Installed":null,"LED_Powered":1,"LightID":"L024014","Light_Source":"LED","Light_Type":"Cobra","Lighting_Type":"LED-Powered Lamp","Verification_Date":null},"id":"stl-city-public-streetlights:2:131298","sourceLayerId":2,"sourceObjectId":131298,"sourceURL":"https://maps8.stlouis-mo.gov/arcgis/rest/services/STREETS/Streets_Permitting/MapServer/2","title":"Street light L024014"},"type":"Feature"},{"geometry":{"coordinates":[-90.24523494051573,38.66621008517656],"type":"Point"},"id":"stl-city-public-streetlights:2:131299","properties":{"address":null,"attributes":{"Date_Installed":null,"LED_Powered":1,"LightID":"L024015","Light_Source":"LED","Light_Type":"Cobra","Lighting_Type":"LED-Powered Lamp","Verification_Date":null},"id":"stl-city-public-streetlights:2:131299","sourceLayerId":2,"sourceObjectId":131299,"sourceURL":"https://maps8.stlouis-mo.gov/arcgis/rest/services/STREETS/Streets_Permitting/MapServer/2","title":"Street light L024015"},"type":"Feature"},{"geometry":{"coordinates":[-90.24475305795713,38.66599989773475],"type":"Point"},"id":"stl-city-public-streetlights:2:131300","properties":{"address":null,"attributes":{"Date_Installed":null,"LED_Powered":1,"LightID":"L024016","Light_Source":"LED","Light_Type":"Cobra","Lighting_Type":"LED-Powered Lamp","Verification_Date":null},"id":"stl-city-public-streetlights:2:131300","sourceLayerId":2,"sourceObjectId":131300,"sourceURL":"https://maps8.stlouis-mo.gov/arcgis/rest/services/STREETS/Streets_Permitting/MapServer/2","title":"Street light L024016"},"type":"Feature"},{"geometry":{"coordinates":[-90.24426358436601,38.66578347109503],"type":"Point"},"id":"stl-city-public-streetlights:2:131301","properties":{"address":null,"attributes":{"Date_Installed":null,"LED_Powered":1,"LightID":"L024017","Light_Source":"LED","Light_Type":"Cobra","Lighting_Type":"LED-Powered Lamp","Verification_Date":null},"id":"stl-city-public-streetlights:2:131301","sourceLayerId":2,"sourceObjectId":131301,"sourceURL":"https://maps8.stlouis-mo.gov/arcgis/rest/services/STREETS/Streets_Permitting/MapServer/2","title":"Street light L024017"},"type":"Feature"},{"geometry":{"coordinates":[-90.24378663037106,38.665582562349485],"type":"Point"},"id":"stl-city-public-streetlights:2:131302","properties":{"address":null,"attributes":{"Date_Installed":null,"LED_Powered":1,"LightID":"L024018","Light_Source":"LED","Light_Type":"Cobra","Lighting_Type":"LED-Powered Lamp","Verification_Date":null},"id":"stl-city-public-streetlights:2:131302","sourceLayerId":2,"sourceObjectId":131302,"sourceURL":"https://maps8.stlouis-mo.gov/arcgis/rest/services/STREETS/Streets_Permitting/MapServer/2","title":"Street light L024018"},"type":"Feature"},{"geometry":{"coordinates":[-90.24338292860287,38.66540028593721],"type":"Point"},"id":"stl-city-public-streetlights:2:131303","properties":{"address":null,"attributes":{"Date_Installed":null,"LED_Powered":1,"LightID":"L024019","Light_Source":"LED","Light_Type":"Cobra","Lighting_Type":"LED-Powered Lamp","Verification_Date":null},"id":"stl-city-public-streetlights:2:131303","sourceLayerId":2,"sourceObjectId":131303,"sourceURL":"https://maps8.stlouis-mo.gov/arcgis/rest/services/STREETS/Streets_Permitting/MapServer/2","title":"Street light L024019"},"type":"Feature"},{"geometry":{"coordinates":[-90.24293784554425,38.6652067254956],"type":"Point"},"id":"stl-city-public-streetlights:2:131304","properties":{"address":null,"attributes":{"Date_Installed":null,"LED_Powered":1,"LightID":"L024020","Light_Source":"LED","Light_Type":"Cobra","Lighting_Type":"LED-Powered Lamp","Verification_Date":null},"id":"stl-city-public-streetlights:2:131304","sourceLayerId":2,"sourceObjectId":131304,"sourceURL":"https://maps8.stlouis-mo.gov/arcgis/rest/services/STREETS/Streets_Permitting/MapServer/2","title":"Street light L024020"},"type":"Feature"},{"geometry":{"coordinates":[-90.24738948480814,38.66846097244054],"type":"Point"},"id":"stl-city-public-streetlights:2:131305","properties":{"address":null,"attributes":{"Date_Installed":"12/8/2018","LED_Powered":1,"LightID":"L024021","Light_Source":"LED","Light_Type":"Cobra","Lighting_Type":"LED-Powered Lamp","Verification_Date":null},"id":"stl-city-public-streetlights:2:131305","sourceLayerId":2,"sourceObjectId":131305,"sourceURL":"https://maps8.stlouis-mo.gov/arcgis/rest/services/STREETS/Streets_Permitting/MapServer/2","title":"Street light L024021"},"type":"Feature"},{"geometry":{"coordinates":[-90.24700795737628,38.66829405891537],"type":"Point"},"id":"stl-city-public-streetlights:2:131306","properties":{"address":null,"attributes":{"Date_Installed":"12/8/2018","LED_Powered":1,"LightID":"L024022","Light_Source":"LED","Light_Type":"Cobra","Lighting_Type":"LED-Powered Lamp","Verification_Date":null},"id":"stl-city-public-streetlights:2:131306","sourceLayerId":2,"sourceObjectId":131306,"sourceURL":"https://maps8.stlouis-mo.gov/arcgis/rest/services/STREETS/Streets_Permitting/MapServer/2","title":"Street light L024022"},"type":"Feature"},{"geometry":{"coordinates":[-90.24663448078131,38.66812987865122],"type":"Point"},"id":"stl-city-public-streetlights:2:131307","properties":{"address":null,"attributes":{"Date_Installed":"12/8/2018","LED_Powered":1,"LightID":"L024023","Light_Source":"LED","Light_Type":"Cobra","Lighting_Type":"LED-Powered Lamp","Verification_Date":null},"id":"stl-city-public-streetlights:2:131307","sourceLayerId":2,"sourceObjectId":131307,"sourceURL":"https://maps8.stlouis-mo.gov/arcgis/rest/services/STREETS/Streets_Permitting/MapServer/2","title":"Street light L024023"},"type":"Feature"},{"geometry":{"coordinates":[-90.24626366803804,38.667969374076584],"type":"Point"},"id":"stl-city-public-streetlights:2:131308","properties":{"address":null,"attributes":{"Date_Installed":"12/8/2018","LED_Powered":1,"LightID":"L024024","Light_Source":"LED","Light_Type":"Cobra","Lighting_Type":"LED-Powered Lamp","Verification_Date":null},"id":"stl-city-public-streetlights:2:131308","sourceLayerId":2,"sourceObjectId":131308,"sourceURL":"https://maps8.stlouis-mo.gov/arcgis/rest/services/STREETS/Streets_Permitting/MapServer/2","title":"Street light L024024"},"type":"Feature"},{"geometry":{"coordinates":[-90.24591577167593,38.66782012061032],"type":"Point"},"id":"stl-city-public-streetlights:2:131309","properties":{"address":null,"attributes":{"Date_Installed":"12/8/2018","LED_Powered":1,"LightID":"L024025","Light_Source":"LED","Light_Type":"Cobra","Lighting_Type":"LED-Powered Lamp","Verification_Date":null},"id":"stl-city-public-streetlights:2:131309","sourceLayerId":2,"sourceObjectId":131309,"sourceURL":"https://maps8.stlouis-mo.gov/arcgis/rest/services/STREETS/Streets_Permitting/MapServer/2","title":"Street light L024025"},"type":"Feature"},{"geometry":{"coordinates":[-90.24553617785287,38.667650357876646],"type":"Point"},"id":"stl-city-public-streetlights:2:131310","properties":{"address":null,"attributes":{"Date_Installed":"12/8/2018","LED_Powered":1,"LightID":"L024026","Light_Source":"LED","Light_Type":"Cobra","Lighting_Type":"LED-Powered Lamp","Verification_Date":null},"id":"stl-city-public-streetlights:2:131310","sourceLayerId":2,"sourceObjectId":131310,"sourceURL":"https://maps8.stlouis-mo.gov/arcgis/rest/services/STREETS/Streets_Permitting/MapServer/2","title":"Street light L024026"},"type":"Feature"},{"geometry":{"coordinates":[-90.24515762359978,38.66748768703862],"type":"Point"},"id":"stl-city-public-streetlights:2:131311","properties":{"address":null,"attributes":{"Date_Installed":"12/8/2018","LED_Powered":1,"LightID":"L024027","Light_Source":"LED","Light_Type":"Cobra","Lighting_Type":"LED-Powered Lamp","Verification_Date":null},"id":"stl-city-public-streetlights:2:131311","sourceLayerId":2,"sourceObjectId":131311,"sourceURL":"https://maps8.stlouis-mo.gov/arcgis/rest/services/STREETS/Streets_Permitting/MapServer/2","title":"Street light L024027"},"type":"Feature"},{"geometry":{"coordinates":[-90.24474689938609,38.66730992972509],"type":"Point"},"id":"stl-city-public-streetlights:2:131312","properties":{"address":null,"attributes":{"Date_Installed":"12/8/2018","LED_Powered":1,"LightID":"L024028","Light_Source":"LED","Light_Type":"Cobra","Lighting_Type":"LED-Powered Lamp","Verification_Date":null},"id":"stl-city-public-streetlights:2:131312","sourceLayerId":2,"sourceObjectId":131312,"sourceURL":"https://maps8.stlouis-mo.gov/arcgis/rest/services/STREETS/Streets_Permitting/MapServer/2","title":"Street light L024028"},"type":"Feature"},{"geometry":{"coordinates":[-90.24438160260173,38.66714783393973],"type":"Point"},"id":"stl-city-public-streetlights:2:131313","properties":{"address":null,"attributes":{"Date_Installed":"12/8/2018","LED_Powered":1,"LightID":"L024029","Light_Source":"LED","Light_Type":"Cobra","Lighting_Type":"LED-Powered Lamp","Verification_Date":null},"id":"stl-city-public-streetlights:2:131313","sourceLayerId":2,"sourceObjectId":131313,"sourceURL":"https://maps8.stlouis-mo.gov/arcgis/rest/services/STREETS/Streets_Permitting/MapServer/2","title":"Street light L024029"},"type":"Feature"},{"geometry":{"coordinates":[-90.2440053353946,38.66698492652927],"type":"Point"},"id":"stl-city-public-streetlights:2:131314","properties":{"address":null,"attributes":{"Date_Installed":"12/8/2018","LED_Powered":1,"LightID":"L024030","Light_Source":"LED","Light_Type":"Cobra","Lighting_Type":"LED-Powered Lamp","Verification_Date":null},"id":"stl-city-public-streetlights:2:131314","sourceLayerId":2,"sourceObjectId":131314,"sourceURL":"https://maps8.stlouis-mo.gov/arcgis/rest/services/STREETS/Streets_Permitting/MapServer/2","title":"Street light L024030"},"type":"Feature"},{"geometry":{"coordinates":[-90.2436208769032,38.66681782885449],"type":"Point"},"id":"stl-city-public-streetlights:2:131315","properties":{"address":null,"attributes":{"Date_Installed":"12/8/2018","LED_Powered":1,"LightID":"L024031","Light_Source":"LED","Light_Type":"Cobra","Lighting_Type":"LED-Powered Lamp","Verification_Date":null},"id":"stl-city-public-streetlights:2:131315","sourceLayerId":2,"sourceObjectId":131315,"sourceURL":"https://maps8.stlouis-mo.gov/arcgis/rest/services/STREETS/Streets_Permitting/MapServer/2","title":"Street light L024031"},"type":"Feature"},{"geometry":{"coordinates":[-90.24321428416035,38.66664302920591],"type":"Point"},"id":"stl-city-public-streetlights:2:131316","properties":{"address":null,"attributes":{"Date_Installed":"12/8/2018","LED_Powered":1,"LightID":"L024032","Light_Source":"LED","Light_Type":"Cobra","Lighting_Type":"LED-Powered Lamp","Verification_Date":null},"id":"stl-city-public-streetlights:2:131316","sourceLayerId":2,"sourceObjectId":131316,"sourceURL":"https://maps8.stlouis-mo.gov/arcgis/rest/services/STREETS/Streets_Permitting/MapServer/2","title":"Street light L024032"},"type":"Feature"},{"geometry":{"coordinates":[-90.24284905318011,38.666481476506796],"type":"Point"},"id":"stl-city-public-streetlights:2:131317","properties":{"address":null,"attributes":{"Date_Installed":"12/8/2018","LED_Powered":1,"LightID":"L024033","Light_Source":"LED","Light_Type":"Cobra","Lighting_Type":"LED-Powered Lamp","Verification_Date":null},"id":"stl-city-public-streetlights:2:131317","sourceLayerId":2,"sourceObjectId":131317,"sourceURL":"https://maps8.stlouis-mo.gov/arcgis/rest/services/STREETS/Streets_Permitting/MapServer/2","title":"Street light L024033"},"type":"Feature"},{"geometry":{"coordinates":[-90.24974435904858,38.66716631605643],"type":"Point"},"id":"stl-city-public-streetlights:2:131328","properties":{"address":null,"attributes":{"Date_Installed":"1/18/2018","LED_Powered":1,"LightID":"L024044","Light_Source":"LED","Light_Type":"Cobra","Lighting_Type":"LED-Powered Lamp","Verification_Date":null},"id":"stl-city-public-streetlights:2:131328","sourceLayerId":2,"sourceObjectId":131328,"sourceURL":"https://maps8.stlouis-mo.gov/arcgis/rest/services/STREETS/Streets_Permitting/MapServer/2","title":"Street light L024044"},"type":"Feature"},{"geometry":{"coordinates":[-90.2493746912355,38.66699950766003],"type":"Point"},"id":"stl-city-public-streetlights:2:131329","properties":{"address":null,"attributes":{"Date_Installed":"1/18/2018","LED_Powered":1,"LightID":"L024045","Light_Source":"LED","Light_Type":"Cobra","Lighting_Type":"LED-Powered Lamp","Verification_Date":null},"id":"stl-city-public-streetlights:2:131329","sourceLayerId":2,"sourceObjectId":131329,"sourceURL":"https://maps8.stlouis-mo.gov/arcgis/rest/services/STREETS/Streets_Permitting/MapServer/2","title":"Street light L024045"},"type":"Feature"},{"geometry":{"coordinates":[-90.24898759647891,38.66682591486839],"type":"Point"},"id":"stl-city-public-streetlights:2:131330","properties":{"address":null,"attributes":{"Date_Installed":"1/18/2018","LED_Powered":1,"LightID":"L024046","Light_Source":"LED","Light_Type":"Cobra","Lighting_Type":"LED-Powered Lamp","Verification_Date":null},"id":"stl-city-public-streetlights:2:131330","sourceLayerId":2,"sourceObjectId":131330,"sourceURL":"https://maps8.stlouis-mo.gov/arcgis/rest/services/STREETS/Streets_Permitting/MapServer/2","title":"Street light L024046"},"type":"Feature"},{"geometry":{"coordinates":[-90.2486951707795,38.66663757854155],"type":"Point"},"id":"stl-city-public-streetlights:2:131331","properties":{"address":null,"attributes":{"Date_Installed":null,"LED_Powered":0,"LightID":"L024047","Light_Source":"LED","Light_Type":"Cobra","Lighting_Type":"LED-Powered Lamp","Verification_Date":null},"id":"stl-city-public-streetlights:2:131331","sourceLayerId":2,"sourceObjectId":131331,"sourceURL":"https://maps8.stlouis-mo.gov/arcgis/rest/services/STREETS/Streets_Permitting/MapServer/2","title":"Street light L024047"},"type":"Feature"},{"geometry":{"coordinates":[-90.24820887010529,38.66642200855101],"type":"Point"},"id":"stl-city-public-streetlights:2:131332","properties":{"address":null,"attributes":{"Date_Installed":null,"LED_Powered":0,"LightID":"L024048","Light_Source":"LED","Light_Type":"Cobra","Lighting_Type":"LED-Powered Lamp","Verification_Date":null},"id":"stl-city-public-streetlights:2:131332","sourceLayerId":2,"sourceObjectId":131332,"sourceURL":"https://maps8.stlouis-mo.gov/arcgis/rest/services/STREETS/Streets_Permitting/MapServer/2","title":"Street light L024048"},"type":"Feature"},{"geometry":{"coordinates":[-90.24778995600131,38.66623804616883],"type":"Point"},"id":"stl-city-public-streetlights:2:131333","properties":{"address":null,"attributes":{"Date_Installed":null,"LED_Powered":0,"LightID":"L024049","Light_Source":"LED","Light_Type":"Cobra","Lighting_Type":"LED-Powered Lamp","Verification_Date":null},"id":"stl-city-public-streetlights:2:131333","sourceLayerId":2,"sourceObjectId":131333,"sourceURL":"https://maps8.stlouis-mo.gov/arcgis/rest/services/STREETS/Streets_Permitting/MapServer/2","title":"Street light L024049"},"type":"Feature"},{"geometry":{"coordinates":[-90.24733233420953,38.66603898092012],"type":"Point"},"id":"stl-city-public-streetlights:2:131334","properties":{"address":null,"attributes":{"Date_Installed":null,"LED_Powered":0,"LightID":"L024050","Light_Source":"LED","Light_Type":"Cobra","Lighting_Type":"LED-Powered Lamp","Verification_Date":null},"id":"stl-city-public-streetlights:2:131334","sourceLayerId":2,"sourceObjectId":131334,"sourceURL":"https://maps8.stlouis-mo.gov/arcgis/rest/services/STREETS/Streets_Permitting/MapServer/2","title":"Street light L024050"},"type":"Feature"},{"geometry":{"coordinates":[-90.24688034045698,38.665839689123665],"type":"Point"},"id":"stl-city-public-streetlights:2:131335","properties":{"address":null,"attributes":{"Date_Installed":null,"LED_Powered":1,"LightID":"L024051","Light_Source":"LED","Light_Type":"Cobra","Lighting_Type":"LED-Powered Lamp","Verification_Date":null},"id":"stl-city-public-streetlights:2:131335","sourceLayerId":2,"sourceObjectId":131335,"sourceURL":"https://maps8.stlouis-mo.gov/arcgis/rest/services/STREETS/Streets_Permitting/MapServer/2","title":"Street light L024051"},"type":"Feature"},{"geometry":{"coordinates":[-90.24642165423514,38.66564216842476],"type":"Point"},"id":"stl-city-public-streetlights:2:131336","properties":{"address":null,"attributes":{"Date_Installed":null,"LED_Powered":0,"LightID":"L024052","Light_Source":"LED","Light_Type":"Cobra","Lighting_Type":"LED-Powered Lamp","Verification_Date":null},"id":"stl-city-public-streetlights:2:131336","sourceLayerId":2,"sourceObjectId":131336,"sourceURL":"https://maps8.stlouis-mo.gov/arcgis/rest/services/STREETS/Streets_Permitting/MapServer/2","title":"Street light L024052"},"type":"Feature"},{"geometry":{"coordinates":[-90.24596601990477,38.66544179134007],"type":"Point"},"id":"stl-city-public-streetlights:2:131337","properties":{"address":null,"attributes":{"Date_Installed":null,"LED_Powered":0,"LightID":"L024053","Light_Source":"LED","Light_Type":"Cobra","Lighting_Type":"LED-Powered Lamp","Verification_Date":null},"id":"stl-city-public-streetlights:2:131337","sourceLayerId":2,"sourceObjectId":131337,"sourceURL":"https://maps8.stlouis-mo.gov/arcgis/rest/services/STREETS/Streets_Permitting/MapServer/2","title":"Street light L024053"},"type":"Feature"},{"geometry":{"coordinates":[-90.24547942713008,38.66522763994899],"type":"Point"},"id":"stl-city-public-streetlights:2:131338","properties":{"address":null,"attributes":{"Date_Installed":null,"LED_Powered":0,"LightID":"L024054","Light_Source":"LED","Light_Type":"Cobra","Lighting_Type":"LED-Powered Lamp","Verification_Date":null},"id":"stl-city-public-streetlights:2:131338","sourceLayerId":2,"sourceObjectId":131338,"sourceURL":"https://maps8.stlouis-mo.gov/arcgis/rest/services/STREETS/Streets_Permitting/MapServer/2","title":"Street light L024054"},"type":"Feature"},{"geometry":{"coordinates":[-90.24503546202094,38.665038964600754],"type":"Point"},"id":"stl-city-public-streetlights:2:131339","properties":{"address":null,"attributes":{"Date_Installed":null,"LED_Powered":0,"LightID":"L024055","Light_Source":"LED","Light_Type":"Cobra","Lighting_Type":"LED-Powered Lamp","Verification_Date":null},"id":"stl-city-public-streetlights:2:131339","sourceLayerId":2,"sourceObjectId":131339,"sourceURL":"https://maps8.stlouis-mo.gov/arcgis/rest/services/STREETS/Streets_Permitting/MapServer/2","title":"Street light L024055"},"type":"Feature"},{"geometry":{"coordinates":[-90.24458136604477,38.664835964788914],"type":"Point"},"id":"stl-city-public-streetlights:2:131340","properties":{"address":null,"attributes":{"Date_Installed":null,"LED_Powered":0,"LightID":"L024056","Light_Source":"LED","Light_Type":"Cobra","Lighting_Type":"LED-Powered Lamp","Verification_Date":null},"id":"stl-city-public-streetlights:2:131340","sourceLayerId":2,"sourceObjectId":131340,"sourceURL":"https://maps8.stlouis-mo.gov/arcgis/rest/services/STREETS/Streets_Permitting/MapServer/2","title":"Street light L024056"},"type":"Feature"},{"geometry":{"coordinates":[-90.2441142073076,38.66463054999123],"type":"Point"},"id":"stl-city-public-streetlights:2:131341","properties":{"address":null,"attributes":{"Date_Installed":null,"LED_Powered":0,"LightID":"L024057","Light_Source":"LED","Light_Type":"Cobra","Lighting_Type":"LED-Powered Lamp","Verification_Date":null},"id":"stl-city-public-streetlights:2:131341","sourceLayerId":2,"sourceObjectId":131341,"sourceURL":"https://maps8.stlouis-mo.gov/arcgis/rest/services/STREETS/Streets_Permitting/MapServer/2","title":"Street light L024057"},"type":"Feature"},{"geometry":{"coordinates":[-90.24363876993881,38.664424519694876],"type":"Point"},"id":"stl-city-public-streetlights:2:131342","properties":{"address":null,"attributes":{"Date_Installed":null,"LED_Powered":0,"LightID":"L024058","Light_Source":"LED","Light_Type":"Cobra","Lighting_Type":"LED-Powered Lamp","Verification_Date":null},"id":"stl-city-public-streetlights:2:131342","sourceLayerId":2,"sourceObjectId":131342,"sourceURL":"https://maps8.stlouis-mo.gov/arcgis/rest/services/STREETS/Streets_Permitting/MapServer/2","title":"Street light L024058"},"type":"Feature"},{"geometry":{"coordinates":[-90.24319964149014,38.664246216255236],"type":"Point"},"id":"stl-city-public-streetlights:2:131343","properties":{"address":null,"attributes":{"Date_Installed":null,"LED_Powered":0,"LightID":"L024059","Light_Source":"LED","Light_Type":"Cobra","Lighting_Type":"LED-Powered Lamp","Verification_Date":null},"id":"stl-city-public-streetlights:2:131343","sourceLayerId":2,"sourceObjectId":131343,"sourceURL":"https://maps8.stlouis-mo.gov/arcgis/rest/services/STREETS/Streets_Permitting/MapServer/2","title":"Street light L024059"},"type":"Feature"},{"geometry":{"coordinates":[-90.24280017318075,38.66407276676367],"type":"Point"},"id":"stl-city-public-streetlights:2:131344","properties":{"address":null,"attributes":{"Date_Installed":null,"LED_Powered":0,"LightID":"L024060","Light_Source":"LED","Light_Type":"Cobra","Lighting_Type":"LED-Powered Lamp","Verification_Date":null},"id":"stl-city-public-streetlights:2:131344","sourceLayerId":2,"sourceObjectId":131344,"sourceURL":"https://maps8.stlouis-mo.gov/arcgis/rest/services/STREETS/Streets_Permitting/MapServer/2","title":"Street light L024060"},"type":"Feature"},{"geometry":{"coordinates":[-90.24241649127822,38.66390602352809],"type":"Point"},"id":"stl-city-public-streetlights:2:131345","properties":{"address":null,"attributes":{"Date_Installed":null,"LED_Powered":0,"LightID":"L024061","Light_Source":"LED","Light_Type":"Cobra","Lighting_Type":"LED-Powered Lamp","Verification_Date":null},"id":"stl-city-public-streetlights:2:131345","sourceLayerId":2,"sourceObjectId":131345,"sourceURL":"https://maps8.stlouis-mo.gov/arcgis/rest/services/STREETS/Streets_Permitting/MapServer/2","title":"Street light L024061"},"type":"Feature"},{"geometry":{"coordinates":[-90.24202018773734,38.663732578336486],"type":"Point"},"id":"stl-city-public-streetlights:2:131346","properties":{"address":null,"attributes":{"Date_Installed":null,"LED_Powered":0,"LightID":"L024062","Light_Source":"LED","Light_Type":"Cobra","Lighting_Type":"LED-Powered Lamp","Verification_Date":null},"id":"stl-city-public-streetlights:2:131346","sourceLayerId":2,"sourceObjectId":131346,"sourceURL":"https://maps8.stlouis-mo.gov/arcgis/rest/services/STREETS/Streets_Permitting/MapServer/2","title":"Street light L024062"},"type":"Feature"},{"geometry":{"coordinates":[-90.24160799027827,38.66354956171854],"type":"Point"},"id":"stl-city-public-streetlights:2:131347","properties":{"address":null,"attributes":{"Date_Installed":null,"LED_Powered":0,"LightID":"L024063","Light_Source":"LED","Light_Type":"Cobra","Lighting_Type":"LED-Powered Lamp","Verification_Date":null},"id":"stl-city-public-streetlights:2:131347","sourceLayerId":2,"sourceObjectId":131347,"sourceURL":"https://maps8.stlouis-mo.gov/arcgis/rest/services/STREETS/Streets_Permitting/MapServer/2","title":"Street light L024063"},"type":"Feature"},{"geometry":{"coordinates":[-90.24119697742319,38.66337608033724],"type":"Point"},"id":"stl-city-public-streetlights:2:131348","properties":{"address":null,"attributes":{"Date_Installed":null,"LED_Powered":0,"LightID":"L024064","Light_Source":"LED","Light_Type":"Cobra","Lighting_Type":"LED-Powered Lamp","Verification_Date":null},"id":"stl-city-public-streetlights:2:131348","sourceLayerId":2,"sourceObjectId":131348,"sourceURL":"https://maps8.stlouis-mo.gov/arcgis/rest/services/STREETS/Streets_Permitting/MapServer/2","title":"Street light L024064"},"type":"Feature"},{"geometry":{"coordinates":[-90.24427305299466,38.6633832890319],"type":"Point"},"id":"stl-city-public-streetlights:2:131349","properties":{"address":null,"attributes":{"Date_Installed":null,"LED_Powered":0,"LightID":"L024065","Light_Source":"LED","Light_Type":"Cobra","Lighting_Type":"LED-Powered Lamp","Verification_Date":null},"id":"stl-city-public-streetlights:2:131349","sourceLayerId":2,"sourceObjectId":131349,"sourceURL":"https://maps8.stlouis-mo.gov/arcgis/rest/services/STREETS/Streets_Permitting/MapServer/2","title":"Street light L024065"},"type":"Feature"},{"geometry":{"coordinates":[-90.24463003108353,38.6635366185763],"type":"Point"},"id":"stl-city-public-streetlights:2:131350","properties":{"address":null,"attributes":{"Date_Installed":null,"LED_Powered":0,"LightID":"L024066","Light_Source":"LED","Light_Type":"Cobra","Lighting_Type":"LED-Powered Lamp","Verification_Date":null},"id":"stl-city-public-streetlights:2:131350","sourceLayerId":2,"sourceObjectId":131350,"sourceURL":"https://maps8.stlouis-mo.gov/arcgis/rest/services/STREETS/Streets_Permitting/MapServer/2","title":"Street light L024066"},"type":"Feature"},{"geometry":{"coordinates":[-90.24502389251703,38.66371424593921],"type":"Point"},"id":"stl-city-public-streetlights:2:131351","properties":{"address":null,"attributes":{"Date_Installed":null,"LED_Powered":0,"LightID":"L024067","Light_Source":"LED","Light_Type":"Cobra","Lighting_Type":"LED-Powered Lamp","Verification_Date":null},"id":"stl-city-public-streetlights:2:131351","sourceLayerId":2,"sourceObjectId":131351,"sourceURL":"https://maps8.stlouis-mo.gov/arcgis/rest/services/STREETS/Streets_Permitting/MapServer/2","title":"Street light L024067"},"type":"Feature"},{"geometry":{"coordinates":[-90.24538329170267,38.66387139280682],"type":"Point"},"id":"stl-city-public-streetlights:2:131352","properties":{"address":null,"attributes":{"Date_Installed":null,"LED_Powered":0,"LightID":"L024068","Light_Source":"LED","Light_Type":"Cobra","Lighting_Type":"LED-Powered Lamp","Verification_Date":null},"id":"stl-city-public-streetlights:2:131352","sourceLayerId":2,"sourceObjectId":131352,"sourceURL":"https://maps8.stlouis-mo.gov/arcgis/rest/services/STREETS/Streets_Permitting/MapServer/2","title":"Street light L024068"},"type":"Feature"},{"geometry":{"coordinates":[-90.24577791732567,38.66404029421278],"type":"Point"},"id":"stl-city-public-streetlights:2:131353","properties":{"address":null,"attributes":{"Date_Installed":null,"LED_Powered":0,"LightID":"L024069","Light_Source":"LED","Light_Type":"Cobra","Lighting_Type":"LED-Powered Lamp","Verification_Date":null},"id":"stl-city-public-streetlights:2:131353","sourceLayerId":2,"sourceObjectId":131353,"sourceURL":"https://maps8.stlouis-mo.gov/arcgis/rest/services/STREETS/Streets_Permitting/MapServer/2","title":"Street light L024069"},"type":"Feature"},{"geometry":{"coordinates":[-90.24611302705748,38.66418952040982],"type":"Point"},"id":"stl-city-public-streetlights:2:131354","properties":{"address":null,"attributes":{"Date_Installed":null,"LED_Powered":0,"LightID":"L024070","Light_Source":"LED","Light_Type":"Cobra","Lighting_Type":"LED-Powered Lamp","Verification_Date":null},"id":"stl-city-public-streetlights:2:131354","sourceLayerId":2,"sourceObjectId":131354,"sourceURL":"https://maps8.stlouis-mo.gov/arcgis/rest/services/STREETS/Streets_Permitting/MapServer/2","title":"Street light L024070"},"type":"Feature"},{"geometry":{"coordinates":[-90.24647802856909,38.664345531942104],"type":"Point"},"id":"stl-city-public-streetlights:2:131355","properties":{"address":null,"attributes":{"Date_Installed":null,"LED_Powered":0,"LightID":"L024071","Light_Source":"LED","Light_Type":"Cobra","Lighting_Type":"LED-Powered Lamp","Verification_Date":null},"id":"stl-city-public-streetlights:2:131355","sourceLayerId":2,"sourceObjectId":131355,"sourceURL":"https://maps8.stlouis-mo.gov/arcgis/rest/services/STREETS/Streets_Permitting/MapServer/2","title":"Street light L024071"},"type":"Feature"},{"geometry":{"coordinates":[-90.24685856397606,38.66451149199768],"type":"Point"},"id":"stl-city-public-streetlights:2:131356","properties":{"address":null,"attributes":{"Date_Installed":null,"LED_Powered":0,"LightID":"L024072","Light_Source":"LED","Light_Type":"Cobra","Lighting_Type":"LED-Powered Lamp","Verification_Date":null},"id":"stl-city-public-streetlights:2:131356","sourceLayerId":2,"sourceObjectId":131356,"sourceURL":"https://maps8.stlouis-mo.gov/arcgis/rest/services/STREETS/Streets_Permitting/MapServer/2","title":"Street light L024072"},"type":"Feature"},{"geometry":{"coordinates":[-90.2472424849855,38.6646833688377],"type":"Point"},"id":"stl-city-public-streetlights:2:131357","properties":{"address":null,"attributes":{"Date_Installed":null,"LED_Powered":0,"LightID":"L024073","Light_Source":"LED","Light_Type":"Cobra","Lighting_Type":"LED-Powered Lamp","Verification_Date":null},"id":"stl-city-public-streetlights:2:131357","sourceLayerId":2,"sourceObjectId":131357,"sourceURL":"https://maps8.stlouis-mo.gov/arcgis/rest/services/STREETS/Streets_Permitting/MapServer/2","title":"Street light L024073"},"type":"Feature"},{"geometry":{"coordinates":[-90.24762285112811,38.66484651347166],"type":"Point"},"id":"stl-city-public-streetlights:2:131358","properties":{"address":null,"attributes":{"Date_Installed":null,"LED_Powered":0,"LightID":"L024074","Light_Source":"LED","Light_Type":"Cobra","Lighting_Type":"LED-Powered Lamp","Verification_Date":null},"id":"stl-city-public-streetlights:2:131358","sourceLayerId":2,"sourceObjectId":131358,"sourceURL":"https://maps8.stlouis-mo.gov/arcgis/rest/services/STREETS/Streets_Permitting/MapServer/2","title":"Street light L024074"},"type":"Feature"},{"geometry":{"coordinates":[-90.24794721837348,38.6649916590415],"type":"Point"},"id":"stl-city-public-streetlights:2:131359","properties":{"address":null,"attributes":{"Date_Installed":null,"LED_Powered":0,"LightID":"L024075","Light_Source":"LED","Light_Type":"Cobra","Lighting_Type":"LED-Powered Lamp","Verification_Date":null},"id":"stl-city-public-streetlights:2:131359","sourceLayerId":2,"sourceObjectId":131359,"sourceURL":"https://maps8.stlouis-mo.gov/arcgis/rest/services/STREETS/Streets_Permitting/MapServer/2","title":"Street light L024075"},"type":"Feature"},{"geometry":{"coordinates":[-90.248316065223,38.665146194759885],"type":"Point"},"id":"stl-city-public-streetlights:2:131360","properties":{"address":null,"attributes":{"Date_Installed":null,"LED_Powered":0,"LightID":"L024076","Light_Source":"LED","Light_Type":"Cobra","Lighting_Type":"LED-Powered Lamp","Verification_Date":null},"id":"stl-city-public-streetlights:2:131360","sourceLayerId":2,"sourceObjectId":131360,"sourceURL":"https://maps8.stlouis-mo.gov/arcgis/rest/services/STREETS/Streets_Permitting/MapServer/2","title":"Street light L024076"},"type":"Feature"},{"geometry":{"coordinates":[-90.24868411549427,38.66531145444306],"type":"Point"},"id":"stl-city-public-streetlights:2:131361","properties":{"address":null,"attributes":{"Date_Installed":null,"LED_Powered":0,"LightID":"L024077","Light_Source":"LED","Light_Type":"Cobra","Lighting_Type":"LED-Powered Lamp","Verification_Date":null},"id":"stl-city-public-streetlights:2:131361","sourceLayerId":2,"sourceObjectId":131361,"sourceURL":"https://maps8.stlouis-mo.gov/arcgis/rest/services/STREETS/Streets_Permitting/MapServer/2","title":"Street light L024077"},"type":"Feature"},{"geometry":{"coordinates":[-90.24904232924321,38.665464178564875],"type":"Point"},"id":"stl-city-public-streetlights:2:131362","properties":{"address":null,"attributes":{"Date_Installed":null,"LED_Powered":0,"LightID":"L024078","Light_Source":"LED","Light_Type":"Cobra","Lighting_Type":"LED-Powered Lamp","Verification_Date":null},"id":"stl-city-public-streetlights:2:131362","sourceLayerId":2,"sourceObjectId":131362,"sourceURL":"https://maps8.stlouis-mo.gov/arcgis/rest/services/STREETS/Streets_Permitting/MapServer/2","title":"Street light L024078"},"type":"Feature"},{"geometry":{"coordinates":[-90.24940735394308,38.665626449347435],"type":"Point"},"id":"stl-city-public-streetlights:2:131363","properties":{"address":null,"attributes":{"Date_Installed":null,"LED_Powered":0,"LightID":"L024079","Light_Source":"LED","Light_Type":"Cobra","Lighting_Type":"LED-Powered Lamp","Verification_Date":null},"id":"stl-city-public-streetlights:2:131363","sourceLayerId":2,"sourceObjectId":131363,"sourceURL":"https://maps8.stlouis-mo.gov/arcgis/rest/services/STREETS/Streets_Permitting/MapServer/2","title":"Street light L024079"},"type":"Feature"},{"geometry":{"coordinates":[-90.24961865472564,38.66591326714325],"type":"Point"},"id":"stl-city-public-streetlights:2:131364","properties":{"address":null,"attributes":{"Date_Installed":"1/18/2018","LED_Powered":1,"LightID":"L024080","Light_Source":"LED","Light_Type":"Cobra","Lighting_Type":"LED-Powered Lamp","Verification_Date":null},"id":"stl-city-public-streetlights:2:131364","sourceLayerId":2,"sourceObjectId":131364,"sourceURL":"https://maps8.stlouis-mo.gov/arcgis/rest/services/STREETS/Streets_Permitting/MapServer/2","title":"Street light L024080"},"type":"Feature"},{"geometry":{"coordinates":[-90.24997837170841,38.666072641040394],"type":"Point"},"id":"stl-city-public-streetlights:2:131365","properties":{"address":null,"attributes":{"Date_Installed":"1/18/2018","LED_Powered":1,"LightID":"L024081","Light_Source":"LED","Light_Type":"Cobra","Lighting_Type":"LED-Powered Lamp","Verification_Date":null},"id":"stl-city-public-streetlights:2:131365","sourceLayerId":2,"sourceObjectId":131365,"sourceURL":"https://maps8.stlouis-mo.gov/arcgis/rest/services/STREETS/Streets_Permitting/MapServer/2","title":"Street light L024081"},"type":"Feature"},{"geometry":{"coordinates":[-90.24996047503966,38.66489895641914],"type":"Point"},"id":"stl-city-public-streetlights:2:131377","properties":{"address":null,"attributes":{"Date_Installed":null,"LED_Powered":0,"LightID":"L024093","Light_Source":"LED","Light_Type":"Cobra","Lighting_Type":"LED-Powered Lamp","Verification_Date":null},"id":"stl-city-public-streetlights:2:131377","sourceLayerId":2,"sourceObjectId":131377,"sourceURL":"https://maps8.stlouis-mo.gov/arcgis/rest/services/STREETS/Streets_Permitting/MapServer/2","title":"Street light L024093"},"type":"Feature"},{"geometry":{"coordinates":[-90.24956465150453,38.66472076942879],"type":"Point"},"id":"stl-city-public-streetlights:2:131378","properties":{"address":null,"attributes":{"Date_Installed":null,"LED_Powered":1,"LightID":"L024094","Light_Source":"LED","Light_Type":"Cobra","Lighting_Type":"LED-Powered Lamp","Verification_Date":null},"id":"stl-city-public-streetlights:2:131378","sourceLayerId":2,"sourceObjectId":131378,"sourceURL":"https://maps8.stlouis-mo.gov/arcgis/rest/services/STREETS/Streets_Permitting/MapServer/2","title":"Street light L024094"},"type":"Feature"},{"geometry":{"coordinates":[-90.24917608644188,38.66455403880683],"type":"Point"},"id":"stl-city-public-streetlights:2:131379","properties":{"address":null,"attributes":{"Date_Installed":null,"LED_Powered":0,"LightID":"L024095","Light_Source":"LED","Light_Type":"Cobra","Lighting_Type":"LED-Powered Lamp","Verification_Date":null},"id":"stl-city-public-streetlights:2:131379","sourceLayerId":2,"sourceObjectId":131379,"sourceURL":"https://maps8.stlouis-mo.gov/arcgis/rest/services/STREETS/Streets_Permitting/MapServer/2","title":"Street light L024095"},"type":"Feature"},{"geometry":{"coordinates":[-90.24884145929929,38.66440382153718],"type":"Point"},"id":"stl-city-public-streetlights:2:131380","properties":{"address":null,"attributes":{"Date_Installed":null,"LED_Powered":0,"LightID":"L024096","Light_Source":"LED","Light_Type":"Cobra","Lighting_Type":"LED-Powered Lamp","Verification_Date":null},"id":"stl-city-public-streetlights:2:131380","sourceLayerId":2,"sourceObjectId":131380,"sourceURL":"https://maps8.stlouis-mo.gov/arcgis/rest/services/STREETS/Streets_Permitting/MapServer/2","title":"Street light L024096"},"type":"Feature"},{"geometry":{"coordinates":[-90.24847525383709,38.664242570731595],"type":"Point"},"id":"stl-city-public-streetlights:2:131381","properties":{"address":null,"attributes":{"Date_Installed":null,"LED_Powered":0,"LightID":"L024097","Light_Source":"LED","Light_Type":"Cobra","Lighting_Type":"LED-Powered Lamp","Verification_Date":null},"id":"stl-city-public-streetlights:2:131381","sourceLayerId":2,"sourceObjectId":131381,"sourceURL":"https://maps8.stlouis-mo.gov/arcgis/rest/services/STREETS/Streets_Permitting/MapServer/2","title":"Street light L024097"},"type":"Feature"},{"geometry":{"coordinates":[-90.24819937145992,38.66412537195813],"type":"Point"},"id":"stl-city-public-streetlights:2:131382","properties":{"address":null,"attributes":{"Date_Installed":null,"LED_Powered":0,"LightID":"L024098","Light_Source":"LED","Light_Type":"Cobra","Lighting_Type":"LED-Powered Lamp","Verification_Date":null},"id":"stl-city-public-streetlights:2:131382","sourceLayerId":2,"sourceObjectId":131382,"sourceURL":"https://maps8.stlouis-mo.gov/arcgis/rest/services/STREETS/Streets_Permitting/MapServer/2","title":"Street light L024098"},"type":"Feature"},{"geometry":{"coordinates":[-90.24781447153596,38.6639553069127],"type":"Point"},"id":"stl-city-public-streetlights:2:131383","properties":{"address":null,"attributes":{"Date_Installed":null,"LED_Powered":0,"LightID":"L024099","Light_Source":"LED","Light_Type":"Cobra","Lighting_Type":"LED-Powered Lamp","Verification_Date":null},"id":"stl-city-public-streetlights:2:131383","sourceLayerId":2,"sourceObjectId":131383,"sourceURL":"https://maps8.stlouis-mo.gov/arcgis/rest/services/STREETS/Streets_Permitting/MapServer/2","title":"Street light L024099"},"type":"Feature"},{"geometry":{"coordinates":[-90.24743199703356,38.66378810704752],"type":"Point"},"id":"stl-city-public-streetlights:2:131384","properties":{"address":null,"attributes":{"Date_Installed":null,"LED_Powered":0,"LightID":"L024100","Light_Source":"LED","Light_Type":"Cobra","Lighting_Type":"LED-Powered Lamp","Verification_Date":null},"id":"stl-city-public-streetlights:2:131384","sourceLayerId":2,"sourceObjectId":131384,"sourceURL":"https://maps8.stlouis-mo.gov/arcgis/rest/services/STREETS/Streets_Permitting/MapServer/2","title":"Street light L024100"},"type":"Feature"},{"geometry":{"coordinates":[-90.24705510825021,38.6636233008504],"type":"Point"},"id":"stl-city-public-streetlights:2:131385","properties":{"address":null,"attributes":{"Date_Installed":null,"LED_Powered":0,"LightID":"L024101","Light_Source":"LED","Light_Type":"Cobra","Lighting_Type":"LED-Powered Lamp","Verification_Date":null},"id":"stl-city-public-streetlights:2:131385","sourceLayerId":2,"sourceObjectId":131385,"sourceURL":"https://maps8.stlouis-mo.gov/arcgis/rest/services/STREETS/Streets_Permitting/MapServer/2","title":"Street light L024101"},"type":"Feature"},{"geometry":{"coordinates":[-90.24266708894547,38.666547985957905],"type":"Point"},"id":"stl-city-public-streetlights:2:131598","properties":{"address":null,"attributes":{"Date_Installed":"1/18/2018","LED_Powered":1,"LightID":"L024314","Light_Source":"LED","Light_Type":"Cobra","Lighting_Type":"LED-Powered Lamp","Verification_Date":null},"id":"stl-city-public-streetlights:2:131598","sourceLayerId":2,"sourceObjectId":131598,"sourceURL":"https://maps8.stlouis-mo.gov/arcgis/rest/services/STREETS/Streets_Permitting/MapServer/2","title":"Street light L024314"},"type":"Feature"},{"geometry":{"coordinates":[-90.2424514022384,38.6668390250239],"type":"Point"},"id":"stl-city-public-streetlights:2:131599","properties":{"address":null,"attributes":{"Date_Installed":"1/18/2018","LED_Powered":1,"LightID":"L024315","Light_Source":"LED","Light_Type":"Cobra","Lighting_Type":"LED-Powered Lamp","Verification_Date":null},"id":"stl-city-public-streetlights:2:131599","sourceLayerId":2,"sourceObjectId":131599,"sourceURL":"https://maps8.stlouis-mo.gov/arcgis/rest/services/STREETS/Streets_Permitting/MapServer/2","title":"Street light L024315"},"type":"Feature"},{"geometry":{"coordinates":[-90.24224723948943,38.66713766911634],"type":"Point"},"id":"stl-city-public-streetlights:2:131600","properties":{"address":null,"attributes":{"Date_Installed":"1/18/2018","LED_Powered":1,"LightID":"L024316","Light_Source":"LED","Light_Type":"Cobra","Lighting_Type":"LED-Powered Lamp","Verification_Date":null},"id":"stl-city-public-streetlights:2:131600","sourceLayerId":2,"sourceObjectId":131600,"sourceURL":"https://maps8.stlouis-mo.gov/arcgis/rest/services/STREETS/Streets_Permitting/MapServer/2","title":"Street light L024316"},"type":"Feature"},{"geometry":{"coordinates":[-90.24205273275746,38.66741369759487],"type":"Point"},"id":"stl-city-public-streetlights:2:131601","properties":{"address":null,"attributes":{"Date_Installed":"12/8/2018","LED_Powered":1,"LightID":"L024317","Light_Source":"LED","Light_Type":"Cobra","Lighting_Type":"LED-Powered Lamp","Verification_Date":null},"id":"stl-city-public-streetlights:2:131601","sourceLayerId":2,"sourceObjectId":131601,"sourceURL":"https://maps8.stlouis-mo.gov/arcgis/rest/services/STREETS/Streets_Permitting/MapServer/2","title":"Street light L024317"},"type":"Feature"},{"geometry":{"coordinates":[-90.24182587460633,38.6677381606755],"type":"Point"},"id":"stl-city-public-streetlights:2:131602","properties":{"address":null,"attributes":{"Date_Installed":"12/8/2018","LED_Powered":1,"LightID":"L024318","Light_Source":"LED","Light_Type":"Cobra","Lighting_Type":"LED-Powered Lamp","Verification_Date":null},"id":"stl-city-public-streetlights:2:131602","sourceLayerId":2,"sourceObjectId":131602,"sourceURL":"https://maps8.stlouis-mo.gov/arcgis/rest/services/STREETS/Streets_Permitting/MapServer/2","title":"Street light L024318"},"type":"Feature"},{"geometry":{"coordinates":[-90.24162591302213,38.668015214190895],"type":"Point"},"id":"stl-city-public-streetlights:2:131603","properties":{"address":null,"attributes":{"Date_Installed":"12/8/2018","LED_Powered":1,"LightID":"L024319","Light_Source":"LED","Light_Type":"Cobra","Lighting_Type":"LED-Powered Lamp","Verification_Date":null},"id":"stl-city-public-streetlights:2:131603","sourceLayerId":2,"sourceObjectId":131603,"sourceURL":"https://maps8.stlouis-mo.gov/arcgis/rest/services/STREETS/Streets_Permitting/MapServer/2","title":"Street light L024319"},"type":"Feature"},{"geometry":{"coordinates":[-90.24144693331317,38.66826300975181],"type":"Point"},"id":"stl-city-public-streetlights:2:131604","properties":{"address":null,"attributes":{"Date_Installed":"12/8/2018","LED_Powered":1,"LightID":"L024320","Light_Source":"LED","Light_Type":"Cobra","Lighting_Type":"LED-Powered Lamp","Verification_Date":null},"id":"stl-city-public-streetlights:2:131604","sourceLayerId":2,"sourceObjectId":131604,"sourceURL":"https://maps8.stlouis-mo.gov/arcgis/rest/services/STREETS/Streets_Permitting/MapServer/2","title":"Street light L024320"},"type":"Feature"},{"geometry":{"coordinates":[-90.24124217846781,38.668554976944115],"type":"Point"},"id":"stl-city-public-streetlights:2:131605","properties":{"address":null,"attributes":{"Date_Installed":"12/8/2018","LED_Powered":1,"LightID":"L024321","Light_Source":"LED","Light_Type":"Cobra","Lighting_Type":"LED-Powered Lamp","Verification_Date":null},"id":"stl-city-public-streetlights:2:131605","sourceLayerId":2,"sourceObjectId":131605,"sourceURL":"https://maps8.stlouis-mo.gov/arcgis/rest/services/STREETS/Streets_Permitting/MapServer/2","title":"Street light L024321"},"type":"Feature"},{"geometry":{"coordinates":[-90.24106372919388,38.66880247577393],"type":"Point"},"id":"stl-city-public-streetlights:2:131606","properties":{"address":null,"attributes":{"Date_Installed":"12/8/2018","LED_Powered":1,"LightID":"L024322","Light_Source":"LED","Light_Type":"Cobra","Lighting_Type":"LED-Powered Lamp","Verification_Date":null},"id":"stl-city-public-streetlights:2:131606","sourceLayerId":2,"sourceObjectId":131606,"sourceURL":"https://maps8.stlouis-mo.gov/arcgis/rest/services/STREETS/Streets_Permitting/MapServer/2","title":"Street light L024322"},"type":"Feature"},{"geometry":{"coordinates":[-90.24081067069383,38.66916727265718],"type":"Point"},"id":"stl-city-public-streetlights:2:131607","properties":{"address":null,"attributes":{"Date_Installed":"12/8/2018","LED_Powered":1,"LightID":"L024323","Light_Source":"LED","Light_Type":"Cobra","Lighting_Type":"LED-Powered Lamp","Verification_Date":null},"id":"stl-city-public-streetlights:2:131607","sourceLayerId":2,"sourceObjectId":131607,"sourceURL":"https://maps8.stlouis-mo.gov/arcgis/rest/services/STREETS/Streets_Permitting/MapServer/2","title":"Street light L024323"},"type":"Feature"},{"geometry":{"coordinates":[-90.2406021634607,38.669452842189905],"type":"Point"},"id":"stl-city-public-streetlights:2:131608","properties":{"address":null,"attributes":{"Date_Installed":"12/8/2018","LED_Powered":1,"LightID":"L024324","Light_Source":"LED","Light_Type":"Cobra","Lighting_Type":"LED-Powered Lamp","Verification_Date":null},"id":"stl-city-public-streetlights:2:131608","sourceLayerId":2,"sourceObjectId":131608,"sourceURL":"https://maps8.stlouis-mo.gov/arcgis/rest/services/STREETS/Streets_Permitting/MapServer/2","title":"Street light L024324"},"type":"Feature"},{"geometry":{"coordinates":[-90.24038015938491,38.669770797905166],"type":"Point"},"id":"stl-city-public-streetlights:2:131609","properties":{"address":null,"attributes":{"Date_Installed":"12/8/2018","LED_Powered":1,"LightID":"L024325","Light_Source":"LED","Light_Type":"Cobra","Lighting_Type":"LED-Powered Lamp","Verification_Date":null},"id":"stl-city-public-streetlights:2:131609","sourceLayerId":2,"sourceObjectId":131609,"sourceURL":"https://maps8.stlouis-mo.gov/arcgis/rest/services/STREETS/Streets_Permitting/MapServer/2","title":"Street light L024325"},"type":"Feature"},{"geometry":{"coordinates":[-90.24425734921726,38.669855012941234],"type":"Point"},"id":"stl-city-public-streetlights:2:131622","properties":{"address":null,"attributes":{"Date_Installed":"12/8/2018","LED_Powered":1,"LightID":"L024338","Light_Source":"LED","Light_Type":"Cobra","Lighting_Type":"LED-Powered Lamp","Verification_Date":null},"id":"stl-city-public-streetlights:2:131622","sourceLayerId":2,"sourceObjectId":131622,"sourceURL":"https://maps8.stlouis-mo.gov/arcgis/rest/services/STREETS/Streets_Permitting/MapServer/2","title":"Street light L024338"},"type":"Feature"},{"geometry":{"coordinates":[-90.24447004546631,38.66955037702266],"type":"Point"},"id":"stl-city-public-streetlights:2:131623","properties":{"address":null,"attributes":{"Date_Installed":"12/8/2018","LED_Powered":1,"LightID":"L024339","Light_Source":"LED","Light_Type":"Cobra","Lighting_Type":"LED-Powered Lamp","Verification_Date":null},"id":"stl-city-public-streetlights:2:131623","sourceLayerId":2,"sourceObjectId":131623,"sourceURL":"https://maps8.stlouis-mo.gov/arcgis/rest/services/STREETS/Streets_Permitting/MapServer/2","title":"Street light L024339"},"type":"Feature"},{"geometry":{"coordinates":[-90.24467776529912,38.66927681305973],"type":"Point"},"id":"stl-city-public-streetlights:2:131624","properties":{"address":null,"attributes":{"Date_Installed":"12/8/2018","LED_Powered":1,"LightID":"L024340","Light_Source":"LED","Light_Type":"Cobra","Lighting_Type":"LED-Powered Lamp","Verification_Date":null},"id":"stl-city-public-streetlights:2:131624","sourceLayerId":2,"sourceObjectId":131624,"sourceURL":"https://maps8.stlouis-mo.gov/arcgis/rest/services/STREETS/Streets_Permitting/MapServer/2","title":"Street light L024340"},"type":"Feature"},{"geometry":{"coordinates":[-90.2449002214178,38.668962663565694],"type":"Point"},"id":"stl-city-public-streetlights:2:131625","properties":{"address":null,"attributes":{"Date_Installed":"12/8/2018","LED_Powered":1,"LightID":"L024341","Light_Source":"LED","Light_Type":"Cobra","Lighting_Type":"LED-Powered Lamp","Verification_Date":null},"id":"stl-city-public-streetlights:2:131625","sourceLayerId":2,"sourceObjectId":131625,"sourceURL":"https://maps8.stlouis-mo.gov/arcgis/rest/services/STREETS/Streets_Permitting/MapServer/2","title":"Street light L024341"},"type":"Feature"},{"geometry":{"coordinates":[-90.24510482715371,38.66866611405443],"type":"Point"},"id":"stl-city-public-streetlights:2:131626","properties":{"address":null,"attributes":{"Date_Installed":"12/8/2018","LED_Powered":1,"LightID":"L024342","Light_Source":"LED","Light_Type":"Cobra","Lighting_Type":"LED-Powered Lamp","Verification_Date":null},"id":"stl-city-public-streetlights:2:131626","sourceLayerId":2,"sourceObjectId":131626,"sourceURL":"https://maps8.stlouis-mo.gov/arcgis/rest/services/STREETS/Streets_Permitting/MapServer/2","title":"Street light L024342"},"type":"Feature"},{"geometry":{"coordinates":[-90.24781300705902,38.66985505230998],"type":"Point"},"id":"stl-city-public-streetlights:2:131671","properties":{"address":null,"attributes":{"Date_Installed":null,"LED_Powered":0,"LightID":"L024387","Light_Source":"LED","Light_Type":"Cobra","Lighting_Type":"LED-Powered Lamp","Verification_Date":null},"id":"stl-city-public-streetlights:2:131671","sourceLayerId":2,"sourceObjectId":131671,"sourceURL":"https://maps8.stlouis-mo.gov/arcgis/rest/services/STREETS/Streets_Permitting/MapServer/2","title":"Street light L024387"},"type":"Feature"},{"geometry":{"coordinates":[-90.2474411145128,38.66969574014277],"type":"Point"},"id":"stl-city-public-streetlights:2:131672","properties":{"address":null,"attributes":{"Date_Installed":null,"LED_Powered":0,"LightID":"L024388","Light_Source":"LED","Light_Type":"Cobra","Lighting_Type":"LED-Powered Lamp","Verification_Date":null},"id":"stl-city-public-streetlights:2:131672","sourceLayerId":2,"sourceObjectId":131672,"sourceURL":"https://maps8.stlouis-mo.gov/arcgis/rest/services/STREETS/Streets_Permitting/MapServer/2","title":"Street light L024388"},"type":"Feature"},{"geometry":{"coordinates":[-90.24706007216783,38.66952329823209],"type":"Point"},"id":"stl-city-public-streetlights:2:131673","properties":{"address":null,"attributes":{"Date_Installed":null,"LED_Powered":0,"LightID":"L024389","Light_Source":"LED","Light_Type":"Cobra","Lighting_Type":"LED-Powered Lamp","Verification_Date":null},"id":"stl-city-public-streetlights:2:131673","sourceLayerId":2,"sourceObjectId":131673,"sourceURL":"https://maps8.stlouis-mo.gov/arcgis/rest/services/STREETS/Streets_Permitting/MapServer/2","title":"Street light L024389"},"type":"Feature"},{"geometry":{"coordinates":[-90.24964174782407,38.66945090718718],"type":"Point"},"id":"stl-city-public-streetlights:2:131688","properties":{"address":null,"attributes":{"Date_Installed":null,"LED_Powered":1,"LightID":"L024404","Light_Source":"LED","Light_Type":"Cobra","Lighting_Type":"LED-Powered Lamp","Verification_Date":null},"id":"stl-city-public-streetlights:2:131688","sourceLayerId":2,"sourceObjectId":131688,"sourceURL":"https://maps8.stlouis-mo.gov/arcgis/rest/services/STREETS/Streets_Permitting/MapServer/2","title":"Street light L024404"},"type":"Feature"},{"geometry":{"coordinates":[-90.24926775794921,38.669282181179035],"type":"Point"},"id":"stl-city-public-streetlights:2:131689","properties":{"address":null,"attributes":{"Date_Installed":null,"LED_Powered":1,"LightID":"L024405","Light_Source":"LED","Light_Type":"Cobra","Lighting_Type":"LED-Powered Lamp","Verification_Date":null},"id":"stl-city-public-streetlights:2:131689","sourceLayerId":2,"sourceObjectId":131689,"sourceURL":"https://maps8.stlouis-mo.gov/arcgis/rest/services/STREETS/Streets_Permitting/MapServer/2","title":"Street light L024405"},"type":"Feature"},{"geometry":{"coordinates":[-90.24890830948581,38.66912897950592],"type":"Point"},"id":"stl-city-public-streetlights:2:131690","properties":{"address":null,"attributes":{"Date_Installed":null,"LED_Powered":1,"LightID":"L024406","Light_Source":"LED","Light_Type":"Cobra","Lighting_Type":"LED-Powered Lamp","Verification_Date":null},"id":"stl-city-public-streetlights:2:131690","sourceLayerId":2,"sourceObjectId":131690,"sourceURL":"https://maps8.stlouis-mo.gov/arcgis/rest/services/STREETS/Streets_Permitting/MapServer/2","title":"Street light L024406"},"type":"Feature"},{"geometry":{"coordinates":[-90.24851661652875,38.668946031358495],"type":"Point"},"id":"stl-city-public-streetlights:2:131691","properties":{"address":null,"attributes":{"Date_Installed":null,"LED_Powered":1,"LightID":"L024407","Light_Source":"LED","Light_Type":"Cobra","Lighting_Type":"LED-Powered Lamp","Verification_Date":null},"id":"stl-city-public-streetlights:2:131691","sourceLayerId":2,"sourceObjectId":131691,"sourceURL":"https://maps8.stlouis-mo.gov/arcgis/rest/services/STREETS/Streets_Permitting/MapServer/2","title":"Street light L024407"},"type":"Feature"},{"geometry":{"coordinates":[-90.2481223233303,38.66877671028698],"type":"Point"},"id":"stl-city-public-streetlights:2:131692","properties":{"address":null,"attributes":{"Date_Installed":null,"LED_Powered":1,"LightID":"L024408","Light_Source":"LED","Light_Type":"Cobra","Lighting_Type":"LED-Powered Lamp","Verification_Date":null},"id":"stl-city-public-streetlights:2:131692","sourceLayerId":2,"sourceObjectId":131692,"sourceURL":"https://maps8.stlouis-mo.gov/arcgis/rest/services/STREETS/Streets_Permitting/MapServer/2","title":"Street light L024408"},"type":"Feature"},{"geometry":{"coordinates":[-90.24771348096634,38.66859553419212],"type":"Point"},"id":"stl-city-public-streetlights:2:131693","properties":{"address":null,"attributes":{"Date_Installed":null,"LED_Powered":1,"LightID":"L024409","Light_Source":"LED","Light_Type":"Cobra","Lighting_Type":"LED-Powered Lamp","Verification_Date":null},"id":"stl-city-public-streetlights:2:131693","sourceLayerId":2,"sourceObjectId":131693,"sourceURL":"https://maps8.stlouis-mo.gov/arcgis/rest/services/STREETS/Streets_Permitting/MapServer/2","title":"Street light L024409"},"type":"Feature"},{"geometry":{"coordinates":[-90.24516649258379,38.66202803119612],"type":"Point"},"id":"stl-city-public-streetlights:2:131801","properties":{"address":null,"attributes":{"Date_Installed":null,"LED_Powered":0,"LightID":"L024517","Light_Source":"LED","Light_Type":"Cobra","Lighting_Type":"LED-Powered Lamp","Verification_Date":null},"id":"stl-city-public-streetlights:2:131801","sourceLayerId":2,"sourceObjectId":131801,"sourceURL":"https://maps8.stlouis-mo.gov/arcgis/rest/services/STREETS/Streets_Permitting/MapServer/2","title":"Street light L024517"},"type":"Feature"},{"geometry":{"coordinates":[-90.24487597236758,38.66242433898543],"type":"Point"},"id":"stl-city-public-streetlights:2:131802","properties":{"address":null,"attributes":{"Date_Installed":null,"LED_Powered":0,"LightID":"L024518","Light_Source":"LED","Light_Type":"Cobra","Lighting_Type":"LED-Powered Lamp","Verification_Date":null},"id":"stl-city-public-streetlights:2:131802","sourceLayerId":2,"sourceObjectId":131802,"sourceURL":"https://maps8.stlouis-mo.gov/arcgis/rest/services/STREETS/Streets_Permitting/MapServer/2","title":"Street light L024518"},"type":"Feature"},{"geometry":{"coordinates":[-90.24457933604495,38.66284751959936],"type":"Point"},"id":"stl-city-public-streetlights:2:131803","properties":{"address":null,"attributes":{"Date_Installed":null,"LED_Powered":1,"LightID":"L024519","Light_Source":"LED","Light_Type":"Cobra","Lighting_Type":"LED-Powered Lamp","Verification_Date":null},"id":"stl-city-public-streetlights:2:131803","sourceLayerId":2,"sourceObjectId":131803,"sourceURL":"https://maps8.stlouis-mo.gov/arcgis/rest/services/STREETS/Streets_Permitting/MapServer/2","title":"Street light L024519"},"type":"Feature"},{"geometry":{"coordinates":[-90.24428603606597,38.66325433042179],"type":"Point"},"id":"stl-city-public-streetlights:2:131804","properties":{"address":null,"attributes":{"Date_Installed":null,"LED_Powered":0,"LightID":"L024520","Light_Source":"LED","Light_Type":"Cobra","Lighting_Type":"LED-Powered Lamp","Verification_Date":null},"id":"stl-city-public-streetlights:2:131804","sourceLayerId":2,"sourceObjectId":131804,"sourceURL":"https://maps8.stlouis-mo.gov/arcgis/rest/services/STREETS/Streets_Permitting/MapServer/2","title":"Street light L024520"},"type":"Feature"},{"geometry":{"coordinates":[-90.24401283336594,38.663651317061195],"type":"Point"},"id":"stl-city-public-streetlights:2:131805","properties":{"address":null,"attributes":{"Date_Installed":null,"LED_Powered":0,"LightID":"L024521","Light_Source":"LED","Light_Type":"Cobra","Lighting_Type":"LED-Powered Lamp","Verification_Date":null},"id":"stl-city-public-streetlights:2:131805","sourceLayerId":2,"sourceObjectId":131805,"sourceURL":"https://maps8.stlouis-mo.gov/arcgis/rest/services/STREETS/Streets_Permitting/MapServer/2","title":"Street light L024521"},"type":"Feature"},{"geometry":{"coordinates":[-90.24372248926873,38.664045833987274],"type":"Point"},"id":"stl-city-public-streetlights:2:131806","properties":{"address":null,"attributes":{"Date_Installed":null,"LED_Powered":0,"LightID":"L024522","Light_Source":"LED","Light_Type":"Cobra","Lighting_Type":"LED-Powered Lamp","Verification_Date":null},"id":"stl-city-public-streetlights:2:131806","sourceLayerId":2,"sourceObjectId":131806,"sourceURL":"https://maps8.stlouis-mo.gov/arcgis/rest/services/STREETS/Streets_Permitting/MapServer/2","title":"Street light L024522"},"type":"Feature"},{"geometry":{"coordinates":[-90.24347528728948,38.6643969680551],"type":"Point"},"id":"stl-city-public-streetlights:2:131807","properties":{"address":null,"attributes":{"Date_Installed":null,"LED_Powered":0,"LightID":"L024523","Light_Source":"LED","Light_Type":"Cobra","Lighting_Type":"LED-Powered Lamp","Verification_Date":null},"id":"stl-city-public-streetlights:2:131807","sourceLayerId":2,"sourceObjectId":131807,"sourceURL":"https://maps8.stlouis-mo.gov/arcgis/rest/services/STREETS/Streets_Permitting/MapServer/2","title":"Street light L024523"},"type":"Feature"},{"geometry":{"coordinates":[-90.2432219252725,38.664768968773885],"type":"Point"},"id":"stl-city-public-streetlights:2:131808","properties":{"address":null,"attributes":{"Date_Installed":null,"LED_Powered":0,"LightID":"L024524","Light_Source":"LED","Light_Type":"Cobra","Lighting_Type":"LED-Powered Lamp","Verification_Date":null},"id":"stl-city-public-streetlights:2:131808","sourceLayerId":2,"sourceObjectId":131808,"sourceURL":"https://maps8.stlouis-mo.gov/arcgis/rest/services/STREETS/Streets_Permitting/MapServer/2","title":"Street light L024524"},"type":"Feature"},{"geometry":{"coordinates":[-90.24296058749452,38.66511777071184],"type":"Point"},"id":"stl-city-public-streetlights:2:131809","properties":{"address":null,"attributes":{"Date_Installed":null,"LED_Powered":0,"LightID":"L024525","Light_Source":"LED","Light_Type":"Cobra","Lighting_Type":"LED-Powered Lamp","Verification_Date":null},"id":"stl-city-public-streetlights:2:131809","sourceLayerId":2,"sourceObjectId":131809,"sourceURL":"https://maps8.stlouis-mo.gov/arcgis/rest/services/STREETS/Streets_Permitting/MapServer/2","title":"Street light L024525"},"type":"Feature"},{"geometry":{"coordinates":[-90.24331037043234,38.66564470535409],"type":"Point"},"id":"stl-city-public-streetlights:2:131810","properties":{"address":null,"attributes":{"Date_Installed":"12/8/2018","LED_Powered":1,"LightID":"L024526","Light_Source":"LED","Light_Type":"Cobra","Lighting_Type":"LED-Powered Lamp","Verification_Date":null},"id":"stl-city-public-streetlights:2:131810","sourceLayerId":2,"sourceObjectId":131810,"sourceURL":"https://maps8.stlouis-mo.gov/arcgis/rest/services/STREETS/Streets_Permitting/MapServer/2","title":"Street light L024526"},"type":"Feature"},{"geometry":{"coordinates":[-90.24309610659638,38.66594325766069],"type":"Point"},"id":"stl-city-public-streetlights:2:131811","properties":{"address":null,"attributes":{"Date_Installed":"12/8/2018","LED_Powered":1,"LightID":"L024527","Light_Source":"LED","Light_Type":"Cobra","Lighting_Type":"LED-Powered Lamp","Verification_Date":null},"id":"stl-city-public-streetlights:2:131811","sourceLayerId":2,"sourceObjectId":131811,"sourceURL":"https://maps8.stlouis-mo.gov/arcgis/rest/services/STREETS/Streets_Permitting/MapServer/2","title":"Street light L024527"},"type":"Feature"},{"geometry":{"coordinates":[-90.24289443489744,38.66622670056502],"type":"Point"},"id":"stl-city-public-streetlights:2:131812","properties":{"address":null,"attributes":{"Date_Installed":"12/8/2018","LED_Powered":1,"LightID":"L024528","Light_Source":"LED","Light_Type":"Cobra","Lighting_Type":"LED-Powered Lamp","Verification_Date":null},"id":"stl-city-public-streetlights:2:131812","sourceLayerId":2,"sourceObjectId":131812,"sourceURL":"https://maps8.stlouis-mo.gov/arcgis/rest/services/STREETS/Streets_Permitting/MapServer/2","title":"Street light L024528"},"type":"Feature"},{"geometry":{"coordinates":[-90.24993439765977,38.661836058848664],"type":"Point"},"id":"stl-city-public-streetlights:2:131823","properties":{"address":null,"attributes":{"Date_Installed":"1/18/2018","LED_Powered":1,"LightID":"L024539","Light_Source":"LED","Light_Type":"Cobra","Lighting_Type":"LED-Powered Lamp","Verification_Date":null},"id":"stl-city-public-streetlights:2:131823","sourceLayerId":2,"sourceObjectId":131823,"sourceURL":"https://maps8.stlouis-mo.gov/arcgis/rest/services/STREETS/Streets_Permitting/MapServer/2","title":"Street light L024539"},"type":"Feature"},{"geometry":{"coordinates":[-90.2497173772681,38.662138550901034],"type":"Point"},"id":"stl-city-public-streetlights:2:131824","properties":{"address":null,"attributes":{"Date_Installed":"1/18/2018","LED_Powered":1,"LightID":"L024540","Light_Source":"LED","Light_Type":"Cobra","Lighting_Type":"LED-Powered Lamp","Verification_Date":null},"id":"stl-city-public-streetlights:2:131824","sourceLayerId":2,"sourceObjectId":131824,"sourceURL":"https://maps8.stlouis-mo.gov/arcgis/rest/services/STREETS/Streets_Permitting/MapServer/2","title":"Street light L024540"},"type":"Feature"},{"geometry":{"coordinates":[-90.24949975263988,38.66244509252222],"type":"Point"},"id":"stl-city-public-streetlights:2:131825","properties":{"address":null,"attributes":{"Date_Installed":"1/18/2018","LED_Powered":1,"LightID":"L024541","Light_Source":"LED","Light_Type":"Cobra","Lighting_Type":"LED-Powered Lamp","Verification_Date":null},"id":"stl-city-public-streetlights:2:131825","sourceLayerId":2,"sourceObjectId":131825,"sourceURL":"https://maps8.stlouis-mo.gov/arcgis/rest/services/STREETS/Streets_Permitting/MapServer/2","title":"Street light L024541"},"type":"Feature"},{"geometry":{"coordinates":[-90.24937774380768,38.66270662947493],"type":"Point"},"id":"stl-city-public-streetlights:2:131826","properties":{"address":null,"attributes":{"Date_Installed":null,"LED_Powered":0,"LightID":"L024542","Light_Source":"LED","Light_Type":"Cobra","Lighting_Type":"LED-Powered Lamp","Verification_Date":null},"id":"stl-city-public-streetlights:2:131826","sourceLayerId":2,"sourceObjectId":131826,"sourceURL":"https://maps8.stlouis-mo.gov/arcgis/rest/services/STREETS/Streets_Permitting/MapServer/2","title":"Street light L024542"},"type":"Feature"},{"geometry":{"coordinates":[-90.24916999459234,38.66299889004714],"type":"Point"},"id":"stl-city-public-streetlights:2:131827","properties":{"address":null,"attributes":{"Date_Installed":null,"LED_Powered":0,"LightID":"L024543","Light_Source":"LED","Light_Type":"Cobra","Lighting_Type":"LED-Powered Lamp","Verification_Date":null},"id":"stl-city-public-streetlights:2:131827","sourceLayerId":2,"sourceObjectId":131827,"sourceURL":"https://maps8.stlouis-mo.gov/arcgis/rest/services/STREETS/Streets_Permitting/MapServer/2","title":"Street light L024543"},"type":"Feature"},{"geometry":{"coordinates":[-90.24894974643009,38.66330113495063],"type":"Point"},"id":"stl-city-public-streetlights:2:131828","properties":{"address":null,"attributes":{"Date_Installed":null,"LED_Powered":0,"LightID":"L024544","Light_Source":"LED","Light_Type":"Cobra","Lighting_Type":"LED-Powered Lamp","Verification_Date":null},"id":"stl-city-public-streetlights:2:131828","sourceLayerId":2,"sourceObjectId":131828,"sourceURL":"https://maps8.stlouis-mo.gov/arcgis/rest/services/STREETS/Streets_Permitting/MapServer/2","title":"Street light L024544"},"type":"Feature"},{"geometry":{"coordinates":[-90.24876950502981,38.66355066805352],"type":"Point"},"id":"stl-city-public-streetlights:2:131829","properties":{"address":null,"attributes":{"Date_Installed":null,"LED_Powered":0,"LightID":"L024545","Light_Source":"LED","Light_Type":"Cobra","Lighting_Type":"LED-Powered Lamp","Verification_Date":null},"id":"stl-city-public-streetlights:2:131829","sourceLayerId":2,"sourceObjectId":131829,"sourceURL":"https://maps8.stlouis-mo.gov/arcgis/rest/services/STREETS/Streets_Permitting/MapServer/2","title":"Street light L024545"},"type":"Feature"},{"geometry":{"coordinates":[-90.2485846684345,38.66381008271315],"type":"Point"},"id":"stl-city-public-streetlights:2:131830","properties":{"address":null,"attributes":{"Date_Installed":null,"LED_Powered":1,"LightID":"L024546","Light_Source":"LED","Light_Type":"Cobra","Lighting_Type":"LED-Powered Lamp","Verification_Date":null},"id":"stl-city-public-streetlights:2:131830","sourceLayerId":2,"sourceObjectId":131830,"sourceURL":"https://maps8.stlouis-mo.gov/arcgis/rest/services/STREETS/Streets_Permitting/MapServer/2","title":"Street light L024546"},"type":"Feature"},{"geometry":{"coordinates":[-90.24838843477971,38.66406804284706],"type":"Point"},"id":"stl-city-public-streetlights:2:131831","properties":{"address":null,"attributes":{"Date_Installed":null,"LED_Powered":0,"LightID":"L024547","Light_Source":"LED","Light_Type":"Cobra","Lighting_Type":"LED-Powered Lamp","Verification_Date":null},"id":"stl-city-public-streetlights:2:131831","sourceLayerId":2,"sourceObjectId":131831,"sourceURL":"https://maps8.stlouis-mo.gov/arcgis/rest/services/STREETS/Streets_Permitting/MapServer/2","title":"Street light L024547"},"type":"Feature"},{"geometry":{"coordinates":[-90.24820051755015,38.664338177089995],"type":"Point"},"id":"stl-city-public-streetlights:2:131832","properties":{"address":null,"attributes":{"Date_Installed":null,"LED_Powered":0,"LightID":"L024548","Light_Source":"LED","Light_Type":"Cobra","Lighting_Type":"LED-Powered Lamp","Verification_Date":null},"id":"stl-city-public-streetlights:2:131832","sourceLayerId":2,"sourceObjectId":131832,"sourceURL":"https://maps8.stlouis-mo.gov/arcgis/rest/services/STREETS/Streets_Permitting/MapServer/2","title":"Street light L024548"},"type":"Feature"},{"geometry":{"coordinates":[-90.24801262522038,38.66460080219043],"type":"Point"},"id":"stl-city-public-streetlights:2:131833","properties":{"address":null,"attributes":{"Date_Installed":null,"LED_Powered":0,"LightID":"L024549","Light_Source":"LED","Light_Type":"Cobra","Lighting_Type":"LED-Powered Lamp","Verification_Date":null},"id":"stl-city-public-streetlights:2:131833","sourceLayerId":2,"sourceObjectId":131833,"sourceURL":"https://maps8.stlouis-mo.gov/arcgis/rest/services/STREETS/Streets_Permitting/MapServer/2","title":"Street light L024549"},"type":"Feature"},{"geometry":{"coordinates":[-90.24782576580888,38.66487223175349],"type":"Point"},"id":"stl-city-public-streetlights:2:131834","properties":{"address":null,"attributes":{"Date_Installed":null,"LED_Powered":0,"LightID":"L024550","Light_Source":"LED","Light_Type":"Cobra","Lighting_Type":"LED-Powered Lamp","Verification_Date":null},"id":"stl-city-public-streetlights:2:131834","sourceLayerId":2,"sourceObjectId":131834,"sourceURL":"https://maps8.stlouis-mo.gov/arcgis/rest/services/STREETS/Streets_Permitting/MapServer/2","title":"Street light L024550"},"type":"Feature"},{"geometry":{"coordinates":[-90.24724920162805,38.6649114064505],"type":"Point"},"id":"stl-city-public-streetlights:2:131835","properties":{"address":null,"attributes":{"Date_Installed":null,"LED_Powered":0,"LightID":"L024551","Light_Source":"LED","Light_Type":"Cobra","Lighting_Type":"LED-Powered Lamp","Verification_Date":null},"id":"stl-city-public-streetlights:2:131835","sourceLayerId":2,"sourceObjectId":131835,"sourceURL":"https://maps8.stlouis-mo.gov/arcgis/rest/services/STREETS/Streets_Permitting/MapServer/2","title":"Street light L024551"},"type":"Feature"},{"geometry":{"coordinates":[-90.24699856820632,38.665258511756186],"type":"Point"},"id":"stl-city-public-streetlights:2:131836","properties":{"address":null,"attributes":{"Date_Installed":null,"LED_Powered":0,"LightID":"L024552","Light_Source":"LED","Light_Type":"Cobra","Lighting_Type":"LED-Powered Lamp","Verification_Date":null},"id":"stl-city-public-streetlights:2:131836","sourceLayerId":2,"sourceObjectId":131836,"sourceURL":"https://maps8.stlouis-mo.gov/arcgis/rest/services/STREETS/Streets_Permitting/MapServer/2","title":"Street light L024552"},"type":"Feature"},{"geometry":{"coordinates":[-90.24676943991577,38.66557384289222],"type":"Point"},"id":"stl-city-public-streetlights:2:131837","properties":{"address":null,"attributes":{"Date_Installed":null,"LED_Powered":0,"LightID":"L024553","Light_Source":"LED","Light_Type":"Cobra","Lighting_Type":"LED-Powered Lamp","Verification_Date":null},"id":"stl-city-public-streetlights:2:131837","sourceLayerId":2,"sourceObjectId":131837,"sourceURL":"https://maps8.stlouis-mo.gov/arcgis/rest/services/STREETS/Streets_Permitting/MapServer/2","title":"Street light L024553"},"type":"Feature"},{"geometry":{"coordinates":[-90.24702102770597,38.66600736804517],"type":"Point"},"id":"stl-city-public-streetlights:2:131848","properties":{"address":null,"attributes":{"Date_Installed":null,"LED_Powered":0,"LightID":"L024564","Light_Source":"LED","Light_Type":"Cobra","Lighting_Type":"LED-Powered Lamp","Verification_Date":null},"id":"stl-city-public-streetlights:2:131848","sourceLayerId":2,"sourceObjectId":131848,"sourceURL":"https://maps8.stlouis-mo.gov/arcgis/rest/services/STREETS/Streets_Permitting/MapServer/2","title":"Street light L024564"},"type":"Feature"},{"geometry":{"coordinates":[-90.24681149752888,38.66629676007778],"type":"Point"},"id":"stl-city-public-streetlights:2:131849","properties":{"address":null,"attributes":{"Date_Installed":null,"LED_Powered":0,"LightID":"L024565","Light_Source":"LED","Light_Type":"Cobra","Lighting_Type":"LED-Powered Lamp","Verification_Date":null},"id":"stl-city-public-streetlights:2:131849","sourceLayerId":2,"sourceObjectId":131849,"sourceURL":"https://maps8.stlouis-mo.gov/arcgis/rest/services/STREETS/Streets_Permitting/MapServer/2","title":"Street light L024565"},"type":"Feature"},{"geometry":{"coordinates":[-90.24661979299958,38.66655961332296],"type":"Point"},"id":"stl-city-public-streetlights:2:131850","properties":{"address":null,"attributes":{"Date_Installed":null,"LED_Powered":0,"LightID":"L024566","Light_Source":"LED","Light_Type":"Cobra","Lighting_Type":"LED-Powered Lamp","Verification_Date":null},"id":"stl-city-public-streetlights:2:131850","sourceLayerId":2,"sourceObjectId":131850,"sourceURL":"https://maps8.stlouis-mo.gov/arcgis/rest/services/STREETS/Streets_Permitting/MapServer/2","title":"Street light L024566"},"type":"Feature"},{"geometry":{"coordinates":[-90.24638577651884,38.6668885904584],"type":"Point"},"id":"stl-city-public-streetlights:2:131851","properties":{"address":null,"attributes":{"Date_Installed":"12/8/2018","LED_Powered":1,"LightID":"L024567","Light_Source":"LED","Light_Type":"Cobra","Lighting_Type":"LED-Powered Lamp","Verification_Date":null},"id":"stl-city-public-streetlights:2:131851","sourceLayerId":2,"sourceObjectId":131851,"sourceURL":"https://maps8.stlouis-mo.gov/arcgis/rest/services/STREETS/Streets_Permitting/MapServer/2","title":"Street light L024567"},"type":"Feature"},{"geometry":{"coordinates":[-90.24617496198225,38.66718131539403],"type":"Point"},"id":"stl-city-public-streetlights:2:131852","properties":{"address":null,"attributes":{"Date_Installed":"12/8/2018","LED_Powered":1,"LightID":"L024568","Light_Source":"LED","Light_Type":"Cobra","Lighting_Type":"LED-Powered Lamp","Verification_Date":null},"id":"stl-city-public-streetlights:2:131852","sourceLayerId":2,"sourceObjectId":131852,"sourceURL":"https://maps8.stlouis-mo.gov/arcgis/rest/services/STREETS/Streets_Permitting/MapServer/2","title":"Street light L024568"},"type":"Feature"},{"geometry":{"coordinates":[-90.24595985075415,38.66748499527181],"type":"Point"},"id":"stl-city-public-streetlights:2:131853","properties":{"address":null,"attributes":{"Date_Installed":"12/8/2018","LED_Powered":1,"LightID":"L024569","Light_Source":"LED","Light_Type":"Cobra","Lighting_Type":"LED-Powered Lamp","Verification_Date":null},"id":"stl-city-public-streetlights:2:131853","sourceLayerId":2,"sourceObjectId":131853,"sourceURL":"https://maps8.stlouis-mo.gov/arcgis/rest/services/STREETS/Streets_Permitting/MapServer/2","title":"Street light L024569"},"type":"Feature"},{"geometry":{"coordinates":[-90.24574599674239,38.667776759662466],"type":"Point"},"id":"stl-city-public-streetlights:2:131854","properties":{"address":null,"attributes":{"Date_Installed":"12/8/2018","LED_Powered":1,"LightID":"L024570","Light_Source":"LED","Light_Type":"Cobra","Lighting_Type":"LED-Powered Lamp","Verification_Date":null},"id":"stl-city-public-streetlights:2:131854","sourceLayerId":2,"sourceObjectId":131854,"sourceURL":"https://maps8.stlouis-mo.gov/arcgis/rest/services/STREETS/Streets_Permitting/MapServer/2","title":"Street light L024570"},"type":"Feature"},{"geometry":{"coordinates":[-90.2455259963777,38.66808614869808],"type":"Point"},"id":"stl-city-public-streetlights:2:131855","properties":{"address":null,"attributes":{"Date_Installed":"12/8/2018","LED_Powered":1,"LightID":"L024571","Light_Source":"LED","Light_Type":"Cobra","Lighting_Type":"LED-Powered Lamp","Verification_Date":null},"id":"stl-city-public-streetlights:2:131855","sourceLayerId":2,"sourceObjectId":131855,"sourceURL":"https://maps8.stlouis-mo.gov/arcgis/rest/services/STREETS/Streets_Permitting/MapServer/2","title":"Street light L024571"},"type":"Feature"},{"geometry":{"coordinates":[-90.24531212583733,38.66838124910243],"type":"Point"},"id":"stl-city-public-streetlights:2:131856","properties":{"address":null,"attributes":{"Date_Installed":"12/8/2018","LED_Powered":1,"LightID":"L024572","Light_Source":"LED","Light_Type":"Cobra","Lighting_Type":"LED-Powered Lamp","Verification_Date":null},"id":"stl-city-public-streetlights:2:131856","sourceLayerId":2,"sourceObjectId":131856,"sourceURL":"https://maps8.stlouis-mo.gov/arcgis/rest/services/STREETS/Streets_Permitting/MapServer/2","title":"Street light L024572"},"type":"Feature"},{"geometry":{"coordinates":[-90.24774630598544,38.66835467865703],"type":"Point"},"id":"stl-city-public-streetlights:2:131857","properties":{"address":null,"attributes":{"Date_Installed":null,"LED_Powered":0,"LightID":"L024573","Light_Source":"LED","Light_Type":"Cobra","Lighting_Type":"LED-Powered Lamp","Verification_Date":null},"id":"stl-city-public-streetlights:2:131857","sourceLayerId":2,"sourceObjectId":131857,"sourceURL":"https://maps8.stlouis-mo.gov/arcgis/rest/services/STREETS/Streets_Permitting/MapServer/2","title":"Street light L024573"},"type":"Feature"},{"geometry":{"coordinates":[-90.24798569608117,38.668018631304705],"type":"Point"},"id":"stl-city-public-streetlights:2:131858","properties":{"address":null,"attributes":{"Date_Installed":null,"LED_Powered":0,"LightID":"L024574","Light_Source":"LED","Light_Type":"Cobra","Lighting_Type":"LED-Powered Lamp","Verification_Date":null},"id":"stl-city-public-streetlights:2:131858","sourceLayerId":2,"sourceObjectId":131858,"sourceURL":"https://maps8.stlouis-mo.gov/arcgis/rest/services/STREETS/Streets_Permitting/MapServer/2","title":"Street light L024574"},"type":"Feature"},{"geometry":{"coordinates":[-90.24822348929017,38.66770415079233],"type":"Point"},"id":"stl-city-public-streetlights:2:131859","properties":{"address":null,"attributes":{"Date_Installed":null,"LED_Powered":0,"LightID":"L024575","Light_Source":"LED","Light_Type":"Cobra","Lighting_Type":"LED-Powered Lamp","Verification_Date":null},"id":"stl-city-public-streetlights:2:131859","sourceLayerId":2,"sourceObjectId":131859,"sourceURL":"https://maps8.stlouis-mo.gov/arcgis/rest/services/STREETS/Streets_Permitting/MapServer/2","title":"Street light L024575"},"type":"Feature"},{"geometry":{"coordinates":[-90.2485083528367,38.66729154299488],"type":"Point"},"id":"stl-city-public-streetlights:2:131860","properties":{"address":null,"attributes":{"Date_Installed":null,"LED_Powered":0,"LightID":"L024576","Light_Source":"LED","Light_Type":"Cobra","Lighting_Type":"LED-Powered Lamp","Verification_Date":null},"id":"stl-city-public-streetlights:2:131860","sourceLayerId":2,"sourceObjectId":131860,"sourceURL":"https://maps8.stlouis-mo.gov/arcgis/rest/services/STREETS/Streets_Permitting/MapServer/2","title":"Street light L024576"},"type":"Feature"},{"geometry":{"coordinates":[-90.24876430194972,38.666939464097766],"type":"Point"},"id":"stl-city-public-streetlights:2:131861","properties":{"address":null,"attributes":{"Date_Installed":null,"LED_Powered":0,"LightID":"L024577","Light_Source":"LED","Light_Type":"Cobra","Lighting_Type":"LED-Powered Lamp","Verification_Date":null},"id":"stl-city-public-streetlights:2:131861","sourceLayerId":2,"sourceObjectId":131861,"sourceURL":"https://maps8.stlouis-mo.gov/arcgis/rest/services/STREETS/Streets_Permitting/MapServer/2","title":"Street light L024577"},"type":"Feature"},{"geometry":{"coordinates":[-90.2490227651058,38.66658045409601],"type":"Point"},"id":"stl-city-public-streetlights:2:131862","properties":{"address":null,"attributes":{"Date_Installed":null,"LED_Powered":0,"LightID":"L024578","Light_Source":"LED","Light_Type":"Cobra","Lighting_Type":"LED-Powered Lamp","Verification_Date":null},"id":"stl-city-public-streetlights:2:131862","sourceLayerId":2,"sourceObjectId":131862,"sourceURL":"https://maps8.stlouis-mo.gov/arcgis/rest/services/STREETS/Streets_Permitting/MapServer/2","title":"Street light L024578"},"type":"Feature"},{"geometry":{"coordinates":[-90.24929619618612,38.66620026063463],"type":"Point"},"id":"stl-city-public-streetlights:2:131863","properties":{"address":null,"attributes":{"Date_Installed":null,"LED_Powered":0,"LightID":"L024579","Light_Source":"LED","Light_Type":"Cobra","Lighting_Type":"LED-Powered Lamp","Verification_Date":null},"id":"stl-city-public-streetlights:2:131863","sourceLayerId":2,"sourceObjectId":131863,"sourceURL":"https://maps8.stlouis-mo.gov/arcgis/rest/services/STREETS/Streets_Permitting/MapServer/2","title":"Street light L024579"},"type":"Feature"},{"geometry":{"coordinates":[-90.24956414090582,38.665823391638455],"type":"Point"},"id":"stl-city-public-streetlights:2:131864","properties":{"address":null,"attributes":{"Date_Installed":null,"LED_Powered":0,"LightID":"L024580","Light_Source":"LED","Light_Type":"Cobra","Lighting_Type":"LED-Powered Lamp","Verification_Date":null},"id":"stl-city-public-streetlights:2:131864","sourceLayerId":2,"sourceObjectId":131864,"sourceURL":"https://maps8.stlouis-mo.gov/arcgis/rest/services/STREETS/Streets_Permitting/MapServer/2","title":"Street light L024580"},"type":"Feature"},{"geometry":{"coordinates":[-90.24981617496347,38.665474973063844],"type":"Point"},"id":"stl-city-public-streetlights:2:131865","properties":{"address":null,"attributes":{"Date_Installed":null,"LED_Powered":0,"LightID":"L024581","Light_Source":"LED","Light_Type":"Cobra","Lighting_Type":"LED-Powered Lamp","Verification_Date":null},"id":"stl-city-public-streetlights:2:131865","sourceLayerId":2,"sourceObjectId":131865,"sourceURL":"https://maps8.stlouis-mo.gov/arcgis/rest/services/STREETS/Streets_Permitting/MapServer/2","title":"Street light L024581"},"type":"Feature"},{"geometry":{"coordinates":[-90.246782662667,38.66969265439376],"type":"Point"},"id":"stl-city-public-streetlights:2:132078","properties":{"address":null,"attributes":{"Date_Installed":null,"LED_Powered":0,"LightID":"L024794","Light_Source":"LED","Light_Type":"Cobra","Lighting_Type":"LED-Powered Lamp","Verification_Date":null},"id":"stl-city-public-streetlights:2:132078","sourceLayerId":2,"sourceObjectId":132078,"sourceURL":"https://maps8.stlouis-mo.gov/arcgis/rest/services/STREETS/Streets_Permitting/MapServer/2","title":"Street light L024794"},"type":"Feature"},{"geometry":{"coordinates":[-90.24703669498474,38.669345437367525],"type":"Point"},"id":"stl-city-public-streetlights:2:132079","properties":{"address":null,"attributes":{"Date_Installed":null,"LED_Powered":0,"LightID":"L024795","Light_Source":"LED","Light_Type":"Cobra","Lighting_Type":"LED-Powered Lamp","Verification_Date":null},"id":"stl-city-public-streetlights:2:132079","sourceLayerId":2,"sourceObjectId":132079,"sourceURL":"https://maps8.stlouis-mo.gov/arcgis/rest/services/STREETS/Streets_Permitting/MapServer/2","title":"Street light L024795"},"type":"Feature"},{"geometry":{"coordinates":[-90.24728875873139,38.66899559393818],"type":"Point"},"id":"stl-city-public-streetlights:2:132080","properties":{"address":null,"attributes":{"Date_Installed":null,"LED_Powered":0,"LightID":"L024796","Light_Source":"LED","Light_Type":"Cobra","Lighting_Type":"LED-Powered Lamp","Verification_Date":null},"id":"stl-city-public-streetlights:2:132080","sourceLayerId":2,"sourceObjectId":132080,"sourceURL":"https://maps8.stlouis-mo.gov/arcgis/rest/services/STREETS/Streets_Permitting/MapServer/2","title":"Street light L024796"},"type":"Feature"},{"geometry":{"coordinates":[-90.24753702630477,38.66864359584041],"type":"Point"},"id":"stl-city-public-streetlights:2:132081","properties":{"address":null,"attributes":{"Date_Installed":null,"LED_Powered":0,"LightID":"L024797","Light_Source":"LED","Light_Type":"Cobra","Lighting_Type":"LED-Powered Lamp","Verification_Date":null},"id":"stl-city-public-streetlights:2:132081","sourceLayerId":2,"sourceObjectId":132081,"sourceURL":"https://maps8.stlouis-mo.gov/arcgis/rest/services/STREETS/Streets_Permitting/MapServer/2","title":"Street light L024797"},"type":"Feature"},{"geometry":{"coordinates":[-90.24332455032085,38.66026710975447],"type":"Point"},"id":"stl-city-public-streetlights:2:134266","properties":{"address":null,"attributes":{"Date_Installed":null,"LED_Powered":0,"LightID":"L026982","Light_Source":"LED","Light_Type":"Cobra","Lighting_Type":"LED-Powered Lamp","Verification_Date":null},"id":"stl-city-public-streetlights:2:134266","sourceLayerId":2,"sourceObjectId":134266,"sourceURL":"https://maps8.stlouis-mo.gov/arcgis/rest/services/STREETS/Streets_Permitting/MapServer/2","title":"Street light L026982"},"type":"Feature"},{"geometry":{"coordinates":[-90.24303415942614,38.66067366184731],"type":"Point"},"id":"stl-city-public-streetlights:2:134267","properties":{"address":null,"attributes":{"Date_Installed":null,"LED_Powered":0,"LightID":"L026983","Light_Source":"LED","Light_Type":"Cobra","Lighting_Type":"LED-Powered Lamp","Verification_Date":null},"id":"stl-city-public-streetlights:2:134267","sourceLayerId":2,"sourceObjectId":134267,"sourceURL":"https://maps8.stlouis-mo.gov/arcgis/rest/services/STREETS/Streets_Permitting/MapServer/2","title":"Street light L026983"},"type":"Feature"},{"geometry":{"coordinates":[-90.24276831546533,38.661053976616614],"type":"Point"},"id":"stl-city-public-streetlights:2:134268","properties":{"address":null,"attributes":{"Date_Installed":null,"LED_Powered":0,"LightID":"L026984","Light_Source":"LED","Light_Type":"Cobra","Lighting_Type":"LED-Powered Lamp","Verification_Date":null},"id":"stl-city-public-streetlights:2:134268","sourceLayerId":2,"sourceObjectId":134268,"sourceURL":"https://maps8.stlouis-mo.gov/arcgis/rest/services/STREETS/Streets_Permitting/MapServer/2","title":"Street light L026984"},"type":"Feature"},{"geometry":{"coordinates":[-90.24247061602134,38.66146606603753],"type":"Point"},"id":"stl-city-public-streetlights:2:134269","properties":{"address":null,"attributes":{"Date_Installed":null,"LED_Powered":0,"LightID":"L026985","Light_Source":"LED","Light_Type":"Cobra","Lighting_Type":"LED-Powered Lamp","Verification_Date":null},"id":"stl-city-public-streetlights:2:134269","sourceLayerId":2,"sourceObjectId":134269,"sourceURL":"https://maps8.stlouis-mo.gov/arcgis/rest/services/STREETS/Streets_Permitting/MapServer/2","title":"Street light L026985"},"type":"Feature"},{"geometry":{"coordinates":[-90.24215331603791,38.66190913346396],"type":"Point"},"id":"stl-city-public-streetlights:2:134270","properties":{"address":null,"attributes":{"Date_Installed":null,"LED_Powered":0,"LightID":"L026986","Light_Source":"LED","Light_Type":"Cobra","Lighting_Type":"LED-Powered Lamp","Verification_Date":null},"id":"stl-city-public-streetlights:2:134270","sourceLayerId":2,"sourceObjectId":134270,"sourceURL":"https://maps8.stlouis-mo.gov/arcgis/rest/services/STREETS/Streets_Permitting/MapServer/2","title":"Street light L026986"},"type":"Feature"},{"geometry":{"coordinates":[-90.24188759819621,38.662293986881565],"type":"Point"},"id":"stl-city-public-streetlights:2:134271","properties":{"address":null,"attributes":{"Date_Installed":null,"LED_Powered":0,"LightID":"L026987","Light_Source":"LED","Light_Type":"Cobra","Lighting_Type":"LED-Powered Lamp","Verification_Date":null},"id":"stl-city-public-streetlights:2:134271","sourceLayerId":2,"sourceObjectId":134271,"sourceURL":"https://maps8.stlouis-mo.gov/arcgis/rest/services/STREETS/Streets_Permitting/MapServer/2","title":"Street light L026987"},"type":"Feature"},{"geometry":{"coordinates":[-90.24158637635229,38.66271908037284],"type":"Point"},"id":"stl-city-public-streetlights:2:134272","properties":{"address":null,"attributes":{"Date_Installed":null,"LED_Powered":0,"LightID":"L026988","Light_Source":"LED","Light_Type":"Cobra","Lighting_Type":"LED-Powered Lamp","Verification_Date":null},"id":"stl-city-public-streetlights:2:134272","sourceLayerId":2,"sourceObjectId":134272,"sourceURL":"https://maps8.stlouis-mo.gov/arcgis/rest/services/STREETS/Streets_Permitting/MapServer/2","title":"Street light L026988"},"type":"Feature"},{"geometry":{"coordinates":[-90.24128390370753,38.66313601817323],"type":"Point"},"id":"stl-city-public-streetlights:2:134273","properties":{"address":null,"attributes":{"Date_Installed":null,"LED_Powered":0,"LightID":"L026989","Light_Source":"LED","Light_Type":"Cobra","Lighting_Type":"LED-Powered Lamp","Verification_Date":null},"id":"stl-city-public-streetlights:2:134273","sourceLayerId":2,"sourceObjectId":134273,"sourceURL":"https://maps8.stlouis-mo.gov/arcgis/rest/services/STREETS/Streets_Permitting/MapServer/2","title":"Street light L026989"},"type":"Feature"},{"geometry":{"coordinates":[-90.24092823766617,38.66363392695712],"type":"Point"},"id":"stl-city-public-streetlights:2:134274","properties":{"address":null,"attributes":{"Date_Installed":null,"LED_Powered":0,"LightID":"L026990","Light_Source":"LED","Light_Type":"Cobra","Lighting_Type":"LED-Powered Lamp","Verification_Date":null},"id":"stl-city-public-streetlights:2:134274","sourceLayerId":2,"sourceObjectId":134274,"sourceURL":"https://maps8.stlouis-mo.gov/arcgis/rest/services/STREETS/Streets_Permitting/MapServer/2","title":"Street light L026990"},"type":"Feature"},{"geometry":{"coordinates":[-90.24067101482123,38.663994757970734],"type":"Point"},"id":"stl-city-public-streetlights:2:134275","properties":{"address":null,"attributes":{"Date_Installed":null,"LED_Powered":0,"LightID":"L026991","Light_Source":"LED","Light_Type":"Cobra","Lighting_Type":"LED-Powered Lamp","Verification_Date":null},"id":"stl-city-public-streetlights:2:134275","sourceLayerId":2,"sourceObjectId":134275,"sourceURL":"https://maps8.stlouis-mo.gov/arcgis/rest/services/STREETS/Streets_Permitting/MapServer/2","title":"Street light L026991"},"type":"Feature"},{"geometry":{"coordinates":[-90.24024397367033,38.66025563572396],"type":"Point"},"id":"stl-city-public-streetlights:2:134290","properties":{"address":null,"attributes":{"Date_Installed":null,"LED_Powered":0,"LightID":"L027006","Light_Source":"LED","Light_Type":"Cobra","Lighting_Type":"LED-Powered Lamp","Verification_Date":null},"id":"stl-city-public-streetlights:2:134290","sourceLayerId":2,"sourceObjectId":134290,"sourceURL":"https://maps8.stlouis-mo.gov/arcgis/rest/services/STREETS/Streets_Permitting/MapServer/2","title":"Street light L027006"},"type":"Feature"},{"geometry":{"coordinates":[-90.24025685724231,38.66416435591813],"type":"Point"},"id":"stl-city-public-streetlights:2:134337","properties":{"address":null,"attributes":{"Date_Installed":null,"LED_Powered":1,"LightID":"L027053","Light_Source":"LED","Light_Type":"Cobra","Lighting_Type":"LED-Powered Lamp","Verification_Date":null},"id":"stl-city-public-streetlights:2:134337","sourceLayerId":2,"sourceObjectId":134337,"sourceURL":"https://maps8.stlouis-mo.gov/arcgis/rest/services/STREETS/Streets_Permitting/MapServer/2","title":"Street light L027053"},"type":"Feature"},{"geometry":{"coordinates":[-90.24667384456262,38.66345848396169],"type":"Point"},"id":"stl-city-public-streetlights:2:153437","properties":{"address":null,"attributes":{"Date_Installed":null,"LED_Powered":0,"LightID":"L046291","Light_Source":"LED","Light_Type":"Cobra","Lighting_Type":"LED-Powered Lamp","Verification_Date":null},"id":"stl-city-public-streetlights:2:153437","sourceLayerId":2,"sourceObjectId":153437,"sourceURL":"https://maps8.stlouis-mo.gov/arcgis/rest/services/STREETS/Streets_Permitting/MapServer/2","title":"Street light L046291"},"type":"Feature"},{"geometry":{"coordinates":[-90.24630747173963,38.66329562962331],"type":"Point"},"id":"stl-city-public-streetlights:2:153438","properties":{"address":null,"attributes":{"Date_Installed":null,"LED_Powered":0,"LightID":"L046292","Light_Source":"LED","Light_Type":"Cobra","Lighting_Type":"LED-Powered Lamp","Verification_Date":null},"id":"stl-city-public-streetlights:2:153438","sourceLayerId":2,"sourceObjectId":153438,"sourceURL":"https://maps8.stlouis-mo.gov/arcgis/rest/services/STREETS/Streets_Permitting/MapServer/2","title":"Street light L046292"},"type":"Feature"},{"geometry":{"coordinates":[-90.24593246566792,38.66313308871107],"type":"Point"},"id":"stl-city-public-streetlights:2:153439","properties":{"address":null,"attributes":{"Date_Installed":null,"LED_Powered":1,"LightID":"L046293","Light_Source":"LED","Light_Type":"Cobra","Lighting_Type":"LED-Powered Lamp","Verification_Date":null},"id":"stl-city-public-streetlights:2:153439","sourceLayerId":2,"sourceObjectId":153439,"sourceURL":"https://maps8.stlouis-mo.gov/arcgis/rest/services/STREETS/Streets_Permitting/MapServer/2","title":"Street light L046293"},"type":"Feature"},{"geometry":{"coordinates":[-90.24554150543179,38.66296061926369],"type":"Point"},"id":"stl-city-public-streetlights:2:153440","properties":{"address":null,"attributes":{"Date_Installed":null,"LED_Powered":0,"LightID":"L046294","Light_Source":"LED","Light_Type":"Cobra","Lighting_Type":"LED-Powered Lamp","Verification_Date":null},"id":"stl-city-public-streetlights:2:153440","sourceLayerId":2,"sourceObjectId":153440,"sourceURL":"https://maps8.stlouis-mo.gov/arcgis/rest/services/STREETS/Streets_Permitting/MapServer/2","title":"Street light L046294"},"type":"Feature"},{"geometry":{"coordinates":[-90.2451723817333,38.662803451678165],"type":"Point"},"id":"stl-city-public-streetlights:2:153441","properties":{"address":null,"attributes":{"Date_Installed":null,"LED_Powered":0,"LightID":"L046295","Light_Source":"LED","Light_Type":"Cobra","Lighting_Type":"LED-Powered Lamp","Verification_Date":null},"id":"stl-city-public-streetlights:2:153441","sourceLayerId":2,"sourceObjectId":153441,"sourceURL":"https://maps8.stlouis-mo.gov/arcgis/rest/services/STREETS/Streets_Permitting/MapServer/2","title":"Street light L046295"},"type":"Feature"},{"geometry":{"coordinates":[-90.24480326642154,38.66264437576891],"type":"Point"},"id":"stl-city-public-streetlights:2:153442","properties":{"address":null,"attributes":{"Date_Installed":null,"LED_Powered":0,"LightID":"L046296","Light_Source":"LED","Light_Type":"Cobra","Lighting_Type":"LED-Powered Lamp","Verification_Date":null},"id":"stl-city-public-streetlights:2:153442","sourceLayerId":2,"sourceObjectId":153442,"sourceURL":"https://maps8.stlouis-mo.gov/arcgis/rest/services/STREETS/Streets_Permitting/MapServer/2","title":"Street light L046296"},"type":"Feature"},{"geometry":{"coordinates":[-90.24441588341536,38.662493364047734],"type":"Point"},"id":"stl-city-public-streetlights:2:153443","properties":{"address":null,"attributes":{"Date_Installed":null,"LED_Powered":1,"LightID":"L046297","Light_Source":"LED","Light_Type":"Cobra","Lighting_Type":"LED-Powered Lamp","Verification_Date":null},"id":"stl-city-public-streetlights:2:153443","sourceLayerId":2,"sourceObjectId":153443,"sourceURL":"https://maps8.stlouis-mo.gov/arcgis/rest/services/STREETS/Streets_Permitting/MapServer/2","title":"Street light L046297"},"type":"Feature"},{"geometry":{"coordinates":[-90.24404252054926,38.662332845845995],"type":"Point"},"id":"stl-city-public-streetlights:2:153444","properties":{"address":null,"attributes":{"Date_Installed":null,"LED_Powered":1,"LightID":"L046298","Light_Source":"LED","Light_Type":"Cobra","Lighting_Type":"LED-Powered Lamp","Verification_Date":null},"id":"stl-city-public-streetlights:2:153444","sourceLayerId":2,"sourceObjectId":153444,"sourceURL":"https://maps8.stlouis-mo.gov/arcgis/rest/services/STREETS/Streets_Permitting/MapServer/2","title":"Street light L046298"},"type":"Feature"},{"geometry":{"coordinates":[-90.24366009068734,38.662158005920524],"type":"Point"},"id":"stl-city-public-streetlights:2:153445","properties":{"address":null,"attributes":{"Date_Installed":null,"LED_Powered":1,"LightID":"L046299","Light_Source":"LED","Light_Type":"Cobra","Lighting_Type":"LED-Powered Lamp","Verification_Date":null},"id":"stl-city-public-streetlights:2:153445","sourceLayerId":2,"sourceObjectId":153445,"sourceURL":"https://maps8.stlouis-mo.gov/arcgis/rest/services/STREETS/Streets_Permitting/MapServer/2","title":"Street light L046299"},"type":"Feature"},{"geometry":{"coordinates":[-90.24327034240545,38.66198958460752],"type":"Point"},"id":"stl-city-public-streetlights:2:153446","properties":{"address":null,"attributes":{"Date_Installed":null,"LED_Powered":1,"LightID":"L046300","Light_Source":"LED","Light_Type":"Cobra","Lighting_Type":"LED-Powered Lamp","Verification_Date":null},"id":"stl-city-public-streetlights:2:153446","sourceLayerId":2,"sourceObjectId":153446,"sourceURL":"https://maps8.stlouis-mo.gov/arcgis/rest/services/STREETS/Streets_Permitting/MapServer/2","title":"Street light L046300"},"type":"Feature"},{"geometry":{"coordinates":[-90.24285875356024,38.661808242127385],"type":"Point"},"id":"stl-city-public-streetlights:2:153447","properties":{"address":null,"attributes":{"Date_Installed":null,"LED_Powered":1,"LightID":"L046301","Light_Source":"LED","Light_Type":"Cobra","Lighting_Type":"LED-Powered Lamp","Verification_Date":null},"id":"stl-city-public-streetlights:2:153447","sourceLayerId":2,"sourceObjectId":153447,"sourceURL":"https://maps8.stlouis-mo.gov/arcgis/rest/services/STREETS/Streets_Permitting/MapServer/2","title":"Street light L046301"},"type":"Feature"},{"geometry":{"coordinates":[-90.24249238255643,38.66164964151283],"type":"Point"},"id":"stl-city-public-streetlights:2:153448","properties":{"address":null,"attributes":{"Date_Installed":null,"LED_Powered":1,"LightID":"L046302","Light_Source":"LED","Light_Type":"Cobra","Lighting_Type":"LED-Powered Lamp","Verification_Date":null},"id":"stl-city-public-streetlights:2:153448","sourceLayerId":2,"sourceObjectId":153448,"sourceURL":"https://maps8.stlouis-mo.gov/arcgis/rest/services/STREETS/Streets_Permitting/MapServer/2","title":"Street light L046302"},"type":"Feature"},{"geometry":{"coordinates":[-90.24305139786726,38.66084661936588],"type":"Point"},"id":"stl-city-public-streetlights:2:153449","properties":{"address":null,"attributes":{"Date_Installed":"1/18/2018","LED_Powered":1,"LightID":"L046303","Light_Source":"LED","Light_Type":"Cobra","Lighting_Type":"LED-Powered Lamp","Verification_Date":null},"id":"stl-city-public-streetlights:2:153449","sourceLayerId":2,"sourceObjectId":153449,"sourceURL":"https://maps8.stlouis-mo.gov/arcgis/rest/services/STREETS/Streets_Permitting/MapServer/2","title":"Street light L046303"},"type":"Feature"},{"geometry":{"coordinates":[-90.24342364501778,38.66100791217339],"type":"Point"},"id":"stl-city-public-streetlights:2:153450","properties":{"address":null,"attributes":{"Date_Installed":"1/18/2018","LED_Powered":1,"LightID":"L046304","Light_Source":"LED","Light_Type":"Cobra","Lighting_Type":"LED-Powered Lamp","Verification_Date":null},"id":"stl-city-public-streetlights:2:153450","sourceLayerId":2,"sourceObjectId":153450,"sourceURL":"https://maps8.stlouis-mo.gov/arcgis/rest/services/STREETS/Streets_Permitting/MapServer/2","title":"Street light L046304"},"type":"Feature"},{"geometry":{"coordinates":[-90.24380450439855,38.6611740496033],"type":"Point"},"id":"stl-city-public-streetlights:2:153451","properties":{"address":null,"attributes":{"Date_Installed":"1/18/2018","LED_Powered":1,"LightID":"L046305","Light_Source":"LED","Light_Type":"Cobra","Lighting_Type":"LED-Powered Lamp","Verification_Date":null},"id":"stl-city-public-streetlights:2:153451","sourceLayerId":2,"sourceObjectId":153451,"sourceURL":"https://maps8.stlouis-mo.gov/arcgis/rest/services/STREETS/Streets_Permitting/MapServer/2","title":"Street light L046305"},"type":"Feature"},{"geometry":{"coordinates":[-90.24421245881906,38.66135120882388],"type":"Point"},"id":"stl-city-public-streetlights:2:153452","properties":{"address":null,"attributes":{"Date_Installed":"1/18/2018","LED_Powered":1,"LightID":"L046306","Light_Source":"LED","Light_Type":"Cobra","Lighting_Type":"LED-Powered Lamp","Verification_Date":null},"id":"stl-city-public-streetlights:2:153452","sourceLayerId":2,"sourceObjectId":153452,"sourceURL":"https://maps8.stlouis-mo.gov/arcgis/rest/services/STREETS/Streets_Permitting/MapServer/2","title":"Street light L046306"},"type":"Feature"},{"geometry":{"coordinates":[-90.24458489791095,38.66151363076167],"type":"Point"},"id":"stl-city-public-streetlights:2:153453","properties":{"address":null,"attributes":{"Date_Installed":"1/18/2018","LED_Powered":1,"LightID":"L046307","Light_Source":"LED","Light_Type":"Cobra","Lighting_Type":"LED-Powered Lamp","Verification_Date":null},"id":"stl-city-public-streetlights:2:153453","sourceLayerId":2,"sourceObjectId":153453,"sourceURL":"https://maps8.stlouis-mo.gov/arcgis/rest/services/STREETS/Streets_Permitting/MapServer/2","title":"Street light L046307"},"type":"Feature"},{"geometry":{"coordinates":[-90.24496926323552,38.661685723298525],"type":"Point"},"id":"stl-city-public-streetlights:2:153454","properties":{"address":null,"attributes":{"Date_Installed":"1/18/2018","LED_Powered":1,"LightID":"L046308","Light_Source":"LED","Light_Type":"Cobra","Lighting_Type":"LED-Powered Lamp","Verification_Date":null},"id":"stl-city-public-streetlights:2:153454","sourceLayerId":2,"sourceObjectId":153454,"sourceURL":"https://maps8.stlouis-mo.gov/arcgis/rest/services/STREETS/Streets_Permitting/MapServer/2","title":"Street light L046308"},"type":"Feature"},{"geometry":{"coordinates":[-90.24536342228875,38.66185391073031],"type":"Point"},"id":"stl-city-public-streetlights:2:153455","properties":{"address":null,"attributes":{"Date_Installed":null,"LED_Powered":1,"LightID":"L046309","Light_Source":"LED","Light_Type":"Cobra","Lighting_Type":"LED-Powered Lamp","Verification_Date":null},"id":"stl-city-public-streetlights:2:153455","sourceLayerId":2,"sourceObjectId":153455,"sourceURL":"https://maps8.stlouis-mo.gov/arcgis/rest/services/STREETS/Streets_Permitting/MapServer/2","title":"Street light L046309"},"type":"Feature"},{"geometry":{"coordinates":[-90.24573168147352,38.662017749615664],"type":"Point"},"id":"stl-city-public-streetlights:2:153456","properties":{"address":null,"attributes":{"Date_Installed":null,"LED_Powered":1,"LightID":"L046310","Light_Source":"LED","Light_Type":"Cobra","Lighting_Type":"LED-Powered Lamp","Verification_Date":null},"id":"stl-city-public-streetlights:2:153456","sourceLayerId":2,"sourceObjectId":153456,"sourceURL":"https://maps8.stlouis-mo.gov/arcgis/rest/services/STREETS/Streets_Permitting/MapServer/2","title":"Street light L046310"},"type":"Feature"},{"geometry":{"coordinates":[-90.2461105613887,38.662187808486],"type":"Point"},"id":"stl-city-public-streetlights:2:153457","properties":{"address":null,"attributes":{"Date_Installed":null,"LED_Powered":1,"LightID":"L046311","Light_Source":"LED","Light_Type":"Cobra","Lighting_Type":"LED-Powered Lamp","Verification_Date":null},"id":"stl-city-public-streetlights:2:153457","sourceLayerId":2,"sourceObjectId":153457,"sourceURL":"https://maps8.stlouis-mo.gov/arcgis/rest/services/STREETS/Streets_Permitting/MapServer/2","title":"Street light L046311"},"type":"Feature"},{"geometry":{"coordinates":[-90.24646803227422,38.66233865518283],"type":"Point"},"id":"stl-city-public-streetlights:2:153458","properties":{"address":null,"attributes":{"Date_Installed":null,"LED_Powered":1,"LightID":"L046312","Light_Source":"LED","Light_Type":"Cobra","Lighting_Type":"LED-Powered Lamp","Verification_Date":null},"id":"stl-city-public-streetlights:2:153458","sourceLayerId":2,"sourceObjectId":153458,"sourceURL":"https://maps8.stlouis-mo.gov/arcgis/rest/services/STREETS/Streets_Permitting/MapServer/2","title":"Street light L046312"},"type":"Feature"},{"geometry":{"coordinates":[-90.24685110076527,38.66250729012129],"type":"Point"},"id":"stl-city-public-streetlights:2:153459","properties":{"address":null,"attributes":{"Date_Installed":null,"LED_Powered":1,"LightID":"L046313","Light_Source":"LED","Light_Type":"Cobra","Lighting_Type":"LED-Powered Lamp","Verification_Date":null},"id":"stl-city-public-streetlights:2:153459","sourceLayerId":2,"sourceObjectId":153459,"sourceURL":"https://maps8.stlouis-mo.gov/arcgis/rest/services/STREETS/Streets_Permitting/MapServer/2","title":"Street light L046313"},"type":"Feature"},{"geometry":{"coordinates":[-90.24722613596626,38.66266970925034],"type":"Point"},"id":"stl-city-public-streetlights:2:153460","properties":{"address":null,"attributes":{"Date_Installed":null,"LED_Powered":1,"LightID":"L046314","Light_Source":"LED","Light_Type":"Cobra","Lighting_Type":"LED-Powered Lamp","Verification_Date":null},"id":"stl-city-public-streetlights:2:153460","sourceLayerId":2,"sourceObjectId":153460,"sourceURL":"https://maps8.stlouis-mo.gov/arcgis/rest/services/STREETS/Streets_Permitting/MapServer/2","title":"Street light L046314"},"type":"Feature"},{"geometry":{"coordinates":[-90.247592964616,38.662832347300196],"type":"Point"},"id":"stl-city-public-streetlights:2:153461","properties":{"address":null,"attributes":{"Date_Installed":null,"LED_Powered":1,"LightID":"L046315","Light_Source":"LED","Light_Type":"Cobra","Lighting_Type":"LED-Powered Lamp","Verification_Date":null},"id":"stl-city-public-streetlights:2:153461","sourceLayerId":2,"sourceObjectId":153461,"sourceURL":"https://maps8.stlouis-mo.gov/arcgis/rest/services/STREETS/Streets_Permitting/MapServer/2","title":"Street light L046315"},"type":"Feature"},{"geometry":{"coordinates":[-90.24797733270185,38.663000177756864],"type":"Point"},"id":"stl-city-public-streetlights:2:153462","properties":{"address":null,"attributes":{"Date_Installed":null,"LED_Powered":1,"LightID":"L046316","Light_Source":"LED","Light_Type":"Cobra","Lighting_Type":"LED-Powered Lamp","Verification_Date":null},"id":"stl-city-public-streetlights:2:153462","sourceLayerId":2,"sourceObjectId":153462,"sourceURL":"https://maps8.stlouis-mo.gov/arcgis/rest/services/STREETS/Streets_Permitting/MapServer/2","title":"Street light L046316"},"type":"Feature"},{"geometry":{"coordinates":[-90.24834113632704,38.6631594096979],"type":"Point"},"id":"stl-city-public-streetlights:2:153463","properties":{"address":null,"attributes":{"Date_Installed":null,"LED_Powered":1,"LightID":"L046317","Light_Source":"LED","Light_Type":"Cobra","Lighting_Type":"LED-Powered Lamp","Verification_Date":null},"id":"stl-city-public-streetlights:2:153463","sourceLayerId":2,"sourceObjectId":153463,"sourceURL":"https://maps8.stlouis-mo.gov/arcgis/rest/services/STREETS/Streets_Permitting/MapServer/2","title":"Street light L046317"},"type":"Feature"},{"geometry":{"coordinates":[-90.24871268100159,38.66332205527583],"type":"Point"},"id":"stl-city-public-streetlights:2:153464","properties":{"address":null,"attributes":{"Date_Installed":null,"LED_Powered":1,"LightID":"L046318","Light_Source":"LED","Light_Type":"Cobra","Lighting_Type":"LED-Powered Lamp","Verification_Date":null},"id":"stl-city-public-streetlights:2:153464","sourceLayerId":2,"sourceObjectId":153464,"sourceURL":"https://maps8.stlouis-mo.gov/arcgis/rest/services/STREETS/Streets_Permitting/MapServer/2","title":"Street light L046318"},"type":"Feature"},{"geometry":{"coordinates":[-90.24903059036683,38.66346068861473],"type":"Point"},"id":"stl-city-public-streetlights:2:153465","properties":{"address":null,"attributes":{"Date_Installed":null,"LED_Powered":0,"LightID":"L046319","Light_Source":"LED","Light_Type":"Cobra","Lighting_Type":"LED-Powered Lamp","Verification_Date":null},"id":"stl-city-public-streetlights:2:153465","sourceLayerId":2,"sourceObjectId":153465,"sourceURL":"https://maps8.stlouis-mo.gov/arcgis/rest/services/STREETS/Streets_Permitting/MapServer/2","title":"Street light L046319"},"type":"Feature"},{"geometry":{"coordinates":[-90.24941457406895,38.663631938681036],"type":"Point"},"id":"stl-city-public-streetlights:2:153466","properties":{"address":null,"attributes":{"Date_Installed":null,"LED_Powered":0,"LightID":"L046320","Light_Source":"LED","Light_Type":"Cobra","Lighting_Type":"LED-Powered Lamp","Verification_Date":null},"id":"stl-city-public-streetlights:2:153466","sourceLayerId":2,"sourceObjectId":153466,"sourceURL":"https://maps8.stlouis-mo.gov/arcgis/rest/services/STREETS/Streets_Permitting/MapServer/2","title":"Street light L046320"},"type":"Feature"},{"geometry":{"coordinates":[-90.24978583272457,38.66379100461539],"type":"Point"},"id":"stl-city-public-streetlights:2:153467","properties":{"address":null,"attributes":{"Date_Installed":null,"LED_Powered":0,"LightID":"L046321","Light_Source":"LED","Light_Type":"Cobra","Lighting_Type":"LED-Powered Lamp","Verification_Date":null},"id":"stl-city-public-streetlights:2:153467","sourceLayerId":2,"sourceObjectId":153467,"sourceURL":"https://maps8.stlouis-mo.gov/arcgis/rest/services/STREETS/Streets_Permitting/MapServer/2","title":"Street light L046321"},"type":"Feature"},{"geometry":{"coordinates":[-90.24962984691045,38.66269583801316],"type":"Point"},"id":"stl-city-public-streetlights:2:153474","properties":{"address":null,"attributes":{"Date_Installed":null,"LED_Powered":0,"LightID":"L046328","Light_Source":"LED","Light_Type":"Cobra","Lighting_Type":"LED-Powered Lamp","Verification_Date":null},"id":"stl-city-public-streetlights:2:153474","sourceLayerId":2,"sourceObjectId":153474,"sourceURL":"https://maps8.stlouis-mo.gov/arcgis/rest/services/STREETS/Streets_Permitting/MapServer/2","title":"Street light L046328"},"type":"Feature"},{"geometry":{"coordinates":[-90.24934162159481,38.662571274169935],"type":"Point"},"id":"stl-city-public-streetlights:2:153475","properties":{"address":null,"attributes":{"Date_Installed":null,"LED_Powered":0,"LightID":"L046329","Light_Source":"LED","Light_Type":"Cobra","Lighting_Type":"LED-Powered Lamp","Verification_Date":null},"id":"stl-city-public-streetlights:2:153475","sourceLayerId":2,"sourceObjectId":153475,"sourceURL":"https://maps8.stlouis-mo.gov/arcgis/rest/services/STREETS/Streets_Permitting/MapServer/2","title":"Street light L046329"},"type":"Feature"},{"geometry":{"coordinates":[-90.24895634484352,38.66240180842246],"type":"Point"},"id":"stl-city-public-streetlights:2:153476","properties":{"address":null,"attributes":{"Date_Installed":null,"LED_Powered":1,"LightID":"L046330","Light_Source":"LED","Light_Type":"Cobra","Lighting_Type":"LED-Powered Lamp","Verification_Date":null},"id":"stl-city-public-streetlights:2:153476","sourceLayerId":2,"sourceObjectId":153476,"sourceURL":"https://maps8.stlouis-mo.gov/arcgis/rest/services/STREETS/Streets_Permitting/MapServer/2","title":"Street light L046330"},"type":"Feature"},{"geometry":{"coordinates":[-90.24858017530444,38.662236769913676],"type":"Point"},"id":"stl-city-public-streetlights:2:153477","properties":{"address":null,"attributes":{"Date_Installed":null,"LED_Powered":0,"LightID":"L046331","Light_Source":"LED","Light_Type":"Cobra","Lighting_Type":"LED-Powered Lamp","Verification_Date":null},"id":"stl-city-public-streetlights:2:153477","sourceLayerId":2,"sourceObjectId":153477,"sourceURL":"https://maps8.stlouis-mo.gov/arcgis/rest/services/STREETS/Streets_Permitting/MapServer/2","title":"Street light L046331"},"type":"Feature"},{"geometry":{"coordinates":[-90.24818722670602,38.662067642789225],"type":"Point"},"id":"stl-city-public-streetlights:2:153478","properties":{"address":null,"attributes":{"Date_Installed":null,"LED_Powered":0,"LightID":"L046332","Light_Source":"LED","Light_Type":"Cobra","Lighting_Type":"LED-Powered Lamp","Verification_Date":null},"id":"stl-city-public-streetlights:2:153478","sourceLayerId":2,"sourceObjectId":153478,"sourceURL":"https://maps8.stlouis-mo.gov/arcgis/rest/services/STREETS/Streets_Permitting/MapServer/2","title":"Street light L046332"},"type":"Feature"},{"geometry":{"coordinates":[-90.2478040128317,38.66189698580709],"type":"Point"},"id":"stl-city-public-streetlights:2:153479","properties":{"address":null,"attributes":{"Date_Installed":null,"LED_Powered":0,"LightID":"L046333","Light_Source":"LED","Light_Type":"Cobra","Lighting_Type":"LED-Powered Lamp","Verification_Date":null},"id":"stl-city-public-streetlights:2:153479","sourceLayerId":2,"sourceObjectId":153479,"sourceURL":"https://maps8.stlouis-mo.gov/arcgis/rest/services/STREETS/Streets_Permitting/MapServer/2","title":"Street light L046333"},"type":"Feature"},{"geometry":{"coordinates":[-90.24743216973873,38.66173529070851],"type":"Point"},"id":"stl-city-public-streetlights:2:153480","properties":{"address":null,"attributes":{"Date_Installed":null,"LED_Powered":0,"LightID":"L046334","Light_Source":"LED","Light_Type":"Cobra","Lighting_Type":"LED-Powered Lamp","Verification_Date":null},"id":"stl-city-public-streetlights:2:153480","sourceLayerId":2,"sourceObjectId":153480,"sourceURL":"https://maps8.stlouis-mo.gov/arcgis/rest/services/STREETS/Streets_Permitting/MapServer/2","title":"Street light L046334"},"type":"Feature"},{"geometry":{"coordinates":[-90.24704804503702,38.661565225664184],"type":"Point"},"id":"stl-city-public-streetlights:2:153481","properties":{"address":null,"attributes":{"Date_Installed":null,"LED_Powered":0,"LightID":"L046335","Light_Source":"LED","Light_Type":"Cobra","Lighting_Type":"LED-Powered Lamp","Verification_Date":null},"id":"stl-city-public-streetlights:2:153481","sourceLayerId":2,"sourceObjectId":153481,"sourceURL":"https://maps8.stlouis-mo.gov/arcgis/rest/services/STREETS/Streets_Permitting/MapServer/2","title":"Street light L046335"},"type":"Feature"},{"geometry":{"coordinates":[-90.24666709726799,38.661399931922546],"type":"Point"},"id":"stl-city-public-streetlights:2:153482","properties":{"address":null,"attributes":{"Date_Installed":null,"LED_Powered":1,"LightID":"L046336","Light_Source":"LED","Light_Type":"Cobra","Lighting_Type":"LED-Powered Lamp","Verification_Date":null},"id":"stl-city-public-streetlights:2:153482","sourceLayerId":2,"sourceObjectId":153482,"sourceURL":"https://maps8.stlouis-mo.gov/arcgis/rest/services/STREETS/Streets_Permitting/MapServer/2","title":"Street light L046336"},"type":"Feature"},{"geometry":{"coordinates":[-90.24628354368956,38.66123282140592],"type":"Point"},"id":"stl-city-public-streetlights:2:153483","properties":{"address":null,"attributes":{"Date_Installed":null,"LED_Powered":1,"LightID":"L046337","Light_Source":"LED","Light_Type":"Cobra","Lighting_Type":"LED-Powered Lamp","Verification_Date":null},"id":"stl-city-public-streetlights:2:153483","sourceLayerId":2,"sourceObjectId":153483,"sourceURL":"https://maps8.stlouis-mo.gov/arcgis/rest/services/STREETS/Streets_Permitting/MapServer/2","title":"Street light L046337"},"type":"Feature"},{"geometry":{"coordinates":[-90.2459029078295,38.66106609704185],"type":"Point"},"id":"stl-city-public-streetlights:2:153484","properties":{"address":null,"attributes":{"Date_Installed":null,"LED_Powered":0,"LightID":"L046338","Light_Source":"LED","Light_Type":"Cobra","Lighting_Type":"LED-Powered Lamp","Verification_Date":null},"id":"stl-city-public-streetlights:2:153484","sourceLayerId":2,"sourceObjectId":153484,"sourceURL":"https://maps8.stlouis-mo.gov/arcgis/rest/services/STREETS/Streets_Permitting/MapServer/2","title":"Street light L046338"},"type":"Feature"},{"geometry":{"coordinates":[-90.24554033213927,38.660908229497906],"type":"Point"},"id":"stl-city-public-streetlights:2:153485","properties":{"address":null,"attributes":{"Date_Installed":"1/18/2018","LED_Powered":1,"LightID":"L046339","Light_Source":"LED","Light_Type":"Cobra","Lighting_Type":"LED-Powered Lamp","Verification_Date":null},"id":"stl-city-public-streetlights:2:153485","sourceLayerId":2,"sourceObjectId":153485,"sourceURL":"https://maps8.stlouis-mo.gov/arcgis/rest/services/STREETS/Streets_Permitting/MapServer/2","title":"Street light L046339"},"type":"Feature"},{"geometry":{"coordinates":[-90.24516726348614,38.66074346150627],"type":"Point"},"id":"stl-city-public-streetlights:2:153486","properties":{"address":null,"attributes":{"Date_Installed":"1/18/2018","LED_Powered":1,"LightID":"L046340","Light_Source":"LED","Light_Type":"Cobra","Lighting_Type":"LED-Powered Lamp","Verification_Date":null},"id":"stl-city-public-streetlights:2:153486","sourceLayerId":2,"sourceObjectId":153486,"sourceURL":"https://maps8.stlouis-mo.gov/arcgis/rest/services/STREETS/Streets_Permitting/MapServer/2","title":"Street light L046340"},"type":"Feature"},{"geometry":{"coordinates":[-90.24480074870917,38.660582722770556],"type":"Point"},"id":"stl-city-public-streetlights:2:153487","properties":{"address":null,"attributes":{"Date_Installed":"1/18/2018","LED_Powered":1,"LightID":"L046341","Light_Source":"LED","Light_Type":"Cobra","Lighting_Type":"LED-Powered Lamp","Verification_Date":null},"id":"stl-city-public-streetlights:2:153487","sourceLayerId":2,"sourceObjectId":153487,"sourceURL":"https://maps8.stlouis-mo.gov/arcgis/rest/services/STREETS/Streets_Permitting/MapServer/2","title":"Street light L046341"},"type":"Feature"},{"geometry":{"coordinates":[-90.24443637110228,38.66041984254375],"type":"Point"},"id":"stl-city-public-streetlights:2:153488","properties":{"address":null,"attributes":{"Date_Installed":"1/18/2018","LED_Powered":1,"LightID":"L046342","Light_Source":"LED","Light_Type":"Cobra","Lighting_Type":"LED-Powered Lamp","Verification_Date":null},"id":"stl-city-public-streetlights:2:153488","sourceLayerId":2,"sourceObjectId":153488,"sourceURL":"https://maps8.stlouis-mo.gov/arcgis/rest/services/STREETS/Streets_Permitting/MapServer/2","title":"Street light L046342"},"type":"Feature"},{"geometry":{"coordinates":[-90.24407272671704,38.66026512661283],"type":"Point"},"id":"stl-city-public-streetlights:2:153489","properties":{"address":null,"attributes":{"Date_Installed":"1/18/2018","LED_Powered":1,"LightID":"L046343","Light_Source":"LED","Light_Type":"Cobra","Lighting_Type":"LED-Powered Lamp","Verification_Date":null},"id":"stl-city-public-streetlights:2:153489","sourceLayerId":2,"sourceObjectId":153489,"sourceURL":"https://maps8.stlouis-mo.gov/arcgis/rest/services/STREETS/Streets_Permitting/MapServer/2","title":"Street light L046343"},"type":"Feature"},{"geometry":{"coordinates":[-90.243709401459,38.6601064175215],"type":"Point"},"id":"stl-city-public-streetlights:2:153490","properties":{"address":null,"attributes":{"Date_Installed":"1/18/2018","LED_Powered":1,"LightID":"L046344","Light_Source":"LED","Light_Type":"Cobra","Lighting_Type":"LED-Powered Lamp","Verification_Date":null},"id":"stl-city-public-streetlights:2:153490","sourceLayerId":2,"sourceObjectId":153490,"sourceURL":"https://maps8.stlouis-mo.gov/arcgis/rest/services/STREETS/Streets_Permitting/MapServer/2","title":"Street light L046344"},"type":"Feature"},{"geometry":{"coordinates":[-90.24608376762515,38.66012149187999],"type":"Point"},"id":"stl-city-public-streetlights:2:153496","properties":{"address":null,"attributes":{"Date_Installed":"1/18/2018","LED_Powered":1,"LightID":"L046350","Light_Source":"LED","Light_Type":"Cobra","Lighting_Type":"LED-Powered Lamp","Verification_Date":null},"id":"stl-city-public-streetlights:2:153496","sourceLayerId":2,"sourceObjectId":153496,"sourceURL":"https://maps8.stlouis-mo.gov/arcgis/rest/services/STREETS/Streets_Permitting/MapServer/2","title":"Street light L046350"},"type":"Feature"},{"geometry":{"coordinates":[-90.24647487625208,38.6602912185066],"type":"Point"},"id":"stl-city-public-streetlights:2:153497","properties":{"address":null,"attributes":{"Date_Installed":null,"LED_Powered":0,"LightID":"L046351","Light_Source":"LED","Light_Type":"Cobra","Lighting_Type":"LED-Powered Lamp","Verification_Date":null},"id":"stl-city-public-streetlights:2:153497","sourceLayerId":2,"sourceObjectId":153497,"sourceURL":"https://maps8.stlouis-mo.gov/arcgis/rest/services/STREETS/Streets_Permitting/MapServer/2","title":"Street light L046351"},"type":"Feature"},{"geometry":{"coordinates":[-90.24683654396678,38.66044788843089],"type":"Point"},"id":"stl-city-public-streetlights:2:153498","properties":{"address":null,"attributes":{"Date_Installed":null,"LED_Powered":0,"LightID":"L046352","Light_Source":"LED","Light_Type":"Cobra","Lighting_Type":"LED-Powered Lamp","Verification_Date":null},"id":"stl-city-public-streetlights:2:153498","sourceLayerId":2,"sourceObjectId":153498,"sourceURL":"https://maps8.stlouis-mo.gov/arcgis/rest/services/STREETS/Streets_Permitting/MapServer/2","title":"Street light L046352"},"type":"Feature"},{"geometry":{"coordinates":[-90.24721050069293,38.66061137827519],"type":"Point"},"id":"stl-city-public-streetlights:2:153499","properties":{"address":null,"attributes":{"Date_Installed":null,"LED_Powered":0,"LightID":"L046353","Light_Source":"LED","Light_Type":"Cobra","Lighting_Type":"LED-Powered Lamp","Verification_Date":null},"id":"stl-city-public-streetlights:2:153499","sourceLayerId":2,"sourceObjectId":153499,"sourceURL":"https://maps8.stlouis-mo.gov/arcgis/rest/services/STREETS/Streets_Permitting/MapServer/2","title":"Street light L046353"},"type":"Feature"},{"geometry":{"coordinates":[-90.24759750693958,38.66078144992663],"type":"Point"},"id":"stl-city-public-streetlights:2:153500","properties":{"address":null,"attributes":{"Date_Installed":null,"LED_Powered":0,"LightID":"L046354","Light_Source":"LED","Light_Type":"Cobra","Lighting_Type":"LED-Powered Lamp","Verification_Date":null},"id":"stl-city-public-streetlights:2:153500","sourceLayerId":2,"sourceObjectId":153500,"sourceURL":"https://maps8.stlouis-mo.gov/arcgis/rest/services/STREETS/Streets_Permitting/MapServer/2","title":"Street light L046354"},"type":"Feature"},{"geometry":{"coordinates":[-90.24797222067001,38.6609469641558],"type":"Point"},"id":"stl-city-public-streetlights:2:153501","properties":{"address":null,"attributes":{"Date_Installed":null,"LED_Powered":0,"LightID":"L046355","Light_Source":"LED","Light_Type":"Cobra","Lighting_Type":"LED-Powered Lamp","Verification_Date":null},"id":"stl-city-public-streetlights:2:153501","sourceLayerId":2,"sourceObjectId":153501,"sourceURL":"https://maps8.stlouis-mo.gov/arcgis/rest/services/STREETS/Streets_Permitting/MapServer/2","title":"Street light L046355"},"type":"Feature"},{"geometry":{"coordinates":[-90.24834876239017,38.661112004546],"type":"Point"},"id":"stl-city-public-streetlights:2:153502","properties":{"address":null,"attributes":{"Date_Installed":null,"LED_Powered":0,"LightID":"L046356","Light_Source":"LED","Light_Type":"Cobra","Lighting_Type":"LED-Powered Lamp","Verification_Date":null},"id":"stl-city-public-streetlights:2:153502","sourceLayerId":2,"sourceObjectId":153502,"sourceURL":"https://maps8.stlouis-mo.gov/arcgis/rest/services/STREETS/Streets_Permitting/MapServer/2","title":"Street light L046356"},"type":"Feature"},{"geometry":{"coordinates":[-90.24873485820709,38.661283738908594],"type":"Point"},"id":"stl-city-public-streetlights:2:153503","properties":{"address":null,"attributes":{"Date_Installed":null,"LED_Powered":0,"LightID":"L046357","Light_Source":"LED","Light_Type":"Cobra","Lighting_Type":"LED-Powered Lamp","Verification_Date":null},"id":"stl-city-public-streetlights:2:153503","sourceLayerId":2,"sourceObjectId":153503,"sourceURL":"https://maps8.stlouis-mo.gov/arcgis/rest/services/STREETS/Streets_Permitting/MapServer/2","title":"Street light L046357"},"type":"Feature"},{"geometry":{"coordinates":[-90.24912340232328,38.66145112596593],"type":"Point"},"id":"stl-city-public-streetlights:2:153504","properties":{"address":null,"attributes":{"Date_Installed":null,"LED_Powered":0,"LightID":"L046358","Light_Source":"LED","Light_Type":"Cobra","Lighting_Type":"LED-Powered Lamp","Verification_Date":null},"id":"stl-city-public-streetlights:2:153504","sourceLayerId":2,"sourceObjectId":153504,"sourceURL":"https://maps8.stlouis-mo.gov/arcgis/rest/services/STREETS/Streets_Permitting/MapServer/2","title":"Street light L046358"},"type":"Feature"},{"geometry":{"coordinates":[-90.2495092810597,38.66162059247409],"type":"Point"},"id":"stl-city-public-streetlights:2:153505","properties":{"address":null,"attributes":{"Date_Installed":null,"LED_Powered":0,"LightID":"L046359","Light_Source":"LED","Light_Type":"Cobra","Lighting_Type":"LED-Powered Lamp","Verification_Date":null},"id":"stl-city-public-streetlights:2:153505","sourceLayerId":2,"sourceObjectId":153505,"sourceURL":"https://maps8.stlouis-mo.gov/arcgis/rest/services/STREETS/Streets_Permitting/MapServer/2","title":"Street light L046359"},"type":"Feature"},{"geometry":{"coordinates":[-90.24985252730208,38.66176738313712],"type":"Point"},"id":"stl-city-public-streetlights:2:153506","properties":{"address":null,"attributes":{"Date_Installed":null,"LED_Powered":0,"LightID":"L046360","Light_Source":"LED","Light_Type":"Cobra","Lighting_Type":"LED-Powered Lamp","Verification_Date":null},"id":"stl-city-public-streetlights:2:153506","sourceLayerId":2,"sourceObjectId":153506,"sourceURL":"https://maps8.stlouis-mo.gov/arcgis/rest/services/STREETS/Streets_Permitting/MapServer/2","title":"Street light L046360"},"type":"Feature"},{"geometry":{"coordinates":[-90.24967074211415,38.66066223507731],"type":"Point"},"id":"stl-city-public-streetlights:2:153515","properties":{"address":null,"attributes":{"Date_Installed":null,"LED_Powered":0,"LightID":"L046369","Light_Source":"LED","Light_Type":"Cobra","Lighting_Type":"LED-Powered Lamp","Verification_Date":null},"id":"stl-city-public-streetlights:2:153515","sourceLayerId":2,"sourceObjectId":153515,"sourceURL":"https://maps8.stlouis-mo.gov/arcgis/rest/services/STREETS/Streets_Permitting/MapServer/2","title":"Street light L046369"},"type":"Feature"},{"geometry":{"coordinates":[-90.2492899537457,38.660494687165865],"type":"Point"},"id":"stl-city-public-streetlights:2:153516","properties":{"address":null,"attributes":{"Date_Installed":null,"LED_Powered":0,"LightID":"L046370","Light_Source":"LED","Light_Type":"Cobra","Lighting_Type":"LED-Powered Lamp","Verification_Date":null},"id":"stl-city-public-streetlights:2:153516","sourceLayerId":2,"sourceObjectId":153516,"sourceURL":"https://maps8.stlouis-mo.gov/arcgis/rest/services/STREETS/Streets_Permitting/MapServer/2","title":"Street light L046370"},"type":"Feature"},{"geometry":{"coordinates":[-90.24892130720647,38.66033276488341],"type":"Point"},"id":"stl-city-public-streetlights:2:153517","properties":{"address":null,"attributes":{"Date_Installed":null,"LED_Powered":0,"LightID":"L046371","Light_Source":"LED","Light_Type":"Cobra","Lighting_Type":"LED-Powered Lamp","Verification_Date":null},"id":"stl-city-public-streetlights:2:153517","sourceLayerId":2,"sourceObjectId":153517,"sourceURL":"https://maps8.stlouis-mo.gov/arcgis/rest/services/STREETS/Streets_Permitting/MapServer/2","title":"Street light L046371"},"type":"Feature"},{"geometry":{"coordinates":[-90.24852882258949,38.66016380652298],"type":"Point"},"id":"stl-city-public-streetlights:2:153518","properties":{"address":null,"attributes":{"Date_Installed":null,"LED_Powered":0,"LightID":"L046372","Light_Source":"LED","Light_Type":"Cobra","Lighting_Type":"LED-Powered Lamp","Verification_Date":null},"id":"stl-city-public-streetlights:2:153518","sourceLayerId":2,"sourceObjectId":153518,"sourceURL":"https://maps8.stlouis-mo.gov/arcgis/rest/services/STREETS/Streets_Permitting/MapServer/2","title":"Street light L046372"},"type":"Feature"},{"geometry":{"coordinates":[-90.24633445082827,38.660377901826344],"type":"Point"},"id":"stl-city-public-streetlights:2:153537","properties":{"address":null,"attributes":{"Date_Installed":null,"LED_Powered":0,"LightID":"L046391","Light_Source":"LED","Light_Type":"Cobra","Lighting_Type":"LED-Powered Lamp","Verification_Date":null},"id":"stl-city-public-streetlights:2:153537","sourceLayerId":2,"sourceObjectId":153537,"sourceURL":"https://maps8.stlouis-mo.gov/arcgis/rest/services/STREETS/Streets_Permitting/MapServer/2","title":"Street light L046391"},"type":"Feature"},{"geometry":{"coordinates":[-90.24603889288205,38.66079305544917],"type":"Point"},"id":"stl-city-public-streetlights:2:153538","properties":{"address":null,"attributes":{"Date_Installed":null,"LED_Powered":0,"LightID":"L046392","Light_Source":"LED","Light_Type":"Cobra","Lighting_Type":"LED-Powered Lamp","Verification_Date":null},"id":"stl-city-public-streetlights:2:153538","sourceLayerId":2,"sourceObjectId":153538,"sourceURL":"https://maps8.stlouis-mo.gov/arcgis/rest/services/STREETS/Streets_Permitting/MapServer/2","title":"Street light L046392"},"type":"Feature"},{"geometry":{"coordinates":[-90.24573780633527,38.66121460787928],"type":"Point"},"id":"stl-city-public-streetlights:2:153539","properties":{"address":null,"attributes":{"Date_Installed":null,"LED_Powered":0,"LightID":"L046393","Light_Source":"LED","Light_Type":"Cobra","Lighting_Type":"LED-Powered Lamp","Verification_Date":null},"id":"stl-city-public-streetlights:2:153539","sourceLayerId":2,"sourceObjectId":153539,"sourceURL":"https://maps8.stlouis-mo.gov/arcgis/rest/services/STREETS/Streets_Permitting/MapServer/2","title":"Street light L046393"},"type":"Feature"},{"geometry":{"coordinates":[-90.24544332722752,38.66163205142531],"type":"Point"},"id":"stl-city-public-streetlights:2:153540","properties":{"address":null,"attributes":{"Date_Installed":null,"LED_Powered":0,"LightID":"L046394","Light_Source":"LED","Light_Type":"Cobra","Lighting_Type":"LED-Powered Lamp","Verification_Date":null},"id":"stl-city-public-streetlights:2:153540","sourceLayerId":2,"sourceObjectId":153540,"sourceURL":"https://maps8.stlouis-mo.gov/arcgis/rest/services/STREETS/Streets_Permitting/MapServer/2","title":"Street light L046394"},"type":"Feature"},{"geometry":{"coordinates":[-90.24242521593439,38.66498600969806],"type":"Point"},"id":"stl-city-public-streetlights:2:153598","properties":{"address":null,"attributes":{"Date_Installed":null,"LED_Powered":1,"LightID":"L046452","Light_Source":"LED","Light_Type":"Cobra","Lighting_Type":"LED-Powered Lamp","Verification_Date":null},"id":"stl-city-public-streetlights:2:153598","sourceLayerId":2,"sourceObjectId":153598,"sourceURL":"https://maps8.stlouis-mo.gov/arcgis/rest/services/STREETS/Streets_Permitting/MapServer/2","title":"Street light L046452"},"type":"Feature"},{"geometry":{"coordinates":[-90.24191207680798,38.66476022394633],"type":"Point"},"id":"stl-city-public-streetlights:2:153599","properties":{"address":null,"attributes":{"Date_Installed":null,"LED_Powered":1,"LightID":"L046453","Light_Source":"LED","Light_Type":"Cobra","Lighting_Type":"LED-Powered Lamp","Verification_Date":null},"id":"stl-city-public-streetlights:2:153599","sourceLayerId":2,"sourceObjectId":153599,"sourceURL":"https://maps8.stlouis-mo.gov/arcgis/rest/services/STREETS/Streets_Permitting/MapServer/2","title":"Street light L046453"},"type":"Feature"},{"geometry":{"coordinates":[-90.24140045595009,38.66453586990128],"type":"Point"},"id":"stl-city-public-streetlights:2:153600","properties":{"address":null,"attributes":{"Date_Installed":null,"LED_Powered":1,"LightID":"L046454","Light_Source":"LED","Light_Type":"Cobra","Lighting_Type":"LED-Powered Lamp","Verification_Date":null},"id":"stl-city-public-streetlights:2:153600","sourceLayerId":2,"sourceObjectId":153600,"sourceURL":"https://maps8.stlouis-mo.gov/arcgis/rest/services/STREETS/Streets_Permitting/MapServer/2","title":"Street light L046454"},"type":"Feature"},{"geometry":{"coordinates":[-90.24090052221106,38.66431714120744],"type":"Point"},"id":"stl-city-public-streetlights:2:153601","properties":{"address":null,"attributes":{"Date_Installed":null,"LED_Powered":1,"LightID":"L046455","Light_Source":"LED","Light_Type":"Cobra","Lighting_Type":"LED-Powered Lamp","Verification_Date":null},"id":"stl-city-public-streetlights:2:153601","sourceLayerId":2,"sourceObjectId":153601,"sourceURL":"https://maps8.stlouis-mo.gov/arcgis/rest/services/STREETS/Streets_Permitting/MapServer/2","title":"Street light L046455"},"type":"Feature"},{"geometry":{"coordinates":[-90.24084470746163,38.66321210318658],"type":"Point"},"id":"stl-city-public-streetlights:2:153602","properties":{"address":null,"attributes":{"Date_Installed":null,"LED_Powered":1,"LightID":"L046456","Light_Source":"LED","Light_Type":"Cobra","Lighting_Type":"LED-Powered Lamp","Verification_Date":null},"id":"stl-city-public-streetlights:2:153602","sourceLayerId":2,"sourceObjectId":153602,"sourceURL":"https://maps8.stlouis-mo.gov/arcgis/rest/services/STREETS/Streets_Permitting/MapServer/2","title":"Street light L046456"},"type":"Feature"},{"geometry":{"coordinates":[-90.24030140365834,38.66296777173029],"type":"Point"},"id":"stl-city-public-streetlights:2:153603","properties":{"address":null,"attributes":{"Date_Installed":null,"LED_Powered":1,"LightID":"L046457","Light_Source":"LED","Light_Type":"Cobra","Lighting_Type":"LED-Powered Lamp","Verification_Date":null},"id":"stl-city-public-streetlights:2:153603","sourceLayerId":2,"sourceObjectId":153603,"sourceURL":"https://maps8.stlouis-mo.gov/arcgis/rest/services/STREETS/Streets_Permitting/MapServer/2","title":"Street light L046457"},"type":"Feature"},{"geometry":{"coordinates":[-90.24039963470199,38.66438601951087],"type":"Point"},"id":"stl-city-public-streetlights:2:154283","properties":{"address":null,"attributes":{"Date_Installed":null,"LED_Powered":0,"LightID":"L047137","Light_Source":"High Pressure Sodium","Light_Type":"Cobra","Lighting_Type":"400-W High Pressure Sodium Vapor Lamp","Verification_Date":null},"id":"stl-city-public-streetlights:2:154283","sourceLayerId":2,"sourceObjectId":154283,"sourceURL":"https://maps8.stlouis-mo.gov/arcgis/rest/services/STREETS/Streets_Permitting/MapServer/2","title":"Street light L047137"},"type":"Feature"},{"geometry":{"coordinates":[-90.24012467048358,38.66475839437769],"type":"Point"},"id":"stl-city-public-streetlights:2:154284","properties":{"address":null,"attributes":{"Date_Installed":null,"LED_Powered":0,"LightID":"L047138","Light_Source":"High Pressure Sodium","Light_Type":"Cobra","Lighting_Type":"400-W High Pressure Sodium Vapor Lamp","Verification_Date":null},"id":"stl-city-public-streetlights:2:154284","sourceLayerId":2,"sourceObjectId":154284,"sourceURL":"https://maps8.stlouis-mo.gov/arcgis/rest/services/STREETS/Streets_Permitting/MapServer/2","title":"Street light L047138"},"type":"Feature"},{"geometry":{"coordinates":[-90.24391855645226,38.66321661450627],"type":"Point"},"id":"stl-city-public-streetlights:2:154418","properties":{"address":null,"attributes":{"Date_Installed":null,"LED_Powered":0,"LightID":"L047150","Light_Source":"LED","Light_Type":"Cobra","Lighting_Type":"LED-Powered Lamp","Verification_Date":null},"id":"stl-city-public-streetlights:2:154418","sourceLayerId":2,"sourceObjectId":154418,"sourceURL":"https://maps8.stlouis-mo.gov/arcgis/rest/services/STREETS/Streets_Permitting/MapServer/2","title":"Street light L047150"},"type":"Feature"},{"geometry":{"coordinates":[-90.24355187428937,38.663057540887756],"type":"Point"},"id":"stl-city-public-streetlights:2:154419","properties":{"address":null,"attributes":{"Date_Installed":null,"LED_Powered":0,"LightID":"L047151","Light_Source":"LED","Light_Type":"Cobra","Lighting_Type":"LED-Powered Lamp","Verification_Date":null},"id":"stl-city-public-streetlights:2:154419","sourceLayerId":2,"sourceObjectId":154419,"sourceURL":"https://maps8.stlouis-mo.gov/arcgis/rest/services/STREETS/Streets_Permitting/MapServer/2","title":"Street light L047151"},"type":"Feature"},{"geometry":{"coordinates":[-90.24320194653058,38.66290651087314],"type":"Point"},"id":"stl-city-public-streetlights:2:154420","properties":{"address":null,"attributes":{"Date_Installed":null,"LED_Powered":0,"LightID":"L047152","Light_Source":"LED","Light_Type":"Cobra","Lighting_Type":"LED-Powered Lamp","Verification_Date":null},"id":"stl-city-public-streetlights:2:154420","sourceLayerId":2,"sourceObjectId":154420,"sourceURL":"https://maps8.stlouis-mo.gov/arcgis/rest/services/STREETS/Streets_Permitting/MapServer/2","title":"Street light L047152"},"type":"Feature"},{"geometry":{"coordinates":[-90.24284195254457,38.66274840194363],"type":"Point"},"id":"stl-city-public-streetlights:2:154421","properties":{"address":null,"attributes":{"Date_Installed":null,"LED_Powered":0,"LightID":"L047153","Light_Source":"LED","Light_Type":"Cobra","Lighting_Type":"LED-Powered Lamp","Verification_Date":null},"id":"stl-city-public-streetlights:2:154421","sourceLayerId":2,"sourceObjectId":154421,"sourceURL":"https://maps8.stlouis-mo.gov/arcgis/rest/services/STREETS/Streets_Permitting/MapServer/2","title":"Street light L047153"},"type":"Feature"},{"geometry":{"coordinates":[-90.24247619145005,38.66258789726567],"type":"Point"},"id":"stl-city-public-streetlights:2:154422","properties":{"address":null,"attributes":{"Date_Installed":null,"LED_Powered":0,"LightID":"L047154","Light_Source":"LED","Light_Type":"Cobra","Lighting_Type":"LED-Powered Lamp","Verification_Date":null},"id":"stl-city-public-streetlights:2:154422","sourceLayerId":2,"sourceObjectId":154422,"sourceURL":"https://maps8.stlouis-mo.gov/arcgis/rest/services/STREETS/Streets_Permitting/MapServer/2","title":"Street light L047154"},"type":"Feature"},{"geometry":{"coordinates":[-90.24211649887435,38.662431216467944],"type":"Point"},"id":"stl-city-public-streetlights:2:154423","properties":{"address":null,"attributes":{"Date_Installed":"2021-04-30","LED_Powered":1,"LightID":"L047155","Light_Source":"LED","Light_Type":"Cobra","Lighting_Type":"5G Pole - 5G Pole -5G Pole - 150-W High Pressure Sodium Vapor Lamp","Verification_Date":null},"id":"stl-city-public-streetlights:2:154423","sourceLayerId":2,"sourceObjectId":154423,"sourceURL":"https://maps8.stlouis-mo.gov/arcgis/rest/services/STREETS/Streets_Permitting/MapServer/2","title":"Street light L047155"},"type":"Feature"},{"geometry":{"coordinates":[-90.24164736907248,38.66222233161883],"type":"Point"},"id":"stl-city-public-streetlights:2:154424","properties":{"address":null,"attributes":{"Date_Installed":null,"LED_Powered":0,"LightID":"L047156","Light_Source":"LED","Light_Type":"Cobra","Lighting_Type":"LED-Powered Lamp","Verification_Date":null},"id":"stl-city-public-streetlights:2:154424","sourceLayerId":2,"sourceObjectId":154424,"sourceURL":"https://maps8.stlouis-mo.gov/arcgis/rest/services/STREETS/Streets_Permitting/MapServer/2","title":"Street light L047156"},"type":"Feature"},{"geometry":{"coordinates":[-90.24128345682105,38.66205658233028],"type":"Point"},"id":"stl-city-public-streetlights:2:154425","properties":{"address":null,"attributes":{"Date_Installed":null,"LED_Powered":0,"LightID":"L047157","Light_Source":"LED","Light_Type":"Cobra","Lighting_Type":"LED-Powered Lamp","Verification_Date":null},"id":"stl-city-public-streetlights:2:154425","sourceLayerId":2,"sourceObjectId":154425,"sourceURL":"https://maps8.stlouis-mo.gov/arcgis/rest/services/STREETS/Streets_Permitting/MapServer/2","title":"Street light L047157"},"type":"Feature"},{"geometry":{"coordinates":[-90.24093344622455,38.66191431725657],"type":"Point"},"id":"stl-city-public-streetlights:2:154426","properties":{"address":null,"attributes":{"Date_Installed":null,"LED_Powered":0,"LightID":"L047158","Light_Source":"LED","Light_Type":"Cobra","Lighting_Type":"LED-Powered Lamp","Verification_Date":null},"id":"stl-city-public-streetlights:2:154426","sourceLayerId":2,"sourceObjectId":154426,"sourceURL":"https://maps8.stlouis-mo.gov/arcgis/rest/services/STREETS/Streets_Permitting/MapServer/2","title":"Street light L047158"},"type":"Feature"},{"geometry":{"coordinates":[-90.24058479522436,38.66175801474555],"type":"Point"},"id":"stl-city-public-streetlights:2:154427","properties":{"address":null,"attributes":{"Date_Installed":null,"LED_Powered":0,"LightID":"L047159","Light_Source":"LED","Light_Type":"Cobra","Lighting_Type":"LED-Powered Lamp","Verification_Date":null},"id":"stl-city-public-streetlights:2:154427","sourceLayerId":2,"sourceObjectId":154427,"sourceURL":"https://maps8.stlouis-mo.gov/arcgis/rest/services/STREETS/Streets_Permitting/MapServer/2","title":"Street light L047159"},"type":"Feature"},{"geometry":{"coordinates":[-90.24020156816577,38.66159615251459],"type":"Point"},"id":"stl-city-public-streetlights:2:154428","properties":{"address":null,"attributes":{"Date_Installed":null,"LED_Powered":0,"LightID":"L047160","Light_Source":"LED","Light_Type":"Cobra","Lighting_Type":"LED-Powered Lamp","Verification_Date":null},"id":"stl-city-public-streetlights:2:154428","sourceLayerId":2,"sourceObjectId":154428,"sourceURL":"https://maps8.stlouis-mo.gov/arcgis/rest/services/STREETS/Streets_Permitting/MapServer/2","title":"Street light L047160"},"type":"Feature"},{"geometry":{"coordinates":[-90.24266713331271,38.66067715852931],"type":"Point"},"id":"stl-city-public-streetlights:2:154446","properties":{"address":null,"attributes":{"Date_Installed":null,"LED_Powered":0,"LightID":"L047178","Light_Source":"LED","Light_Type":"Cobra","Lighting_Type":"LED-Powered Lamp","Verification_Date":null},"id":"stl-city-public-streetlights:2:154446","sourceLayerId":2,"sourceObjectId":154446,"sourceURL":"https://maps8.stlouis-mo.gov/arcgis/rest/services/STREETS/Streets_Permitting/MapServer/2","title":"Street light L047178"},"type":"Feature"},{"geometry":{"coordinates":[-90.24224590678246,38.66049448187179],"type":"Point"},"id":"stl-city-public-streetlights:2:154447","properties":{"address":null,"attributes":{"Date_Installed":null,"LED_Powered":0,"LightID":"L047179","Light_Source":"LED","Light_Type":"Cobra","Lighting_Type":"LED-Powered Lamp","Verification_Date":null},"id":"stl-city-public-streetlights:2:154447","sourceLayerId":2,"sourceObjectId":154447,"sourceURL":"https://maps8.stlouis-mo.gov/arcgis/rest/services/STREETS/Streets_Permitting/MapServer/2","title":"Street light L047179"},"type":"Feature"},{"geometry":{"coordinates":[-90.24186648305326,38.66033275236182],"type":"Point"},"id":"stl-city-public-streetlights:2:154448","properties":{"address":null,"attributes":{"Date_Installed":null,"LED_Powered":0,"LightID":"L047180","Light_Source":"LED","Light_Type":"Cobra","Lighting_Type":"LED-Powered Lamp","Verification_Date":null},"id":"stl-city-public-streetlights:2:154448","sourceLayerId":2,"sourceObjectId":154448,"sourceURL":"https://maps8.stlouis-mo.gov/arcgis/rest/services/STREETS/Streets_Permitting/MapServer/2","title":"Street light L047180"},"type":"Feature"},{"geometry":{"coordinates":[-90.24147192555237,38.66015311099033],"type":"Point"},"id":"stl-city-public-streetlights:2:154449","properties":{"address":null,"attributes":{"Date_Installed":null,"LED_Powered":0,"LightID":"L047181","Light_Source":"LED","Light_Type":"Cobra","Lighting_Type":"LED-Powered Lamp","Verification_Date":null},"id":"stl-city-public-streetlights:2:154449","sourceLayerId":2,"sourceObjectId":154449,"sourceURL":"https://maps8.stlouis-mo.gov/arcgis/rest/services/STREETS/Streets_Permitting/MapServer/2","title":"Street light L047181"},"type":"Feature"}],"layerId":"city-streetlights","retrievedAt":"2026-09-13T21:56:18.173251+00:00","schema":"property-infrastructure-geojson-v1","sourceId":"stl-city-public-streetlights","tileId":"-9025_3866","type":"FeatureCollection"}