{"features":[{"geometry":{"coordinates":[-90.30016605878446,38.62562540708212],"type":"Point"},"id":"stl-city-public-streetlights:2:118053","properties":{"address":null,"attributes":{"Date_Installed":null,"LED_Powered":0,"LightID":"L010778","Light_Source":"LED","Light_Type":"Cobra","Lighting_Type":"LED-Powered Lamp","Verification_Date":null},"id":"stl-city-public-streetlights:2:118053","sourceLayerId":2,"sourceObjectId":118053,"sourceURL":"https://maps8.stlouis-mo.gov/arcgis/rest/services/STREETS/Streets_Permitting/MapServer/2","title":"Street light L010778"},"type":"Feature"},{"geometry":{"coordinates":[-90.30061714619234,38.6256752193885],"type":"Point"},"id":"stl-city-public-streetlights:2:118054","properties":{"address":null,"attributes":{"Date_Installed":null,"LED_Powered":0,"LightID":"L010779","Light_Source":"LED","Light_Type":"Cobra","Lighting_Type":"LED-Powered Lamp","Verification_Date":null},"id":"stl-city-public-streetlights:2:118054","sourceLayerId":2,"sourceObjectId":118054,"sourceURL":"https://maps8.stlouis-mo.gov/arcgis/rest/services/STREETS/Streets_Permitting/MapServer/2","title":"Street light L010779"},"type":"Feature"},{"geometry":{"coordinates":[-90.30106501645433,38.625713344419516],"type":"Point"},"id":"stl-city-public-streetlights:2:118055","properties":{"address":null,"attributes":{"Date_Installed":null,"LED_Powered":0,"LightID":"L010780","Light_Source":"LED","Light_Type":"Cobra","Lighting_Type":"LED-Powered Lamp","Verification_Date":null},"id":"stl-city-public-streetlights:2:118055","sourceLayerId":2,"sourceObjectId":118055,"sourceURL":"https://maps8.stlouis-mo.gov/arcgis/rest/services/STREETS/Streets_Permitting/MapServer/2","title":"Street light L010780"},"type":"Feature"},{"geometry":{"coordinates":[-90.30872658529735,38.62000412161201],"type":"Point"},"id":"stl-city-public-streetlights:2:124550","properties":{"address":null,"attributes":{"Date_Installed":"3/26/20","LED_Powered":1,"LightID":"L017278","Light_Source":"LED","Light_Type":"Cobra","Lighting_Type":"LED-Powered Lamp","Verification_Date":null},"id":"stl-city-public-streetlights:2:124550","sourceLayerId":2,"sourceObjectId":124550,"sourceURL":"https://maps8.stlouis-mo.gov/arcgis/rest/services/STREETS/Streets_Permitting/MapServer/2","title":"Street light L017278"},"type":"Feature"},{"geometry":{"coordinates":[-90.30917766098153,38.62004776313183],"type":"Point"},"id":"stl-city-public-streetlights:2:124551","properties":{"address":null,"attributes":{"Date_Installed":"3/26/20","LED_Powered":1,"LightID":"L017279","Light_Source":"LED","Light_Type":"Cobra","Lighting_Type":"LED-Powered Lamp","Verification_Date":null},"id":"stl-city-public-streetlights:2:124551","sourceLayerId":2,"sourceObjectId":124551,"sourceURL":"https://maps8.stlouis-mo.gov/arcgis/rest/services/STREETS/Streets_Permitting/MapServer/2","title":"Street light L017279"},"type":"Feature"},{"geometry":{"coordinates":[-90.3096413396669,38.62009380717987],"type":"Point"},"id":"stl-city-public-streetlights:2:124552","properties":{"address":null,"attributes":{"Date_Installed":"3/26/20","LED_Powered":1,"LightID":"L017280","Light_Source":"LED","Light_Type":"Cobra","Lighting_Type":"LED-Powered Lamp","Verification_Date":null},"id":"stl-city-public-streetlights:2:124552","sourceLayerId":2,"sourceObjectId":124552,"sourceURL":"https://maps8.stlouis-mo.gov/arcgis/rest/services/STREETS/Streets_Permitting/MapServer/2","title":"Street light L017280"},"type":"Feature"},{"geometry":{"coordinates":[-90.30968646357843,38.622075362230554],"type":"Point"},"id":"stl-city-public-streetlights:2:124555","properties":{"address":null,"attributes":{"Date_Installed":"3/26/20","LED_Powered":1,"LightID":"L017283","Light_Source":"LED","Light_Type":"Cobra","Lighting_Type":"LED-Powered Lamp","Verification_Date":null},"id":"stl-city-public-streetlights:2:124555","sourceLayerId":2,"sourceObjectId":124555,"sourceURL":"https://maps8.stlouis-mo.gov/arcgis/rest/services/STREETS/Streets_Permitting/MapServer/2","title":"Street light L017283"},"type":"Feature"},{"geometry":{"coordinates":[-90.30923659301368,38.622030532758735],"type":"Point"},"id":"stl-city-public-streetlights:2:124556","properties":{"address":null,"attributes":{"Date_Installed":"3/26/20","LED_Powered":1,"LightID":"L017284","Light_Source":"LED","Light_Type":"Cobra","Lighting_Type":"LED-Powered Lamp","Verification_Date":null},"id":"stl-city-public-streetlights:2:124556","sourceLayerId":2,"sourceObjectId":124556,"sourceURL":"https://maps8.stlouis-mo.gov/arcgis/rest/services/STREETS/Streets_Permitting/MapServer/2","title":"Street light L017284"},"type":"Feature"},{"geometry":{"coordinates":[-90.30878247693968,38.621983310857104],"type":"Point"},"id":"stl-city-public-streetlights:2:124557","properties":{"address":null,"attributes":{"Date_Installed":"3/26/20","LED_Powered":1,"LightID":"L017285","Light_Source":"LED","Light_Type":"Cobra","Lighting_Type":"LED-Powered Lamp","Verification_Date":null},"id":"stl-city-public-streetlights:2:124557","sourceLayerId":2,"sourceObjectId":124557,"sourceURL":"https://maps8.stlouis-mo.gov/arcgis/rest/services/STREETS/Streets_Permitting/MapServer/2","title":"Street light L017285"},"type":"Feature"},{"geometry":{"coordinates":[-90.30834042471022,38.62191250896758],"type":"Point"},"id":"stl-city-public-streetlights:2:124558","properties":{"address":null,"attributes":{"Date_Installed":"3/26/20","LED_Powered":1,"LightID":"L017286","Light_Source":"LED","Light_Type":"Cobra","Lighting_Type":"LED-Powered Lamp","Verification_Date":null},"id":"stl-city-public-streetlights:2:124558","sourceLayerId":2,"sourceObjectId":124558,"sourceURL":"https://maps8.stlouis-mo.gov/arcgis/rest/services/STREETS/Streets_Permitting/MapServer/2","title":"Street light L017286"},"type":"Feature"},{"geometry":{"coordinates":[-90.30828989872968,38.6203168501939],"type":"Point"},"id":"stl-city-public-streetlights:2:124559","properties":{"address":null,"attributes":{"Date_Installed":"3/26/20","LED_Powered":1,"LightID":"L017287","Light_Source":"LED","Light_Type":"Cobra","Lighting_Type":"LED-Powered Lamp","Verification_Date":null},"id":"stl-city-public-streetlights:2:124559","sourceLayerId":2,"sourceObjectId":124559,"sourceURL":"https://maps8.stlouis-mo.gov/arcgis/rest/services/STREETS/Streets_Permitting/MapServer/2","title":"Street light L017287"},"type":"Feature"},{"geometry":{"coordinates":[-90.3078667608269,38.620278495228696],"type":"Point"},"id":"stl-city-public-streetlights:2:124560","properties":{"address":null,"attributes":{"Date_Installed":"3/26/20","LED_Powered":1,"LightID":"L017288","Light_Source":"LED","Light_Type":"Cobra","Lighting_Type":"LED-Powered Lamp","Verification_Date":null},"id":"stl-city-public-streetlights:2:124560","sourceLayerId":2,"sourceObjectId":124560,"sourceURL":"https://maps8.stlouis-mo.gov/arcgis/rest/services/STREETS/Streets_Permitting/MapServer/2","title":"Street light L017288"},"type":"Feature"},{"geometry":{"coordinates":[-90.30744604670525,38.620242167929696],"type":"Point"},"id":"stl-city-public-streetlights:2:124561","properties":{"address":null,"attributes":{"Date_Installed":"3/26/20","LED_Powered":1,"LightID":"L017289","Light_Source":"LED","Light_Type":"Cobra","Lighting_Type":"LED-Powered Lamp","Verification_Date":null},"id":"stl-city-public-streetlights:2:124561","sourceLayerId":2,"sourceObjectId":124561,"sourceURL":"https://maps8.stlouis-mo.gov/arcgis/rest/services/STREETS/Streets_Permitting/MapServer/2","title":"Street light L017289"},"type":"Feature"},{"geometry":{"coordinates":[-90.30701560324835,38.62020963745345],"type":"Point"},"id":"stl-city-public-streetlights:2:124562","properties":{"address":null,"attributes":{"Date_Installed":"3/26/20","LED_Powered":1,"LightID":"L017290","Light_Source":"LED","Light_Type":"Cobra","Lighting_Type":"LED-Powered Lamp","Verification_Date":null},"id":"stl-city-public-streetlights:2:124562","sourceLayerId":2,"sourceObjectId":124562,"sourceURL":"https://maps8.stlouis-mo.gov/arcgis/rest/services/STREETS/Streets_Permitting/MapServer/2","title":"Street light L017290"},"type":"Feature"},{"geometry":{"coordinates":[-90.30656727169206,38.62016241739305],"type":"Point"},"id":"stl-city-public-streetlights:2:124563","properties":{"address":null,"attributes":{"Date_Installed":null,"LED_Powered":0,"LightID":"L017291","Light_Source":"LED","Light_Type":"Cobra","Lighting_Type":"LED-Powered Lamp","Verification_Date":null},"id":"stl-city-public-streetlights:2:124563","sourceLayerId":2,"sourceObjectId":124563,"sourceURL":"https://maps8.stlouis-mo.gov/arcgis/rest/services/STREETS/Streets_Permitting/MapServer/2","title":"Street light L017291"},"type":"Feature"},{"geometry":{"coordinates":[-90.30607777167232,38.620115126493],"type":"Point"},"id":"stl-city-public-streetlights:2:124564","properties":{"address":null,"attributes":{"Date_Installed":"3/26/20","LED_Powered":1,"LightID":"L017292","Light_Source":"LED","Light_Type":"Cobra","Lighting_Type":"LED-Powered Lamp","Verification_Date":null},"id":"stl-city-public-streetlights:2:124564","sourceLayerId":2,"sourceObjectId":124564,"sourceURL":"https://maps8.stlouis-mo.gov/arcgis/rest/services/STREETS/Streets_Permitting/MapServer/2","title":"Street light L017292"},"type":"Feature"},{"geometry":{"coordinates":[-90.30562515894638,38.62007862086003],"type":"Point"},"id":"stl-city-public-streetlights:2:124565","properties":{"address":null,"attributes":{"Date_Installed":"3/26/20","LED_Powered":1,"LightID":"L017293","Light_Source":"LED","Light_Type":"Cobra","Lighting_Type":"LED-Powered Lamp","Verification_Date":null},"id":"stl-city-public-streetlights:2:124565","sourceLayerId":2,"sourceObjectId":124565,"sourceURL":"https://maps8.stlouis-mo.gov/arcgis/rest/services/STREETS/Streets_Permitting/MapServer/2","title":"Street light L017293"},"type":"Feature"},{"geometry":{"coordinates":[-90.30515631423005,38.62003386309663],"type":"Point"},"id":"stl-city-public-streetlights:2:124566","properties":{"address":null,"attributes":{"Date_Installed":"3/26/20","LED_Powered":1,"LightID":"L017294","Light_Source":"LED","Light_Type":"Cobra","Lighting_Type":"LED-Powered Lamp","Verification_Date":null},"id":"stl-city-public-streetlights:2:124566","sourceLayerId":2,"sourceObjectId":124566,"sourceURL":"https://maps8.stlouis-mo.gov/arcgis/rest/services/STREETS/Streets_Permitting/MapServer/2","title":"Street light L017294"},"type":"Feature"},{"geometry":{"coordinates":[-90.3009502534743,38.620242823243544],"type":"Point"},"id":"stl-city-public-streetlights:2:124577","properties":{"address":null,"attributes":{"Date_Installed":null,"LED_Powered":0,"LightID":"L017305","Light_Source":"LED","Light_Type":"Cobra","Lighting_Type":"LED-Powered Lamp","Verification_Date":null},"id":"stl-city-public-streetlights:2:124577","sourceLayerId":2,"sourceObjectId":124577,"sourceURL":"https://maps8.stlouis-mo.gov/arcgis/rest/services/STREETS/Streets_Permitting/MapServer/2","title":"Street light L017305"},"type":"Feature"},{"geometry":{"coordinates":[-90.30087504617005,38.620630271146815],"type":"Point"},"id":"stl-city-public-streetlights:2:124578","properties":{"address":null,"attributes":{"Date_Installed":null,"LED_Powered":0,"LightID":"L017306","Light_Source":"LED","Light_Type":"Cobra","Lighting_Type":"LED-Powered Lamp","Verification_Date":null},"id":"stl-city-public-streetlights:2:124578","sourceLayerId":2,"sourceObjectId":124578,"sourceURL":"https://maps8.stlouis-mo.gov/arcgis/rest/services/STREETS/Streets_Permitting/MapServer/2","title":"Street light L017306"},"type":"Feature"},{"geometry":{"coordinates":[-90.30177864185426,38.620929579305766],"type":"Point"},"id":"stl-city-public-streetlights:2:124579","properties":{"address":null,"attributes":{"Date_Installed":"3/26/20","LED_Powered":1,"LightID":"L017307","Light_Source":"LED","Light_Type":"Cobra","Lighting_Type":"LED-Powered Lamp","Verification_Date":null},"id":"stl-city-public-streetlights:2:124579","sourceLayerId":2,"sourceObjectId":124579,"sourceURL":"https://maps8.stlouis-mo.gov/arcgis/rest/services/STREETS/Streets_Permitting/MapServer/2","title":"Street light L017307"},"type":"Feature"},{"geometry":{"coordinates":[-90.30221288500466,38.620974172297885],"type":"Point"},"id":"stl-city-public-streetlights:2:124580","properties":{"address":null,"attributes":{"Date_Installed":"3/26/20","LED_Powered":1,"LightID":"L017308","Light_Source":"LED","Light_Type":"Cobra","Lighting_Type":"LED-Powered Lamp","Verification_Date":null},"id":"stl-city-public-streetlights:2:124580","sourceLayerId":2,"sourceObjectId":124580,"sourceURL":"https://maps8.stlouis-mo.gov/arcgis/rest/services/STREETS/Streets_Permitting/MapServer/2","title":"Street light L017308"},"type":"Feature"},{"geometry":{"coordinates":[-90.30263510557005,38.62101492992079],"type":"Point"},"id":"stl-city-public-streetlights:2:124581","properties":{"address":null,"attributes":{"Date_Installed":"3/26/20","LED_Powered":1,"LightID":"L017309","Light_Source":"LED","Light_Type":"Cobra","Lighting_Type":"LED-Powered Lamp","Verification_Date":null},"id":"stl-city-public-streetlights:2:124581","sourceLayerId":2,"sourceObjectId":124581,"sourceURL":"https://maps8.stlouis-mo.gov/arcgis/rest/services/STREETS/Streets_Permitting/MapServer/2","title":"Street light L017309"},"type":"Feature"},{"geometry":{"coordinates":[-90.30306096857223,38.62105759934116],"type":"Point"},"id":"stl-city-public-streetlights:2:124582","properties":{"address":null,"attributes":{"Date_Installed":"3/26/20","LED_Powered":1,"LightID":"L017310","Light_Source":"LED","Light_Type":"Cobra","Lighting_Type":"LED-Powered Lamp","Verification_Date":null},"id":"stl-city-public-streetlights:2:124582","sourceLayerId":2,"sourceObjectId":124582,"sourceURL":"https://maps8.stlouis-mo.gov/arcgis/rest/services/STREETS/Streets_Permitting/MapServer/2","title":"Street light L017310"},"type":"Feature"},{"geometry":{"coordinates":[-90.30348295041814,38.621097400358565],"type":"Point"},"id":"stl-city-public-streetlights:2:124583","properties":{"address":null,"attributes":{"Date_Installed":"3/26/20","LED_Powered":1,"LightID":"L017311","Light_Source":"LED","Light_Type":"Cobra","Lighting_Type":"LED-Powered Lamp","Verification_Date":null},"id":"stl-city-public-streetlights:2:124583","sourceLayerId":2,"sourceObjectId":124583,"sourceURL":"https://maps8.stlouis-mo.gov/arcgis/rest/services/STREETS/Streets_Permitting/MapServer/2","title":"Street light L017311"},"type":"Feature"},{"geometry":{"coordinates":[-90.30391063426592,38.62114102288962],"type":"Point"},"id":"stl-city-public-streetlights:2:124584","properties":{"address":null,"attributes":{"Date_Installed":"3/26/20","LED_Powered":1,"LightID":"L017312","Light_Source":"LED","Light_Type":"Cobra","Lighting_Type":"LED-Powered Lamp","Verification_Date":null},"id":"stl-city-public-streetlights:2:124584","sourceLayerId":2,"sourceObjectId":124584,"sourceURL":"https://maps8.stlouis-mo.gov/arcgis/rest/services/STREETS/Streets_Permitting/MapServer/2","title":"Street light L017312"},"type":"Feature"},{"geometry":{"coordinates":[-90.3043248083373,38.621191771652974],"type":"Point"},"id":"stl-city-public-streetlights:2:124585","properties":{"address":null,"attributes":{"Date_Installed":"3/26/20","LED_Powered":1,"LightID":"L017313","Light_Source":"LED","Light_Type":"Cobra","Lighting_Type":"LED-Powered Lamp","Verification_Date":null},"id":"stl-city-public-streetlights:2:124585","sourceLayerId":2,"sourceObjectId":124585,"sourceURL":"https://maps8.stlouis-mo.gov/arcgis/rest/services/STREETS/Streets_Permitting/MapServer/2","title":"Street light L017313"},"type":"Feature"},{"geometry":{"coordinates":[-90.30475499166307,38.62123301151539],"type":"Point"},"id":"stl-city-public-streetlights:2:124586","properties":{"address":null,"attributes":{"Date_Installed":"3/26/20","LED_Powered":1,"LightID":"L017314","Light_Source":"LED","Light_Type":"Cobra","Lighting_Type":"LED-Powered Lamp","Verification_Date":null},"id":"stl-city-public-streetlights:2:124586","sourceLayerId":2,"sourceObjectId":124586,"sourceURL":"https://maps8.stlouis-mo.gov/arcgis/rest/services/STREETS/Streets_Permitting/MapServer/2","title":"Street light L017314"},"type":"Feature"},{"geometry":{"coordinates":[-90.30518420282799,38.62127424907871],"type":"Point"},"id":"stl-city-public-streetlights:2:124587","properties":{"address":null,"attributes":{"Date_Installed":"3/26/20","LED_Powered":1,"LightID":"L017315","Light_Source":"LED","Light_Type":"Cobra","Lighting_Type":"LED-Powered Lamp","Verification_Date":null},"id":"stl-city-public-streetlights:2:124587","sourceLayerId":2,"sourceObjectId":124587,"sourceURL":"https://maps8.stlouis-mo.gov/arcgis/rest/services/STREETS/Streets_Permitting/MapServer/2","title":"Street light L017315"},"type":"Feature"},{"geometry":{"coordinates":[-90.30563170938227,38.62131408484222],"type":"Point"},"id":"stl-city-public-streetlights:2:124588","properties":{"address":null,"attributes":{"Date_Installed":"3/26/20","LED_Powered":1,"LightID":"L017316","Light_Source":"LED","Light_Type":"Cobra","Lighting_Type":"LED-Powered Lamp","Verification_Date":null},"id":"stl-city-public-streetlights:2:124588","sourceLayerId":2,"sourceObjectId":124588,"sourceURL":"https://maps8.stlouis-mo.gov/arcgis/rest/services/STREETS/Streets_Permitting/MapServer/2","title":"Street light L017316"},"type":"Feature"},{"geometry":{"coordinates":[-90.30603559832335,38.62134917456833],"type":"Point"},"id":"stl-city-public-streetlights:2:124589","properties":{"address":null,"attributes":{"Date_Installed":"3/26/20","LED_Powered":1,"LightID":"L017317","Light_Source":"LED","Light_Type":"Cobra","Lighting_Type":"LED-Powered Lamp","Verification_Date":null},"id":"stl-city-public-streetlights:2:124589","sourceLayerId":2,"sourceObjectId":124589,"sourceURL":"https://maps8.stlouis-mo.gov/arcgis/rest/services/STREETS/Streets_Permitting/MapServer/2","title":"Street light L017317"},"type":"Feature"},{"geometry":{"coordinates":[-90.30653202311255,38.62141149317508],"type":"Point"},"id":"stl-city-public-streetlights:2:124590","properties":{"address":null,"attributes":{"Date_Installed":"3/26/20","LED_Powered":1,"LightID":"L017318","Light_Source":"LED","Light_Type":"Cobra","Lighting_Type":"LED-Powered Lamp","Verification_Date":null},"id":"stl-city-public-streetlights:2:124590","sourceLayerId":2,"sourceObjectId":124590,"sourceURL":"https://maps8.stlouis-mo.gov/arcgis/rest/services/STREETS/Streets_Permitting/MapServer/2","title":"Street light L017318"},"type":"Feature"},{"geometry":{"coordinates":[-90.30703168987985,38.62145522329615],"type":"Point"},"id":"stl-city-public-streetlights:2:124591","properties":{"address":null,"attributes":{"Date_Installed":"3/26/20","LED_Powered":1,"LightID":"L017319","Light_Source":"LED","Light_Type":"Cobra","Lighting_Type":"LED-Powered Lamp","Verification_Date":null},"id":"stl-city-public-streetlights:2:124591","sourceLayerId":2,"sourceObjectId":124591,"sourceURL":"https://maps8.stlouis-mo.gov/arcgis/rest/services/STREETS/Streets_Permitting/MapServer/2","title":"Street light L017319"},"type":"Feature"},{"geometry":{"coordinates":[-90.30752863066255,38.62149608646483],"type":"Point"},"id":"stl-city-public-streetlights:2:124592","properties":{"address":null,"attributes":{"Date_Installed":"3/26/20","LED_Powered":1,"LightID":"L017320","Light_Source":"LED","Light_Type":"Cobra","Lighting_Type":"LED-Powered Lamp","Verification_Date":null},"id":"stl-city-public-streetlights:2:124592","sourceLayerId":2,"sourceObjectId":124592,"sourceURL":"https://maps8.stlouis-mo.gov/arcgis/rest/services/STREETS/Streets_Permitting/MapServer/2","title":"Street light L017320"},"type":"Feature"},{"geometry":{"coordinates":[-90.30802209140461,38.6215433777923],"type":"Point"},"id":"stl-city-public-streetlights:2:124593","properties":{"address":null,"attributes":{"Date_Installed":"3/26/20","LED_Powered":1,"LightID":"L017321","Light_Source":"LED","Light_Type":"Cobra","Lighting_Type":"LED-Powered Lamp","Verification_Date":null},"id":"stl-city-public-streetlights:2:124593","sourceLayerId":2,"sourceObjectId":124593,"sourceURL":"https://maps8.stlouis-mo.gov/arcgis/rest/services/STREETS/Streets_Permitting/MapServer/2","title":"Street light L017321"},"type":"Feature"},{"geometry":{"coordinates":[-90.3095237624498,38.623022903315594],"type":"Point"},"id":"stl-city-public-streetlights:2:124595","properties":{"address":null,"attributes":{"Date_Installed":"3/26/20","LED_Powered":1,"LightID":"L017323","Light_Source":"LED","Light_Type":"Cobra","Lighting_Type":"LED-Powered Lamp","Verification_Date":null},"id":"stl-city-public-streetlights:2:124595","sourceLayerId":2,"sourceObjectId":124595,"sourceURL":"https://maps8.stlouis-mo.gov/arcgis/rest/services/STREETS/Streets_Permitting/MapServer/2","title":"Street light L017323"},"type":"Feature"},{"geometry":{"coordinates":[-90.30907278850188,38.62297926330066],"type":"Point"},"id":"stl-city-public-streetlights:2:124596","properties":{"address":null,"attributes":{"Date_Installed":"3/26/20","LED_Powered":1,"LightID":"L017324","Light_Source":"LED","Light_Type":"Cobra","Lighting_Type":"LED-Powered Lamp","Verification_Date":null},"id":"stl-city-public-streetlights:2:124596","sourceLayerId":2,"sourceObjectId":124596,"sourceURL":"https://maps8.stlouis-mo.gov/arcgis/rest/services/STREETS/Streets_Permitting/MapServer/2","title":"Street light L017324"},"type":"Feature"},{"geometry":{"coordinates":[-90.30857412434632,38.62293149132114],"type":"Point"},"id":"stl-city-public-streetlights:2:124597","properties":{"address":null,"attributes":{"Date_Installed":"3/26/20","LED_Powered":1,"LightID":"L017325","Light_Source":"LED","Light_Type":"Cobra","Lighting_Type":"LED-Powered Lamp","Verification_Date":null},"id":"stl-city-public-streetlights:2:124597","sourceLayerId":2,"sourceObjectId":124597,"sourceURL":"https://maps8.stlouis-mo.gov/arcgis/rest/services/STREETS/Streets_Permitting/MapServer/2","title":"Street light L017325"},"type":"Feature"},{"geometry":{"coordinates":[-90.30810784233313,38.62288615318839],"type":"Point"},"id":"stl-city-public-streetlights:2:124598","properties":{"address":null,"attributes":{"Date_Installed":"3/26/20","LED_Powered":1,"LightID":"L017326","Light_Source":"LED","Light_Type":"Cobra","Lighting_Type":"LED-Powered Lamp","Verification_Date":null},"id":"stl-city-public-streetlights:2:124598","sourceLayerId":2,"sourceObjectId":124598,"sourceURL":"https://maps8.stlouis-mo.gov/arcgis/rest/services/STREETS/Streets_Permitting/MapServer/2","title":"Street light L017326"},"type":"Feature"},{"geometry":{"coordinates":[-90.30765345528772,38.62281266814429],"type":"Point"},"id":"stl-city-public-streetlights:2:124599","properties":{"address":null,"attributes":{"Date_Installed":"3/26/20","LED_Powered":1,"LightID":"L017327","Light_Source":"LED","Light_Type":"Cobra","Lighting_Type":"LED-Powered Lamp","Verification_Date":null},"id":"stl-city-public-streetlights:2:124599","sourceLayerId":2,"sourceObjectId":124599,"sourceURL":"https://maps8.stlouis-mo.gov/arcgis/rest/services/STREETS/Streets_Permitting/MapServer/2","title":"Street light L017327"},"type":"Feature"},{"geometry":{"coordinates":[-90.30716272728566,38.62276323474274],"type":"Point"},"id":"stl-city-public-streetlights:2:124600","properties":{"address":null,"attributes":{"Date_Installed":"3/26/20","LED_Powered":1,"LightID":"L017328","Light_Source":"LED","Light_Type":"Cobra","Lighting_Type":"LED-Powered Lamp","Verification_Date":null},"id":"stl-city-public-streetlights:2:124600","sourceLayerId":2,"sourceObjectId":124600,"sourceURL":"https://maps8.stlouis-mo.gov/arcgis/rest/services/STREETS/Streets_Permitting/MapServer/2","title":"Street light L017328"},"type":"Feature"},{"geometry":{"coordinates":[-90.30668186656013,38.622716914656934],"type":"Point"},"id":"stl-city-public-streetlights:2:124601","properties":{"address":null,"attributes":{"Date_Installed":"3/26/20","LED_Powered":1,"LightID":"L017329","Light_Source":"LED","Light_Type":"Cobra","Lighting_Type":"LED-Powered Lamp","Verification_Date":null},"id":"stl-city-public-streetlights:2:124601","sourceLayerId":2,"sourceObjectId":124601,"sourceURL":"https://maps8.stlouis-mo.gov/arcgis/rest/services/STREETS/Streets_Permitting/MapServer/2","title":"Street light L017329"},"type":"Feature"},{"geometry":{"coordinates":[-90.3061967891428,38.622668200948155],"type":"Point"},"id":"stl-city-public-streetlights:2:124602","properties":{"address":null,"attributes":{"Date_Installed":null,"LED_Powered":0,"LightID":"L017330","Light_Source":"LED","Light_Type":"Cobra","Lighting_Type":"LED-Powered Lamp","Verification_Date":null},"id":"stl-city-public-streetlights:2:124602","sourceLayerId":2,"sourceObjectId":124602,"sourceURL":"https://maps8.stlouis-mo.gov/arcgis/rest/services/STREETS/Streets_Permitting/MapServer/2","title":"Street light L017330"},"type":"Feature"},{"geometry":{"coordinates":[-90.30576569165791,38.62262434327249],"type":"Point"},"id":"stl-city-public-streetlights:2:124603","properties":{"address":null,"attributes":{"Date_Installed":"3/26/20","LED_Powered":1,"LightID":"L017331","Light_Source":"LED","Light_Type":"Cobra","Lighting_Type":"LED-Powered Lamp","Verification_Date":null},"id":"stl-city-public-streetlights:2:124603","sourceLayerId":2,"sourceObjectId":124603,"sourceURL":"https://maps8.stlouis-mo.gov/arcgis/rest/services/STREETS/Streets_Permitting/MapServer/2","title":"Street light L017331"},"type":"Feature"},{"geometry":{"coordinates":[-90.305357305991,38.62258695686814],"type":"Point"},"id":"stl-city-public-streetlights:2:124604","properties":{"address":null,"attributes":{"Date_Installed":"3/26/20","LED_Powered":1,"LightID":"L017332","Light_Source":"LED","Light_Type":"Cobra","Lighting_Type":"LED-Powered Lamp","Verification_Date":null},"id":"stl-city-public-streetlights:2:124604","sourceLayerId":2,"sourceObjectId":124604,"sourceURL":"https://maps8.stlouis-mo.gov/arcgis/rest/services/STREETS/Streets_Permitting/MapServer/2","title":"Street light L017332"},"type":"Feature"},{"geometry":{"coordinates":[-90.30492353028775,38.6225452357594],"type":"Point"},"id":"stl-city-public-streetlights:2:124605","properties":{"address":null,"attributes":{"Date_Installed":"3/26/20","LED_Powered":1,"LightID":"L017333","Light_Source":"LED","Light_Type":"Cobra","Lighting_Type":"LED-Powered Lamp","Verification_Date":null},"id":"stl-city-public-streetlights:2:124605","sourceLayerId":2,"sourceObjectId":124605,"sourceURL":"https://maps8.stlouis-mo.gov/arcgis/rest/services/STREETS/Streets_Permitting/MapServer/2","title":"Street light L017333"},"type":"Feature"},{"geometry":{"coordinates":[-90.30450045624188,38.622501624634694],"type":"Point"},"id":"stl-city-public-streetlights:2:124606","properties":{"address":null,"attributes":{"Date_Installed":"3/26/20","LED_Powered":1,"LightID":"L017334","Light_Source":"LED","Light_Type":"Cobra","Lighting_Type":"LED-Powered Lamp","Verification_Date":null},"id":"stl-city-public-streetlights:2:124606","sourceLayerId":2,"sourceObjectId":124606,"sourceURL":"https://maps8.stlouis-mo.gov/arcgis/rest/services/STREETS/Streets_Permitting/MapServer/2","title":"Street light L017334"},"type":"Feature"},{"geometry":{"coordinates":[-90.30407980748765,38.6224599232312],"type":"Point"},"id":"stl-city-public-streetlights:2:124607","properties":{"address":null,"attributes":{"Date_Installed":"3/26/20","LED_Powered":1,"LightID":"L017335","Light_Source":"LED","Light_Type":"Cobra","Lighting_Type":"LED-Powered Lamp","Verification_Date":null},"id":"stl-city-public-streetlights:2:124607","sourceLayerId":2,"sourceObjectId":124607,"sourceURL":"https://maps8.stlouis-mo.gov/arcgis/rest/services/STREETS/Streets_Permitting/MapServer/2","title":"Street light L017335"},"type":"Feature"},{"geometry":{"coordinates":[-90.30364037726385,38.6224166140384],"type":"Point"},"id":"stl-city-public-streetlights:2:124608","properties":{"address":null,"attributes":{"Date_Installed":"3/26/20","LED_Powered":1,"LightID":"L017336","Light_Source":"LED","Light_Type":"Cobra","Lighting_Type":"LED-Powered Lamp","Verification_Date":null},"id":"stl-city-public-streetlights:2:124608","sourceLayerId":2,"sourceObjectId":124608,"sourceURL":"https://maps8.stlouis-mo.gov/arcgis/rest/services/STREETS/Streets_Permitting/MapServer/2","title":"Street light L017336"},"type":"Feature"},{"geometry":{"coordinates":[-90.3032197162488,38.622375562669816],"type":"Point"},"id":"stl-city-public-streetlights:2:124609","properties":{"address":null,"attributes":{"Date_Installed":"3/26/20","LED_Powered":1,"LightID":"L017337","Light_Source":"LED","Light_Type":"Cobra","Lighting_Type":"LED-Powered Lamp","Verification_Date":null},"id":"stl-city-public-streetlights:2:124609","sourceLayerId":2,"sourceObjectId":124609,"sourceURL":"https://maps8.stlouis-mo.gov/arcgis/rest/services/STREETS/Streets_Permitting/MapServer/2","title":"Street light L017337"},"type":"Feature"},{"geometry":{"coordinates":[-90.30279805383755,38.62233552971366],"type":"Point"},"id":"stl-city-public-streetlights:2:124610","properties":{"address":null,"attributes":{"Date_Installed":"3/26/20","LED_Powered":1,"LightID":"L017338","Light_Source":"LED","Light_Type":"Cobra","Lighting_Type":"LED-Powered Lamp","Verification_Date":null},"id":"stl-city-public-streetlights:2:124610","sourceLayerId":2,"sourceObjectId":124610,"sourceURL":"https://maps8.stlouis-mo.gov/arcgis/rest/services/STREETS/Streets_Permitting/MapServer/2","title":"Street light L017338"},"type":"Feature"},{"geometry":{"coordinates":[-90.30236799223411,38.62229397926383],"type":"Point"},"id":"stl-city-public-streetlights:2:124611","properties":{"address":null,"attributes":{"Date_Installed":"3/26/20","LED_Powered":1,"LightID":"L017339","Light_Source":"LED","Light_Type":"Cobra","Lighting_Type":"LED-Powered Lamp","Verification_Date":null},"id":"stl-city-public-streetlights:2:124611","sourceLayerId":2,"sourceObjectId":124611,"sourceURL":"https://maps8.stlouis-mo.gov/arcgis/rest/services/STREETS/Streets_Permitting/MapServer/2","title":"Street light L017339"},"type":"Feature"},{"geometry":{"coordinates":[-90.30194873245367,38.62225295902612],"type":"Point"},"id":"stl-city-public-streetlights:2:124612","properties":{"address":null,"attributes":{"Date_Installed":"3/26/20","LED_Powered":1,"LightID":"L017340","Light_Source":"LED","Light_Type":"Cobra","Lighting_Type":"LED-Powered Lamp","Verification_Date":null},"id":"stl-city-public-streetlights:2:124612","sourceLayerId":2,"sourceObjectId":124612,"sourceURL":"https://maps8.stlouis-mo.gov/arcgis/rest/services/STREETS/Streets_Permitting/MapServer/2","title":"Street light L017340"},"type":"Feature"},{"geometry":{"coordinates":[-90.30153185662176,38.62221214222902],"type":"Point"},"id":"stl-city-public-streetlights:2:124613","properties":{"address":null,"attributes":{"Date_Installed":"3/26/20","LED_Powered":1,"LightID":"L017341","Light_Source":"LED","Light_Type":"Cobra","Lighting_Type":"LED-Powered Lamp","Verification_Date":null},"id":"stl-city-public-streetlights:2:124613","sourceLayerId":2,"sourceObjectId":124613,"sourceURL":"https://maps8.stlouis-mo.gov/arcgis/rest/services/STREETS/Streets_Permitting/MapServer/2","title":"Street light L017341"},"type":"Feature"},{"geometry":{"coordinates":[-90.30193613482255,38.6233585131134],"type":"Point"},"id":"stl-city-public-streetlights:2:124614","properties":{"address":null,"attributes":{"Date_Installed":null,"LED_Powered":0,"LightID":"L017342","Light_Source":"LED","Light_Type":"Cobra","Lighting_Type":"LED-Powered Lamp","Verification_Date":null},"id":"stl-city-public-streetlights:2:124614","sourceLayerId":2,"sourceObjectId":124614,"sourceURL":"https://maps8.stlouis-mo.gov/arcgis/rest/services/STREETS/Streets_Permitting/MapServer/2","title":"Street light L017342"},"type":"Feature"},{"geometry":{"coordinates":[-90.30239313517829,38.62348609363055],"type":"Point"},"id":"stl-city-public-streetlights:2:124615","properties":{"address":null,"attributes":{"Date_Installed":null,"LED_Powered":0,"LightID":"L017343","Light_Source":"LED","Light_Type":"Cobra","Lighting_Type":"LED-Powered Lamp","Verification_Date":null},"id":"stl-city-public-streetlights:2:124615","sourceLayerId":2,"sourceObjectId":124615,"sourceURL":"https://maps8.stlouis-mo.gov/arcgis/rest/services/STREETS/Streets_Permitting/MapServer/2","title":"Street light L017343"},"type":"Feature"},{"geometry":{"coordinates":[-90.30284660046442,38.623528810439396],"type":"Point"},"id":"stl-city-public-streetlights:2:124616","properties":{"address":null,"attributes":{"Date_Installed":null,"LED_Powered":0,"LightID":"L017344","Light_Source":"LED","Light_Type":"Cobra","Lighting_Type":"LED-Powered Lamp","Verification_Date":null},"id":"stl-city-public-streetlights:2:124616","sourceLayerId":2,"sourceObjectId":124616,"sourceURL":"https://maps8.stlouis-mo.gov/arcgis/rest/services/STREETS/Streets_Permitting/MapServer/2","title":"Street light L017344"},"type":"Feature"},{"geometry":{"coordinates":[-90.3033150030512,38.62357631812404],"type":"Point"},"id":"stl-city-public-streetlights:2:124617","properties":{"address":null,"attributes":{"Date_Installed":null,"LED_Powered":0,"LightID":"L017345","Light_Source":"LED","Light_Type":"Cobra","Lighting_Type":"LED-Powered Lamp","Verification_Date":null},"id":"stl-city-public-streetlights:2:124617","sourceLayerId":2,"sourceObjectId":124617,"sourceURL":"https://maps8.stlouis-mo.gov/arcgis/rest/services/STREETS/Streets_Permitting/MapServer/2","title":"Street light L017345"},"type":"Feature"},{"geometry":{"coordinates":[-90.30376314708298,38.62361044053429],"type":"Point"},"id":"stl-city-public-streetlights:2:124618","properties":{"address":null,"attributes":{"Date_Installed":null,"LED_Powered":0,"LightID":"L017346","Light_Source":"LED","Light_Type":"Cobra","Lighting_Type":"LED-Powered Lamp","Verification_Date":null},"id":"stl-city-public-streetlights:2:124618","sourceLayerId":2,"sourceObjectId":124618,"sourceURL":"https://maps8.stlouis-mo.gov/arcgis/rest/services/STREETS/Streets_Permitting/MapServer/2","title":"Street light L017346"},"type":"Feature"},{"geometry":{"coordinates":[-90.30421552201184,38.62365267363767],"type":"Point"},"id":"stl-city-public-streetlights:2:124619","properties":{"address":null,"attributes":{"Date_Installed":null,"LED_Powered":0,"LightID":"L017347","Light_Source":"LED","Light_Type":"Cobra","Lighting_Type":"LED-Powered Lamp","Verification_Date":null},"id":"stl-city-public-streetlights:2:124619","sourceLayerId":2,"sourceObjectId":124619,"sourceURL":"https://maps8.stlouis-mo.gov/arcgis/rest/services/STREETS/Streets_Permitting/MapServer/2","title":"Street light L017347"},"type":"Feature"},{"geometry":{"coordinates":[-90.30466898543517,38.623697289670055],"type":"Point"},"id":"stl-city-public-streetlights:2:124620","properties":{"address":null,"attributes":{"Date_Installed":null,"LED_Powered":0,"LightID":"L017348","Light_Source":"LED","Light_Type":"Cobra","Lighting_Type":"LED-Powered Lamp","Verification_Date":null},"id":"stl-city-public-streetlights:2:124620","sourceLayerId":2,"sourceObjectId":124620,"sourceURL":"https://maps8.stlouis-mo.gov/arcgis/rest/services/STREETS/Streets_Permitting/MapServer/2","title":"Street light L017348"},"type":"Feature"},{"geometry":{"coordinates":[-90.305118564971,38.62373999118798],"type":"Point"},"id":"stl-city-public-streetlights:2:124621","properties":{"address":null,"attributes":{"Date_Installed":null,"LED_Powered":0,"LightID":"L017349","Light_Source":"LED","Light_Type":"Cobra","Lighting_Type":"LED-Powered Lamp","Verification_Date":null},"id":"stl-city-public-streetlights:2:124621","sourceLayerId":2,"sourceObjectId":124621,"sourceURL":"https://maps8.stlouis-mo.gov/arcgis/rest/services/STREETS/Streets_Permitting/MapServer/2","title":"Street light L017349"},"type":"Feature"},{"geometry":{"coordinates":[-90.30558442130767,38.62378653150265],"type":"Point"},"id":"stl-city-public-streetlights:2:124622","properties":{"address":null,"attributes":{"Date_Installed":null,"LED_Powered":0,"LightID":"L017350","Light_Source":"LED","Light_Type":"Cobra","Lighting_Type":"LED-Powered Lamp","Verification_Date":null},"id":"stl-city-public-streetlights:2:124622","sourceLayerId":2,"sourceObjectId":124622,"sourceURL":"https://maps8.stlouis-mo.gov/arcgis/rest/services/STREETS/Streets_Permitting/MapServer/2","title":"Street light L017350"},"type":"Feature"},{"geometry":{"coordinates":[-90.30607567194774,38.623835972386736],"type":"Point"},"id":"stl-city-public-streetlights:2:124623","properties":{"address":null,"attributes":{"Date_Installed":null,"LED_Powered":0,"LightID":"L017351","Light_Source":"LED","Light_Type":"Cobra","Lighting_Type":"LED-Powered Lamp","Verification_Date":null},"id":"stl-city-public-streetlights:2:124623","sourceLayerId":2,"sourceObjectId":124623,"sourceURL":"https://maps8.stlouis-mo.gov/arcgis/rest/services/STREETS/Streets_Permitting/MapServer/2","title":"Street light L017351"},"type":"Feature"},{"geometry":{"coordinates":[-90.30655114423534,38.62387728069433],"type":"Point"},"id":"stl-city-public-streetlights:2:124624","properties":{"address":null,"attributes":{"Date_Installed":null,"LED_Powered":0,"LightID":"L017352","Light_Source":"LED","Light_Type":"Cobra","Lighting_Type":"LED-Powered Lamp","Verification_Date":null},"id":"stl-city-public-streetlights:2:124624","sourceLayerId":2,"sourceObjectId":124624,"sourceURL":"https://maps8.stlouis-mo.gov/arcgis/rest/services/STREETS/Streets_Permitting/MapServer/2","title":"Street light L017352"},"type":"Feature"},{"geometry":{"coordinates":[-90.30702429985023,38.62392192105596],"type":"Point"},"id":"stl-city-public-streetlights:2:124625","properties":{"address":null,"attributes":{"Date_Installed":null,"LED_Powered":0,"LightID":"L017353","Light_Source":"LED","Light_Type":"Cobra","Lighting_Type":"LED-Powered Lamp","Verification_Date":null},"id":"stl-city-public-streetlights:2:124625","sourceLayerId":2,"sourceObjectId":124625,"sourceURL":"https://maps8.stlouis-mo.gov/arcgis/rest/services/STREETS/Streets_Permitting/MapServer/2","title":"Street light L017353"},"type":"Feature"},{"geometry":{"coordinates":[-90.30747423020645,38.62397062035254],"type":"Point"},"id":"stl-city-public-streetlights:2:124626","properties":{"address":null,"attributes":{"Date_Installed":null,"LED_Powered":0,"LightID":"L017354","Light_Source":"LED","Light_Type":"Cobra","Lighting_Type":"LED-Powered Lamp","Verification_Date":null},"id":"stl-city-public-streetlights:2:124626","sourceLayerId":2,"sourceObjectId":124626,"sourceURL":"https://maps8.stlouis-mo.gov/arcgis/rest/services/STREETS/Streets_Permitting/MapServer/2","title":"Street light L017354"},"type":"Feature"},{"geometry":{"coordinates":[-90.30792665201919,38.624005559975195],"type":"Point"},"id":"stl-city-public-streetlights:2:124627","properties":{"address":null,"attributes":{"Date_Installed":"3/26/20","LED_Powered":1,"LightID":"L017355","Light_Source":"LED","Light_Type":"Cobra","Lighting_Type":"LED-Powered Lamp","Verification_Date":null},"id":"stl-city-public-streetlights:2:124627","sourceLayerId":2,"sourceObjectId":124627,"sourceURL":"https://maps8.stlouis-mo.gov/arcgis/rest/services/STREETS/Streets_Permitting/MapServer/2","title":"Street light L017355"},"type":"Feature"},{"geometry":{"coordinates":[-90.30840090516884,38.62404924252717],"type":"Point"},"id":"stl-city-public-streetlights:2:124628","properties":{"address":null,"attributes":{"Date_Installed":"3/26/20","LED_Powered":1,"LightID":"L017356","Light_Source":"LED","Light_Type":"Cobra","Lighting_Type":"LED-Powered Lamp","Verification_Date":null},"id":"stl-city-public-streetlights:2:124628","sourceLayerId":2,"sourceObjectId":124628,"sourceURL":"https://maps8.stlouis-mo.gov/arcgis/rest/services/STREETS/Streets_Permitting/MapServer/2","title":"Street light L017356"},"type":"Feature"},{"geometry":{"coordinates":[-90.30888084183164,38.6241043737753],"type":"Point"},"id":"stl-city-public-streetlights:2:124629","properties":{"address":null,"attributes":{"Date_Installed":"3/26/20","LED_Powered":1,"LightID":"L017357","Light_Source":"LED","Light_Type":"Cobra","Lighting_Type":"LED-Powered Lamp","Verification_Date":null},"id":"stl-city-public-streetlights:2:124629","sourceLayerId":2,"sourceObjectId":124629,"sourceURL":"https://maps8.stlouis-mo.gov/arcgis/rest/services/STREETS/Streets_Permitting/MapServer/2","title":"Street light L017357"},"type":"Feature"},{"geometry":{"coordinates":[-90.30933443164464,38.62414897283591],"type":"Point"},"id":"stl-city-public-streetlights:2:124630","properties":{"address":null,"attributes":{"Date_Installed":"3/26/20","LED_Powered":1,"LightID":"L017358","Light_Source":"LED","Light_Type":"Cobra","Lighting_Type":"LED-Powered Lamp","Verification_Date":null},"id":"stl-city-public-streetlights:2:124630","sourceLayerId":2,"sourceObjectId":124630,"sourceURL":"https://maps8.stlouis-mo.gov/arcgis/rest/services/STREETS/Streets_Permitting/MapServer/2","title":"Street light L017358"},"type":"Feature"},{"geometry":{"coordinates":[-90.30982216042995,38.62419934539738],"type":"Point"},"id":"stl-city-public-streetlights:2:124631","properties":{"address":null,"attributes":{"Date_Installed":"3/26/20","LED_Powered":1,"LightID":"L017359","Light_Source":"LED","Light_Type":"Cobra","Lighting_Type":"LED-Powered Lamp","Verification_Date":null},"id":"stl-city-public-streetlights:2:124631","sourceLayerId":2,"sourceObjectId":124631,"sourceURL":"https://maps8.stlouis-mo.gov/arcgis/rest/services/STREETS/Streets_Permitting/MapServer/2","title":"Street light L017359"},"type":"Feature"},{"geometry":{"coordinates":[-90.30943571596507,38.62557421805457],"type":"Point"},"id":"stl-city-public-streetlights:2:124632","properties":{"address":null,"attributes":{"Date_Installed":"3/26/20","LED_Powered":1,"LightID":"L017360","Light_Source":"LED","Light_Type":"Cobra","Lighting_Type":"LED-Powered Lamp","Verification_Date":null},"id":"stl-city-public-streetlights:2:124632","sourceLayerId":2,"sourceObjectId":124632,"sourceURL":"https://maps8.stlouis-mo.gov/arcgis/rest/services/STREETS/Streets_Permitting/MapServer/2","title":"Street light L017360"},"type":"Feature"},{"geometry":{"coordinates":[-90.30898886560232,38.62552820067527],"type":"Point"},"id":"stl-city-public-streetlights:2:124633","properties":{"address":null,"attributes":{"Date_Installed":"3/26/20","LED_Powered":1,"LightID":"L017361","Light_Source":"LED","Light_Type":"Cobra","Lighting_Type":"LED-Powered Lamp","Verification_Date":null},"id":"stl-city-public-streetlights:2:124633","sourceLayerId":2,"sourceObjectId":124633,"sourceURL":"https://maps8.stlouis-mo.gov/arcgis/rest/services/STREETS/Streets_Permitting/MapServer/2","title":"Street light L017361"},"type":"Feature"},{"geometry":{"coordinates":[-90.30857118692623,38.625482229319715],"type":"Point"},"id":"stl-city-public-streetlights:2:124634","properties":{"address":null,"attributes":{"Date_Installed":"3/26/20","LED_Powered":1,"LightID":"L017362","Light_Source":"LED","Light_Type":"Cobra","Lighting_Type":"LED-Powered Lamp","Verification_Date":null},"id":"stl-city-public-streetlights:2:124634","sourceLayerId":2,"sourceObjectId":124634,"sourceURL":"https://maps8.stlouis-mo.gov/arcgis/rest/services/STREETS/Streets_Permitting/MapServer/2","title":"Street light L017362"},"type":"Feature"},{"geometry":{"coordinates":[-90.30812113150066,38.62544216278552],"type":"Point"},"id":"stl-city-public-streetlights:2:124635","properties":{"address":null,"attributes":{"Date_Installed":"3/26/20","LED_Powered":1,"LightID":"L017363","Light_Source":"LED","Light_Type":"Cobra","Lighting_Type":"LED-Powered Lamp","Verification_Date":null},"id":"stl-city-public-streetlights:2:124635","sourceLayerId":2,"sourceObjectId":124635,"sourceURL":"https://maps8.stlouis-mo.gov/arcgis/rest/services/STREETS/Streets_Permitting/MapServer/2","title":"Street light L017363"},"type":"Feature"},{"geometry":{"coordinates":[-90.30767306345557,38.625397330265194],"type":"Point"},"id":"stl-city-public-streetlights:2:124636","properties":{"address":null,"attributes":{"Date_Installed":"3/26/20","LED_Powered":1,"LightID":"L017364","Light_Source":"LED","Light_Type":"Cobra","Lighting_Type":"LED-Powered Lamp","Verification_Date":null},"id":"stl-city-public-streetlights:2:124636","sourceLayerId":2,"sourceObjectId":124636,"sourceURL":"https://maps8.stlouis-mo.gov/arcgis/rest/services/STREETS/Streets_Permitting/MapServer/2","title":"Street light L017364"},"type":"Feature"},{"geometry":{"coordinates":[-90.30364147356569,38.624283653519285],"type":"Point"},"id":"stl-city-public-streetlights:2:124637","properties":{"address":null,"attributes":{"Date_Installed":null,"LED_Powered":0,"LightID":"L017365","Light_Source":"LED","Light_Type":"Cobra","Lighting_Type":"LED-Powered Lamp","Verification_Date":null},"id":"stl-city-public-streetlights:2:124637","sourceLayerId":2,"sourceObjectId":124637,"sourceURL":"https://maps8.stlouis-mo.gov/arcgis/rest/services/STREETS/Streets_Permitting/MapServer/2","title":"Street light L017365"},"type":"Feature"},{"geometry":{"coordinates":[-90.30405801892893,38.624333017119284],"type":"Point"},"id":"stl-city-public-streetlights:2:124846","properties":{"address":null,"attributes":{"Date_Installed":null,"LED_Powered":0,"LightID":"L017574","Light_Source":"LED","Light_Type":"Cobra","Lighting_Type":"LED-Powered Lamp","Verification_Date":null},"id":"stl-city-public-streetlights:2:124846","sourceLayerId":2,"sourceObjectId":124846,"sourceURL":"https://maps8.stlouis-mo.gov/arcgis/rest/services/STREETS/Streets_Permitting/MapServer/2","title":"Street light L017574"},"type":"Feature"},{"geometry":{"coordinates":[-90.30449577561082,38.62442313501609],"type":"Point"},"id":"stl-city-public-streetlights:2:124847","properties":{"address":null,"attributes":{"Date_Installed":null,"LED_Powered":0,"LightID":"L017575","Light_Source":"LED","Light_Type":"Cobra","Lighting_Type":"LED-Powered Lamp","Verification_Date":null},"id":"stl-city-public-streetlights:2:124847","sourceLayerId":2,"sourceObjectId":124847,"sourceURL":"https://maps8.stlouis-mo.gov/arcgis/rest/services/STREETS/Streets_Permitting/MapServer/2","title":"Street light L017575"},"type":"Feature"},{"geometry":{"coordinates":[-90.30456258729672,38.62474449854275],"type":"Point"},"id":"stl-city-public-streetlights:2:124848","properties":{"address":null,"attributes":{"Date_Installed":null,"LED_Powered":0,"LightID":"L017576","Light_Source":"LED","Light_Type":"Cobra","Lighting_Type":"LED-Powered Lamp","Verification_Date":null},"id":"stl-city-public-streetlights:2:124848","sourceLayerId":2,"sourceObjectId":124848,"sourceURL":"https://maps8.stlouis-mo.gov/arcgis/rest/services/STREETS/Streets_Permitting/MapServer/2","title":"Street light L017576"},"type":"Feature"},{"geometry":{"coordinates":[-90.3045015966361,38.6250767322257],"type":"Point"},"id":"stl-city-public-streetlights:2:124849","properties":{"address":null,"attributes":{"Date_Installed":null,"LED_Powered":0,"LightID":"L017577","Light_Source":"LED","Light_Type":"Cobra","Lighting_Type":"LED-Powered Lamp","Verification_Date":null},"id":"stl-city-public-streetlights:2:124849","sourceLayerId":2,"sourceObjectId":124849,"sourceURL":"https://maps8.stlouis-mo.gov/arcgis/rest/services/STREETS/Streets_Permitting/MapServer/2","title":"Street light L017577"},"type":"Feature"},{"geometry":{"coordinates":[-90.30443840292503,38.62540973694266],"type":"Point"},"id":"stl-city-public-streetlights:2:124850","properties":{"address":null,"attributes":{"Date_Installed":null,"LED_Powered":0,"LightID":"L017578","Light_Source":"LED","Light_Type":"Cobra","Lighting_Type":"LED-Powered Lamp","Verification_Date":null},"id":"stl-city-public-streetlights:2:124850","sourceLayerId":2,"sourceObjectId":124850,"sourceURL":"https://maps8.stlouis-mo.gov/arcgis/rest/services/STREETS/Streets_Permitting/MapServer/2","title":"Street light L017578"},"type":"Feature"},{"geometry":{"coordinates":[-90.30428665798836,38.62573371522933],"type":"Point"},"id":"stl-city-public-streetlights:2:124851","properties":{"address":null,"attributes":{"Date_Installed":null,"LED_Powered":0,"LightID":"L017579","Light_Source":"LED","Light_Type":"Cobra","Lighting_Type":"LED-Powered Lamp","Verification_Date":null},"id":"stl-city-public-streetlights:2:124851","sourceLayerId":2,"sourceObjectId":124851,"sourceURL":"https://maps8.stlouis-mo.gov/arcgis/rest/services/STREETS/Streets_Permitting/MapServer/2","title":"Street light L017579"},"type":"Feature"},{"geometry":{"coordinates":[-90.30386799409263,38.62572842054173],"type":"Point"},"id":"stl-city-public-streetlights:2:124852","properties":{"address":null,"attributes":{"Date_Installed":null,"LED_Powered":0,"LightID":"L017580","Light_Source":"LED","Light_Type":"Cobra","Lighting_Type":"LED-Powered Lamp","Verification_Date":null},"id":"stl-city-public-streetlights:2:124852","sourceLayerId":2,"sourceObjectId":124852,"sourceURL":"https://maps8.stlouis-mo.gov/arcgis/rest/services/STREETS/Streets_Permitting/MapServer/2","title":"Street light L017580"},"type":"Feature"},{"geometry":{"coordinates":[-90.30348279409552,38.625682013396],"type":"Point"},"id":"stl-city-public-streetlights:2:124853","properties":{"address":null,"attributes":{"Date_Installed":null,"LED_Powered":0,"LightID":"L017581","Light_Source":"LED","Light_Type":"Cobra","Lighting_Type":"LED-Powered Lamp","Verification_Date":null},"id":"stl-city-public-streetlights:2:124853","sourceLayerId":2,"sourceObjectId":124853,"sourceURL":"https://maps8.stlouis-mo.gov/arcgis/rest/services/STREETS/Streets_Permitting/MapServer/2","title":"Street light L017581"},"type":"Feature"},{"geometry":{"coordinates":[-90.30141940252045,38.626275278775246],"type":"Point"},"id":"stl-city-public-streetlights:2:124854","properties":{"address":null,"attributes":{"Date_Installed":null,"LED_Powered":0,"LightID":"L017582","Light_Source":"LED","Light_Type":"Cobra","Lighting_Type":"LED-Powered Lamp","Verification_Date":null},"id":"stl-city-public-streetlights:2:124854","sourceLayerId":2,"sourceObjectId":124854,"sourceURL":"https://maps8.stlouis-mo.gov/arcgis/rest/services/STREETS/Streets_Permitting/MapServer/2","title":"Street light L017582"},"type":"Feature"},{"geometry":{"coordinates":[-90.30187898996031,38.62622657097673],"type":"Point"},"id":"stl-city-public-streetlights:2:124855","properties":{"address":null,"attributes":{"Date_Installed":null,"LED_Powered":0,"LightID":"L017583","Light_Source":"LED","Light_Type":"Cobra","Lighting_Type":"LED-Powered Lamp","Verification_Date":null},"id":"stl-city-public-streetlights:2:124855","sourceLayerId":2,"sourceObjectId":124855,"sourceURL":"https://maps8.stlouis-mo.gov/arcgis/rest/services/STREETS/Streets_Permitting/MapServer/2","title":"Street light L017583"},"type":"Feature"},{"geometry":{"coordinates":[-90.30233537934704,38.6262733063869],"type":"Point"},"id":"stl-city-public-streetlights:2:124856","properties":{"address":null,"attributes":{"Date_Installed":null,"LED_Powered":0,"LightID":"L017584","Light_Source":"LED","Light_Type":"Cobra","Lighting_Type":"LED-Powered Lamp","Verification_Date":null},"id":"stl-city-public-streetlights:2:124856","sourceLayerId":2,"sourceObjectId":124856,"sourceURL":"https://maps8.stlouis-mo.gov/arcgis/rest/services/STREETS/Streets_Permitting/MapServer/2","title":"Street light L017584"},"type":"Feature"},{"geometry":{"coordinates":[-90.30281013290258,38.62632130428898],"type":"Point"},"id":"stl-city-public-streetlights:2:124857","properties":{"address":null,"attributes":{"Date_Installed":null,"LED_Powered":0,"LightID":"L017585","Light_Source":"LED","Light_Type":"Cobra","Lighting_Type":"LED-Powered Lamp","Verification_Date":null},"id":"stl-city-public-streetlights:2:124857","sourceLayerId":2,"sourceObjectId":124857,"sourceURL":"https://maps8.stlouis-mo.gov/arcgis/rest/services/STREETS/Streets_Permitting/MapServer/2","title":"Street light L017585"},"type":"Feature"},{"geometry":{"coordinates":[-90.30326610638627,38.62636602187441],"type":"Point"},"id":"stl-city-public-streetlights:2:124858","properties":{"address":null,"attributes":{"Date_Installed":null,"LED_Powered":0,"LightID":"L017586","Light_Source":"LED","Light_Type":"Cobra","Lighting_Type":"LED-Powered Lamp","Verification_Date":null},"id":"stl-city-public-streetlights:2:124858","sourceLayerId":2,"sourceObjectId":124858,"sourceURL":"https://maps8.stlouis-mo.gov/arcgis/rest/services/STREETS/Streets_Permitting/MapServer/2","title":"Street light L017586"},"type":"Feature"},{"geometry":{"coordinates":[-90.30371990203115,38.62641067006641],"type":"Point"},"id":"stl-city-public-streetlights:2:124859","properties":{"address":null,"attributes":{"Date_Installed":null,"LED_Powered":0,"LightID":"L017587","Light_Source":"LED","Light_Type":"Cobra","Lighting_Type":"LED-Powered Lamp","Verification_Date":null},"id":"stl-city-public-streetlights:2:124859","sourceLayerId":2,"sourceObjectId":124859,"sourceURL":"https://maps8.stlouis-mo.gov/arcgis/rest/services/STREETS/Streets_Permitting/MapServer/2","title":"Street light L017587"},"type":"Feature"},{"geometry":{"coordinates":[-90.30418680701095,38.626457694271096],"type":"Point"},"id":"stl-city-public-streetlights:2:124860","properties":{"address":null,"attributes":{"Date_Installed":null,"LED_Powered":0,"LightID":"L017588","Light_Source":"LED","Light_Type":"Cobra","Lighting_Type":"LED-Powered Lamp","Verification_Date":null},"id":"stl-city-public-streetlights:2:124860","sourceLayerId":2,"sourceObjectId":124860,"sourceURL":"https://maps8.stlouis-mo.gov/arcgis/rest/services/STREETS/Streets_Permitting/MapServer/2","title":"Street light L017588"},"type":"Feature"},{"geometry":{"coordinates":[-90.30461743853922,38.626501915533126],"type":"Point"},"id":"stl-city-public-streetlights:2:124861","properties":{"address":null,"attributes":{"Date_Installed":null,"LED_Powered":0,"LightID":"L017589","Light_Source":"LED","Light_Type":"Cobra","Lighting_Type":"LED-Powered Lamp","Verification_Date":null},"id":"stl-city-public-streetlights:2:124861","sourceLayerId":2,"sourceObjectId":124861,"sourceURL":"https://maps8.stlouis-mo.gov/arcgis/rest/services/STREETS/Streets_Permitting/MapServer/2","title":"Street light L017589"},"type":"Feature"},{"geometry":{"coordinates":[-90.30509140126031,38.62654620649907],"type":"Point"},"id":"stl-city-public-streetlights:2:124862","properties":{"address":null,"attributes":{"Date_Installed":null,"LED_Powered":0,"LightID":"L017590","Light_Source":"LED","Light_Type":"Cobra","Lighting_Type":"LED-Powered Lamp","Verification_Date":null},"id":"stl-city-public-streetlights:2:124862","sourceLayerId":2,"sourceObjectId":124862,"sourceURL":"https://maps8.stlouis-mo.gov/arcgis/rest/services/STREETS/Streets_Permitting/MapServer/2","title":"Street light L017590"},"type":"Feature"},{"geometry":{"coordinates":[-90.30555542640873,38.62659116460989],"type":"Point"},"id":"stl-city-public-streetlights:2:124863","properties":{"address":null,"attributes":{"Date_Installed":null,"LED_Powered":0,"LightID":"L017591","Light_Source":"LED","Light_Type":"Cobra","Lighting_Type":"LED-Powered Lamp","Verification_Date":null},"id":"stl-city-public-streetlights:2:124863","sourceLayerId":2,"sourceObjectId":124863,"sourceURL":"https://maps8.stlouis-mo.gov/arcgis/rest/services/STREETS/Streets_Permitting/MapServer/2","title":"Street light L017591"},"type":"Feature"},{"geometry":{"coordinates":[-90.30600771623375,38.6266390788726],"type":"Point"},"id":"stl-city-public-streetlights:2:124864","properties":{"address":null,"attributes":{"Date_Installed":null,"LED_Powered":0,"LightID":"L017592","Light_Source":"LED","Light_Type":"Cobra","Lighting_Type":"LED-Powered Lamp","Verification_Date":null},"id":"stl-city-public-streetlights:2:124864","sourceLayerId":2,"sourceObjectId":124864,"sourceURL":"https://maps8.stlouis-mo.gov/arcgis/rest/services/STREETS/Streets_Permitting/MapServer/2","title":"Street light L017592"},"type":"Feature"},{"geometry":{"coordinates":[-90.30648160652444,38.62667636505711],"type":"Point"},"id":"stl-city-public-streetlights:2:124865","properties":{"address":null,"attributes":{"Date_Installed":null,"LED_Powered":0,"LightID":"L017593","Light_Source":"LED","Light_Type":"Cobra","Lighting_Type":"LED-Powered Lamp","Verification_Date":null},"id":"stl-city-public-streetlights:2:124865","sourceLayerId":2,"sourceObjectId":124865,"sourceURL":"https://maps8.stlouis-mo.gov/arcgis/rest/services/STREETS/Streets_Permitting/MapServer/2","title":"Street light L017593"},"type":"Feature"},{"geometry":{"coordinates":[-90.3067616432192,38.62679004929462],"type":"Point"},"id":"stl-city-public-streetlights:2:124866","properties":{"address":null,"attributes":{"Date_Installed":null,"LED_Powered":0,"LightID":"L017594","Light_Source":"LED","Light_Type":"Cobra","Lighting_Type":"LED-Powered Lamp","Verification_Date":null},"id":"stl-city-public-streetlights:2:124866","sourceLayerId":2,"sourceObjectId":124866,"sourceURL":"https://maps8.stlouis-mo.gov/arcgis/rest/services/STREETS/Streets_Permitting/MapServer/2","title":"Street light L017594"},"type":"Feature"},{"geometry":{"coordinates":[-90.30739900716333,38.626826631371856],"type":"Point"},"id":"stl-city-public-streetlights:2:124867","properties":{"address":null,"attributes":{"Date_Installed":"3/26/20","LED_Powered":1,"LightID":"L017595","Light_Source":"LED","Light_Type":"Cobra","Lighting_Type":"LED-Powered Lamp","Verification_Date":null},"id":"stl-city-public-streetlights:2:124867","sourceLayerId":2,"sourceObjectId":124867,"sourceURL":"https://maps8.stlouis-mo.gov/arcgis/rest/services/STREETS/Streets_Permitting/MapServer/2","title":"Street light L017595"},"type":"Feature"},{"geometry":{"coordinates":[-90.30784619364722,38.626874562559784],"type":"Point"},"id":"stl-city-public-streetlights:2:124868","properties":{"address":null,"attributes":{"Date_Installed":"2020-01-14","LED_Powered":1,"LightID":"L017596","Light_Source":"LED","Light_Type":"Cobra","Lighting_Type":"5G Pole - 5G Pole -5G Pole - 2A","Verification_Date":null},"id":"stl-city-public-streetlights:2:124868","sourceLayerId":2,"sourceObjectId":124868,"sourceURL":"https://maps8.stlouis-mo.gov/arcgis/rest/services/STREETS/Streets_Permitting/MapServer/2","title":"Street light L017596"},"type":"Feature"},{"geometry":{"coordinates":[-90.30828212420676,38.626915798886785],"type":"Point"},"id":"stl-city-public-streetlights:2:124869","properties":{"address":null,"attributes":{"Date_Installed":"3/26/20","LED_Powered":1,"LightID":"L017597","Light_Source":"LED","Light_Type":"Cobra","Lighting_Type":"LED-Powered Lamp","Verification_Date":null},"id":"stl-city-public-streetlights:2:124869","sourceLayerId":2,"sourceObjectId":124869,"sourceURL":"https://maps8.stlouis-mo.gov/arcgis/rest/services/STREETS/Streets_Permitting/MapServer/2","title":"Street light L017597"},"type":"Feature"},{"geometry":{"coordinates":[-90.30871517670619,38.62695464512428],"type":"Point"},"id":"stl-city-public-streetlights:2:124870","properties":{"address":null,"attributes":{"Date_Installed":"3/26/20","LED_Powered":1,"LightID":"L017598","Light_Source":"LED","Light_Type":"Cobra","Lighting_Type":"LED-Powered Lamp","Verification_Date":null},"id":"stl-city-public-streetlights:2:124870","sourceLayerId":2,"sourceObjectId":124870,"sourceURL":"https://maps8.stlouis-mo.gov/arcgis/rest/services/STREETS/Streets_Permitting/MapServer/2","title":"Street light L017598"},"type":"Feature"},{"geometry":{"coordinates":[-90.30914486759137,38.62700063555689],"type":"Point"},"id":"stl-city-public-streetlights:2:124871","properties":{"address":null,"attributes":{"Date_Installed":"3/26/20","LED_Powered":1,"LightID":"L017599","Light_Source":"LED","Light_Type":"Cobra","Lighting_Type":"LED-Powered Lamp","Verification_Date":null},"id":"stl-city-public-streetlights:2:124871","sourceLayerId":2,"sourceObjectId":124871,"sourceURL":"https://maps8.stlouis-mo.gov/arcgis/rest/services/STREETS/Streets_Permitting/MapServer/2","title":"Street light L017599"},"type":"Feature"},{"geometry":{"coordinates":[-90.30906112878009,38.628018064521996],"type":"Point"},"id":"stl-city-public-streetlights:2:124872","properties":{"address":null,"attributes":{"Date_Installed":"3/26/20","LED_Powered":1,"LightID":"L017600","Light_Source":"LED","Light_Type":"Cobra","Lighting_Type":"LED-Powered Lamp","Verification_Date":null},"id":"stl-city-public-streetlights:2:124872","sourceLayerId":2,"sourceObjectId":124872,"sourceURL":"https://maps8.stlouis-mo.gov/arcgis/rest/services/STREETS/Streets_Permitting/MapServer/2","title":"Street light L017600"},"type":"Feature"},{"geometry":{"coordinates":[-90.30861999247378,38.62798874048259],"type":"Point"},"id":"stl-city-public-streetlights:2:124873","properties":{"address":null,"attributes":{"Date_Installed":"3/26/20","LED_Powered":1,"LightID":"L017601","Light_Source":"LED","Light_Type":"Cobra","Lighting_Type":"LED-Powered Lamp","Verification_Date":null},"id":"stl-city-public-streetlights:2:124873","sourceLayerId":2,"sourceObjectId":124873,"sourceURL":"https://maps8.stlouis-mo.gov/arcgis/rest/services/STREETS/Streets_Permitting/MapServer/2","title":"Street light L017601"},"type":"Feature"},{"geometry":{"coordinates":[-90.30817890848856,38.62794034568726],"type":"Point"},"id":"stl-city-public-streetlights:2:124874","properties":{"address":null,"attributes":{"Date_Installed":"3/26/20","LED_Powered":1,"LightID":"L017602","Light_Source":"LED","Light_Type":"Cobra","Lighting_Type":"LED-Powered Lamp","Verification_Date":null},"id":"stl-city-public-streetlights:2:124874","sourceLayerId":2,"sourceObjectId":124874,"sourceURL":"https://maps8.stlouis-mo.gov/arcgis/rest/services/STREETS/Streets_Permitting/MapServer/2","title":"Street light L017602"},"type":"Feature"},{"geometry":{"coordinates":[-90.30773500313744,38.627901478732056],"type":"Point"},"id":"stl-city-public-streetlights:2:124875","properties":{"address":null,"attributes":{"Date_Installed":"3/26/20","LED_Powered":1,"LightID":"L017603","Light_Source":"LED","Light_Type":"Cobra","Lighting_Type":"LED-Powered Lamp","Verification_Date":null},"id":"stl-city-public-streetlights:2:124875","sourceLayerId":2,"sourceObjectId":124875,"sourceURL":"https://maps8.stlouis-mo.gov/arcgis/rest/services/STREETS/Streets_Permitting/MapServer/2","title":"Street light L017603"},"type":"Feature"},{"geometry":{"coordinates":[-90.30728417215323,38.62786164644325],"type":"Point"},"id":"stl-city-public-streetlights:2:124876","properties":{"address":null,"attributes":{"Date_Installed":"3/26/20","LED_Powered":1,"LightID":"L017604","Light_Source":"LED","Light_Type":"Cobra","Lighting_Type":"LED-Powered Lamp","Verification_Date":null},"id":"stl-city-public-streetlights:2:124876","sourceLayerId":2,"sourceObjectId":124876,"sourceURL":"https://maps8.stlouis-mo.gov/arcgis/rest/services/STREETS/Streets_Permitting/MapServer/2","title":"Street light L017604"},"type":"Feature"},{"geometry":{"coordinates":[-90.30680409526353,38.627813951596174],"type":"Point"},"id":"stl-city-public-streetlights:2:124877","properties":{"address":null,"attributes":{"Date_Installed":null,"LED_Powered":0,"LightID":"L017605","Light_Source":"LED","Light_Type":"Cobra","Lighting_Type":"LED-Powered Lamp","Verification_Date":null},"id":"stl-city-public-streetlights:2:124877","sourceLayerId":2,"sourceObjectId":124877,"sourceURL":"https://maps8.stlouis-mo.gov/arcgis/rest/services/STREETS/Streets_Permitting/MapServer/2","title":"Street light L017605"},"type":"Feature"},{"geometry":{"coordinates":[-90.30634722320544,38.627772436369774],"type":"Point"},"id":"stl-city-public-streetlights:2:124878","properties":{"address":null,"attributes":{"Date_Installed":null,"LED_Powered":0,"LightID":"L017606","Light_Source":"LED","Light_Type":"Cobra","Lighting_Type":"LED-Powered Lamp","Verification_Date":null},"id":"stl-city-public-streetlights:2:124878","sourceLayerId":2,"sourceObjectId":124878,"sourceURL":"https://maps8.stlouis-mo.gov/arcgis/rest/services/STREETS/Streets_Permitting/MapServer/2","title":"Street light L017606"},"type":"Feature"},{"geometry":{"coordinates":[-90.30588983254081,38.62772922842602],"type":"Point"},"id":"stl-city-public-streetlights:2:124879","properties":{"address":null,"attributes":{"Date_Installed":null,"LED_Powered":0,"LightID":"L017607","Light_Source":"LED","Light_Type":"Cobra","Lighting_Type":"LED-Powered Lamp","Verification_Date":null},"id":"stl-city-public-streetlights:2:124879","sourceLayerId":2,"sourceObjectId":124879,"sourceURL":"https://maps8.stlouis-mo.gov/arcgis/rest/services/STREETS/Streets_Permitting/MapServer/2","title":"Street light L017607"},"type":"Feature"},{"geometry":{"coordinates":[-90.30541549293521,38.62767981849823],"type":"Point"},"id":"stl-city-public-streetlights:2:124880","properties":{"address":null,"attributes":{"Date_Installed":null,"LED_Powered":0,"LightID":"L017608","Light_Source":"LED","Light_Type":"Cobra","Lighting_Type":"LED-Powered Lamp","Verification_Date":null},"id":"stl-city-public-streetlights:2:124880","sourceLayerId":2,"sourceObjectId":124880,"sourceURL":"https://maps8.stlouis-mo.gov/arcgis/rest/services/STREETS/Streets_Permitting/MapServer/2","title":"Street light L017608"},"type":"Feature"},{"geometry":{"coordinates":[-90.30495094324114,38.62763643191709],"type":"Point"},"id":"stl-city-public-streetlights:2:124881","properties":{"address":null,"attributes":{"Date_Installed":null,"LED_Powered":0,"LightID":"L017609","Light_Source":"LED","Light_Type":"Cobra","Lighting_Type":"LED-Powered Lamp","Verification_Date":null},"id":"stl-city-public-streetlights:2:124881","sourceLayerId":2,"sourceObjectId":124881,"sourceURL":"https://maps8.stlouis-mo.gov/arcgis/rest/services/STREETS/Streets_Permitting/MapServer/2","title":"Street light L017609"},"type":"Feature"},{"geometry":{"coordinates":[-90.30447863894098,38.627591630547506],"type":"Point"},"id":"stl-city-public-streetlights:2:124882","properties":{"address":null,"attributes":{"Date_Installed":null,"LED_Powered":0,"LightID":"L017610","Light_Source":"LED","Light_Type":"Cobra","Lighting_Type":"LED-Powered Lamp","Verification_Date":null},"id":"stl-city-public-streetlights:2:124882","sourceLayerId":2,"sourceObjectId":124882,"sourceURL":"https://maps8.stlouis-mo.gov/arcgis/rest/services/STREETS/Streets_Permitting/MapServer/2","title":"Street light L017610"},"type":"Feature"},{"geometry":{"coordinates":[-90.30399994822378,38.627546137301074],"type":"Point"},"id":"stl-city-public-streetlights:2:124883","properties":{"address":null,"attributes":{"Date_Installed":null,"LED_Powered":0,"LightID":"L017611","Light_Source":"LED","Light_Type":"Cobra","Lighting_Type":"LED-Powered Lamp","Verification_Date":null},"id":"stl-city-public-streetlights:2:124883","sourceLayerId":2,"sourceObjectId":124883,"sourceURL":"https://maps8.stlouis-mo.gov/arcgis/rest/services/STREETS/Streets_Permitting/MapServer/2","title":"Street light L017611"},"type":"Feature"},{"geometry":{"coordinates":[-90.3035260419145,38.62750131679052],"type":"Point"},"id":"stl-city-public-streetlights:2:124884","properties":{"address":null,"attributes":{"Date_Installed":null,"LED_Powered":0,"LightID":"L017612","Light_Source":"LED","Light_Type":"Cobra","Lighting_Type":"LED-Powered Lamp","Verification_Date":null},"id":"stl-city-public-streetlights:2:124884","sourceLayerId":2,"sourceObjectId":124884,"sourceURL":"https://maps8.stlouis-mo.gov/arcgis/rest/services/STREETS/Streets_Permitting/MapServer/2","title":"Street light L017612"},"type":"Feature"},{"geometry":{"coordinates":[-90.30305821584663,38.62745576586375],"type":"Point"},"id":"stl-city-public-streetlights:2:124885","properties":{"address":null,"attributes":{"Date_Installed":null,"LED_Powered":0,"LightID":"L017613","Light_Source":"LED","Light_Type":"Cobra","Lighting_Type":"LED-Powered Lamp","Verification_Date":null},"id":"stl-city-public-streetlights:2:124885","sourceLayerId":2,"sourceObjectId":124885,"sourceURL":"https://maps8.stlouis-mo.gov/arcgis/rest/services/STREETS/Streets_Permitting/MapServer/2","title":"Street light L017613"},"type":"Feature"},{"geometry":{"coordinates":[-90.30257033472935,38.627410251299445],"type":"Point"},"id":"stl-city-public-streetlights:2:124886","properties":{"address":null,"attributes":{"Date_Installed":null,"LED_Powered":0,"LightID":"L017614","Light_Source":"LED","Light_Type":"Cobra","Lighting_Type":"LED-Powered Lamp","Verification_Date":null},"id":"stl-city-public-streetlights:2:124886","sourceLayerId":2,"sourceObjectId":124886,"sourceURL":"https://maps8.stlouis-mo.gov/arcgis/rest/services/STREETS/Streets_Permitting/MapServer/2","title":"Street light L017614"},"type":"Feature"},{"geometry":{"coordinates":[-90.30209765646516,38.62736178026579],"type":"Point"},"id":"stl-city-public-streetlights:2:124887","properties":{"address":null,"attributes":{"Date_Installed":null,"LED_Powered":0,"LightID":"L017615","Light_Source":"LED","Light_Type":"Cobra","Lighting_Type":"LED-Powered Lamp","Verification_Date":null},"id":"stl-city-public-streetlights:2:124887","sourceLayerId":2,"sourceObjectId":124887,"sourceURL":"https://maps8.stlouis-mo.gov/arcgis/rest/services/STREETS/Streets_Permitting/MapServer/2","title":"Street light L017615"},"type":"Feature"},{"geometry":{"coordinates":[-90.30163590028688,38.62731928524007],"type":"Point"},"id":"stl-city-public-streetlights:2:124888","properties":{"address":null,"attributes":{"Date_Installed":null,"LED_Powered":0,"LightID":"L017616","Light_Source":"LED","Light_Type":"Cobra","Lighting_Type":"LED-Powered Lamp","Verification_Date":null},"id":"stl-city-public-streetlights:2:124888","sourceLayerId":2,"sourceObjectId":124888,"sourceURL":"https://maps8.stlouis-mo.gov/arcgis/rest/services/STREETS/Streets_Permitting/MapServer/2","title":"Street light L017616"},"type":"Feature"},{"geometry":{"coordinates":[-90.30120088192345,38.62727802480383],"type":"Point"},"id":"stl-city-public-streetlights:2:124889","properties":{"address":null,"attributes":{"Date_Installed":null,"LED_Powered":0,"LightID":"L017617","Light_Source":"LED","Light_Type":"Cobra","Lighting_Type":"LED-Powered Lamp","Verification_Date":null},"id":"stl-city-public-streetlights:2:124889","sourceLayerId":2,"sourceObjectId":124889,"sourceURL":"https://maps8.stlouis-mo.gov/arcgis/rest/services/STREETS/Streets_Permitting/MapServer/2","title":"Street light L017617"},"type":"Feature"},{"geometry":{"coordinates":[-90.30021917046561,38.627964224153736],"type":"Point"},"id":"stl-city-public-streetlights:2:124891","properties":{"address":null,"attributes":{"Date_Installed":null,"LED_Powered":0,"LightID":"L017619","Light_Source":"LED","Light_Type":"Cobra","Lighting_Type":"LED-Powered Lamp","Verification_Date":null},"id":"stl-city-public-streetlights:2:124891","sourceLayerId":2,"sourceObjectId":124891,"sourceURL":"https://maps8.stlouis-mo.gov/arcgis/rest/services/STREETS/Streets_Permitting/MapServer/2","title":"Street light L017619"},"type":"Feature"},{"geometry":{"coordinates":[-90.3006361231865,38.62800188181833],"type":"Point"},"id":"stl-city-public-streetlights:2:124892","properties":{"address":null,"attributes":{"Date_Installed":null,"LED_Powered":0,"LightID":"L017620","Light_Source":"LED","Light_Type":"Cobra","Lighting_Type":"LED-Powered Lamp","Verification_Date":null},"id":"stl-city-public-streetlights:2:124892","sourceLayerId":2,"sourceObjectId":124892,"sourceURL":"https://maps8.stlouis-mo.gov/arcgis/rest/services/STREETS/Streets_Permitting/MapServer/2","title":"Street light L017620"},"type":"Feature"},{"geometry":{"coordinates":[-90.3010004079371,38.62805477079936],"type":"Point"},"id":"stl-city-public-streetlights:2:124893","properties":{"address":null,"attributes":{"Date_Installed":null,"LED_Powered":0,"LightID":"L017621","Light_Source":"LED","Light_Type":"Cobra","Lighting_Type":"LED-Powered Lamp","Verification_Date":null},"id":"stl-city-public-streetlights:2:124893","sourceLayerId":2,"sourceObjectId":124893,"sourceURL":"https://maps8.stlouis-mo.gov/arcgis/rest/services/STREETS/Streets_Permitting/MapServer/2","title":"Street light L017621"},"type":"Feature"},{"geometry":{"coordinates":[-90.30143367709186,38.628091059692245],"type":"Point"},"id":"stl-city-public-streetlights:2:124894","properties":{"address":null,"attributes":{"Date_Installed":null,"LED_Powered":0,"LightID":"L017622","Light_Source":"LED","Light_Type":"Cobra","Lighting_Type":"LED-Powered Lamp","Verification_Date":null},"id":"stl-city-public-streetlights:2:124894","sourceLayerId":2,"sourceObjectId":124894,"sourceURL":"https://maps8.stlouis-mo.gov/arcgis/rest/services/STREETS/Streets_Permitting/MapServer/2","title":"Street light L017622"},"type":"Feature"},{"geometry":{"coordinates":[-90.30191301551484,38.62815064276817],"type":"Point"},"id":"stl-city-public-streetlights:2:124895","properties":{"address":null,"attributes":{"Date_Installed":null,"LED_Powered":0,"LightID":"L017623","Light_Source":"LED","Light_Type":"Cobra","Lighting_Type":"LED-Powered Lamp","Verification_Date":null},"id":"stl-city-public-streetlights:2:124895","sourceLayerId":2,"sourceObjectId":124895,"sourceURL":"https://maps8.stlouis-mo.gov/arcgis/rest/services/STREETS/Streets_Permitting/MapServer/2","title":"Street light L017623"},"type":"Feature"},{"geometry":{"coordinates":[-90.30228965165603,38.6282084864335],"type":"Point"},"id":"stl-city-public-streetlights:2:124896","properties":{"address":null,"attributes":{"Date_Installed":null,"LED_Powered":0,"LightID":"L017624","Light_Source":"LED","Light_Type":"Cobra","Lighting_Type":"LED-Powered Lamp","Verification_Date":null},"id":"stl-city-public-streetlights:2:124896","sourceLayerId":2,"sourceObjectId":124896,"sourceURL":"https://maps8.stlouis-mo.gov/arcgis/rest/services/STREETS/Streets_Permitting/MapServer/2","title":"Street light L017624"},"type":"Feature"},{"geometry":{"coordinates":[-90.3027184371982,38.62825330705068],"type":"Point"},"id":"stl-city-public-streetlights:2:124897","properties":{"address":null,"attributes":{"Date_Installed":null,"LED_Powered":0,"LightID":"L017625","Light_Source":"LED","Light_Type":"Cobra","Lighting_Type":"LED-Powered Lamp","Verification_Date":null},"id":"stl-city-public-streetlights:2:124897","sourceLayerId":2,"sourceObjectId":124897,"sourceURL":"https://maps8.stlouis-mo.gov/arcgis/rest/services/STREETS/Streets_Permitting/MapServer/2","title":"Street light L017625"},"type":"Feature"},{"geometry":{"coordinates":[-90.30313918114757,38.628294536927314],"type":"Point"},"id":"stl-city-public-streetlights:2:124898","properties":{"address":null,"attributes":{"Date_Installed":null,"LED_Powered":0,"LightID":"L017626","Light_Source":"LED","Light_Type":"Cobra","Lighting_Type":"LED-Powered Lamp","Verification_Date":null},"id":"stl-city-public-streetlights:2:124898","sourceLayerId":2,"sourceObjectId":124898,"sourceURL":"https://maps8.stlouis-mo.gov/arcgis/rest/services/STREETS/Streets_Permitting/MapServer/2","title":"Street light L017626"},"type":"Feature"},{"geometry":{"coordinates":[-90.30359517649035,38.62833463349123],"type":"Point"},"id":"stl-city-public-streetlights:2:124899","properties":{"address":null,"attributes":{"Date_Installed":null,"LED_Powered":0,"LightID":"L017627","Light_Source":"LED","Light_Type":"Cobra","Lighting_Type":"LED-Powered Lamp","Verification_Date":null},"id":"stl-city-public-streetlights:2:124899","sourceLayerId":2,"sourceObjectId":124899,"sourceURL":"https://maps8.stlouis-mo.gov/arcgis/rest/services/STREETS/Streets_Permitting/MapServer/2","title":"Street light L017627"},"type":"Feature"},{"geometry":{"coordinates":[-90.30404523442095,38.6283794849529],"type":"Point"},"id":"stl-city-public-streetlights:2:124900","properties":{"address":null,"attributes":{"Date_Installed":null,"LED_Powered":0,"LightID":"L017628","Light_Source":"LED","Light_Type":"Cobra","Lighting_Type":"LED-Powered Lamp","Verification_Date":null},"id":"stl-city-public-streetlights:2:124900","sourceLayerId":2,"sourceObjectId":124900,"sourceURL":"https://maps8.stlouis-mo.gov/arcgis/rest/services/STREETS/Streets_Permitting/MapServer/2","title":"Street light L017628"},"type":"Feature"},{"geometry":{"coordinates":[-90.3044872474679,38.62842193748127],"type":"Point"},"id":"stl-city-public-streetlights:2:124901","properties":{"address":null,"attributes":{"Date_Installed":null,"LED_Powered":0,"LightID":"L017629","Light_Source":"LED","Light_Type":"Cobra","Lighting_Type":"LED-Powered Lamp","Verification_Date":null},"id":"stl-city-public-streetlights:2:124901","sourceLayerId":2,"sourceObjectId":124901,"sourceURL":"https://maps8.stlouis-mo.gov/arcgis/rest/services/STREETS/Streets_Permitting/MapServer/2","title":"Street light L017629"},"type":"Feature"},{"geometry":{"coordinates":[-90.30494266984468,38.628466805265845],"type":"Point"},"id":"stl-city-public-streetlights:2:124902","properties":{"address":null,"attributes":{"Date_Installed":null,"LED_Powered":0,"LightID":"L017630","Light_Source":"LED","Light_Type":"Cobra","Lighting_Type":"LED-Powered Lamp","Verification_Date":null},"id":"stl-city-public-streetlights:2:124902","sourceLayerId":2,"sourceObjectId":124902,"sourceURL":"https://maps8.stlouis-mo.gov/arcgis/rest/services/STREETS/Streets_Permitting/MapServer/2","title":"Street light L017630"},"type":"Feature"},{"geometry":{"coordinates":[-90.30537218634602,38.628506243557915],"type":"Point"},"id":"stl-city-public-streetlights:2:124903","properties":{"address":null,"attributes":{"Date_Installed":null,"LED_Powered":0,"LightID":"L017631","Light_Source":"LED","Light_Type":"Cobra","Lighting_Type":"LED-Powered Lamp","Verification_Date":null},"id":"stl-city-public-streetlights:2:124903","sourceLayerId":2,"sourceObjectId":124903,"sourceURL":"https://maps8.stlouis-mo.gov/arcgis/rest/services/STREETS/Streets_Permitting/MapServer/2","title":"Street light L017631"},"type":"Feature"},{"geometry":{"coordinates":[-90.30584146295628,38.628552311958316],"type":"Point"},"id":"stl-city-public-streetlights:2:124904","properties":{"address":null,"attributes":{"Date_Installed":null,"LED_Powered":0,"LightID":"L017632","Light_Source":"LED","Light_Type":"Cobra","Lighting_Type":"LED-Powered Lamp","Verification_Date":null},"id":"stl-city-public-streetlights:2:124904","sourceLayerId":2,"sourceObjectId":124904,"sourceURL":"https://maps8.stlouis-mo.gov/arcgis/rest/services/STREETS/Streets_Permitting/MapServer/2","title":"Street light L017632"},"type":"Feature"},{"geometry":{"coordinates":[-90.30626715052526,38.62859294330199],"type":"Point"},"id":"stl-city-public-streetlights:2:124905","properties":{"address":null,"attributes":{"Date_Installed":null,"LED_Powered":0,"LightID":"L017633","Light_Source":"LED","Light_Type":"Cobra","Lighting_Type":"LED-Powered Lamp","Verification_Date":null},"id":"stl-city-public-streetlights:2:124905","sourceLayerId":2,"sourceObjectId":124905,"sourceURL":"https://maps8.stlouis-mo.gov/arcgis/rest/services/STREETS/Streets_Permitting/MapServer/2","title":"Street light L017633"},"type":"Feature"},{"geometry":{"coordinates":[-90.3066727122396,38.628631155183896],"type":"Point"},"id":"stl-city-public-streetlights:2:124906","properties":{"address":null,"attributes":{"Date_Installed":null,"LED_Powered":0,"LightID":"L017634","Light_Source":"LED","Light_Type":"Cobra","Lighting_Type":"LED-Powered Lamp","Verification_Date":null},"id":"stl-city-public-streetlights:2:124906","sourceLayerId":2,"sourceObjectId":124906,"sourceURL":"https://maps8.stlouis-mo.gov/arcgis/rest/services/STREETS/Streets_Permitting/MapServer/2","title":"Street light L017634"},"type":"Feature"},{"geometry":{"coordinates":[-90.30692501712461,38.62885335333257],"type":"Point"},"id":"stl-city-public-streetlights:2:124907","properties":{"address":null,"attributes":{"Date_Installed":"3/26/20","LED_Powered":1,"LightID":"L017635","Light_Source":"LED","Light_Type":"Cobra","Lighting_Type":"LED-Powered Lamp","Verification_Date":null},"id":"stl-city-public-streetlights:2:124907","sourceLayerId":2,"sourceObjectId":124907,"sourceURL":"https://maps8.stlouis-mo.gov/arcgis/rest/services/STREETS/Streets_Permitting/MapServer/2","title":"Street light L017635"},"type":"Feature"},{"geometry":{"coordinates":[-90.30737387713432,38.62889378014964],"type":"Point"},"id":"stl-city-public-streetlights:2:124908","properties":{"address":null,"attributes":{"Date_Installed":"3/26/20","LED_Powered":1,"LightID":"L017636","Light_Source":"LED","Light_Type":"Cobra","Lighting_Type":"LED-Powered Lamp","Verification_Date":null},"id":"stl-city-public-streetlights:2:124908","sourceLayerId":2,"sourceObjectId":124908,"sourceURL":"https://maps8.stlouis-mo.gov/arcgis/rest/services/STREETS/Streets_Permitting/MapServer/2","title":"Street light L017636"},"type":"Feature"},{"geometry":{"coordinates":[-90.30782995690193,38.62893898372129],"type":"Point"},"id":"stl-city-public-streetlights:2:124909","properties":{"address":null,"attributes":{"Date_Installed":"3/26/20","LED_Powered":1,"LightID":"L017637","Light_Source":"LED","Light_Type":"Cobra","Lighting_Type":"LED-Powered Lamp","Verification_Date":null},"id":"stl-city-public-streetlights:2:124909","sourceLayerId":2,"sourceObjectId":124909,"sourceURL":"https://maps8.stlouis-mo.gov/arcgis/rest/services/STREETS/Streets_Permitting/MapServer/2","title":"Street light L017637"},"type":"Feature"},{"geometry":{"coordinates":[-90.30821814321116,38.62877086110045],"type":"Point"},"id":"stl-city-public-streetlights:2:124910","properties":{"address":null,"attributes":{"Date_Installed":"3/26/20","LED_Powered":1,"LightID":"L017638","Light_Source":"LED","Light_Type":"Cobra","Lighting_Type":"LED-Powered Lamp","Verification_Date":null},"id":"stl-city-public-streetlights:2:124910","sourceLayerId":2,"sourceObjectId":124910,"sourceURL":"https://maps8.stlouis-mo.gov/arcgis/rest/services/STREETS/Streets_Permitting/MapServer/2","title":"Street light L017638"},"type":"Feature"},{"geometry":{"coordinates":[-90.30850589113824,38.62848652717056],"type":"Point"},"id":"stl-city-public-streetlights:2:124911","properties":{"address":null,"attributes":{"Date_Installed":"3/26/20","LED_Powered":1,"LightID":"L017639","Light_Source":"LED","Light_Type":"Cobra","Lighting_Type":"LED-Powered Lamp","Verification_Date":null},"id":"stl-city-public-streetlights:2:124911","sourceLayerId":2,"sourceObjectId":124911,"sourceURL":"https://maps8.stlouis-mo.gov/arcgis/rest/services/STREETS/Streets_Permitting/MapServer/2","title":"Street light L017639"},"type":"Feature"},{"geometry":{"coordinates":[-90.30642429164212,38.62936157122708],"type":"Point"},"id":"stl-city-public-streetlights:2:124912","properties":{"address":null,"attributes":{"Date_Installed":null,"LED_Powered":0,"LightID":"L017640","Light_Source":"LED","Light_Type":"Cobra","Lighting_Type":"LED-Powered Lamp","Verification_Date":null},"id":"stl-city-public-streetlights:2:124912","sourceLayerId":2,"sourceObjectId":124912,"sourceURL":"https://maps8.stlouis-mo.gov/arcgis/rest/services/STREETS/Streets_Permitting/MapServer/2","title":"Street light L017640"},"type":"Feature"},{"geometry":{"coordinates":[-90.30607342973272,38.629323761769584],"type":"Point"},"id":"stl-city-public-streetlights:2:124913","properties":{"address":null,"attributes":{"Date_Installed":null,"LED_Powered":0,"LightID":"L017641","Light_Source":"LED","Light_Type":"Cobra","Lighting_Type":"LED-Powered Lamp","Verification_Date":null},"id":"stl-city-public-streetlights:2:124913","sourceLayerId":2,"sourceObjectId":124913,"sourceURL":"https://maps8.stlouis-mo.gov/arcgis/rest/services/STREETS/Streets_Permitting/MapServer/2","title":"Street light L017641"},"type":"Feature"},{"geometry":{"coordinates":[-90.30561194334088,38.629282575662124],"type":"Point"},"id":"stl-city-public-streetlights:2:124914","properties":{"address":null,"attributes":{"Date_Installed":null,"LED_Powered":0,"LightID":"L017642","Light_Source":"LED","Light_Type":"Cobra","Lighting_Type":"LED-Powered Lamp","Verification_Date":null},"id":"stl-city-public-streetlights:2:124914","sourceLayerId":2,"sourceObjectId":124914,"sourceURL":"https://maps8.stlouis-mo.gov/arcgis/rest/services/STREETS/Streets_Permitting/MapServer/2","title":"Street light L017642"},"type":"Feature"},{"geometry":{"coordinates":[-90.30515230146847,38.62924029532214],"type":"Point"},"id":"stl-city-public-streetlights:2:124915","properties":{"address":null,"attributes":{"Date_Installed":null,"LED_Powered":0,"LightID":"L017643","Light_Source":"LED","Light_Type":"Cobra","Lighting_Type":"LED-Powered Lamp","Verification_Date":null},"id":"stl-city-public-streetlights:2:124915","sourceLayerId":2,"sourceObjectId":124915,"sourceURL":"https://maps8.stlouis-mo.gov/arcgis/rest/services/STREETS/Streets_Permitting/MapServer/2","title":"Street light L017643"},"type":"Feature"},{"geometry":{"coordinates":[-90.30469244733546,38.629196020950886],"type":"Point"},"id":"stl-city-public-streetlights:2:124916","properties":{"address":null,"attributes":{"Date_Installed":null,"LED_Powered":0,"LightID":"L017644","Light_Source":"LED","Light_Type":"Cobra","Lighting_Type":"LED-Powered Lamp","Verification_Date":null},"id":"stl-city-public-streetlights:2:124916","sourceLayerId":2,"sourceObjectId":124916,"sourceURL":"https://maps8.stlouis-mo.gov/arcgis/rest/services/STREETS/Streets_Permitting/MapServer/2","title":"Street light L017644"},"type":"Feature"},{"geometry":{"coordinates":[-90.30422962668253,38.62915068036031],"type":"Point"},"id":"stl-city-public-streetlights:2:124917","properties":{"address":null,"attributes":{"Date_Installed":null,"LED_Powered":0,"LightID":"L017645","Light_Source":"LED","Light_Type":"Cobra","Lighting_Type":"LED-Powered Lamp","Verification_Date":null},"id":"stl-city-public-streetlights:2:124917","sourceLayerId":2,"sourceObjectId":124917,"sourceURL":"https://maps8.stlouis-mo.gov/arcgis/rest/services/STREETS/Streets_Permitting/MapServer/2","title":"Street light L017645"},"type":"Feature"},{"geometry":{"coordinates":[-90.30376300596632,38.629104609951575],"type":"Point"},"id":"stl-city-public-streetlights:2:124918","properties":{"address":null,"attributes":{"Date_Installed":null,"LED_Powered":0,"LightID":"L017646","Light_Source":"LED","Light_Type":"Cobra","Lighting_Type":"LED-Powered Lamp","Verification_Date":null},"id":"stl-city-public-streetlights:2:124918","sourceLayerId":2,"sourceObjectId":124918,"sourceURL":"https://maps8.stlouis-mo.gov/arcgis/rest/services/STREETS/Streets_Permitting/MapServer/2","title":"Street light L017646"},"type":"Feature"},{"geometry":{"coordinates":[-90.303293648067,38.62905972496002],"type":"Point"},"id":"stl-city-public-streetlights:2:124919","properties":{"address":null,"attributes":{"Date_Installed":"2020-01-14","LED_Powered":1,"LightID":"L017647","Light_Source":"LED","Light_Type":"Cobra","Lighting_Type":"5G Pole - 5G Pole -5G Pole - 2A","Verification_Date":null},"id":"stl-city-public-streetlights:2:124919","sourceLayerId":2,"sourceObjectId":124919,"sourceURL":"https://maps8.stlouis-mo.gov/arcgis/rest/services/STREETS/Streets_Permitting/MapServer/2","title":"Street light L017647"},"type":"Feature"},{"geometry":{"coordinates":[-90.3028347773467,38.62901366387887],"type":"Point"},"id":"stl-city-public-streetlights:2:124920","properties":{"address":null,"attributes":{"Date_Installed":null,"LED_Powered":0,"LightID":"L017648","Light_Source":"LED","Light_Type":"Cobra","Lighting_Type":"LED-Powered Lamp","Verification_Date":null},"id":"stl-city-public-streetlights:2:124920","sourceLayerId":2,"sourceObjectId":124920,"sourceURL":"https://maps8.stlouis-mo.gov/arcgis/rest/services/STREETS/Streets_Permitting/MapServer/2","title":"Street light L017648"},"type":"Feature"},{"geometry":{"coordinates":[-90.30239882633677,38.62897598196538],"type":"Point"},"id":"stl-city-public-streetlights:2:124921","properties":{"address":null,"attributes":{"Date_Installed":null,"LED_Powered":0,"LightID":"L017649","Light_Source":"LED","Light_Type":"Cobra","Lighting_Type":"LED-Powered Lamp","Verification_Date":null},"id":"stl-city-public-streetlights:2:124921","sourceLayerId":2,"sourceObjectId":124921,"sourceURL":"https://maps8.stlouis-mo.gov/arcgis/rest/services/STREETS/Streets_Permitting/MapServer/2","title":"Street light L017649"},"type":"Feature"},{"geometry":{"coordinates":[-90.30194724629521,38.62893112159616],"type":"Point"},"id":"stl-city-public-streetlights:2:124922","properties":{"address":null,"attributes":{"Date_Installed":null,"LED_Powered":0,"LightID":"L017650","Light_Source":"LED","Light_Type":"Cobra","Lighting_Type":"LED-Powered Lamp","Verification_Date":null},"id":"stl-city-public-streetlights:2:124922","sourceLayerId":2,"sourceObjectId":124922,"sourceURL":"https://maps8.stlouis-mo.gov/arcgis/rest/services/STREETS/Streets_Permitting/MapServer/2","title":"Street light L017650"},"type":"Feature"},{"geometry":{"coordinates":[-90.30149459347486,38.628889833303205],"type":"Point"},"id":"stl-city-public-streetlights:2:124923","properties":{"address":null,"attributes":{"Date_Installed":null,"LED_Powered":0,"LightID":"L017651","Light_Source":"LED","Light_Type":"Cobra","Lighting_Type":"LED-Powered Lamp","Verification_Date":null},"id":"stl-city-public-streetlights:2:124923","sourceLayerId":2,"sourceObjectId":124923,"sourceURL":"https://maps8.stlouis-mo.gov/arcgis/rest/services/STREETS/Streets_Permitting/MapServer/2","title":"Street light L017651"},"type":"Feature"},{"geometry":{"coordinates":[-90.30120686881314,38.62923998533922],"type":"Point"},"id":"stl-city-public-streetlights:2:124924","properties":{"address":null,"attributes":{"Date_Installed":null,"LED_Powered":0,"LightID":"L017652","Light_Source":"LED","Light_Type":"Cobra","Lighting_Type":"LED-Powered Lamp","Verification_Date":null},"id":"stl-city-public-streetlights:2:124924","sourceLayerId":2,"sourceObjectId":124924,"sourceURL":"https://maps8.stlouis-mo.gov/arcgis/rest/services/STREETS/Streets_Permitting/MapServer/2","title":"Street light L017652"},"type":"Feature"},{"geometry":{"coordinates":[-90.30076986482719,38.6291991469519],"type":"Point"},"id":"stl-city-public-streetlights:2:124925","properties":{"address":null,"attributes":{"Date_Installed":null,"LED_Powered":0,"LightID":"L017653","Light_Source":"LED","Light_Type":"Cobra","Lighting_Type":"LED-Powered Lamp","Verification_Date":null},"id":"stl-city-public-streetlights:2:124925","sourceLayerId":2,"sourceObjectId":124925,"sourceURL":"https://maps8.stlouis-mo.gov/arcgis/rest/services/STREETS/Streets_Permitting/MapServer/2","title":"Street light L017653"},"type":"Feature"},{"geometry":{"coordinates":[-90.30032587713451,38.62921181788581],"type":"Point"},"id":"stl-city-public-streetlights:2:124926","properties":{"address":null,"attributes":{"Date_Installed":null,"LED_Powered":0,"LightID":"L017654","Light_Source":"LED","Light_Type":"Cobra","Lighting_Type":"LED-Powered Lamp","Verification_Date":null},"id":"stl-city-public-streetlights:2:124926","sourceLayerId":2,"sourceObjectId":124926,"sourceURL":"https://maps8.stlouis-mo.gov/arcgis/rest/services/STREETS/Streets_Permitting/MapServer/2","title":"Street light L017654"},"type":"Feature"},{"geometry":{"coordinates":[-90.30074479329582,38.62962490885982],"type":"Point"},"id":"stl-city-public-streetlights:2:124930","properties":{"address":null,"attributes":{"Date_Installed":null,"LED_Powered":0,"LightID":"L017658","Light_Source":"LED","Light_Type":"Cobra","Lighting_Type":"LED-Powered Lamp","Verification_Date":null},"id":"stl-city-public-streetlights:2:124930","sourceLayerId":2,"sourceObjectId":124930,"sourceURL":"https://maps8.stlouis-mo.gov/arcgis/rest/services/STREETS/Streets_Permitting/MapServer/2","title":"Street light L017658"},"type":"Feature"},{"geometry":{"coordinates":[-90.30120769347181,38.62967086606397],"type":"Point"},"id":"stl-city-public-streetlights:2:124931","properties":{"address":null,"attributes":{"Date_Installed":null,"LED_Powered":0,"LightID":"L017659","Light_Source":"LED","Light_Type":"Cobra","Lighting_Type":"LED-Powered Lamp","Verification_Date":null},"id":"stl-city-public-streetlights:2:124931","sourceLayerId":2,"sourceObjectId":124931,"sourceURL":"https://maps8.stlouis-mo.gov/arcgis/rest/services/STREETS/Streets_Permitting/MapServer/2","title":"Street light L017659"},"type":"Feature"},{"geometry":{"coordinates":[-90.30166337730047,38.629716330830966],"type":"Point"},"id":"stl-city-public-streetlights:2:124932","properties":{"address":null,"attributes":{"Date_Installed":null,"LED_Powered":0,"LightID":"L017660","Light_Source":"LED","Light_Type":"Cobra","Lighting_Type":"LED-Powered Lamp","Verification_Date":null},"id":"stl-city-public-streetlights:2:124932","sourceLayerId":2,"sourceObjectId":124932,"sourceURL":"https://maps8.stlouis-mo.gov/arcgis/rest/services/STREETS/Streets_Permitting/MapServer/2","title":"Street light L017660"},"type":"Feature"},{"geometry":{"coordinates":[-90.30212240922248,38.62976025265508],"type":"Point"},"id":"stl-city-public-streetlights:2:124933","properties":{"address":null,"attributes":{"Date_Installed":null,"LED_Powered":0,"LightID":"L017661","Light_Source":"LED","Light_Type":"Cobra","Lighting_Type":"LED-Powered Lamp","Verification_Date":null},"id":"stl-city-public-streetlights:2:124933","sourceLayerId":2,"sourceObjectId":124933,"sourceURL":"https://maps8.stlouis-mo.gov/arcgis/rest/services/STREETS/Streets_Permitting/MapServer/2","title":"Street light L017661"},"type":"Feature"},{"geometry":{"coordinates":[-90.30257966947019,38.6298079822621],"type":"Point"},"id":"stl-city-public-streetlights:2:124934","properties":{"address":null,"attributes":{"Date_Installed":null,"LED_Powered":0,"LightID":"L017662","Light_Source":"LED","Light_Type":"Cobra","Lighting_Type":"LED-Powered Lamp","Verification_Date":null},"id":"stl-city-public-streetlights:2:124934","sourceLayerId":2,"sourceObjectId":124934,"sourceURL":"https://maps8.stlouis-mo.gov/arcgis/rest/services/STREETS/Streets_Permitting/MapServer/2","title":"Street light L017662"},"type":"Feature"},{"geometry":{"coordinates":[-90.30300983583625,38.62985161225887],"type":"Point"},"id":"stl-city-public-streetlights:2:124935","properties":{"address":null,"attributes":{"Date_Installed":null,"LED_Powered":0,"LightID":"L017663","Light_Source":"LED","Light_Type":"Cobra","Lighting_Type":"LED-Powered Lamp","Verification_Date":null},"id":"stl-city-public-streetlights:2:124935","sourceLayerId":2,"sourceObjectId":124935,"sourceURL":"https://maps8.stlouis-mo.gov/arcgis/rest/services/STREETS/Streets_Permitting/MapServer/2","title":"Street light L017663"},"type":"Feature"},{"geometry":{"coordinates":[-90.30998799257426,38.62196163708038],"type":"Point"},"id":"stl-city-public-streetlights:2:125345","properties":{"address":null,"attributes":{"Date_Installed":"3/26/20","LED_Powered":1,"LightID":"L018073","Light_Source":"LED","Light_Type":"Cobra","Lighting_Type":"LED-Powered Lamp","Verification_Date":null},"id":"stl-city-public-streetlights:2:125345","sourceLayerId":2,"sourceObjectId":125345,"sourceURL":"https://maps8.stlouis-mo.gov/arcgis/rest/services/STREETS/Streets_Permitting/MapServer/2","title":"Street light L018073"},"type":"Feature"},{"geometry":{"coordinates":[-90.30835021224502,38.620231383072095],"type":"Point"},"id":"stl-city-public-streetlights:2:125350","properties":{"address":null,"attributes":{"Date_Installed":"6/15/2017","LED_Powered":1,"LightID":"L018078","Light_Source":"LED","Light_Type":"Cobra","Lighting_Type":"LED-Powered Lamp","Verification_Date":null},"id":"stl-city-public-streetlights:2:125350","sourceLayerId":2,"sourceObjectId":125350,"sourceURL":"https://maps8.stlouis-mo.gov/arcgis/rest/services/STREETS/Streets_Permitting/MapServer/2","title":"Street light L018078"},"type":"Feature"},{"geometry":{"coordinates":[-90.30826116817762,38.62070505738801],"type":"Point"},"id":"stl-city-public-streetlights:2:125351","properties":{"address":null,"attributes":{"Date_Installed":"6/15/2017","LED_Powered":1,"LightID":"L018079","Light_Source":"LED","Light_Type":"Cobra","Lighting_Type":"LED-Powered Lamp","Verification_Date":null},"id":"stl-city-public-streetlights:2:125351","sourceLayerId":2,"sourceObjectId":125351,"sourceURL":"https://maps8.stlouis-mo.gov/arcgis/rest/services/STREETS/Streets_Permitting/MapServer/2","title":"Street light L018079"},"type":"Feature"},{"geometry":{"coordinates":[-90.3081724170678,38.62115409806051],"type":"Point"},"id":"stl-city-public-streetlights:2:125352","properties":{"address":null,"attributes":{"Date_Installed":"6/15/2017","LED_Powered":1,"LightID":"L018080","Light_Source":"LED","Light_Type":"Cobra","Lighting_Type":"LED-Powered Lamp","Verification_Date":null},"id":"stl-city-public-streetlights:2:125352","sourceLayerId":2,"sourceObjectId":125352,"sourceURL":"https://maps8.stlouis-mo.gov/arcgis/rest/services/STREETS/Streets_Permitting/MapServer/2","title":"Street light L018080"},"type":"Feature"},{"geometry":{"coordinates":[-90.30807731262229,38.62161112002998],"type":"Point"},"id":"stl-city-public-streetlights:2:125353","properties":{"address":null,"attributes":{"Date_Installed":"6/15/2017","LED_Powered":1,"LightID":"L018081","Light_Source":"LED","Light_Type":"Cobra","Lighting_Type":"LED-Powered Lamp","Verification_Date":null},"id":"stl-city-public-streetlights:2:125353","sourceLayerId":2,"sourceObjectId":125353,"sourceURL":"https://maps8.stlouis-mo.gov/arcgis/rest/services/STREETS/Streets_Permitting/MapServer/2","title":"Street light L018081"},"type":"Feature"},{"geometry":{"coordinates":[-90.30798244199813,38.622094123116305],"type":"Point"},"id":"stl-city-public-streetlights:2:125354","properties":{"address":null,"attributes":{"Date_Installed":"6/15/2017","LED_Powered":1,"LightID":"L018082","Light_Source":"LED","Light_Type":"Cobra","Lighting_Type":"LED-Powered Lamp","Verification_Date":null},"id":"stl-city-public-streetlights:2:125354","sourceLayerId":2,"sourceObjectId":125354,"sourceURL":"https://maps8.stlouis-mo.gov/arcgis/rest/services/STREETS/Streets_Permitting/MapServer/2","title":"Street light L018082"},"type":"Feature"},{"geometry":{"coordinates":[-90.30789364666356,38.622577374795746],"type":"Point"},"id":"stl-city-public-streetlights:2:125355","properties":{"address":null,"attributes":{"Date_Installed":"6/15/2017","LED_Powered":1,"LightID":"L018083","Light_Source":"LED","Light_Type":"Cobra","Lighting_Type":"LED-Powered Lamp","Verification_Date":null},"id":"stl-city-public-streetlights:2:125355","sourceLayerId":2,"sourceObjectId":125355,"sourceURL":"https://maps8.stlouis-mo.gov/arcgis/rest/services/STREETS/Streets_Permitting/MapServer/2","title":"Street light L018083"},"type":"Feature"},{"geometry":{"coordinates":[-90.30778776960496,38.623084911597985],"type":"Point"},"id":"stl-city-public-streetlights:2:125356","properties":{"address":null,"attributes":{"Date_Installed":"6/15/2017","LED_Powered":1,"LightID":"L018084","Light_Source":"LED","Light_Type":"Cobra","Lighting_Type":"LED-Powered Lamp","Verification_Date":null},"id":"stl-city-public-streetlights:2:125356","sourceLayerId":2,"sourceObjectId":125356,"sourceURL":"https://maps8.stlouis-mo.gov/arcgis/rest/services/STREETS/Streets_Permitting/MapServer/2","title":"Street light L018084"},"type":"Feature"},{"geometry":{"coordinates":[-90.30769148237736,38.62357399031785],"type":"Point"},"id":"stl-city-public-streetlights:2:125357","properties":{"address":null,"attributes":{"Date_Installed":"6/15/2017","LED_Powered":1,"LightID":"L018085","Light_Source":"LED","Light_Type":"Cobra","Lighting_Type":"LED-Powered Lamp","Verification_Date":null},"id":"stl-city-public-streetlights:2:125357","sourceLayerId":2,"sourceObjectId":125357,"sourceURL":"https://maps8.stlouis-mo.gov/arcgis/rest/services/STREETS/Streets_Permitting/MapServer/2","title":"Street light L018085"},"type":"Feature"},{"geometry":{"coordinates":[-90.30759746317922,38.62403208644875],"type":"Point"},"id":"stl-city-public-streetlights:2:125358","properties":{"address":null,"attributes":{"Date_Installed":"6/15/2017","LED_Powered":1,"LightID":"L018086","Light_Source":"LED","Light_Type":"Cobra","Lighting_Type":"LED-Powered Lamp","Verification_Date":null},"id":"stl-city-public-streetlights:2:125358","sourceLayerId":2,"sourceObjectId":125358,"sourceURL":"https://maps8.stlouis-mo.gov/arcgis/rest/services/STREETS/Streets_Permitting/MapServer/2","title":"Street light L018086"},"type":"Feature"},{"geometry":{"coordinates":[-90.30751034311795,38.62451140713076],"type":"Point"},"id":"stl-city-public-streetlights:2:125359","properties":{"address":null,"attributes":{"Date_Installed":"6/15/2017","LED_Powered":1,"LightID":"L018087","Light_Source":"LED","Light_Type":"Cobra","Lighting_Type":"LED-Powered Lamp","Verification_Date":null},"id":"stl-city-public-streetlights:2:125359","sourceLayerId":2,"sourceObjectId":125359,"sourceURL":"https://maps8.stlouis-mo.gov/arcgis/rest/services/STREETS/Streets_Permitting/MapServer/2","title":"Street light L018087"},"type":"Feature"},{"geometry":{"coordinates":[-90.30740900980898,38.62499988170386],"type":"Point"},"id":"stl-city-public-streetlights:2:125360","properties":{"address":null,"attributes":{"Date_Installed":"6/15/2017","LED_Powered":1,"LightID":"L018088","Light_Source":"LED","Light_Type":"Cobra","Lighting_Type":"LED-Powered Lamp","Verification_Date":null},"id":"stl-city-public-streetlights:2:125360","sourceLayerId":2,"sourceObjectId":125360,"sourceURL":"https://maps8.stlouis-mo.gov/arcgis/rest/services/STREETS/Streets_Permitting/MapServer/2","title":"Street light L018088"},"type":"Feature"},{"geometry":{"coordinates":[-90.30731580613639,38.62548100474081],"type":"Point"},"id":"stl-city-public-streetlights:2:125361","properties":{"address":null,"attributes":{"Date_Installed":"6/15/2017","LED_Powered":1,"LightID":"L018089","Light_Source":"LED","Light_Type":"Cobra","Lighting_Type":"LED-Powered Lamp","Verification_Date":null},"id":"stl-city-public-streetlights:2:125361","sourceLayerId":2,"sourceObjectId":125361,"sourceURL":"https://maps8.stlouis-mo.gov/arcgis/rest/services/STREETS/Streets_Permitting/MapServer/2","title":"Street light L018089"},"type":"Feature"},{"geometry":{"coordinates":[-90.3072185707928,38.62595804358212],"type":"Point"},"id":"stl-city-public-streetlights:2:125362","properties":{"address":null,"attributes":{"Date_Installed":"6/15/2017","LED_Powered":1,"LightID":"L018090","Light_Source":"LED","Light_Type":"Cobra","Lighting_Type":"LED-Powered Lamp","Verification_Date":null},"id":"stl-city-public-streetlights:2:125362","sourceLayerId":2,"sourceObjectId":125362,"sourceURL":"https://maps8.stlouis-mo.gov/arcgis/rest/services/STREETS/Streets_Permitting/MapServer/2","title":"Street light L018090"},"type":"Feature"},{"geometry":{"coordinates":[-90.30712521790515,38.62643775894668],"type":"Point"},"id":"stl-city-public-streetlights:2:125363","properties":{"address":null,"attributes":{"Date_Installed":"6/15/2017","LED_Powered":1,"LightID":"L018091","Light_Source":"LED","Light_Type":"Cobra","Lighting_Type":"LED-Powered Lamp","Verification_Date":null},"id":"stl-city-public-streetlights:2:125363","sourceLayerId":2,"sourceObjectId":125363,"sourceURL":"https://maps8.stlouis-mo.gov/arcgis/rest/services/STREETS/Streets_Permitting/MapServer/2","title":"Street light L018091"},"type":"Feature"},{"geometry":{"coordinates":[-90.30704371993096,38.62688078599998],"type":"Point"},"id":"stl-city-public-streetlights:2:125364","properties":{"address":null,"attributes":{"Date_Installed":"6/15/2017","LED_Powered":1,"LightID":"L018092","Light_Source":"LED","Light_Type":"Cobra","Lighting_Type":"LED-Powered Lamp","Verification_Date":null},"id":"stl-city-public-streetlights:2:125364","sourceLayerId":2,"sourceObjectId":125364,"sourceURL":"https://maps8.stlouis-mo.gov/arcgis/rest/services/STREETS/Streets_Permitting/MapServer/2","title":"Street light L018092"},"type":"Feature"},{"geometry":{"coordinates":[-90.30695045678911,38.62736640213749],"type":"Point"},"id":"stl-city-public-streetlights:2:125365","properties":{"address":null,"attributes":{"Date_Installed":"6/15/2017","LED_Powered":1,"LightID":"L018093","Light_Source":"LED","Light_Type":"Cobra","Lighting_Type":"LED-Powered Lamp","Verification_Date":null},"id":"stl-city-public-streetlights:2:125365","sourceLayerId":2,"sourceObjectId":125365,"sourceURL":"https://maps8.stlouis-mo.gov/arcgis/rest/services/STREETS/Streets_Permitting/MapServer/2","title":"Street light L018093"},"type":"Feature"},{"geometry":{"coordinates":[-90.30682605795266,38.62794257486022],"type":"Point"},"id":"stl-city-public-streetlights:2:125366","properties":{"address":null,"attributes":{"Date_Installed":"6/15/2017","LED_Powered":1,"LightID":"L018094","Light_Source":"LED","Light_Type":"Cobra","Lighting_Type":"LED-Powered Lamp","Verification_Date":null},"id":"stl-city-public-streetlights:2:125366","sourceLayerId":2,"sourceObjectId":125366,"sourceURL":"https://maps8.stlouis-mo.gov/arcgis/rest/services/STREETS/Streets_Permitting/MapServer/2","title":"Street light L018094"},"type":"Feature"},{"geometry":{"coordinates":[-90.30675729336288,38.62832940787062],"type":"Point"},"id":"stl-city-public-streetlights:2:125367","properties":{"address":null,"attributes":{"Date_Installed":"6/15/2017","LED_Powered":1,"LightID":"L018095","Light_Source":"LED","Light_Type":"Cobra","Lighting_Type":"LED-Powered Lamp","Verification_Date":null},"id":"stl-city-public-streetlights:2:125367","sourceLayerId":2,"sourceObjectId":125367,"sourceURL":"https://maps8.stlouis-mo.gov/arcgis/rest/services/STREETS/Streets_Permitting/MapServer/2","title":"Street light L018095"},"type":"Feature"},{"geometry":{"coordinates":[-90.30667389435605,38.628754634262464],"type":"Point"},"id":"stl-city-public-streetlights:2:125368","properties":{"address":null,"attributes":{"Date_Installed":"6/15/2017","LED_Powered":1,"LightID":"L018096","Light_Source":"LED","Light_Type":"Cobra","Lighting_Type":"LED-Powered Lamp","Verification_Date":null},"id":"stl-city-public-streetlights:2:125368","sourceLayerId":2,"sourceObjectId":125368,"sourceURL":"https://maps8.stlouis-mo.gov/arcgis/rest/services/STREETS/Streets_Permitting/MapServer/2","title":"Street light L018096"},"type":"Feature"},{"geometry":{"coordinates":[-90.30661064879942,38.62909405871712],"type":"Point"},"id":"stl-city-public-streetlights:2:125369","properties":{"address":null,"attributes":{"Date_Installed":"6/15/2017","LED_Powered":1,"LightID":"L018097","Light_Source":"LED","Light_Type":"Cobra","Lighting_Type":"LED-Powered Lamp","Verification_Date":null},"id":"stl-city-public-streetlights:2:125369","sourceLayerId":2,"sourceObjectId":125369,"sourceURL":"https://maps8.stlouis-mo.gov/arcgis/rest/services/STREETS/Streets_Permitting/MapServer/2","title":"Street light L018097"},"type":"Feature"},{"geometry":{"coordinates":[-90.30694239849012,38.62860828720409],"type":"Point"},"id":"stl-city-public-streetlights:2:125370","properties":{"address":null,"attributes":{"Date_Installed":"6/15/2017","LED_Powered":1,"LightID":"L018098","Light_Source":"LED","Light_Type":"Cobra","Lighting_Type":"LED-Powered Lamp","Verification_Date":null},"id":"stl-city-public-streetlights:2:125370","sourceLayerId":2,"sourceObjectId":125370,"sourceURL":"https://maps8.stlouis-mo.gov/arcgis/rest/services/STREETS/Streets_Permitting/MapServer/2","title":"Street light L018098"},"type":"Feature"},{"geometry":{"coordinates":[-90.30703845699996,38.62814173415502],"type":"Point"},"id":"stl-city-public-streetlights:2:125371","properties":{"address":null,"attributes":{"Date_Installed":"6/15/2017","LED_Powered":1,"LightID":"L018099","Light_Source":"LED","Light_Type":"Cobra","Lighting_Type":"LED-Powered Lamp","Verification_Date":null},"id":"stl-city-public-streetlights:2:125371","sourceLayerId":2,"sourceObjectId":125371,"sourceURL":"https://maps8.stlouis-mo.gov/arcgis/rest/services/STREETS/Streets_Permitting/MapServer/2","title":"Street light L018099"},"type":"Feature"},{"geometry":{"coordinates":[-90.30713336201708,38.627650865816086],"type":"Point"},"id":"stl-city-public-streetlights:2:125372","properties":{"address":null,"attributes":{"Date_Installed":"6/15/2017","LED_Powered":1,"LightID":"L018100","Light_Source":"LED","Light_Type":"Cobra","Lighting_Type":"LED-Powered Lamp","Verification_Date":null},"id":"stl-city-public-streetlights:2:125372","sourceLayerId":2,"sourceObjectId":125372,"sourceURL":"https://maps8.stlouis-mo.gov/arcgis/rest/services/STREETS/Streets_Permitting/MapServer/2","title":"Street light L018100"},"type":"Feature"},{"geometry":{"coordinates":[-90.30722333017492,38.62718811597297],"type":"Point"},"id":"stl-city-public-streetlights:2:125373","properties":{"address":null,"attributes":{"Date_Installed":"6/15/2017","LED_Powered":1,"LightID":"L018101","Light_Source":"LED","Light_Type":"Cobra","Lighting_Type":"LED-Powered Lamp","Verification_Date":null},"id":"stl-city-public-streetlights:2:125373","sourceLayerId":2,"sourceObjectId":125373,"sourceURL":"https://maps8.stlouis-mo.gov/arcgis/rest/services/STREETS/Streets_Permitting/MapServer/2","title":"Street light L018101"},"type":"Feature"},{"geometry":{"coordinates":[-90.30732102979368,38.6266742504271],"type":"Point"},"id":"stl-city-public-streetlights:2:125374","properties":{"address":null,"attributes":{"Date_Installed":"6/15/2017","LED_Powered":1,"LightID":"L018102","Light_Source":"LED","Light_Type":"Cobra","Lighting_Type":"LED-Powered Lamp","Verification_Date":null},"id":"stl-city-public-streetlights:2:125374","sourceLayerId":2,"sourceObjectId":125374,"sourceURL":"https://maps8.stlouis-mo.gov/arcgis/rest/services/STREETS/Streets_Permitting/MapServer/2","title":"Street light L018102"},"type":"Feature"},{"geometry":{"coordinates":[-90.30741570905596,38.62621007839845],"type":"Point"},"id":"stl-city-public-streetlights:2:125375","properties":{"address":null,"attributes":{"Date_Installed":"6/15/2017","LED_Powered":1,"LightID":"L018103","Light_Source":"LED","Light_Type":"Cobra","Lighting_Type":"LED-Powered Lamp","Verification_Date":null},"id":"stl-city-public-streetlights:2:125375","sourceLayerId":2,"sourceObjectId":125375,"sourceURL":"https://maps8.stlouis-mo.gov/arcgis/rest/services/STREETS/Streets_Permitting/MapServer/2","title":"Street light L018103"},"type":"Feature"},{"geometry":{"coordinates":[-90.30751069494839,38.625732558239505],"type":"Point"},"id":"stl-city-public-streetlights:2:125376","properties":{"address":null,"attributes":{"Date_Installed":"6/15/2017","LED_Powered":1,"LightID":"L018104","Light_Source":"LED","Light_Type":"Cobra","Lighting_Type":"LED-Powered Lamp","Verification_Date":null},"id":"stl-city-public-streetlights:2:125376","sourceLayerId":2,"sourceObjectId":125376,"sourceURL":"https://maps8.stlouis-mo.gov/arcgis/rest/services/STREETS/Streets_Permitting/MapServer/2","title":"Street light L018104"},"type":"Feature"},{"geometry":{"coordinates":[-90.30760872962743,38.62525122859832],"type":"Point"},"id":"stl-city-public-streetlights:2:125377","properties":{"address":null,"attributes":{"Date_Installed":"6/15/2017","LED_Powered":1,"LightID":"L018105","Light_Source":"LED","Light_Type":"Cobra","Lighting_Type":"LED-Powered Lamp","Verification_Date":null},"id":"stl-city-public-streetlights:2:125377","sourceLayerId":2,"sourceObjectId":125377,"sourceURL":"https://maps8.stlouis-mo.gov/arcgis/rest/services/STREETS/Streets_Permitting/MapServer/2","title":"Street light L018105"},"type":"Feature"},{"geometry":{"coordinates":[-90.30770089926105,38.62477201259848],"type":"Point"},"id":"stl-city-public-streetlights:2:125378","properties":{"address":null,"attributes":{"Date_Installed":"6/15/2017","LED_Powered":1,"LightID":"L018106","Light_Source":"LED","Light_Type":"Cobra","Lighting_Type":"LED-Powered Lamp","Verification_Date":null},"id":"stl-city-public-streetlights:2:125378","sourceLayerId":2,"sourceObjectId":125378,"sourceURL":"https://maps8.stlouis-mo.gov/arcgis/rest/services/STREETS/Streets_Permitting/MapServer/2","title":"Street light L018106"},"type":"Feature"},{"geometry":{"coordinates":[-90.30779178643604,38.624312004108546],"type":"Point"},"id":"stl-city-public-streetlights:2:125379","properties":{"address":null,"attributes":{"Date_Installed":"6/15/2017","LED_Powered":1,"LightID":"L018107","Light_Source":"LED","Light_Type":"Cobra","Lighting_Type":"LED-Powered Lamp","Verification_Date":null},"id":"stl-city-public-streetlights:2:125379","sourceLayerId":2,"sourceObjectId":125379,"sourceURL":"https://maps8.stlouis-mo.gov/arcgis/rest/services/STREETS/Streets_Permitting/MapServer/2","title":"Street light L018107"},"type":"Feature"},{"geometry":{"coordinates":[-90.3078912689174,38.623810415415406],"type":"Point"},"id":"stl-city-public-streetlights:2:125380","properties":{"address":null,"attributes":{"Date_Installed":"6/15/2017","LED_Powered":1,"LightID":"L018108","Light_Source":"LED","Light_Type":"Cobra","Lighting_Type":"LED-Powered Lamp","Verification_Date":null},"id":"stl-city-public-streetlights:2:125380","sourceLayerId":2,"sourceObjectId":125380,"sourceURL":"https://maps8.stlouis-mo.gov/arcgis/rest/services/STREETS/Streets_Permitting/MapServer/2","title":"Street light L018108"},"type":"Feature"},{"geometry":{"coordinates":[-90.30797842700531,38.62337197335399],"type":"Point"},"id":"stl-city-public-streetlights:2:125381","properties":{"address":null,"attributes":{"Date_Installed":"6/15/2017","LED_Powered":1,"LightID":"L018109","Light_Source":"LED","Light_Type":"Cobra","Lighting_Type":"LED-Powered Lamp","Verification_Date":null},"id":"stl-city-public-streetlights:2:125381","sourceLayerId":2,"sourceObjectId":125381,"sourceURL":"https://maps8.stlouis-mo.gov/arcgis/rest/services/STREETS/Streets_Permitting/MapServer/2","title":"Street light L018109"},"type":"Feature"},{"geometry":{"coordinates":[-90.3080812372139,38.6228746817299],"type":"Point"},"id":"stl-city-public-streetlights:2:125382","properties":{"address":null,"attributes":{"Date_Installed":"6/15/2017","LED_Powered":1,"LightID":"L018110","Light_Source":"LED","Light_Type":"Cobra","Lighting_Type":"LED-Powered Lamp","Verification_Date":null},"id":"stl-city-public-streetlights:2:125382","sourceLayerId":2,"sourceObjectId":125382,"sourceURL":"https://maps8.stlouis-mo.gov/arcgis/rest/services/STREETS/Streets_Permitting/MapServer/2","title":"Street light L018110"},"type":"Feature"},{"geometry":{"coordinates":[-90.30817129986131,38.622371886240444],"type":"Point"},"id":"stl-city-public-streetlights:2:125383","properties":{"address":null,"attributes":{"Date_Installed":"6/15/2017","LED_Powered":1,"LightID":"L018111","Light_Source":"LED","Light_Type":"Cobra","Lighting_Type":"LED-Powered Lamp","Verification_Date":null},"id":"stl-city-public-streetlights:2:125383","sourceLayerId":2,"sourceObjectId":125383,"sourceURL":"https://maps8.stlouis-mo.gov/arcgis/rest/services/STREETS/Streets_Permitting/MapServer/2","title":"Street light L018111"},"type":"Feature"},{"geometry":{"coordinates":[-90.30826983279418,38.62188245214495],"type":"Point"},"id":"stl-city-public-streetlights:2:125384","properties":{"address":null,"attributes":{"Date_Installed":"6/15/2017","LED_Powered":1,"LightID":"L018112","Light_Source":"LED","Light_Type":"Cobra","Lighting_Type":"LED-Powered Lamp","Verification_Date":null},"id":"stl-city-public-streetlights:2:125384","sourceLayerId":2,"sourceObjectId":125384,"sourceURL":"https://maps8.stlouis-mo.gov/arcgis/rest/services/STREETS/Streets_Permitting/MapServer/2","title":"Street light L018112"},"type":"Feature"},{"geometry":{"coordinates":[-90.30836307802063,38.621438061116415],"type":"Point"},"id":"stl-city-public-streetlights:2:125385","properties":{"address":null,"attributes":{"Date_Installed":"6/15/2017","LED_Powered":1,"LightID":"L018113","Light_Source":"LED","Light_Type":"Cobra","Lighting_Type":"LED-Powered Lamp","Verification_Date":null},"id":"stl-city-public-streetlights:2:125385","sourceLayerId":2,"sourceObjectId":125385,"sourceURL":"https://maps8.stlouis-mo.gov/arcgis/rest/services/STREETS/Streets_Permitting/MapServer/2","title":"Street light L018113"},"type":"Feature"},{"geometry":{"coordinates":[-90.3084590186123,38.62095172070618],"type":"Point"},"id":"stl-city-public-streetlights:2:125386","properties":{"address":null,"attributes":{"Date_Installed":"6/15/2017","LED_Powered":1,"LightID":"L018114","Light_Source":"LED","Light_Type":"Cobra","Lighting_Type":"LED-Powered Lamp","Verification_Date":null},"id":"stl-city-public-streetlights:2:125386","sourceLayerId":2,"sourceObjectId":125386,"sourceURL":"https://maps8.stlouis-mo.gov/arcgis/rest/services/STREETS/Streets_Permitting/MapServer/2","title":"Street light L018114"},"type":"Feature"},{"geometry":{"coordinates":[-90.30855243740281,38.620508094596005],"type":"Point"},"id":"stl-city-public-streetlights:2:125387","properties":{"address":null,"attributes":{"Date_Installed":"6/15/2017","LED_Powered":1,"LightID":"L018115","Light_Source":"LED","Light_Type":"Cobra","Lighting_Type":"LED-Powered Lamp","Verification_Date":null},"id":"stl-city-public-streetlights:2:125387","sourceLayerId":2,"sourceObjectId":125387,"sourceURL":"https://maps8.stlouis-mo.gov/arcgis/rest/services/STREETS/Streets_Permitting/MapServer/2","title":"Street light L018115"},"type":"Feature"},{"geometry":{"coordinates":[-90.3086416587978,38.62003342394263],"type":"Point"},"id":"stl-city-public-streetlights:2:125388","properties":{"address":null,"attributes":{"Date_Installed":"6/15/2017","LED_Powered":1,"LightID":"L018116","Light_Source":"LED","Light_Type":"Cobra","Lighting_Type":"LED-Powered Lamp","Verification_Date":null},"id":"stl-city-public-streetlights:2:125388","sourceLayerId":2,"sourceObjectId":125388,"sourceURL":"https://maps8.stlouis-mo.gov/arcgis/rest/services/STREETS/Streets_Permitting/MapServer/2","title":"Street light L018116"},"type":"Feature"},{"geometry":{"coordinates":[-90.30647147685167,38.62009490192139],"type":"Point"},"id":"stl-city-public-streetlights:2:125401","properties":{"address":null,"attributes":{"Date_Installed":"3/26/20","LED_Powered":1,"LightID":"L018129","Light_Source":"LED","Light_Type":"Cobra","Lighting_Type":"LED-Powered Lamp","Verification_Date":null},"id":"stl-city-public-streetlights:2:125401","sourceLayerId":2,"sourceObjectId":125401,"sourceURL":"https://maps8.stlouis-mo.gov/arcgis/rest/services/STREETS/Streets_Permitting/MapServer/2","title":"Street light L018129"},"type":"Feature"},{"geometry":{"coordinates":[-90.3064067101779,38.620452933105845],"type":"Point"},"id":"stl-city-public-streetlights:2:125402","properties":{"address":null,"attributes":{"Date_Installed":"3/26/20","LED_Powered":1,"LightID":"L018130","Light_Source":"LED","Light_Type":"Cobra","Lighting_Type":"LED-Powered Lamp","Verification_Date":null},"id":"stl-city-public-streetlights:2:125402","sourceLayerId":2,"sourceObjectId":125402,"sourceURL":"https://maps8.stlouis-mo.gov/arcgis/rest/services/STREETS/Streets_Permitting/MapServer/2","title":"Street light L018130"},"type":"Feature"},{"geometry":{"coordinates":[-90.30633806670251,38.620782949953906],"type":"Point"},"id":"stl-city-public-streetlights:2:125403","properties":{"address":null,"attributes":{"Date_Installed":"3/26/20","LED_Powered":1,"LightID":"L018131","Light_Source":"LED","Light_Type":"Cobra","Lighting_Type":"LED-Powered Lamp","Verification_Date":null},"id":"stl-city-public-streetlights:2:125403","sourceLayerId":2,"sourceObjectId":125403,"sourceURL":"https://maps8.stlouis-mo.gov/arcgis/rest/services/STREETS/Streets_Permitting/MapServer/2","title":"Street light L018131"},"type":"Feature"},{"geometry":{"coordinates":[-90.3062687649588,38.62113203575399],"type":"Point"},"id":"stl-city-public-streetlights:2:125404","properties":{"address":null,"attributes":{"Date_Installed":"3/26/20","LED_Powered":1,"LightID":"L018132","Light_Source":"LED","Light_Type":"Cobra","Lighting_Type":"LED-Powered Lamp","Verification_Date":null},"id":"stl-city-public-streetlights:2:125404","sourceLayerId":2,"sourceObjectId":125404,"sourceURL":"https://maps8.stlouis-mo.gov/arcgis/rest/services/STREETS/Streets_Permitting/MapServer/2","title":"Street light L018132"},"type":"Feature"},{"geometry":{"coordinates":[-90.30619947857409,38.62147516211061],"type":"Point"},"id":"stl-city-public-streetlights:2:125405","properties":{"address":null,"attributes":{"Date_Installed":"3/26/20","LED_Powered":1,"LightID":"L018133","Light_Source":"LED","Light_Type":"Cobra","Lighting_Type":"LED-Powered Lamp","Verification_Date":null},"id":"stl-city-public-streetlights:2:125405","sourceLayerId":2,"sourceObjectId":125405,"sourceURL":"https://maps8.stlouis-mo.gov/arcgis/rest/services/STREETS/Streets_Permitting/MapServer/2","title":"Street light L018133"},"type":"Feature"},{"geometry":{"coordinates":[-90.3061270699815,38.621848673950375],"type":"Point"},"id":"stl-city-public-streetlights:2:125406","properties":{"address":null,"attributes":{"Date_Installed":"3/26/20","LED_Powered":1,"LightID":"L018134","Light_Source":"LED","Light_Type":"Cobra","Lighting_Type":"LED-Powered Lamp","Verification_Date":null},"id":"stl-city-public-streetlights:2:125406","sourceLayerId":2,"sourceObjectId":125406,"sourceURL":"https://maps8.stlouis-mo.gov/arcgis/rest/services/STREETS/Streets_Permitting/MapServer/2","title":"Street light L018134"},"type":"Feature"},{"geometry":{"coordinates":[-90.30605625329555,38.62219537238568],"type":"Point"},"id":"stl-city-public-streetlights:2:125407","properties":{"address":null,"attributes":{"Date_Installed":"3/26/20","LED_Powered":1,"LightID":"L018135","Light_Source":"LED","Light_Type":"Cobra","Lighting_Type":"LED-Powered Lamp","Verification_Date":null},"id":"stl-city-public-streetlights:2:125407","sourceLayerId":2,"sourceObjectId":125407,"sourceURL":"https://maps8.stlouis-mo.gov/arcgis/rest/services/STREETS/Streets_Permitting/MapServer/2","title":"Street light L018135"},"type":"Feature"},{"geometry":{"coordinates":[-90.30598540380842,38.62255398951291],"type":"Point"},"id":"stl-city-public-streetlights:2:125408","properties":{"address":null,"attributes":{"Date_Installed":"3/26/20","LED_Powered":1,"LightID":"L018136","Light_Source":"LED","Light_Type":"Cobra","Lighting_Type":"LED-Powered Lamp","Verification_Date":null},"id":"stl-city-public-streetlights:2:125408","sourceLayerId":2,"sourceObjectId":125408,"sourceURL":"https://maps8.stlouis-mo.gov/arcgis/rest/services/STREETS/Streets_Permitting/MapServer/2","title":"Street light L018136"},"type":"Feature"},{"geometry":{"coordinates":[-90.30591450028585,38.62293239008732],"type":"Point"},"id":"stl-city-public-streetlights:2:125409","properties":{"address":null,"attributes":{"Date_Installed":null,"LED_Powered":0,"LightID":"L018137","Light_Source":"LED","Light_Type":"Cobra","Lighting_Type":"LED-Powered Lamp","Verification_Date":null},"id":"stl-city-public-streetlights:2:125409","sourceLayerId":2,"sourceObjectId":125409,"sourceURL":"https://maps8.stlouis-mo.gov/arcgis/rest/services/STREETS/Streets_Permitting/MapServer/2","title":"Street light L018137"},"type":"Feature"},{"geometry":{"coordinates":[-90.30205694580957,38.62991865198561],"type":"Point"},"id":"stl-city-public-streetlights:2:125417","properties":{"address":null,"attributes":{"Date_Installed":null,"LED_Powered":0,"LightID":"L018145","Light_Source":"LED","Light_Type":"Cobra","Lighting_Type":"LED-Powered Lamp","Verification_Date":null},"id":"stl-city-public-streetlights:2:125417","sourceLayerId":2,"sourceObjectId":125417,"sourceURL":"https://maps8.stlouis-mo.gov/arcgis/rest/services/STREETS/Streets_Permitting/MapServer/2","title":"Street light L018145"},"type":"Feature"},{"geometry":{"coordinates":[-90.30214889047097,38.62618276414637],"type":"Point"},"id":"stl-city-public-streetlights:2:125418","properties":{"address":null,"attributes":{"Date_Installed":null,"LED_Powered":0,"LightID":"L018146","Light_Source":"LED","Light_Type":"Cobra","Lighting_Type":"LED-Powered Lamp","Verification_Date":null},"id":"stl-city-public-streetlights:2:125418","sourceLayerId":2,"sourceObjectId":125418,"sourceURL":"https://maps8.stlouis-mo.gov/arcgis/rest/services/STREETS/Streets_Permitting/MapServer/2","title":"Street light L018146"},"type":"Feature"},{"geometry":{"coordinates":[-90.3022105748436,38.62584477623593],"type":"Point"},"id":"stl-city-public-streetlights:2:125419","properties":{"address":null,"attributes":{"Date_Installed":null,"LED_Powered":0,"LightID":"L018147","Light_Source":"LED","Light_Type":"Cobra","Lighting_Type":"LED-Powered Lamp","Verification_Date":null},"id":"stl-city-public-streetlights:2:125419","sourceLayerId":2,"sourceObjectId":125419,"sourceURL":"https://maps8.stlouis-mo.gov/arcgis/rest/services/STREETS/Streets_Permitting/MapServer/2","title":"Street light L018147"},"type":"Feature"},{"geometry":{"coordinates":[-90.30227226495354,38.6255103405005],"type":"Point"},"id":"stl-city-public-streetlights:2:125420","properties":{"address":null,"attributes":{"Date_Installed":null,"LED_Powered":0,"LightID":"L018148","Light_Source":"LED","Light_Type":"Cobra","Lighting_Type":"LED-Powered Lamp","Verification_Date":null},"id":"stl-city-public-streetlights:2:125420","sourceLayerId":2,"sourceObjectId":125420,"sourceURL":"https://maps8.stlouis-mo.gov/arcgis/rest/services/STREETS/Streets_Permitting/MapServer/2","title":"Street light L018148"},"type":"Feature"},{"geometry":{"coordinates":[-90.30233755523646,38.62519247640141],"type":"Point"},"id":"stl-city-public-streetlights:2:125421","properties":{"address":null,"attributes":{"Date_Installed":null,"LED_Powered":0,"LightID":"L018149","Light_Source":"LED","Light_Type":"Cobra","Lighting_Type":"LED-Powered Lamp","Verification_Date":null},"id":"stl-city-public-streetlights:2:125421","sourceLayerId":2,"sourceObjectId":125421,"sourceURL":"https://maps8.stlouis-mo.gov/arcgis/rest/services/STREETS/Streets_Permitting/MapServer/2","title":"Street light L018149"},"type":"Feature"},{"geometry":{"coordinates":[-90.30238731258675,38.62488046523863],"type":"Point"},"id":"stl-city-public-streetlights:2:125422","properties":{"address":null,"attributes":{"Date_Installed":null,"LED_Powered":0,"LightID":"L018150","Light_Source":"LED","Light_Type":"Cobra","Lighting_Type":"LED-Powered Lamp","Verification_Date":null},"id":"stl-city-public-streetlights:2:125422","sourceLayerId":2,"sourceObjectId":125422,"sourceURL":"https://maps8.stlouis-mo.gov/arcgis/rest/services/STREETS/Streets_Permitting/MapServer/2","title":"Street light L018150"},"type":"Feature"},{"geometry":{"coordinates":[-90.30245962809917,38.62454866888902],"type":"Point"},"id":"stl-city-public-streetlights:2:125423","properties":{"address":null,"attributes":{"Date_Installed":null,"LED_Powered":0,"LightID":"L018151","Light_Source":"LED","Light_Type":"Cobra","Lighting_Type":"LED-Powered Lamp","Verification_Date":null},"id":"stl-city-public-streetlights:2:125423","sourceLayerId":2,"sourceObjectId":125423,"sourceURL":"https://maps8.stlouis-mo.gov/arcgis/rest/services/STREETS/Streets_Permitting/MapServer/2","title":"Street light L018151"},"type":"Feature"},{"geometry":{"coordinates":[-90.30252433595933,38.62422103166859],"type":"Point"},"id":"stl-city-public-streetlights:2:125424","properties":{"address":null,"attributes":{"Date_Installed":null,"LED_Powered":0,"LightID":"L018152","Light_Source":"LED","Light_Type":"Cobra","Lighting_Type":"LED-Powered Lamp","Verification_Date":null},"id":"stl-city-public-streetlights:2:125424","sourceLayerId":2,"sourceObjectId":125424,"sourceURL":"https://maps8.stlouis-mo.gov/arcgis/rest/services/STREETS/Streets_Permitting/MapServer/2","title":"Street light L018152"},"type":"Feature"},{"geometry":{"coordinates":[-90.30257996482248,38.623879671996704],"type":"Point"},"id":"stl-city-public-streetlights:2:125425","properties":{"address":null,"attributes":{"Date_Installed":null,"LED_Powered":0,"LightID":"L018153","Light_Source":"LED","Light_Type":"Cobra","Lighting_Type":"LED-Powered Lamp","Verification_Date":null},"id":"stl-city-public-streetlights:2:125425","sourceLayerId":2,"sourceObjectId":125425,"sourceURL":"https://maps8.stlouis-mo.gov/arcgis/rest/services/STREETS/Streets_Permitting/MapServer/2","title":"Street light L018153"},"type":"Feature"},{"geometry":{"coordinates":[-90.30264618594555,38.62355382459421],"type":"Point"},"id":"stl-city-public-streetlights:2:125426","properties":{"address":null,"attributes":{"Date_Installed":null,"LED_Powered":0,"LightID":"L018154","Light_Source":"LED","Light_Type":"Cobra","Lighting_Type":"LED-Powered Lamp","Verification_Date":null},"id":"stl-city-public-streetlights:2:125426","sourceLayerId":2,"sourceObjectId":125426,"sourceURL":"https://maps8.stlouis-mo.gov/arcgis/rest/services/STREETS/Streets_Permitting/MapServer/2","title":"Street light L018154"},"type":"Feature"},{"geometry":{"coordinates":[-90.30352256003899,38.622298056079735],"type":"Point"},"id":"stl-city-public-streetlights:2:125427","properties":{"address":null,"attributes":{"Date_Installed":null,"LED_Powered":0,"LightID":"L018155","Light_Source":"High Pressure Sodium","Light_Type":"Cobra","Lighting_Type":"400-W High Pressure Sodium Vapor Lamp","Verification_Date":null},"id":"stl-city-public-streetlights:2:125427","sourceLayerId":2,"sourceObjectId":125427,"sourceURL":"https://maps8.stlouis-mo.gov/arcgis/rest/services/STREETS/Streets_Permitting/MapServer/2","title":"Street light L018155"},"type":"Feature"},{"geometry":{"coordinates":[-90.30285431723975,38.62223243176942],"type":"Point"},"id":"stl-city-public-streetlights:2:125428","properties":{"address":null,"attributes":{"Date_Installed":null,"LED_Powered":0,"LightID":"L018156","Light_Source":"High Pressure Sodium","Light_Type":"Cobra","Lighting_Type":"400-W High Pressure Sodium Vapor Lamp","Verification_Date":null},"id":"stl-city-public-streetlights:2:125428","sourceLayerId":2,"sourceObjectId":125428,"sourceURL":"https://maps8.stlouis-mo.gov/arcgis/rest/services/STREETS/Streets_Permitting/MapServer/2","title":"Street light L018156"},"type":"Feature"},{"geometry":{"coordinates":[-90.30352763828542,38.62188468546892],"type":"Point"},"id":"stl-city-public-streetlights:2:125429","properties":{"address":null,"attributes":{"Date_Installed":null,"LED_Powered":0,"LightID":"L018157","Light_Source":"High Pressure Sodium","Light_Type":"Cobra","Lighting_Type":"400-W High Pressure Sodium Vapor Lamp (Twin Lights)","Verification_Date":null},"id":"stl-city-public-streetlights:2:125429","sourceLayerId":2,"sourceObjectId":125429,"sourceURL":"https://maps8.stlouis-mo.gov/arcgis/rest/services/STREETS/Streets_Permitting/MapServer/2","title":"Street light L018157"},"type":"Feature"},{"geometry":{"coordinates":[-90.30298206796701,38.621838038805706],"type":"Point"},"id":"stl-city-public-streetlights:2:125430","properties":{"address":null,"attributes":{"Date_Installed":null,"LED_Powered":0,"LightID":"L018158","Light_Source":"High Pressure Sodium","Light_Type":"Cobra","Lighting_Type":"400-W High Pressure Sodium Vapor Lamp (Twin Lights)","Verification_Date":null},"id":"stl-city-public-streetlights:2:125430","sourceLayerId":2,"sourceObjectId":125430,"sourceURL":"https://maps8.stlouis-mo.gov/arcgis/rest/services/STREETS/Streets_Permitting/MapServer/2","title":"Street light L018158"},"type":"Feature"},{"geometry":{"coordinates":[-90.30031604654893,38.62019524217087],"type":"Point"},"id":"stl-city-public-streetlights:2:125433","properties":{"address":null,"attributes":{"Date_Installed":null,"LED_Powered":0,"LightID":"L018161","Light_Source":"LED","Light_Type":"Cobra","Lighting_Type":"LED-Powered Lamp","Verification_Date":null},"id":"stl-city-public-streetlights:2:125433","sourceLayerId":2,"sourceObjectId":125433,"sourceURL":"https://maps8.stlouis-mo.gov/arcgis/rest/services/STREETS/Streets_Permitting/MapServer/2","title":"Street light L018161"},"type":"Feature"},{"geometry":{"coordinates":[-90.30024208107233,38.620572204491786],"type":"Point"},"id":"stl-city-public-streetlights:2:125434","properties":{"address":null,"attributes":{"Date_Installed":null,"LED_Powered":0,"LightID":"L018162","Light_Source":"LED","Light_Type":"Cobra","Lighting_Type":"LED-Powered Lamp","Verification_Date":null},"id":"stl-city-public-streetlights:2:125434","sourceLayerId":2,"sourceObjectId":125434,"sourceURL":"https://maps8.stlouis-mo.gov/arcgis/rest/services/STREETS/Streets_Permitting/MapServer/2","title":"Street light L018162"},"type":"Feature"},{"geometry":{"coordinates":[-90.30029708791658,38.62230945393647],"type":"Point"},"id":"stl-city-public-streetlights:2:125435","properties":{"address":null,"attributes":{"Date_Installed":null,"LED_Powered":0,"LightID":"L018163","Light_Source":"LED","Light_Type":"Cobra","Lighting_Type":"LED-Powered Lamp","Verification_Date":null},"id":"stl-city-public-streetlights:2:125435","sourceLayerId":2,"sourceObjectId":125435,"sourceURL":"https://maps8.stlouis-mo.gov/arcgis/rest/services/STREETS/Streets_Permitting/MapServer/2","title":"Street light L018163"},"type":"Feature"},{"geometry":{"coordinates":[-90.30024033004653,38.62261636685059],"type":"Point"},"id":"stl-city-public-streetlights:2:125436","properties":{"address":null,"attributes":{"Date_Installed":null,"LED_Powered":0,"LightID":"L018164","Light_Source":"LED","Light_Type":"Cobra","Lighting_Type":"LED-Powered Lamp","Verification_Date":null},"id":"stl-city-public-streetlights:2:125436","sourceLayerId":2,"sourceObjectId":125436,"sourceURL":"https://maps8.stlouis-mo.gov/arcgis/rest/services/STREETS/Streets_Permitting/MapServer/2","title":"Street light L018164"},"type":"Feature"},{"geometry":{"coordinates":[-90.30017127962377,38.62297283844934],"type":"Point"},"id":"stl-city-public-streetlights:2:125437","properties":{"address":null,"attributes":{"Date_Installed":null,"LED_Powered":0,"LightID":"L018165","Light_Source":"LED","Light_Type":"Cobra","Lighting_Type":"LED-Powered Lamp","Verification_Date":null},"id":"stl-city-public-streetlights:2:125437","sourceLayerId":2,"sourceObjectId":125437,"sourceURL":"https://maps8.stlouis-mo.gov/arcgis/rest/services/STREETS/Streets_Permitting/MapServer/2","title":"Street light L018165"},"type":"Feature"},{"geometry":{"coordinates":[-90.30010715431169,38.623306434828294],"type":"Point"},"id":"stl-city-public-streetlights:2:125438","properties":{"address":null,"attributes":{"Date_Installed":null,"LED_Powered":0,"LightID":"L018166","Light_Source":"LED","Light_Type":"Cobra","Lighting_Type":"LED-Powered Lamp","Verification_Date":null},"id":"stl-city-public-streetlights:2:125438","sourceLayerId":2,"sourceObjectId":125438,"sourceURL":"https://maps8.stlouis-mo.gov/arcgis/rest/services/STREETS/Streets_Permitting/MapServer/2","title":"Street light L018166"},"type":"Feature"},{"geometry":{"coordinates":[-90.30003810255334,38.623662906302755],"type":"Point"},"id":"stl-city-public-streetlights:2:125439","properties":{"address":null,"attributes":{"Date_Installed":null,"LED_Powered":0,"LightID":"L018167","Light_Source":"LED","Light_Type":"Cobra","Lighting_Type":"LED-Powered Lamp","Verification_Date":null},"id":"stl-city-public-streetlights:2:125439","sourceLayerId":2,"sourceObjectId":125439,"sourceURL":"https://maps8.stlouis-mo.gov/arcgis/rest/services/STREETS/Streets_Permitting/MapServer/2","title":"Street light L018167"},"type":"Feature"},{"geometry":{"coordinates":[-90.30049870213064,38.62947853246404],"type":"Point"},"id":"stl-city-public-streetlights:2:125456","properties":{"address":null,"attributes":{"Date_Installed":null,"LED_Powered":0,"LightID":"L018184","Light_Source":"LED","Light_Type":"Cobra","Lighting_Type":"LED-Powered Lamp","Verification_Date":null},"id":"stl-city-public-streetlights:2:125456","sourceLayerId":2,"sourceObjectId":125456,"sourceURL":"https://maps8.stlouis-mo.gov/arcgis/rest/services/STREETS/Streets_Permitting/MapServer/2","title":"Street light L018184"},"type":"Feature"},{"geometry":{"coordinates":[-90.30043497711772,38.62981197077261],"type":"Point"},"id":"stl-city-public-streetlights:2:125457","properties":{"address":null,"attributes":{"Date_Installed":null,"LED_Powered":0,"LightID":"L018185","Light_Source":"LED","Light_Type":"Cobra","Lighting_Type":"LED-Powered Lamp","Verification_Date":null},"id":"stl-city-public-streetlights:2:125457","sourceLayerId":2,"sourceObjectId":125457,"sourceURL":"https://maps8.stlouis-mo.gov/arcgis/rest/services/STREETS/Streets_Permitting/MapServer/2","title":"Street light L018185"},"type":"Feature"},{"geometry":{"coordinates":[-90.30584983826654,38.62324918440185],"type":"Point"},"id":"stl-city-public-streetlights:2:135345","properties":{"address":null,"attributes":{"Date_Installed":null,"LED_Powered":0,"LightID":"L028061","Light_Source":"LED","Light_Type":"Cobra","Lighting_Type":"LED-Powered Lamp","Verification_Date":null},"id":"stl-city-public-streetlights:2:135345","sourceLayerId":2,"sourceObjectId":135345,"sourceURL":"https://maps8.stlouis-mo.gov/arcgis/rest/services/STREETS/Streets_Permitting/MapServer/2","title":"Street light L028061"},"type":"Feature"},{"geometry":{"coordinates":[-90.30577744696875,38.623637927327074],"type":"Point"},"id":"stl-city-public-streetlights:2:135346","properties":{"address":null,"attributes":{"Date_Installed":null,"LED_Powered":0,"LightID":"L028062","Light_Source":"LED","Light_Type":"Cobra","Lighting_Type":"LED-Powered Lamp","Verification_Date":null},"id":"stl-city-public-streetlights:2:135346","sourceLayerId":2,"sourceObjectId":135346,"sourceURL":"https://maps8.stlouis-mo.gov/arcgis/rest/services/STREETS/Streets_Permitting/MapServer/2","title":"Street light L028062"},"type":"Feature"},{"geometry":{"coordinates":[-90.30611386070511,38.623933720347075],"type":"Point"},"id":"stl-city-public-streetlights:2:135347","properties":{"address":null,"attributes":{"Date_Installed":null,"LED_Powered":0,"LightID":"L028063","Light_Source":"LED","Light_Type":"Cobra","Lighting_Type":"LED-Powered Lamp","Verification_Date":null},"id":"stl-city-public-streetlights:2:135347","sourceLayerId":2,"sourceObjectId":135347,"sourceURL":"https://maps8.stlouis-mo.gov/arcgis/rest/services/STREETS/Streets_Permitting/MapServer/2","title":"Street light L028063"},"type":"Feature"},{"geometry":{"coordinates":[-90.30604300012618,38.62429591302478],"type":"Point"},"id":"stl-city-public-streetlights:2:135348","properties":{"address":null,"attributes":{"Date_Installed":null,"LED_Powered":0,"LightID":"L028064","Light_Source":"LED","Light_Type":"Cobra","Lighting_Type":"LED-Powered Lamp","Verification_Date":null},"id":"stl-city-public-streetlights:2:135348","sourceLayerId":2,"sourceObjectId":135348,"sourceURL":"https://maps8.stlouis-mo.gov/arcgis/rest/services/STREETS/Streets_Permitting/MapServer/2","title":"Street light L028064"},"type":"Feature"},{"geometry":{"coordinates":[-90.30595895787924,38.624700511303246],"type":"Point"},"id":"stl-city-public-streetlights:2:135349","properties":{"address":null,"attributes":{"Date_Installed":null,"LED_Powered":0,"LightID":"L028065","Light_Source":"LED","Light_Type":"Cobra","Lighting_Type":"LED-Powered Lamp","Verification_Date":null},"id":"stl-city-public-streetlights:2:135349","sourceLayerId":2,"sourceObjectId":135349,"sourceURL":"https://maps8.stlouis-mo.gov/arcgis/rest/services/STREETS/Streets_Permitting/MapServer/2","title":"Street light L028065"},"type":"Feature"},{"geometry":{"coordinates":[-90.30588904807689,38.62504768844154],"type":"Point"},"id":"stl-city-public-streetlights:2:135350","properties":{"address":null,"attributes":{"Date_Installed":null,"LED_Powered":0,"LightID":"L028066","Light_Source":"LED","Light_Type":"Cobra","Lighting_Type":"LED-Powered Lamp","Verification_Date":null},"id":"stl-city-public-streetlights:2:135350","sourceLayerId":2,"sourceObjectId":135350,"sourceURL":"https://maps8.stlouis-mo.gov/arcgis/rest/services/STREETS/Streets_Permitting/MapServer/2","title":"Street light L028066"},"type":"Feature"},{"geometry":{"coordinates":[-90.30719773291743,38.62159595251475],"type":"Point"},"id":"stl-city-public-streetlights:2:135351","properties":{"address":null,"attributes":{"Date_Installed":null,"LED_Powered":0,"LightID":"L028067","Light_Source":"LED","Light_Type":"Cobra","Lighting_Type":"LED-Powered Lamp","Verification_Date":null},"id":"stl-city-public-streetlights:2:135351","sourceLayerId":2,"sourceObjectId":135351,"sourceURL":"https://maps8.stlouis-mo.gov/arcgis/rest/services/STREETS/Streets_Permitting/MapServer/2","title":"Street light L028067"},"type":"Feature"},{"geometry":{"coordinates":[-90.30712709058974,38.621947743751726],"type":"Point"},"id":"stl-city-public-streetlights:2:135352","properties":{"address":null,"attributes":{"Date_Installed":null,"LED_Powered":0,"LightID":"L028068","Light_Source":"LED","Light_Type":"Cobra","Lighting_Type":"LED-Powered Lamp","Verification_Date":null},"id":"stl-city-public-streetlights:2:135352","sourceLayerId":2,"sourceObjectId":135352,"sourceURL":"https://maps8.stlouis-mo.gov/arcgis/rest/services/STREETS/Streets_Permitting/MapServer/2","title":"Street light L028068"},"type":"Feature"},{"geometry":{"coordinates":[-90.30705868446651,38.62230344398166],"type":"Point"},"id":"stl-city-public-streetlights:2:135353","properties":{"address":null,"attributes":{"Date_Installed":null,"LED_Powered":0,"LightID":"L028069","Light_Source":"LED","Light_Type":"Cobra","Lighting_Type":"LED-Powered Lamp","Verification_Date":null},"id":"stl-city-public-streetlights:2:135353","sourceLayerId":2,"sourceObjectId":135353,"sourceURL":"https://maps8.stlouis-mo.gov/arcgis/rest/services/STREETS/Streets_Permitting/MapServer/2","title":"Street light L028069"},"type":"Feature"},{"geometry":{"coordinates":[-90.30699552650967,38.62261688021818],"type":"Point"},"id":"stl-city-public-streetlights:2:135354","properties":{"address":null,"attributes":{"Date_Installed":null,"LED_Powered":0,"LightID":"L028070","Light_Source":"LED","Light_Type":"Cobra","Lighting_Type":"LED-Powered Lamp","Verification_Date":null},"id":"stl-city-public-streetlights:2:135354","sourceLayerId":2,"sourceObjectId":135354,"sourceURL":"https://maps8.stlouis-mo.gov/arcgis/rest/services/STREETS/Streets_Permitting/MapServer/2","title":"Street light L028070"},"type":"Feature"},{"geometry":{"coordinates":[-90.30581973239072,38.62539915655171],"type":"Point"},"id":"stl-city-public-streetlights:2:135355","properties":{"address":null,"attributes":{"Date_Installed":null,"LED_Powered":0,"LightID":"L028071","Light_Source":"LED","Light_Type":"Cobra","Lighting_Type":"LED-Powered Lamp","Verification_Date":null},"id":"stl-city-public-streetlights:2:135355","sourceLayerId":2,"sourceObjectId":135355,"sourceURL":"https://maps8.stlouis-mo.gov/arcgis/rest/services/STREETS/Streets_Permitting/MapServer/2","title":"Street light L028071"},"type":"Feature"},{"geometry":{"coordinates":[-90.30575041556018,38.62575122098776],"type":"Point"},"id":"stl-city-public-streetlights:2:135356","properties":{"address":null,"attributes":{"Date_Installed":null,"LED_Powered":0,"LightID":"L028072","Light_Source":"LED","Light_Type":"Cobra","Lighting_Type":"LED-Powered Lamp","Verification_Date":null},"id":"stl-city-public-streetlights:2:135356","sourceLayerId":2,"sourceObjectId":135356,"sourceURL":"https://maps8.stlouis-mo.gov/arcgis/rest/services/STREETS/Streets_Permitting/MapServer/2","title":"Street light L028072"},"type":"Feature"},{"geometry":{"coordinates":[-90.30567497389812,38.62612055520103],"type":"Point"},"id":"stl-city-public-streetlights:2:135357","properties":{"address":null,"attributes":{"Date_Installed":null,"LED_Powered":0,"LightID":"L028073","Light_Source":"LED","Light_Type":"Cobra","Lighting_Type":"LED-Powered Lamp","Verification_Date":null},"id":"stl-city-public-streetlights:2:135357","sourceLayerId":2,"sourceObjectId":135357,"sourceURL":"https://maps8.stlouis-mo.gov/arcgis/rest/services/STREETS/Streets_Permitting/MapServer/2","title":"Street light L028073"},"type":"Feature"},{"geometry":{"coordinates":[-90.305610220701,38.62646964783838],"type":"Point"},"id":"stl-city-public-streetlights:2:135358","properties":{"address":null,"attributes":{"Date_Installed":null,"LED_Powered":0,"LightID":"L028074","Light_Source":"LED","Light_Type":"Cobra","Lighting_Type":"LED-Powered Lamp","Verification_Date":null},"id":"stl-city-public-streetlights:2:135358","sourceLayerId":2,"sourceObjectId":135358,"sourceURL":"https://maps8.stlouis-mo.gov/arcgis/rest/services/STREETS/Streets_Permitting/MapServer/2","title":"Street light L028074"},"type":"Feature"},{"geometry":{"coordinates":[-90.3049924784555,38.62674857571789],"type":"Point"},"id":"stl-city-public-streetlights:2:135359","properties":{"address":null,"attributes":{"Date_Installed":null,"LED_Powered":0,"LightID":"L028075","Light_Source":"LED","Light_Type":"Cobra","Lighting_Type":"LED-Powered Lamp","Verification_Date":null},"id":"stl-city-public-streetlights:2:135359","sourceLayerId":2,"sourceObjectId":135359,"sourceURL":"https://maps8.stlouis-mo.gov/arcgis/rest/services/STREETS/Streets_Permitting/MapServer/2","title":"Street light L028075"},"type":"Feature"},{"geometry":{"coordinates":[-90.30493580037285,38.62711603437046],"type":"Point"},"id":"stl-city-public-streetlights:2:135360","properties":{"address":null,"attributes":{"Date_Installed":null,"LED_Powered":0,"LightID":"L028076","Light_Source":"LED","Light_Type":"Cobra","Lighting_Type":"LED-Powered Lamp","Verification_Date":null},"id":"stl-city-public-streetlights:2:135360","sourceLayerId":2,"sourceObjectId":135360,"sourceURL":"https://maps8.stlouis-mo.gov/arcgis/rest/services/STREETS/Streets_Permitting/MapServer/2","title":"Street light L028076"},"type":"Feature"},{"geometry":{"coordinates":[-90.30487648499386,38.627475384150024],"type":"Point"},"id":"stl-city-public-streetlights:2:135361","properties":{"address":null,"attributes":{"Date_Installed":"2020-02-03","LED_Powered":1,"LightID":"L028077","Light_Source":"LED","Light_Type":"Cobra","Lighting_Type":"5G Pole - 5G Pole -5G Pole - 2A","Verification_Date":null},"id":"stl-city-public-streetlights:2:135361","sourceLayerId":2,"sourceObjectId":135361,"sourceURL":"https://maps8.stlouis-mo.gov/arcgis/rest/services/STREETS/Streets_Permitting/MapServer/2","title":"Street light L028077"},"type":"Feature"},{"geometry":{"coordinates":[-90.30481777797094,38.62785285092628],"type":"Point"},"id":"stl-city-public-streetlights:2:135362","properties":{"address":null,"attributes":{"Date_Installed":null,"LED_Powered":0,"LightID":"L028078","Light_Source":"LED","Light_Type":"Cobra","Lighting_Type":"LED-Powered Lamp","Verification_Date":null},"id":"stl-city-public-streetlights:2:135362","sourceLayerId":2,"sourceObjectId":135362,"sourceURL":"https://maps8.stlouis-mo.gov/arcgis/rest/services/STREETS/Streets_Permitting/MapServer/2","title":"Street light L028078"},"type":"Feature"},{"geometry":{"coordinates":[-90.30476001673577,38.62820996357588],"type":"Point"},"id":"stl-city-public-streetlights:2:135363","properties":{"address":null,"attributes":{"Date_Installed":null,"LED_Powered":0,"LightID":"L028079","Light_Source":"LED","Light_Type":"Cobra","Lighting_Type":"LED-Powered Lamp","Verification_Date":null},"id":"stl-city-public-streetlights:2:135363","sourceLayerId":2,"sourceObjectId":135363,"sourceURL":"https://maps8.stlouis-mo.gov/arcgis/rest/services/STREETS/Streets_Permitting/MapServer/2","title":"Street light L028079"},"type":"Feature"},{"geometry":{"coordinates":[-90.30470403061832,38.62857337096549],"type":"Point"},"id":"stl-city-public-streetlights:2:135364","properties":{"address":null,"attributes":{"Date_Installed":null,"LED_Powered":0,"LightID":"L028080","Light_Source":"LED","Light_Type":"Cobra","Lighting_Type":"LED-Powered Lamp","Verification_Date":null},"id":"stl-city-public-streetlights:2:135364","sourceLayerId":2,"sourceObjectId":135364,"sourceURL":"https://maps8.stlouis-mo.gov/arcgis/rest/services/STREETS/Streets_Permitting/MapServer/2","title":"Street light L028080"},"type":"Feature"},{"geometry":{"coordinates":[-90.30464833857246,38.62894035443535],"type":"Point"},"id":"stl-city-public-streetlights:2:135365","properties":{"address":null,"attributes":{"Date_Installed":null,"LED_Powered":0,"LightID":"L028081","Light_Source":"LED","Light_Type":"Cobra","Lighting_Type":"LED-Powered Lamp","Verification_Date":null},"id":"stl-city-public-streetlights:2:135365","sourceLayerId":2,"sourceObjectId":135365,"sourceURL":"https://maps8.stlouis-mo.gov/arcgis/rest/services/STREETS/Streets_Permitting/MapServer/2","title":"Street light L028081"},"type":"Feature"},{"geometry":{"coordinates":[-90.30458886277738,38.629307355859865],"type":"Point"},"id":"stl-city-public-streetlights:2:135366","properties":{"address":null,"attributes":{"Date_Installed":null,"LED_Powered":0,"LightID":"L028082","Light_Source":"LED","Light_Type":"Cobra","Lighting_Type":"LED-Powered Lamp","Verification_Date":null},"id":"stl-city-public-streetlights:2:135366","sourceLayerId":2,"sourceObjectId":135366,"sourceURL":"https://maps8.stlouis-mo.gov/arcgis/rest/services/STREETS/Streets_Permitting/MapServer/2","title":"Street light L028082"},"type":"Feature"},{"geometry":{"coordinates":[-90.30453596495046,38.629651937821144],"type":"Point"},"id":"stl-city-public-streetlights:2:135367","properties":{"address":null,"attributes":{"Date_Installed":null,"LED_Powered":0,"LightID":"L028083","Light_Source":"LED","Light_Type":"Cobra","Lighting_Type":"LED-Powered Lamp","Verification_Date":null},"id":"stl-city-public-streetlights:2:135367","sourceLayerId":2,"sourceObjectId":135367,"sourceURL":"https://maps8.stlouis-mo.gov/arcgis/rest/services/STREETS/Streets_Permitting/MapServer/2","title":"Street light L028083"},"type":"Feature"},{"geometry":{"coordinates":[-90.30448165627158,38.62999397506417],"type":"Point"},"id":"stl-city-public-streetlights:2:135368","properties":{"address":null,"attributes":{"Date_Installed":null,"LED_Powered":0,"LightID":"L028084","Light_Source":"LED","Light_Type":"Cobra","Lighting_Type":"LED-Powered Lamp","Verification_Date":null},"id":"stl-city-public-streetlights:2:135368","sourceLayerId":2,"sourceObjectId":135368,"sourceURL":"https://maps8.stlouis-mo.gov/arcgis/rest/services/STREETS/Streets_Permitting/MapServer/2","title":"Street light L028084"},"type":"Feature"},{"geometry":{"coordinates":[-90.3032560518485,38.62994161479721],"type":"Point"},"id":"stl-city-public-streetlights:2:135375","properties":{"address":null,"attributes":{"Date_Installed":null,"LED_Powered":0,"LightID":"L028091","Light_Source":"LED","Light_Type":"Cobra","Lighting_Type":"LED-Powered Lamp","Verification_Date":null},"id":"stl-city-public-streetlights:2:135375","sourceLayerId":2,"sourceObjectId":135375,"sourceURL":"https://maps8.stlouis-mo.gov/arcgis/rest/services/STREETS/Streets_Permitting/MapServer/2","title":"Street light L028091"},"type":"Feature"},{"geometry":{"coordinates":[-90.3033099355326,38.62960843858066],"type":"Point"},"id":"stl-city-public-streetlights:2:135376","properties":{"address":null,"attributes":{"Date_Installed":null,"LED_Powered":0,"LightID":"L028092","Light_Source":"LED","Light_Type":"Cobra","Lighting_Type":"LED-Powered Lamp","Verification_Date":null},"id":"stl-city-public-streetlights:2:135376","sourceLayerId":2,"sourceObjectId":135376,"sourceURL":"https://maps8.stlouis-mo.gov/arcgis/rest/services/STREETS/Streets_Permitting/MapServer/2","title":"Street light L028092"},"type":"Feature"},{"geometry":{"coordinates":[-90.30336129999661,38.62926814284385],"type":"Point"},"id":"stl-city-public-streetlights:2:135377","properties":{"address":null,"attributes":{"Date_Installed":null,"LED_Powered":0,"LightID":"L028093","Light_Source":"LED","Light_Type":"Cobra","Lighting_Type":"LED-Powered Lamp","Verification_Date":null},"id":"stl-city-public-streetlights:2:135377","sourceLayerId":2,"sourceObjectId":135377,"sourceURL":"https://maps8.stlouis-mo.gov/arcgis/rest/services/STREETS/Streets_Permitting/MapServer/2","title":"Street light L028093"},"type":"Feature"},{"geometry":{"coordinates":[-90.30345042578772,38.62890061979242],"type":"Point"},"id":"stl-city-public-streetlights:2:135378","properties":{"address":null,"attributes":{"Date_Installed":null,"LED_Powered":0,"LightID":"L028094","Light_Source":"LED","Light_Type":"Cobra","Lighting_Type":"LED-Powered Lamp","Verification_Date":null},"id":"stl-city-public-streetlights:2:135378","sourceLayerId":2,"sourceObjectId":135378,"sourceURL":"https://maps8.stlouis-mo.gov/arcgis/rest/services/STREETS/Streets_Permitting/MapServer/2","title":"Street light L028094"},"type":"Feature"},{"geometry":{"coordinates":[-90.30350919854224,38.62852053229304],"type":"Point"},"id":"stl-city-public-streetlights:2:135379","properties":{"address":null,"attributes":{"Date_Installed":null,"LED_Powered":0,"LightID":"L028095","Light_Source":"LED","Light_Type":"Cobra","Lighting_Type":"LED-Powered Lamp","Verification_Date":null},"id":"stl-city-public-streetlights:2:135379","sourceLayerId":2,"sourceObjectId":135379,"sourceURL":"https://maps8.stlouis-mo.gov/arcgis/rest/services/STREETS/Streets_Permitting/MapServer/2","title":"Street light L028095"},"type":"Feature"},{"geometry":{"coordinates":[-90.30357407111075,38.62813211182031],"type":"Point"},"id":"stl-city-public-streetlights:2:135380","properties":{"address":null,"attributes":{"Date_Installed":null,"LED_Powered":0,"LightID":"L028096","Light_Source":"LED","Light_Type":"Cobra","Lighting_Type":"LED-Powered Lamp","Verification_Date":null},"id":"stl-city-public-streetlights:2:135380","sourceLayerId":2,"sourceObjectId":135380,"sourceURL":"https://maps8.stlouis-mo.gov/arcgis/rest/services/STREETS/Streets_Permitting/MapServer/2","title":"Street light L028096"},"type":"Feature"},{"geometry":{"coordinates":[-90.3036389332184,38.62774726690737],"type":"Point"},"id":"stl-city-public-streetlights:2:135381","properties":{"address":null,"attributes":{"Date_Installed":null,"LED_Powered":0,"LightID":"L028097","Light_Source":"LED","Light_Type":"Cobra","Lighting_Type":"LED-Powered Lamp","Verification_Date":null},"id":"stl-city-public-streetlights:2:135381","sourceLayerId":2,"sourceObjectId":135381,"sourceURL":"https://maps8.stlouis-mo.gov/arcgis/rest/services/STREETS/Streets_Permitting/MapServer/2","title":"Street light L028097"},"type":"Feature"},{"geometry":{"coordinates":[-90.30370077416332,38.62735526648464],"type":"Point"},"id":"stl-city-public-streetlights:2:135382","properties":{"address":null,"attributes":{"Date_Installed":null,"LED_Powered":0,"LightID":"L028098","Light_Source":"LED","Light_Type":"Cobra","Lighting_Type":"LED-Powered Lamp","Verification_Date":null},"id":"stl-city-public-streetlights:2:135382","sourceLayerId":2,"sourceObjectId":135382,"sourceURL":"https://maps8.stlouis-mo.gov/arcgis/rest/services/STREETS/Streets_Permitting/MapServer/2","title":"Street light L028098"},"type":"Feature"},{"geometry":{"coordinates":[-90.30375955729461,38.626970411253474],"type":"Point"},"id":"stl-city-public-streetlights:2:135383","properties":{"address":null,"attributes":{"Date_Installed":null,"LED_Powered":0,"LightID":"L028099","Light_Source":"LED","Light_Type":"Cobra","Lighting_Type":"LED-Powered Lamp","Verification_Date":null},"id":"stl-city-public-streetlights:2:135383","sourceLayerId":2,"sourceObjectId":135383,"sourceURL":"https://maps8.stlouis-mo.gov/arcgis/rest/services/STREETS/Streets_Permitting/MapServer/2","title":"Street light L028099"},"type":"Feature"},{"geometry":{"coordinates":[-90.30382107195355,38.62658639477275],"type":"Point"},"id":"stl-city-public-streetlights:2:135384","properties":{"address":null,"attributes":{"Date_Installed":null,"LED_Powered":0,"LightID":"L028100","Light_Source":"LED","Light_Type":"Cobra","Lighting_Type":"LED-Powered Lamp","Verification_Date":null},"id":"stl-city-public-streetlights:2:135384","sourceLayerId":2,"sourceObjectId":135384,"sourceURL":"https://maps8.stlouis-mo.gov/arcgis/rest/services/STREETS/Streets_Permitting/MapServer/2","title":"Street light L028100"},"type":"Feature"},{"geometry":{"coordinates":[-90.30306800964388,38.62628860829903],"type":"Point"},"id":"stl-city-public-streetlights:2:135385","properties":{"address":null,"attributes":{"Date_Installed":null,"LED_Powered":0,"LightID":"L028101","Light_Source":"LED","Light_Type":"Cobra","Lighting_Type":"LED-Powered Lamp","Verification_Date":null},"id":"stl-city-public-streetlights:2:135385","sourceLayerId":2,"sourceObjectId":135385,"sourceURL":"https://maps8.stlouis-mo.gov/arcgis/rest/services/STREETS/Streets_Permitting/MapServer/2","title":"Street light L028101"},"type":"Feature"},{"geometry":{"coordinates":[-90.30312284831352,38.62595827137605],"type":"Point"},"id":"stl-city-public-streetlights:2:135386","properties":{"address":null,"attributes":{"Date_Installed":null,"LED_Powered":0,"LightID":"L028102","Light_Source":"LED","Light_Type":"Cobra","Lighting_Type":"LED-Powered Lamp","Verification_Date":null},"id":"stl-city-public-streetlights:2:135386","sourceLayerId":2,"sourceObjectId":135386,"sourceURL":"https://maps8.stlouis-mo.gov/arcgis/rest/services/STREETS/Streets_Permitting/MapServer/2","title":"Street light L028102"},"type":"Feature"},{"geometry":{"coordinates":[-90.30319288517543,38.62562527891776],"type":"Point"},"id":"stl-city-public-streetlights:2:135387","properties":{"address":null,"attributes":{"Date_Installed":null,"LED_Powered":0,"LightID":"L028103","Light_Source":"LED","Light_Type":"Cobra","Lighting_Type":"LED-Powered Lamp","Verification_Date":null},"id":"stl-city-public-streetlights:2:135387","sourceLayerId":2,"sourceObjectId":135387,"sourceURL":"https://maps8.stlouis-mo.gov/arcgis/rest/services/STREETS/Streets_Permitting/MapServer/2","title":"Street light L028103"},"type":"Feature"},{"geometry":{"coordinates":[-90.30324373815421,38.62530739003071],"type":"Point"},"id":"stl-city-public-streetlights:2:135388","properties":{"address":null,"attributes":{"Date_Installed":null,"LED_Powered":0,"LightID":"L028104","Light_Source":"LED","Light_Type":"Cobra","Lighting_Type":"LED-Powered Lamp","Verification_Date":null},"id":"stl-city-public-streetlights:2:135388","sourceLayerId":2,"sourceObjectId":135388,"sourceURL":"https://maps8.stlouis-mo.gov/arcgis/rest/services/STREETS/Streets_Permitting/MapServer/2","title":"Street light L028104"},"type":"Feature"},{"geometry":{"coordinates":[-90.30330847863183,38.6249667616044],"type":"Point"},"id":"stl-city-public-streetlights:2:135389","properties":{"address":null,"attributes":{"Date_Installed":null,"LED_Powered":0,"LightID":"L028105","Light_Source":"LED","Light_Type":"Cobra","Lighting_Type":"LED-Powered Lamp","Verification_Date":null},"id":"stl-city-public-streetlights:2:135389","sourceLayerId":2,"sourceObjectId":135389,"sourceURL":"https://maps8.stlouis-mo.gov/arcgis/rest/services/STREETS/Streets_Permitting/MapServer/2","title":"Street light L028105"},"type":"Feature"},{"geometry":{"coordinates":[-90.3033748441926,38.62464270056027],"type":"Point"},"id":"stl-city-public-streetlights:2:135390","properties":{"address":null,"attributes":{"Date_Installed":null,"LED_Powered":0,"LightID":"L028106","Light_Source":"LED","Light_Type":"Cobra","Lighting_Type":"LED-Powered Lamp","Verification_Date":null},"id":"stl-city-public-streetlights:2:135390","sourceLayerId":2,"sourceObjectId":135390,"sourceURL":"https://maps8.stlouis-mo.gov/arcgis/rest/services/STREETS/Streets_Permitting/MapServer/2","title":"Street light L028106"},"type":"Feature"},{"geometry":{"coordinates":[-90.30343551585254,38.624311718248244],"type":"Point"},"id":"stl-city-public-streetlights:2:135391","properties":{"address":null,"attributes":{"Date_Installed":null,"LED_Powered":0,"LightID":"L028107","Light_Source":"LED","Light_Type":"Cobra","Lighting_Type":"LED-Powered Lamp","Verification_Date":null},"id":"stl-city-public-streetlights:2:135391","sourceLayerId":2,"sourceObjectId":135391,"sourceURL":"https://maps8.stlouis-mo.gov/arcgis/rest/services/STREETS/Streets_Permitting/MapServer/2","title":"Street light L028107"},"type":"Feature"},{"geometry":{"coordinates":[-90.3034978147173,38.62397382697133],"type":"Point"},"id":"stl-city-public-streetlights:2:135392","properties":{"address":null,"attributes":{"Date_Installed":null,"LED_Powered":0,"LightID":"L028108","Light_Source":"LED","Light_Type":"Cobra","Lighting_Type":"LED-Powered Lamp","Verification_Date":null},"id":"stl-city-public-streetlights:2:135392","sourceLayerId":2,"sourceObjectId":135392,"sourceURL":"https://maps8.stlouis-mo.gov/arcgis/rest/services/STREETS/Streets_Permitting/MapServer/2","title":"Street light L028108"},"type":"Feature"},{"geometry":{"coordinates":[-90.30356844271935,38.62364631709521],"type":"Point"},"id":"stl-city-public-streetlights:2:135393","properties":{"address":null,"attributes":{"Date_Installed":null,"LED_Powered":0,"LightID":"L028109","Light_Source":"LED","Light_Type":"Cobra","Lighting_Type":"LED-Powered Lamp","Verification_Date":null},"id":"stl-city-public-streetlights:2:135393","sourceLayerId":2,"sourceObjectId":135393,"sourceURL":"https://maps8.stlouis-mo.gov/arcgis/rest/services/STREETS/Streets_Permitting/MapServer/2","title":"Street light L028109"},"type":"Feature"},{"geometry":{"coordinates":[-90.30368473163183,38.62334272049176],"type":"Point"},"id":"stl-city-public-streetlights:2:135394","properties":{"address":null,"attributes":{"Date_Installed":null,"LED_Powered":0,"LightID":"L028110","Light_Source":"LED","Light_Type":"Cobra","Lighting_Type":"LED-Powered Lamp","Verification_Date":null},"id":"stl-city-public-streetlights:2:135394","sourceLayerId":2,"sourceObjectId":135394,"sourceURL":"https://maps8.stlouis-mo.gov/arcgis/rest/services/STREETS/Streets_Permitting/MapServer/2","title":"Street light L028110"},"type":"Feature"},{"geometry":{"coordinates":[-90.30375186841495,38.62295740244017],"type":"Point"},"id":"stl-city-public-streetlights:2:135395","properties":{"address":null,"attributes":{"Date_Installed":null,"LED_Powered":0,"LightID":"L028111","Light_Source":"LED","Light_Type":"Cobra","Lighting_Type":"LED-Powered Lamp","Verification_Date":null},"id":"stl-city-public-streetlights:2:135395","sourceLayerId":2,"sourceObjectId":135395,"sourceURL":"https://maps8.stlouis-mo.gov/arcgis/rest/services/STREETS/Streets_Permitting/MapServer/2","title":"Street light L028111"},"type":"Feature"},{"geometry":{"coordinates":[-90.30381663647701,38.6226049737455],"type":"Point"},"id":"stl-city-public-streetlights:2:135396","properties":{"address":null,"attributes":{"Date_Installed":null,"LED_Powered":0,"LightID":"L028112","Light_Source":"LED","Light_Type":"Cobra","Lighting_Type":"LED-Powered Lamp","Verification_Date":null},"id":"stl-city-public-streetlights:2:135396","sourceLayerId":2,"sourceObjectId":135396,"sourceURL":"https://maps8.stlouis-mo.gov/arcgis/rest/services/STREETS/Streets_Permitting/MapServer/2","title":"Street light L028112"},"type":"Feature"},{"geometry":{"coordinates":[-90.3038680261126,38.62225562163978],"type":"Point"},"id":"stl-city-public-streetlights:2:135397","properties":{"address":null,"attributes":{"Date_Installed":"3/26/20","LED_Powered":1,"LightID":"L028113","Light_Source":"LED","Light_Type":"Cobra","Lighting_Type":"LED-Powered Lamp","Verification_Date":null},"id":"stl-city-public-streetlights:2:135397","sourceLayerId":2,"sourceObjectId":135397,"sourceURL":"https://maps8.stlouis-mo.gov/arcgis/rest/services/STREETS/Streets_Permitting/MapServer/2","title":"Street light L028113"},"type":"Feature"},{"geometry":{"coordinates":[-90.30392791779457,38.62190795309153],"type":"Point"},"id":"stl-city-public-streetlights:2:135398","properties":{"address":null,"attributes":{"Date_Installed":"3/26/20","LED_Powered":1,"LightID":"L028114","Light_Source":"LED","Light_Type":"Cobra","Lighting_Type":"LED-Powered Lamp","Verification_Date":null},"id":"stl-city-public-streetlights:2:135398","sourceLayerId":2,"sourceObjectId":135398,"sourceURL":"https://maps8.stlouis-mo.gov/arcgis/rest/services/STREETS/Streets_Permitting/MapServer/2","title":"Street light L028114"},"type":"Feature"},{"geometry":{"coordinates":[-90.30398358099325,38.62155086127601],"type":"Point"},"id":"stl-city-public-streetlights:2:135399","properties":{"address":null,"attributes":{"Date_Installed":"3/26/20","LED_Powered":1,"LightID":"L028115","Light_Source":"LED","Light_Type":"Cobra","Lighting_Type":"LED-Powered Lamp","Verification_Date":null},"id":"stl-city-public-streetlights:2:135399","sourceLayerId":2,"sourceObjectId":135399,"sourceURL":"https://maps8.stlouis-mo.gov/arcgis/rest/services/STREETS/Streets_Permitting/MapServer/2","title":"Street light L028115"},"type":"Feature"},{"geometry":{"coordinates":[-90.30405015836418,38.62120236869419],"type":"Point"},"id":"stl-city-public-streetlights:2:135400","properties":{"address":null,"attributes":{"Date_Installed":"3/26/20","LED_Powered":1,"LightID":"L028116","Light_Source":"LED","Light_Type":"Cobra","Lighting_Type":"LED-Powered Lamp","Verification_Date":null},"id":"stl-city-public-streetlights:2:135400","sourceLayerId":2,"sourceObjectId":135400,"sourceURL":"https://maps8.stlouis-mo.gov/arcgis/rest/services/STREETS/Streets_Permitting/MapServer/2","title":"Street light L028116"},"type":"Feature"},{"geometry":{"coordinates":[-90.30409652406468,38.62091212188037],"type":"Point"},"id":"stl-city-public-streetlights:2:135401","properties":{"address":null,"attributes":{"Date_Installed":"3/26/20","LED_Powered":1,"LightID":"L028117","Light_Source":"LED","Light_Type":"Cobra","Lighting_Type":"LED-Powered Lamp","Verification_Date":null},"id":"stl-city-public-streetlights:2:135401","sourceLayerId":2,"sourceObjectId":135401,"sourceURL":"https://maps8.stlouis-mo.gov/arcgis/rest/services/STREETS/Streets_Permitting/MapServer/2","title":"Street light L028117"},"type":"Feature"},{"geometry":{"coordinates":[-90.30417499380837,38.62054755914963],"type":"Point"},"id":"stl-city-public-streetlights:2:135402","properties":{"address":null,"attributes":{"Date_Installed":"3/26/20","LED_Powered":1,"LightID":"L028118","Light_Source":"LED","Light_Type":"Cobra","Lighting_Type":"LED-Powered Lamp","Verification_Date":null},"id":"stl-city-public-streetlights:2:135402","sourceLayerId":2,"sourceObjectId":135402,"sourceURL":"https://maps8.stlouis-mo.gov/arcgis/rest/services/STREETS/Streets_Permitting/MapServer/2","title":"Street light L028118"},"type":"Feature"},{"geometry":{"coordinates":[-90.30424341212779,38.62019156143456],"type":"Point"},"id":"stl-city-public-streetlights:2:135403","properties":{"address":null,"attributes":{"Date_Installed":"3/26/20","LED_Powered":1,"LightID":"L028119","Light_Source":"LED","Light_Type":"Cobra","Lighting_Type":"LED-Powered Lamp","Verification_Date":null},"id":"stl-city-public-streetlights:2:135403","sourceLayerId":2,"sourceObjectId":135403,"sourceURL":"https://maps8.stlouis-mo.gov/arcgis/rest/services/STREETS/Streets_Permitting/MapServer/2","title":"Street light L028119"},"type":"Feature"},{"geometry":{"coordinates":[-90.30185704311309,38.620000259917056],"type":"Point"},"id":"stl-city-public-streetlights:2:135417","properties":{"address":null,"attributes":{"Date_Installed":"3/26/20","LED_Powered":1,"LightID":"L028133","Light_Source":"LED","Light_Type":"Cobra","Lighting_Type":"LED-Powered Lamp","Verification_Date":null},"id":"stl-city-public-streetlights:2:135417","sourceLayerId":2,"sourceObjectId":135417,"sourceURL":"https://maps8.stlouis-mo.gov/arcgis/rest/services/STREETS/Streets_Permitting/MapServer/2","title":"Street light L028133"},"type":"Feature"},{"geometry":{"coordinates":[-90.30178543457693,38.620352079698584],"type":"Point"},"id":"stl-city-public-streetlights:2:135418","properties":{"address":null,"attributes":{"Date_Installed":"3/26/20","LED_Powered":1,"LightID":"L028134","Light_Source":"LED","Light_Type":"Cobra","Lighting_Type":"LED-Powered Lamp","Verification_Date":null},"id":"stl-city-public-streetlights:2:135418","sourceLayerId":2,"sourceObjectId":135418,"sourceURL":"https://maps8.stlouis-mo.gov/arcgis/rest/services/STREETS/Streets_Permitting/MapServer/2","title":"Street light L028134"},"type":"Feature"},{"geometry":{"coordinates":[-90.30171822431791,38.62071654008921],"type":"Point"},"id":"stl-city-public-streetlights:2:135419","properties":{"address":null,"attributes":{"Date_Installed":"3/26/20","LED_Powered":1,"LightID":"L028135","Light_Source":"LED","Light_Type":"Cobra","Lighting_Type":"LED-Powered Lamp","Verification_Date":null},"id":"stl-city-public-streetlights:2:135419","sourceLayerId":2,"sourceObjectId":135419,"sourceURL":"https://maps8.stlouis-mo.gov/arcgis/rest/services/STREETS/Streets_Permitting/MapServer/2","title":"Street light L028135"},"type":"Feature"},{"geometry":{"coordinates":[-90.30163824320223,38.62112909815953],"type":"Point"},"id":"stl-city-public-streetlights:2:135420","properties":{"address":null,"attributes":{"Date_Installed":"3/26/20","LED_Powered":1,"LightID":"L028136","Light_Source":"LED","Light_Type":"Cobra","Lighting_Type":"LED-Powered Lamp","Verification_Date":null},"id":"stl-city-public-streetlights:2:135420","sourceLayerId":2,"sourceObjectId":135420,"sourceURL":"https://maps8.stlouis-mo.gov/arcgis/rest/services/STREETS/Streets_Permitting/MapServer/2","title":"Street light L028136"},"type":"Feature"},{"geometry":{"coordinates":[-90.3015758973825,38.6214263483494],"type":"Point"},"id":"stl-city-public-streetlights:2:135421","properties":{"address":null,"attributes":{"Date_Installed":"3/26/20","LED_Powered":1,"LightID":"L028137","Light_Source":"LED","Light_Type":"Cobra","Lighting_Type":"LED-Powered Lamp","Verification_Date":null},"id":"stl-city-public-streetlights:2:135421","sourceLayerId":2,"sourceObjectId":135421,"sourceURL":"https://maps8.stlouis-mo.gov/arcgis/rest/services/STREETS/Streets_Permitting/MapServer/2","title":"Street light L028137"},"type":"Feature"},{"geometry":{"coordinates":[-90.30150639080723,38.62178448218984],"type":"Point"},"id":"stl-city-public-streetlights:2:135422","properties":{"address":null,"attributes":{"Date_Installed":"3/26/20","LED_Powered":1,"LightID":"L028138","Light_Source":"LED","Light_Type":"Cobra","Lighting_Type":"LED-Powered Lamp","Verification_Date":null},"id":"stl-city-public-streetlights:2:135422","sourceLayerId":2,"sourceObjectId":135422,"sourceURL":"https://maps8.stlouis-mo.gov/arcgis/rest/services/STREETS/Streets_Permitting/MapServer/2","title":"Street light L028138"},"type":"Feature"},{"geometry":{"coordinates":[-90.30143542982196,38.62214756570541],"type":"Point"},"id":"stl-city-public-streetlights:2:135423","properties":{"address":null,"attributes":{"Date_Installed":"3/26/20","LED_Powered":1,"LightID":"L028139","Light_Source":"LED","Light_Type":"Cobra","Lighting_Type":"LED-Powered Lamp","Verification_Date":null},"id":"stl-city-public-streetlights:2:135423","sourceLayerId":2,"sourceObjectId":135423,"sourceURL":"https://maps8.stlouis-mo.gov/arcgis/rest/services/STREETS/Streets_Permitting/MapServer/2","title":"Street light L028139"},"type":"Feature"},{"geometry":{"coordinates":[-90.30169613530171,38.62239437855893],"type":"Point"},"id":"stl-city-public-streetlights:2:135424","properties":{"address":null,"attributes":{"Date_Installed":null,"LED_Powered":0,"LightID":"L028140","Light_Source":"LED","Light_Type":"Cobra","Lighting_Type":"LED-Powered Lamp","Verification_Date":null},"id":"stl-city-public-streetlights:2:135424","sourceLayerId":2,"sourceObjectId":135424,"sourceURL":"https://maps8.stlouis-mo.gov/arcgis/rest/services/STREETS/Streets_Permitting/MapServer/2","title":"Street light L028140"},"type":"Feature"},{"geometry":{"coordinates":[-90.30162104774529,38.622739398565145],"type":"Point"},"id":"stl-city-public-streetlights:2:135425","properties":{"address":null,"attributes":{"Date_Installed":null,"LED_Powered":0,"LightID":"L028141","Light_Source":"LED","Light_Type":"Cobra","Lighting_Type":"LED-Powered Lamp","Verification_Date":null},"id":"stl-city-public-streetlights:2:135425","sourceLayerId":2,"sourceObjectId":135425,"sourceURL":"https://maps8.stlouis-mo.gov/arcgis/rest/services/STREETS/Streets_Permitting/MapServer/2","title":"Street light L028141"},"type":"Feature"},{"geometry":{"coordinates":[-90.3015328254699,38.62310894824897],"type":"Point"},"id":"stl-city-public-streetlights:2:135426","properties":{"address":null,"attributes":{"Date_Installed":null,"LED_Powered":0,"LightID":"L028142","Light_Source":"LED","Light_Type":"Cobra","Lighting_Type":"LED-Powered Lamp","Verification_Date":null},"id":"stl-city-public-streetlights:2:135426","sourceLayerId":2,"sourceObjectId":135426,"sourceURL":"https://maps8.stlouis-mo.gov/arcgis/rest/services/STREETS/Streets_Permitting/MapServer/2","title":"Street light L028142"},"type":"Feature"},{"geometry":{"coordinates":[-90.30150759235303,38.6233133323785],"type":"Point"},"id":"stl-city-public-streetlights:2:135427","properties":{"address":null,"attributes":{"Date_Installed":null,"LED_Powered":0,"LightID":"L028143","Light_Source":"LED","Light_Type":"Cobra","Lighting_Type":"LED-Powered Lamp","Verification_Date":null},"id":"stl-city-public-streetlights:2:135427","sourceLayerId":2,"sourceObjectId":135427,"sourceURL":"https://maps8.stlouis-mo.gov/arcgis/rest/services/STREETS/Streets_Permitting/MapServer/2","title":"Street light L028143"},"type":"Feature"},{"geometry":{"coordinates":[-90.30134425370413,38.623397104845765],"type":"Point"},"id":"stl-city-public-streetlights:2:135428","properties":{"address":null,"attributes":{"Date_Installed":null,"LED_Powered":0,"LightID":"L028144","Light_Source":"LED","Light_Type":"Cobra","Lighting_Type":"LED-Powered Lamp","Verification_Date":null},"id":"stl-city-public-streetlights:2:135428","sourceLayerId":2,"sourceObjectId":135428,"sourceURL":"https://maps8.stlouis-mo.gov/arcgis/rest/services/STREETS/Streets_Permitting/MapServer/2","title":"Street light L028144"},"type":"Feature"},{"geometry":{"coordinates":[-90.30115020864135,38.62368638514416],"type":"Point"},"id":"stl-city-public-streetlights:2:135429","properties":{"address":null,"attributes":{"Date_Installed":null,"LED_Powered":0,"LightID":"L028145","Light_Source":"LED","Light_Type":"Cobra","Lighting_Type":"LED-Powered Lamp","Verification_Date":null},"id":"stl-city-public-streetlights:2:135429","sourceLayerId":2,"sourceObjectId":135429,"sourceURL":"https://maps8.stlouis-mo.gov/arcgis/rest/services/STREETS/Streets_Permitting/MapServer/2","title":"Street light L028145"},"type":"Feature"},{"geometry":{"coordinates":[-90.30107454136898,38.62401948582861],"type":"Point"},"id":"stl-city-public-streetlights:2:135430","properties":{"address":null,"attributes":{"Date_Installed":null,"LED_Powered":0,"LightID":"L028146","Light_Source":"LED","Light_Type":"Cobra","Lighting_Type":"LED-Powered Lamp","Verification_Date":null},"id":"stl-city-public-streetlights:2:135430","sourceLayerId":2,"sourceObjectId":135430,"sourceURL":"https://maps8.stlouis-mo.gov/arcgis/rest/services/STREETS/Streets_Permitting/MapServer/2","title":"Street light L028146"},"type":"Feature"},{"geometry":{"coordinates":[-90.30102439784164,38.62435262985137],"type":"Point"},"id":"stl-city-public-streetlights:2:135431","properties":{"address":null,"attributes":{"Date_Installed":null,"LED_Powered":0,"LightID":"L028147","Light_Source":"LED","Light_Type":"Cobra","Lighting_Type":"LED-Powered Lamp","Verification_Date":null},"id":"stl-city-public-streetlights:2:135431","sourceLayerId":2,"sourceObjectId":135431,"sourceURL":"https://maps8.stlouis-mo.gov/arcgis/rest/services/STREETS/Streets_Permitting/MapServer/2","title":"Street light L028147"},"type":"Feature"},{"geometry":{"coordinates":[-90.30103805556462,38.624688147183235],"type":"Point"},"id":"stl-city-public-streetlights:2:135432","properties":{"address":null,"attributes":{"Date_Installed":null,"LED_Powered":0,"LightID":"L028148","Light_Source":"LED","Light_Type":"Cobra","Lighting_Type":"LED-Powered Lamp","Verification_Date":null},"id":"stl-city-public-streetlights:2:135432","sourceLayerId":2,"sourceObjectId":135432,"sourceURL":"https://maps8.stlouis-mo.gov/arcgis/rest/services/STREETS/Streets_Permitting/MapServer/2","title":"Street light L028148"},"type":"Feature"},{"geometry":{"coordinates":[-90.3011535578798,38.625004053123035],"type":"Point"},"id":"stl-city-public-streetlights:2:135433","properties":{"address":null,"attributes":{"Date_Installed":null,"LED_Powered":0,"LightID":"L028149","Light_Source":"LED","Light_Type":"Cobra","Lighting_Type":"LED-Powered Lamp","Verification_Date":null},"id":"stl-city-public-streetlights:2:135433","sourceLayerId":2,"sourceObjectId":135433,"sourceURL":"https://maps8.stlouis-mo.gov/arcgis/rest/services/STREETS/Streets_Permitting/MapServer/2","title":"Street light L028149"},"type":"Feature"},{"geometry":{"coordinates":[-90.30125561710364,38.6253472295298],"type":"Point"},"id":"stl-city-public-streetlights:2:135434","properties":{"address":null,"attributes":{"Date_Installed":null,"LED_Powered":0,"LightID":"L028150","Light_Source":"LED","Light_Type":"Cobra","Lighting_Type":"LED-Powered Lamp","Verification_Date":null},"id":"stl-city-public-streetlights:2:135434","sourceLayerId":2,"sourceObjectId":135434,"sourceURL":"https://maps8.stlouis-mo.gov/arcgis/rest/services/STREETS/Streets_Permitting/MapServer/2","title":"Street light L028150"},"type":"Feature"},{"geometry":{"coordinates":[-90.30136100618914,38.62567348642043],"type":"Point"},"id":"stl-city-public-streetlights:2:135435","properties":{"address":null,"attributes":{"Date_Installed":null,"LED_Powered":0,"LightID":"L028151","Light_Source":"LED","Light_Type":"Cobra","Lighting_Type":"LED-Powered Lamp","Verification_Date":null},"id":"stl-city-public-streetlights:2:135435","sourceLayerId":2,"sourceObjectId":135435,"sourceURL":"https://maps8.stlouis-mo.gov/arcgis/rest/services/STREETS/Streets_Permitting/MapServer/2","title":"Street light L028151"},"type":"Feature"},{"geometry":{"coordinates":[-90.30149020514185,38.62609238809787],"type":"Point"},"id":"stl-city-public-streetlights:2:135436","properties":{"address":null,"attributes":{"Date_Installed":"2020-01-27","LED_Powered":1,"LightID":"L028152","Light_Source":"LED","Light_Type":"Cobra","Lighting_Type":"5G Pole - 5G Pole -5G Pole - 2A","Verification_Date":null},"id":"stl-city-public-streetlights:2:135436","sourceLayerId":2,"sourceObjectId":135436,"sourceURL":"https://maps8.stlouis-mo.gov/arcgis/rest/services/STREETS/Streets_Permitting/MapServer/2","title":"Street light L028152"},"type":"Feature"},{"geometry":{"coordinates":[-90.30123877283229,38.62586861658435],"type":"Point"},"id":"stl-city-public-streetlights:2:135437","properties":{"address":null,"attributes":{"Date_Installed":null,"LED_Powered":0,"LightID":"L028153","Light_Source":"LED","Light_Type":"Cobra","Lighting_Type":"LED-Powered Lamp","Verification_Date":null},"id":"stl-city-public-streetlights:2:135437","sourceLayerId":2,"sourceObjectId":135437,"sourceURL":"https://maps8.stlouis-mo.gov/arcgis/rest/services/STREETS/Streets_Permitting/MapServer/2","title":"Street light L028153"},"type":"Feature"},{"geometry":{"coordinates":[-90.30117608063927,38.62617897550762],"type":"Point"},"id":"stl-city-public-streetlights:2:135438","properties":{"address":null,"attributes":{"Date_Installed":null,"LED_Powered":0,"LightID":"L028154","Light_Source":"LED","Light_Type":"Cobra","Lighting_Type":"LED-Powered Lamp","Verification_Date":null},"id":"stl-city-public-streetlights:2:135438","sourceLayerId":2,"sourceObjectId":135438,"sourceURL":"https://maps8.stlouis-mo.gov/arcgis/rest/services/STREETS/Streets_Permitting/MapServer/2","title":"Street light L028154"},"type":"Feature"},{"geometry":{"coordinates":[-90.30110528022342,38.62650958165933],"type":"Point"},"id":"stl-city-public-streetlights:2:135439","properties":{"address":null,"attributes":{"Date_Installed":null,"LED_Powered":0,"LightID":"L028155","Light_Source":"LED","Light_Type":"Cobra","Lighting_Type":"LED-Powered Lamp","Verification_Date":null},"id":"stl-city-public-streetlights:2:135439","sourceLayerId":2,"sourceObjectId":135439,"sourceURL":"https://maps8.stlouis-mo.gov/arcgis/rest/services/STREETS/Streets_Permitting/MapServer/2","title":"Street light L028155"},"type":"Feature"},{"geometry":{"coordinates":[-90.30103541193255,38.62683220472831],"type":"Point"},"id":"stl-city-public-streetlights:2:135440","properties":{"address":null,"attributes":{"Date_Installed":null,"LED_Powered":0,"LightID":"L028156","Light_Source":"LED","Light_Type":"Cobra","Lighting_Type":"LED-Powered Lamp","Verification_Date":null},"id":"stl-city-public-streetlights:2:135440","sourceLayerId":2,"sourceObjectId":135440,"sourceURL":"https://maps8.stlouis-mo.gov/arcgis/rest/services/STREETS/Streets_Permitting/MapServer/2","title":"Street light L028156"},"type":"Feature"},{"geometry":{"coordinates":[-90.30097219321567,38.62716747135501],"type":"Point"},"id":"stl-city-public-streetlights:2:135441","properties":{"address":null,"attributes":{"Date_Installed":null,"LED_Powered":0,"LightID":"L028157","Light_Source":"LED","Light_Type":"Cobra","Lighting_Type":"LED-Powered Lamp","Verification_Date":null},"id":"stl-city-public-streetlights:2:135441","sourceLayerId":2,"sourceObjectId":135441,"sourceURL":"https://maps8.stlouis-mo.gov/arcgis/rest/services/STREETS/Streets_Permitting/MapServer/2","title":"Street light L028157"},"type":"Feature"},{"geometry":{"coordinates":[-90.30090353774652,38.62749128734983],"type":"Point"},"id":"stl-city-public-streetlights:2:135442","properties":{"address":null,"attributes":{"Date_Installed":null,"LED_Powered":0,"LightID":"L028158","Light_Source":"LED","Light_Type":"Cobra","Lighting_Type":"LED-Powered Lamp","Verification_Date":null},"id":"stl-city-public-streetlights:2:135442","sourceLayerId":2,"sourceObjectId":135442,"sourceURL":"https://maps8.stlouis-mo.gov/arcgis/rest/services/STREETS/Streets_Permitting/MapServer/2","title":"Street light L028158"},"type":"Feature"},{"geometry":{"coordinates":[-90.30083390681263,38.62783703203498],"type":"Point"},"id":"stl-city-public-streetlights:2:135443","properties":{"address":null,"attributes":{"Date_Installed":null,"LED_Powered":0,"LightID":"L028159","Light_Source":"LED","Light_Type":"Cobra","Lighting_Type":"LED-Powered Lamp","Verification_Date":null},"id":"stl-city-public-streetlights:2:135443","sourceLayerId":2,"sourceObjectId":135443,"sourceURL":"https://maps8.stlouis-mo.gov/arcgis/rest/services/STREETS/Streets_Permitting/MapServer/2","title":"Street light L028159"},"type":"Feature"},{"geometry":{"coordinates":[-90.3007763511984,38.62815669568175],"type":"Point"},"id":"stl-city-public-streetlights:2:135444","properties":{"address":null,"attributes":{"Date_Installed":null,"LED_Powered":0,"LightID":"L028160","Light_Source":"LED","Light_Type":"Cobra","Lighting_Type":"LED-Powered Lamp","Verification_Date":null},"id":"stl-city-public-streetlights:2:135444","sourceLayerId":2,"sourceObjectId":135444,"sourceURL":"https://maps8.stlouis-mo.gov/arcgis/rest/services/STREETS/Streets_Permitting/MapServer/2","title":"Street light L028160"},"type":"Feature"},{"geometry":{"coordinates":[-90.30070400444107,38.62849564200026],"type":"Point"},"id":"stl-city-public-streetlights:2:135445","properties":{"address":null,"attributes":{"Date_Installed":null,"LED_Powered":0,"LightID":"L028161","Light_Source":"LED","Light_Type":"Cobra","Lighting_Type":"LED-Powered Lamp","Verification_Date":null},"id":"stl-city-public-streetlights:2:135445","sourceLayerId":2,"sourceObjectId":135445,"sourceURL":"https://maps8.stlouis-mo.gov/arcgis/rest/services/STREETS/Streets_Permitting/MapServer/2","title":"Street light L028161"},"type":"Feature"},{"geometry":{"coordinates":[-90.30064085776011,38.62880421234947],"type":"Point"},"id":"stl-city-public-streetlights:2:135446","properties":{"address":null,"attributes":{"Date_Installed":null,"LED_Powered":0,"LightID":"L028162","Light_Source":"LED","Light_Type":"Cobra","Lighting_Type":"LED-Powered Lamp","Verification_Date":null},"id":"stl-city-public-streetlights:2:135446","sourceLayerId":2,"sourceObjectId":135446,"sourceURL":"https://maps8.stlouis-mo.gov/arcgis/rest/services/STREETS/Streets_Permitting/MapServer/2","title":"Street light L028162"},"type":"Feature"},{"geometry":{"coordinates":[-90.30057308833491,38.62913541958031],"type":"Point"},"id":"stl-city-public-streetlights:2:135447","properties":{"address":null,"attributes":{"Date_Installed":null,"LED_Powered":0,"LightID":"L028163","Light_Source":"LED","Light_Type":"Cobra","Lighting_Type":"LED-Powered Lamp","Verification_Date":null},"id":"stl-city-public-streetlights:2:135447","sourceLayerId":2,"sourceObjectId":135447,"sourceURL":"https://maps8.stlouis-mo.gov/arcgis/rest/services/STREETS/Streets_Permitting/MapServer/2","title":"Street light L028163"},"type":"Feature"},{"geometry":{"coordinates":[-90.30057269915348,38.62119006566141],"type":"Point"},"id":"stl-city-public-streetlights:2:135485","properties":{"address":null,"attributes":{"Date_Installed":null,"LED_Powered":0,"LightID":"L028201","Light_Source":"LED","Light_Type":"Cobra","Lighting_Type":"LED-Powered Lamp","Verification_Date":null},"id":"stl-city-public-streetlights:2:135485","sourceLayerId":2,"sourceObjectId":135485,"sourceURL":"https://maps8.stlouis-mo.gov/arcgis/rest/services/STREETS/Streets_Permitting/MapServer/2","title":"Street light L028201"},"type":"Feature"},{"geometry":{"coordinates":[-90.3002782393497,38.62118288871086],"type":"Point"},"id":"stl-city-public-streetlights:2:135486","properties":{"address":null,"attributes":{"Date_Installed":null,"LED_Powered":0,"LightID":"L028202","Light_Source":"LED","Light_Type":"Cobra","Lighting_Type":"LED-Powered Lamp","Verification_Date":null},"id":"stl-city-public-streetlights:2:135486","sourceLayerId":2,"sourceObjectId":135486,"sourceURL":"https://maps8.stlouis-mo.gov/arcgis/rest/services/STREETS/Streets_Permitting/MapServer/2","title":"Street light L028202"},"type":"Feature"},{"geometry":{"coordinates":[-90.30018949940461,38.62207494537304],"type":"Point"},"id":"stl-city-public-streetlights:2:135501","properties":{"address":null,"attributes":{"Date_Installed":null,"LED_Powered":0,"LightID":"L028217","Light_Source":"LED","Light_Type":"Cobra","Lighting_Type":"LED-Powered Lamp","Verification_Date":null},"id":"stl-city-public-streetlights:2:135501","sourceLayerId":2,"sourceObjectId":135501,"sourceURL":"https://maps8.stlouis-mo.gov/arcgis/rest/services/STREETS/Streets_Permitting/MapServer/2","title":"Street light L028217"},"type":"Feature"},{"geometry":{"coordinates":[-90.30064149339576,38.622118621360286],"type":"Point"},"id":"stl-city-public-streetlights:2:135502","properties":{"address":null,"attributes":{"Date_Installed":null,"LED_Powered":0,"LightID":"L028218","Light_Source":"LED","Light_Type":"Cobra","Lighting_Type":"LED-Powered Lamp","Verification_Date":null},"id":"stl-city-public-streetlights:2:135502","sourceLayerId":2,"sourceObjectId":135502,"sourceURL":"https://maps8.stlouis-mo.gov/arcgis/rest/services/STREETS/Streets_Permitting/MapServer/2","title":"Street light L028218"},"type":"Feature"},{"geometry":{"coordinates":[-90.30109342361888,38.622163963946576],"type":"Point"},"id":"stl-city-public-streetlights:2:135503","properties":{"address":null,"attributes":{"Date_Installed":null,"LED_Powered":0,"LightID":"L028219","Light_Source":"LED","Light_Type":"Cobra","Lighting_Type":"LED-Powered Lamp","Verification_Date":null},"id":"stl-city-public-streetlights:2:135503","sourceLayerId":2,"sourceObjectId":135503,"sourceURL":"https://maps8.stlouis-mo.gov/arcgis/rest/services/STREETS/Streets_Permitting/MapServer/2","title":"Street light L028219"},"type":"Feature"},{"geometry":{"coordinates":[-90.30009035022142,38.62486906703194],"type":"Point"},"id":"stl-city-public-streetlights:2:135566","properties":{"address":null,"attributes":{"Date_Installed":null,"LED_Powered":0,"LightID":"L028282","Light_Source":"LED","Light_Type":"Cobra","Lighting_Type":"LED-Powered Lamp","Verification_Date":null},"id":"stl-city-public-streetlights:2:135566","sourceLayerId":2,"sourceObjectId":135566,"sourceURL":"https://maps8.stlouis-mo.gov/arcgis/rest/services/STREETS/Streets_Permitting/MapServer/2","title":"Street light L028282"},"type":"Feature"},{"geometry":{"coordinates":[-90.30051124318965,38.624936288349346],"type":"Point"},"id":"stl-city-public-streetlights:2:135567","properties":{"address":null,"attributes":{"Date_Installed":null,"LED_Powered":0,"LightID":"L028283","Light_Source":"LED","Light_Type":"Cobra","Lighting_Type":"LED-Powered Lamp","Verification_Date":null},"id":"stl-city-public-streetlights:2:135567","sourceLayerId":2,"sourceObjectId":135567,"sourceURL":"https://maps8.stlouis-mo.gov/arcgis/rest/services/STREETS/Streets_Permitting/MapServer/2","title":"Street light L028283"},"type":"Feature"},{"geometry":{"coordinates":[-90.3009317522486,38.62494534679599],"type":"Point"},"id":"stl-city-public-streetlights:2:135568","properties":{"address":null,"attributes":{"Date_Installed":null,"LED_Powered":0,"LightID":"L028284","Light_Source":"LED","Light_Type":"Cobra","Lighting_Type":"LED-Powered Lamp","Verification_Date":null},"id":"stl-city-public-streetlights:2:135568","sourceLayerId":2,"sourceObjectId":135568,"sourceURL":"https://maps8.stlouis-mo.gov/arcgis/rest/services/STREETS/Streets_Permitting/MapServer/2","title":"Street light L028284"},"type":"Feature"}],"layerId":"city-streetlights","retrievedAt":"2026-09-13T21:56:18.173251+00:00","schema":"property-infrastructure-geojson-v1","sourceId":"stl-city-public-streetlights","tileId":"-9031_3862","type":"FeatureCollection"}