{"features":[{"geometry":{"coordinates":[-90.29995620959832,38.590404092519485],"type":"Point"},"id":"stl-city-public-streetlights:2:114317","properties":{"address":null,"attributes":{"Date_Installed":"2/17/20","LED_Powered":1,"LightID":"L007061","Light_Source":"LED","Light_Type":"Cobra","Lighting_Type":"LED-Powered Lamp","Verification_Date":null},"id":"stl-city-public-streetlights:2:114317","sourceLayerId":2,"sourceObjectId":114317,"sourceURL":"https://maps8.stlouis-mo.gov/arcgis/rest/services/STREETS/Streets_Permitting/MapServer/2","title":"Street light L007061"},"type":"Feature"},{"geometry":{"coordinates":[-90.29951748901158,38.59035507353839],"type":"Point"},"id":"stl-city-public-streetlights:2:114318","properties":{"address":null,"attributes":{"Date_Installed":"2/17/20","LED_Powered":1,"LightID":"L007062","Light_Source":"LED","Light_Type":"Cobra","Lighting_Type":"LED-Powered Lamp","Verification_Date":null},"id":"stl-city-public-streetlights:2:114318","sourceLayerId":2,"sourceObjectId":114318,"sourceURL":"https://maps8.stlouis-mo.gov/arcgis/rest/services/STREETS/Streets_Permitting/MapServer/2","title":"Street light L007062"},"type":"Feature"},{"geometry":{"coordinates":[-90.29904353104536,38.59030837528931],"type":"Point"},"id":"stl-city-public-streetlights:2:114319","properties":{"address":null,"attributes":{"Date_Installed":"2/17/20","LED_Powered":1,"LightID":"L007063","Light_Source":"LED","Light_Type":"Cobra","Lighting_Type":"LED-Powered Lamp","Verification_Date":null},"id":"stl-city-public-streetlights:2:114319","sourceLayerId":2,"sourceObjectId":114319,"sourceURL":"https://maps8.stlouis-mo.gov/arcgis/rest/services/STREETS/Streets_Permitting/MapServer/2","title":"Street light L007063"},"type":"Feature"},{"geometry":{"coordinates":[-90.29865700030173,38.59027672369949],"type":"Point"},"id":"stl-city-public-streetlights:2:114320","properties":{"address":null,"attributes":{"Date_Installed":"2/17/20","LED_Powered":1,"LightID":"L007064","Light_Source":"LED","Light_Type":"Cobra","Lighting_Type":"LED-Powered Lamp","Verification_Date":null},"id":"stl-city-public-streetlights:2:114320","sourceLayerId":2,"sourceObjectId":114320,"sourceURL":"https://maps8.stlouis-mo.gov/arcgis/rest/services/STREETS/Streets_Permitting/MapServer/2","title":"Street light L007064"},"type":"Feature"},{"geometry":{"coordinates":[-90.29817426424246,38.59021987713676],"type":"Point"},"id":"stl-city-public-streetlights:2:114321","properties":{"address":null,"attributes":{"Date_Installed":"2/17/20","LED_Powered":1,"LightID":"L007065","Light_Source":"LED","Light_Type":"Cobra","Lighting_Type":"LED-Powered Lamp","Verification_Date":null},"id":"stl-city-public-streetlights:2:114321","sourceLayerId":2,"sourceObjectId":114321,"sourceURL":"https://maps8.stlouis-mo.gov/arcgis/rest/services/STREETS/Streets_Permitting/MapServer/2","title":"Street light L007065"},"type":"Feature"},{"geometry":{"coordinates":[-90.29775131654502,38.59017862555253],"type":"Point"},"id":"stl-city-public-streetlights:2:114322","properties":{"address":null,"attributes":{"Date_Installed":"2/17/20","LED_Powered":1,"LightID":"L007066","Light_Source":"LED","Light_Type":"Cobra","Lighting_Type":"LED-Powered Lamp","Verification_Date":null},"id":"stl-city-public-streetlights:2:114322","sourceLayerId":2,"sourceObjectId":114322,"sourceURL":"https://maps8.stlouis-mo.gov/arcgis/rest/services/STREETS/Streets_Permitting/MapServer/2","title":"Street light L007066"},"type":"Feature"},{"geometry":{"coordinates":[-90.29729969087612,38.59012927776041],"type":"Point"},"id":"stl-city-public-streetlights:2:114323","properties":{"address":null,"attributes":{"Date_Installed":"2/17/20","LED_Powered":1,"LightID":"L007067","Light_Source":"LED","Light_Type":"Cobra","Lighting_Type":"LED-Powered Lamp","Verification_Date":null},"id":"stl-city-public-streetlights:2:114323","sourceLayerId":2,"sourceObjectId":114323,"sourceURL":"https://maps8.stlouis-mo.gov/arcgis/rest/services/STREETS/Streets_Permitting/MapServer/2","title":"Street light L007067"},"type":"Feature"},{"geometry":{"coordinates":[-90.29684534904452,38.59007455956683],"type":"Point"},"id":"stl-city-public-streetlights:2:114324","properties":{"address":null,"attributes":{"Date_Installed":"2/17/20","LED_Powered":1,"LightID":"L007068","Light_Source":"LED","Light_Type":"Cobra","Lighting_Type":"LED-Powered Lamp","Verification_Date":null},"id":"stl-city-public-streetlights:2:114324","sourceLayerId":2,"sourceObjectId":114324,"sourceURL":"https://maps8.stlouis-mo.gov/arcgis/rest/services/STREETS/Streets_Permitting/MapServer/2","title":"Street light L007068"},"type":"Feature"},{"geometry":{"coordinates":[-90.29637048141619,38.590028922785116],"type":"Point"},"id":"stl-city-public-streetlights:2:114325","properties":{"address":null,"attributes":{"Date_Installed":"2/17/20","LED_Powered":1,"LightID":"L007069","Light_Source":"LED","Light_Type":"Cobra","Lighting_Type":"LED-Powered Lamp","Verification_Date":null},"id":"stl-city-public-streetlights:2:114325","sourceLayerId":2,"sourceObjectId":114325,"sourceURL":"https://maps8.stlouis-mo.gov/arcgis/rest/services/STREETS/Streets_Permitting/MapServer/2","title":"Street light L007069"},"type":"Feature"},{"geometry":{"coordinates":[-90.29487460249,38.590681446907794],"type":"Point"},"id":"stl-city-public-streetlights:2:114330","properties":{"address":null,"attributes":{"Date_Installed":"2/17/20","LED_Powered":1,"LightID":"L007074","Light_Source":"LED","Light_Type":"Cobra","Lighting_Type":"LED-Powered Lamp","Verification_Date":null},"id":"stl-city-public-streetlights:2:114330","sourceLayerId":2,"sourceObjectId":114330,"sourceURL":"https://maps8.stlouis-mo.gov/arcgis/rest/services/STREETS/Streets_Permitting/MapServer/2","title":"Street light L007074"},"type":"Feature"},{"geometry":{"coordinates":[-90.29536007881585,38.59073592899402],"type":"Point"},"id":"stl-city-public-streetlights:2:114331","properties":{"address":null,"attributes":{"Date_Installed":"2/17/20","LED_Powered":1,"LightID":"L007075","Light_Source":"LED","Light_Type":"Cobra","Lighting_Type":"LED-Powered Lamp","Verification_Date":null},"id":"stl-city-public-streetlights:2:114331","sourceLayerId":2,"sourceObjectId":114331,"sourceURL":"https://maps8.stlouis-mo.gov/arcgis/rest/services/STREETS/Streets_Permitting/MapServer/2","title":"Street light L007075"},"type":"Feature"},{"geometry":{"coordinates":[-90.29582673824656,38.59078572671018],"type":"Point"},"id":"stl-city-public-streetlights:2:114332","properties":{"address":null,"attributes":{"Date_Installed":"2/17/20","LED_Powered":1,"LightID":"L007076","Light_Source":"LED","Light_Type":"Cobra","Lighting_Type":"LED-Powered Lamp","Verification_Date":null},"id":"stl-city-public-streetlights:2:114332","sourceLayerId":2,"sourceObjectId":114332,"sourceURL":"https://maps8.stlouis-mo.gov/arcgis/rest/services/STREETS/Streets_Permitting/MapServer/2","title":"Street light L007076"},"type":"Feature"},{"geometry":{"coordinates":[-90.29629316515106,38.59083232938051],"type":"Point"},"id":"stl-city-public-streetlights:2:114333","properties":{"address":null,"attributes":{"Date_Installed":"2/17/20","LED_Powered":1,"LightID":"L007077","Light_Source":"LED","Light_Type":"Cobra","Lighting_Type":"LED-Powered Lamp","Verification_Date":null},"id":"stl-city-public-streetlights:2:114333","sourceLayerId":2,"sourceObjectId":114333,"sourceURL":"https://maps8.stlouis-mo.gov/arcgis/rest/services/STREETS/Streets_Permitting/MapServer/2","title":"Street light L007077"},"type":"Feature"},{"geometry":{"coordinates":[-90.29678192480675,38.59088619146672],"type":"Point"},"id":"stl-city-public-streetlights:2:114334","properties":{"address":null,"attributes":{"Date_Installed":"2/17/20","LED_Powered":1,"LightID":"L007078","Light_Source":"LED","Light_Type":"Cobra","Lighting_Type":"LED-Powered Lamp","Verification_Date":null},"id":"stl-city-public-streetlights:2:114334","sourceLayerId":2,"sourceObjectId":114334,"sourceURL":"https://maps8.stlouis-mo.gov/arcgis/rest/services/STREETS/Streets_Permitting/MapServer/2","title":"Street light L007078"},"type":"Feature"},{"geometry":{"coordinates":[-90.2971903014597,38.590926229416766],"type":"Point"},"id":"stl-city-public-streetlights:2:114335","properties":{"address":null,"attributes":{"Date_Installed":"2/17/20","LED_Powered":1,"LightID":"L007079","Light_Source":"LED","Light_Type":"Cobra","Lighting_Type":"LED-Powered Lamp","Verification_Date":null},"id":"stl-city-public-streetlights:2:114335","sourceLayerId":2,"sourceObjectId":114335,"sourceURL":"https://maps8.stlouis-mo.gov/arcgis/rest/services/STREETS/Streets_Permitting/MapServer/2","title":"Street light L007079"},"type":"Feature"},{"geometry":{"coordinates":[-90.29764946169597,38.590970823106765],"type":"Point"},"id":"stl-city-public-streetlights:2:114336","properties":{"address":null,"attributes":{"Date_Installed":"2/17/20","LED_Powered":1,"LightID":"L007080","Light_Source":"LED","Light_Type":"Cobra","Lighting_Type":"LED-Powered Lamp","Verification_Date":null},"id":"stl-city-public-streetlights:2:114336","sourceLayerId":2,"sourceObjectId":114336,"sourceURL":"https://maps8.stlouis-mo.gov/arcgis/rest/services/STREETS/Streets_Permitting/MapServer/2","title":"Street light L007080"},"type":"Feature"},{"geometry":{"coordinates":[-90.29806845809435,38.59101504840957],"type":"Point"},"id":"stl-city-public-streetlights:2:114337","properties":{"address":null,"attributes":{"Date_Installed":"2/17/20","LED_Powered":1,"LightID":"L007081","Light_Source":"LED","Light_Type":"Cobra","Lighting_Type":"LED-Powered Lamp","Verification_Date":null},"id":"stl-city-public-streetlights:2:114337","sourceLayerId":2,"sourceObjectId":114337,"sourceURL":"https://maps8.stlouis-mo.gov/arcgis/rest/services/STREETS/Streets_Permitting/MapServer/2","title":"Street light L007081"},"type":"Feature"},{"geometry":{"coordinates":[-90.29853383803012,38.59106233133319],"type":"Point"},"id":"stl-city-public-streetlights:2:114338","properties":{"address":null,"attributes":{"Date_Installed":"2/17/20","LED_Powered":1,"LightID":"L007082","Light_Source":"LED","Light_Type":"Cobra","Lighting_Type":"LED-Powered Lamp","Verification_Date":null},"id":"stl-city-public-streetlights:2:114338","sourceLayerId":2,"sourceObjectId":114338,"sourceURL":"https://maps8.stlouis-mo.gov/arcgis/rest/services/STREETS/Streets_Permitting/MapServer/2","title":"Street light L007082"},"type":"Feature"},{"geometry":{"coordinates":[-90.29897408783617,38.591109271048204],"type":"Point"},"id":"stl-city-public-streetlights:2:114339","properties":{"address":null,"attributes":{"Date_Installed":"2/17/20","LED_Powered":1,"LightID":"L007083","Light_Source":"LED","Light_Type":"Cobra","Lighting_Type":"LED-Powered Lamp","Verification_Date":null},"id":"stl-city-public-streetlights:2:114339","sourceLayerId":2,"sourceObjectId":114339,"sourceURL":"https://maps8.stlouis-mo.gov/arcgis/rest/services/STREETS/Streets_Permitting/MapServer/2","title":"Street light L007083"},"type":"Feature"},{"geometry":{"coordinates":[-90.29944197630928,38.591155600619444],"type":"Point"},"id":"stl-city-public-streetlights:2:114340","properties":{"address":null,"attributes":{"Date_Installed":"2/17/20","LED_Powered":1,"LightID":"L007084","Light_Source":"LED","Light_Type":"Cobra","Lighting_Type":"LED-Powered Lamp","Verification_Date":null},"id":"stl-city-public-streetlights:2:114340","sourceLayerId":2,"sourceObjectId":114340,"sourceURL":"https://maps8.stlouis-mo.gov/arcgis/rest/services/STREETS/Streets_Permitting/MapServer/2","title":"Street light L007084"},"type":"Feature"},{"geometry":{"coordinates":[-90.29985489935244,38.59120016677612],"type":"Point"},"id":"stl-city-public-streetlights:2:114341","properties":{"address":null,"attributes":{"Date_Installed":"2/17/20","LED_Powered":1,"LightID":"L007085","Light_Source":"LED","Light_Type":"Cobra","Lighting_Type":"LED-Powered Lamp","Verification_Date":null},"id":"stl-city-public-streetlights:2:114341","sourceLayerId":2,"sourceObjectId":114341,"sourceURL":"https://maps8.stlouis-mo.gov/arcgis/rest/services/STREETS/Streets_Permitting/MapServer/2","title":"Street light L007085"},"type":"Feature"},{"geometry":{"coordinates":[-90.29990151602411,38.591930491397385],"type":"Point"},"id":"stl-city-public-streetlights:2:114349","properties":{"address":null,"attributes":{"Date_Installed":"2/17/20","LED_Powered":1,"LightID":"L007093","Light_Source":"LED","Light_Type":"Cobra","Lighting_Type":"LED-Powered Lamp","Verification_Date":null},"id":"stl-city-public-streetlights:2:114349","sourceLayerId":2,"sourceObjectId":114349,"sourceURL":"https://maps8.stlouis-mo.gov/arcgis/rest/services/STREETS/Streets_Permitting/MapServer/2","title":"Street light L007093"},"type":"Feature"},{"geometry":{"coordinates":[-90.29996274789559,38.59153551022772],"type":"Point"},"id":"stl-city-public-streetlights:2:114350","properties":{"address":null,"attributes":{"Date_Installed":"2/17/20","LED_Powered":1,"LightID":"L007094","Light_Source":"LED","Light_Type":"Cobra","Lighting_Type":"LED-Powered Lamp","Verification_Date":null},"id":"stl-city-public-streetlights:2:114350","sourceLayerId":2,"sourceObjectId":114350,"sourceURL":"https://maps8.stlouis-mo.gov/arcgis/rest/services/STREETS/Streets_Permitting/MapServer/2","title":"Street light L007094"},"type":"Feature"},{"geometry":{"coordinates":[-90.29686277719796,38.5916820071196],"type":"Point"},"id":"stl-city-public-streetlights:2:114360","properties":{"address":null,"attributes":{"Date_Installed":"2/17/20","LED_Powered":1,"LightID":"L007104","Light_Source":"LED","Light_Type":"Cobra","Lighting_Type":"LED-Powered Lamp","Verification_Date":null},"id":"stl-city-public-streetlights:2:114360","sourceLayerId":2,"sourceObjectId":114360,"sourceURL":"https://maps8.stlouis-mo.gov/arcgis/rest/services/STREETS/Streets_Permitting/MapServer/2","title":"Street light L007104"},"type":"Feature"},{"geometry":{"coordinates":[-90.29691837182156,38.59135316254601],"type":"Point"},"id":"stl-city-public-streetlights:2:114361","properties":{"address":null,"attributes":{"Date_Installed":"2/17/20","LED_Powered":1,"LightID":"L007105","Light_Source":"LED","Light_Type":"Cobra","Lighting_Type":"LED-Powered Lamp","Verification_Date":null},"id":"stl-city-public-streetlights:2:114361","sourceLayerId":2,"sourceObjectId":114361,"sourceURL":"https://maps8.stlouis-mo.gov/arcgis/rest/services/STREETS/Streets_Permitting/MapServer/2","title":"Street light L007105"},"type":"Feature"},{"geometry":{"coordinates":[-90.29697149746886,38.591038361337915],"type":"Point"},"id":"stl-city-public-streetlights:2:114362","properties":{"address":null,"attributes":{"Date_Installed":"2/17/20","LED_Powered":1,"LightID":"L007106","Light_Source":"LED","Light_Type":"Cobra","Lighting_Type":"LED-Powered Lamp","Verification_Date":null},"id":"stl-city-public-streetlights:2:114362","sourceLayerId":2,"sourceObjectId":114362,"sourceURL":"https://maps8.stlouis-mo.gov/arcgis/rest/services/STREETS/Streets_Permitting/MapServer/2","title":"Street light L007106"},"type":"Feature"},{"geometry":{"coordinates":[-90.29703227366227,38.590702613074946],"type":"Point"},"id":"stl-city-public-streetlights:2:114363","properties":{"address":null,"attributes":{"Date_Installed":"2/17/20","LED_Powered":1,"LightID":"L007107","Light_Source":"LED","Light_Type":"Cobra","Lighting_Type":"LED-Powered Lamp","Verification_Date":null},"id":"stl-city-public-streetlights:2:114363","sourceLayerId":2,"sourceObjectId":114363,"sourceURL":"https://maps8.stlouis-mo.gov/arcgis/rest/services/STREETS/Streets_Permitting/MapServer/2","title":"Street light L007107"},"type":"Feature"},{"geometry":{"coordinates":[-90.29709496486088,38.590333497934246],"type":"Point"},"id":"stl-city-public-streetlights:2:114364","properties":{"address":null,"attributes":{"Date_Installed":"2/17/20","LED_Powered":1,"LightID":"L007108","Light_Source":"LED","Light_Type":"Cobra","Lighting_Type":"LED-Powered Lamp","Verification_Date":null},"id":"stl-city-public-streetlights:2:114364","sourceLayerId":2,"sourceObjectId":114364,"sourceURL":"https://maps8.stlouis-mo.gov/arcgis/rest/services/STREETS/Streets_Permitting/MapServer/2","title":"Street light L007108"},"type":"Feature"},{"geometry":{"coordinates":[-90.29106282623611,38.59672211646783],"type":"Point"},"id":"stl-city-public-streetlights:2:118525","properties":{"address":null,"attributes":{"Date_Installed":"9/5/2017","LED_Powered":1,"LightID":"L011250","Light_Source":"LED","Light_Type":"Cobra","Lighting_Type":"LED-Powered Lamp","Verification_Date":null},"id":"stl-city-public-streetlights:2:118525","sourceLayerId":2,"sourceObjectId":118525,"sourceURL":"https://maps8.stlouis-mo.gov/arcgis/rest/services/STREETS/Streets_Permitting/MapServer/2","title":"Street light L011250"},"type":"Feature"},{"geometry":{"coordinates":[-90.29101721407325,38.59700199221074],"type":"Point"},"id":"stl-city-public-streetlights:2:118526","properties":{"address":null,"attributes":{"Date_Installed":"9/5/2017","LED_Powered":1,"LightID":"L011251","Light_Source":"LED","Light_Type":"Cobra","Lighting_Type":"LED-Powered Lamp","Verification_Date":null},"id":"stl-city-public-streetlights:2:118526","sourceLayerId":2,"sourceObjectId":118526,"sourceURL":"https://maps8.stlouis-mo.gov/arcgis/rest/services/STREETS/Streets_Permitting/MapServer/2","title":"Street light L011251"},"type":"Feature"},{"geometry":{"coordinates":[-90.29097403723023,38.597279607418145],"type":"Point"},"id":"stl-city-public-streetlights:2:118527","properties":{"address":null,"attributes":{"Date_Installed":"9/5/2017","LED_Powered":1,"LightID":"L011252","Light_Source":"LED","Light_Type":"Cobra","Lighting_Type":"LED-Powered Lamp","Verification_Date":null},"id":"stl-city-public-streetlights:2:118527","sourceLayerId":2,"sourceObjectId":118527,"sourceURL":"https://maps8.stlouis-mo.gov/arcgis/rest/services/STREETS/Streets_Permitting/MapServer/2","title":"Street light L011252"},"type":"Feature"},{"geometry":{"coordinates":[-90.2909131251103,38.59764735982662],"type":"Point"},"id":"stl-city-public-streetlights:2:118528","properties":{"address":null,"attributes":{"Date_Installed":"9/5/2017","LED_Powered":1,"LightID":"L011253","Light_Source":"LED","Light_Type":"Cobra","Lighting_Type":"LED-Powered Lamp","Verification_Date":null},"id":"stl-city-public-streetlights:2:118528","sourceLayerId":2,"sourceObjectId":118528,"sourceURL":"https://maps8.stlouis-mo.gov/arcgis/rest/services/STREETS/Streets_Permitting/MapServer/2","title":"Street light L011253"},"type":"Feature"},{"geometry":{"coordinates":[-90.29084683262211,38.598040122255966],"type":"Point"},"id":"stl-city-public-streetlights:2:118529","properties":{"address":null,"attributes":{"Date_Installed":"9/5/2017","LED_Powered":1,"LightID":"L011254","Light_Source":"LED","Light_Type":"Cobra","Lighting_Type":"LED-Powered Lamp","Verification_Date":null},"id":"stl-city-public-streetlights:2:118529","sourceLayerId":2,"sourceObjectId":118529,"sourceURL":"https://maps8.stlouis-mo.gov/arcgis/rest/services/STREETS/Streets_Permitting/MapServer/2","title":"Street light L011254"},"type":"Feature"},{"geometry":{"coordinates":[-90.2926466206069,38.59702262462235],"type":"Point"},"id":"stl-city-public-streetlights:2:118530","properties":{"address":null,"attributes":{"Date_Installed":null,"LED_Powered":0,"LightID":"L011255","Light_Source":"LED","Light_Type":"Cobra","Lighting_Type":"LED-Powered Lamp","Verification_Date":null},"id":"stl-city-public-streetlights:2:118530","sourceLayerId":2,"sourceObjectId":118530,"sourceURL":"https://maps8.stlouis-mo.gov/arcgis/rest/services/STREETS/Streets_Permitting/MapServer/2","title":"Street light L011255"},"type":"Feature"},{"geometry":{"coordinates":[-90.29256843158821,38.59750543231661],"type":"Point"},"id":"stl-city-public-streetlights:2:118531","properties":{"address":null,"attributes":{"Date_Installed":null,"LED_Powered":0,"LightID":"L011256","Light_Source":"LED","Light_Type":"Cobra","Lighting_Type":"LED-Powered Lamp","Verification_Date":null},"id":"stl-city-public-streetlights:2:118531","sourceLayerId":2,"sourceObjectId":118531,"sourceURL":"https://maps8.stlouis-mo.gov/arcgis/rest/services/STREETS/Streets_Permitting/MapServer/2","title":"Street light L011256"},"type":"Feature"},{"geometry":{"coordinates":[-90.29247814384222,38.59804371007404],"type":"Point"},"id":"stl-city-public-streetlights:2:118532","properties":{"address":null,"attributes":{"Date_Installed":null,"LED_Powered":0,"LightID":"L011257","Light_Source":"LED","Light_Type":"Cobra","Lighting_Type":"LED-Powered Lamp","Verification_Date":null},"id":"stl-city-public-streetlights:2:118532","sourceLayerId":2,"sourceObjectId":118532,"sourceURL":"https://maps8.stlouis-mo.gov/arcgis/rest/services/STREETS/Streets_Permitting/MapServer/2","title":"Street light L011257"},"type":"Feature"},{"geometry":{"coordinates":[-90.29222510097873,38.59959168813495],"type":"Point"},"id":"stl-city-public-streetlights:2:118533","properties":{"address":null,"attributes":{"Date_Installed":null,"LED_Powered":0,"LightID":"L011258","Light_Source":"LED","Light_Type":"Cobra","Lighting_Type":"LED-Powered Lamp","Verification_Date":null},"id":"stl-city-public-streetlights:2:118533","sourceLayerId":2,"sourceObjectId":118533,"sourceURL":"https://maps8.stlouis-mo.gov/arcgis/rest/services/STREETS/Streets_Permitting/MapServer/2","title":"Street light L011258"},"type":"Feature"},{"geometry":{"coordinates":[-90.29026446019307,38.590302263205764],"type":"Point"},"id":"stl-city-public-streetlights:2:118675","properties":{"address":null,"attributes":{"Date_Installed":null,"LED_Powered":0,"LightID":"L011400","Light_Source":"LED","Light_Type":"Cobra","Lighting_Type":"LED-Powered Lamp","Verification_Date":null},"id":"stl-city-public-streetlights:2:118675","sourceLayerId":2,"sourceObjectId":118675,"sourceURL":"https://maps8.stlouis-mo.gov/arcgis/rest/services/STREETS/Streets_Permitting/MapServer/2","title":"Street light L011400"},"type":"Feature"},{"geometry":{"coordinates":[-90.29073661976726,38.590349231622625],"type":"Point"},"id":"stl-city-public-streetlights:2:118676","properties":{"address":null,"attributes":{"Date_Installed":null,"LED_Powered":0,"LightID":"L011401","Light_Source":"LED","Light_Type":"Cobra","Lighting_Type":"LED-Powered Lamp","Verification_Date":null},"id":"stl-city-public-streetlights:2:118676","sourceLayerId":2,"sourceObjectId":118676,"sourceURL":"https://maps8.stlouis-mo.gov/arcgis/rest/services/STREETS/Streets_Permitting/MapServer/2","title":"Street light L011401"},"type":"Feature"},{"geometry":{"coordinates":[-90.2911689528706,38.59039958382304],"type":"Point"},"id":"stl-city-public-streetlights:2:118677","properties":{"address":null,"attributes":{"Date_Installed":null,"LED_Powered":0,"LightID":"L011402","Light_Source":"LED","Light_Type":"Cobra","Lighting_Type":"LED-Powered Lamp","Verification_Date":null},"id":"stl-city-public-streetlights:2:118677","sourceLayerId":2,"sourceObjectId":118677,"sourceURL":"https://maps8.stlouis-mo.gov/arcgis/rest/services/STREETS/Streets_Permitting/MapServer/2","title":"Street light L011402"},"type":"Feature"},{"geometry":{"coordinates":[-90.29161861056222,38.59044585177569],"type":"Point"},"id":"stl-city-public-streetlights:2:118678","properties":{"address":null,"attributes":{"Date_Installed":null,"LED_Powered":0,"LightID":"L011403","Light_Source":"LED","Light_Type":"Cobra","Lighting_Type":"LED-Powered Lamp","Verification_Date":null},"id":"stl-city-public-streetlights:2:118678","sourceLayerId":2,"sourceObjectId":118678,"sourceURL":"https://maps8.stlouis-mo.gov/arcgis/rest/services/STREETS/Streets_Permitting/MapServer/2","title":"Street light L011403"},"type":"Feature"},{"geometry":{"coordinates":[-90.29142478298586,38.59132801839982],"type":"Point"},"id":"stl-city-public-streetlights:2:118679","properties":{"address":null,"attributes":{"Date_Installed":null,"LED_Powered":0,"LightID":"L011404","Light_Source":"LED","Light_Type":"Cobra","Lighting_Type":"LED-Powered Lamp","Verification_Date":null},"id":"stl-city-public-streetlights:2:118679","sourceLayerId":2,"sourceObjectId":118679,"sourceURL":"https://maps8.stlouis-mo.gov/arcgis/rest/services/STREETS/Streets_Permitting/MapServer/2","title":"Street light L011404"},"type":"Feature"},{"geometry":{"coordinates":[-90.29095783632361,38.59127736749103],"type":"Point"},"id":"stl-city-public-streetlights:2:118680","properties":{"address":null,"attributes":{"Date_Installed":null,"LED_Powered":0,"LightID":"L011405","Light_Source":"LED","Light_Type":"Cobra","Lighting_Type":"LED-Powered Lamp","Verification_Date":null},"id":"stl-city-public-streetlights:2:118680","sourceLayerId":2,"sourceObjectId":118680,"sourceURL":"https://maps8.stlouis-mo.gov/arcgis/rest/services/STREETS/Streets_Permitting/MapServer/2","title":"Street light L011405"},"type":"Feature"},{"geometry":{"coordinates":[-90.29048927684543,38.591228142457325],"type":"Point"},"id":"stl-city-public-streetlights:2:118681","properties":{"address":null,"attributes":{"Date_Installed":null,"LED_Powered":0,"LightID":"L011406","Light_Source":"LED","Light_Type":"Cobra","Lighting_Type":"LED-Powered Lamp","Verification_Date":null},"id":"stl-city-public-streetlights:2:118681","sourceLayerId":2,"sourceObjectId":118681,"sourceURL":"https://maps8.stlouis-mo.gov/arcgis/rest/services/STREETS/Streets_Permitting/MapServer/2","title":"Street light L011406"},"type":"Feature"},{"geometry":{"coordinates":[-90.29004107924916,38.59117966648939],"type":"Point"},"id":"stl-city-public-streetlights:2:118682","properties":{"address":null,"attributes":{"Date_Installed":null,"LED_Powered":0,"LightID":"L011407","Light_Source":"LED","Light_Type":"Cobra","Lighting_Type":"LED-Powered Lamp","Verification_Date":null},"id":"stl-city-public-streetlights:2:118682","sourceLayerId":2,"sourceObjectId":118682,"sourceURL":"https://maps8.stlouis-mo.gov/arcgis/rest/services/STREETS/Streets_Permitting/MapServer/2","title":"Street light L011407"},"type":"Feature"},{"geometry":{"coordinates":[-90.29003356742324,38.59199670107538],"type":"Point"},"id":"stl-city-public-streetlights:2:118693","properties":{"address":null,"attributes":{"Date_Installed":null,"LED_Powered":0,"LightID":"L011418","Light_Source":"LED","Light_Type":"Cobra","Lighting_Type":"LED-Powered Lamp","Verification_Date":null},"id":"stl-city-public-streetlights:2:118693","sourceLayerId":2,"sourceObjectId":118693,"sourceURL":"https://maps8.stlouis-mo.gov/arcgis/rest/services/STREETS/Streets_Permitting/MapServer/2","title":"Street light L011418"},"type":"Feature"},{"geometry":{"coordinates":[-90.29047563652838,38.59204451024606],"type":"Point"},"id":"stl-city-public-streetlights:2:118694","properties":{"address":null,"attributes":{"Date_Installed":null,"LED_Powered":0,"LightID":"L011419","Light_Source":"LED","Light_Type":"Cobra","Lighting_Type":"LED-Powered Lamp","Verification_Date":null},"id":"stl-city-public-streetlights:2:118694","sourceLayerId":2,"sourceObjectId":118694,"sourceURL":"https://maps8.stlouis-mo.gov/arcgis/rest/services/STREETS/Streets_Permitting/MapServer/2","title":"Street light L011419"},"type":"Feature"},{"geometry":{"coordinates":[-90.29092242150122,38.59208964510167],"type":"Point"},"id":"stl-city-public-streetlights:2:118695","properties":{"address":null,"attributes":{"Date_Installed":null,"LED_Powered":0,"LightID":"L011420","Light_Source":"LED","Light_Type":"Cobra","Lighting_Type":"LED-Powered Lamp","Verification_Date":null},"id":"stl-city-public-streetlights:2:118695","sourceLayerId":2,"sourceObjectId":118695,"sourceURL":"https://maps8.stlouis-mo.gov/arcgis/rest/services/STREETS/Streets_Permitting/MapServer/2","title":"Street light L011420"},"type":"Feature"},{"geometry":{"coordinates":[-90.29133777733558,38.592133291597044],"type":"Point"},"id":"stl-city-public-streetlights:2:118696","properties":{"address":null,"attributes":{"Date_Installed":null,"LED_Powered":0,"LightID":"L011421","Light_Source":"LED","Light_Type":"Cobra","Lighting_Type":"LED-Powered Lamp","Verification_Date":null},"id":"stl-city-public-streetlights:2:118696","sourceLayerId":2,"sourceObjectId":118696,"sourceURL":"https://maps8.stlouis-mo.gov/arcgis/rest/services/STREETS/Streets_Permitting/MapServer/2","title":"Street light L011421"},"type":"Feature"},{"geometry":{"coordinates":[-90.2917631553233,38.59239135176565],"type":"Point"},"id":"stl-city-public-streetlights:2:118697","properties":{"address":null,"attributes":{"Date_Installed":null,"LED_Powered":0,"LightID":"L011422","Light_Source":"LED","Light_Type":"Cobra","Lighting_Type":"LED-Powered Lamp","Verification_Date":null},"id":"stl-city-public-streetlights:2:118697","sourceLayerId":2,"sourceObjectId":118697,"sourceURL":"https://maps8.stlouis-mo.gov/arcgis/rest/services/STREETS/Streets_Permitting/MapServer/2","title":"Street light L011422"},"type":"Feature"},{"geometry":{"coordinates":[-90.29168428055077,38.59209707026923],"type":"Point"},"id":"stl-city-public-streetlights:2:118698","properties":{"address":null,"attributes":{"Date_Installed":null,"LED_Powered":0,"LightID":"L011423","Light_Source":"LED","Light_Type":"Cobra","Lighting_Type":"LED-Powered Lamp","Verification_Date":null},"id":"stl-city-public-streetlights:2:118698","sourceLayerId":2,"sourceObjectId":118698,"sourceURL":"https://maps8.stlouis-mo.gov/arcgis/rest/services/STREETS/Streets_Permitting/MapServer/2","title":"Street light L011423"},"type":"Feature"},{"geometry":{"coordinates":[-90.2916723857746,38.59179885751596],"type":"Point"},"id":"stl-city-public-streetlights:2:118699","properties":{"address":null,"attributes":{"Date_Installed":null,"LED_Powered":0,"LightID":"L011424","Light_Source":"LED","Light_Type":"Cobra","Lighting_Type":"LED-Powered Lamp","Verification_Date":null},"id":"stl-city-public-streetlights:2:118699","sourceLayerId":2,"sourceObjectId":118699,"sourceURL":"https://maps8.stlouis-mo.gov/arcgis/rest/services/STREETS/Streets_Permitting/MapServer/2","title":"Street light L011424"},"type":"Feature"},{"geometry":{"coordinates":[-90.29172363274321,38.59148520403754],"type":"Point"},"id":"stl-city-public-streetlights:2:118700","properties":{"address":null,"attributes":{"Date_Installed":"2020-03-24","LED_Powered":1,"LightID":"L011425","Light_Source":"LED","Light_Type":"Cobra","Lighting_Type":"5G Pole - 5G Pole -5G Pole - 2A","Verification_Date":null},"id":"stl-city-public-streetlights:2:118700","sourceLayerId":2,"sourceObjectId":118700,"sourceURL":"https://maps8.stlouis-mo.gov/arcgis/rest/services/STREETS/Streets_Permitting/MapServer/2","title":"Street light L011425"},"type":"Feature"},{"geometry":{"coordinates":[-90.29192510609158,38.59128445418877],"type":"Point"},"id":"stl-city-public-streetlights:2:118701","properties":{"address":null,"attributes":{"Date_Installed":null,"LED_Powered":0,"LightID":"L011426","Light_Source":"LED","Light_Type":"Cobra","Lighting_Type":"LED-Powered Lamp","Verification_Date":null},"id":"stl-city-public-streetlights:2:118701","sourceLayerId":2,"sourceObjectId":118701,"sourceURL":"https://maps8.stlouis-mo.gov/arcgis/rest/services/STREETS/Streets_Permitting/MapServer/2","title":"Street light L011426"},"type":"Feature"},{"geometry":{"coordinates":[-90.29177930970744,38.591162142221634],"type":"Point"},"id":"stl-city-public-streetlights:2:118702","properties":{"address":null,"attributes":{"Date_Installed":null,"LED_Powered":0,"LightID":"L011427","Light_Source":"LED","Light_Type":"Cobra","Lighting_Type":"LED-Powered Lamp","Verification_Date":null},"id":"stl-city-public-streetlights:2:118702","sourceLayerId":2,"sourceObjectId":118702,"sourceURL":"https://maps8.stlouis-mo.gov/arcgis/rest/services/STREETS/Streets_Permitting/MapServer/2","title":"Street light L011427"},"type":"Feature"},{"geometry":{"coordinates":[-90.29183769091868,38.59082305550296],"type":"Point"},"id":"stl-city-public-streetlights:2:118703","properties":{"address":null,"attributes":{"Date_Installed":null,"LED_Powered":0,"LightID":"L011428","Light_Source":"LED","Light_Type":"Cobra","Lighting_Type":"LED-Powered Lamp","Verification_Date":null},"id":"stl-city-public-streetlights:2:118703","sourceLayerId":2,"sourceObjectId":118703,"sourceURL":"https://maps8.stlouis-mo.gov/arcgis/rest/services/STREETS/Streets_Permitting/MapServer/2","title":"Street light L011428"},"type":"Feature"},{"geometry":{"coordinates":[-90.29189222024891,38.59050273388641],"type":"Point"},"id":"stl-city-public-streetlights:2:118704","properties":{"address":null,"attributes":{"Date_Installed":null,"LED_Powered":0,"LightID":"L011429","Light_Source":"LED","Light_Type":"Cobra","Lighting_Type":"LED-Powered Lamp","Verification_Date":null},"id":"stl-city-public-streetlights:2:118704","sourceLayerId":2,"sourceObjectId":118704,"sourceURL":"https://maps8.stlouis-mo.gov/arcgis/rest/services/STREETS/Streets_Permitting/MapServer/2","title":"Street light L011429"},"type":"Feature"},{"geometry":{"coordinates":[-90.29194853531914,38.59019469012942],"type":"Point"},"id":"stl-city-public-streetlights:2:118705","properties":{"address":null,"attributes":{"Date_Installed":null,"LED_Powered":0,"LightID":"L011430","Light_Source":"LED","Light_Type":"Cobra","Lighting_Type":"LED-Powered Lamp","Verification_Date":null},"id":"stl-city-public-streetlights:2:118705","sourceLayerId":2,"sourceObjectId":118705,"sourceURL":"https://maps8.stlouis-mo.gov/arcgis/rest/services/STREETS/Streets_Permitting/MapServer/2","title":"Street light L011430"},"type":"Feature"},{"geometry":{"coordinates":[-90.294570036786,38.5900684591611],"type":"Point"},"id":"stl-city-public-streetlights:2:118734","properties":{"address":null,"attributes":{"Date_Installed":"2/17/20","LED_Powered":1,"LightID":"L011459","Light_Source":"LED","Light_Type":"Cobra","Lighting_Type":"LED-Powered Lamp","Verification_Date":null},"id":"stl-city-public-streetlights:2:118734","sourceLayerId":2,"sourceObjectId":118734,"sourceURL":"https://maps8.stlouis-mo.gov/arcgis/rest/services/STREETS/Streets_Permitting/MapServer/2","title":"Street light L011459"},"type":"Feature"},{"geometry":{"coordinates":[-90.29462005662496,38.590580401786966],"type":"Point"},"id":"stl-city-public-streetlights:2:118735","properties":{"address":null,"attributes":{"Date_Installed":"2/17/20","LED_Powered":1,"LightID":"L011460","Light_Source":"LED","Light_Type":"Cobra","Lighting_Type":"LED-Powered Lamp","Verification_Date":null},"id":"stl-city-public-streetlights:2:118735","sourceLayerId":2,"sourceObjectId":118735,"sourceURL":"https://maps8.stlouis-mo.gov/arcgis/rest/services/STREETS/Streets_Permitting/MapServer/2","title":"Street light L011460"},"type":"Feature"},{"geometry":{"coordinates":[-90.29466392265785,38.591174002603296],"type":"Point"},"id":"stl-city-public-streetlights:2:118736","properties":{"address":null,"attributes":{"Date_Installed":"2/17/20","LED_Powered":1,"LightID":"L011461","Light_Source":"LED","Light_Type":"Cobra","Lighting_Type":"LED-Powered Lamp","Verification_Date":null},"id":"stl-city-public-streetlights:2:118736","sourceLayerId":2,"sourceObjectId":118736,"sourceURL":"https://maps8.stlouis-mo.gov/arcgis/rest/services/STREETS/Streets_Permitting/MapServer/2","title":"Street light L011461"},"type":"Feature"},{"geometry":{"coordinates":[-90.29466487154028,38.59180042161802],"type":"Point"},"id":"stl-city-public-streetlights:2:118737","properties":{"address":null,"attributes":{"Date_Installed":"2/17/20","LED_Powered":1,"LightID":"L011462","Light_Source":"LED","Light_Type":"Cobra","Lighting_Type":"LED-Powered Lamp","Verification_Date":null},"id":"stl-city-public-streetlights:2:118737","sourceLayerId":2,"sourceObjectId":118737,"sourceURL":"https://maps8.stlouis-mo.gov/arcgis/rest/services/STREETS/Streets_Permitting/MapServer/2","title":"Street light L011462"},"type":"Feature"},{"geometry":{"coordinates":[-90.29462556567185,38.59227135795704],"type":"Point"},"id":"stl-city-public-streetlights:2:118738","properties":{"address":null,"attributes":{"Date_Installed":"2/17/20","LED_Powered":1,"LightID":"L011463","Light_Source":"LED","Light_Type":"Cobra","Lighting_Type":"LED-Powered Lamp","Verification_Date":null},"id":"stl-city-public-streetlights:2:118738","sourceLayerId":2,"sourceObjectId":118738,"sourceURL":"https://maps8.stlouis-mo.gov/arcgis/rest/services/STREETS/Streets_Permitting/MapServer/2","title":"Street light L011463"},"type":"Feature"},{"geometry":{"coordinates":[-90.29455008365039,38.59275414871337],"type":"Point"},"id":"stl-city-public-streetlights:2:118739","properties":{"address":null,"attributes":{"Date_Installed":"2/17/20","LED_Powered":1,"LightID":"L011464","Light_Source":"LED","Light_Type":"Cobra","Lighting_Type":"LED-Powered Lamp","Verification_Date":null},"id":"stl-city-public-streetlights:2:118739","sourceLayerId":2,"sourceObjectId":118739,"sourceURL":"https://maps8.stlouis-mo.gov/arcgis/rest/services/STREETS/Streets_Permitting/MapServer/2","title":"Street light L011464"},"type":"Feature"},{"geometry":{"coordinates":[-90.29442459430823,38.59330526117106],"type":"Point"},"id":"stl-city-public-streetlights:2:118740","properties":{"address":null,"attributes":{"Date_Installed":"2/17/20","LED_Powered":1,"LightID":"L011465","Light_Source":"LED","Light_Type":"Cobra","Lighting_Type":"LED-Powered Lamp","Verification_Date":null},"id":"stl-city-public-streetlights:2:118740","sourceLayerId":2,"sourceObjectId":118740,"sourceURL":"https://maps8.stlouis-mo.gov/arcgis/rest/services/STREETS/Streets_Permitting/MapServer/2","title":"Street light L011465"},"type":"Feature"},{"geometry":{"coordinates":[-90.29421827172541,38.593929631019854],"type":"Point"},"id":"stl-city-public-streetlights:2:118741","properties":{"address":null,"attributes":{"Date_Installed":null,"LED_Powered":0,"LightID":"L011466","Light_Source":"LED","Light_Type":"Cobra","Lighting_Type":"400-W High Pressure Sodium Vapor Lamp","Verification_Date":null},"id":"stl-city-public-streetlights:2:118741","sourceLayerId":2,"sourceObjectId":118741,"sourceURL":"https://maps8.stlouis-mo.gov/arcgis/rest/services/STREETS/Streets_Permitting/MapServer/2","title":"Street light L011466"},"type":"Feature"},{"geometry":{"coordinates":[-90.29398344369936,38.594478405552394],"type":"Point"},"id":"stl-city-public-streetlights:2:118742","properties":{"address":null,"attributes":{"Date_Installed":null,"LED_Powered":0,"LightID":"L011467","Light_Source":"LED","Light_Type":"Cobra","Lighting_Type":"400-W High Pressure Sodium Vapor Lamp","Verification_Date":null},"id":"stl-city-public-streetlights:2:118742","sourceLayerId":2,"sourceObjectId":118742,"sourceURL":"https://maps8.stlouis-mo.gov/arcgis/rest/services/STREETS/Streets_Permitting/MapServer/2","title":"Street light L011467"},"type":"Feature"},{"geometry":{"coordinates":[-90.29372201813935,38.594980890550694],"type":"Point"},"id":"stl-city-public-streetlights:2:118743","properties":{"address":null,"attributes":{"Date_Installed":null,"LED_Powered":0,"LightID":"L011468","Light_Source":"LED","Light_Type":"Cobra","Lighting_Type":"400-W High Pressure Sodium Vapor Lamp","Verification_Date":null},"id":"stl-city-public-streetlights:2:118743","sourceLayerId":2,"sourceObjectId":118743,"sourceURL":"https://maps8.stlouis-mo.gov/arcgis/rest/services/STREETS/Streets_Permitting/MapServer/2","title":"Street light L011468"},"type":"Feature"},{"geometry":{"coordinates":[-90.29344695729449,38.595434804232326],"type":"Point"},"id":"stl-city-public-streetlights:2:118744","properties":{"address":null,"attributes":{"Date_Installed":null,"LED_Powered":0,"LightID":"L011469","Light_Source":"LED","Light_Type":"Cobra","Lighting_Type":"400-W High Pressure Sodium Vapor Lamp","Verification_Date":null},"id":"stl-city-public-streetlights:2:118744","sourceLayerId":2,"sourceObjectId":118744,"sourceURL":"https://maps8.stlouis-mo.gov/arcgis/rest/services/STREETS/Streets_Permitting/MapServer/2","title":"Street light L011469"},"type":"Feature"},{"geometry":{"coordinates":[-90.2931819879531,38.59589957284928],"type":"Point"},"id":"stl-city-public-streetlights:2:118978","properties":{"address":null,"attributes":{"Date_Installed":null,"LED_Powered":0,"LightID":"L011703","Light_Source":"LED","Light_Type":"Cobra","Lighting_Type":"400-W High Pressure Sodium Vapor Lamp","Verification_Date":null},"id":"stl-city-public-streetlights:2:118978","sourceLayerId":2,"sourceObjectId":118978,"sourceURL":"https://maps8.stlouis-mo.gov/arcgis/rest/services/STREETS/Streets_Permitting/MapServer/2","title":"Street light L011703"},"type":"Feature"},{"geometry":{"coordinates":[-90.2929993480934,38.596356428855294],"type":"Point"},"id":"stl-city-public-streetlights:2:118979","properties":{"address":null,"attributes":{"Date_Installed":null,"LED_Powered":0,"LightID":"L011704","Light_Source":"LED","Light_Type":"Cobra","Lighting_Type":"400-W High Pressure Sodium Vapor Lamp","Verification_Date":null},"id":"stl-city-public-streetlights:2:118979","sourceLayerId":2,"sourceObjectId":118979,"sourceURL":"https://maps8.stlouis-mo.gov/arcgis/rest/services/STREETS/Streets_Permitting/MapServer/2","title":"Street light L011704"},"type":"Feature"},{"geometry":{"coordinates":[-90.2927222983968,38.596583575238554],"type":"Point"},"id":"stl-city-public-streetlights:2:118980","properties":{"address":null,"attributes":{"Date_Installed":null,"LED_Powered":0,"LightID":"L011705","Light_Source":"LED","Light_Type":"Cobra","Lighting_Type":"LED-Powered Lamp","Verification_Date":null},"id":"stl-city-public-streetlights:2:118980","sourceLayerId":2,"sourceObjectId":118980,"sourceURL":"https://maps8.stlouis-mo.gov/arcgis/rest/services/STREETS/Streets_Permitting/MapServer/2","title":"Street light L011705"},"type":"Feature"},{"geometry":{"coordinates":[-90.29287498511579,38.59608697857839],"type":"Point"},"id":"stl-city-public-streetlights:2:118981","properties":{"address":null,"attributes":{"Date_Installed":null,"LED_Powered":0,"LightID":"L011706","Light_Source":"LED","Light_Type":"Cobra","Lighting_Type":"LED-Powered Lamp","Verification_Date":null},"id":"stl-city-public-streetlights:2:118981","sourceLayerId":2,"sourceObjectId":118981,"sourceURL":"https://maps8.stlouis-mo.gov/arcgis/rest/services/STREETS/Streets_Permitting/MapServer/2","title":"Street light L011706"},"type":"Feature"},{"geometry":{"coordinates":[-90.29310751657057,38.59560201198738],"type":"Point"},"id":"stl-city-public-streetlights:2:118982","properties":{"address":null,"attributes":{"Date_Installed":null,"LED_Powered":0,"LightID":"L011707","Light_Source":"LED","Light_Type":"Cobra","Lighting_Type":"LED-Powered Lamp","Verification_Date":null},"id":"stl-city-public-streetlights:2:118982","sourceLayerId":2,"sourceObjectId":118982,"sourceURL":"https://maps8.stlouis-mo.gov/arcgis/rest/services/STREETS/Streets_Permitting/MapServer/2","title":"Street light L011707"},"type":"Feature"},{"geometry":{"coordinates":[-90.29336786355606,38.59519574589595],"type":"Point"},"id":"stl-city-public-streetlights:2:118983","properties":{"address":null,"attributes":{"Date_Installed":null,"LED_Powered":0,"LightID":"L011708","Light_Source":"LED","Light_Type":"Cobra","Lighting_Type":"LED-Powered Lamp","Verification_Date":null},"id":"stl-city-public-streetlights:2:118983","sourceLayerId":2,"sourceObjectId":118983,"sourceURL":"https://maps8.stlouis-mo.gov/arcgis/rest/services/STREETS/Streets_Permitting/MapServer/2","title":"Street light L011708"},"type":"Feature"},{"geometry":{"coordinates":[-90.29366702582493,38.59466853826845],"type":"Point"},"id":"stl-city-public-streetlights:2:118984","properties":{"address":null,"attributes":{"Date_Installed":null,"LED_Powered":0,"LightID":"L011709","Light_Source":"LED","Light_Type":"Cobra","Lighting_Type":"LED-Powered Lamp","Verification_Date":null},"id":"stl-city-public-streetlights:2:118984","sourceLayerId":2,"sourceObjectId":118984,"sourceURL":"https://maps8.stlouis-mo.gov/arcgis/rest/services/STREETS/Streets_Permitting/MapServer/2","title":"Street light L011709"},"type":"Feature"},{"geometry":{"coordinates":[-90.29389883470235,38.59416743093684],"type":"Point"},"id":"stl-city-public-streetlights:2:118985","properties":{"address":null,"attributes":{"Date_Installed":null,"LED_Powered":0,"LightID":"L011710","Light_Source":"LED","Light_Type":"Cobra","Lighting_Type":"LED-Powered Lamp","Verification_Date":null},"id":"stl-city-public-streetlights:2:118985","sourceLayerId":2,"sourceObjectId":118985,"sourceURL":"https://maps8.stlouis-mo.gov/arcgis/rest/services/STREETS/Streets_Permitting/MapServer/2","title":"Street light L011710"},"type":"Feature"},{"geometry":{"coordinates":[-90.29409020433913,38.593680554599665],"type":"Point"},"id":"stl-city-public-streetlights:2:118986","properties":{"address":null,"attributes":{"Date_Installed":null,"LED_Powered":0,"LightID":"L011711","Light_Source":"LED","Light_Type":"Cobra","Lighting_Type":"LED-Powered Lamp","Verification_Date":null},"id":"stl-city-public-streetlights:2:118986","sourceLayerId":2,"sourceObjectId":118986,"sourceURL":"https://maps8.stlouis-mo.gov/arcgis/rest/services/STREETS/Streets_Permitting/MapServer/2","title":"Street light L011711"},"type":"Feature"},{"geometry":{"coordinates":[-90.29428881362416,38.59299252931888],"type":"Point"},"id":"stl-city-public-streetlights:2:118987","properties":{"address":null,"attributes":{"Date_Installed":"2/17/20","LED_Powered":1,"LightID":"L011712","Light_Source":"LED","Light_Type":"Cobra","Lighting_Type":"LED-Powered Lamp","Verification_Date":null},"id":"stl-city-public-streetlights:2:118987","sourceLayerId":2,"sourceObjectId":118987,"sourceURL":"https://maps8.stlouis-mo.gov/arcgis/rest/services/STREETS/Streets_Permitting/MapServer/2","title":"Street light L011712"},"type":"Feature"},{"geometry":{"coordinates":[-90.29438450960066,38.592472827572756],"type":"Point"},"id":"stl-city-public-streetlights:2:118988","properties":{"address":null,"attributes":{"Date_Installed":"2/17/20","LED_Powered":1,"LightID":"L011713","Light_Source":"LED","Light_Type":"Cobra","Lighting_Type":"LED-Powered Lamp","Verification_Date":null},"id":"stl-city-public-streetlights:2:118988","sourceLayerId":2,"sourceObjectId":118988,"sourceURL":"https://maps8.stlouis-mo.gov/arcgis/rest/services/STREETS/Streets_Permitting/MapServer/2","title":"Street light L011713"},"type":"Feature"},{"geometry":{"coordinates":[-90.2944460584617,38.591849021105446],"type":"Point"},"id":"stl-city-public-streetlights:2:118989","properties":{"address":null,"attributes":{"Date_Installed":"2/17/20","LED_Powered":1,"LightID":"L011714","Light_Source":"LED","Light_Type":"Cobra","Lighting_Type":"LED-Powered Lamp","Verification_Date":null},"id":"stl-city-public-streetlights:2:118989","sourceLayerId":2,"sourceObjectId":118989,"sourceURL":"https://maps8.stlouis-mo.gov/arcgis/rest/services/STREETS/Streets_Permitting/MapServer/2","title":"Street light L011714"},"type":"Feature"},{"geometry":{"coordinates":[-90.29446097104606,38.59141248596591],"type":"Point"},"id":"stl-city-public-streetlights:2:118990","properties":{"address":null,"attributes":{"Date_Installed":"2/17/20","LED_Powered":1,"LightID":"L011715","Light_Source":"LED","Light_Type":"Cobra","Lighting_Type":"LED-Powered Lamp","Verification_Date":null},"id":"stl-city-public-streetlights:2:118990","sourceLayerId":2,"sourceObjectId":118990,"sourceURL":"https://maps8.stlouis-mo.gov/arcgis/rest/services/STREETS/Streets_Permitting/MapServer/2","title":"Street light L011715"},"type":"Feature"},{"geometry":{"coordinates":[-90.29443666899371,38.59093470370264],"type":"Point"},"id":"stl-city-public-streetlights:2:118991","properties":{"address":null,"attributes":{"Date_Installed":"2/17/20","LED_Powered":1,"LightID":"L011716","Light_Source":"LED","Light_Type":"Cobra","Lighting_Type":"LED-Powered Lamp","Verification_Date":null},"id":"stl-city-public-streetlights:2:118991","sourceLayerId":2,"sourceObjectId":118991,"sourceURL":"https://maps8.stlouis-mo.gov/arcgis/rest/services/STREETS/Streets_Permitting/MapServer/2","title":"Street light L011716"},"type":"Feature"},{"geometry":{"coordinates":[-90.29439999759458,38.59042841599068],"type":"Point"},"id":"stl-city-public-streetlights:2:118992","properties":{"address":null,"attributes":{"Date_Installed":"2/17/20","LED_Powered":1,"LightID":"L011717","Light_Source":"LED","Light_Type":"Cobra","Lighting_Type":"LED-Powered Lamp","Verification_Date":null},"id":"stl-city-public-streetlights:2:118992","sourceLayerId":2,"sourceObjectId":118992,"sourceURL":"https://maps8.stlouis-mo.gov/arcgis/rest/services/STREETS/Streets_Permitting/MapServer/2","title":"Street light L011717"},"type":"Feature"},{"geometry":{"coordinates":[-90.29429146707334,38.59062573895291],"type":"Point"},"id":"stl-city-public-streetlights:2:118995","properties":{"address":null,"attributes":{"Date_Installed":"2/17/20","LED_Powered":1,"LightID":"L011720","Light_Source":"LED","Light_Type":"Cobra","Lighting_Type":"LED-Powered Lamp","Verification_Date":null},"id":"stl-city-public-streetlights:2:118995","sourceLayerId":2,"sourceObjectId":118995,"sourceURL":"https://maps8.stlouis-mo.gov/arcgis/rest/services/STREETS/Streets_Permitting/MapServer/2","title":"Street light L011720"},"type":"Feature"},{"geometry":{"coordinates":[-90.29387792862855,38.59058639711127],"type":"Point"},"id":"stl-city-public-streetlights:2:118996","properties":{"address":null,"attributes":{"Date_Installed":"2/17/20","LED_Powered":1,"LightID":"L011721","Light_Source":"LED","Light_Type":"Cobra","Lighting_Type":"LED-Powered Lamp","Verification_Date":null},"id":"stl-city-public-streetlights:2:118996","sourceLayerId":2,"sourceObjectId":118996,"sourceURL":"https://maps8.stlouis-mo.gov/arcgis/rest/services/STREETS/Streets_Permitting/MapServer/2","title":"Street light L011721"},"type":"Feature"},{"geometry":{"coordinates":[-90.2934625800005,38.590542401983164],"type":"Point"},"id":"stl-city-public-streetlights:2:118997","properties":{"address":null,"attributes":{"Date_Installed":"2/17/20","LED_Powered":1,"LightID":"L011722","Light_Source":"LED","Light_Type":"Cobra","Lighting_Type":"LED-Powered Lamp","Verification_Date":null},"id":"stl-city-public-streetlights:2:118997","sourceLayerId":2,"sourceObjectId":118997,"sourceURL":"https://maps8.stlouis-mo.gov/arcgis/rest/services/STREETS/Streets_Permitting/MapServer/2","title":"Street light L011722"},"type":"Feature"},{"geometry":{"coordinates":[-90.29312708356615,38.59048638984196],"type":"Point"},"id":"stl-city-public-streetlights:2:118998","properties":{"address":null,"attributes":{"Date_Installed":"2/17/20","LED_Powered":1,"LightID":"L011723","Light_Source":"LED","Light_Type":"Cobra","Lighting_Type":"LED-Powered Lamp","Verification_Date":null},"id":"stl-city-public-streetlights:2:118998","sourceLayerId":2,"sourceObjectId":118998,"sourceURL":"https://maps8.stlouis-mo.gov/arcgis/rest/services/STREETS/Streets_Permitting/MapServer/2","title":"Street light L011723"},"type":"Feature"},{"geometry":{"coordinates":[-90.29308117125618,38.590187162960305],"type":"Point"},"id":"stl-city-public-streetlights:2:118999","properties":{"address":null,"attributes":{"Date_Installed":"2/17/20","LED_Powered":1,"LightID":"L011724","Light_Source":"LED","Light_Type":"Cobra","Lighting_Type":"LED-Powered Lamp","Verification_Date":null},"id":"stl-city-public-streetlights:2:118999","sourceLayerId":2,"sourceObjectId":118999,"sourceURL":"https://maps8.stlouis-mo.gov/arcgis/rest/services/STREETS/Streets_Permitting/MapServer/2","title":"Street light L011724"},"type":"Feature"},{"geometry":{"coordinates":[-90.29482206270315,38.591676996887735],"type":"Point"},"id":"stl-city-public-streetlights:2:119004","properties":{"address":null,"attributes":{"Date_Installed":"2/17/20","LED_Powered":1,"LightID":"L011729","Light_Source":"LED","Light_Type":"Cobra","Lighting_Type":"LED-Powered Lamp","Verification_Date":null},"id":"stl-city-public-streetlights:2:119004","sourceLayerId":2,"sourceObjectId":119004,"sourceURL":"https://maps8.stlouis-mo.gov/arcgis/rest/services/STREETS/Streets_Permitting/MapServer/2","title":"Street light L011729"},"type":"Feature"},{"geometry":{"coordinates":[-90.29531210252733,38.59173077185812],"type":"Point"},"id":"stl-city-public-streetlights:2:119005","properties":{"address":null,"attributes":{"Date_Installed":"2/17/20","LED_Powered":1,"LightID":"L011730","Light_Source":"LED","Light_Type":"Cobra","Lighting_Type":"LED-Powered Lamp","Verification_Date":null},"id":"stl-city-public-streetlights:2:119005","sourceLayerId":2,"sourceObjectId":119005,"sourceURL":"https://maps8.stlouis-mo.gov/arcgis/rest/services/STREETS/Streets_Permitting/MapServer/2","title":"Street light L011730"},"type":"Feature"},{"geometry":{"coordinates":[-90.29579560027976,38.59177881176373],"type":"Point"},"id":"stl-city-public-streetlights:2:119006","properties":{"address":null,"attributes":{"Date_Installed":"2/17/20","LED_Powered":1,"LightID":"L011731","Light_Source":"LED","Light_Type":"Cobra","Lighting_Type":"LED-Powered Lamp","Verification_Date":null},"id":"stl-city-public-streetlights:2:119006","sourceLayerId":2,"sourceObjectId":119006,"sourceURL":"https://maps8.stlouis-mo.gov/arcgis/rest/services/STREETS/Streets_Permitting/MapServer/2","title":"Street light L011731"},"type":"Feature"},{"geometry":{"coordinates":[-90.29627836862703,38.59182684930341],"type":"Point"},"id":"stl-city-public-streetlights:2:119007","properties":{"address":null,"attributes":{"Date_Installed":"2/17/20","LED_Powered":1,"LightID":"L011732","Light_Source":"LED","Light_Type":"Cobra","Lighting_Type":"LED-Powered Lamp","Verification_Date":null},"id":"stl-city-public-streetlights:2:119007","sourceLayerId":2,"sourceObjectId":119007,"sourceURL":"https://maps8.stlouis-mo.gov/arcgis/rest/services/STREETS/Streets_Permitting/MapServer/2","title":"Street light L011732"},"type":"Feature"},{"geometry":{"coordinates":[-90.29673964750144,38.59187055655883],"type":"Point"},"id":"stl-city-public-streetlights:2:119008","properties":{"address":null,"attributes":{"Date_Installed":"2/17/20","LED_Powered":1,"LightID":"L011733","Light_Source":"LED","Light_Type":"Cobra","Lighting_Type":"LED-Powered Lamp","Verification_Date":null},"id":"stl-city-public-streetlights:2:119008","sourceLayerId":2,"sourceObjectId":119008,"sourceURL":"https://maps8.stlouis-mo.gov/arcgis/rest/services/STREETS/Streets_Permitting/MapServer/2","title":"Street light L011733"},"type":"Feature"},{"geometry":{"coordinates":[-90.29714042234099,38.59191558686475],"type":"Point"},"id":"stl-city-public-streetlights:2:119009","properties":{"address":null,"attributes":{"Date_Installed":"2/17/20","LED_Powered":1,"LightID":"L011734","Light_Source":"LED","Light_Type":"Cobra","Lighting_Type":"LED-Powered Lamp","Verification_Date":null},"id":"stl-city-public-streetlights:2:119009","sourceLayerId":2,"sourceObjectId":119009,"sourceURL":"https://maps8.stlouis-mo.gov/arcgis/rest/services/STREETS/Streets_Permitting/MapServer/2","title":"Street light L011734"},"type":"Feature"},{"geometry":{"coordinates":[-90.29761663348849,38.59196360751908],"type":"Point"},"id":"stl-city-public-streetlights:2:119010","properties":{"address":null,"attributes":{"Date_Installed":"2/17/20","LED_Powered":1,"LightID":"L011735","Light_Source":"LED","Light_Type":"Cobra","Lighting_Type":"LED-Powered Lamp","Verification_Date":null},"id":"stl-city-public-streetlights:2:119010","sourceLayerId":2,"sourceObjectId":119010,"sourceURL":"https://maps8.stlouis-mo.gov/arcgis/rest/services/STREETS/Streets_Permitting/MapServer/2","title":"Street light L011735"},"type":"Feature"},{"geometry":{"coordinates":[-90.29804837261817,38.59201440985519],"type":"Point"},"id":"stl-city-public-streetlights:2:119011","properties":{"address":null,"attributes":{"Date_Installed":"2/17/20","LED_Powered":1,"LightID":"L011736","Light_Source":"LED","Light_Type":"Cobra","Lighting_Type":"LED-Powered Lamp","Verification_Date":null},"id":"stl-city-public-streetlights:2:119011","sourceLayerId":2,"sourceObjectId":119011,"sourceURL":"https://maps8.stlouis-mo.gov/arcgis/rest/services/STREETS/Streets_Permitting/MapServer/2","title":"Street light L011736"},"type":"Feature"},{"geometry":{"coordinates":[-90.29841230551939,38.59204983803195],"type":"Point"},"id":"stl-city-public-streetlights:2:119012","properties":{"address":null,"attributes":{"Date_Installed":"2/17/20","LED_Powered":1,"LightID":"L011737","Light_Source":"LED","Light_Type":"Cobra","Lighting_Type":"LED-Powered Lamp","Verification_Date":null},"id":"stl-city-public-streetlights:2:119012","sourceLayerId":2,"sourceObjectId":119012,"sourceURL":"https://maps8.stlouis-mo.gov/arcgis/rest/services/STREETS/Streets_Permitting/MapServer/2","title":"Street light L011737"},"type":"Feature"},{"geometry":{"coordinates":[-90.2988462088802,38.59208729255752],"type":"Point"},"id":"stl-city-public-streetlights:2:119013","properties":{"address":null,"attributes":{"Date_Installed":"2/17/20","LED_Powered":1,"LightID":"L011738","Light_Source":"LED","Light_Type":"Cobra","Lighting_Type":"LED-Powered Lamp","Verification_Date":null},"id":"stl-city-public-streetlights:2:119013","sourceLayerId":2,"sourceObjectId":119013,"sourceURL":"https://maps8.stlouis-mo.gov/arcgis/rest/services/STREETS/Streets_Permitting/MapServer/2","title":"Street light L011738"},"type":"Feature"},{"geometry":{"coordinates":[-90.29929010821454,38.592134773388324],"type":"Point"},"id":"stl-city-public-streetlights:2:119014","properties":{"address":null,"attributes":{"Date_Installed":"2/17/20","LED_Powered":1,"LightID":"L011739","Light_Source":"LED","Light_Type":"Cobra","Lighting_Type":"LED-Powered Lamp","Verification_Date":null},"id":"stl-city-public-streetlights:2:119014","sourceLayerId":2,"sourceObjectId":119014,"sourceURL":"https://maps8.stlouis-mo.gov/arcgis/rest/services/STREETS/Streets_Permitting/MapServer/2","title":"Street light L011739"},"type":"Feature"},{"geometry":{"coordinates":[-90.29970473476489,38.59218048713376],"type":"Point"},"id":"stl-city-public-streetlights:2:119015","properties":{"address":null,"attributes":{"Date_Installed":"2/17/20","LED_Powered":1,"LightID":"L011740","Light_Source":"LED","Light_Type":"Cobra","Lighting_Type":"LED-Powered Lamp","Verification_Date":null},"id":"stl-city-public-streetlights:2:119015","sourceLayerId":2,"sourceObjectId":119015,"sourceURL":"https://maps8.stlouis-mo.gov/arcgis/rest/services/STREETS/Streets_Permitting/MapServer/2","title":"Street light L011740"},"type":"Feature"},{"geometry":{"coordinates":[-90.29983500780837,38.5922568160112],"type":"Point"},"id":"stl-city-public-streetlights:2:119019","properties":{"address":null,"attributes":{"Date_Installed":"2/17/20","LED_Powered":1,"LightID":"L011744","Light_Source":"LED","Light_Type":"Cobra","Lighting_Type":"LED-Powered Lamp","Verification_Date":null},"id":"stl-city-public-streetlights:2:119019","sourceLayerId":2,"sourceObjectId":119019,"sourceURL":"https://maps8.stlouis-mo.gov/arcgis/rest/services/STREETS/Streets_Permitting/MapServer/2","title":"Street light L011744"},"type":"Feature"},{"geometry":{"coordinates":[-90.29978526477372,38.592561001772275],"type":"Point"},"id":"stl-city-public-streetlights:2:119020","properties":{"address":null,"attributes":{"Date_Installed":"2/17/20","LED_Powered":1,"LightID":"L011745","Light_Source":"LED","Light_Type":"Cobra","Lighting_Type":"LED-Powered Lamp","Verification_Date":null},"id":"stl-city-public-streetlights:2:119020","sourceLayerId":2,"sourceObjectId":119020,"sourceURL":"https://maps8.stlouis-mo.gov/arcgis/rest/services/STREETS/Streets_Permitting/MapServer/2","title":"Street light L011745"},"type":"Feature"},{"geometry":{"coordinates":[-90.29986323040954,38.59292153905555],"type":"Point"},"id":"stl-city-public-streetlights:2:119021","properties":{"address":null,"attributes":{"Date_Installed":"2/17/20","LED_Powered":1,"LightID":"L011746","Light_Source":"LED","Light_Type":"Cobra","Lighting_Type":"LED-Powered Lamp","Verification_Date":null},"id":"stl-city-public-streetlights:2:119021","sourceLayerId":2,"sourceObjectId":119021,"sourceURL":"https://maps8.stlouis-mo.gov/arcgis/rest/services/STREETS/Streets_Permitting/MapServer/2","title":"Street light L011746"},"type":"Feature"},{"geometry":{"coordinates":[-90.2999238471926,38.59534127548158],"type":"Point"},"id":"stl-city-public-streetlights:2:119029","properties":{"address":null,"attributes":{"Date_Installed":null,"LED_Powered":0,"LightID":"L011754","Light_Source":"LED","Light_Type":"Cobra","Lighting_Type":"LED-Powered Lamp","Verification_Date":null},"id":"stl-city-public-streetlights:2:119029","sourceLayerId":2,"sourceObjectId":119029,"sourceURL":"https://maps8.stlouis-mo.gov/arcgis/rest/services/STREETS/Streets_Permitting/MapServer/2","title":"Street light L011754"},"type":"Feature"},{"geometry":{"coordinates":[-90.29984746520185,38.59561281841479],"type":"Point"},"id":"stl-city-public-streetlights:2:119030","properties":{"address":null,"attributes":{"Date_Installed":null,"LED_Powered":0,"LightID":"L011755","Light_Source":"LED","Light_Type":"Cobra","Lighting_Type":"LED-Powered Lamp","Verification_Date":null},"id":"stl-city-public-streetlights:2:119030","sourceLayerId":2,"sourceObjectId":119030,"sourceURL":"https://maps8.stlouis-mo.gov/arcgis/rest/services/STREETS/Streets_Permitting/MapServer/2","title":"Street light L011755"},"type":"Feature"},{"geometry":{"coordinates":[-90.29974540899751,38.59594164411849],"type":"Point"},"id":"stl-city-public-streetlights:2:119031","properties":{"address":null,"attributes":{"Date_Installed":null,"LED_Powered":0,"LightID":"L011756","Light_Source":"LED","Light_Type":"Cobra","Lighting_Type":"LED-Powered Lamp","Verification_Date":null},"id":"stl-city-public-streetlights:2:119031","sourceLayerId":2,"sourceObjectId":119031,"sourceURL":"https://maps8.stlouis-mo.gov/arcgis/rest/services/STREETS/Streets_Permitting/MapServer/2","title":"Street light L011756"},"type":"Feature"},{"geometry":{"coordinates":[-90.29964976898563,38.596256834815975],"type":"Point"},"id":"stl-city-public-streetlights:2:119032","properties":{"address":null,"attributes":{"Date_Installed":null,"LED_Powered":0,"LightID":"L011757","Light_Source":"LED","Light_Type":"Cobra","Lighting_Type":"LED-Powered Lamp","Verification_Date":null},"id":"stl-city-public-streetlights:2:119032","sourceLayerId":2,"sourceObjectId":119032,"sourceURL":"https://maps8.stlouis-mo.gov/arcgis/rest/services/STREETS/Streets_Permitting/MapServer/2","title":"Street light L011757"},"type":"Feature"},{"geometry":{"coordinates":[-90.2995651002558,38.59655845688493],"type":"Point"},"id":"stl-city-public-streetlights:2:119033","properties":{"address":null,"attributes":{"Date_Installed":null,"LED_Powered":0,"LightID":"L011758","Light_Source":"LED","Light_Type":"Cobra","Lighting_Type":"LED-Powered Lamp","Verification_Date":null},"id":"stl-city-public-streetlights:2:119033","sourceLayerId":2,"sourceObjectId":119033,"sourceURL":"https://maps8.stlouis-mo.gov/arcgis/rest/services/STREETS/Streets_Permitting/MapServer/2","title":"Street light L011758"},"type":"Feature"},{"geometry":{"coordinates":[-90.29943817882096,38.596980856343876],"type":"Point"},"id":"stl-city-public-streetlights:2:119034","properties":{"address":null,"attributes":{"Date_Installed":"2020-01-22","LED_Powered":1,"LightID":"L011759","Light_Source":"LED","Light_Type":"Cobra","Lighting_Type":"5G Pole - 5G Pole -5G Pole - 2A","Verification_Date":null},"id":"stl-city-public-streetlights:2:119034","sourceLayerId":2,"sourceObjectId":119034,"sourceURL":"https://maps8.stlouis-mo.gov/arcgis/rest/services/STREETS/Streets_Permitting/MapServer/2","title":"Street light L011759"},"type":"Feature"},{"geometry":{"coordinates":[-90.29936186970872,38.597224927967744],"type":"Point"},"id":"stl-city-public-streetlights:2:119035","properties":{"address":null,"attributes":{"Date_Installed":null,"LED_Powered":0,"LightID":"L011760","Light_Source":"LED","Light_Type":"Cobra","Lighting_Type":"LED-Powered Lamp","Verification_Date":null},"id":"stl-city-public-streetlights:2:119035","sourceLayerId":2,"sourceObjectId":119035,"sourceURL":"https://maps8.stlouis-mo.gov/arcgis/rest/services/STREETS/Streets_Permitting/MapServer/2","title":"Street light L011760"},"type":"Feature"},{"geometry":{"coordinates":[-90.29909962621873,38.59382062518092],"type":"Point"},"id":"stl-city-public-streetlights:2:119052","properties":{"address":null,"attributes":{"Date_Installed":null,"LED_Powered":0,"LightID":"L011777","Light_Source":"LED","Light_Type":"Cobra","Lighting_Type":"LED-Powered Lamp","Verification_Date":null},"id":"stl-city-public-streetlights:2:119052","sourceLayerId":2,"sourceObjectId":119052,"sourceURL":"https://maps8.stlouis-mo.gov/arcgis/rest/services/STREETS/Streets_Permitting/MapServer/2","title":"Street light L011777"},"type":"Feature"},{"geometry":{"coordinates":[-90.2987217404289,38.59422294983413],"type":"Point"},"id":"stl-city-public-streetlights:2:119053","properties":{"address":null,"attributes":{"Date_Installed":null,"LED_Powered":0,"LightID":"L011778","Light_Source":"LED","Light_Type":"Cobra","Lighting_Type":"LED-Powered Lamp","Verification_Date":null},"id":"stl-city-public-streetlights:2:119053","sourceLayerId":2,"sourceObjectId":119053,"sourceURL":"https://maps8.stlouis-mo.gov/arcgis/rest/services/STREETS/Streets_Permitting/MapServer/2","title":"Street light L011778"},"type":"Feature"},{"geometry":{"coordinates":[-90.29903604725624,38.59456673170162],"type":"Point"},"id":"stl-city-public-streetlights:2:119054","properties":{"address":null,"attributes":{"Date_Installed":null,"LED_Powered":0,"LightID":"L011779","Light_Source":"LED","Light_Type":"Cobra","Lighting_Type":"LED-Powered Lamp","Verification_Date":null},"id":"stl-city-public-streetlights:2:119054","sourceLayerId":2,"sourceObjectId":119054,"sourceURL":"https://maps8.stlouis-mo.gov/arcgis/rest/services/STREETS/Streets_Permitting/MapServer/2","title":"Street light L011779"},"type":"Feature"},{"geometry":{"coordinates":[-90.2995193148252,38.594704858131145],"type":"Point"},"id":"stl-city-public-streetlights:2:119055","properties":{"address":null,"attributes":{"Date_Installed":null,"LED_Powered":0,"LightID":"L011780","Light_Source":"LED","Light_Type":"Cobra","Lighting_Type":"LED-Powered Lamp","Verification_Date":null},"id":"stl-city-public-streetlights:2:119055","sourceLayerId":2,"sourceObjectId":119055,"sourceURL":"https://maps8.stlouis-mo.gov/arcgis/rest/services/STREETS/Streets_Permitting/MapServer/2","title":"Street light L011780"},"type":"Feature"},{"geometry":{"coordinates":[-90.29819370602786,38.592060902701334],"type":"Point"},"id":"stl-city-public-streetlights:2:119059","properties":{"address":null,"attributes":{"Date_Installed":"2/17/20","LED_Powered":1,"LightID":"L011784","Light_Source":"LED","Light_Type":"Cobra","Lighting_Type":"LED-Powered Lamp","Verification_Date":null},"id":"stl-city-public-streetlights:2:119059","sourceLayerId":2,"sourceObjectId":119059,"sourceURL":"https://maps8.stlouis-mo.gov/arcgis/rest/services/STREETS/Streets_Permitting/MapServer/2","title":"Street light L011784"},"type":"Feature"},{"geometry":{"coordinates":[-90.2981432625294,38.592341845212694],"type":"Point"},"id":"stl-city-public-streetlights:2:119060","properties":{"address":null,"attributes":{"Date_Installed":"2/17/20","LED_Powered":1,"LightID":"L011785","Light_Source":"LED","Light_Type":"Cobra","Lighting_Type":"LED-Powered Lamp","Verification_Date":null},"id":"stl-city-public-streetlights:2:119060","sourceLayerId":2,"sourceObjectId":119060,"sourceURL":"https://maps8.stlouis-mo.gov/arcgis/rest/services/STREETS/Streets_Permitting/MapServer/2","title":"Street light L011785"},"type":"Feature"},{"geometry":{"coordinates":[-90.29808150788728,38.592702858837136],"type":"Point"},"id":"stl-city-public-streetlights:2:119061","properties":{"address":null,"attributes":{"Date_Installed":"2/17/20","LED_Powered":1,"LightID":"L011786","Light_Source":"LED","Light_Type":"Cobra","Lighting_Type":"LED-Powered Lamp","Verification_Date":null},"id":"stl-city-public-streetlights:2:119061","sourceLayerId":2,"sourceObjectId":119061,"sourceURL":"https://maps8.stlouis-mo.gov/arcgis/rest/services/STREETS/Streets_Permitting/MapServer/2","title":"Street light L011786"},"type":"Feature"},{"geometry":{"coordinates":[-90.29803254917228,38.59298451914302],"type":"Point"},"id":"stl-city-public-streetlights:2:119062","properties":{"address":null,"attributes":{"Date_Installed":"2/17/20","LED_Powered":1,"LightID":"L011787","Light_Source":"LED","Light_Type":"Cobra","Lighting_Type":"LED-Powered Lamp","Verification_Date":null},"id":"stl-city-public-streetlights:2:119062","sourceLayerId":2,"sourceObjectId":119062,"sourceURL":"https://maps8.stlouis-mo.gov/arcgis/rest/services/STREETS/Streets_Permitting/MapServer/2","title":"Street light L011787"},"type":"Feature"},{"geometry":{"coordinates":[-90.2979673075984,38.59335398787458],"type":"Point"},"id":"stl-city-public-streetlights:2:119063","properties":{"address":null,"attributes":{"Date_Installed":"2/17/20","LED_Powered":1,"LightID":"L011788","Light_Source":"LED","Light_Type":"Cobra","Lighting_Type":"LED-Powered Lamp","Verification_Date":null},"id":"stl-city-public-streetlights:2:119063","sourceLayerId":2,"sourceObjectId":119063,"sourceURL":"https://maps8.stlouis-mo.gov/arcgis/rest/services/STREETS/Streets_Permitting/MapServer/2","title":"Street light L011788"},"type":"Feature"},{"geometry":{"coordinates":[-90.29791793127387,38.5936327870312],"type":"Point"},"id":"stl-city-public-streetlights:2:119064","properties":{"address":null,"attributes":{"Date_Installed":"2/17/20","LED_Powered":1,"LightID":"L011789","Light_Source":"LED","Light_Type":"Cobra","Lighting_Type":"LED-Powered Lamp","Verification_Date":null},"id":"stl-city-public-streetlights:2:119064","sourceLayerId":2,"sourceObjectId":119064,"sourceURL":"https://maps8.stlouis-mo.gov/arcgis/rest/services/STREETS/Streets_Permitting/MapServer/2","title":"Street light L011789"},"type":"Feature"},{"geometry":{"coordinates":[-90.29785338095336,38.59398579566064],"type":"Point"},"id":"stl-city-public-streetlights:2:119065","properties":{"address":null,"attributes":{"Date_Installed":null,"LED_Powered":0,"LightID":"L011790","Light_Source":"LED","Light_Type":"Cobra","Lighting_Type":"LED-Powered Lamp","Verification_Date":null},"id":"stl-city-public-streetlights:2:119065","sourceLayerId":2,"sourceObjectId":119065,"sourceURL":"https://maps8.stlouis-mo.gov/arcgis/rest/services/STREETS/Streets_Permitting/MapServer/2","title":"Street light L011790"},"type":"Feature"},{"geometry":{"coordinates":[-90.29778317454667,38.594435226468434],"type":"Point"},"id":"stl-city-public-streetlights:2:119066","properties":{"address":null,"attributes":{"Date_Installed":null,"LED_Powered":0,"LightID":"L011791","Light_Source":"LED","Light_Type":"Cobra","Lighting_Type":"LED-Powered Lamp","Verification_Date":null},"id":"stl-city-public-streetlights:2:119066","sourceLayerId":2,"sourceObjectId":119066,"sourceURL":"https://maps8.stlouis-mo.gov/arcgis/rest/services/STREETS/Streets_Permitting/MapServer/2","title":"Street light L011791"},"type":"Feature"},{"geometry":{"coordinates":[-90.29781513417592,38.59473561909359],"type":"Point"},"id":"stl-city-public-streetlights:2:119067","properties":{"address":null,"attributes":{"Date_Installed":null,"LED_Powered":0,"LightID":"L011792","Light_Source":"LED","Light_Type":"Cobra","Lighting_Type":"LED-Powered Lamp","Verification_Date":null},"id":"stl-city-public-streetlights:2:119067","sourceLayerId":2,"sourceObjectId":119067,"sourceURL":"https://maps8.stlouis-mo.gov/arcgis/rest/services/STREETS/Streets_Permitting/MapServer/2","title":"Street light L011792"},"type":"Feature"},{"geometry":{"coordinates":[-90.29801601144659,38.595020094408284],"type":"Point"},"id":"stl-city-public-streetlights:2:119068","properties":{"address":null,"attributes":{"Date_Installed":null,"LED_Powered":0,"LightID":"L011793","Light_Source":"LED","Light_Type":"Cobra","Lighting_Type":"LED-Powered Lamp","Verification_Date":null},"id":"stl-city-public-streetlights:2:119068","sourceLayerId":2,"sourceObjectId":119068,"sourceURL":"https://maps8.stlouis-mo.gov/arcgis/rest/services/STREETS/Streets_Permitting/MapServer/2","title":"Street light L011793"},"type":"Feature"},{"geometry":{"coordinates":[-90.29818858628104,38.59521608763312],"type":"Point"},"id":"stl-city-public-streetlights:2:119069","properties":{"address":null,"attributes":{"Date_Installed":null,"LED_Powered":0,"LightID":"L011794","Light_Source":"LED","Light_Type":"Cobra","Lighting_Type":"LED-Powered Lamp","Verification_Date":null},"id":"stl-city-public-streetlights:2:119069","sourceLayerId":2,"sourceObjectId":119069,"sourceURL":"https://maps8.stlouis-mo.gov/arcgis/rest/services/STREETS/Streets_Permitting/MapServer/2","title":"Street light L011794"},"type":"Feature"},{"geometry":{"coordinates":[-90.29839775461504,38.59546935058544],"type":"Point"},"id":"stl-city-public-streetlights:2:119070","properties":{"address":null,"attributes":{"Date_Installed":null,"LED_Powered":0,"LightID":"L011795","Light_Source":"LED","Light_Type":"Cobra","Lighting_Type":"LED-Powered Lamp","Verification_Date":null},"id":"stl-city-public-streetlights:2:119070","sourceLayerId":2,"sourceObjectId":119070,"sourceURL":"https://maps8.stlouis-mo.gov/arcgis/rest/services/STREETS/Streets_Permitting/MapServer/2","title":"Street light L011795"},"type":"Feature"},{"geometry":{"coordinates":[-90.29832572897304,38.59577740615543],"type":"Point"},"id":"stl-city-public-streetlights:2:119071","properties":{"address":null,"attributes":{"Date_Installed":null,"LED_Powered":0,"LightID":"L011796","Light_Source":"LED","Light_Type":"Cobra","Lighting_Type":"LED-Powered Lamp","Verification_Date":null},"id":"stl-city-public-streetlights:2:119071","sourceLayerId":2,"sourceObjectId":119071,"sourceURL":"https://maps8.stlouis-mo.gov/arcgis/rest/services/STREETS/Streets_Permitting/MapServer/2","title":"Street light L011796"},"type":"Feature"},{"geometry":{"coordinates":[-90.29825983907585,38.59618289070331],"type":"Point"},"id":"stl-city-public-streetlights:2:119072","properties":{"address":null,"attributes":{"Date_Installed":null,"LED_Powered":0,"LightID":"L011797","Light_Source":"LED","Light_Type":"Cobra","Lighting_Type":"LED-Powered Lamp","Verification_Date":null},"id":"stl-city-public-streetlights:2:119072","sourceLayerId":2,"sourceObjectId":119072,"sourceURL":"https://maps8.stlouis-mo.gov/arcgis/rest/services/STREETS/Streets_Permitting/MapServer/2","title":"Street light L011797"},"type":"Feature"},{"geometry":{"coordinates":[-90.29820578515317,38.59652604003515],"type":"Point"},"id":"stl-city-public-streetlights:2:119073","properties":{"address":null,"attributes":{"Date_Installed":null,"LED_Powered":0,"LightID":"L011798","Light_Source":"LED","Light_Type":"Cobra","Lighting_Type":"LED-Powered Lamp","Verification_Date":null},"id":"stl-city-public-streetlights:2:119073","sourceLayerId":2,"sourceObjectId":119073,"sourceURL":"https://maps8.stlouis-mo.gov/arcgis/rest/services/STREETS/Streets_Permitting/MapServer/2","title":"Street light L011798"},"type":"Feature"},{"geometry":{"coordinates":[-90.29805911653273,38.59683899546046],"type":"Point"},"id":"stl-city-public-streetlights:2:119074","properties":{"address":null,"attributes":{"Date_Installed":null,"LED_Powered":0,"LightID":"L011799","Light_Source":"LED","Light_Type":"Cobra","Lighting_Type":"LED-Powered Lamp","Verification_Date":null},"id":"stl-city-public-streetlights:2:119074","sourceLayerId":2,"sourceObjectId":119074,"sourceURL":"https://maps8.stlouis-mo.gov/arcgis/rest/services/STREETS/Streets_Permitting/MapServer/2","title":"Street light L011799"},"type":"Feature"},{"geometry":{"coordinates":[-90.29780737260606,38.59711869728481],"type":"Point"},"id":"stl-city-public-streetlights:2:119075","properties":{"address":null,"attributes":{"Date_Installed":null,"LED_Powered":0,"LightID":"L011800","Light_Source":"LED","Light_Type":"Cobra","Lighting_Type":"LED-Powered Lamp","Verification_Date":null},"id":"stl-city-public-streetlights:2:119075","sourceLayerId":2,"sourceObjectId":119075,"sourceURL":"https://maps8.stlouis-mo.gov/arcgis/rest/services/STREETS/Streets_Permitting/MapServer/2","title":"Street light L011800"},"type":"Feature"},{"geometry":{"coordinates":[-90.2953393076809,38.59687677869508],"type":"Point"},"id":"stl-city-public-streetlights:2:119076","properties":{"address":null,"attributes":{"Date_Installed":null,"LED_Powered":0,"LightID":"L011801","Light_Source":"LED","Light_Type":"Cobra","Lighting_Type":"LED-Powered Lamp","Verification_Date":null},"id":"stl-city-public-streetlights:2:119076","sourceLayerId":2,"sourceObjectId":119076,"sourceURL":"https://maps8.stlouis-mo.gov/arcgis/rest/services/STREETS/Streets_Permitting/MapServer/2","title":"Street light L011801"},"type":"Feature"},{"geometry":{"coordinates":[-90.29538410063016,38.59661183757825],"type":"Point"},"id":"stl-city-public-streetlights:2:119077","properties":{"address":null,"attributes":{"Date_Installed":null,"LED_Powered":0,"LightID":"L011802","Light_Source":"LED","Light_Type":"Cobra","Lighting_Type":"LED-Powered Lamp","Verification_Date":null},"id":"stl-city-public-streetlights:2:119077","sourceLayerId":2,"sourceObjectId":119077,"sourceURL":"https://maps8.stlouis-mo.gov/arcgis/rest/services/STREETS/Streets_Permitting/MapServer/2","title":"Street light L011802"},"type":"Feature"},{"geometry":{"coordinates":[-90.29542905044453,38.59629191408492],"type":"Point"},"id":"stl-city-public-streetlights:2:119078","properties":{"address":null,"attributes":{"Date_Installed":null,"LED_Powered":0,"LightID":"L011803","Light_Source":"LED","Light_Type":"Cobra","Lighting_Type":"LED-Powered Lamp","Verification_Date":null},"id":"stl-city-public-streetlights:2:119078","sourceLayerId":2,"sourceObjectId":119078,"sourceURL":"https://maps8.stlouis-mo.gov/arcgis/rest/services/STREETS/Streets_Permitting/MapServer/2","title":"Street light L011803"},"type":"Feature"},{"geometry":{"coordinates":[-90.29547694995156,38.59600238746024],"type":"Point"},"id":"stl-city-public-streetlights:2:119079","properties":{"address":null,"attributes":{"Date_Installed":null,"LED_Powered":0,"LightID":"L011804","Light_Source":"LED","Light_Type":"Cobra","Lighting_Type":"LED-Powered Lamp","Verification_Date":null},"id":"stl-city-public-streetlights:2:119079","sourceLayerId":2,"sourceObjectId":119079,"sourceURL":"https://maps8.stlouis-mo.gov/arcgis/rest/services/STREETS/Streets_Permitting/MapServer/2","title":"Street light L011804"},"type":"Feature"},{"geometry":{"coordinates":[-90.2955750698302,38.59567600185797],"type":"Point"},"id":"stl-city-public-streetlights:2:119080","properties":{"address":null,"attributes":{"Date_Installed":null,"LED_Powered":0,"LightID":"L011805","Light_Source":"LED","Light_Type":"Cobra","Lighting_Type":"LED-Powered Lamp","Verification_Date":null},"id":"stl-city-public-streetlights:2:119080","sourceLayerId":2,"sourceObjectId":119080,"sourceURL":"https://maps8.stlouis-mo.gov/arcgis/rest/services/STREETS/Streets_Permitting/MapServer/2","title":"Street light L011805"},"type":"Feature"},{"geometry":{"coordinates":[-90.29571527665313,38.595395574099385],"type":"Point"},"id":"stl-city-public-streetlights:2:119081","properties":{"address":null,"attributes":{"Date_Installed":"2020-01-23","LED_Powered":1,"LightID":"L011806","Light_Source":"LED","Light_Type":"Cobra","Lighting_Type":"5G Pole - 5G Pole -5G Pole - 2A","Verification_Date":null},"id":"stl-city-public-streetlights:2:119081","sourceLayerId":2,"sourceObjectId":119081,"sourceURL":"https://maps8.stlouis-mo.gov/arcgis/rest/services/STREETS/Streets_Permitting/MapServer/2","title":"Street light L011806"},"type":"Feature"},{"geometry":{"coordinates":[-90.29238505315075,38.599887279422916],"type":"Point"},"id":"stl-city-public-streetlights:2:119214","properties":{"address":null,"attributes":{"Date_Installed":null,"LED_Powered":0,"LightID":"L011939","Light_Source":"LED","Light_Type":"Cobra","Lighting_Type":"400-W High Pressure Sodium Vapor Lamp","Verification_Date":null},"id":"stl-city-public-streetlights:2:119214","sourceLayerId":2,"sourceObjectId":119214,"sourceURL":"https://maps8.stlouis-mo.gov/arcgis/rest/services/STREETS/Streets_Permitting/MapServer/2","title":"Street light L011939"},"type":"Feature"},{"geometry":{"coordinates":[-90.2924654293417,38.599400566041425],"type":"Point"},"id":"stl-city-public-streetlights:2:119215","properties":{"address":null,"attributes":{"Date_Installed":null,"LED_Powered":0,"LightID":"L011940","Light_Source":"LED","Light_Type":"Cobra","Lighting_Type":"400-W High Pressure Sodium Vapor Lamp","Verification_Date":null},"id":"stl-city-public-streetlights:2:119215","sourceLayerId":2,"sourceObjectId":119215,"sourceURL":"https://maps8.stlouis-mo.gov/arcgis/rest/services/STREETS/Streets_Permitting/MapServer/2","title":"Street light L011940"},"type":"Feature"},{"geometry":{"coordinates":[-90.29255472508409,38.5988745388503],"type":"Point"},"id":"stl-city-public-streetlights:2:119216","properties":{"address":null,"attributes":{"Date_Installed":null,"LED_Powered":0,"LightID":"L011941","Light_Source":"LED","Light_Type":"Cobra","Lighting_Type":"400-W High Pressure Sodium Vapor Lamp","Verification_Date":null},"id":"stl-city-public-streetlights:2:119216","sourceLayerId":2,"sourceObjectId":119216,"sourceURL":"https://maps8.stlouis-mo.gov/arcgis/rest/services/STREETS/Streets_Permitting/MapServer/2","title":"Street light L011941"},"type":"Feature"},{"geometry":{"coordinates":[-90.29516713624011,38.59721638302922],"type":"Point"},"id":"stl-city-public-streetlights:2:119217","properties":{"address":null,"attributes":{"Date_Installed":null,"LED_Powered":0,"LightID":"L011942","Light_Source":"LED","Light_Type":"Cobra","Lighting_Type":"LED-Powered Lamp","Verification_Date":null},"id":"stl-city-public-streetlights:2:119217","sourceLayerId":2,"sourceObjectId":119217,"sourceURL":"https://maps8.stlouis-mo.gov/arcgis/rest/services/STREETS/Streets_Permitting/MapServer/2","title":"Street light L011942"},"type":"Feature"},{"geometry":{"coordinates":[-90.29511299559107,38.59756358203574],"type":"Point"},"id":"stl-city-public-streetlights:2:119218","properties":{"address":null,"attributes":{"Date_Installed":null,"LED_Powered":0,"LightID":"L011943","Light_Source":"LED","Light_Type":"Cobra","Lighting_Type":"LED-Powered Lamp","Verification_Date":null},"id":"stl-city-public-streetlights:2:119218","sourceLayerId":2,"sourceObjectId":119218,"sourceURL":"https://maps8.stlouis-mo.gov/arcgis/rest/services/STREETS/Streets_Permitting/MapServer/2","title":"Street light L011943"},"type":"Feature"},{"geometry":{"coordinates":[-90.29505064237422,38.59791458100943],"type":"Point"},"id":"stl-city-public-streetlights:2:119219","properties":{"address":null,"attributes":{"Date_Installed":null,"LED_Powered":0,"LightID":"L011944","Light_Source":"LED","Light_Type":"Cobra","Lighting_Type":"LED-Powered Lamp","Verification_Date":null},"id":"stl-city-public-streetlights:2:119219","sourceLayerId":2,"sourceObjectId":119219,"sourceURL":"https://maps8.stlouis-mo.gov/arcgis/rest/services/STREETS/Streets_Permitting/MapServer/2","title":"Street light L011944"},"type":"Feature"},{"geometry":{"coordinates":[-90.29499733957664,38.59823401306013],"type":"Point"},"id":"stl-city-public-streetlights:2:119220","properties":{"address":null,"attributes":{"Date_Installed":null,"LED_Powered":0,"LightID":"L011945","Light_Source":"LED","Light_Type":"Cobra","Lighting_Type":"LED-Powered Lamp","Verification_Date":null},"id":"stl-city-public-streetlights:2:119220","sourceLayerId":2,"sourceObjectId":119220,"sourceURL":"https://maps8.stlouis-mo.gov/arcgis/rest/services/STREETS/Streets_Permitting/MapServer/2","title":"Street light L011945"},"type":"Feature"},{"geometry":{"coordinates":[-90.29493588897176,38.598609924194754],"type":"Point"},"id":"stl-city-public-streetlights:2:119221","properties":{"address":null,"attributes":{"Date_Installed":null,"LED_Powered":0,"LightID":"L011946","Light_Source":"LED","Light_Type":"Cobra","Lighting_Type":"LED-Powered Lamp","Verification_Date":null},"id":"stl-city-public-streetlights:2:119221","sourceLayerId":2,"sourceObjectId":119221,"sourceURL":"https://maps8.stlouis-mo.gov/arcgis/rest/services/STREETS/Streets_Permitting/MapServer/2","title":"Street light L011946"},"type":"Feature"},{"geometry":{"coordinates":[-90.29489258033195,38.598916618781864],"type":"Point"},"id":"stl-city-public-streetlights:2:119222","properties":{"address":null,"attributes":{"Date_Installed":null,"LED_Powered":0,"LightID":"L011947","Light_Source":"LED","Light_Type":"Cobra","Lighting_Type":"LED-Powered Lamp","Verification_Date":null},"id":"stl-city-public-streetlights:2:119222","sourceLayerId":2,"sourceObjectId":119222,"sourceURL":"https://maps8.stlouis-mo.gov/arcgis/rest/services/STREETS/Streets_Permitting/MapServer/2","title":"Street light L011947"},"type":"Feature"},{"geometry":{"coordinates":[-90.29481932840851,38.59933398278146],"type":"Point"},"id":"stl-city-public-streetlights:2:119223","properties":{"address":null,"attributes":{"Date_Installed":null,"LED_Powered":0,"LightID":"L011948","Light_Source":"LED","Light_Type":"Cobra","Lighting_Type":"LED-Powered Lamp","Verification_Date":null},"id":"stl-city-public-streetlights:2:119223","sourceLayerId":2,"sourceObjectId":119223,"sourceURL":"https://maps8.stlouis-mo.gov/arcgis/rest/services/STREETS/Streets_Permitting/MapServer/2","title":"Street light L011948"},"type":"Feature"},{"geometry":{"coordinates":[-90.297765058678,38.59750351958554],"type":"Point"},"id":"stl-city-public-streetlights:2:119280","properties":{"address":null,"attributes":{"Date_Installed":null,"LED_Powered":0,"LightID":"L012005","Light_Source":"LED","Light_Type":"Cobra","Lighting_Type":"LED-Powered Lamp","Verification_Date":null},"id":"stl-city-public-streetlights:2:119280","sourceLayerId":2,"sourceObjectId":119280,"sourceURL":"https://maps8.stlouis-mo.gov/arcgis/rest/services/STREETS/Streets_Permitting/MapServer/2","title":"Street light L012005"},"type":"Feature"},{"geometry":{"coordinates":[-90.2977106921414,38.59782759879328],"type":"Point"},"id":"stl-city-public-streetlights:2:119281","properties":{"address":null,"attributes":{"Date_Installed":null,"LED_Powered":0,"LightID":"L012006","Light_Source":"LED","Light_Type":"Cobra","Lighting_Type":"LED-Powered Lamp","Verification_Date":null},"id":"stl-city-public-streetlights:2:119281","sourceLayerId":2,"sourceObjectId":119281,"sourceURL":"https://maps8.stlouis-mo.gov/arcgis/rest/services/STREETS/Streets_Permitting/MapServer/2","title":"Street light L012006"},"type":"Feature"},{"geometry":{"coordinates":[-90.29764885221412,38.598216499843744],"type":"Point"},"id":"stl-city-public-streetlights:2:119282","properties":{"address":null,"attributes":{"Date_Installed":null,"LED_Powered":0,"LightID":"L012007","Light_Source":"LED","Light_Type":"Cobra","Lighting_Type":"LED-Powered Lamp","Verification_Date":null},"id":"stl-city-public-streetlights:2:119282","sourceLayerId":2,"sourceObjectId":119282,"sourceURL":"https://maps8.stlouis-mo.gov/arcgis/rest/services/STREETS/Streets_Permitting/MapServer/2","title":"Street light L012007"},"type":"Feature"},{"geometry":{"coordinates":[-90.29759073735973,38.59857661283041],"type":"Point"},"id":"stl-city-public-streetlights:2:119283","properties":{"address":null,"attributes":{"Date_Installed":null,"LED_Powered":0,"LightID":"L012008","Light_Source":"LED","Light_Type":"Cobra","Lighting_Type":"LED-Powered Lamp","Verification_Date":null},"id":"stl-city-public-streetlights:2:119283","sourceLayerId":2,"sourceObjectId":119283,"sourceURL":"https://maps8.stlouis-mo.gov/arcgis/rest/services/STREETS/Streets_Permitting/MapServer/2","title":"Street light L012008"},"type":"Feature"},{"geometry":{"coordinates":[-90.29753762664575,38.598885439192614],"type":"Point"},"id":"stl-city-public-streetlights:2:119284","properties":{"address":null,"attributes":{"Date_Installed":null,"LED_Powered":0,"LightID":"L012009","Light_Source":"LED","Light_Type":"Cobra","Lighting_Type":"LED-Powered Lamp","Verification_Date":null},"id":"stl-city-public-streetlights:2:119284","sourceLayerId":2,"sourceObjectId":119284,"sourceURL":"https://maps8.stlouis-mo.gov/arcgis/rest/services/STREETS/Streets_Permitting/MapServer/2","title":"Street light L012009"},"type":"Feature"},{"geometry":{"coordinates":[-90.29748753050984,38.59920189771765],"type":"Point"},"id":"stl-city-public-streetlights:2:119285","properties":{"address":null,"attributes":{"Date_Installed":null,"LED_Powered":0,"LightID":"L012010","Light_Source":"LED","Light_Type":"Cobra","Lighting_Type":"LED-Powered Lamp","Verification_Date":null},"id":"stl-city-public-streetlights:2:119285","sourceLayerId":2,"sourceObjectId":119285,"sourceURL":"https://maps8.stlouis-mo.gov/arcgis/rest/services/STREETS/Streets_Permitting/MapServer/2","title":"Street light L012010"},"type":"Feature"},{"geometry":{"coordinates":[-90.29742326165903,38.599589840302905],"type":"Point"},"id":"stl-city-public-streetlights:2:119286","properties":{"address":null,"attributes":{"Date_Installed":null,"LED_Powered":0,"LightID":"L012011","Light_Source":"LED","Light_Type":"Cobra","Lighting_Type":"LED-Powered Lamp","Verification_Date":null},"id":"stl-city-public-streetlights:2:119286","sourceLayerId":2,"sourceObjectId":119286,"sourceURL":"https://maps8.stlouis-mo.gov/arcgis/rest/services/STREETS/Streets_Permitting/MapServer/2","title":"Street light L012011"},"type":"Feature"},{"geometry":{"coordinates":[-90.29263891520266,38.598360989819255],"type":"Point"},"id":"stl-city-public-streetlights:2:119287","properties":{"address":null,"attributes":{"Date_Installed":null,"LED_Powered":0,"LightID":"L012012","Light_Source":"LED","Light_Type":"Cobra","Lighting_Type":"400-W High Pressure Sodium Vapor Lamp","Verification_Date":null},"id":"stl-city-public-streetlights:2:119287","sourceLayerId":2,"sourceObjectId":119287,"sourceURL":"https://maps8.stlouis-mo.gov/arcgis/rest/services/STREETS/Streets_Permitting/MapServer/2","title":"Street light L012012"},"type":"Feature"},{"geometry":{"coordinates":[-90.29272944810121,38.59779387470822],"type":"Point"},"id":"stl-city-public-streetlights:2:119288","properties":{"address":null,"attributes":{"Date_Installed":null,"LED_Powered":0,"LightID":"L012013","Light_Source":"LED","Light_Type":"Cobra","Lighting_Type":"400-W High Pressure Sodium Vapor Lamp","Verification_Date":null},"id":"stl-city-public-streetlights:2:119288","sourceLayerId":2,"sourceObjectId":119288,"sourceURL":"https://maps8.stlouis-mo.gov/arcgis/rest/services/STREETS/Streets_Permitting/MapServer/2","title":"Street light L012013"},"type":"Feature"},{"geometry":{"coordinates":[-90.29281906121697,38.59726188829901],"type":"Point"},"id":"stl-city-public-streetlights:2:119289","properties":{"address":null,"attributes":{"Date_Installed":null,"LED_Powered":0,"LightID":"L012014","Light_Source":"LED","Light_Type":"Cobra","Lighting_Type":"400-W High Pressure Sodium Vapor Lamp","Verification_Date":null},"id":"stl-city-public-streetlights:2:119289","sourceLayerId":2,"sourceObjectId":119289,"sourceURL":"https://maps8.stlouis-mo.gov/arcgis/rest/services/STREETS/Streets_Permitting/MapServer/2","title":"Street light L012014"},"type":"Feature"},{"geometry":{"coordinates":[-90.29588919788087,38.5951146094693],"type":"Point"},"id":"stl-city-public-streetlights:2:119394","properties":{"address":null,"attributes":{"Date_Installed":null,"LED_Powered":0,"LightID":"L012119","Light_Source":"LED","Light_Type":"Cobra","Lighting_Type":"LED-Powered Lamp","Verification_Date":null},"id":"stl-city-public-streetlights:2:119394","sourceLayerId":2,"sourceObjectId":119394,"sourceURL":"https://maps8.stlouis-mo.gov/arcgis/rest/services/STREETS/Streets_Permitting/MapServer/2","title":"Street light L012119"},"type":"Feature"},{"geometry":{"coordinates":[-90.29624126149247,38.59347905627719],"type":"Point"},"id":"stl-city-public-streetlights:2:119395","properties":{"address":null,"attributes":{"Date_Installed":"2/17/20","LED_Powered":1,"LightID":"L012120","Light_Source":"LED","Light_Type":"Cobra","Lighting_Type":"LED-Powered Lamp","Verification_Date":null},"id":"stl-city-public-streetlights:2:119395","sourceLayerId":2,"sourceObjectId":119395,"sourceURL":"https://maps8.stlouis-mo.gov/arcgis/rest/services/STREETS/Streets_Permitting/MapServer/2","title":"Street light L012120"},"type":"Feature"},{"geometry":{"coordinates":[-90.29629128491429,38.593188817560076],"type":"Point"},"id":"stl-city-public-streetlights:2:119396","properties":{"address":null,"attributes":{"Date_Installed":"2/17/20","LED_Powered":1,"LightID":"L012121","Light_Source":"LED","Light_Type":"Cobra","Lighting_Type":"LED-Powered Lamp","Verification_Date":null},"id":"stl-city-public-streetlights:2:119396","sourceLayerId":2,"sourceObjectId":119396,"sourceURL":"https://maps8.stlouis-mo.gov/arcgis/rest/services/STREETS/Streets_Permitting/MapServer/2","title":"Street light L012121"},"type":"Feature"},{"geometry":{"coordinates":[-90.2963598137076,38.59279849790936],"type":"Point"},"id":"stl-city-public-streetlights:2:119397","properties":{"address":null,"attributes":{"Date_Installed":"2/17/20","LED_Powered":1,"LightID":"L012122","Light_Source":"LED","Light_Type":"Cobra","Lighting_Type":"LED-Powered Lamp","Verification_Date":null},"id":"stl-city-public-streetlights:2:119397","sourceLayerId":2,"sourceObjectId":119397,"sourceURL":"https://maps8.stlouis-mo.gov/arcgis/rest/services/STREETS/Streets_Permitting/MapServer/2","title":"Street light L012122"},"type":"Feature"},{"geometry":{"coordinates":[-90.2964301876895,38.59239960125593],"type":"Point"},"id":"stl-city-public-streetlights:2:119398","properties":{"address":null,"attributes":{"Date_Installed":"2/17/20","LED_Powered":1,"LightID":"L012123","Light_Source":"LED","Light_Type":"Cobra","Lighting_Type":"LED-Powered Lamp","Verification_Date":null},"id":"stl-city-public-streetlights:2:119398","sourceLayerId":2,"sourceObjectId":119398,"sourceURL":"https://maps8.stlouis-mo.gov/arcgis/rest/services/STREETS/Streets_Permitting/MapServer/2","title":"Street light L012123"},"type":"Feature"},{"geometry":{"coordinates":[-90.29650876342261,38.592000003480365],"type":"Point"},"id":"stl-city-public-streetlights:2:119399","properties":{"address":null,"attributes":{"Date_Installed":"2/17/20","LED_Powered":1,"LightID":"L012124","Light_Source":"LED","Light_Type":"Cobra","Lighting_Type":"LED-Powered Lamp","Verification_Date":null},"id":"stl-city-public-streetlights:2:119399","sourceLayerId":2,"sourceObjectId":119399,"sourceURL":"https://maps8.stlouis-mo.gov/arcgis/rest/services/STREETS/Streets_Permitting/MapServer/2","title":"Street light L012124"},"type":"Feature"},{"geometry":{"coordinates":[-90.29112960977405,38.5964141813189],"type":"Point"},"id":"stl-city-public-streetlights:2:119400","properties":{"address":null,"attributes":{"Date_Installed":"9/5/2017","LED_Powered":1,"LightID":"L012125","Light_Source":"LED","Light_Type":"Cobra","Lighting_Type":"LED-Powered Lamp","Verification_Date":null},"id":"stl-city-public-streetlights:2:119400","sourceLayerId":2,"sourceObjectId":119400,"sourceURL":"https://maps8.stlouis-mo.gov/arcgis/rest/services/STREETS/Streets_Permitting/MapServer/2","title":"Street light L012125"},"type":"Feature"},{"geometry":{"coordinates":[-90.29118985197117,38.59606413464533],"type":"Point"},"id":"stl-city-public-streetlights:2:119401","properties":{"address":null,"attributes":{"Date_Installed":"9/5/2017","LED_Powered":1,"LightID":"L012126","Light_Source":"LED","Light_Type":"Cobra","Lighting_Type":"LED-Powered Lamp","Verification_Date":null},"id":"stl-city-public-streetlights:2:119401","sourceLayerId":2,"sourceObjectId":119401,"sourceURL":"https://maps8.stlouis-mo.gov/arcgis/rest/services/STREETS/Streets_Permitting/MapServer/2","title":"Street light L012126"},"type":"Feature"},{"geometry":{"coordinates":[-90.29125199866579,38.5956857256841],"type":"Point"},"id":"stl-city-public-streetlights:2:119402","properties":{"address":null,"attributes":{"Date_Installed":"9/5/2017","LED_Powered":1,"LightID":"L012127","Light_Source":"LED","Light_Type":"Cobra","Lighting_Type":"LED-Powered Lamp","Verification_Date":null},"id":"stl-city-public-streetlights:2:119402","sourceLayerId":2,"sourceObjectId":119402,"sourceURL":"https://maps8.stlouis-mo.gov/arcgis/rest/services/STREETS/Streets_Permitting/MapServer/2","title":"Street light L012127"},"type":"Feature"},{"geometry":{"coordinates":[-90.29130445208331,38.59540264398144],"type":"Point"},"id":"stl-city-public-streetlights:2:119403","properties":{"address":null,"attributes":{"Date_Installed":"9/5/2017","LED_Powered":1,"LightID":"L012128","Light_Source":"LED","Light_Type":"Cobra","Lighting_Type":"LED-Powered Lamp","Verification_Date":null},"id":"stl-city-public-streetlights:2:119403","sourceLayerId":2,"sourceObjectId":119403,"sourceURL":"https://maps8.stlouis-mo.gov/arcgis/rest/services/STREETS/Streets_Permitting/MapServer/2","title":"Street light L012128"},"type":"Feature"},{"geometry":{"coordinates":[-90.29135836230385,38.59507775512099],"type":"Point"},"id":"stl-city-public-streetlights:2:119404","properties":{"address":null,"attributes":{"Date_Installed":"9/5/2017","LED_Powered":1,"LightID":"L012129","Light_Source":"LED","Light_Type":"Cobra","Lighting_Type":"LED-Powered Lamp","Verification_Date":null},"id":"stl-city-public-streetlights:2:119404","sourceLayerId":2,"sourceObjectId":119404,"sourceURL":"https://maps8.stlouis-mo.gov/arcgis/rest/services/STREETS/Streets_Permitting/MapServer/2","title":"Street light L012129"},"type":"Feature"},{"geometry":{"coordinates":[-90.29140652302831,38.59476639734963],"type":"Point"},"id":"stl-city-public-streetlights:2:119405","properties":{"address":null,"attributes":{"Date_Installed":"9/5/2017","LED_Powered":1,"LightID":"L012130","Light_Source":"LED","Light_Type":"Cobra","Lighting_Type":"LED-Powered Lamp","Verification_Date":null},"id":"stl-city-public-streetlights:2:119405","sourceLayerId":2,"sourceObjectId":119405,"sourceURL":"https://maps8.stlouis-mo.gov/arcgis/rest/services/STREETS/Streets_Permitting/MapServer/2","title":"Street light L012130"},"type":"Feature"},{"geometry":{"coordinates":[-90.29146953361094,38.59440324461278],"type":"Point"},"id":"stl-city-public-streetlights:2:119406","properties":{"address":null,"attributes":{"Date_Installed":"9/5/2017","LED_Powered":1,"LightID":"L012131","Light_Source":"LED","Light_Type":"Cobra","Lighting_Type":"LED-Powered Lamp","Verification_Date":null},"id":"stl-city-public-streetlights:2:119406","sourceLayerId":2,"sourceObjectId":119406,"sourceURL":"https://maps8.stlouis-mo.gov/arcgis/rest/services/STREETS/Streets_Permitting/MapServer/2","title":"Street light L012131"},"type":"Feature"},{"geometry":{"coordinates":[-90.29153086257477,38.59407000310538],"type":"Point"},"id":"stl-city-public-streetlights:2:119407","properties":{"address":null,"attributes":{"Date_Installed":"9/5/2017","LED_Powered":1,"LightID":"L012132","Light_Source":"LED","Light_Type":"Cobra","Lighting_Type":"LED-Powered Lamp","Verification_Date":null},"id":"stl-city-public-streetlights:2:119407","sourceLayerId":2,"sourceObjectId":119407,"sourceURL":"https://maps8.stlouis-mo.gov/arcgis/rest/services/STREETS/Streets_Permitting/MapServer/2","title":"Street light L012132"},"type":"Feature"},{"geometry":{"coordinates":[-90.29159025146289,38.59372507886327],"type":"Point"},"id":"stl-city-public-streetlights:2:119408","properties":{"address":null,"attributes":{"Date_Installed":"9/5/2017","LED_Powered":1,"LightID":"L012133","Light_Source":"LED","Light_Type":"Cobra","Lighting_Type":"LED-Powered Lamp","Verification_Date":null},"id":"stl-city-public-streetlights:2:119408","sourceLayerId":2,"sourceObjectId":119408,"sourceURL":"https://maps8.stlouis-mo.gov/arcgis/rest/services/STREETS/Streets_Permitting/MapServer/2","title":"Street light L012133"},"type":"Feature"},{"geometry":{"coordinates":[-90.29164995459361,38.59337568577941],"type":"Point"},"id":"stl-city-public-streetlights:2:119409","properties":{"address":null,"attributes":{"Date_Installed":"9/5/2017","LED_Powered":1,"LightID":"L012134","Light_Source":"LED","Light_Type":"Cobra","Lighting_Type":"LED-Powered Lamp","Verification_Date":null},"id":"stl-city-public-streetlights:2:119409","sourceLayerId":2,"sourceObjectId":119409,"sourceURL":"https://maps8.stlouis-mo.gov/arcgis/rest/services/STREETS/Streets_Permitting/MapServer/2","title":"Street light L012134"},"type":"Feature"},{"geometry":{"coordinates":[-90.2917072981439,38.593023127196375],"type":"Point"},"id":"stl-city-public-streetlights:2:119410","properties":{"address":null,"attributes":{"Date_Installed":null,"LED_Powered":0,"LightID":"L012135","Light_Source":"LED","Light_Type":"Cobra","Lighting_Type":"LED-Powered Lamp","Verification_Date":null},"id":"stl-city-public-streetlights:2:119410","sourceLayerId":2,"sourceObjectId":119410,"sourceURL":"https://maps8.stlouis-mo.gov/arcgis/rest/services/STREETS/Streets_Permitting/MapServer/2","title":"Street light L012135"},"type":"Feature"},{"geometry":{"coordinates":[-90.29176652546035,38.59269658081511],"type":"Point"},"id":"stl-city-public-streetlights:2:119411","properties":{"address":null,"attributes":{"Date_Installed":null,"LED_Powered":0,"LightID":"L012136","Light_Source":"LED","Light_Type":"Cobra","Lighting_Type":"LED-Powered Lamp","Verification_Date":null},"id":"stl-city-public-streetlights:2:119411","sourceLayerId":2,"sourceObjectId":119411,"sourceURL":"https://maps8.stlouis-mo.gov/arcgis/rest/services/STREETS/Streets_Permitting/MapServer/2","title":"Street light L012136"},"type":"Feature"},{"geometry":{"coordinates":[-90.29658043675295,38.592673682097534],"type":"Point"},"id":"stl-city-public-streetlights:2:119422","properties":{"address":null,"attributes":{"Date_Installed":"2/17/20","LED_Powered":1,"LightID":"L012147","Light_Source":"LED","Light_Type":"Cobra","Lighting_Type":"LED-Powered Lamp","Verification_Date":null},"id":"stl-city-public-streetlights:2:119422","sourceLayerId":2,"sourceObjectId":119422,"sourceURL":"https://maps8.stlouis-mo.gov/arcgis/rest/services/STREETS/Streets_Permitting/MapServer/2","title":"Street light L012147"},"type":"Feature"},{"geometry":{"coordinates":[-90.2970600359874,38.59271741993049],"type":"Point"},"id":"stl-city-public-streetlights:2:119423","properties":{"address":null,"attributes":{"Date_Installed":"2/17/20","LED_Powered":1,"LightID":"L012148","Light_Source":"LED","Light_Type":"Cobra","Lighting_Type":"LED-Powered Lamp","Verification_Date":null},"id":"stl-city-public-streetlights:2:119423","sourceLayerId":2,"sourceObjectId":119423,"sourceURL":"https://maps8.stlouis-mo.gov/arcgis/rest/services/STREETS/Streets_Permitting/MapServer/2","title":"Street light L012148"},"type":"Feature"},{"geometry":{"coordinates":[-90.29745035443585,38.592756472507645],"type":"Point"},"id":"stl-city-public-streetlights:2:119424","properties":{"address":null,"attributes":{"Date_Installed":"2/17/20","LED_Powered":1,"LightID":"L012149","Light_Source":"LED","Light_Type":"Cobra","Lighting_Type":"LED-Powered Lamp","Verification_Date":null},"id":"stl-city-public-streetlights:2:119424","sourceLayerId":2,"sourceObjectId":119424,"sourceURL":"https://maps8.stlouis-mo.gov/arcgis/rest/services/STREETS/Streets_Permitting/MapServer/2","title":"Street light L012149"},"type":"Feature"},{"geometry":{"coordinates":[-90.29788303869937,38.59279690776048],"type":"Point"},"id":"stl-city-public-streetlights:2:119425","properties":{"address":null,"attributes":{"Date_Installed":"2/17/20","LED_Powered":1,"LightID":"L012150","Light_Source":"LED","Light_Type":"Cobra","Lighting_Type":"LED-Powered Lamp","Verification_Date":null},"id":"stl-city-public-streetlights:2:119425","sourceLayerId":2,"sourceObjectId":119425,"sourceURL":"https://maps8.stlouis-mo.gov/arcgis/rest/services/STREETS/Streets_Permitting/MapServer/2","title":"Street light L012150"},"type":"Feature"},{"geometry":{"coordinates":[-90.29831419177403,38.59284198740469],"type":"Point"},"id":"stl-city-public-streetlights:2:119426","properties":{"address":null,"attributes":{"Date_Installed":"2/17/20","LED_Powered":1,"LightID":"L012151","Light_Source":"LED","Light_Type":"Cobra","Lighting_Type":"LED-Powered Lamp","Verification_Date":null},"id":"stl-city-public-streetlights:2:119426","sourceLayerId":2,"sourceObjectId":119426,"sourceURL":"https://maps8.stlouis-mo.gov/arcgis/rest/services/STREETS/Streets_Permitting/MapServer/2","title":"Street light L012151"},"type":"Feature"},{"geometry":{"coordinates":[-90.29870507891604,38.59291506456526],"type":"Point"},"id":"stl-city-public-streetlights:2:119427","properties":{"address":null,"attributes":{"Date_Installed":"2/17/20","LED_Powered":1,"LightID":"L012152","Light_Source":"LED","Light_Type":"Cobra","Lighting_Type":"LED-Powered Lamp","Verification_Date":null},"id":"stl-city-public-streetlights:2:119427","sourceLayerId":2,"sourceObjectId":119427,"sourceURL":"https://maps8.stlouis-mo.gov/arcgis/rest/services/STREETS/Streets_Permitting/MapServer/2","title":"Street light L012152"},"type":"Feature"},{"geometry":{"coordinates":[-90.29895055303484,38.59314246574739],"type":"Point"},"id":"stl-city-public-streetlights:2:119428","properties":{"address":null,"attributes":{"Date_Installed":"2/17/20","LED_Powered":1,"LightID":"L012153","Light_Source":"LED","Light_Type":"Cobra","Lighting_Type":"LED-Powered Lamp","Verification_Date":null},"id":"stl-city-public-streetlights:2:119428","sourceLayerId":2,"sourceObjectId":119428,"sourceURL":"https://maps8.stlouis-mo.gov/arcgis/rest/services/STREETS/Streets_Permitting/MapServer/2","title":"Street light L012153"},"type":"Feature"},{"geometry":{"coordinates":[-90.29920715698405,38.59348388412178],"type":"Point"},"id":"stl-city-public-streetlights:2:119429","properties":{"address":null,"attributes":{"Date_Installed":"2/17/20","LED_Powered":1,"LightID":"L012154","Light_Source":"LED","Light_Type":"Cobra","Lighting_Type":"LED-Powered Lamp","Verification_Date":null},"id":"stl-city-public-streetlights:2:119429","sourceLayerId":2,"sourceObjectId":119429,"sourceURL":"https://maps8.stlouis-mo.gov/arcgis/rest/services/STREETS/Streets_Permitting/MapServer/2","title":"Street light L012154"},"type":"Feature"},{"geometry":{"coordinates":[-90.2951905609118,38.59443475865932],"type":"Point"},"id":"stl-city-public-streetlights:2:119430","properties":{"address":null,"attributes":{"Date_Installed":null,"LED_Powered":0,"LightID":"L012155","Light_Source":"LED","Light_Type":"Cobra","Lighting_Type":"LED-Powered Lamp","Verification_Date":null},"id":"stl-city-public-streetlights:2:119430","sourceLayerId":2,"sourceObjectId":119430,"sourceURL":"https://maps8.stlouis-mo.gov/arcgis/rest/services/STREETS/Streets_Permitting/MapServer/2","title":"Street light L012155"},"type":"Feature"},{"geometry":{"coordinates":[-90.2956714681079,38.59450281697379],"type":"Point"},"id":"stl-city-public-streetlights:2:119431","properties":{"address":null,"attributes":{"Date_Installed":null,"LED_Powered":0,"LightID":"L012156","Light_Source":"LED","Light_Type":"Cobra","Lighting_Type":"LED-Powered Lamp","Verification_Date":null},"id":"stl-city-public-streetlights:2:119431","sourceLayerId":2,"sourceObjectId":119431,"sourceURL":"https://maps8.stlouis-mo.gov/arcgis/rest/services/STREETS/Streets_Permitting/MapServer/2","title":"Street light L012156"},"type":"Feature"},{"geometry":{"coordinates":[-90.29614441455122,38.59455083791359],"type":"Point"},"id":"stl-city-public-streetlights:2:119432","properties":{"address":null,"attributes":{"Date_Installed":null,"LED_Powered":0,"LightID":"L012157","Light_Source":"LED","Light_Type":"Cobra","Lighting_Type":"LED-Powered Lamp","Verification_Date":null},"id":"stl-city-public-streetlights:2:119432","sourceLayerId":2,"sourceObjectId":119432,"sourceURL":"https://maps8.stlouis-mo.gov/arcgis/rest/services/STREETS/Streets_Permitting/MapServer/2","title":"Street light L012157"},"type":"Feature"},{"geometry":{"coordinates":[-90.29659987120763,38.59459739592305],"type":"Point"},"id":"stl-city-public-streetlights:2:119433","properties":{"address":null,"attributes":{"Date_Installed":null,"LED_Powered":0,"LightID":"L012158","Light_Source":"LED","Light_Type":"Cobra","Lighting_Type":"LED-Powered Lamp","Verification_Date":null},"id":"stl-city-public-streetlights:2:119433","sourceLayerId":2,"sourceObjectId":119433,"sourceURL":"https://maps8.stlouis-mo.gov/arcgis/rest/services/STREETS/Streets_Permitting/MapServer/2","title":"Street light L012158"},"type":"Feature"},{"geometry":{"coordinates":[-90.29706154397668,38.59463681252054],"type":"Point"},"id":"stl-city-public-streetlights:2:119434","properties":{"address":null,"attributes":{"Date_Installed":null,"LED_Powered":0,"LightID":"L012159","Light_Source":"LED","Light_Type":"Cobra","Lighting_Type":"LED-Powered Lamp","Verification_Date":null},"id":"stl-city-public-streetlights:2:119434","sourceLayerId":2,"sourceObjectId":119434,"sourceURL":"https://maps8.stlouis-mo.gov/arcgis/rest/services/STREETS/Streets_Permitting/MapServer/2","title":"Street light L012159"},"type":"Feature"},{"geometry":{"coordinates":[-90.29752064245234,38.59468480298534],"type":"Point"},"id":"stl-city-public-streetlights:2:119435","properties":{"address":null,"attributes":{"Date_Installed":null,"LED_Powered":0,"LightID":"L012160","Light_Source":"LED","Light_Type":"Cobra","Lighting_Type":"LED-Powered Lamp","Verification_Date":null},"id":"stl-city-public-streetlights:2:119435","sourceLayerId":2,"sourceObjectId":119435,"sourceURL":"https://maps8.stlouis-mo.gov/arcgis/rest/services/STREETS/Streets_Permitting/MapServer/2","title":"Street light L012160"},"type":"Feature"},{"geometry":{"coordinates":[-90.29368235780818,38.59430673448287],"type":"Point"},"id":"stl-city-public-streetlights:2:119436","properties":{"address":null,"attributes":{"Date_Installed":null,"LED_Powered":0,"LightID":"L012161","Light_Source":"LED","Light_Type":"Cobra","Lighting_Type":"LED-Powered Lamp","Verification_Date":null},"id":"stl-city-public-streetlights:2:119436","sourceLayerId":2,"sourceObjectId":119436,"sourceURL":"https://maps8.stlouis-mo.gov/arcgis/rest/services/STREETS/Streets_Permitting/MapServer/2","title":"Street light L012161"},"type":"Feature"},{"geometry":{"coordinates":[-90.29324846048934,38.59426306355681],"type":"Point"},"id":"stl-city-public-streetlights:2:119437","properties":{"address":null,"attributes":{"Date_Installed":null,"LED_Powered":0,"LightID":"L012162","Light_Source":"LED","Light_Type":"Cobra","Lighting_Type":"LED-Powered Lamp","Verification_Date":null},"id":"stl-city-public-streetlights:2:119437","sourceLayerId":2,"sourceObjectId":119437,"sourceURL":"https://maps8.stlouis-mo.gov/arcgis/rest/services/STREETS/Streets_Permitting/MapServer/2","title":"Street light L012162"},"type":"Feature"},{"geometry":{"coordinates":[-90.2928537336962,38.59422327385551],"type":"Point"},"id":"stl-city-public-streetlights:2:119438","properties":{"address":null,"attributes":{"Date_Installed":null,"LED_Powered":0,"LightID":"L012163","Light_Source":"LED","Light_Type":"Cobra","Lighting_Type":"LED-Powered Lamp","Verification_Date":null},"id":"stl-city-public-streetlights:2:119438","sourceLayerId":2,"sourceObjectId":119438,"sourceURL":"https://maps8.stlouis-mo.gov/arcgis/rest/services/STREETS/Streets_Permitting/MapServer/2","title":"Street light L012163"},"type":"Feature"},{"geometry":{"coordinates":[-90.29245899922753,38.594186700813175],"type":"Point"},"id":"stl-city-public-streetlights:2:119439","properties":{"address":null,"attributes":{"Date_Installed":null,"LED_Powered":0,"LightID":"L012164","Light_Source":"LED","Light_Type":"Cobra","Lighting_Type":"LED-Powered Lamp","Verification_Date":null},"id":"stl-city-public-streetlights:2:119439","sourceLayerId":2,"sourceObjectId":119439,"sourceURL":"https://maps8.stlouis-mo.gov/arcgis/rest/services/STREETS/Streets_Permitting/MapServer/2","title":"Street light L012164"},"type":"Feature"},{"geometry":{"coordinates":[-90.29207044154448,38.594145966261095],"type":"Point"},"id":"stl-city-public-streetlights:2:119440","properties":{"address":null,"attributes":{"Date_Installed":null,"LED_Powered":0,"LightID":"L012165","Light_Source":"LED","Light_Type":"Cobra","Lighting_Type":"LED-Powered Lamp","Verification_Date":null},"id":"stl-city-public-streetlights:2:119440","sourceLayerId":2,"sourceObjectId":119440,"sourceURL":"https://maps8.stlouis-mo.gov/arcgis/rest/services/STREETS/Streets_Permitting/MapServer/2","title":"Street light L012165"},"type":"Feature"},{"geometry":{"coordinates":[-90.29126490199226,38.594063489446555],"type":"Point"},"id":"stl-city-public-streetlights:2:119441","properties":{"address":null,"attributes":{"Date_Installed":null,"LED_Powered":0,"LightID":"L012166","Light_Source":"LED","Light_Type":"Cobra","Lighting_Type":"LED-Powered Lamp","Verification_Date":null},"id":"stl-city-public-streetlights:2:119441","sourceLayerId":2,"sourceObjectId":119441,"sourceURL":"https://maps8.stlouis-mo.gov/arcgis/rest/services/STREETS/Streets_Permitting/MapServer/2","title":"Street light L012166"},"type":"Feature"},{"geometry":{"coordinates":[-90.29081948667987,38.59401281603104],"type":"Point"},"id":"stl-city-public-streetlights:2:119442","properties":{"address":null,"attributes":{"Date_Installed":null,"LED_Powered":0,"LightID":"L012167","Light_Source":"LED","Light_Type":"Cobra","Lighting_Type":"LED-Powered Lamp","Verification_Date":null},"id":"stl-city-public-streetlights:2:119442","sourceLayerId":2,"sourceObjectId":119442,"sourceURL":"https://maps8.stlouis-mo.gov/arcgis/rest/services/STREETS/Streets_Permitting/MapServer/2","title":"Street light L012167"},"type":"Feature"},{"geometry":{"coordinates":[-90.29042387366361,38.59397081295765],"type":"Point"},"id":"stl-city-public-streetlights:2:119443","properties":{"address":null,"attributes":{"Date_Installed":null,"LED_Powered":0,"LightID":"L012168","Light_Source":"LED","Light_Type":"Cobra","Lighting_Type":"LED-Powered Lamp","Verification_Date":null},"id":"stl-city-public-streetlights:2:119443","sourceLayerId":2,"sourceObjectId":119443,"sourceURL":"https://maps8.stlouis-mo.gov/arcgis/rest/services/STREETS/Streets_Permitting/MapServer/2","title":"Street light L012168"},"type":"Feature"},{"geometry":{"coordinates":[-90.29002709943617,38.59393077131991],"type":"Point"},"id":"stl-city-public-streetlights:2:119444","properties":{"address":null,"attributes":{"Date_Installed":null,"LED_Powered":0,"LightID":"L012169","Light_Source":"LED","Light_Type":"Cobra","Lighting_Type":"LED-Powered Lamp","Verification_Date":null},"id":"stl-city-public-streetlights:2:119444","sourceLayerId":2,"sourceObjectId":119444,"sourceURL":"https://maps8.stlouis-mo.gov/arcgis/rest/services/STREETS/Streets_Permitting/MapServer/2","title":"Street light L012169"},"type":"Feature"},{"geometry":{"coordinates":[-90.29041192724691,38.59311050161684],"type":"Point"},"id":"stl-city-public-streetlights:2:119462","properties":{"address":null,"attributes":{"Date_Installed":null,"LED_Powered":0,"LightID":"L012187","Light_Source":"LED","Light_Type":"Cobra","Lighting_Type":"LED-Powered Lamp","Verification_Date":null},"id":"stl-city-public-streetlights:2:119462","sourceLayerId":2,"sourceObjectId":119462,"sourceURL":"https://maps8.stlouis-mo.gov/arcgis/rest/services/STREETS/Streets_Permitting/MapServer/2","title":"Street light L012187"},"type":"Feature"},{"geometry":{"coordinates":[-90.29104833117054,38.593176593336764],"type":"Point"},"id":"stl-city-public-streetlights:2:119463","properties":{"address":null,"attributes":{"Date_Installed":null,"LED_Powered":0,"LightID":"L012188","Light_Source":"LED","Light_Type":"Cobra","Lighting_Type":"LED-Powered Lamp","Verification_Date":null},"id":"stl-city-public-streetlights:2:119463","sourceLayerId":2,"sourceObjectId":119463,"sourceURL":"https://maps8.stlouis-mo.gov/arcgis/rest/services/STREETS/Streets_Permitting/MapServer/2","title":"Street light L012188"},"type":"Feature"},{"geometry":{"coordinates":[-90.29173057513839,38.593250510894165],"type":"Point"},"id":"stl-city-public-streetlights:2:119464","properties":{"address":null,"attributes":{"Date_Installed":null,"LED_Powered":0,"LightID":"L012189","Light_Source":"LED","Light_Type":"Cobra","Lighting_Type":"LED-Powered Lamp","Verification_Date":null},"id":"stl-city-public-streetlights:2:119464","sourceLayerId":2,"sourceObjectId":119464,"sourceURL":"https://maps8.stlouis-mo.gov/arcgis/rest/services/STREETS/Streets_Permitting/MapServer/2","title":"Street light L012189"},"type":"Feature"},{"geometry":{"coordinates":[-90.29239948195769,38.593315580135084],"type":"Point"},"id":"stl-city-public-streetlights:2:119465","properties":{"address":null,"attributes":{"Date_Installed":null,"LED_Powered":0,"LightID":"L012190","Light_Source":"LED","Light_Type":"Cobra","Lighting_Type":"LED-Powered Lamp","Verification_Date":null},"id":"stl-city-public-streetlights:2:119465","sourceLayerId":2,"sourceObjectId":119465,"sourceURL":"https://maps8.stlouis-mo.gov/arcgis/rest/services/STREETS/Streets_Permitting/MapServer/2","title":"Street light L012190"},"type":"Feature"},{"geometry":{"coordinates":[-90.29299673507566,38.59337253418948],"type":"Point"},"id":"stl-city-public-streetlights:2:119466","properties":{"address":null,"attributes":{"Date_Installed":null,"LED_Powered":0,"LightID":"L012191","Light_Source":"LED","Light_Type":"Cobra","Lighting_Type":"LED-Powered Lamp","Verification_Date":null},"id":"stl-city-public-streetlights:2:119466","sourceLayerId":2,"sourceObjectId":119466,"sourceURL":"https://maps8.stlouis-mo.gov/arcgis/rest/services/STREETS/Streets_Permitting/MapServer/2","title":"Street light L012191"},"type":"Feature"},{"geometry":{"coordinates":[-90.29361159284585,38.59343416397074],"type":"Point"},"id":"stl-city-public-streetlights:2:119467","properties":{"address":null,"attributes":{"Date_Installed":null,"LED_Powered":0,"LightID":"L012192","Light_Source":"LED","Light_Type":"Cobra","Lighting_Type":"LED-Powered Lamp","Verification_Date":null},"id":"stl-city-public-streetlights:2:119467","sourceLayerId":2,"sourceObjectId":119467,"sourceURL":"https://maps8.stlouis-mo.gov/arcgis/rest/services/STREETS/Streets_Permitting/MapServer/2","title":"Street light L012192"},"type":"Feature"},{"geometry":{"coordinates":[-90.29442981154172,38.59351539646379],"type":"Point"},"id":"stl-city-public-streetlights:2:119468","properties":{"address":null,"attributes":{"Date_Installed":null,"LED_Powered":0,"LightID":"L012193","Light_Source":"LED","Light_Type":"Cobra","Lighting_Type":"LED-Powered Lamp","Verification_Date":null},"id":"stl-city-public-streetlights:2:119468","sourceLayerId":2,"sourceObjectId":119468,"sourceURL":"https://maps8.stlouis-mo.gov/arcgis/rest/services/STREETS/Streets_Permitting/MapServer/2","title":"Street light L012193"},"type":"Feature"},{"geometry":{"coordinates":[-90.29503260412646,38.59357485255183],"type":"Point"},"id":"stl-city-public-streetlights:2:119469","properties":{"address":null,"attributes":{"Date_Installed":null,"LED_Powered":0,"LightID":"L012194","Light_Source":"LED","Light_Type":"Cobra","Lighting_Type":"LED-Powered Lamp","Verification_Date":null},"id":"stl-city-public-streetlights:2:119469","sourceLayerId":2,"sourceObjectId":119469,"sourceURL":"https://maps8.stlouis-mo.gov/arcgis/rest/services/STREETS/Streets_Permitting/MapServer/2","title":"Street light L012194"},"type":"Feature"},{"geometry":{"coordinates":[-90.29569064396605,38.5936398839525],"type":"Point"},"id":"stl-city-public-streetlights:2:119470","properties":{"address":null,"attributes":{"Date_Installed":null,"LED_Powered":0,"LightID":"L012195","Light_Source":"LED","Light_Type":"Cobra","Lighting_Type":"LED-Powered Lamp","Verification_Date":null},"id":"stl-city-public-streetlights:2:119470","sourceLayerId":2,"sourceObjectId":119470,"sourceURL":"https://maps8.stlouis-mo.gov/arcgis/rest/services/STREETS/Streets_Permitting/MapServer/2","title":"Street light L012195"},"type":"Feature"},{"geometry":{"coordinates":[-90.29629367066262,38.59369766549354],"type":"Point"},"id":"stl-city-public-streetlights:2:119471","properties":{"address":null,"attributes":{"Date_Installed":null,"LED_Powered":0,"LightID":"L012196","Light_Source":"LED","Light_Type":"Cobra","Lighting_Type":"LED-Powered Lamp","Verification_Date":null},"id":"stl-city-public-streetlights:2:119471","sourceLayerId":2,"sourceObjectId":119471,"sourceURL":"https://maps8.stlouis-mo.gov/arcgis/rest/services/STREETS/Streets_Permitting/MapServer/2","title":"Street light L012196"},"type":"Feature"},{"geometry":{"coordinates":[-90.29691770710753,38.59375929388343],"type":"Point"},"id":"stl-city-public-streetlights:2:119472","properties":{"address":null,"attributes":{"Date_Installed":null,"LED_Powered":0,"LightID":"L012197","Light_Source":"LED","Light_Type":"Cobra","Lighting_Type":"LED-Powered Lamp","Verification_Date":null},"id":"stl-city-public-streetlights:2:119472","sourceLayerId":2,"sourceObjectId":119472,"sourceURL":"https://maps8.stlouis-mo.gov/arcgis/rest/services/STREETS/Streets_Permitting/MapServer/2","title":"Street light L012197"},"type":"Feature"},{"geometry":{"coordinates":[-90.29770048130554,38.593837879852586],"type":"Point"},"id":"stl-city-public-streetlights:2:119473","properties":{"address":null,"attributes":{"Date_Installed":null,"LED_Powered":0,"LightID":"L012198","Light_Source":"LED","Light_Type":"Cobra","Lighting_Type":"LED-Powered Lamp","Verification_Date":null},"id":"stl-city-public-streetlights:2:119473","sourceLayerId":2,"sourceObjectId":119473,"sourceURL":"https://maps8.stlouis-mo.gov/arcgis/rest/services/STREETS/Streets_Permitting/MapServer/2","title":"Street light L012198"},"type":"Feature"},{"geometry":{"coordinates":[-90.29831297920168,38.59389900428382],"type":"Point"},"id":"stl-city-public-streetlights:2:119474","properties":{"address":null,"attributes":{"Date_Installed":null,"LED_Powered":0,"LightID":"L012199","Light_Source":"LED","Light_Type":"Cobra","Lighting_Type":"LED-Powered Lamp","Verification_Date":null},"id":"stl-city-public-streetlights:2:119474","sourceLayerId":2,"sourceObjectId":119474,"sourceURL":"https://maps8.stlouis-mo.gov/arcgis/rest/services/STREETS/Streets_Permitting/MapServer/2","title":"Street light L012199"},"type":"Feature"},{"geometry":{"coordinates":[-90.299726010203,38.59357320520513],"type":"Point"},"id":"stl-city-public-streetlights:2:119475","properties":{"address":null,"attributes":{"Date_Installed":null,"LED_Powered":0,"LightID":"L012200","Light_Source":"LED","Light_Type":"Cobra","Lighting_Type":"LED-Powered Lamp","Verification_Date":null},"id":"stl-city-public-streetlights:2:119475","sourceLayerId":2,"sourceObjectId":119475,"sourceURL":"https://maps8.stlouis-mo.gov/arcgis/rest/services/STREETS/Streets_Permitting/MapServer/2","title":"Street light L012200"},"type":"Feature"},{"geometry":{"coordinates":[-90.299882442367,38.59330796579956],"type":"Point"},"id":"stl-city-public-streetlights:2:119482","properties":{"address":null,"attributes":{"Date_Installed":"2/17/20","LED_Powered":1,"LightID":"L012207","Light_Source":"LED","Light_Type":"Cobra","Lighting_Type":"LED-Powered Lamp","Verification_Date":null},"id":"stl-city-public-streetlights:2:119482","sourceLayerId":2,"sourceObjectId":119482,"sourceURL":"https://maps8.stlouis-mo.gov/arcgis/rest/services/STREETS/Streets_Permitting/MapServer/2","title":"Street light L012207"},"type":"Feature"},{"geometry":{"coordinates":[-90.29931324579238,38.593576073804876],"type":"Point"},"id":"stl-city-public-streetlights:2:119483","properties":{"address":null,"attributes":{"Date_Installed":"2/17/20","LED_Powered":1,"LightID":"L012208","Light_Source":"LED","Light_Type":"Cobra","Lighting_Type":"LED-Powered Lamp","Verification_Date":null},"id":"stl-city-public-streetlights:2:119483","sourceLayerId":2,"sourceObjectId":119483,"sourceURL":"https://maps8.stlouis-mo.gov/arcgis/rest/services/STREETS/Streets_Permitting/MapServer/2","title":"Street light L012208"},"type":"Feature"},{"geometry":{"coordinates":[-90.29867696782416,38.59372228939812],"type":"Point"},"id":"stl-city-public-streetlights:2:119484","properties":{"address":null,"attributes":{"Date_Installed":"2/17/20","LED_Powered":1,"LightID":"L012209","Light_Source":"LED","Light_Type":"Cobra","Lighting_Type":"LED-Powered Lamp","Verification_Date":null},"id":"stl-city-public-streetlights:2:119484","sourceLayerId":2,"sourceObjectId":119484,"sourceURL":"https://maps8.stlouis-mo.gov/arcgis/rest/services/STREETS/Streets_Permitting/MapServer/2","title":"Street light L012209"},"type":"Feature"},{"geometry":{"coordinates":[-90.29803835691557,38.59370259640987],"type":"Point"},"id":"stl-city-public-streetlights:2:119485","properties":{"address":null,"attributes":{"Date_Installed":"2/17/20","LED_Powered":1,"LightID":"L012210","Light_Source":"LED","Light_Type":"Cobra","Lighting_Type":"LED-Powered Lamp","Verification_Date":null},"id":"stl-city-public-streetlights:2:119485","sourceLayerId":2,"sourceObjectId":119485,"sourceURL":"https://maps8.stlouis-mo.gov/arcgis/rest/services/STREETS/Streets_Permitting/MapServer/2","title":"Street light L012210"},"type":"Feature"},{"geometry":{"coordinates":[-90.29730076033405,38.59363009813542],"type":"Point"},"id":"stl-city-public-streetlights:2:119486","properties":{"address":null,"attributes":{"Date_Installed":"2/17/20","LED_Powered":1,"LightID":"L012211","Light_Source":"LED","Light_Type":"Cobra","Lighting_Type":"LED-Powered Lamp","Verification_Date":null},"id":"stl-city-public-streetlights:2:119486","sourceLayerId":2,"sourceObjectId":119486,"sourceURL":"https://maps8.stlouis-mo.gov/arcgis/rest/services/STREETS/Streets_Permitting/MapServer/2","title":"Street light L012211"},"type":"Feature"},{"geometry":{"coordinates":[-90.29664368672921,38.593566317099636],"type":"Point"},"id":"stl-city-public-streetlights:2:119487","properties":{"address":null,"attributes":{"Date_Installed":"2/17/20","LED_Powered":1,"LightID":"L012212","Light_Source":"LED","Light_Type":"Cobra","Lighting_Type":"LED-Powered Lamp","Verification_Date":null},"id":"stl-city-public-streetlights:2:119487","sourceLayerId":2,"sourceObjectId":119487,"sourceURL":"https://maps8.stlouis-mo.gov/arcgis/rest/services/STREETS/Streets_Permitting/MapServer/2","title":"Street light L012212"},"type":"Feature"},{"geometry":{"coordinates":[-90.29604638162495,38.59350463743933],"type":"Point"},"id":"stl-city-public-streetlights:2:119488","properties":{"address":null,"attributes":{"Date_Installed":"2/17/20","LED_Powered":1,"LightID":"L012213","Light_Source":"LED","Light_Type":"Cobra","Lighting_Type":"LED-Powered Lamp","Verification_Date":null},"id":"stl-city-public-streetlights:2:119488","sourceLayerId":2,"sourceObjectId":119488,"sourceURL":"https://maps8.stlouis-mo.gov/arcgis/rest/services/STREETS/Streets_Permitting/MapServer/2","title":"Street light L012213"},"type":"Feature"},{"geometry":{"coordinates":[-90.29539016172055,38.5934405643691],"type":"Point"},"id":"stl-city-public-streetlights:2:119489","properties":{"address":null,"attributes":{"Date_Installed":"2/17/20","LED_Powered":1,"LightID":"L012214","Light_Source":"LED","Light_Type":"Cobra","Lighting_Type":"LED-Powered Lamp","Verification_Date":null},"id":"stl-city-public-streetlights:2:119489","sourceLayerId":2,"sourceObjectId":119489,"sourceURL":"https://maps8.stlouis-mo.gov/arcgis/rest/services/STREETS/Streets_Permitting/MapServer/2","title":"Street light L012214"},"type":"Feature"},{"geometry":{"coordinates":[-90.29472352367225,38.59337718375864],"type":"Point"},"id":"stl-city-public-streetlights:2:119490","properties":{"address":null,"attributes":{"Date_Installed":"2020-01-23","LED_Powered":1,"LightID":"L012215","Light_Source":"LED","Light_Type":"Cobra","Lighting_Type":"5G Pole - 5G Pole -5G Pole - 1A","Verification_Date":null},"id":"stl-city-public-streetlights:2:119490","sourceLayerId":2,"sourceObjectId":119490,"sourceURL":"https://maps8.stlouis-mo.gov/arcgis/rest/services/STREETS/Streets_Permitting/MapServer/2","title":"Street light L012215"},"type":"Feature"},{"geometry":{"coordinates":[-90.29399828428505,38.59330827461977],"type":"Point"},"id":"stl-city-public-streetlights:2:119491","properties":{"address":null,"attributes":{"Date_Installed":"2/17/20","LED_Powered":1,"LightID":"L012216","Light_Source":"LED","Light_Type":"Cobra","Lighting_Type":"LED-Powered Lamp","Verification_Date":null},"id":"stl-city-public-streetlights:2:119491","sourceLayerId":2,"sourceObjectId":119491,"sourceURL":"https://maps8.stlouis-mo.gov/arcgis/rest/services/STREETS/Streets_Permitting/MapServer/2","title":"Street light L012216"},"type":"Feature"},{"geometry":{"coordinates":[-90.29325196334068,38.5932306832441],"type":"Point"},"id":"stl-city-public-streetlights:2:119492","properties":{"address":null,"attributes":{"Date_Installed":"2/17/20","LED_Powered":1,"LightID":"L012217","Light_Source":"LED","Light_Type":"Cobra","Lighting_Type":"LED-Powered Lamp","Verification_Date":null},"id":"stl-city-public-streetlights:2:119492","sourceLayerId":2,"sourceObjectId":119492,"sourceURL":"https://maps8.stlouis-mo.gov/arcgis/rest/services/STREETS/Streets_Permitting/MapServer/2","title":"Street light L012217"},"type":"Feature"},{"geometry":{"coordinates":[-90.29276249884512,38.593185005141414],"type":"Point"},"id":"stl-city-public-streetlights:2:119493","properties":{"address":null,"attributes":{"Date_Installed":"2/17/20","LED_Powered":1,"LightID":"L012218","Light_Source":"LED","Light_Type":"Cobra","Lighting_Type":"LED-Powered Lamp","Verification_Date":null},"id":"stl-city-public-streetlights:2:119493","sourceLayerId":2,"sourceObjectId":119493,"sourceURL":"https://maps8.stlouis-mo.gov/arcgis/rest/services/STREETS/Streets_Permitting/MapServer/2","title":"Street light L012218"},"type":"Feature"},{"geometry":{"coordinates":[-90.29210333594483,38.593111730994494],"type":"Point"},"id":"stl-city-public-streetlights:2:119494","properties":{"address":null,"attributes":{"Date_Installed":"2/17/20","LED_Powered":1,"LightID":"L012219","Light_Source":"LED","Light_Type":"Cobra","Lighting_Type":"LED-Powered Lamp","Verification_Date":null},"id":"stl-city-public-streetlights:2:119494","sourceLayerId":2,"sourceObjectId":119494,"sourceURL":"https://maps8.stlouis-mo.gov/arcgis/rest/services/STREETS/Streets_Permitting/MapServer/2","title":"Street light L012219"},"type":"Feature"},{"geometry":{"coordinates":[-90.2914183275487,38.59304853766391],"type":"Point"},"id":"stl-city-public-streetlights:2:119495","properties":{"address":null,"attributes":{"Date_Installed":null,"LED_Powered":0,"LightID":"L012220","Light_Source":"LED","Light_Type":"Cobra","Lighting_Type":"LED-Powered Lamp","Verification_Date":null},"id":"stl-city-public-streetlights:2:119495","sourceLayerId":2,"sourceObjectId":119495,"sourceURL":"https://maps8.stlouis-mo.gov/arcgis/rest/services/STREETS/Streets_Permitting/MapServer/2","title":"Street light L012220"},"type":"Feature"},{"geometry":{"coordinates":[-90.29073911279232,38.592978200263715],"type":"Point"},"id":"stl-city-public-streetlights:2:119496","properties":{"address":null,"attributes":{"Date_Installed":null,"LED_Powered":0,"LightID":"L012221","Light_Source":"LED","Light_Type":"Cobra","Lighting_Type":"LED-Powered Lamp","Verification_Date":null},"id":"stl-city-public-streetlights:2:119496","sourceLayerId":2,"sourceObjectId":119496,"sourceURL":"https://maps8.stlouis-mo.gov/arcgis/rest/services/STREETS/Streets_Permitting/MapServer/2","title":"Street light L012221"},"type":"Feature"},{"geometry":{"coordinates":[-90.2900708348939,38.59290728214642],"type":"Point"},"id":"stl-city-public-streetlights:2:119497","properties":{"address":null,"attributes":{"Date_Installed":null,"LED_Powered":0,"LightID":"L012222","Light_Source":"LED","Light_Type":"Cobra","Lighting_Type":"LED-Powered Lamp","Verification_Date":null},"id":"stl-city-public-streetlights:2:119497","sourceLayerId":2,"sourceObjectId":119497,"sourceURL":"https://maps8.stlouis-mo.gov/arcgis/rest/services/STREETS/Streets_Permitting/MapServer/2","title":"Street light L012222"},"type":"Feature"},{"geometry":{"coordinates":[-90.29289014541608,38.596835940537666],"type":"Point"},"id":"stl-city-public-streetlights:2:119748","properties":{"address":null,"attributes":{"Date_Installed":null,"LED_Powered":0,"LightID":"L012473","Light_Source":"LED","Light_Type":"Cobra","Lighting_Type":"400-W High Pressure Sodium Vapor Lamp","Verification_Date":null},"id":"stl-city-public-streetlights:2:119748","sourceLayerId":2,"sourceObjectId":119748,"sourceURL":"https://maps8.stlouis-mo.gov/arcgis/rest/services/STREETS/Streets_Permitting/MapServer/2","title":"Street light L012473"},"type":"Feature"},{"geometry":{"coordinates":[-90.29972902988396,38.59834782786646],"type":"Point"},"id":"stl-city-public-streetlights:2:119750","properties":{"address":null,"attributes":{"Date_Installed":null,"LED_Powered":0,"LightID":"L012475","Light_Source":"LED","Light_Type":"Cobra","Lighting_Type":"LED-Powered Lamp","Verification_Date":null},"id":"stl-city-public-streetlights:2:119750","sourceLayerId":2,"sourceObjectId":119750,"sourceURL":"https://maps8.stlouis-mo.gov/arcgis/rest/services/STREETS/Streets_Permitting/MapServer/2","title":"Street light L012475"},"type":"Feature"},{"geometry":{"coordinates":[-90.29928872625459,38.59830416837391],"type":"Point"},"id":"stl-city-public-streetlights:2:119751","properties":{"address":null,"attributes":{"Date_Installed":null,"LED_Powered":0,"LightID":"L012476","Light_Source":"LED","Light_Type":"Cobra","Lighting_Type":"LED-Powered Lamp","Verification_Date":null},"id":"stl-city-public-streetlights:2:119751","sourceLayerId":2,"sourceObjectId":119751,"sourceURL":"https://maps8.stlouis-mo.gov/arcgis/rest/services/STREETS/Streets_Permitting/MapServer/2","title":"Street light L012476"},"type":"Feature"},{"geometry":{"coordinates":[-90.29887331663252,38.59826531755338],"type":"Point"},"id":"stl-city-public-streetlights:2:119752","properties":{"address":null,"attributes":{"Date_Installed":null,"LED_Powered":0,"LightID":"L012477","Light_Source":"LED","Light_Type":"Cobra","Lighting_Type":"LED-Powered Lamp","Verification_Date":null},"id":"stl-city-public-streetlights:2:119752","sourceLayerId":2,"sourceObjectId":119752,"sourceURL":"https://maps8.stlouis-mo.gov/arcgis/rest/services/STREETS/Streets_Permitting/MapServer/2","title":"Street light L012477"},"type":"Feature"},{"geometry":{"coordinates":[-90.29845885011186,38.59821573990967],"type":"Point"},"id":"stl-city-public-streetlights:2:119753","properties":{"address":null,"attributes":{"Date_Installed":null,"LED_Powered":0,"LightID":"L012478","Light_Source":"LED","Light_Type":"Cobra","Lighting_Type":"LED-Powered Lamp","Verification_Date":null},"id":"stl-city-public-streetlights:2:119753","sourceLayerId":2,"sourceObjectId":119753,"sourceURL":"https://maps8.stlouis-mo.gov/arcgis/rest/services/STREETS/Streets_Permitting/MapServer/2","title":"Street light L012478"},"type":"Feature"},{"geometry":{"coordinates":[-90.29805588815087,38.59817929139534],"type":"Point"},"id":"stl-city-public-streetlights:2:119754","properties":{"address":null,"attributes":{"Date_Installed":null,"LED_Powered":0,"LightID":"L012479","Light_Source":"LED","Light_Type":"Cobra","Lighting_Type":"LED-Powered Lamp","Verification_Date":null},"id":"stl-city-public-streetlights:2:119754","sourceLayerId":2,"sourceObjectId":119754,"sourceURL":"https://maps8.stlouis-mo.gov/arcgis/rest/services/STREETS/Streets_Permitting/MapServer/2","title":"Street light L012479"},"type":"Feature"},{"geometry":{"coordinates":[-90.2975973723399,38.59813201845492],"type":"Point"},"id":"stl-city-public-streetlights:2:119755","properties":{"address":null,"attributes":{"Date_Installed":null,"LED_Powered":0,"LightID":"L012480","Light_Source":"LED","Light_Type":"Cobra","Lighting_Type":"LED-Powered Lamp","Verification_Date":null},"id":"stl-city-public-streetlights:2:119755","sourceLayerId":2,"sourceObjectId":119755,"sourceURL":"https://maps8.stlouis-mo.gov/arcgis/rest/services/STREETS/Streets_Permitting/MapServer/2","title":"Street light L012480"},"type":"Feature"},{"geometry":{"coordinates":[-90.29716678196347,38.59809170469846],"type":"Point"},"id":"stl-city-public-streetlights:2:119756","properties":{"address":null,"attributes":{"Date_Installed":null,"LED_Powered":0,"LightID":"L012481","Light_Source":"LED","Light_Type":"Cobra","Lighting_Type":"LED-Powered Lamp","Verification_Date":null},"id":"stl-city-public-streetlights:2:119756","sourceLayerId":2,"sourceObjectId":119756,"sourceURL":"https://maps8.stlouis-mo.gov/arcgis/rest/services/STREETS/Streets_Permitting/MapServer/2","title":"Street light L012481"},"type":"Feature"},{"geometry":{"coordinates":[-90.29670073739305,38.598043699885054],"type":"Point"},"id":"stl-city-public-streetlights:2:119757","properties":{"address":null,"attributes":{"Date_Installed":null,"LED_Powered":0,"LightID":"L012482","Light_Source":"LED","Light_Type":"Cobra","Lighting_Type":"LED-Powered Lamp","Verification_Date":null},"id":"stl-city-public-streetlights:2:119757","sourceLayerId":2,"sourceObjectId":119757,"sourceURL":"https://maps8.stlouis-mo.gov/arcgis/rest/services/STREETS/Streets_Permitting/MapServer/2","title":"Street light L012482"},"type":"Feature"},{"geometry":{"coordinates":[-90.29627076477661,38.598000046985284],"type":"Point"},"id":"stl-city-public-streetlights:2:119758","properties":{"address":null,"attributes":{"Date_Installed":null,"LED_Powered":0,"LightID":"L012483","Light_Source":"LED","Light_Type":"Cobra","Lighting_Type":"LED-Powered Lamp","Verification_Date":null},"id":"stl-city-public-streetlights:2:119758","sourceLayerId":2,"sourceObjectId":119758,"sourceURL":"https://maps8.stlouis-mo.gov/arcgis/rest/services/STREETS/Streets_Permitting/MapServer/2","title":"Street light L012483"},"type":"Feature"},{"geometry":{"coordinates":[-90.2958196165003,38.59794801326314],"type":"Point"},"id":"stl-city-public-streetlights:2:119759","properties":{"address":null,"attributes":{"Date_Installed":null,"LED_Powered":0,"LightID":"L012484","Light_Source":"LED","Light_Type":"Cobra","Lighting_Type":"LED-Powered Lamp","Verification_Date":null},"id":"stl-city-public-streetlights:2:119759","sourceLayerId":2,"sourceObjectId":119759,"sourceURL":"https://maps8.stlouis-mo.gov/arcgis/rest/services/STREETS/Streets_Permitting/MapServer/2","title":"Street light L012484"},"type":"Feature"},{"geometry":{"coordinates":[-90.29536929538301,38.59790408281119],"type":"Point"},"id":"stl-city-public-streetlights:2:119760","properties":{"address":null,"attributes":{"Date_Installed":null,"LED_Powered":0,"LightID":"L012485","Light_Source":"LED","Light_Type":"Cobra","Lighting_Type":"LED-Powered Lamp","Verification_Date":null},"id":"stl-city-public-streetlights:2:119760","sourceLayerId":2,"sourceObjectId":119760,"sourceURL":"https://maps8.stlouis-mo.gov/arcgis/rest/services/STREETS/Streets_Permitting/MapServer/2","title":"Street light L012485"},"type":"Feature"},{"geometry":{"coordinates":[-90.29494297334188,38.59785900079324],"type":"Point"},"id":"stl-city-public-streetlights:2:119761","properties":{"address":null,"attributes":{"Date_Installed":null,"LED_Powered":0,"LightID":"L012486","Light_Source":"LED","Light_Type":"Cobra","Lighting_Type":"LED-Powered Lamp","Verification_Date":null},"id":"stl-city-public-streetlights:2:119761","sourceLayerId":2,"sourceObjectId":119761,"sourceURL":"https://maps8.stlouis-mo.gov/arcgis/rest/services/STREETS/Streets_Permitting/MapServer/2","title":"Street light L012486"},"type":"Feature"},{"geometry":{"coordinates":[-90.29449458057775,38.59781554782972],"type":"Point"},"id":"stl-city-public-streetlights:2:119762","properties":{"address":null,"attributes":{"Date_Installed":null,"LED_Powered":0,"LightID":"L012487","Light_Source":"LED","Light_Type":"Cobra","Lighting_Type":"LED-Powered Lamp","Verification_Date":null},"id":"stl-city-public-streetlights:2:119762","sourceLayerId":2,"sourceObjectId":119762,"sourceURL":"https://maps8.stlouis-mo.gov/arcgis/rest/services/STREETS/Streets_Permitting/MapServer/2","title":"Street light L012487"},"type":"Feature"},{"geometry":{"coordinates":[-90.29413501726597,38.59777692058573],"type":"Point"},"id":"stl-city-public-streetlights:2:119763","properties":{"address":null,"attributes":{"Date_Installed":null,"LED_Powered":0,"LightID":"L012488","Light_Source":"LED","Light_Type":"Cobra","Lighting_Type":"LED-Powered Lamp","Verification_Date":null},"id":"stl-city-public-streetlights:2:119763","sourceLayerId":2,"sourceObjectId":119763,"sourceURL":"https://maps8.stlouis-mo.gov/arcgis/rest/services/STREETS/Streets_Permitting/MapServer/2","title":"Street light L012488"},"type":"Feature"},{"geometry":{"coordinates":[-90.29368746416522,38.597732846190496],"type":"Point"},"id":"stl-city-public-streetlights:2:119764","properties":{"address":null,"attributes":{"Date_Installed":null,"LED_Powered":0,"LightID":"L012489","Light_Source":"LED","Light_Type":"Cobra","Lighting_Type":"LED-Powered Lamp","Verification_Date":null},"id":"stl-city-public-streetlights:2:119764","sourceLayerId":2,"sourceObjectId":119764,"sourceURL":"https://maps8.stlouis-mo.gov/arcgis/rest/services/STREETS/Streets_Permitting/MapServer/2","title":"Street light L012489"},"type":"Feature"},{"geometry":{"coordinates":[-90.29327737882561,38.597693030845846],"type":"Point"},"id":"stl-city-public-streetlights:2:119765","properties":{"address":null,"attributes":{"Date_Installed":null,"LED_Powered":0,"LightID":"L012490","Light_Source":"LED","Light_Type":"Cobra","Lighting_Type":"LED-Powered Lamp","Verification_Date":null},"id":"stl-city-public-streetlights:2:119765","sourceLayerId":2,"sourceObjectId":119765,"sourceURL":"https://maps8.stlouis-mo.gov/arcgis/rest/services/STREETS/Streets_Permitting/MapServer/2","title":"Street light L012490"},"type":"Feature"},{"geometry":{"coordinates":[-90.29284012191229,38.5976493524763],"type":"Point"},"id":"stl-city-public-streetlights:2:119766","properties":{"address":null,"attributes":{"Date_Installed":"2020-01-14","LED_Powered":1,"LightID":"L012491","Light_Source":"LED","Light_Type":"Cobra","Lighting_Type":"5G Pole - 5G Pole -5G Pole - 2A","Verification_Date":null},"id":"stl-city-public-streetlights:2:119766","sourceLayerId":2,"sourceObjectId":119766,"sourceURL":"https://maps8.stlouis-mo.gov/arcgis/rest/services/STREETS/Streets_Permitting/MapServer/2","title":"Street light L012491"},"type":"Feature"},{"geometry":{"coordinates":[-90.2923559153393,38.597597285620104],"type":"Point"},"id":"stl-city-public-streetlights:2:119767","properties":{"address":null,"attributes":{"Date_Installed":"3/2020","LED_Powered":1,"LightID":"L012492","Light_Source":"LED","Light_Type":"Cobra","Lighting_Type":"LED-Powered Lamp","Verification_Date":null},"id":"stl-city-public-streetlights:2:119767","sourceLayerId":2,"sourceObjectId":119767,"sourceURL":"https://maps8.stlouis-mo.gov/arcgis/rest/services/STREETS/Streets_Permitting/MapServer/2","title":"Street light L012492"},"type":"Feature"},{"geometry":{"coordinates":[-90.29189605802028,38.597554422176955],"type":"Point"},"id":"stl-city-public-streetlights:2:119768","properties":{"address":null,"attributes":{"Date_Installed":"3/2020","LED_Powered":1,"LightID":"L012493","Light_Source":"LED","Light_Type":"Cobra","Lighting_Type":"LED-Powered Lamp","Verification_Date":null},"id":"stl-city-public-streetlights:2:119768","sourceLayerId":2,"sourceObjectId":119768,"sourceURL":"https://maps8.stlouis-mo.gov/arcgis/rest/services/STREETS/Streets_Permitting/MapServer/2","title":"Street light L012493"},"type":"Feature"},{"geometry":{"coordinates":[-90.29139274854178,38.59750416870825],"type":"Point"},"id":"stl-city-public-streetlights:2:119769","properties":{"address":null,"attributes":{"Date_Installed":"3/2020","LED_Powered":1,"LightID":"L012494","Light_Source":"LED","Light_Type":"Cobra","Lighting_Type":"LED-Powered Lamp","Verification_Date":null},"id":"stl-city-public-streetlights:2:119769","sourceLayerId":2,"sourceObjectId":119769,"sourceURL":"https://maps8.stlouis-mo.gov/arcgis/rest/services/STREETS/Streets_Permitting/MapServer/2","title":"Street light L012494"},"type":"Feature"},{"geometry":{"coordinates":[-90.2909902882683,38.59746478866935],"type":"Point"},"id":"stl-city-public-streetlights:2:119770","properties":{"address":null,"attributes":{"Date_Installed":"3/2020","LED_Powered":1,"LightID":"L012495","Light_Source":"LED","Light_Type":"Cobra","Lighting_Type":"LED-Powered Lamp","Verification_Date":null},"id":"stl-city-public-streetlights:2:119770","sourceLayerId":2,"sourceObjectId":119770,"sourceURL":"https://maps8.stlouis-mo.gov/arcgis/rest/services/STREETS/Streets_Permitting/MapServer/2","title":"Street light L012495"},"type":"Feature"},{"geometry":{"coordinates":[-90.29280074767085,38.59851890896991],"type":"Point"},"id":"stl-city-public-streetlights:2:119771","properties":{"address":null,"attributes":{"Date_Installed":null,"LED_Powered":0,"LightID":"L012496","Light_Source":"LED","Light_Type":"Cobra","Lighting_Type":"LED-Powered Lamp","Verification_Date":null},"id":"stl-city-public-streetlights:2:119771","sourceLayerId":2,"sourceObjectId":119771,"sourceURL":"https://maps8.stlouis-mo.gov/arcgis/rest/services/STREETS/Streets_Permitting/MapServer/2","title":"Street light L012496"},"type":"Feature"},{"geometry":{"coordinates":[-90.2933327655389,38.59856704583296],"type":"Point"},"id":"stl-city-public-streetlights:2:119772","properties":{"address":null,"attributes":{"Date_Installed":null,"LED_Powered":0,"LightID":"L012497","Light_Source":"LED","Light_Type":"Cobra","Lighting_Type":"LED-Powered Lamp","Verification_Date":null},"id":"stl-city-public-streetlights:2:119772","sourceLayerId":2,"sourceObjectId":119772,"sourceURL":"https://maps8.stlouis-mo.gov/arcgis/rest/services/STREETS/Streets_Permitting/MapServer/2","title":"Street light L012497"},"type":"Feature"},{"geometry":{"coordinates":[-90.29382995538195,38.59862185222583],"type":"Point"},"id":"stl-city-public-streetlights:2:119773","properties":{"address":null,"attributes":{"Date_Installed":null,"LED_Powered":0,"LightID":"L012498","Light_Source":"LED","Light_Type":"Cobra","Lighting_Type":"LED-Powered Lamp","Verification_Date":null},"id":"stl-city-public-streetlights:2:119773","sourceLayerId":2,"sourceObjectId":119773,"sourceURL":"https://maps8.stlouis-mo.gov/arcgis/rest/services/STREETS/Streets_Permitting/MapServer/2","title":"Street light L012498"},"type":"Feature"},{"geometry":{"coordinates":[-90.29433189592773,38.598673208116736],"type":"Point"},"id":"stl-city-public-streetlights:2:119774","properties":{"address":null,"attributes":{"Date_Installed":null,"LED_Powered":0,"LightID":"L012499","Light_Source":"LED","Light_Type":"Cobra","Lighting_Type":"LED-Powered Lamp","Verification_Date":null},"id":"stl-city-public-streetlights:2:119774","sourceLayerId":2,"sourceObjectId":119774,"sourceURL":"https://maps8.stlouis-mo.gov/arcgis/rest/services/STREETS/Streets_Permitting/MapServer/2","title":"Street light L012499"},"type":"Feature"},{"geometry":{"coordinates":[-90.29485157607205,38.59872417673891],"type":"Point"},"id":"stl-city-public-streetlights:2:119775","properties":{"address":null,"attributes":{"Date_Installed":null,"LED_Powered":0,"LightID":"L012500","Light_Source":"LED","Light_Type":"Cobra","Lighting_Type":"LED-Powered Lamp","Verification_Date":null},"id":"stl-city-public-streetlights:2:119775","sourceLayerId":2,"sourceObjectId":119775,"sourceURL":"https://maps8.stlouis-mo.gov/arcgis/rest/services/STREETS/Streets_Permitting/MapServer/2","title":"Street light L012500"},"type":"Feature"},{"geometry":{"coordinates":[-90.29536793788432,38.59877763994128],"type":"Point"},"id":"stl-city-public-streetlights:2:119776","properties":{"address":null,"attributes":{"Date_Installed":null,"LED_Powered":0,"LightID":"L012501","Light_Source":"LED","Light_Type":"Cobra","Lighting_Type":"LED-Powered Lamp","Verification_Date":null},"id":"stl-city-public-streetlights:2:119776","sourceLayerId":2,"sourceObjectId":119776,"sourceURL":"https://maps8.stlouis-mo.gov/arcgis/rest/services/STREETS/Streets_Permitting/MapServer/2","title":"Street light L012501"},"type":"Feature"},{"geometry":{"coordinates":[-90.29587799431495,38.59882751421093],"type":"Point"},"id":"stl-city-public-streetlights:2:119777","properties":{"address":null,"attributes":{"Date_Installed":null,"LED_Powered":0,"LightID":"L012502","Light_Source":"LED","Light_Type":"Cobra","Lighting_Type":"LED-Powered Lamp","Verification_Date":null},"id":"stl-city-public-streetlights:2:119777","sourceLayerId":2,"sourceObjectId":119777,"sourceURL":"https://maps8.stlouis-mo.gov/arcgis/rest/services/STREETS/Streets_Permitting/MapServer/2","title":"Street light L012502"},"type":"Feature"},{"geometry":{"coordinates":[-90.29640962727687,38.59888421655269],"type":"Point"},"id":"stl-city-public-streetlights:2:119778","properties":{"address":null,"attributes":{"Date_Installed":null,"LED_Powered":0,"LightID":"L012503","Light_Source":"LED","Light_Type":"Cobra","Lighting_Type":"LED-Powered Lamp","Verification_Date":null},"id":"stl-city-public-streetlights:2:119778","sourceLayerId":2,"sourceObjectId":119778,"sourceURL":"https://maps8.stlouis-mo.gov/arcgis/rest/services/STREETS/Streets_Permitting/MapServer/2","title":"Street light L012503"},"type":"Feature"},{"geometry":{"coordinates":[-90.29690774124957,38.59893656824852],"type":"Point"},"id":"stl-city-public-streetlights:2:119779","properties":{"address":null,"attributes":{"Date_Installed":null,"LED_Powered":0,"LightID":"L012504","Light_Source":"LED","Light_Type":"Cobra","Lighting_Type":"LED-Powered Lamp","Verification_Date":null},"id":"stl-city-public-streetlights:2:119779","sourceLayerId":2,"sourceObjectId":119779,"sourceURL":"https://maps8.stlouis-mo.gov/arcgis/rest/services/STREETS/Streets_Permitting/MapServer/2","title":"Street light L012504"},"type":"Feature"},{"geometry":{"coordinates":[-90.29743028305506,38.59898652949147],"type":"Point"},"id":"stl-city-public-streetlights:2:119780","properties":{"address":null,"attributes":{"Date_Installed":null,"LED_Powered":0,"LightID":"L012505","Light_Source":"LED","Light_Type":"Cobra","Lighting_Type":"LED-Powered Lamp","Verification_Date":null},"id":"stl-city-public-streetlights:2:119780","sourceLayerId":2,"sourceObjectId":119780,"sourceURL":"https://maps8.stlouis-mo.gov/arcgis/rest/services/STREETS/Streets_Permitting/MapServer/2","title":"Street light L012505"},"type":"Feature"},{"geometry":{"coordinates":[-90.29789561059928,38.59903302746529],"type":"Point"},"id":"stl-city-public-streetlights:2:119781","properties":{"address":null,"attributes":{"Date_Installed":null,"LED_Powered":0,"LightID":"L012506","Light_Source":"LED","Light_Type":"Cobra","Lighting_Type":"LED-Powered Lamp","Verification_Date":null},"id":"stl-city-public-streetlights:2:119781","sourceLayerId":2,"sourceObjectId":119781,"sourceURL":"https://maps8.stlouis-mo.gov/arcgis/rest/services/STREETS/Streets_Permitting/MapServer/2","title":"Street light L012506"},"type":"Feature"},{"geometry":{"coordinates":[-90.2984084895701,38.599084326205],"type":"Point"},"id":"stl-city-public-streetlights:2:119782","properties":{"address":null,"attributes":{"Date_Installed":null,"LED_Powered":0,"LightID":"L012507","Light_Source":"LED","Light_Type":"Cobra","Lighting_Type":"LED-Powered Lamp","Verification_Date":null},"id":"stl-city-public-streetlights:2:119782","sourceLayerId":2,"sourceObjectId":119782,"sourceURL":"https://maps8.stlouis-mo.gov/arcgis/rest/services/STREETS/Streets_Permitting/MapServer/2","title":"Street light L012507"},"type":"Feature"},{"geometry":{"coordinates":[-90.29891042539153,38.59913929846998],"type":"Point"},"id":"stl-city-public-streetlights:2:119783","properties":{"address":null,"attributes":{"Date_Installed":"2020-01-13","LED_Powered":1,"LightID":"L012508","Light_Source":"LED","Light_Type":"Cobra","Lighting_Type":"5G Pole - 5G Pole -5G Pole - 2A","Verification_Date":null},"id":"stl-city-public-streetlights:2:119783","sourceLayerId":2,"sourceObjectId":119783,"sourceURL":"https://maps8.stlouis-mo.gov/arcgis/rest/services/STREETS/Streets_Permitting/MapServer/2","title":"Street light L012508"},"type":"Feature"},{"geometry":{"coordinates":[-90.29942543525726,38.59919023785824],"type":"Point"},"id":"stl-city-public-streetlights:2:119784","properties":{"address":null,"attributes":{"Date_Installed":null,"LED_Powered":0,"LightID":"L012509","Light_Source":"LED","Light_Type":"Cobra","Lighting_Type":"LED-Powered Lamp","Verification_Date":null},"id":"stl-city-public-streetlights:2:119784","sourceLayerId":2,"sourceObjectId":119784,"sourceURL":"https://maps8.stlouis-mo.gov/arcgis/rest/services/STREETS/Streets_Permitting/MapServer/2","title":"Street light L012509"},"type":"Feature"},{"geometry":{"coordinates":[-90.29992526304973,38.59923924272969],"type":"Point"},"id":"stl-city-public-streetlights:2:119785","properties":{"address":null,"attributes":{"Date_Installed":null,"LED_Powered":0,"LightID":"L012510","Light_Source":"LED","Light_Type":"Cobra","Lighting_Type":"LED-Powered Lamp","Verification_Date":null},"id":"stl-city-public-streetlights:2:119785","sourceLayerId":2,"sourceObjectId":119785,"sourceURL":"https://maps8.stlouis-mo.gov/arcgis/rest/services/STREETS/Streets_Permitting/MapServer/2","title":"Street light L012510"},"type":"Feature"},{"geometry":{"coordinates":[-90.29845774035759,38.59997018654757],"type":"Point"},"id":"stl-city-public-streetlights:2:119789","properties":{"address":null,"attributes":{"Date_Installed":null,"LED_Powered":0,"LightID":"L012514","Light_Source":"LED","Light_Type":"Cobra","Lighting_Type":"LED-Powered Lamp","Verification_Date":null},"id":"stl-city-public-streetlights:2:119789","sourceLayerId":2,"sourceObjectId":119789,"sourceURL":"https://maps8.stlouis-mo.gov/arcgis/rest/services/STREETS/Streets_Permitting/MapServer/2","title":"Street light L012514"},"type":"Feature"},{"geometry":{"coordinates":[-90.29801828062968,38.59992568950178],"type":"Point"},"id":"stl-city-public-streetlights:2:119790","properties":{"address":null,"attributes":{"Date_Installed":null,"LED_Powered":0,"LightID":"L012515","Light_Source":"LED","Light_Type":"Cobra","Lighting_Type":"LED-Powered Lamp","Verification_Date":null},"id":"stl-city-public-streetlights:2:119790","sourceLayerId":2,"sourceObjectId":119790,"sourceURL":"https://maps8.stlouis-mo.gov/arcgis/rest/services/STREETS/Streets_Permitting/MapServer/2","title":"Street light L012515"},"type":"Feature"},{"geometry":{"coordinates":[-90.29756021150945,38.599877701878334],"type":"Point"},"id":"stl-city-public-streetlights:2:119791","properties":{"address":null,"attributes":{"Date_Installed":null,"LED_Powered":0,"LightID":"L012516","Light_Source":"LED","Light_Type":"Cobra","Lighting_Type":"LED-Powered Lamp","Verification_Date":null},"id":"stl-city-public-streetlights:2:119791","sourceLayerId":2,"sourceObjectId":119791,"sourceURL":"https://maps8.stlouis-mo.gov/arcgis/rest/services/STREETS/Streets_Permitting/MapServer/2","title":"Street light L012516"},"type":"Feature"},{"geometry":{"coordinates":[-90.29710757376613,38.59983234438705],"type":"Point"},"id":"stl-city-public-streetlights:2:119792","properties":{"address":null,"attributes":{"Date_Installed":null,"LED_Powered":0,"LightID":"L012517","Light_Source":"LED","Light_Type":"Cobra","Lighting_Type":"LED-Powered Lamp","Verification_Date":null},"id":"stl-city-public-streetlights:2:119792","sourceLayerId":2,"sourceObjectId":119792,"sourceURL":"https://maps8.stlouis-mo.gov/arcgis/rest/services/STREETS/Streets_Permitting/MapServer/2","title":"Street light L012517"},"type":"Feature"},{"geometry":{"coordinates":[-90.29663082572611,38.59978420182314],"type":"Point"},"id":"stl-city-public-streetlights:2:119793","properties":{"address":null,"attributes":{"Date_Installed":null,"LED_Powered":0,"LightID":"L012518","Light_Source":"LED","Light_Type":"Cobra","Lighting_Type":"LED-Powered Lamp","Verification_Date":null},"id":"stl-city-public-streetlights:2:119793","sourceLayerId":2,"sourceObjectId":119793,"sourceURL":"https://maps8.stlouis-mo.gov/arcgis/rest/services/STREETS/Streets_Permitting/MapServer/2","title":"Street light L012518"},"type":"Feature"},{"geometry":{"coordinates":[-90.29615286373446,38.59973605520281],"type":"Point"},"id":"stl-city-public-streetlights:2:119794","properties":{"address":null,"attributes":{"Date_Installed":null,"LED_Powered":0,"LightID":"L012519","Light_Source":"LED","Light_Type":"Cobra","Lighting_Type":"LED-Powered Lamp","Verification_Date":null},"id":"stl-city-public-streetlights:2:119794","sourceLayerId":2,"sourceObjectId":119794,"sourceURL":"https://maps8.stlouis-mo.gov/arcgis/rest/services/STREETS/Streets_Permitting/MapServer/2","title":"Street light L012519"},"type":"Feature"},{"geometry":{"coordinates":[-90.2956760449363,38.59968659692181],"type":"Point"},"id":"stl-city-public-streetlights:2:119795","properties":{"address":null,"attributes":{"Date_Installed":null,"LED_Powered":0,"LightID":"L012520","Light_Source":"LED","Light_Type":"Cobra","Lighting_Type":"LED-Powered Lamp","Verification_Date":null},"id":"stl-city-public-streetlights:2:119795","sourceLayerId":2,"sourceObjectId":119795,"sourceURL":"https://maps8.stlouis-mo.gov/arcgis/rest/services/STREETS/Streets_Permitting/MapServer/2","title":"Street light L012520"},"type":"Feature"},{"geometry":{"coordinates":[-90.29525480880173,38.5996437303159],"type":"Point"},"id":"stl-city-public-streetlights:2:119796","properties":{"address":null,"attributes":{"Date_Installed":null,"LED_Powered":0,"LightID":"L012521","Light_Source":"LED","Light_Type":"Cobra","Lighting_Type":"LED-Powered Lamp","Verification_Date":null},"id":"stl-city-public-streetlights:2:119796","sourceLayerId":2,"sourceObjectId":119796,"sourceURL":"https://maps8.stlouis-mo.gov/arcgis/rest/services/STREETS/Streets_Permitting/MapServer/2","title":"Street light L012521"},"type":"Feature"},{"geometry":{"coordinates":[-90.29481822341923,38.59959952448018],"type":"Point"},"id":"stl-city-public-streetlights:2:119797","properties":{"address":null,"attributes":{"Date_Installed":null,"LED_Powered":0,"LightID":"L012522","Light_Source":"LED","Light_Type":"Cobra","Lighting_Type":"LED-Powered Lamp","Verification_Date":null},"id":"stl-city-public-streetlights:2:119797","sourceLayerId":2,"sourceObjectId":119797,"sourceURL":"https://maps8.stlouis-mo.gov/arcgis/rest/services/STREETS/Streets_Permitting/MapServer/2","title":"Street light L012522"},"type":"Feature"},{"geometry":{"coordinates":[-90.29436759315041,38.59955392207566],"type":"Point"},"id":"stl-city-public-streetlights:2:119798","properties":{"address":null,"attributes":{"Date_Installed":null,"LED_Powered":0,"LightID":"L012523","Light_Source":"LED","Light_Type":"Cobra","Lighting_Type":"LED-Powered Lamp","Verification_Date":null},"id":"stl-city-public-streetlights:2:119798","sourceLayerId":2,"sourceObjectId":119798,"sourceURL":"https://maps8.stlouis-mo.gov/arcgis/rest/services/STREETS/Streets_Permitting/MapServer/2","title":"Street light L012523"},"type":"Feature"},{"geometry":{"coordinates":[-90.29393102368415,38.599509751697084],"type":"Point"},"id":"stl-city-public-streetlights:2:119799","properties":{"address":null,"attributes":{"Date_Installed":null,"LED_Powered":0,"LightID":"L012524","Light_Source":"LED","Light_Type":"Cobra","Lighting_Type":"LED-Powered Lamp","Verification_Date":null},"id":"stl-city-public-streetlights:2:119799","sourceLayerId":2,"sourceObjectId":119799,"sourceURL":"https://maps8.stlouis-mo.gov/arcgis/rest/services/STREETS/Streets_Permitting/MapServer/2","title":"Street light L012524"},"type":"Feature"},{"geometry":{"coordinates":[-90.29346232142066,38.59946453019819],"type":"Point"},"id":"stl-city-public-streetlights:2:119800","properties":{"address":null,"attributes":{"Date_Installed":null,"LED_Powered":0,"LightID":"L012525","Light_Source":"LED","Light_Type":"Cobra","Lighting_Type":"LED-Powered Lamp","Verification_Date":null},"id":"stl-city-public-streetlights:2:119800","sourceLayerId":2,"sourceObjectId":119800,"sourceURL":"https://maps8.stlouis-mo.gov/arcgis/rest/services/STREETS/Streets_Permitting/MapServer/2","title":"Street light L012525"},"type":"Feature"},{"geometry":{"coordinates":[-90.29300015218246,38.599418425589995],"type":"Point"},"id":"stl-city-public-streetlights:2:119801","properties":{"address":null,"attributes":{"Date_Installed":null,"LED_Powered":0,"LightID":"L012526","Light_Source":"LED","Light_Type":"Cobra","Lighting_Type":"LED-Powered Lamp","Verification_Date":null},"id":"stl-city-public-streetlights:2:119801","sourceLayerId":2,"sourceObjectId":119801,"sourceURL":"https://maps8.stlouis-mo.gov/arcgis/rest/services/STREETS/Streets_Permitting/MapServer/2","title":"Street light L012526"},"type":"Feature"},{"geometry":{"coordinates":[-90.29254176262276,38.5993683925447],"type":"Point"},"id":"stl-city-public-streetlights:2:119802","properties":{"address":null,"attributes":{"Date_Installed":null,"LED_Powered":0,"LightID":"L012527","Light_Source":"LED","Light_Type":"Cobra","Lighting_Type":"LED-Powered Lamp","Verification_Date":null},"id":"stl-city-public-streetlights:2:119802","sourceLayerId":2,"sourceObjectId":119802,"sourceURL":"https://maps8.stlouis-mo.gov/arcgis/rest/services/STREETS/Streets_Permitting/MapServer/2","title":"Street light L012527"},"type":"Feature"},{"geometry":{"coordinates":[-90.2907967162211,38.598345345522986],"type":"Point"},"id":"stl-city-public-streetlights:2:120119","properties":{"address":null,"attributes":{"Date_Installed":"9/5/2017","LED_Powered":1,"LightID":"L012844","Light_Source":"LED","Light_Type":"Cobra","Lighting_Type":"LED-Powered Lamp","Verification_Date":null},"id":"stl-city-public-streetlights:2:120119","sourceLayerId":2,"sourceObjectId":120119,"sourceURL":"https://maps8.stlouis-mo.gov/arcgis/rest/services/STREETS/Streets_Permitting/MapServer/2","title":"Street light L012844"},"type":"Feature"},{"geometry":{"coordinates":[-90.29074232625408,38.59866608445317],"type":"Point"},"id":"stl-city-public-streetlights:2:120120","properties":{"address":null,"attributes":{"Date_Installed":"9/5/2017","LED_Powered":1,"LightID":"L012845","Light_Source":"LED","Light_Type":"Cobra","Lighting_Type":"LED-Powered Lamp","Verification_Date":null},"id":"stl-city-public-streetlights:2:120120","sourceLayerId":2,"sourceObjectId":120120,"sourceURL":"https://maps8.stlouis-mo.gov/arcgis/rest/services/STREETS/Streets_Permitting/MapServer/2","title":"Street light L012845"},"type":"Feature"},{"geometry":{"coordinates":[-90.29069157377378,38.59898921361684],"type":"Point"},"id":"stl-city-public-streetlights:2:120121","properties":{"address":null,"attributes":{"Date_Installed":"9/5/2017","LED_Powered":1,"LightID":"L012846","Light_Source":"LED","Light_Type":"Cobra","Lighting_Type":"LED-Powered Lamp","Verification_Date":null},"id":"stl-city-public-streetlights:2:120121","sourceLayerId":2,"sourceObjectId":120121,"sourceURL":"https://maps8.stlouis-mo.gov/arcgis/rest/services/STREETS/Streets_Permitting/MapServer/2","title":"Street light L012846"},"type":"Feature"},{"geometry":{"coordinates":[-90.2923885581131,38.59856496922468],"type":"Point"},"id":"stl-city-public-streetlights:2:120122","properties":{"address":null,"attributes":{"Date_Installed":null,"LED_Powered":0,"LightID":"L012847","Light_Source":"LED","Light_Type":"Cobra","Lighting_Type":"LED-Powered Lamp","Verification_Date":null},"id":"stl-city-public-streetlights:2:120122","sourceLayerId":2,"sourceObjectId":120122,"sourceURL":"https://maps8.stlouis-mo.gov/arcgis/rest/services/STREETS/Streets_Permitting/MapServer/2","title":"Street light L012847"},"type":"Feature"},{"geometry":{"coordinates":[-90.29230994013254,38.59907432976842],"type":"Point"},"id":"stl-city-public-streetlights:2:120123","properties":{"address":null,"attributes":{"Date_Installed":null,"LED_Powered":0,"LightID":"L012848","Light_Source":"LED","Light_Type":"Cobra","Lighting_Type":"LED-Powered Lamp","Verification_Date":null},"id":"stl-city-public-streetlights:2:120123","sourceLayerId":2,"sourceObjectId":120123,"sourceURL":"https://maps8.stlouis-mo.gov/arcgis/rest/services/STREETS/Streets_Permitting/MapServer/2","title":"Street light L012848"},"type":"Feature"},{"geometry":{"coordinates":[-90.29057945894881,38.597420910311584],"type":"Point"},"id":"stl-city-public-streetlights:2:120124","properties":{"address":null,"attributes":{"Date_Installed":"3/2020","LED_Powered":1,"LightID":"L012849","Light_Source":"LED","Light_Type":"Cobra","Lighting_Type":"LED-Powered Lamp","Verification_Date":null},"id":"stl-city-public-streetlights:2:120124","sourceLayerId":2,"sourceObjectId":120124,"sourceURL":"https://maps8.stlouis-mo.gov/arcgis/rest/services/STREETS/Streets_Permitting/MapServer/2","title":"Street light L012849"},"type":"Feature"},{"geometry":{"coordinates":[-90.29012762910733,38.597375766008064],"type":"Point"},"id":"stl-city-public-streetlights:2:120125","properties":{"address":null,"attributes":{"Date_Installed":"3/2020","LED_Powered":1,"LightID":"L012850","Light_Source":"LED","Light_Type":"Cobra","Lighting_Type":"LED-Powered Lamp","Verification_Date":null},"id":"stl-city-public-streetlights:2:120125","sourceLayerId":2,"sourceObjectId":120125,"sourceURL":"https://maps8.stlouis-mo.gov/arcgis/rest/services/STREETS/Streets_Permitting/MapServer/2","title":"Street light L012850"},"type":"Feature"},{"geometry":{"coordinates":[-90.29028711469364,38.59826580503357],"type":"Point"},"id":"stl-city-public-streetlights:2:120161","properties":{"address":null,"attributes":{"Date_Installed":"3/2020","LED_Powered":1,"LightID":"L012886","Light_Source":"LED","Light_Type":"Cobra","Lighting_Type":"LED-Powered Lamp","Verification_Date":null},"id":"stl-city-public-streetlights:2:120161","sourceLayerId":2,"sourceObjectId":120161,"sourceURL":"https://maps8.stlouis-mo.gov/arcgis/rest/services/STREETS/Streets_Permitting/MapServer/2","title":"Street light L012886"},"type":"Feature"},{"geometry":{"coordinates":[-90.29064208174408,38.598302076427494],"type":"Point"},"id":"stl-city-public-streetlights:2:120162","properties":{"address":null,"attributes":{"Date_Installed":"3/2020","LED_Powered":1,"LightID":"L012887","Light_Source":"LED","Light_Type":"Cobra","Lighting_Type":"LED-Powered Lamp","Verification_Date":null},"id":"stl-city-public-streetlights:2:120162","sourceLayerId":2,"sourceObjectId":120162,"sourceURL":"https://maps8.stlouis-mo.gov/arcgis/rest/services/STREETS/Streets_Permitting/MapServer/2","title":"Street light L012887"},"type":"Feature"},{"geometry":{"coordinates":[-90.29103682892026,38.598342111455196],"type":"Point"},"id":"stl-city-public-streetlights:2:120163","properties":{"address":null,"attributes":{"Date_Installed":"3/2020","LED_Powered":1,"LightID":"L012888","Light_Source":"LED","Light_Type":"Cobra","Lighting_Type":"LED-Powered Lamp","Verification_Date":null},"id":"stl-city-public-streetlights:2:120163","sourceLayerId":2,"sourceObjectId":120163,"sourceURL":"https://maps8.stlouis-mo.gov/arcgis/rest/services/STREETS/Streets_Permitting/MapServer/2","title":"Street light L012888"},"type":"Feature"},{"geometry":{"coordinates":[-90.29143825554188,38.598383349841846],"type":"Point"},"id":"stl-city-public-streetlights:2:120684","properties":{"address":null,"attributes":{"Date_Installed":"3/2020","LED_Powered":1,"LightID":"L013409","Light_Source":"LED","Light_Type":"Cobra","Lighting_Type":"LED-Powered Lamp","Verification_Date":null},"id":"stl-city-public-streetlights:2:120684","sourceLayerId":2,"sourceObjectId":120684,"sourceURL":"https://maps8.stlouis-mo.gov/arcgis/rest/services/STREETS/Streets_Permitting/MapServer/2","title":"Street light L013409"},"type":"Feature"},{"geometry":{"coordinates":[-90.29186944201126,38.5984270226517],"type":"Point"},"id":"stl-city-public-streetlights:2:120685","properties":{"address":null,"attributes":{"Date_Installed":"3/2020","LED_Powered":1,"LightID":"L013410","Light_Source":"LED","Light_Type":"Cobra","Lighting_Type":"LED-Powered Lamp","Verification_Date":null},"id":"stl-city-public-streetlights:2:120685","sourceLayerId":2,"sourceObjectId":120685,"sourceURL":"https://maps8.stlouis-mo.gov/arcgis/rest/services/STREETS/Streets_Permitting/MapServer/2","title":"Street light L013410"},"type":"Feature"},{"geometry":{"coordinates":[-90.29232889736448,38.59847426023759],"type":"Point"},"id":"stl-city-public-streetlights:2:120686","properties":{"address":null,"attributes":{"Date_Installed":"3/2020","LED_Powered":1,"LightID":"L013411","Light_Source":"LED","Light_Type":"Cobra","Lighting_Type":"LED-Powered Lamp","Verification_Date":null},"id":"stl-city-public-streetlights:2:120686","sourceLayerId":2,"sourceObjectId":120686,"sourceURL":"https://maps8.stlouis-mo.gov/arcgis/rest/services/STREETS/Streets_Permitting/MapServer/2","title":"Street light L013411"},"type":"Feature"},{"geometry":{"coordinates":[-90.29208083289835,38.59932123335613],"type":"Point"},"id":"stl-city-public-streetlights:2:120687","properties":{"address":null,"attributes":{"Date_Installed":"3/2020","LED_Powered":1,"LightID":"L013412","Light_Source":"LED","Light_Type":"Cobra","Lighting_Type":"LED-Powered Lamp","Verification_Date":null},"id":"stl-city-public-streetlights:2:120687","sourceLayerId":2,"sourceObjectId":120687,"sourceURL":"https://maps8.stlouis-mo.gov/arcgis/rest/services/STREETS/Streets_Permitting/MapServer/2","title":"Street light L013412"},"type":"Feature"},{"geometry":{"coordinates":[-90.29164792743825,38.59927660511777],"type":"Point"},"id":"stl-city-public-streetlights:2:120688","properties":{"address":null,"attributes":{"Date_Installed":"3/2020","LED_Powered":1,"LightID":"L013413","Light_Source":"LED","Light_Type":"Cobra","Lighting_Type":"LED-Powered Lamp","Verification_Date":null},"id":"stl-city-public-streetlights:2:120688","sourceLayerId":2,"sourceObjectId":120688,"sourceURL":"https://maps8.stlouis-mo.gov/arcgis/rest/services/STREETS/Streets_Permitting/MapServer/2","title":"Street light L013413"},"type":"Feature"},{"geometry":{"coordinates":[-90.29120051587756,38.59923290254618],"type":"Point"},"id":"stl-city-public-streetlights:2:120689","properties":{"address":null,"attributes":{"Date_Installed":"3/2020","LED_Powered":1,"LightID":"L013414","Light_Source":"LED","Light_Type":"Cobra","Lighting_Type":"LED-Powered Lamp","Verification_Date":null},"id":"stl-city-public-streetlights:2:120689","sourceLayerId":2,"sourceObjectId":120689,"sourceURL":"https://maps8.stlouis-mo.gov/arcgis/rest/services/STREETS/Streets_Permitting/MapServer/2","title":"Street light L013414"},"type":"Feature"},{"geometry":{"coordinates":[-90.29075352800905,38.599190152169946],"type":"Point"},"id":"stl-city-public-streetlights:2:120690","properties":{"address":null,"attributes":{"Date_Installed":"3/2020","LED_Powered":1,"LightID":"L013415","Light_Source":"LED","Light_Type":"Cobra","Lighting_Type":"LED-Powered Lamp","Verification_Date":null},"id":"stl-city-public-streetlights:2:120690","sourceLayerId":2,"sourceObjectId":120690,"sourceURL":"https://maps8.stlouis-mo.gov/arcgis/rest/services/STREETS/Streets_Permitting/MapServer/2","title":"Street light L013415"},"type":"Feature"},{"geometry":{"coordinates":[-90.2903105080769,38.59914073335795],"type":"Point"},"id":"stl-city-public-streetlights:2:120691","properties":{"address":null,"attributes":{"Date_Installed":"3/2020","LED_Powered":1,"LightID":"L013416","Light_Source":"LED","Light_Type":"Cobra","Lighting_Type":"LED-Powered Lamp","Verification_Date":null},"id":"stl-city-public-streetlights:2:120691","sourceLayerId":2,"sourceObjectId":120691,"sourceURL":"https://maps8.stlouis-mo.gov/arcgis/rest/services/STREETS/Streets_Permitting/MapServer/2","title":"Street light L013416"},"type":"Feature"},{"geometry":{"coordinates":[-90.29005275229005,38.59477769821563],"type":"Point"},"id":"stl-city-public-streetlights:2:128695","properties":{"address":null,"attributes":{"Date_Installed":null,"LED_Powered":0,"LightID":"L021411","Light_Source":"LED","Light_Type":"Cobra","Lighting_Type":"LED-Powered Lamp","Verification_Date":null},"id":"stl-city-public-streetlights:2:128695","sourceLayerId":2,"sourceObjectId":128695,"sourceURL":"https://maps8.stlouis-mo.gov/arcgis/rest/services/STREETS/Streets_Permitting/MapServer/2","title":"Street light L021411"},"type":"Feature"},{"geometry":{"coordinates":[-90.29050486141021,38.59482540636271],"type":"Point"},"id":"stl-city-public-streetlights:2:128696","properties":{"address":null,"attributes":{"Date_Installed":null,"LED_Powered":0,"LightID":"L021412","Light_Source":"LED","Light_Type":"Cobra","Lighting_Type":"LED-Powered Lamp","Verification_Date":null},"id":"stl-city-public-streetlights:2:128696","sourceLayerId":2,"sourceObjectId":128696,"sourceURL":"https://maps8.stlouis-mo.gov/arcgis/rest/services/STREETS/Streets_Permitting/MapServer/2","title":"Street light L021412"},"type":"Feature"},{"geometry":{"coordinates":[-90.29098339181371,38.594874411299024],"type":"Point"},"id":"stl-city-public-streetlights:2:128697","properties":{"address":null,"attributes":{"Date_Installed":null,"LED_Powered":0,"LightID":"L021413","Light_Source":"LED","Light_Type":"Cobra","Lighting_Type":"LED-Powered Lamp","Verification_Date":null},"id":"stl-city-public-streetlights:2:128697","sourceLayerId":2,"sourceObjectId":128697,"sourceURL":"https://maps8.stlouis-mo.gov/arcgis/rest/services/STREETS/Streets_Permitting/MapServer/2","title":"Street light L021413"},"type":"Feature"},{"geometry":{"coordinates":[-90.29143032065531,38.59492836334777],"type":"Point"},"id":"stl-city-public-streetlights:2:128698","properties":{"address":null,"attributes":{"Date_Installed":null,"LED_Powered":0,"LightID":"L021414","Light_Source":"LED","Light_Type":"Cobra","Lighting_Type":"LED-Powered Lamp","Verification_Date":null},"id":"stl-city-public-streetlights:2:128698","sourceLayerId":2,"sourceObjectId":128698,"sourceURL":"https://maps8.stlouis-mo.gov/arcgis/rest/services/STREETS/Streets_Permitting/MapServer/2","title":"Street light L021414"},"type":"Feature"},{"geometry":{"coordinates":[-90.29184843258507,38.594969867903195],"type":"Point"},"id":"stl-city-public-streetlights:2:128699","properties":{"address":null,"attributes":{"Date_Installed":null,"LED_Powered":0,"LightID":"L021415","Light_Source":"LED","Light_Type":"Cobra","Lighting_Type":"LED-Powered Lamp","Verification_Date":null},"id":"stl-city-public-streetlights:2:128699","sourceLayerId":2,"sourceObjectId":128699,"sourceURL":"https://maps8.stlouis-mo.gov/arcgis/rest/services/STREETS/Streets_Permitting/MapServer/2","title":"Street light L021415"},"type":"Feature"},{"geometry":{"coordinates":[-90.2922676389868,38.59501137290772],"type":"Point"},"id":"stl-city-public-streetlights:2:128700","properties":{"address":null,"attributes":{"Date_Installed":null,"LED_Powered":0,"LightID":"L021416","Light_Source":"LED","Light_Type":"Cobra","Lighting_Type":"LED-Powered Lamp","Verification_Date":null},"id":"stl-city-public-streetlights:2:128700","sourceLayerId":2,"sourceObjectId":128700,"sourceURL":"https://maps8.stlouis-mo.gov/arcgis/rest/services/STREETS/Streets_Permitting/MapServer/2","title":"Street light L021416"},"type":"Feature"},{"geometry":{"coordinates":[-90.29268529924833,38.59505180070399],"type":"Point"},"id":"stl-city-public-streetlights:2:128701","properties":{"address":null,"attributes":{"Date_Installed":null,"LED_Powered":0,"LightID":"L021417","Light_Source":"LED","Light_Type":"Cobra","Lighting_Type":"LED-Powered Lamp","Verification_Date":null},"id":"stl-city-public-streetlights:2:128701","sourceLayerId":2,"sourceObjectId":128701,"sourceURL":"https://maps8.stlouis-mo.gov/arcgis/rest/services/STREETS/Streets_Permitting/MapServer/2","title":"Street light L021417"},"type":"Feature"},{"geometry":{"coordinates":[-90.29309294349383,38.5950900642676],"type":"Point"},"id":"stl-city-public-streetlights:2:128702","properties":{"address":null,"attributes":{"Date_Installed":null,"LED_Powered":0,"LightID":"L021418","Light_Source":"LED","Light_Type":"Cobra","Lighting_Type":"LED-Powered Lamp","Verification_Date":null},"id":"stl-city-public-streetlights:2:128702","sourceLayerId":2,"sourceObjectId":128702,"sourceURL":"https://maps8.stlouis-mo.gov/arcgis/rest/services/STREETS/Streets_Permitting/MapServer/2","title":"Street light L021418"},"type":"Feature"},{"geometry":{"coordinates":[-90.29368592513921,38.59515073155868],"type":"Point"},"id":"stl-city-public-streetlights:2:128703","properties":{"address":null,"attributes":{"Date_Installed":"9/5/2017","LED_Powered":1,"LightID":"L021419","Light_Source":"LED","Light_Type":"Cobra","Lighting_Type":"LED-Powered Lamp","Verification_Date":null},"id":"stl-city-public-streetlights:2:128703","sourceLayerId":2,"sourceObjectId":128703,"sourceURL":"https://maps8.stlouis-mo.gov/arcgis/rest/services/STREETS/Streets_Permitting/MapServer/2","title":"Street light L021419"},"type":"Feature"},{"geometry":{"coordinates":[-90.29411927560209,38.595196116108276],"type":"Point"},"id":"stl-city-public-streetlights:2:128704","properties":{"address":null,"attributes":{"Date_Installed":"9/5/2017","LED_Powered":1,"LightID":"L021420","Light_Source":"LED","Light_Type":"Cobra","Lighting_Type":"LED-Powered Lamp","Verification_Date":null},"id":"stl-city-public-streetlights:2:128704","sourceLayerId":2,"sourceObjectId":128704,"sourceURL":"https://maps8.stlouis-mo.gov/arcgis/rest/services/STREETS/Streets_Permitting/MapServer/2","title":"Street light L021420"},"type":"Feature"},{"geometry":{"coordinates":[-90.29456382531195,38.59523408180979],"type":"Point"},"id":"stl-city-public-streetlights:2:128705","properties":{"address":null,"attributes":{"Date_Installed":"9/5/2017","LED_Powered":1,"LightID":"L021421","Light_Source":"LED","Light_Type":"Cobra","Lighting_Type":"LED-Powered Lamp","Verification_Date":null},"id":"stl-city-public-streetlights:2:128705","sourceLayerId":2,"sourceObjectId":128705,"sourceURL":"https://maps8.stlouis-mo.gov/arcgis/rest/services/STREETS/Streets_Permitting/MapServer/2","title":"Street light L021421"},"type":"Feature"},{"geometry":{"coordinates":[-90.29501346182751,38.59527777542715],"type":"Point"},"id":"stl-city-public-streetlights:2:128706","properties":{"address":null,"attributes":{"Date_Installed":"9/5/2017","LED_Powered":1,"LightID":"L021422","Light_Source":"LED","Light_Type":"Cobra","Lighting_Type":"LED-Powered Lamp","Verification_Date":null},"id":"stl-city-public-streetlights:2:128706","sourceLayerId":2,"sourceObjectId":128706,"sourceURL":"https://maps8.stlouis-mo.gov/arcgis/rest/services/STREETS/Streets_Permitting/MapServer/2","title":"Street light L021422"},"type":"Feature"},{"geometry":{"coordinates":[-90.29542701157399,38.59532283486781],"type":"Point"},"id":"stl-city-public-streetlights:2:128707","properties":{"address":null,"attributes":{"Date_Installed":"9/5/2017","LED_Powered":1,"LightID":"L021423","Light_Source":"LED","Light_Type":"Cobra","Lighting_Type":"LED-Powered Lamp","Verification_Date":null},"id":"stl-city-public-streetlights:2:128707","sourceLayerId":2,"sourceObjectId":128707,"sourceURL":"https://maps8.stlouis-mo.gov/arcgis/rest/services/STREETS/Streets_Permitting/MapServer/2","title":"Street light L021423"},"type":"Feature"},{"geometry":{"coordinates":[-90.29588176798651,38.59536081340449],"type":"Point"},"id":"stl-city-public-streetlights:2:128708","properties":{"address":null,"attributes":{"Date_Installed":"9/5/2017","LED_Powered":1,"LightID":"L021424","Light_Source":"LED","Light_Type":"Cobra","Lighting_Type":"LED-Powered Lamp","Verification_Date":null},"id":"stl-city-public-streetlights:2:128708","sourceLayerId":2,"sourceObjectId":128708,"sourceURL":"https://maps8.stlouis-mo.gov/arcgis/rest/services/STREETS/Streets_Permitting/MapServer/2","title":"Street light L021424"},"type":"Feature"},{"geometry":{"coordinates":[-90.29628621966582,38.595401562969876],"type":"Point"},"id":"stl-city-public-streetlights:2:128709","properties":{"address":null,"attributes":{"Date_Installed":"9/5/2017","LED_Powered":1,"LightID":"L021425","Light_Source":"LED","Light_Type":"Cobra","Lighting_Type":"LED-Powered Lamp","Verification_Date":null},"id":"stl-city-public-streetlights:2:128709","sourceLayerId":2,"sourceObjectId":128709,"sourceURL":"https://maps8.stlouis-mo.gov/arcgis/rest/services/STREETS/Streets_Permitting/MapServer/2","title":"Street light L021425"},"type":"Feature"},{"geometry":{"coordinates":[-90.29671435587751,38.59544449821581],"type":"Point"},"id":"stl-city-public-streetlights:2:128710","properties":{"address":null,"attributes":{"Date_Installed":"9/5/2017","LED_Powered":1,"LightID":"L021426","Light_Source":"LED","Light_Type":"Cobra","Lighting_Type":"LED-Powered Lamp","Verification_Date":null},"id":"stl-city-public-streetlights:2:128710","sourceLayerId":2,"sourceObjectId":128710,"sourceURL":"https://maps8.stlouis-mo.gov/arcgis/rest/services/STREETS/Streets_Permitting/MapServer/2","title":"Street light L021426"},"type":"Feature"},{"geometry":{"coordinates":[-90.29709352996939,38.59548222181649],"type":"Point"},"id":"stl-city-public-streetlights:2:128711","properties":{"address":null,"attributes":{"Date_Installed":"9/5/2017","LED_Powered":1,"LightID":"L021427","Light_Source":"LED","Light_Type":"Cobra","Lighting_Type":"LED-Powered Lamp","Verification_Date":null},"id":"stl-city-public-streetlights:2:128711","sourceLayerId":2,"sourceObjectId":128711,"sourceURL":"https://maps8.stlouis-mo.gov/arcgis/rest/services/STREETS/Streets_Permitting/MapServer/2","title":"Street light L021427"},"type":"Feature"},{"geometry":{"coordinates":[-90.29757154011851,38.595530793512715],"type":"Point"},"id":"stl-city-public-streetlights:2:128712","properties":{"address":null,"attributes":{"Date_Installed":"9/5/2017","LED_Powered":1,"LightID":"L021428","Light_Source":"LED","Light_Type":"Cobra","Lighting_Type":"LED-Powered Lamp","Verification_Date":null},"id":"stl-city-public-streetlights:2:128712","sourceLayerId":2,"sourceObjectId":128712,"sourceURL":"https://maps8.stlouis-mo.gov/arcgis/rest/services/STREETS/Streets_Permitting/MapServer/2","title":"Street light L021428"},"type":"Feature"},{"geometry":{"coordinates":[-90.2979663361176,38.59557109084331],"type":"Point"},"id":"stl-city-public-streetlights:2:128713","properties":{"address":null,"attributes":{"Date_Installed":"9/5/2017","LED_Powered":1,"LightID":"L021429","Light_Source":"LED","Light_Type":"Cobra","Lighting_Type":"LED-Powered Lamp","Verification_Date":null},"id":"stl-city-public-streetlights:2:128713","sourceLayerId":2,"sourceObjectId":128713,"sourceURL":"https://maps8.stlouis-mo.gov/arcgis/rest/services/STREETS/Streets_Permitting/MapServer/2","title":"Street light L021429"},"type":"Feature"},{"geometry":{"coordinates":[-90.29857341726229,38.59561933344524],"type":"Point"},"id":"stl-city-public-streetlights:2:128714","properties":{"address":null,"attributes":{"Date_Installed":"9/5/2017","LED_Powered":1,"LightID":"L021430","Light_Source":"LED","Light_Type":"Cobra","Lighting_Type":"LED-Powered Lamp","Verification_Date":null},"id":"stl-city-public-streetlights:2:128714","sourceLayerId":2,"sourceObjectId":128714,"sourceURL":"https://maps8.stlouis-mo.gov/arcgis/rest/services/STREETS/Streets_Permitting/MapServer/2","title":"Street light L021430"},"type":"Feature"},{"geometry":{"coordinates":[-90.29894635036683,38.595636182740336],"type":"Point"},"id":"stl-city-public-streetlights:2:128715","properties":{"address":null,"attributes":{"Date_Installed":"9/5/2017","LED_Powered":1,"LightID":"L021431","Light_Source":"LED","Light_Type":"Cobra","Lighting_Type":"LED-Powered Lamp","Verification_Date":null},"id":"stl-city-public-streetlights:2:128715","sourceLayerId":2,"sourceObjectId":128715,"sourceURL":"https://maps8.stlouis-mo.gov/arcgis/rest/services/STREETS/Streets_Permitting/MapServer/2","title":"Street light L021431"},"type":"Feature"},{"geometry":{"coordinates":[-90.29929664780232,38.59566681899449],"type":"Point"},"id":"stl-city-public-streetlights:2:128716","properties":{"address":null,"attributes":{"Date_Installed":"9/5/2017","LED_Powered":1,"LightID":"L021432","Light_Source":"LED","Light_Type":"Cobra","Lighting_Type":"LED-Powered Lamp","Verification_Date":null},"id":"stl-city-public-streetlights:2:128716","sourceLayerId":2,"sourceObjectId":128716,"sourceURL":"https://maps8.stlouis-mo.gov/arcgis/rest/services/STREETS/Streets_Permitting/MapServer/2","title":"Street light L021432"},"type":"Feature"},{"geometry":{"coordinates":[-90.29969794415886,38.59570750361209],"type":"Point"},"id":"stl-city-public-streetlights:2:128717","properties":{"address":null,"attributes":{"Date_Installed":"9/5/2017","LED_Powered":1,"LightID":"L021433","Light_Source":"LED","Light_Type":"Cobra","Lighting_Type":"LED-Powered Lamp","Verification_Date":null},"id":"stl-city-public-streetlights:2:128717","sourceLayerId":2,"sourceObjectId":128717,"sourceURL":"https://maps8.stlouis-mo.gov/arcgis/rest/services/STREETS/Streets_Permitting/MapServer/2","title":"Street light L021433"},"type":"Feature"},{"geometry":{"coordinates":[-90.29815127575549,38.596430290632725],"type":"Point"},"id":"stl-city-public-streetlights:2:128720","properties":{"address":null,"attributes":{"Date_Installed":"9/15/2017","LED_Powered":1,"LightID":"L021436","Light_Source":"LED","Light_Type":"Cobra","Lighting_Type":"LED-Powered Lamp","Verification_Date":null},"id":"stl-city-public-streetlights:2:128720","sourceLayerId":2,"sourceObjectId":128720,"sourceURL":"https://maps8.stlouis-mo.gov/arcgis/rest/services/STREETS/Streets_Permitting/MapServer/2","title":"Street light L021436"},"type":"Feature"},{"geometry":{"coordinates":[-90.2977078246296,38.59638697741794],"type":"Point"},"id":"stl-city-public-streetlights:2:128721","properties":{"address":null,"attributes":{"Date_Installed":"9/15/2017","LED_Powered":1,"LightID":"L021437","Light_Source":"LED","Light_Type":"Cobra","Lighting_Type":"LED-Powered Lamp","Verification_Date":null},"id":"stl-city-public-streetlights:2:128721","sourceLayerId":2,"sourceObjectId":128721,"sourceURL":"https://maps8.stlouis-mo.gov/arcgis/rest/services/STREETS/Streets_Permitting/MapServer/2","title":"Street light L021437"},"type":"Feature"},{"geometry":{"coordinates":[-90.29729433065715,38.59634675313827],"type":"Point"},"id":"stl-city-public-streetlights:2:128722","properties":{"address":null,"attributes":{"Date_Installed":"9/15/2017","LED_Powered":1,"LightID":"L021438","Light_Source":"LED","Light_Type":"Cobra","Lighting_Type":"LED-Powered Lamp","Verification_Date":null},"id":"stl-city-public-streetlights:2:128722","sourceLayerId":2,"sourceObjectId":128722,"sourceURL":"https://maps8.stlouis-mo.gov/arcgis/rest/services/STREETS/Streets_Permitting/MapServer/2","title":"Street light L021438"},"type":"Feature"},{"geometry":{"coordinates":[-90.29685626584121,38.59630541268375],"type":"Point"},"id":"stl-city-public-streetlights:2:128723","properties":{"address":null,"attributes":{"Date_Installed":"9/15/2017","LED_Powered":1,"LightID":"L021439","Light_Source":"LED","Light_Type":"Cobra","Lighting_Type":"LED-Powered Lamp","Verification_Date":null},"id":"stl-city-public-streetlights:2:128723","sourceLayerId":2,"sourceObjectId":128723,"sourceURL":"https://maps8.stlouis-mo.gov/arcgis/rest/services/STREETS/Streets_Permitting/MapServer/2","title":"Street light L021439"},"type":"Feature"},{"geometry":{"coordinates":[-90.2964372429725,38.59626034877493],"type":"Point"},"id":"stl-city-public-streetlights:2:128724","properties":{"address":null,"attributes":{"Date_Installed":"9/15/2017","LED_Powered":1,"LightID":"L021440","Light_Source":"LED","Light_Type":"Cobra","Lighting_Type":"LED-Powered Lamp","Verification_Date":null},"id":"stl-city-public-streetlights:2:128724","sourceLayerId":2,"sourceObjectId":128724,"sourceURL":"https://maps8.stlouis-mo.gov/arcgis/rest/services/STREETS/Streets_Permitting/MapServer/2","title":"Street light L021440"},"type":"Feature"},{"geometry":{"coordinates":[-90.29599925458334,38.59621954127935],"type":"Point"},"id":"stl-city-public-streetlights:2:128725","properties":{"address":null,"attributes":{"Date_Installed":"9/15/2017","LED_Powered":1,"LightID":"L021441","Light_Source":"LED","Light_Type":"Cobra","Lighting_Type":"LED-Powered Lamp","Verification_Date":null},"id":"stl-city-public-streetlights:2:128725","sourceLayerId":2,"sourceObjectId":128725,"sourceURL":"https://maps8.stlouis-mo.gov/arcgis/rest/services/STREETS/Streets_Permitting/MapServer/2","title":"Street light L021441"},"type":"Feature"},{"geometry":{"coordinates":[-90.29560572059536,38.5961830998612],"type":"Point"},"id":"stl-city-public-streetlights:2:128726","properties":{"address":null,"attributes":{"Date_Installed":"9/15/2017","LED_Powered":1,"LightID":"L021442","Light_Source":"LED","Light_Type":"Cobra","Lighting_Type":"LED-Powered Lamp","Verification_Date":null},"id":"stl-city-public-streetlights:2:128726","sourceLayerId":2,"sourceObjectId":128726,"sourceURL":"https://maps8.stlouis-mo.gov/arcgis/rest/services/STREETS/Streets_Permitting/MapServer/2","title":"Street light L021442"},"type":"Feature"},{"geometry":{"coordinates":[-90.29527377904144,38.596148910815664],"type":"Point"},"id":"stl-city-public-streetlights:2:128727","properties":{"address":null,"attributes":{"Date_Installed":"9/15/2017","LED_Powered":1,"LightID":"L021443","Light_Source":"LED","Light_Type":"Cobra","Lighting_Type":"LED-Powered Lamp","Verification_Date":null},"id":"stl-city-public-streetlights:2:128727","sourceLayerId":2,"sourceObjectId":128727,"sourceURL":"https://maps8.stlouis-mo.gov/arcgis/rest/services/STREETS/Streets_Permitting/MapServer/2","title":"Street light L021443"},"type":"Feature"},{"geometry":{"coordinates":[-90.29486750284248,38.59610743924309],"type":"Point"},"id":"stl-city-public-streetlights:2:128728","properties":{"address":null,"attributes":{"Date_Installed":"9/15/2017","LED_Powered":1,"LightID":"L021444","Light_Source":"LED","Light_Type":"Cobra","Lighting_Type":"LED-Powered Lamp","Verification_Date":null},"id":"stl-city-public-streetlights:2:128728","sourceLayerId":2,"sourceObjectId":128728,"sourceURL":"https://maps8.stlouis-mo.gov/arcgis/rest/services/STREETS/Streets_Permitting/MapServer/2","title":"Street light L021444"},"type":"Feature"},{"geometry":{"coordinates":[-90.29445021636997,38.596066602775785],"type":"Point"},"id":"stl-city-public-streetlights:2:128729","properties":{"address":null,"attributes":{"Date_Installed":"9/15/2017","LED_Powered":1,"LightID":"L021445","Light_Source":"LED","Light_Type":"Cobra","Lighting_Type":"LED-Powered Lamp","Verification_Date":null},"id":"stl-city-public-streetlights:2:128729","sourceLayerId":2,"sourceObjectId":128729,"sourceURL":"https://maps8.stlouis-mo.gov/arcgis/rest/services/STREETS/Streets_Permitting/MapServer/2","title":"Street light L021445"},"type":"Feature"},{"geometry":{"coordinates":[-90.29279215375945,38.595906592268214],"type":"Point"},"id":"stl-city-public-streetlights:2:128730","properties":{"address":null,"attributes":{"Date_Installed":null,"LED_Powered":0,"LightID":"L021446","Light_Source":"LED","Light_Type":"Cobra","Lighting_Type":"LED-Powered Lamp","Verification_Date":null},"id":"stl-city-public-streetlights:2:128730","sourceLayerId":2,"sourceObjectId":128730,"sourceURL":"https://maps8.stlouis-mo.gov/arcgis/rest/services/STREETS/Streets_Permitting/MapServer/2","title":"Street light L021446"},"type":"Feature"},{"geometry":{"coordinates":[-90.29234792109452,38.595862660969274],"type":"Point"},"id":"stl-city-public-streetlights:2:128731","properties":{"address":null,"attributes":{"Date_Installed":null,"LED_Powered":0,"LightID":"L021447","Light_Source":"LED","Light_Type":"Cobra","Lighting_Type":"LED-Powered Lamp","Verification_Date":null},"id":"stl-city-public-streetlights:2:128731","sourceLayerId":2,"sourceObjectId":128731,"sourceURL":"https://maps8.stlouis-mo.gov/arcgis/rest/services/STREETS/Streets_Permitting/MapServer/2","title":"Street light L021447"},"type":"Feature"},{"geometry":{"coordinates":[-90.29190096167534,38.59581705467529],"type":"Point"},"id":"stl-city-public-streetlights:2:128732","properties":{"address":null,"attributes":{"Date_Installed":null,"LED_Powered":0,"LightID":"L021448","Light_Source":"LED","Light_Type":"Cobra","Lighting_Type":"LED-Powered Lamp","Verification_Date":null},"id":"stl-city-public-streetlights:2:128732","sourceLayerId":2,"sourceObjectId":128732,"sourceURL":"https://maps8.stlouis-mo.gov/arcgis/rest/services/STREETS/Streets_Permitting/MapServer/2","title":"Street light L021448"},"type":"Feature"},{"geometry":{"coordinates":[-90.29102526293788,38.595727300126114],"type":"Point"},"id":"stl-city-public-streetlights:2:128733","properties":{"address":null,"attributes":{"Date_Installed":null,"LED_Powered":0,"LightID":"L021449","Light_Source":"LED","Light_Type":"Cobra","Lighting_Type":"LED-Powered Lamp","Verification_Date":null},"id":"stl-city-public-streetlights:2:128733","sourceLayerId":2,"sourceObjectId":128733,"sourceURL":"https://maps8.stlouis-mo.gov/arcgis/rest/services/STREETS/Streets_Permitting/MapServer/2","title":"Street light L021449"},"type":"Feature"},{"geometry":{"coordinates":[-90.29062142920965,38.59568367314152],"type":"Point"},"id":"stl-city-public-streetlights:2:128734","properties":{"address":null,"attributes":{"Date_Installed":null,"LED_Powered":0,"LightID":"L021450","Light_Source":"LED","Light_Type":"Cobra","Lighting_Type":"LED-Powered Lamp","Verification_Date":null},"id":"stl-city-public-streetlights:2:128734","sourceLayerId":2,"sourceObjectId":128734,"sourceURL":"https://maps8.stlouis-mo.gov/arcgis/rest/services/STREETS/Streets_Permitting/MapServer/2","title":"Street light L021450"},"type":"Feature"},{"geometry":{"coordinates":[-90.2902024086415,38.59564001754025],"type":"Point"},"id":"stl-city-public-streetlights:2:128735","properties":{"address":null,"attributes":{"Date_Installed":null,"LED_Powered":0,"LightID":"L021451","Light_Source":"LED","Light_Type":"Cobra","Lighting_Type":"LED-Powered Lamp","Verification_Date":null},"id":"stl-city-public-streetlights:2:128735","sourceLayerId":2,"sourceObjectId":128735,"sourceURL":"https://maps8.stlouis-mo.gov/arcgis/rest/services/STREETS/Streets_Permitting/MapServer/2","title":"Street light L021451"},"type":"Feature"},{"geometry":{"coordinates":[-90.29041487013885,38.59641988998112],"type":"Point"},"id":"stl-city-public-streetlights:2:128757","properties":{"address":null,"attributes":{"Date_Installed":"3/2020","LED_Powered":1,"LightID":"L021473","Light_Source":"LED","Light_Type":"Cobra","Lighting_Type":"LED-Powered Lamp","Verification_Date":null},"id":"stl-city-public-streetlights:2:128757","sourceLayerId":2,"sourceObjectId":128757,"sourceURL":"https://maps8.stlouis-mo.gov/arcgis/rest/services/STREETS/Streets_Permitting/MapServer/2","title":"Street light L021473"},"type":"Feature"},{"geometry":{"coordinates":[-90.29089984328698,38.59647081399215],"type":"Point"},"id":"stl-city-public-streetlights:2:128758","properties":{"address":null,"attributes":{"Date_Installed":"3/2020","LED_Powered":1,"LightID":"L021474","Light_Source":"LED","Light_Type":"Cobra","Lighting_Type":"LED-Powered Lamp","Verification_Date":null},"id":"stl-city-public-streetlights:2:128758","sourceLayerId":2,"sourceObjectId":128758,"sourceURL":"https://maps8.stlouis-mo.gov/arcgis/rest/services/STREETS/Streets_Permitting/MapServer/2","title":"Street light L021474"},"type":"Feature"},{"geometry":{"coordinates":[-90.29145641783136,38.59652937167571],"type":"Point"},"id":"stl-city-public-streetlights:2:128759","properties":{"address":null,"attributes":{"Date_Installed":"3/2020","LED_Powered":1,"LightID":"L021475","Light_Source":"LED","Light_Type":"Cobra","Lighting_Type":"LED-Powered Lamp","Verification_Date":null},"id":"stl-city-public-streetlights:2:128759","sourceLayerId":2,"sourceObjectId":128759,"sourceURL":"https://maps8.stlouis-mo.gov/arcgis/rest/services/STREETS/Streets_Permitting/MapServer/2","title":"Street light L021475"},"type":"Feature"},{"geometry":{"coordinates":[-90.29197560518392,38.5965815431768],"type":"Point"},"id":"stl-city-public-streetlights:2:128760","properties":{"address":null,"attributes":{"Date_Installed":"3/2020","LED_Powered":1,"LightID":"L021476","Light_Source":"LED","Light_Type":"Cobra","Lighting_Type":"LED-Powered Lamp","Verification_Date":null},"id":"stl-city-public-streetlights:2:128760","sourceLayerId":2,"sourceObjectId":128760,"sourceURL":"https://maps8.stlouis-mo.gov/arcgis/rest/services/STREETS/Streets_Permitting/MapServer/2","title":"Street light L021476"},"type":"Feature"},{"geometry":{"coordinates":[-90.29247366929589,38.59662861008006],"type":"Point"},"id":"stl-city-public-streetlights:2:128761","properties":{"address":null,"attributes":{"Date_Installed":"3/2020","LED_Powered":1,"LightID":"L021477","Light_Source":"LED","Light_Type":"Cobra","Lighting_Type":"LED-Powered Lamp","Verification_Date":null},"id":"stl-city-public-streetlights:2:128761","sourceLayerId":2,"sourceObjectId":128761,"sourceURL":"https://maps8.stlouis-mo.gov/arcgis/rest/services/STREETS/Streets_Permitting/MapServer/2","title":"Street light L021477"},"type":"Feature"},{"geometry":{"coordinates":[-90.29299354655917,38.59668449358651],"type":"Point"},"id":"stl-city-public-streetlights:2:128762","properties":{"address":null,"attributes":{"Date_Installed":null,"LED_Powered":0,"LightID":"L021478","Light_Source":"LED","Light_Type":"Cobra","Lighting_Type":"LED-Powered Lamp","Verification_Date":null},"id":"stl-city-public-streetlights:2:128762","sourceLayerId":2,"sourceObjectId":128762,"sourceURL":"https://maps8.stlouis-mo.gov/arcgis/rest/services/STREETS/Streets_Permitting/MapServer/2","title":"Street light L021478"},"type":"Feature"},{"geometry":{"coordinates":[-90.2935237210141,38.59673548576785],"type":"Point"},"id":"stl-city-public-streetlights:2:128763","properties":{"address":null,"attributes":{"Date_Installed":null,"LED_Powered":0,"LightID":"L021479","Light_Source":"LED","Light_Type":"Cobra","Lighting_Type":"LED-Powered Lamp","Verification_Date":null},"id":"stl-city-public-streetlights:2:128763","sourceLayerId":2,"sourceObjectId":128763,"sourceURL":"https://maps8.stlouis-mo.gov/arcgis/rest/services/STREETS/Streets_Permitting/MapServer/2","title":"Street light L021479"},"type":"Feature"},{"geometry":{"coordinates":[-90.29402155827263,38.59678272496263],"type":"Point"},"id":"stl-city-public-streetlights:2:128764","properties":{"address":null,"attributes":{"Date_Installed":null,"LED_Powered":0,"LightID":"L021480","Light_Source":"LED","Light_Type":"Cobra","Lighting_Type":"LED-Powered Lamp","Verification_Date":null},"id":"stl-city-public-streetlights:2:128764","sourceLayerId":2,"sourceObjectId":128764,"sourceURL":"https://maps8.stlouis-mo.gov/arcgis/rest/services/STREETS/Streets_Permitting/MapServer/2","title":"Street light L021480"},"type":"Feature"},{"geometry":{"coordinates":[-90.29457298773262,38.596836134471445],"type":"Point"},"id":"stl-city-public-streetlights:2:128765","properties":{"address":null,"attributes":{"Date_Installed":null,"LED_Powered":0,"LightID":"L021481","Light_Source":"LED","Light_Type":"Cobra","Lighting_Type":"LED-Powered Lamp","Verification_Date":null},"id":"stl-city-public-streetlights:2:128765","sourceLayerId":2,"sourceObjectId":128765,"sourceURL":"https://maps8.stlouis-mo.gov/arcgis/rest/services/STREETS/Streets_Permitting/MapServer/2","title":"Street light L021481"},"type":"Feature"},{"geometry":{"coordinates":[-90.29504850357792,38.59688273372189],"type":"Point"},"id":"stl-city-public-streetlights:2:128766","properties":{"address":null,"attributes":{"Date_Installed":null,"LED_Powered":0,"LightID":"L021482","Light_Source":"LED","Light_Type":"Cobra","Lighting_Type":"LED-Powered Lamp","Verification_Date":null},"id":"stl-city-public-streetlights:2:128766","sourceLayerId":2,"sourceObjectId":128766,"sourceURL":"https://maps8.stlouis-mo.gov/arcgis/rest/services/STREETS/Streets_Permitting/MapServer/2","title":"Street light L021482"},"type":"Feature"},{"geometry":{"coordinates":[-90.29553920157612,38.59693150169909],"type":"Point"},"id":"stl-city-public-streetlights:2:128767","properties":{"address":null,"attributes":{"Date_Installed":null,"LED_Powered":0,"LightID":"L021483","Light_Source":"LED","Light_Type":"Cobra","Lighting_Type":"LED-Powered Lamp","Verification_Date":null},"id":"stl-city-public-streetlights:2:128767","sourceLayerId":2,"sourceObjectId":128767,"sourceURL":"https://maps8.stlouis-mo.gov/arcgis/rest/services/STREETS/Streets_Permitting/MapServer/2","title":"Street light L021483"},"type":"Feature"},{"geometry":{"coordinates":[-90.29606542798611,38.596983430420366],"type":"Point"},"id":"stl-city-public-streetlights:2:128768","properties":{"address":null,"attributes":{"Date_Installed":null,"LED_Powered":0,"LightID":"L021484","Light_Source":"LED","Light_Type":"Cobra","Lighting_Type":"LED-Powered Lamp","Verification_Date":null},"id":"stl-city-public-streetlights:2:128768","sourceLayerId":2,"sourceObjectId":128768,"sourceURL":"https://maps8.stlouis-mo.gov/arcgis/rest/services/STREETS/Streets_Permitting/MapServer/2","title":"Street light L021484"},"type":"Feature"},{"geometry":{"coordinates":[-90.29665603160113,38.597040949703505],"type":"Point"},"id":"stl-city-public-streetlights:2:128769","properties":{"address":null,"attributes":{"Date_Installed":null,"LED_Powered":0,"LightID":"L021485","Light_Source":"LED","Light_Type":"Cobra","Lighting_Type":"LED-Powered Lamp","Verification_Date":null},"id":"stl-city-public-streetlights:2:128769","sourceLayerId":2,"sourceObjectId":128769,"sourceURL":"https://maps8.stlouis-mo.gov/arcgis/rest/services/STREETS/Streets_Permitting/MapServer/2","title":"Street light L021485"},"type":"Feature"},{"geometry":{"coordinates":[-90.29715158913629,38.597090435577094],"type":"Point"},"id":"stl-city-public-streetlights:2:128770","properties":{"address":null,"attributes":{"Date_Installed":null,"LED_Powered":0,"LightID":"L021486","Light_Source":"LED","Light_Type":"Cobra","Lighting_Type":"LED-Powered Lamp","Verification_Date":null},"id":"stl-city-public-streetlights:2:128770","sourceLayerId":2,"sourceObjectId":128770,"sourceURL":"https://maps8.stlouis-mo.gov/arcgis/rest/services/STREETS/Streets_Permitting/MapServer/2","title":"Street light L021486"},"type":"Feature"},{"geometry":{"coordinates":[-90.29753723352084,38.597125904099194],"type":"Point"},"id":"stl-city-public-streetlights:2:128771","properties":{"address":null,"attributes":{"Date_Installed":null,"LED_Powered":0,"LightID":"L021487","Light_Source":"LED","Light_Type":"Cobra","Lighting_Type":"LED-Powered Lamp","Verification_Date":null},"id":"stl-city-public-streetlights:2:128771","sourceLayerId":2,"sourceObjectId":128771,"sourceURL":"https://maps8.stlouis-mo.gov/arcgis/rest/services/STREETS/Streets_Permitting/MapServer/2","title":"Street light L021487"},"type":"Feature"},{"geometry":{"coordinates":[-90.29822348022893,38.5971959763294],"type":"Point"},"id":"stl-city-public-streetlights:2:128772","properties":{"address":null,"attributes":{"Date_Installed":null,"LED_Powered":0,"LightID":"L021488","Light_Source":"LED","Light_Type":"Cobra","Lighting_Type":"LED-Powered Lamp","Verification_Date":null},"id":"stl-city-public-streetlights:2:128772","sourceLayerId":2,"sourceObjectId":128772,"sourceURL":"https://maps8.stlouis-mo.gov/arcgis/rest/services/STREETS/Streets_Permitting/MapServer/2","title":"Street light L021488"},"type":"Feature"},{"geometry":{"coordinates":[-90.29874028490028,38.59725145153756],"type":"Point"},"id":"stl-city-public-streetlights:2:128773","properties":{"address":null,"attributes":{"Date_Installed":null,"LED_Powered":0,"LightID":"L021489","Light_Source":"LED","Light_Type":"Cobra","Lighting_Type":"LED-Powered Lamp","Verification_Date":null},"id":"stl-city-public-streetlights:2:128773","sourceLayerId":2,"sourceObjectId":128773,"sourceURL":"https://maps8.stlouis-mo.gov/arcgis/rest/services/STREETS/Streets_Permitting/MapServer/2","title":"Street light L021489"},"type":"Feature"},{"geometry":{"coordinates":[-90.29925589640077,38.59729953326401],"type":"Point"},"id":"stl-city-public-streetlights:2:128774","properties":{"address":null,"attributes":{"Date_Installed":null,"LED_Powered":0,"LightID":"L021490","Light_Source":"LED","Light_Type":"Cobra","Lighting_Type":"LED-Powered Lamp","Verification_Date":null},"id":"stl-city-public-streetlights:2:128774","sourceLayerId":2,"sourceObjectId":128774,"sourceURL":"https://maps8.stlouis-mo.gov/arcgis/rest/services/STREETS/Streets_Permitting/MapServer/2","title":"Street light L021490"},"type":"Feature"},{"geometry":{"coordinates":[-90.29975618694759,38.597346215341176],"type":"Point"},"id":"stl-city-public-streetlights:2:128775","properties":{"address":null,"attributes":{"Date_Installed":null,"LED_Powered":0,"LightID":"L021491","Light_Source":"LED","Light_Type":"Cobra","Lighting_Type":"LED-Powered Lamp","Verification_Date":null},"id":"stl-city-public-streetlights:2:128775","sourceLayerId":2,"sourceObjectId":128775,"sourceURL":"https://maps8.stlouis-mo.gov/arcgis/rest/services/STREETS/Streets_Permitting/MapServer/2","title":"Street light L021491"},"type":"Feature"}],"layerId":"city-streetlights","retrievedAt":"2026-09-13T21:56:18.173251+00:00","schema":"property-infrastructure-geojson-v1","sourceId":"stl-city-public-streetlights","tileId":"-9030_3859","type":"FeatureCollection"}